TF,Fast,Slow,Band,TP,SL,ROE,Trades,WinRate
15min,6,60,10,0.05,0.03,8.528499999999994,60,61.66666666666667
15min,6,60,20,0.05,0.03,8.054499999999962,57,61.40350877192983
15min,6,50,10,0.05,0.03,8.032500000000013,57,61.40350877192983
15min,9,26,10,0.05,0.03,8.029999999999987,49,65.3061224489796
15min,9,60,10,0.05,0.03,7.925499999999971,60,60.0
15min,6,26,20,0.05,0.03,7.828999999999979,45,66.66666666666666
15min,6,50,50,0.05,0.03,7.74499999999999,48,64.58333333333334
15min,9,60,20,0.05,0.03,7.687499999999986,56,60.71428571428571
15min,9,50,10,0.05,0.03,7.657499999999999,56,60.71428571428571
15min,6,26,10,0.05,0.03,7.632999999999996,51,62.745098039215684
15min,3,60,30,0.05,0.03,7.536499999999975,54,61.111111111111114
15min,6,15,20,0.05,0.03,7.468500000000006,41,68.29268292682927
15min,3,50,10,0.05,0.03,7.45450000000001,57,59.64912280701754
15min,3,60,20,0.05,0.03,7.445000000000007,57,59.64912280701754
15min,6,20,30,0.05,0.03,7.439999999999984,41,68.29268292682927
15min,6,20,20,0.05,0.03,7.407499999999985,44,65.9090909090909
15min,3,60,10,0.05,0.03,7.383500000000012,60,58.333333333333336
15min,6,50,20,0.05,0.03,7.330499999999971,55,60.0
15min,6,60,30,0.05,0.03,7.32849999999999,55,60.0
15min,3,20,30,0.05,0.03,7.289499999999989,42,66.66666666666666
15min,12,60,10,0.05,0.03,7.263499999999964,63,57.14285714285714
15min,3,26,30,0.05,0.03,7.233499999999977,45,64.44444444444444
15min,6,20,10,0.05,0.03,7.209499999999991,50,62.0
15min,6,50,30,0.05,0.03,7.207499999999982,53,60.37735849056604
15min,9,50,20,0.05,0.03,7.178499999999971,53,60.37735849056604
15min,6,26,30,0.05,0.03,7.15949999999998,45,64.44444444444444
15min,6,60,50,0.05,0.03,7.137499999999989,51,60.78431372549019
15min,6,15,30,0.05,0.03,7.11699999999999,40,67.5
15min,3,20,10,0.05,0.03,7.095000000000027,48,62.5
15min,3,15,10,0.05,0.03,7.081999999999994,48,62.5
15min,3,20,20,0.05,0.03,7.076000000000008,48,62.5
15min,6,15,10,0.05,0.03,7.074000000000012,48,62.5
15min,3,26,50,0.05,0.03,7.063499999999991,40,67.5
15min,12,50,10,0.05,0.03,6.996499999999969,59,57.6271186440678
15min,3,15,20,0.05,0.03,6.95550000000003,46,63.04347826086957
15min,3,50,20,0.05,0.03,6.937500000000028,54,59.25925925925925
15min,9,20,20,0.05,0.03,6.937499999999972,46,63.04347826086957
15min,3,10,10,0.05,0.03,6.932000000000002,46,63.04347826086957
15min,12,26,10,0.05,0.03,6.923999999999979,49,61.224489795918366
15min,6,26,50,0.05,0.03,6.923999999999964,41,65.85365853658537
15min,3,50,50,0.05,0.03,6.910499999999985,49,61.224489795918366
15min,3,26,20,0.05,0.03,6.872500000000032,49,61.224489795918366
15min,9,15,10,0.05,0.03,6.836499999999987,44,63.63636363636363
15min,6,26,50,0.05,0.02,6.812499999999943,44,59.09090909090909
15min,3,60,50,0.05,0.03,6.798499999999976,52,59.61538461538461
15min,9,20,30,0.05,0.03,6.760999999999981,42,64.28571428571429
15min,9,20,10,0.05,0.03,6.751499999999979,47,61.702127659574465
15min,9,50,30,0.05,0.03,6.744499999999988,50,60.0
15min,9,26,20,0.05,0.03,6.718999999999981,47,61.702127659574465
15min,12,60,20,0.05,0.03,6.69850000000001,58,56.896551724137936
15min,6,10,10,0.05,0.03,6.698000000000008,42,64.28571428571429
15min,3,26,10,0.05,0.03,6.657000000000039,50,60.0
15min,9,60,30,0.05,0.03,6.635999999999981,53,58.490566037735846
15min,3,50,30,0.05,0.03,6.616000000000014,53,58.490566037735846
15min,6,60,10,0.05,0.02,6.56249999999993,69,47.82608695652174
15min,9,15,20,0.05,0.03,6.554999999999993,40,65.0
15min,6,15,30,0.05,0.01,6.487499999999997,48,47.91666666666667
15min,12,20,10,0.05,0.03,6.485999999999947,48,60.416666666666664
15min,9,50,50,0.05,0.03,6.476499999999972,46,60.86956521739131
15min,6,20,20,0.05,0.02,6.451499999999953,50,54.0
15min,12,20,20,0.05,0.03,6.437999999999974,43,62.7906976744186
15min,6,15,20,0.05,0.02,6.429999999999978,47,55.319148936170215
15min,12,50,50,0.05,0.03,6.421499999999966,46,60.86956521739131
5min,9,15,10,0.05,0.03,6.404999999999958,64,54.6875
15min,9,20,30,0.05,0.02,6.396999999999962,47,55.319148936170215
15min,6,15,20,0.05,0.01,6.3840000000000146,56,42.857142857142854
15min,9,15,20,0.05,0.02,6.360999999999977,44,56.81818181818182
15min,3,20,50,0.05,0.03,6.335499999999997,38,65.78947368421053
15min,3,10,20,0.05,0.03,6.324000000000013,41,63.41463414634146
15min,6,60,10,0.03,0.03,6.313500000000019,75,68.0
15min,12,50,20,0.05,0.03,6.293499999999966,52,57.692307692307686
15min,6,20,50,0.05,0.03,6.280499999999989,36,66.66666666666666
15min,3,60,30,0.03,0.03,6.280000000000001,71,69.01408450704226
15min,6,10,10,0.05,0.01,6.273500000000013,57,42.10526315789473
15min,3,26,50,0.03,0.03,6.273499999999984,51,76.47058823529412
15min,3,60,10,0.03,0.03,6.266500000000022,79,67.08860759493672
15min,3,50,10,0.03,0.03,6.256500000000016,75,68.0
5min,12,60,50,0.05,0.03,6.234999999999957,62,54.83870967741935
15min,6,60,10,0.05,0.01,6.231999999999957,85,34.11764705882353
5min,12,60,20,0.05,0.03,6.231499999999954,78,51.28205128205128
5min,12,26,20,0.05,0.03,6.230499999999964,65,53.84615384615385
5min,12,50,20,0.05,0.03,6.211999999999918,73,52.054794520547944
5min,9,50,50,0.05,0.03,6.193999999999932,60,55.00000000000001
15min,3,15,50,0.05,0.03,6.191999999999979,36,66.66666666666666
15min,6,50,50,0.05,0.01,6.1754999999999995,63,39.682539682539684
15min,6,60,20,0.05,0.02,6.173499999999905,65,47.69230769230769
15min,6,50,50,0.05,0.02,6.169999999999959,55,50.90909090909091
15min,6,50,10,0.03,0.03,6.103000000000009,72,68.05555555555556
15min,6,20,50,0.05,0.02,6.100999999999971,39,58.97435897435898
15min,6,20,20,0.03,0.03,6.1000000000000085,56,73.21428571428571
15min,6,26,20,0.03,0.03,6.096500000000006,58,72.41379310344827
15min,6,60,50,0.05,0.02,6.096499999999935,59,49.152542372881356
5min,12,50,30,0.05,0.03,6.0939999999999515,71,52.112676056338024
15min,6,15,10,0.05,0.01,6.088500000000025,64,39.0625
5min,9,15,10,0.05,0.01,6.083500000000072,101,31.683168316831683
15min,12,50,30,0.05,0.03,6.082999999999956,53,56.60377358490566
15min,3,60,20,0.03,0.03,6.059500000000014,74,67.56756756756756
15min,6,15,20,0.03,0.03,6.059500000000014,52,75.0
15min,9,26,30,0.05,0.03,6.038499999999971,45,60.0
15min,6,26,20,0.05,0.02,6.021499999999946,53,50.943396226415096
15min,6,50,10,0.05,0.01,6.020999999999958,82,34.146341463414636
15min,6,20,20,0.05,0.01,6.003500000000017,61,39.34426229508197
15min,9,60,50,0.05,0.03,6.000999999999976,51,56.86274509803921
5min,12,60,20,0.05,0.02,5.9969999999999,93,41.935483870967744
5min,12,26,10,0.05,0.01,5.990000000000052,119,29.411764705882355
15min,6,20,50,0.05,0.01,5.987000000000009,43,48.837209302325576
15min,12,60,50,0.05,0.03,5.978999999999971,48,58.333333333333336
5min,9,60,50,0.05,0.03,5.97049999999993,61,54.09836065573771
15min,6,10,20,0.05,0.01,5.967500000000015,43,48.837209302325576
5min,12,50,50,0.05,0.01,5.963999999999984,81,34.5679012345679
15min,6,50,10,0.05,0.02,5.960499999999939,66,46.96969696969697
15min,9,60,10,0.05,0.02,5.949499999999944,70,45.714285714285715
5min,12,26,20,0.05,0.01,5.9475000000000335,99,31.313131313131315
15min,3,15,30,0.05,0.03,5.945999999999998,40,62.5
15min,9,15,10,0.05,0.01,5.94250000000001,62,38.70967741935484
5min,12,50,30,0.05,0.01,5.9339999999999975,105,30.476190476190478
15min,9,60,20,0.05,0.01,5.924499999999966,78,34.61538461538461
5min,12,50,30,0.05,0.02,5.919999999999902,84,42.857142857142854
5min,9,20,10,0.05,0.01,5.919500000000056,120,29.166666666666668
15min,6,60,20,0.03,0.03,5.919499999999999,71,67.6056338028169
5min,12,60,20,0.05,0.01,5.9125000000000085,120,29.166666666666668
5min,12,26,10,0.05,0.03,5.907999999999944,74,51.35135135135135
15min,9,15,20,0.05,0.01,5.902000000000001,50,44.0
5min,12,20,10,0.05,0.03,5.896499999999946,69,52.17391304347826
15min,6,20,30,0.05,0.01,5.891999999999996,56,41.07142857142857
5min,12,60,50,0.05,0.02,5.890499999999918,74,44.5945945945946
5min,12,60,50,0.05,0.01,5.886999999999972,88,32.95454545454545
15min,9,60,10,0.05,0.01,5.878499999999946,84,33.33333333333333
15min,12,60,30,0.05,0.03,5.873499999999964,54,55.55555555555556
15min,6,15,30,0.05,0.02,5.872999999999962,44,54.54545454545454
15min,3,26,30,0.03,0.03,5.872499999999988,59,71.1864406779661
15min,6,20,10,0.05,0.02,5.865999999999971,57,49.122807017543856
15min,6,20,30,0.03,0.03,5.864999999999981,49,75.51020408163265
15min,3,26,10,0.03,0.03,5.863500000000016,65,69.23076923076923
5min,6,26,20,0.05,0.03,5.852999999999952,69,52.17391304347826
15min,3,20,10,0.03,0.03,5.8515000000000015,63,69.84126984126983
15min,3,20,30,0.03,0.03,5.839499999999987,55,72.72727272727273
15min,3,50,20,0.03,0.03,5.828000000000017,71,67.6056338028169
5min,9,50,50,0.05,0.01,5.820500000000052,94,31.914893617021278
15min,3,10,10,0.03,0.03,5.818000000000012,59,71.1864406779661
5min,12,50,50,0.05,0.03,5.817499999999953,59,54.23728813559322
5min,12,26,20,0.05,0.02,5.808999999999912,78,43.58974358974359
15min,9,26,50,0.05,0.03,5.804499999999976,38,63.1578947368421
15min,6,15,10,0.05,0.02,5.802999999999997,54,50.0
15min,3,10,30,0.05,0.03,5.802499999999981,38,63.1578947368421
15min,3,10,30,0.05,0.01,5.794499999999985,52,42.30769230769231
15min,6,50,30,0.05,0.02,5.7794999999999135,61,47.540983606557376
15min,9,26,30,0.05,0.02,5.7789999999999395,51,50.98039215686274
15min,12,20,20,0.05,0.02,5.771999999999949,48,52.083333333333336
15min,6,26,20,0.05,0.01,5.771500000000003,64,37.5
15min,6,10,10,0.05,0.02,5.764999999999972,48,52.083333333333336
15min,6,60,20,0.05,0.01,5.763499999999937,80,33.75
5min,9,15,10,0.05,0.02,5.76149999999997,78,43.58974358974359
15min,9,26,10,0.05,0.01,5.753999999999991,69,36.231884057971016
5min,9,20,10,0.05,0.03,5.752499999999941,72,51.388888888888886
15min,6,10,20,0.05,0.03,5.742499999999978,36,63.888888888888886
15min,9,26,10,0.05,0.02,5.7399999999999665,58,48.275862068965516
15min,12,60,10,0.05,0.01,5.732499999999973,86,32.55813953488372
15min,6,20,30,0.05,0.02,5.729999999999961,48,52.083333333333336
5min,12,20,10,0.05,0.01,5.71550000000002,106,30.18867924528302
15min,6,50,30,0.05,0.01,5.714499999999944,75,34.66666666666667
15min,12,60,20,0.05,0.01,5.706499999999963,81,33.33333333333333
15min,12,26,50,0.05,0.03,5.703499999999977,36,63.888888888888886
5min,12,50,50,0.05,0.02,5.701999999999913,69,44.927536231884055
15min,6,26,50,0.05,0.01,5.700000000000003,53,41.509433962264154
15min,9,26,30,0.05,0.01,5.698499999999996,58,39.6551724137931
15min,6,20,10,0.05,0.01,5.694499999999991,69,36.231884057971016
15min,9,15,10,0.05,0.02,5.690499999999972,52,50.0
15min,9,50,10,0.05,0.01,5.686999999999955,81,33.33333333333333
15min,12,26,30,0.05,0.03,5.686499999999967,44,59.09090909090909
5min,6,15,10,0.05,0.03,5.67199999999994,75,50.66666666666667
15min,6,10,30,0.05,0.01,5.671000000000021,35,54.285714285714285
5min,12,60,30,0.05,0.02,5.652999999999864,89,41.57303370786517
5min,9,50,30,0.05,0.03,5.649999999999935,70,51.42857142857142
5min,12,60,30,0.05,0.01,5.645499999999984,114,28.947368421052634
15min,6,26,30,0.05,0.02,5.644999999999953,52,50.0
15min,9,26,10,0.03,0.03,5.642499999999984,60,70.0
5min,12,50,10,0.05,0.01,5.638000000000076,124,28.225806451612907
15min,3,50,30,0.03,0.03,5.635500000000022,70,67.14285714285714
15min,3,15,30,0.05,0.01,5.632499999999979,54,40.74074074074074
5min,9,20,20,0.05,0.03,5.62949999999995,60,53.333333333333336
15min,3,26,20,0.03,0.03,5.629000000000005,64,68.75
15min,3,20,20,0.03,0.03,5.628499999999988,62,69.35483870967742
5min,9,26,20,0.05,0.03,5.626499999999936,65,52.307692307692314
5min,9,26,10,0.05,0.01,5.621000000000095,124,28.225806451612907
15min,9,50,30,0.05,0.01,5.617499999999978,71,35.2112676056338
5min,9,50,10,0.05,0.01,5.616000000000113,130,27.692307692307693
5min,6,50,20,0.05,0.03,5.615999999999971,73,50.68493150684932
15min,12,26,30,0.05,0.02,5.615999999999943,49,51.02040816326531
15min,3,50,50,0.03,0.03,5.613000000000014,64,68.75
1min,6,50,10,0.05,0.02,5.60700000000007,165,35.15151515151515
5min,12,50,20,0.05,0.02,5.606499999999869,89,41.57303370786517
15min,3,15,10,0.03,0.03,5.6059999999999945,62,69.35483870967742
15min,9,20,10,0.05,0.02,5.598999999999961,56,48.214285714285715
15min,12,15,10,0.05,0.01,5.596499999999992,48,43.75
15min,12,20,20,0.05,0.01,5.594999999999985,54,40.74074074074074
15min,3,15,50,0.05,0.01,5.588999999999984,49,42.857142857142854
5min,12,50,10,0.05,0.03,5.586499999999944,76,50.0
15min,9,26,50,0.05,0.02,5.584999999999965,42,54.761904761904766
5min,9,60,50,0.05,0.01,5.5820000000000505,97,30.927835051546392
15min,6,26,10,0.05,0.02,5.571999999999974,59,47.45762711864407
5min,9,26,30,0.05,0.03,5.57199999999996,55,54.54545454545454
5min,6,60,50,0.05,0.03,5.56899999999996,63,52.38095238095239
15min,6,15,50,0.05,0.01,5.562500000000014,37,51.35135135135135
15min,12,50,10,0.05,0.01,5.559999999999974,82,32.926829268292686
5min,6,50,50,0.05,0.03,5.55149999999999,63,52.38095238095239
5min,9,26,10,0.05,0.03,5.550999999999959,73,50.68493150684932
15min,9,20,10,0.05,0.01,5.541999999999987,67,35.82089552238806
5min,12,26,10,0.05,0.02,5.536999999999935,93,40.86021505376344
15min,9,20,30,0.05,0.01,5.533000000000001,55,40.0
15min,6,60,30,0.05,0.01,5.53199999999994,77,33.76623376623377
15min,6,26,10,0.05,0.01,5.5249999999999915,71,35.2112676056338
15min,9,60,20,0.05,0.02,5.5229999999999535,66,45.45454545454545
15min,9,20,20,0.05,0.02,5.517999999999958,53,49.056603773584904
15min,9,50,50,0.05,0.02,5.5169999999999675,53,49.056603773584904
15min,6,26,30,0.05,0.01,5.511999999999986,61,37.704918032786885
15min,3,10,20,0.05,0.01,5.510499999999979,56,39.285714285714285
5min,12,60,10,0.05,0.03,5.5104999999999364,79,49.36708860759494
15min,9,20,20,0.05,0.01,5.506999999999977,61,37.704918032786885
15min,12,50,50,0.05,0.02,5.505499999999955,53,49.056603773584904
15min,9,50,50,0.05,0.01,5.496999999999986,61,37.704918032786885
15min,12,26,30,0.05,0.01,5.496499999999969,55,40.0
15min,9,50,10,0.05,0.02,5.492999999999967,66,45.45454545454545
15min,6,50,50,0.03,0.03,5.490000000000009,57,70.17543859649122
15min,6,60,50,0.05,0.01,5.485499999999959,73,34.24657534246575
15min,9,60,20,0.03,0.03,5.4809999999999945,69,66.66666666666666
15min,12,50,50,0.05,0.01,5.478499999999983,61,37.704918032786885
15min,6,26,30,0.03,0.03,5.469499999999982,53,71.69811320754717
15min,6,60,30,0.03,0.03,5.468500000000006,69,66.66666666666666
15min,9,50,30,0.05,0.02,5.46099999999997,60,46.666666666666664
5min,12,60,30,0.05,0.03,5.4609999999999275,74,50.0
15min,6,50,20,0.05,0.02,5.449499999999915,63,46.03174603174603
15min,9,50,10,0.03,0.03,5.4484999999999815,69,66.66666666666666
15min,12,20,30,0.05,0.03,5.446999999999974,37,62.16216216216216
5min,12,50,20,0.05,0.01,5.4459999999999695,116,28.448275862068968
5min,9,60,20,0.05,0.03,5.444999999999922,74,50.0
15min,9,20,10,0.03,0.03,5.444000000000003,59,69.49152542372882
15min,12,26,50,0.05,0.02,5.441999999999965,40,55.00000000000001
15min,6,50,30,0.03,0.03,5.438500000000019,67,67.16417910447761
5min,12,20,10,0.05,0.02,5.436999999999941,87,41.37931034482759
15min,6,20,10,0.03,0.03,5.4354999999999905,61,68.85245901639344
15min,6,26,10,0.03,0.03,5.4339999999999975,63,68.25396825396825
15min,9,60,10,0.03,0.03,5.429999999999978,73,65.75342465753424
15min,9,15,10,0.03,0.03,5.427500000000009,55,70.9090909090909
15min,3,20,50,0.05,0.01,5.426999999999978,51,41.17647058823529
5min,12,50,10,0.05,0.02,5.424499999999924,97,40.20618556701031
15min,6,50,20,0.05,0.01,5.420999999999935,78,33.33333333333333
5min,9,60,30,0.05,0.03,5.420499999999947,74,50.0
5min,12,60,10,0.05,0.01,5.418500000000094,127,27.559055118110237
15min,6,10,10,0.03,0.03,5.417500000000018,53,71.69811320754717
15min,3,15,20,0.03,0.03,5.406500000000008,59,69.49152542372882
15min,6,60,30,0.05,0.02,5.406499999999923,63,46.03174603174603
15min,9,20,50,0.05,0.01,5.400999999999996,39,48.717948717948715
15min,12,15,10,0.05,0.03,5.389999999999986,40,60.0
15min,12,50,20,0.05,0.01,5.385999999999967,74,33.78378378378378
15min,3,26,50,0.05,0.02,5.382999999999967,47,51.06382978723404
15min,3,50,10,0.05,0.02,5.380999999999929,67,44.776119402985074
15min,3,60,50,0.03,0.03,5.379499999999993,67,67.16417910447761
15min,12,26,10,0.05,0.01,5.3719999999999715,69,34.78260869565217
15min,3,60,20,0.05,0.02,5.3714999999999264,67,44.776119402985074
15min,12,15,10,0.05,0.02,5.370499999999964,44,52.27272727272727
15min,12,60,10,0.05,0.02,5.369999999999948,74,43.24324324324324
15min,12,26,20,0.05,0.03,5.3694999999999595,48,56.25
15min,3,20,50,0.03,0.03,5.368499999999997,47,74.46808510638297
5min,9,50,30,0.05,0.01,5.360000000000028,111,28.82882882882883
15min,3,10,10,0.05,0.01,5.346499999999992,63,36.507936507936506
5min,6,20,20,0.05,0.03,5.34449999999994,66,51.515151515151516
5min,6,50,10,0.05,0.03,5.341499999999897,82,48.78048780487805
15min,3,60,30,0.05,0.02,5.33699999999989,64,45.3125
15min,6,60,50,0.03,0.03,5.329500000000024,62,67.74193548387096
15min,12,26,20,0.05,0.01,5.328499999999991,63,36.507936507936506
15min,9,15,30,0.05,0.01,5.328000000000003,40,47.5
15min,9,26,10,0.02,0.03,5.324499999999972,71,78.87323943661971
15min,6,26,50,0.03,0.03,5.313499999999976,48,72.91666666666666
15min,3,60,10,0.05,0.02,5.299499999999938,71,43.66197183098591
5min,9,50,20,0.05,0.03,5.2994999999999095,72,50.0
15min,9,60,30,0.05,0.01,5.283999999999963,74,33.78378378378378
5min,12,26,30,0.05,0.03,5.283499999999975,47,57.446808510638306
15min,9,50,20,0.05,0.01,5.2799999999999585,75,33.33333333333333
15min,9,26,20,0.05,0.01,5.277499999999975,64,35.9375
15min,12,20,30,0.05,0.02,5.273999999999958,41,53.65853658536586
5min,9,60,30,0.05,0.01,5.268500000000017,118,27.966101694915253
15min,6,10,30,0.05,0.03,5.257999999999996,29,68.96551724137932
5min,6,50,30,0.05,0.03,5.2514999999998935,67,50.74626865671642
15min,3,20,20,0.05,0.02,5.245999999999981,54,48.148148148148145
15min,9,20,20,0.03,0.03,5.237499999999969,54,70.37037037037037
15min,3,60,10,0.05,0.01,5.237499999999969,87,31.03448275862069
5min,9,50,50,0.05,0.02,5.22649999999993,71,43.66197183098591
15min,6,50,20,0.03,0.03,5.2250000000000085,68,66.17647058823529
1min,6,60,10,0.05,0.03,5.222499999999997,136,43.38235294117647
15min,3,20,30,0.05,0.01,5.22199999999998,59,37.28813559322034
15min,3,15,30,0.05,0.02,5.219499999999954,45,51.11111111111111
15min,12,60,20,0.05,0.02,5.218999999999966,68,44.11764705882353
15min,3,50,50,0.05,0.02,5.216499999999911,58,46.55172413793103
1min,6,50,10,0.05,0.03,5.21299999999998,131,43.51145038167939
5min,9,50,20,0.05,0.01,5.211000000000055,123,27.64227642276423
5min,6,26,30,0.05,0.03,5.210499999999939,62,51.61290322580645
15min,6,15,10,0.03,0.03,5.201000000000008,58,68.96551724137932
5min,9,60,10,0.05,0.03,5.199499999999929,80,48.75
15min,3,50,50,0.05,0.01,5.195999999999955,71,33.80281690140845
5min,6,26,10,0.05,0.03,5.19249999999991,77,49.35064935064935
5min,6,20,10,0.05,0.03,5.18899999999995,77,49.35064935064935
15min,3,50,10,0.05,0.01,5.181499999999957,82,31.70731707317073
15min,12,26,10,0.05,0.02,5.170999999999935,59,45.76271186440678
15min,3,15,30,0.03,0.03,5.170500000000004,52,71.15384615384616
15min,3,10,20,0.03,0.03,5.156000000000006,54,70.37037037037037
15min,3,15,10,0.05,0.02,5.151999999999973,55,47.27272727272727
15min,3,10,30,0.03,0.03,5.150499999999994,50,72.0
15min,6,15,30,0.03,0.03,5.142499999999984,46,73.91304347826086
5min,9,60,20,0.05,0.01,5.141000000000062,124,27.419354838709676
15min,3,15,50,0.03,0.03,5.139999999999986,44,75.0
5min,12,60,10,0.05,0.02,5.1399999999999295,99,39.39393939393939
15min,9,26,50,0.05,0.01,5.136499999999998,48,41.66666666666667
5min,3,60,50,0.05,0.03,5.131499999999946,62,51.61290322580645
15min,3,15,10,0.05,0.01,5.124499999999998,66,34.84848484848485
15min,6,26,20,0.02,0.03,5.123999999999981,67,79.1044776119403
5min,9,26,20,0.05,0.01,5.120000000000061,108,28.703703703703702
15min,12,20,10,0.05,0.01,5.1194999999999595,66,34.84848484848485
5min,6,60,10,0.05,0.03,5.119499999999931,83,48.19277108433735
15min,3,20,20,0.05,0.01,5.118499999999997,66,34.84848484848485
5min,3,50,50,0.05,0.03,5.116499999999959,62,51.61290322580645
5min,9,60,10,0.05,0.01,5.107000000000127,131,26.717557251908396
15min,3,60,20,0.05,0.01,5.102499999999949,83,31.32530120481928
15min,12,60,50,0.05,0.01,5.093499999999963,66,34.84848484848485
5min,9,60,30,0.05,0.02,5.085999999999913,89,40.44943820224719
1min,12,50,10,0.05,0.03,5.080500000000043,127,44.09448818897638
15min,9,26,20,0.05,0.02,5.080499999999958,56,46.42857142857143
1min,9,50,10,0.05,0.03,5.079999999999984,128,43.75
5min,12,26,20,0.03,0.03,5.0789999999999225,81,62.96296296296296
15min,3,20,30,0.05,0.02,5.076499999999953,49,48.97959183673469
15min,12,26,20,0.05,0.02,5.076499999999939,56,46.42857142857143
5min,3,10,10,0.05,0.03,5.073999999999941,70,50.0
5min,9,50,10,0.05,0.03,5.05299999999994,78,48.717948717948715
15min,3,10,10,0.05,0.02,5.045999999999964,52,48.07692307692308
15min,3,15,20,0.05,0.02,5.0434999999999945,52,48.07692307692308
15min,3,26,50,0.05,0.01,5.039999999999992,56,37.5
15min,6,10,20,0.05,0.02,5.039499999999947,39,53.84615384615385
15min,3,15,20,0.05,0.01,5.038999999999987,62,35.483870967741936
15min,12,50,20,0.05,0.02,5.0384999999999565,63,44.44444444444444
15min,9,50,30,0.03,0.03,5.033000000000001,61,67.21311475409836
5min,12,60,50,0.03,0.03,5.032999999999902,77,63.63636363636363
15min,9,26,20,0.03,0.03,5.027999999999977,55,69.0909090909091
15min,6,15,50,0.05,0.03,5.017499999999984,31,64.51612903225806
15min,12,60,50,0.05,0.02,5.012499999999946,56,46.42857142857143
15min,6,15,20,0.02,0.03,5.0094999999999885,59,81.35593220338984
15min,9,50,20,0.03,0.03,5.0,65,66.15384615384615
15min,12,26,10,0.03,0.03,4.999499999999969,61,67.21311475409836
15min,9,50,20,0.05,0.02,4.999499999999941,63,44.44444444444444
15min,3,10,30,0.05,0.02,4.996499999999941,43,51.162790697674424
5min,12,60,50,0.02,0.03,4.996499999999898,103,70.87378640776699
15min,3,26,30,0.05,0.02,4.99549999999995,53,47.16981132075472
15min,12,26,50,0.05,0.01,4.992999999999981,44,43.18181818181818
15min,12,60,10,0.03,0.03,4.987999999999985,77,63.63636363636363
15min,9,60,30,0.05,0.02,4.987499999999969,63,44.44444444444444
15min,3,60,30,0.05,0.01,4.986999999999938,79,31.645569620253166
5min,9,20,20,0.05,0.01,4.973500000000058,94,29.78723404255319
15min,6,60,10,0.02,0.03,4.966000000000008,86,74.4186046511628
15min,3,20,10,0.05,0.01,4.958999999999989,68,33.82352941176471
15min,3,20,10,0.05,0.02,4.955999999999975,56,46.42857142857143
15min,12,50,10,0.05,0.02,4.955499999999958,70,42.857142857142854
0.5min,6,50,10,0.05,0.03,4.952000000000041,149,42.95302013422819
15min,6,10,30,0.05,0.02,4.947499999999977,32,59.375
5min,3,26,30,0.05,0.03,4.944999999999993,65,50.76923076923077
5min,9,15,10,0.02,0.03,4.9399999999999125,111,70.27027027027027
5min,9,60,50,0.05,0.02,4.933499999999924,73,42.465753424657535
5min,12,50,20,0.03,0.03,4.930999999999855,90,61.111111111111114
5min,9,20,20,0.05,0.02,4.927499999999938,70,42.857142857142854
15min,9,20,20,0.02,0.03,4.921999999999969,63,79.36507936507937
15min,12,20,30,0.05,0.01,4.916999999999987,45,42.22222222222222
15min,6,60,20,0.02,0.03,4.908499999999989,83,74.69879518072288
15min,6,20,20,0.02,0.03,4.907499999999985,63,79.36507936507937
15min,9,20,10,0.02,0.03,4.9059999999999775,68,77.94117647058823
5min,12,26,30,0.05,0.02,4.905999999999935,56,46.42857142857143
15min,6,50,10,0.02,0.03,4.893999999999991,83,74.69879518072288
15min,6,20,30,0.02,0.03,4.893999999999963,58,81.03448275862068
1min,6,60,10,0.05,0.02,4.877000000000109,173,34.104046242774565
15min,3,50,20,0.05,0.01,4.876999999999953,80,31.25
5min,9,20,10,0.05,0.02,4.873999999999924,87,40.229885057471265
15min,3,20,50,0.05,0.02,4.867499999999978,44,50.0
5min,9,50,30,0.05,0.02,4.867499999999922,84,40.476190476190474
1min,3,60,10,0.05,0.02,4.852500000000035,177,34.463276836158194
15min,3,26,30,0.05,0.01,4.8434999999999775,64,34.375
15min,9,60,50,0.05,0.01,4.836999999999961,70,32.857142857142854
5min,9,50,50,0.02,0.03,4.836499999999901,102,70.58823529411765
5min,3,60,30,0.05,0.03,4.820999999999955,71,49.29577464788733
15min,9,20,50,0.05,0.03,4.819999999999979,32,62.5
15min,12,60,20,0.03,0.03,4.816999999999993,72,63.888888888888886
15min,12,20,10,0.05,0.02,4.809999999999931,58,44.827586206896555
15min,3,26,20,0.05,0.01,4.808499999999995,70,32.857142857142854
15min,3,26,20,0.05,0.02,4.806499999999971,57,45.614035087719294
5min,6,26,20,0.05,0.01,4.798500000000018,112,27.67857142857143
5min,12,60,20,0.03,0.03,4.796499999999909,96,60.416666666666664
15min,12,20,10,0.03,0.03,4.794999999999945,56,67.85714285714286
15min,9,50,10,0.02,0.03,4.794499999999971,80,75.0
5min,12,60,20,0.02,0.03,4.792999999999907,131,67.93893129770993
15min,3,60,50,0.05,0.01,4.775999999999925,75,32.0
15min,6,15,50,0.05,0.02,4.772499999999965,34,55.88235294117647
5min,12,50,10,0.02,0.03,4.770499999999927,134,67.91044776119402
5min,6,60,30,0.05,0.03,4.766499999999937,72,48.61111111111111
5min,9,20,20,0.02,0.03,4.761999999999915,102,70.58823529411765
15min,12,50,10,0.03,0.03,4.759999999999977,72,63.888888888888886
15min,3,60,30,0.02,0.03,4.7594999999999885,80,75.0
5min,9,50,20,0.05,0.02,4.75699999999992,91,39.56043956043956
5min,12,50,20,0.02,0.03,4.7559999999998865,126,68.25396825396825
5min,9,26,20,0.05,0.02,4.750999999999948,81,40.74074074074074
15min,3,60,50,0.05,0.02,4.748999999999896,61,44.26229508196721
15min,3,50,20,0.05,0.02,4.746999999999943,64,43.75
15min,9,15,10,0.02,0.03,4.743999999999986,62,79.03225806451613
15min,3,26,30,0.02,0.03,4.740999999999971,67,77.61194029850746
5min,9,26,30,0.03,0.03,4.735999999999947,73,63.013698630136986
15min,12,26,10,0.02,0.03,4.725499999999954,72,76.38888888888889
5min,6,60,20,0.05,0.03,4.719499999999954,77,48.05194805194805
5min,9,60,50,0.02,0.03,4.719499999999911,104,70.1923076923077
15min,12,60,30,0.05,0.01,4.717999999999961,77,31.16883116883117
15min,3,26,50,0.02,0.03,4.710499999999968,57,80.7017543859649
5min,3,20,20,0.05,0.03,4.7094999999999345,69,49.275362318840585
15min,6,26,30,0.02,0.03,4.703999999999965,64,78.125
5min,12,26,20,0.02,0.03,4.703499999999934,111,69.36936936936937
15min,3,10,50,0.05,0.03,4.699499999999972,27,66.66666666666666
5min,9,26,10,0.05,0.02,4.698999999999941,88,39.77272727272727
5min,12,50,30,0.02,0.03,4.69799999999988,116,68.96551724137932
5min,3,50,10,0.05,0.03,4.696999999999903,82,47.5609756097561
1min,12,60,10,0.05,0.03,4.695000000000135,126,43.65079365079365
5min,12,60,10,0.02,0.03,4.690499999999915,141,67.37588652482269
5min,9,26,30,0.05,0.01,4.676500000000061,92,29.347826086956523
15min,9,60,20,0.02,0.03,4.6699999999999875,79,74.68354430379746
15min,3,10,50,0.05,0.01,4.652999999999992,32,50.0
5min,3,26,20,0.05,0.03,4.645499999999927,69,49.275362318840585
15min,3,15,50,0.05,0.02,4.644499999999965,42,50.0
5min,12,26,30,0.03,0.03,4.6394999999999555,62,66.12903225806451
5min,6,20,30,0.05,0.03,4.638999999999953,54,51.85185185185185
5min,12,26,10,0.02,0.03,4.637499999999875,128,67.96875
5min,12,50,30,0.03,0.03,4.636499999999899,87,60.91954022988506
15min,9,60,10,0.02,0.03,4.635499999999979,84,73.80952380952381
5min,6,50,50,0.05,0.01,4.62950000000005,99,28.28282828282828
15min,9,26,20,0.02,0.03,4.626999999999967,66,77.27272727272727
5min,3,26,10,0.05,0.03,4.6259999999999195,77,48.05194805194805
15min,3,50,30,0.05,0.01,4.624999999999943,78,30.76923076923077
15min,3,26,10,0.05,0.01,4.6229999999999905,72,31.944444444444443
15min,9,26,30,0.03,0.03,4.6219999999999715,53,67.9245283018868
15min,3,50,10,0.02,0.03,4.617499999999993,84,73.80952380952381
15min,6,20,10,0.02,0.03,4.615999999999971,71,76.05633802816901
5min,6,60,10,0.05,0.01,4.613500000000045,131,25.954198473282442
15min,6,60,30,0.02,0.03,4.606999999999985,81,74.07407407407408
15min,6,50,50,0.02,0.03,4.596499999999992,68,76.47058823529412
5min,12,20,10,0.02,0.03,4.590499999999892,118,68.64406779661016
15min,9,60,30,0.03,0.03,4.586999999999989,63,65.07936507936508
15min,9,20,30,0.03,0.03,4.582999999999984,47,70.2127659574468
15min,12,50,20,0.03,0.03,4.581999999999979,63,65.07936507936508
5min,12,50,50,0.03,0.03,4.579499999999925,73,63.013698630136986
5min,9,50,50,0.03,0.03,4.578999999999937,77,62.33766233766234
15min,9,15,30,0.05,0.03,4.577499999999986,33,60.60606060606061
15min,6,26,50,0.03,0.02,4.574499999999944,53,62.264150943396224
15min,3,20,30,0.02,0.03,4.569499999999977,61,78.68852459016394
15min,3,20,10,0.02,0.03,4.558499999999981,71,76.05633802816901
5min,9,60,20,0.05,0.02,4.555999999999912,92,39.130434782608695
5min,12,50,50,0.02,0.03,4.551499999999891,98,70.40816326530613
5min,9,50,10,0.05,0.02,4.549499999999924,96,38.54166666666667
15min,6,26,10,0.02,0.03,4.5464999999999804,73,75.34246575342466
5min,6,15,20,0.05,0.03,4.54399999999994,57,50.877192982456144
15min,12,50,30,0.05,0.01,4.539499999999947,74,31.08108108108108
15min,6,50,30,0.02,0.03,4.533499999999989,78,74.35897435897436
5min,3,50,30,0.05,0.03,4.527999999999963,67,49.25373134328358
5min,6,20,20,0.05,0.01,4.527000000000015,104,27.884615384615387
15min,12,20,10,0.02,0.03,4.522499999999937,68,76.47058823529412
15min,3,10,50,0.05,0.02,4.5159999999999485,29,58.620689655172406
15min,6,15,30,0.02,0.03,4.5084999999999695,53,81.13207547169812
5min,9,26,20,0.02,0.03,4.507499999999908,115,68.69565217391305
15min,9,20,50,0.05,0.02,4.490999999999971,36,52.77777777777778
15min,3,26,10,0.02,0.03,4.490499999999997,73,75.34246575342466
15min,6,26,50,0.02,0.03,4.487999999999971,55,80.0
15min,3,26,10,0.05,0.02,4.484499999999969,59,44.06779661016949
15min,3,60,10,0.02,0.03,4.483999999999995,88,72.72727272727273
15min,9,60,50,0.05,0.02,4.4804999999999495,60,43.333333333333336
15min,3,60,20,0.02,0.03,4.478999999999999,83,73.49397590361446
15min,3,50,50,0.02,0.03,4.469499999999982,73,75.34246575342466
15min,6,50,20,0.02,0.03,4.4669999999999845,80,73.75
1min,6,60,10,0.05,0.01,4.465500000000063,263,21.673003802281368
1min,9,60,10,0.05,0.03,4.451999999999998,131,42.74809160305343
15min,6,10,10,0.02,0.03,4.451499999999982,60,78.33333333333333
15min,6,60,10,0.03,0.02,4.448499999999939,83,54.21686746987952
15min,9,50,20,0.02,0.03,4.445499999999981,75,74.66666666666667
5min,6,50,20,0.05,0.01,4.445000000000064,117,26.495726495726498
15min,3,50,30,0.05,0.02,4.4254999999999285,63,42.857142857142854
5min,9,15,10,0.03,0.03,4.423999999999964,84,60.71428571428571
5min,3,10,20,0.05,0.03,4.412499999999966,52,51.92307692307693
15min,9,50,50,0.03,0.03,4.4114999999999895,54,66.66666666666666
15min,6,15,30,0.03,0.01,4.4065000000000225,55,52.72727272727272
5min,3,26,50,0.05,0.03,4.4044999999999845,50,52.0
15min,3,50,20,0.02,0.03,4.398999999999987,80,73.75
5min,6,15,10,0.05,0.02,4.390499999999918,87,39.08045977011494
15min,6,15,20,0.03,0.02,4.389499999999984,59,59.32203389830508
5min,12,60,20,0.02,0.02,4.385999999999896,162,58.0246913580247
15min,3,10,10,0.02,0.03,4.382999999999996,65,76.92307692307693
5min,12,20,10,0.03,0.03,4.381499999999917,88,60.22727272727273
5min,3,20,10,0.05,0.03,4.377499999999927,78,47.43589743589743
15min,9,15,20,0.03,0.03,4.369499999999988,44,70.45454545454545
5min,6,20,10,0.05,0.01,4.366500000000045,123,26.01626016260163
15min,6,60,50,0.02,0.03,4.366500000000002,74,74.32432432432432
5min,12,50,20,0.02,0.02,4.3624999999998835,156,58.333333333333336
5min,9,60,50,0.03,0.03,4.360999999999933,78,61.53846153846154
5min,6,15,10,0.05,0.01,4.3605000000000445,118,26.27118644067797
15min,12,50,50,0.03,0.03,4.356499999999983,54,66.66666666666666
5min,12,26,10,0.03,0.03,4.34899999999989,94,59.57446808510638
5min,6,50,10,0.05,0.01,4.346000000000075,129,25.581395348837212
15min,9,15,30,0.05,0.02,4.3364999999999725,37,51.35135135135135
15min,3,26,20,0.02,0.03,4.335999999999984,72,75.0
1min,9,50,10,0.05,0.02,4.333000000000055,163,33.74233128834356
5min,9,26,10,0.02,0.03,4.331499999999892,129,67.44186046511628
15min,6,60,20,0.03,0.02,4.33049999999993,79,54.43037974683544
15min,9,20,30,0.02,0.03,4.321499999999986,54,79.62962962962963
15min,3,10,20,0.05,0.02,4.320999999999955,47,46.808510638297875
5min,6,26,10,0.05,0.01,4.319500000000033,124,25.806451612903224
5min,6,50,50,0.05,0.02,4.31599999999996,71,40.845070422535215
15min,3,60,50,0.02,0.03,4.315499999999972,77,74.02597402597402
5min,12,50,10,0.02,0.02,4.31399999999995,166,57.831325301204814
15min,6,20,50,0.03,0.03,4.313499999999991,40,72.5
5min,6,26,20,0.05,0.02,4.312499999999972,81,39.50617283950617
15min,9,26,30,0.02,0.03,4.301999999999964,61,77.04918032786885
5min,3,15,10,0.05,0.03,4.296499999999938,76,47.368421052631575
5min,3,60,10,0.05,0.03,4.284499999999909,84,46.42857142857143
1min,6,50,10,0.05,0.01,4.279000000000039,256,21.484375
15min,12,20,20,0.03,0.03,4.275999999999982,48,68.75
15min,9,50,30,0.02,0.03,4.270499999999984,71,74.64788732394366
5min,6,26,20,0.02,0.03,4.269999999999882,118,67.79661016949152
5min,3,20,30,0.05,0.03,4.268999999999963,63,49.2063492063492
15min,3,50,30,0.02,0.03,4.2664999999999935,79,73.41772151898735
5min,6,60,50,0.05,0.01,4.254000000000019,104,26.923076923076923
5min,6,50,30,0.02,0.03,4.2464999999999264,118,67.79661016949152
5min,12,60,30,0.02,0.03,4.244499999999846,120,67.5
5min,12,60,30,0.03,0.03,4.243999999999872,91,59.34065934065934
5min,6,50,50,0.02,0.03,4.236999999999952,103,68.93203883495146
5min,12,60,50,0.03,0.01,4.234999999999928,121,38.01652892561984
15min,6,15,10,0.02,0.03,4.233499999999992,66,75.75757575757575
5min,12,26,30,0.05,0.01,4.232500000000002,68,32.35294117647059
15min,9,15,20,0.02,0.03,4.2309999999999945,51,80.3921568627451
5min,9,26,50,0.05,0.03,4.222999999999985,39,56.41025641025641
5min,9,26,30,0.05,0.02,4.220999999999933,68,41.17647058823529
5min,12,60,10,0.03,0.03,4.215499999999892,101,58.415841584158414
0.5min,9,60,10,0.05,0.03,4.213000000000051,139,42.44604316546763
5min,6,50,20,0.02,0.03,4.206499999999934,125,67.2
5min,12,50,10,0.03,0.03,4.202499999999901,97,58.76288659793815
5min,9,26,30,0.02,0.03,4.201999999999927,98,69.38775510204081
5min,9,20,20,0.03,0.03,4.199499999999972,77,61.038961038961034
5min,12,20,20,0.05,0.03,4.194499999999962,47,53.191489361702125
5min,9,20,10,0.02,0.03,4.191499999999877,125,67.2
5min,3,50,20,0.05,0.03,4.1764999999999475,74,47.2972972972973
15min,6,50,10,0.03,0.02,4.172999999999931,80,53.75
5min,3,15,20,0.05,0.03,4.166999999999945,66,48.484848484848484
5min,12,60,10,0.02,0.02,4.166499999999957,173,57.22543352601156
15min,12,60,30,0.03,0.03,4.155999999999992,65,63.07692307692307
15min,6,20,20,0.03,0.02,4.1549999999999585,63,57.14285714285714
5min,6,26,10,0.02,0.03,4.151499999999899,133,66.9172932330827
15min,12,60,20,0.02,0.03,4.139999999999986,83,72.28915662650603
15min,12,60,30,0.05,0.02,4.13749999999996,66,40.909090909090914
5min,12,20,10,0.03,0.01,4.13600000000001,140,36.42857142857142
15min,12,60,50,0.03,0.03,4.131999999999991,57,64.91228070175438
5min,9,60,10,0.05,0.02,4.1284999999999314,99,37.37373737373738
1min,12,60,10,0.05,0.02,4.12100000000018,163,33.74233128834356
15min,12,50,10,0.02,0.03,4.118499999999969,83,72.28915662650603
5min,12,26,10,0.02,0.02,4.11499999999991,160,57.49999999999999
15min,3,20,20,0.02,0.03,4.114499999999978,68,75.0
15min,9,26,50,0.03,0.03,4.1089999999999804,43,69.76744186046511
15min,3,15,10,0.02,0.03,4.106999999999985,68,75.0
15min,12,60,10,0.02,0.03,4.106499999999983,88,71.5909090909091
5min,6,50,30,0.05,0.01,4.102000000000032,110,26.36363636363636
15min,3,20,50,0.02,0.03,4.098999999999975,53,79.24528301886792
15min,12,20,20,0.02,0.03,4.081999999999965,55,78.18181818181819
5min,6,60,50,0.02,0.03,4.0774999999999295,107,68.22429906542055
1min,3,60,20,0.05,0.03,4.075000000000003,125,42.4
15min,6,15,20,0.03,0.01,4.0610000000000355,64,46.875
15min,9,15,20,0.03,0.02,4.058999999999955,49,61.224489795918366
15min,6,10,20,0.03,0.03,4.050499999999985,41,70.73170731707317
15min,3,10,30,0.02,0.03,4.043499999999966,55,78.18181818181819
15min,3,15,50,0.02,0.03,4.040999999999968,50,80.0
5min,12,26,10,0.03,0.01,4.039999999999978,157,35.03184713375796
15min,3,15,20,0.02,0.03,4.034999999999997,65,75.38461538461539
15min,9,50,50,0.02,0.03,4.03149999999998,62,75.80645161290323
5min,12,60,50,0.02,0.02,4.031499999999895,129,58.91472868217055
15min,3,10,20,0.02,0.03,4.024499999999989,60,76.66666666666667
5min,6,26,30,0.02,0.03,4.022999999999897,107,68.22429906542055
15min,9,60,50,0.03,0.03,4.019999999999996,60,63.33333333333333
5min,9,60,30,0.02,0.03,4.01799999999993,121,66.94214876033058
15min,6,20,50,0.03,0.02,4.017499999999956,44,63.63636363636363
5min,6,60,50,0.03,0.03,4.01449999999997,78,60.256410256410255
5min,12,60,50,0.02,0.01,4.013999999999953,149,45.63758389261745
5min,12,20,20,0.03,0.03,4.005999999999943,63,63.49206349206349
5min,6,60,50,0.05,0.02,4.004499999999922,73,39.726027397260275
15min,3,60,10,0.03,0.02,3.999499999999955,86,52.32558139534884
5min,6,50,50,0.03,0.03,3.998999999999995,78,60.256410256410255
15min,12,15,20,0.05,0.03,3.995999999999981,19,73.68421052631578
5min,6,50,20,0.05,0.02,3.994999999999962,87,37.93103448275862
5min,12,20,20,0.05,0.02,3.993499999999941,59,42.3728813559322
5min,12,50,30,0.02,0.02,3.9804999999998927,145,57.931034482758626
5min,6,50,10,0.05,0.02,3.977499999999892,97,37.11340206185567
1min,12,60,20,0.05,0.03,3.9765000000000152,106,43.39622641509434
1min,6,60,20,0.05,0.03,3.9765000000000015,116,43.103448275862064
15min,12,50,50,0.02,0.03,3.976499999999973,62,75.80645161290323
15min,9,60,30,0.02,0.03,3.9694999999999823,74,72.97297297297297
15min,3,15,30,0.02,0.03,3.9674999999999723,57,77.19298245614034
15min,12,50,30,0.03,0.03,3.9674999999999723,62,62.903225806451616
5min,12,60,20,0.02,0.01,3.9639999999999844,198,42.92929292929293
5min,12,60,10,0.02,0.01,3.961000000000069,209,42.58373205741627
1min,3,60,10,0.05,0.03,3.95950000000002,143,41.25874125874126
15min,3,10,10,0.03,0.02,3.95799999999997,64,56.25
5min,9,50,20,0.02,0.03,3.9564999999999206,126,66.66666666666666
15min,9,10,10,0.05,0.01,3.956000000000003,17,70.58823529411765
5min,12,26,20,0.02,0.02,3.9544999999999395,141,58.156028368794324
15min,12,26,20,0.03,0.03,3.95299999999996,56,64.28571428571429
15min,6,10,10,0.03,0.01,3.9505000000000337,65,46.15384615384615
15min,9,10,10,0.05,0.03,3.950499999999991,14,85.71428571428571
15min,12,50,20,0.02,0.03,3.947999999999965,74,72.97297297297297
5min,6,20,20,0.05,0.02,3.9419999999999504,77,38.961038961038966
5min,9,60,20,0.02,0.03,3.93849999999992,131,66.41221374045801
5min,9,60,10,0.02,0.03,3.936499999999924,141,65.95744680851064
5min,9,50,50,0.03,0.01,3.9360000000000213,125,36.8
5min,6,20,10,0.05,0.02,3.932999999999922,90,37.77777777777778
15min,9,26,50,0.02,0.03,3.9314999999999714,49,79.59183673469387
15min,12,15,20,0.05,0.01,3.92949999999999,23,56.52173913043478
15min,6,20,30,0.03,0.02,3.9279999999999546,57,57.89473684210527
15min,12,50,30,0.05,0.02,3.9229999999999308,64,40.625
15min,9,10,10,0.05,0.02,3.918499999999994,15,80.0
5min,12,20,10,0.02,0.02,3.9184999999999235,149,57.71812080536913
1min,6,50,10,0.03,0.03,3.9174999999999613,185,54.054054054054056
5min,12,26,20,0.03,0.01,3.9110000000000014,133,36.09022556390977
1min,6,60,10,0.03,0.03,3.9014999999999986,189,53.96825396825397
1min,3,50,10,0.05,0.03,3.90000000000002,139,41.726618705035975
5min,12,26,10,0.02,0.01,3.898500000000013,192,43.22916666666667
15min,6,15,30,0.03,0.02,3.8969999999999483,52,59.61538461538461
5min,3,15,30,0.05,0.03,3.8954999999999984,52,50.0
5min,6,26,30,0.05,0.01,3.8870000000000573,102,26.47058823529412
15min,12,26,30,0.03,0.03,3.8869999999999716,50,66.0
5min,9,50,30,0.02,0.03,3.8814999999999316,118,66.94915254237289
15min,6,60,30,0.03,0.02,3.8794999999999367,77,53.246753246753244
15min,9,15,50,0.05,0.01,3.8744999999999976,18,66.66666666666666
5min,6,50,10,0.02,0.03,3.8694999999999027,138,65.94202898550725
5min,6,20,20,0.02,0.03,3.862999999999886,111,67.56756756756756
15min,3,50,10,0.03,0.02,3.8614999999999498,82,52.4390243902439
15min,6,20,50,0.03,0.01,3.860000000000028,47,53.191489361702125
15min,6,60,50,0.03,0.02,3.858999999999966,70,54.285714285714285
15min,6,10,10,0.03,0.02,3.85299999999998,60,56.666666666666664
5min,6,20,30,0.02,0.03,3.849999999999923,91,69.23076923076923
5min,12,60,50,0.03,0.02,3.8449999999998568,100,50.0
1min,6,50,10,0.02,0.03,3.8430000000000035,245,62.857142857142854
15min,6,20,50,0.02,0.03,3.8419999999999845,46,80.43478260869566
15min,6,60,10,0.03,0.01,3.8404999999999774,93,39.784946236559136
1min,6,60,20,0.05,0.02,3.8394999999999726,140,34.285714285714285
5min,9,15,10,0.02,0.02,3.8369999999999753,135,58.51851851851851
5min,12,50,10,0.02,0.01,3.830000000000041,202,42.57425742574257
5min,12,50,30,0.03,0.01,3.827499999999958,142,35.2112676056338
5min,6,20,10,0.02,0.03,3.8209999999999273,131,66.41221374045801
15min,6,20,30,0.03,0.01,3.8110000000000213,63,46.03174603174603
15min,6,15,10,0.03,0.02,3.8069999999999737,65,55.38461538461539
5min,6,26,10,0.05,0.02,3.8069999999999027,91,37.362637362637365
5min,12,50,50,0.03,0.01,3.799999999999955,107,38.31775700934579
5min,12,26,20,0.02,0.01,3.79500000000003,166,43.97590361445783
15min,6,50,30,0.03,0.02,3.7939999999999396,75,53.333333333333336
15min,3,10,10,0.03,0.01,3.793000000000006,71,43.66197183098591
5min,9,26,20,0.02,0.02,3.78799999999994,146,57.534246575342465
5min,12,26,30,0.02,0.03,3.783499999999947,80,71.25
15min,9,20,30,0.03,0.02,3.7829999999999586,53,58.490566037735846
5min,9,50,10,0.02,0.03,3.7794999999999273,135,65.92592592592592
15min,6,50,10,0.03,0.01,3.7714999999999748,90,40.0
15min,9,15,50,0.05,0.02,3.770499999999984,16,75.0
15min,12,26,30,0.02,0.03,3.769499999999965,58,75.86206896551724
15min,3,10,20,0.03,0.01,3.7630000000000052,64,45.3125
15min,12,26,20,0.02,0.03,3.761499999999955,65,73.84615384615385
15min,3,60,30,0.03,0.02,3.7589999999999293,78,52.56410256410257
15min,6,15,50,0.03,0.01,3.756000000000043,41,56.09756097560976
1min,6,60,10,0.02,0.03,3.7559999999999856,257,62.64591439688716
15min,9,60,10,0.03,0.02,3.755499999999927,83,51.80722891566265
5min,6,26,20,0.03,0.03,3.7504999999999593,87,58.620689655172406
5min,9,60,20,0.03,0.03,3.747499999999903,97,57.73195876288659
15min,3,10,30,0.03,0.01,3.7465000000000117,60,46.666666666666664
5min,9,50,30,0.03,0.03,3.7464999999999264,87,58.620689655172406
0.5min,9,50,10,0.05,0.03,3.742500000000007,135,42.22222222222222
15min,6,15,10,0.03,0.01,3.7405000000000257,71,43.66197183098591
1min,6,50,10,0.02,0.02,3.7385000000000868,305,53.442622950819676
15min,9,15,50,0.05,0.03,3.7369999999999806,15,80.0
5min,12,60,20,0.03,0.01,3.7314999999999543,161,34.161490683229815
15min,6,10,20,0.03,0.01,3.7285000000000257,49,51.02040816326531
15min,12,20,50,0.05,0.01,3.7284999999999973,20,60.0
15min,6,26,20,0.03,0.02,3.724999999999952,66,54.54545454545454
5min,9,50,50,0.02,0.02,3.719999999999899,131,58.01526717557252
1min,12,50,20,0.05,0.03,3.7175000000000584,94,43.61702127659575
5min,9,60,50,0.03,0.01,3.6975000000000193,128,35.9375
1min,12,50,10,0.05,0.02,3.695000000000121,162,33.33333333333333
5min,9,50,50,0.02,0.01,3.693000000000012,153,44.44444444444444
5min,12,50,20,0.02,0.01,3.691999999999979,191,42.40837696335078
5min,12,50,10,0.03,0.01,3.691500000000019,165,33.939393939393945
5min,6,60,20,0.05,0.01,3.6865000000000663,121,24.793388429752067
5min,9,26,20,0.03,0.03,3.68599999999995,85,58.82352941176471
1min,3,60,20,0.03,0.03,3.6850000000000307,183,53.551912568306015
5min,9,60,50,0.02,0.02,3.682499999999905,133,57.89473684210527
5min,12,60,20,0.03,0.02,3.6824999999998624,123,47.96747967479675
5min,9,26,10,0.02,0.02,3.681499999999957,162,56.79012345679012
15min,6,20,20,0.03,0.01,3.680500000000038,69,43.47826086956522
5min,6,15,10,0.02,0.03,3.6784999999999144,125,66.4
1min,9,60,10,0.05,0.02,3.676000000000115,170,32.94117647058823
1min,9,50,10,0.05,0.01,3.6709999999999776,251,21.115537848605577
15min,9,15,20,0.03,0.01,3.669000000000011,54,48.148148148148145
15min,6,10,20,0.02,0.03,3.668499999999966,47,78.72340425531915
15min,12,60,50,0.02,0.03,3.6679999999999784,65,73.84615384615385
5min,12,26,20,0.03,0.02,3.6679999999998785,106,49.056603773584904
5min,6,15,30,0.05,0.03,3.666999999999973,42,52.38095238095239
15min,3,60,20,0.03,0.02,3.664499999999947,81,51.85185185185185
15min,9,60,20,0.03,0.02,3.658999999999949,79,51.89873417721519
0.5min,6,50,10,0.02,0.03,3.6570000000001386,265,61.886792452830186
0.5min,6,60,10,0.05,0.03,3.6565000000000367,157,41.40127388535032
15min,9,15,10,0.03,0.02,3.6499999999999777,64,54.6875
5min,6,50,30,0.05,0.02,3.6414999999999367,82,37.80487804878049
15min,6,60,20,0.03,0.01,3.6404999999999745,88,39.77272727272727
15min,6,10,30,0.03,0.01,3.6385000000000502,38,57.89473684210527
15min,6,50,20,0.03,0.02,3.6359999999999384,76,52.63157894736842
15min,12,26,50,0.03,0.03,3.6270000000000095,41,68.29268292682927
15min,9,50,10,0.03,0.02,3.626499999999936,79,51.89873417721519
5min,6,60,30,0.05,0.01,3.6245000000000402,116,25.0
5min,12,20,10,0.02,0.01,3.623500000000036,175,43.42857142857143
5min,12,50,30,0.02,0.01,3.62299999999999,175,42.857142857142854
5min,9,20,20,0.02,0.02,3.6214999999999407,125,58.4
15min,3,20,50,0.03,0.01,3.6210000000000098,58,46.55172413793103
15min,9,15,10,0.03,0.01,3.61950000000003,70,42.857142857142854
15min,9,60,10,0.03,0.01,3.6154999999999546,92,39.130434782608695
15min,6,20,10,0.03,0.02,3.6114999999999493,69,53.62318840579711
5min,12,50,50,0.03,0.02,3.6109999999998763,89,50.56179775280899
15min,3,15,20,0.03,0.02,3.6074999999999733,64,54.6875
5min,12,20,20,0.05,0.01,3.6055000000000206,71,29.577464788732392
5min,12,60,10,0.03,0.01,3.60450000000003,170,33.52941176470588
15min,3,26,50,0.03,0.02,3.599999999999966,57,56.14035087719298
0.5min,9,60,10,0.05,0.02,3.5995000000000346,169,32.544378698224854
5min,9,60,50,0.02,0.01,3.59950000000002,157,43.94904458598726
5min,12,26,50,0.05,0.03,3.5979999999999706,31,58.06451612903226
5min,6,50,20,0.03,0.03,3.595999999999961,92,57.608695652173914
5min,3,60,50,0.03,0.03,3.5944999999999254,80,58.75
5min,6,60,10,0.02,0.03,3.588999999999899,141,65.24822695035462
15min,6,26,30,0.03,0.02,3.5869999999999465,62,54.83870967741935
0.5min,12,60,10,0.05,0.03,3.5865000000000724,133,41.35338345864661
0.5min,3,50,20,0.05,0.03,3.58649999999993,130,41.53846153846154
15min,3,15,30,0.03,0.01,3.5845000000000056,62,45.16129032258064
5min,6,26,50,0.05,0.03,3.5844999999999487,48,50.0
15min,3,10,50,0.03,0.03,3.5839999999999894,31,74.19354838709677
15min,3,15,30,0.03,0.02,3.5824999999999676,57,56.14035087719298
15min,3,15,50,0.03,0.01,3.566500000000005,55,47.27272727272727
15min,9,50,10,0.03,0.01,3.5659999999999603,89,39.325842696629216
5min,6,60,10,0.05,0.02,3.5649999999999125,100,36.0
15min,12,15,20,0.05,0.02,3.563999999999979,21,61.904761904761905
5min,6,20,20,0.03,0.03,3.5639999999999503,84,58.333333333333336
5min,6,26,30,0.03,0.03,3.5614999999999815,80,58.75
5min,6,60,30,0.02,0.03,3.555499999999924,123,65.85365853658537
15min,3,20,20,0.03,0.02,3.5539999999999594,67,53.73134328358209
15min,6,26,50,0.03,0.01,3.5525000000000375,59,45.76271186440678
5min,9,20,30,0.05,0.03,3.54599999999995,42,52.38095238095239
5min,6,50,30,0.03,0.03,3.5459999999999354,86,58.139534883720934
15min,6,60,30,0.03,0.01,3.541499999999985,85,40.0
5min,12,50,30,0.03,0.02,3.537999999999883,112,48.214285714285715
15min,3,15,10,0.03,0.02,3.531499999999966,67,53.73134328358209
15min,3,60,10,0.03,0.01,3.5309999999999917,97,38.144329896907216
15min,12,50,30,0.02,0.03,3.529999999999958,71,71.83098591549296
5min,12,60,30,0.02,0.02,3.5289999999998543,150,56.666666666666664
5min,9,20,10,0.02,0.01,3.524500000000017,188,42.5531914893617
1min,6,60,10,0.02,0.02,3.521500000000117,319,52.97805642633229
15min,9,15,30,0.03,0.01,3.5215000000000316,44,52.27272727272727
5min,6,60,20,0.05,0.02,3.5204999999999274,90,36.666666666666664
1min,9,60,10,0.05,0.01,3.519500000000065,265,20.754716981132077
1min,6,50,10,0.03,0.02,3.5180000000000295,231,44.15584415584416
5min,9,26,50,0.03,0.03,3.509999999999977,53,64.15094339622641
15min,12,60,30,0.02,0.03,3.508999999999972,76,71.05263157894737
5min,9,20,10,0.02,0.02,3.5084999999999553,158,56.32911392405063
15min,12,20,50,0.05,0.03,3.5079999999999814,16,75.0
5min,9,26,10,0.02,0.01,3.5045000000000353,194,42.2680412371134
5min,9,60,30,0.03,0.03,3.4999999999999436,92,57.608695652173914
5min,12,20,10,0.03,0.02,3.4944999999998885,112,48.214285714285715
5min,12,50,20,0.03,0.02,3.4884999999998314,117,47.863247863247864
15min,9,26,10,0.03,0.02,3.4879999999999427,70,52.85714285714286
0.5min,3,26,10,0.05,0.03,3.4875000000000824,147,39.455782312925166
15min,6,50,50,0.03,0.01,3.4860000000000326,71,42.25352112676056
5min,9,50,20,0.02,0.02,3.484999999999942,158,56.32911392405063
15min,3,10,30,0.03,0.02,3.482999999999961,55,56.36363636363636
15min,3,20,30,0.03,0.02,3.4819999999999567,60,55.00000000000001
1min,6,20,10,0.05,0.03,3.481500000000011,110,41.81818181818181
15min,12,20,50,0.05,0.02,3.4809999999999808,18,66.66666666666666
5min,3,60,20,0.05,0.03,3.479999999999933,80,45.0
15min,9,60,50,0.02,0.03,3.47499999999998,68,72.05882352941177
0.5min,3,60,10,0.05,0.02,3.4700000000000704,200,32.0
15min,12,15,10,0.03,0.01,3.4695000000000107,52,48.07692307692308
15min,3,20,50,0.03,0.02,3.46899999999998,53,56.60377358490566
1min,12,50,20,0.03,0.03,3.4595000000000056,129,55.03875968992248
15min,9,60,20,0.03,0.01,3.458999999999989,87,39.08045977011494
15min,9,20,20,0.03,0.02,3.4589999999999463,63,53.96825396825397
15min,6,26,20,0.03,0.01,3.4485000000000237,72,41.66666666666667
15min,12,60,20,0.03,0.01,3.4344999999999857,91,38.46153846153847
0.5min,12,50,10,0.05,0.03,3.431000000000026,131,41.221374045801525
15min,6,26,30,0.03,0.01,3.4310000000000116,68,42.64705882352941
5min,9,15,10,0.03,0.01,3.426500000000033,130,35.38461538461539
5min,6,50,30,0.02,0.02,3.4264999999999617,146,56.849315068493155
15min,9,20,20,0.03,0.01,3.426000000000002,68,42.64705882352941
5min,12,60,30,0.03,0.01,3.425999999999945,151,33.77483443708609
15min,6,50,30,0.03,0.01,3.4234999999999896,83,39.75903614457831
15min,12,15,10,0.03,0.03,3.422999999999988,44,65.9090909090909
5min,6,20,30,0.05,0.01,3.4215000000000653,86,26.744186046511626
1min,6,50,20,0.05,0.03,3.4210000000000207,108,42.592592592592595
5min,9,60,10,0.02,0.01,3.418000000000106,210,41.42857142857143
1min,3,50,10,0.05,0.02,3.4180000000000916,175,32.57142857142858
15min,12,60,10,0.03,0.02,3.417999999999935,88,50.0
5min,12,20,30,0.05,0.03,3.416499999999999,32,56.25
15min,9,26,50,0.03,0.02,3.415499999999952,48,58.333333333333336
5min,6,15,10,0.03,0.03,3.410999999999973,94,57.446808510638306
15min,6,10,50,0.05,0.01,3.408000000000015,13,76.92307692307693
0.5min,3,60,20,0.05,0.03,3.407499999999942,131,41.221374045801525
15min,9,26,10,0.03,0.01,3.4059999999999917,76,40.78947368421053
5min,12,50,20,0.03,0.01,3.4039999999999537,155,33.5483870967742
5min,12,50,50,0.02,0.01,3.4029999999999347,129,45.73643410852713
15min,6,10,30,0.03,0.03,3.399000000000015,31,74.19354838709677
5min,9,20,10,0.03,0.03,3.395999999999958,92,57.608695652173914
5min,9,50,30,0.02,0.02,3.3939999999999344,147,56.4625850340136
0.5min,3,50,20,0.05,0.02,3.3934999999999467,151,33.11258278145696
15min,6,15,50,0.03,0.03,3.3845000000000027,34,70.58823529411765
5min,9,20,30,0.05,0.01,3.3825000000000354,68,29.411764705882355
5min,6,10,10,0.05,0.03,3.3774999999999835,59,47.45762711864407
1min,6,60,10,0.03,0.02,3.3765000000000356,235,43.829787234042556
5min,3,60,50,0.02,0.03,3.3749999999998717,105,66.66666666666666
15min,6,60,20,0.02,0.02,3.372499999999946,88,62.5
15min,6,50,50,0.03,0.02,3.3694999999999595,66,53.03030303030303
5min,6,10,10,0.05,0.01,3.3675000000000352,86,26.744186046511626
5min,9,60,30,0.02,0.02,3.364499999999922,151,56.29139072847682
15min,6,60,10,0.02,0.02,3.3594999999999544,92,61.95652173913043
15min,3,50,20,0.03,0.02,3.3569999999999567,78,51.28205128205128
5min,9,15,10,0.02,0.01,3.3490000000000326,157,43.94904458598726
15min,12,26,30,0.03,0.01,3.349000000000004,61,44.26229508196721
15min,6,20,10,0.03,0.01,3.346499999999992,76,40.78947368421053
5min,12,20,20,0.02,0.03,3.3429999999999467,80,70.0
5min,9,60,20,0.02,0.01,3.3425000000000296,196,41.83673469387755
5min,9,60,20,0.02,0.02,3.335999999999927,163,55.828220858895705
15min,12,60,10,0.03,0.01,3.3339999999999743,96,37.5
1min,12,26,10,0.05,0.03,3.3305000000000007,98,42.857142857142854
5min,12,50,50,0.02,0.02,3.3299999999998704,115,58.26086956521739
15min,3,50,10,0.03,0.01,3.3249999999999744,92,38.04347826086957
5min,6,20,30,0.03,0.03,3.321999999999989,71,59.154929577464785
5min,9,50,30,0.03,0.01,3.319500000000005,144,34.02777777777778
5min,6,15,20,0.02,0.03,3.3194999999998775,95,67.36842105263158
15min,12,15,10,0.02,0.03,3.3179999999999836,50,76.0
0.5min,6,60,10,0.02,0.03,3.3175000000000945,275,61.45454545454545
15min,6,26,10,0.03,0.02,3.3174999999999533,71,52.112676056338024
15min,6,15,20,0.02,0.02,3.315499999999972,65,66.15384615384615
5min,9,20,50,0.05,0.03,3.3139999999999787,22,63.63636363636363
5min,6,26,20,0.02,0.02,3.3124999999999574,147,56.4625850340136
15min,12,20,20,0.03,0.01,3.3060000000000116,58,44.827586206896555
5min,12,26,10,0.03,0.02,3.3054999999998955,121,47.107438016528924
15min,9,20,10,0.03,0.02,3.3024999999999665,69,52.17391304347826
15min,9,20,50,0.03,0.01,3.300000000000026,43,51.162790697674424
15min,12,26,50,0.02,0.03,3.2979999999999734,45,77.77777777777779
15min,6,10,30,0.02,0.03,3.29549999999999,37,83.78378378378379
5min,6,60,30,0.05,0.02,3.29399999999994,88,36.36363636363637
5min,9,50,20,0.03,0.03,3.293499999999909,93,56.98924731182796
15min,3,15,20,0.03,0.01,3.291500000000013,70,41.42857142857143
15min,3,50,50,0.03,0.02,3.2894999999999475,71,52.112676056338024
15min,9,26,30,0.03,0.01,3.2885000000000137,66,42.42424242424242
5min,3,10,10,0.05,0.01,3.287999999999954,109,24.770642201834864
15min,12,15,10,0.03,0.02,3.286999999999949,49,57.14285714285714
5min,9,50,10,0.02,0.01,3.28250000000007,203,41.37931034482759
15min,6,15,50,0.02,0.03,3.2809999999999775,40,80.0
1min,3,50,20,0.03,0.02,3.2755000000000223,205,44.390243902439025
15min,3,20,30,0.03,0.01,3.275500000000008,66,42.42424242424242
5min,9,26,20,0.03,0.01,3.273000000000039,140,34.285714285714285
15min,12,20,20,0.03,0.02,3.2704999999999416,54,55.55555555555556
5min,6,50,20,0.02,0.02,3.269999999999982,155,56.12903225806451
15min,3,10,20,0.03,0.02,3.2659999999999627,59,54.23728813559322
5min,9,26,20,0.02,0.01,3.264000000000067,171,42.69005847953216
15min,3,20,10,0.03,0.02,3.263999999999953,69,52.17391304347826
5min,9,50,10,0.02,0.02,3.2629999999999484,169,55.62130177514793
15min,9,26,30,0.03,0.02,3.257999999999925,62,53.2258064516129
15min,3,15,10,0.03,0.01,3.250500000000003,74,40.54054054054054
0.5min,6,50,10,0.03,0.03,3.2485000000000355,199,52.76381909547738
15min,3,20,20,0.03,0.01,3.244500000000002,74,40.54054054054054
15min,9,20,30,0.03,0.01,3.244000000000028,59,44.06779661016949
5min,12,26,30,0.03,0.02,3.241999999999919,76,51.31578947368421
15min,9,50,50,0.03,0.02,3.2404999999999693,62,53.2258064516129
5min,9,50,30,0.02,0.01,3.238500000000016,176,42.04545454545455
15min,6,10,50,0.05,0.03,3.236000000000004,12,83.33333333333334
15min,3,26,50,0.03,0.01,3.234000000000023,63,42.857142857142854
0.5min,3,50,10,0.05,0.02,3.2320000000000135,198,31.818181818181817
15min,6,50,20,0.03,0.01,3.231499999999983,85,38.82352941176471
15min,12,50,50,0.03,0.02,3.228999999999957,62,53.2258064516129
5min,9,20,10,0.03,0.01,3.226500000000044,156,33.33333333333333
15min,6,50,10,0.02,0.02,3.22249999999994,89,61.79775280898876
15min,9,20,10,0.03,0.01,3.219000000000008,75,40.0
15min,9,26,10,0.02,0.01,3.218999999999994,80,51.24999999999999
5min,3,50,50,0.05,0.01,3.2179999999999467,99,25.252525252525253
15min,12,20,30,0.02,0.03,3.21399999999997,47,76.59574468085107
15min,9,15,30,0.02,0.03,3.207499999999982,42,78.57142857142857
5min,6,26,10,0.02,0.02,3.2074999999999534,165,55.757575757575765
15min,6,10,50,0.05,0.02,3.2040000000000077,13,76.92307692307693
5min,9,50,20,0.02,0.01,3.202500000000029,192,41.66666666666667
15min,12,20,30,0.03,0.03,3.1994999999999862,41,65.85365853658537
15min,3,60,50,0.03,0.02,3.1994999999999294,74,51.35135135135135
15min,9,50,50,0.03,0.01,3.198500000000024,67,41.7910447761194
15min,6,50,50,0.02,0.01,3.1970000000000027,74,52.702702702702695
15min,9,26,20,0.03,0.01,3.1965,71,40.845070422535215
15min,3,26,10,0.03,0.02,3.1964999999999577,72,51.388888888888886
5min,12,15,10,0.05,0.01,3.194999999999979,53,32.075471698113205
5min,9,26,10,0.03,0.03,3.1909999999999745,93,56.98924731182796
0.5min,3,60,10,0.05,0.03,3.1890000000000502,157,40.12738853503185
15min,12,26,30,0.03,0.02,3.188999999999936,57,54.385964912280706
5min,6,50,30,0.02,0.01,3.186000000000064,175,42.285714285714285
15min,12,50,50,0.03,0.01,3.180000000000021,67,41.7910447761194
15min,3,50,50,0.03,0.01,3.1800000000000073,79,39.24050632911392
15min,9,26,50,0.03,0.01,3.1795000000000186,52,46.15384615384615
15min,6,26,10,0.03,0.01,3.1769999999999925,78,39.743589743589745
1min,6,15,10,0.05,0.03,3.173000000000058,89,42.69662921348314
5min,6,60,10,0.03,0.03,3.1689999999999117,104,55.769230769230774
5min,3,20,10,0.05,0.01,3.1684999999999657,122,23.770491803278688
15min,3,50,30,0.03,0.02,3.1644999999999612,77,50.649350649350644
15min,12,60,20,0.02,0.01,3.163999999999973,94,48.93617021276596
5min,12,20,30,0.05,0.01,3.1620000000000203,42,35.714285714285715
5min,9,26,50,0.02,0.03,3.161999999999935,67,71.64179104477611
5min,3,10,10,0.03,0.03,3.159499999999994,89,57.30337078651685
5min,12,60,30,0.03,0.02,3.157999999999845,117,47.008547008547005
15min,6,15,30,0.02,0.01,3.1544999999999845,57,57.89473684210527
15min,3,15,50,0.03,0.02,3.1529999999999636,50,56.00000000000001
15min,9,26,10,0.02,0.02,3.1504999999999512,78,62.82051282051282
5min,12,60,30,0.02,0.01,3.1499999999999773,184,41.30434782608695
5min,3,60,50,0.05,0.01,3.145999999999944,100,25.0
15min,3,26,30,0.03,0.02,3.1449999999999534,65,52.307692307692314
15min,3,60,30,0.03,0.01,3.1389999999999816,87,37.93103448275862
15min,12,15,30,0.05,0.01,3.138500000000008,16,62.5
5min,6,26,20,0.02,0.01,3.137000000000043,175,42.285714285714285
5min,3,50,50,0.05,0.02,3.1369999999999294,79,36.708860759493675
15min,12,26,30,0.02,0.01,3.132499999999979,63,55.55555555555556
5min,3,50,50,0.03,0.03,3.131999999999948,78,57.692307692307686
5min,9,26,50,0.05,0.01,3.1294999999999935,54,31.48148148148148
1min,3,60,20,0.02,0.03,3.129499999999979,228,62.28070175438597
15min,6,60,50,0.03,0.01,3.1280000000000143,80,38.75
15min,3,60,20,0.03,0.01,3.1279999999999717,91,37.362637362637365
15min,9,50,30,0.03,0.01,3.1260000000000043,80,38.75
0.5min,3,50,10,0.05,0.03,3.1255000000000734,158,39.87341772151899
5min,9,60,10,0.02,0.02,3.124499999999955,176,55.11363636363637
5min,3,26,20,0.02,0.03,3.1234999999998934,119,65.54621848739495
5min,6,26,10,0.02,0.01,3.1230000000000757,196,41.3265306122449
15min,9,50,20,0.03,0.02,3.1224999999999454,75,50.66666666666667
15min,12,60,50,0.03,0.02,3.1199999999999477,65,52.307692307692314
5min,6,60,20,0.02,0.03,3.1174999999999216,130,64.61538461538461
5min,3,26,10,0.05,0.01,3.116999999999962,123,23.577235772357724
15min,3,26,20,0.03,0.02,3.11449999999995,70,51.42857142857142
0.5min,9,60,10,0.05,0.01,3.1130000000001274,257,20.233463035019454
5min,3,60,50,0.05,0.02,3.110999999999919,79,36.708860759493675
0.5min,3,60,30,0.05,0.02,3.1079999999999757,123,33.33333333333333
15min,12,60,50,0.03,0.01,3.106500000000011,72,40.27777777777778
15min,12,50,10,0.03,0.01,3.104499999999973,91,37.362637362637365
5min,9,26,10,0.03,0.01,3.1015000000000725,161,32.91925465838509
5min,6,50,10,0.03,0.03,3.1014999999999446,102,55.88235294117647
1min,6,50,30,0.05,0.02,3.1000000000000654,103,34.95145631067961
15min,12,60,20,0.03,0.02,3.0994999999999493,83,49.39759036144578
0.5min,9,60,10,0.02,0.03,3.0955000000002,255,61.1764705882353
15min,6,50,10,0.02,0.01,3.095499999999973,95,48.421052631578945
15min,6,60,10,0.02,0.01,3.0934999999999775,98,47.95918367346938
0.5min,3,10,20,0.02,0.02,3.0930000000000035,64,60.9375
5min,6,60,10,0.02,0.01,3.0925000000001006,208,40.86538461538461
5min,9,60,30,0.03,0.01,3.090999999999994,151,33.11258278145696
5min,3,60,30,0.05,0.02,3.0884999999999536,89,35.95505617977528
15min,3,20,10,0.03,0.01,3.0849999999999937,76,39.473684210526315
5min,9,50,10,0.03,0.01,3.08100000000006,170,32.35294117647059
5min,3,15,10,0.05,0.01,3.078499999999977,117,23.931623931623932
15min,9,20,20,0.02,0.01,3.073999999999984,70,52.85714285714286
15min,6,60,30,0.02,0.02,3.070999999999941,86,61.627906976744185
15min,3,26,10,0.03,0.01,3.069500000000005,80,38.75
5min,3,26,30,0.05,0.02,3.0675000000000097,79,36.708860759493675
5min,6,50,10,0.02,0.02,3.067499999999967,170,55.294117647058826
5min,9,26,50,0.05,0.02,3.0669999999999504,48,41.66666666666667
15min,9,20,50,0.02,0.03,3.059999999999974,41,78.04878048780488
5min,3,50,30,0.03,0.03,3.0564999999999287,86,56.97674418604651
15min,9,60,20,0.02,0.01,3.053999999999988,90,48.888888888888886
15min,6,20,50,0.02,0.02,3.0539999999999736,47,70.2127659574468
15min,3,10,50,0.03,0.02,3.0539999999999594,33,63.63636363636363
15min,3,10,50,0.02,0.03,3.051999999999964,34,82.35294117647058
5min,3,26,30,0.03,0.03,3.051999999999964,82,57.3170731707317
5min,3,50,50,0.02,0.03,3.0514999999998906,103,66.01941747572816
15min,12,26,10,0.03,0.01,3.0489999999999924,77,38.961038961038966
0.5min,6,10,10,0.02,0.02,3.044499999999985,66,60.60606060606061
0.5min,6,60,10,0.05,0.02,3.044000000000011,184,31.521739130434785
15min,12,20,10,0.02,0.01,3.043499999999966,76,51.31578947368421
15min,12,50,10,0.03,0.02,3.042499999999933,83,49.39759036144578
15min,9,50,10,0.02,0.01,3.040499999999966,93,48.38709677419355
5min,6,50,50,0.02,0.02,3.040499999999952,129,56.58914728682171
5min,6,50,20,0.02,0.01,3.0400000000000915,188,41.48936170212766
15min,12,20,10,0.03,0.01,3.038499999999985,73,39.726027397260275
15min,9,20,20,0.02,0.02,3.035499999999942,69,63.76811594202898
15min,3,50,20,0.03,0.01,3.0349999999999824,88,37.5
0.5min,9,50,10,0.02,0.03,3.0345000000000653,248,61.29032258064516
15min,12,15,30,0.05,0.02,3.034499999999994,14,71.42857142857143
15min,6,15,30,0.02,0.02,3.033499999999947,57,66.66666666666666
15min,3,10,50,0.03,0.01,3.0305000000000177,35,54.285714285714285
15min,6,26,50,0.02,0.02,3.0304999999999467,59,66.10169491525424
5min,3,10,10,0.05,0.02,3.0294999999999135,82,36.58536585365854
15min,6,60,20,0.02,0.01,3.0269999999999726,93,48.38709677419355
5min,6,20,50,0.05,0.03,3.0264999999999844,31,54.83870967741935
0.5min,6,50,30,0.02,0.03,3.02300000000011,121,63.63636363636363
15min,6,15,50,0.03,0.02,3.0229999999999677,38,60.526315789473685
5min,6,60,50,0.02,0.02,3.0219999999999345,133,56.390977443609025
15min,9,26,20,0.03,0.02,3.0214999999999463,66,51.515151515151516
15min,9,60,10,0.02,0.01,3.018999999999963,96,47.91666666666667
5min,9,20,20,0.02,0.01,3.0175000000000267,146,43.15068493150685
15min,9,26,30,0.02,0.01,3.015999999999991,68,52.94117647058824
15min,6,26,30,0.02,0.02,3.012499999999946,69,63.76811594202898
15min,6,60,30,0.02,0.01,3.011999999999972,90,48.888888888888886
5min,6,26,10,0.01,0.03,3.0109999999999815,170,78.23529411764706
15min,6,26,20,0.02,0.02,3.010999999999953,73,63.013698630136986
5min,12,50,10,0.03,0.02,3.008999999999901,125,46.400000000000006
1min,3,60,10,0.03,0.02,3.0074999999999363,255,43.13725490196079
5min,3,20,30,0.05,0.01,3.004999999999967,96,25.0
15min,6,26,30,0.02,0.01,3.001499999999993,71,52.112676056338024
15min,12,15,30,0.05,0.03,3.0009999999999906,13,76.92307692307693
15min,12,60,10,0.02,0.01,3.000999999999962,99,47.474747474747474
5min,9,60,10,0.03,0.03,3.0009999999999337,102,55.88235294117647
15min,6,20,20,0.02,0.02,2.99849999999995,69,63.76811594202898
15min,9,26,20,0.02,0.01,2.9979999999999905,74,51.35135135135135
15min,6,20,30,0.02,0.02,2.9934999999999405,63,65.07936507936508
5min,9,50,50,0.03,0.02,2.993499999999898,101,47.524752475247524
5min,12,26,30,0.02,0.02,2.987499999999912,94,59.57446808510638
1min,6,60,20,0.03,0.02,2.985500000000016,195,44.1025641025641
5min,6,26,30,0.05,0.02,2.984999999999957,73,36.986301369863014
15min,9,15,50,0.03,0.01,2.9835000000000065,20,75.0
15min,12,26,10,0.02,0.01,2.9829999999999757,80,50.0
15min,6,20,10,0.02,0.02,2.982499999999959,77,62.33766233766234
15min,12,26,50,0.03,0.02,2.979499999999973,46,56.52173913043478
5min,6,26,10,0.03,0.03,2.9774999999999494,96,56.25
1min,12,50,10,0.03,0.03,2.9740000000000038,180,52.77777777777778
5min,3,50,10,0.05,0.02,2.9729999999998995,103,34.95145631067961
15min,6,10,30,0.03,0.02,2.97199999999998,35,62.857142857142854
5min,3,15,10,0.05,0.02,2.969499999999911,93,35.483870967741936
0.5min,3,50,30,0.05,0.02,2.96399999999997,103,33.980582524271846
15min,6,10,20,0.03,0.02,2.962999999999937,46,56.52173913043478
5min,9,60,20,0.03,0.01,2.961500000000001,163,32.515337423312886
5min,3,50,30,0.02,0.03,2.955499999999887,115,65.21739130434783
15min,9,50,10,0.02,0.02,2.952999999999946,87,60.91954022988506
15min,9,20,10,0.02,0.01,2.9495000000000005,78,50.0
15min,6,60,50,0.02,0.01,2.9494999999999862,83,49.39759036144578
15min,6,26,20,0.02,0.01,2.9480000000000075,75,50.66666666666667
5min,6,20,10,0.03,0.03,2.9474999999999767,96,56.25
1min,12,60,10,0.03,0.03,2.944500000000076,179,53.072625698324025
15min,9,15,30,0.03,0.03,2.944500000000005,36,66.66666666666666
0.5min,6,60,10,0.03,0.02,2.944000000000031,248,42.74193548387097
15min,12,50,10,0.02,0.01,2.94399999999996,94,47.87234042553192
5min,6,60,30,0.03,0.03,2.9439999999999316,91,56.043956043956044
5min,9,15,10,0.03,0.02,2.942999999999927,106,47.16981132075472
5min,6,50,50,0.02,0.01,2.9425000000000523,154,42.2077922077922
15min,6,50,30,0.02,0.02,2.941999999999936,83,61.44578313253012
15min,9,60,10,0.02,0.02,2.941499999999948,91,60.43956043956044
15min,6,15,20,0.02,0.01,2.9410000000000025,66,53.03030303030303
5min,9,60,30,0.02,0.01,2.9395000000000095,183,40.98360655737705
15min,3,26,20,0.03,0.01,2.9345,78,38.46153846153847
15min,9,15,20,0.02,0.01,2.9345,54,57.407407407407405
5min,6,60,10,0.02,0.02,2.932499999999962,173,54.91329479768786
15min,6,50,20,0.02,0.02,2.9309999999999405,85,61.1764705882353
15min,6,20,10,0.02,0.01,2.9284999999999854,80,50.0
15min,6,26,50,0.02,0.01,2.92649999999999,60,55.00000000000001
5min,6,20,30,0.02,0.02,2.925499999999971,109,57.798165137614674
5min,6,20,30,0.05,0.02,2.9229999999999876,63,38.095238095238095
5min,9,60,10,0.03,0.01,2.9225000000000847,175,32.0
15min,9,20,30,0.02,0.01,2.9209999999999923,60,55.00000000000001
15min,12,26,20,0.03,0.01,2.9185000000000088,71,39.436619718309856
5min,3,20,20,0.02,0.03,2.9179999999998927,118,65.2542372881356
15min,9,50,50,0.02,0.01,2.9129999999999967,69,52.17391304347826
1min,6,50,20,0.05,0.02,2.9124999999999943,133,33.08270676691729
5min,12,15,10,0.05,0.03,2.9104999999999848,37,51.35135135135135
15min,3,50,30,0.03,0.01,2.909499999999994,86,37.2093023255814
15min,9,15,20,0.02,0.02,2.9089999999999776,54,66.66666666666666
15min,3,10,10,0.02,0.02,2.9049999999999585,71,63.38028169014085
15min,3,60,30,0.02,0.02,2.901999999999944,87,60.91954022988506
1min,12,60,30,0.03,0.03,2.9005000000000507,104,54.807692307692314
5min,9,50,20,0.03,0.01,2.899000000000001,160,32.5
15min,3,26,30,0.03,0.01,2.8970000000000056,71,39.436619718309856
15min,12,50,20,0.03,0.01,2.8944999999999936,83,37.34939759036144
15min,12,50,50,0.02,0.01,2.8944999999999936,69,52.17391304347826
15min,9,60,30,0.03,0.01,2.8939999999999912,82,37.80487804878049
0.5min,3,60,10,0.02,0.02,2.893499999999989,365,51.23287671232877
15min,12,26,50,0.03,0.01,2.89200000000001,48,45.83333333333333
15min,12,15,20,0.03,0.01,2.8910000000000053,25,64.0
15min,9,50,20,0.03,0.01,2.8899999999999864,83,37.34939759036144
5min,3,60,30,0.03,0.03,2.889499999999927,89,56.17977528089888
5min,3,50,10,0.05,0.01,2.888499999999979,126,23.015873015873016
5min,3,10,10,0.02,0.03,2.8884999999999224,118,65.2542372881356
5min,6,50,10,0.02,0.01,2.8875000000001023,205,40.487804878048784
15min,3,50,10,0.02,0.02,2.885999999999953,91,60.43956043956044
5min,3,26,50,0.03,0.03,2.8834999999999837,65,58.46153846153847
15min,9,20,10,0.02,0.02,2.8824999999999648,76,61.8421052631579
5min,12,20,20,0.02,0.02,2.882499999999922,92,59.78260869565217
15min,12,26,30,0.02,0.02,2.881999999999948,62,64.51612903225806
15min,3,60,10,0.02,0.02,2.880499999999955,95,60.0
1min,12,60,10,0.02,0.03,2.877500000000026,244,61.885245901639344
1min,3,60,20,0.03,0.02,2.8769999999999953,224,43.30357142857143
15min,12,26,10,0.03,0.02,2.873499999999936,72,50.0
15min,9,15,10,0.02,0.02,2.869999999999962,70,62.857142857142854
0.5min,12,60,10,0.03,0.03,2.8629999999999853,195,52.307692307692314
15min,6,10,10,0.02,0.02,2.862999999999957,66,63.63636363636363
15min,3,60,50,0.03,0.01,2.861499999999978,82,37.80487804878049
15min,9,50,30,0.03,0.02,2.861499999999964,72,50.0
5min,3,20,50,0.05,0.03,2.8584999999999923,43,48.837209302325576
5min,6,60,30,0.02,0.02,2.8579999999999757,152,55.26315789473685
1min,6,26,10,0.05,0.03,2.85150000000003,117,41.02564102564102
5min,9,20,50,0.05,0.01,2.8514999999999873,29,41.37931034482759
5min,6,20,10,0.02,0.02,2.8509999999999707,163,55.21472392638037
5min,6,60,50,0.02,0.01,2.8505000000000393,161,41.61490683229814
15min,6,50,30,0.02,0.01,2.8504999999999683,87,48.275862068965516
15min,9,60,50,0.03,0.01,2.8500000000000085,76,38.15789473684211
15min,12,26,20,0.02,0.01,2.8494999999999777,73,50.68493150684932
1min,9,60,20,0.05,0.03,2.8480000000000274,112,41.07142857142857
5min,9,15,30,0.05,0.03,2.8474999999999966,24,58.333333333333336
5min,6,20,10,0.02,0.01,2.84500000000007,193,40.932642487046635
15min,9,10,10,0.03,0.01,2.839000000000013,18,77.77777777777779
5min,6,15,20,0.03,0.03,2.8389999999999844,73,57.534246575342465
5min,6,15,50,0.05,0.03,2.8389999999999844,24,58.333333333333336
15min,12,20,50,0.03,0.01,2.8375000000000057,22,68.18181818181817
15min,9,50,30,0.02,0.01,2.832499999999982,82,48.78048780487805
15min,6,10,10,0.02,0.01,2.8305000000000007,67,52.23880597014925
15min,6,15,50,0.02,0.01,2.8289999999999935,41,63.41463414634146
15min,9,60,20,0.02,0.02,2.8284999999999627,86,60.46511627906976
5min,9,50,10,0.03,0.03,2.827999999999932,99,55.55555555555556
15min,9,15,30,0.02,0.01,2.825499999999991,44,61.36363636363637
15min,9,15,50,0.03,0.02,2.8209999999999837,19,78.94736842105263
5min,6,15,20,0.05,0.02,2.8169999999999646,67,37.3134328358209
15min,12,20,30,0.03,0.01,2.8160000000000167,49,44.89795918367347
15min,6,15,10,0.02,0.02,2.8154999999999717,72,62.5
1min,12,60,30,0.05,0.02,2.8130000000000592,96,34.375
15min,12,50,20,0.02,0.01,2.804499999999962,85,48.23529411764706
15min,6,50,20,0.02,0.01,2.8034999999999712,90,47.77777777777778
1min,6,60,20,0.03,0.03,2.7985000000001037,164,53.04878048780488
0.5min,6,10,10,0.03,0.02,2.7959999999999923,55,52.72727272727272
5min,3,10,30,0.05,0.03,2.7930000000000064,38,50.0
1min,3,26,20,0.05,0.03,2.7920000000000726,106,40.56603773584906
15min,6,20,20,0.02,0.01,2.7920000000000016,71,50.70422535211267
15min,6,20,50,0.02,0.01,2.7904999999999944,47,59.57446808510638
5min,12,60,10,0.03,0.02,2.790499999999895,129,45.73643410852713
1min,9,26,10,0.05,0.03,2.7875000000000085,109,41.284403669724774
15min,3,10,20,0.02,0.01,2.78749999999998,67,52.23880597014925
0.5min,6,15,20,0.03,0.02,2.782999999999987,46,54.347826086956516
5min,3,50,30,0.05,0.01,2.7794999999999987,111,23.423423423423422
15min,12,20,20,0.02,0.01,2.77349999999997,59,54.23728813559322
15min,9,26,30,0.02,0.02,2.769499999999937,67,62.68656716417911
15min,6,20,30,0.02,0.01,2.7619999999999862,65,52.307692307692314
1min,9,60,30,0.05,0.02,2.7610000000001094,102,34.31372549019608
15min,3,60,10,0.02,0.01,2.7599999999999767,102,46.07843137254902
5min,3,26,20,0.03,0.03,2.759999999999934,87,56.32183908045977
15min,6,26,10,0.02,0.01,2.758999999999986,82,48.78048780487805
5min,6,20,10,0.01,0.03,2.7560000000000002,168,77.97619047619048
5min,3,10,20,0.05,0.02,2.7539999999999765,61,37.704918032786885
5min,12,50,10,0.01,0.03,2.7534999999999883,174,77.58620689655173
1min,6,60,20,0.02,0.03,2.752000000000109,212,62.264150943396224
5min,3,26,10,0.05,0.02,2.7514999999999077,98,34.69387755102041
5min,6,26,50,0.05,0.01,2.751000000000019,71,26.76056338028169
15min,12,20,10,0.03,0.02,2.7509999999999195,68,50.0
5min,3,20,20,0.03,0.03,2.74849999999995,87,56.32183908045977
15min,3,60,20,0.02,0.02,2.7474999999999596,90,60.0
15min,9,60,30,0.02,0.01,2.7454999999999785,85,48.23529411764706
15min,9,10,10,0.03,0.02,2.742999999999995,17,82.35294117647058
15min,9,50,20,0.02,0.01,2.7414999999999736,86,47.674418604651166
1min,9,26,10,0.05,0.02,2.739000000000047,132,32.57575757575758
15min,9,50,50,0.02,0.02,2.738999999999976,67,62.68656716417911
15min,9,26,20,0.02,0.02,2.7389999999999475,73,61.64383561643836
15min,12,60,50,0.02,0.01,2.7369999999999806,74,50.0
5min,12,26,30,0.03,0.01,2.735499999999959,89,37.07865168539326
5min,3,26,30,0.02,0.03,2.735499999999874,109,65.13761467889908
15min,6,50,50,0.02,0.02,2.734999999999957,73,61.64383561643836
15min,9,26,50,0.02,0.02,2.733499999999964,51,66.66666666666666
5min,9,15,10,0.01,0.03,2.7330000000000467,135,79.25925925925927
15min,9,15,10,0.02,0.01,2.7305000000000064,72,50.0
15min,9,20,30,0.02,0.02,2.7304999999999637,59,64.40677966101694
5min,12,26,50,0.05,0.02,2.7304999999999637,36,44.44444444444444
5min,9,20,20,0.01,0.03,2.730000000000018,123,79.67479674796748
5min,3,15,10,0.03,0.03,2.729499999999959,97,55.670103092783506
15min,3,10,30,0.02,0.01,2.727499999999978,62,53.2258064516129
15min,12,50,50,0.02,0.02,2.7274999999999636,67,62.68656716417911
1min,3,60,20,0.05,0.02,2.726500000000044,150,32.0
15min,12,20,10,0.02,0.02,2.724499999999921,75,61.33333333333333
15min,9,20,50,0.03,0.03,2.722999999999999,35,65.71428571428571
0.5min,3,10,20,0.05,0.02,2.722499999999968,43,39.53488372093023
15min,3,20,50,0.02,0.02,2.719499999999954,59,64.40677966101694
5min,3,26,10,0.02,0.03,2.719499999999883,129,64.34108527131784
15min,6,10,30,0.02,0.01,2.711500000000001,38,65.78947368421053
0.5min,3,15,20,0.05,0.01,2.708999999999989,101,23.762376237623762
15min,3,50,50,0.02,0.01,2.707999999999984,83,48.19277108433735
5min,6,26,50,0.03,0.03,2.70799999999997,62,58.06451612903226
15min,12,26,10,0.02,0.02,2.707499999999939,79,60.75949367088608
15min,6,15,10,0.02,0.01,2.703000000000003,74,50.0
5min,9,60,50,0.03,0.02,2.7004999999998915,103,46.601941747572816
5min,6,60,30,0.02,0.01,2.700000000000074,184,40.76086956521739
0.5min,12,60,10,0.02,0.02,2.69750000000019,305,51.47540983606558
0.5min,3,50,10,0.03,0.02,2.6935000000000002,270,42.22222222222222
15min,3,15,30,0.02,0.02,2.6934999999999434,63,63.49206349206349
15min,3,50,10,0.02,0.01,2.6914999999999623,97,46.391752577319586
15min,3,10,30,0.02,0.02,2.689999999999941,61,63.934426229508205
5min,12,26,50,0.05,0.01,2.6884999999999906,42,33.33333333333333
15min,6,26,10,0.02,0.02,2.688499999999962,79,60.75949367088608
15min,6,60,50,0.02,0.02,2.686999999999955,79,60.75949367088608
5min,12,20,50,0.05,0.03,2.686499999999981,17,64.70588235294117
0.5min,3,60,20,0.05,0.02,2.6864999999998815,159,32.075471698113205
1min,12,60,20,0.02,0.03,2.684500000000014,197,62.43654822335025
15min,3,26,50,0.02,0.02,2.683999999999955,63,63.49206349206349
15min,12,60,30,0.03,0.01,2.6825000000000045,85,36.470588235294116
1min,3,50,10,0.05,0.01,2.682000000000073,257,20.233463035019454
5min,6,15,10,0.02,0.02,2.6814999999999714,154,55.1948051948052
5min,3,26,20,0.05,0.02,2.6814999999999145,88,35.22727272727273
15min,9,20,50,0.02,0.01,2.677999999999983,43,60.46511627906976
1min,6,26,10,0.05,0.02,2.6770000000000493,149,32.21476510067114
15min,3,26,30,0.02,0.02,2.676999999999964,73,61.64383561643836
5min,6,60,20,0.03,0.03,2.675999999999945,96,55.208333333333336
0.5min,3,15,20,0.02,0.02,2.675500000000042,114,55.26315789473685
15min,6,10,20,0.02,0.01,2.6754999999999853,49,57.14285714285714
15min,3,10,10,0.02,0.01,2.674999999999983,74,50.0
5min,3,50,20,0.05,0.02,2.674999999999926,92,34.78260869565217
15min,3,20,50,0.02,0.01,2.6729999999999734,60,53.333333333333336
5min,3,50,30,0.05,0.02,2.668499999999952,85,35.294117647058826
15min,3,20,10,0.02,0.01,2.666499999999985,80,48.75
5min,12,50,20,0.01,0.03,2.6609999999999587,162,77.77777777777779
5min,9,20,30,0.05,0.02,2.658999999999935,54,38.88888888888889
5min,6,60,20,0.02,0.01,2.658500000000089,193,40.41450777202073
5min,12,26,30,0.02,0.01,2.6574999999999562,105,45.714285714285715
15min,3,20,30,0.02,0.02,2.6539999999999537,67,62.68656716417911
5min,3,20,30,0.03,0.03,2.649999999999963,80,56.25
0.5min,12,60,10,0.05,0.02,2.6464999999999748,167,31.736526946107784
15min,6,20,30,0.01,0.03,2.645000000000053,65,84.61538461538461
15min,12,60,10,0.02,0.02,2.644499999999951,95,58.94736842105262
1min,12,60,30,0.03,0.02,2.6425000000000267,129,44.96124031007752
15min,3,26,30,0.02,0.01,2.6424999999999983,75,49.333333333333336
15min,9,26,50,0.02,0.01,2.642499999999984,52,55.769230769230774
0.5min,3,50,20,0.03,0.02,2.641500000000036,204,43.13725490196079
5min,12,20,50,0.05,0.01,2.6404999999999745,21,47.61904761904761
15min,12,20,30,0.03,0.02,2.640499999999946,46,54.347826086956516
15min,3,20,10,0.02,0.02,2.63449999999996,77,61.038961038961034
5min,3,26,50,0.02,0.03,2.6319999999999197,81,66.66666666666666
5min,3,26,20,0.01,0.03,2.6319999999999197,150,78.0
15min,12,15,10,0.02,0.01,2.630999999999986,52,55.769230769230774
15min,6,15,20,0.01,0.03,2.6300000000000665,65,84.61538461538461
5min,9,15,30,0.05,0.01,2.6295000000000073,32,37.5
15min,3,60,30,0.02,0.01,2.6264999999999787,92,46.73913043478261
0.5min,6,15,20,0.02,0.02,2.6259999999999764,58,60.3448275862069
1min,12,50,10,0.03,0.02,2.625000000000057,224,42.857142857142854
1min,3,50,10,0.03,0.03,2.623999999999924,205,52.19512195121951
5min,9,20,30,0.03,0.03,2.622499999999974,57,59.64912280701754
0.5min,12,50,10,0.03,0.02,2.618499999999969,225,42.66666666666667
15min,3,15,20,0.02,0.02,2.6179999999999666,71,61.97183098591549
15min,12,15,10,0.02,0.02,2.617499999999964,52,65.38461538461539
0.5min,3,15,30,0.05,0.02,2.6114999999999498,40,40.0
5min,6,20,20,0.02,0.02,2.6109999999999616,137,55.47445255474452
5min,12,26,10,0.01,0.03,2.6084999999999923,165,77.57575757575758
15min,3,15,50,0.02,0.01,2.608499999999978,55,54.54545454545454
5min,12,60,20,0.01,0.03,2.60649999999994,170,77.64705882352942
5min,12,26,20,0.01,0.03,2.604500000000016,140,78.57142857142857
15min,3,50,50,0.02,0.02,2.6039999999999424,79,60.75949367088608
5min,3,20,10,0.05,0.02,2.603999999999914,99,34.34343434343434
5min,9,26,30,0.02,0.02,2.6029999999999376,122,55.73770491803278
0.5min,3,20,30,0.02,0.02,2.6025000000000205,75,57.333333333333336
5min,12,50,30,0.01,0.03,2.5934999999999917,147,78.2312925170068
15min,3,60,50,0.02,0.02,2.593499999999935,83,60.24096385542169
15min,12,20,20,0.02,0.02,2.5929999999999467,58,63.793103448275865
5min,9,26,30,0.02,0.01,2.592000000000013,143,41.95804195804196
15min,3,50,20,0.02,0.02,2.5914999999999537,87,59.77011494252874
5min,6,26,50,0.02,0.03,2.5899999999999324,78,66.66666666666666
0.5min,3,10,20,0.05,0.03,2.589500000000001,39,46.15384615384615
1min,9,50,10,0.02,0.02,2.5889999999999986,308,52.27272727272727
15min,9,60,50,0.03,0.02,2.5879999999999512,69,49.275362318840585
15min,9,15,30,0.03,0.02,2.586999999999975,41,56.09756097560976
1min,9,60,30,0.03,0.03,2.5864999999999867,111,54.054054054054056
1min,9,50,10,0.03,0.02,2.585000000000079,231,42.857142857142854
5min,6,15,20,0.02,0.02,2.583999999999932,113,56.63716814159292
0.5min,6,50,20,0.05,0.03,2.582500000000067,114,40.35087719298245
15min,12,60,30,0.02,0.01,2.5794999999999675,87,47.12643678160919
1min,12,50,20,0.02,0.03,2.578500000000048,171,62.57309941520468
15min,3,26,10,0.02,0.01,2.570999999999998,84,47.61904761904761
5min,6,15,20,0.05,0.01,2.57000000000005,91,24.175824175824175
5min,6,60,20,0.02,0.02,2.568499999999972,160,54.37499999999999
0.5min,3,50,50,0.05,0.02,2.568000000000012,54,37.03703703703704
1min,9,60,10,0.02,0.03,2.5659999999999457,254,61.417322834645674
15min,3,15,30,0.02,0.01,2.5654999999999717,64,51.5625
15min,12,15,30,0.03,0.01,2.5630000000000024,18,72.22222222222221
15min,9,60,30,0.03,0.02,2.558999999999955,74,48.64864864864865
15min,9,15,50,0.03,0.03,2.5574999999999903,17,82.35294117647058
5min,12,15,20,0.05,0.03,2.5559999999999974,15,66.66666666666666
15min,12,26,20,0.03,0.02,2.555499999999924,67,49.25373134328358
15min,3,60,20,0.02,0.01,2.552999999999969,96,45.83333333333333
15min,12,50,30,0.03,0.01,2.552499999999995,80,36.25
5min,6,20,50,0.03,0.03,2.5509999999999735,39,64.1025641025641
15min,9,50,20,0.02,0.02,2.5484999999999474,82,59.756097560975604
0.5min,6,50,30,0.02,0.02,2.547500000000042,132,53.78787878787878
15min,9,10,10,0.03,0.03,2.5450000000000017,15,86.66666666666667
15min,12,15,20,0.03,0.03,2.5444999999999993,21,76.19047619047619
15min,3,50,20,0.02,0.01,2.5439999999999685,93,46.236559139784944
5min,6,15,10,0.01,0.03,2.5420000000000016,158,77.84810126582279
5min,9,26,20,0.01,0.03,2.5415000000000134,146,78.08219178082192
5min,3,60,30,0.05,0.01,2.540500000000023,114,22.807017543859647
0.5min,12,60,20,0.05,0.01,2.53950000000016,186,20.43010752688172
1min,12,60,10,0.05,0.01,2.539500000000146,269,20.074349442379184
15min,3,60,50,0.02,0.01,2.534499999999966,87,47.12643678160919
15min,12,60,50,0.02,0.02,2.5344999999999516,70,61.42857142857143
5min,12,15,10,0.03,0.03,2.533499999999961,47,61.702127659574465
1min,12,60,10,0.03,0.02,2.533000000000058,231,42.857142857142854
0.5min,6,10,10,0.05,0.02,2.532999999999973,41,39.02439024390244
15min,12,20,50,0.03,0.02,2.53149999999998,21,71.42857142857143
15min,12,60,20,0.02,0.02,2.530499999999961,90,58.88888888888889
1min,6,50,20,0.03,0.03,2.526500000000098,156,52.56410256410257
5min,6,26,30,0.02,0.02,2.5229999999999535,132,55.3030303030303
1min,9,60,20,0.02,0.03,2.52200000000002,204,61.76470588235294
5min,9,20,30,0.02,0.03,2.5219999999999345,72,68.05555555555556
5min,9,26,50,0.02,0.02,2.5219999999999203,78,60.256410256410255
15min,6,20,20,0.01,0.03,2.520000000000067,71,83.09859154929578
0.5min,12,60,20,0.02,0.03,2.518500000000074,172,61.627906976744185
5min,9,20,20,0.03,0.02,2.518499999999918,99,46.464646464646464
15min,3,26,50,0.02,0.01,2.517499999999984,65,50.76923076923077
15min,6,26,20,0.01,0.03,2.5165000000000646,75,82.66666666666667
15min,3,10,20,0.02,0.02,2.516499999999951,66,62.121212121212125
15min,3,26,20,0.02,0.01,2.515999999999991,82,47.5609756097561
5min,3,20,20,0.05,0.02,2.514499999999927,86,34.883720930232556
5min,3,20,10,0.02,0.03,2.5129999999999058,130,63.84615384615384
5min,9,26,30,0.03,0.01,2.5120000000000147,120,33.33333333333333
5min,9,20,20,0.03,0.01,2.509500000000017,120,33.33333333333333
15min,12,15,20,0.02,0.03,2.5094999999999743,24,87.5
15min,12,50,10,0.02,0.02,2.5089999999999435,90,58.88888888888889
0.5min,6,60,30,0.03,0.03,2.508000000000038,109,53.21100917431193
5min,9,26,10,0.01,0.03,2.505000000000024,168,77.38095238095238
0.5min,3,15,30,0.02,0.02,2.500499999999988,60,58.333333333333336
5min,3,26,10,0.03,0.03,2.4999999999999716,96,55.208333333333336
1min,3,60,10,0.05,0.01,2.4975000000001017,270,20.0
5min,3,15,20,0.05,0.01,2.492499999999964,103,23.300970873786408
1min,9,50,30,0.03,0.02,2.492000000000047,124,45.16129032258064
5min,12,60,10,0.01,0.03,2.4919999999999902,182,76.92307692307693
5min,12,20,30,0.05,0.02,2.491999999999976,38,42.10526315789473
15min,3,26,10,0.02,0.02,2.4869999999999663,80,60.0
15min,3,26,20,0.02,0.02,2.484999999999957,78,60.256410256410255
15min,3,20,20,0.02,0.02,2.4819999999999567,74,60.810810810810814
15min,3,50,30,0.02,0.01,2.4809999999999803,91,46.15384615384615
15min,9,60,50,0.02,0.01,2.480499999999978,78,47.43589743589743
1min,9,50,30,0.05,0.02,2.478500000000082,91,34.065934065934066
1min,3,60,50,0.05,0.03,2.4749999999999943,68,42.64705882352941
15min,3,15,10,0.02,0.02,2.4744999999999635,74,60.810810810810814
5min,12,50,10,0.01,0.02,2.469499999999968,202,69.3069306930693
5min,6,26,20,0.03,0.01,2.467000000000027,144,31.944444444444443
15min,12,15,20,0.03,0.02,2.4669999999999845,24,66.66666666666666
5min,3,20,10,0.03,0.03,2.4659999999999513,98,55.10204081632652
5min,3,60,30,0.02,0.03,2.465499999999892,119,63.86554621848739
0.5min,6,26,30,0.03,0.02,2.4650000000000176,54,50.0
1min,3,50,30,0.05,0.03,2.461000000000084,97,41.23711340206185
15min,3,50,30,0.02,0.02,2.4589999999999606,86,59.30232558139535
5min,6,50,20,0.01,0.03,2.458500000000001,164,77.4390243902439
5min,12,20,20,0.03,0.02,2.4584999999999297,76,48.68421052631579
0.5min,6,60,10,0.05,0.01,2.458000000000098,277,19.494584837545126
5min,6,26,20,0.01,0.03,2.4549999999999983,153,77.77777777777779
5min,6,15,10,0.02,0.01,2.4485000000000525,183,40.43715846994536
1min,12,60,10,0.02,0.02,2.445500000000081,310,51.935483870967744
5min,3,15,20,0.05,0.02,2.440499999999929,76,35.526315789473685
1min,6,60,30,0.05,0.03,2.4395000000000095,92,41.30434782608695
15min,12,50,20,0.03,0.02,2.4389999999999503,75,48.0
15min,12,20,50,0.02,0.03,2.4384999999999764,21,90.47619047619048
15min,3,20,20,0.02,0.01,2.437999999999974,77,48.05194805194805
5min,9,26,20,0.03,0.02,2.4369999999999123,112,45.535714285714285
1min,3,50,10,0.02,0.03,2.4369999999999123,265,61.13207547169811
1min,12,60,30,0.05,0.03,2.436500000000038,73,42.465753424657535
5min,6,50,50,0.03,0.01,2.4365000000000236,126,32.53968253968254
5min,3,10,10,0.01,0.03,2.4349999999999596,145,77.93103448275862
0.5min,9,15,10,0.02,0.02,2.4330000000000496,80,56.25
5min,3,20,20,0.05,0.01,2.4329999999999785,109,22.93577981651376
1min,3,26,10,0.03,0.02,2.43299999999995,226,42.92035398230089
5min,3,15,10,0.02,0.03,2.432999999999936,127,63.77952755905512
5min,12,20,20,0.02,0.01,2.428999999999988,104,45.19230769230769
5min,6,15,30,0.03,0.03,2.427999999999983,51,58.82352941176471
15min,6,15,50,0.02,0.02,2.4274999999999665,41,68.29268292682927
15min,12,20,30,0.02,0.01,2.425499999999971,49,55.10204081632652
0.5min,6,50,30,0.03,0.02,2.4239999999999924,99,45.45454545454545
5min,6,20,30,0.02,0.01,2.423000000000016,126,42.857142857142854
5min,3,26,20,0.05,0.01,2.4214999999999947,115,22.608695652173914
0.5min,9,50,10,0.03,0.03,2.4209999999999496,193,51.813471502590666
0.5min,6,60,10,0.03,0.03,2.4205000000000325,205,51.707317073170735
5min,3,60,50,0.01,0.03,2.4199999999999022,133,78.19548872180451
5min,3,20,30,0.02,0.03,2.419999999999874,102,64.70588235294117
1min,6,60,20,0.02,0.02,2.4165000000000987,261,52.490421455938694
5min,6,20,50,0.05,0.01,2.4154999999999944,46,30.434782608695656
1min,3,50,10,0.03,0.02,2.4144999999999186,250,42.4
15min,6,10,10,0.01,0.03,2.41350000000007,66,83.33333333333334
1min,3,26,30,0.05,0.03,2.409499999999966,66,42.42424242424242
15min,6,15,30,0.01,0.03,2.4090000000000487,58,84.48275862068965
0.5min,3,50,10,0.02,0.02,2.4070000000000533,354,50.847457627118644
5min,12,60,20,0.01,0.02,2.4039999999999253,197,69.54314720812182
0.5min,6,26,30,0.02,0.02,2.402500000000032,68,57.35294117647059
5min,12,50,20,0.01,0.02,2.402499999999961,187,69.5187165775401
1min,6,26,20,0.05,0.02,2.401500000000098,98,33.6734693877551
15min,3,20,30,0.02,0.01,2.4014999999999844,69,49.275362318840585
15min,12,15,30,0.03,0.02,2.4004999999999797,17,76.47058823529412
1min,3,15,30,0.05,0.03,2.3965000000000174,39,46.15384615384615
0.5min,6,26,30,0.05,0.02,2.396000000000015,42,38.095238095238095
5min,6,50,50,0.01,0.03,2.3940000000000197,130,78.46153846153847
1min,3,60,10,0.02,0.03,2.3924999999999557,272,61.029411764705884
5min,3,50,30,0.01,0.03,2.389499999999913,147,77.55102040816327
0.5min,9,60,10,0.03,0.03,2.3884999999999934,199,51.75879396984925
15min,12,50,30,0.02,0.01,2.3864999999999554,82,46.34146341463415
1min,9,50,10,0.02,0.03,2.380499999999927,248,61.29032258064516
1min,12,26,10,0.05,0.02,2.380000000000095,122,32.78688524590164
0.5min,9,60,20,0.02,0.03,2.3780000000000143,189,61.37566137566137
15min,6,10,30,0.02,0.02,2.3764999999999787,38,71.05263157894737
5min,6,20,20,0.02,0.01,2.3750000000000284,160,41.25
0.5min,3,60,10,0.05,0.01,2.3729999999999905,312,19.230769230769234
5min,3,60,10,0.02,0.03,2.3729999999998626,141,63.12056737588653
0.5min,6,10,10,0.02,0.03,2.370999999999981,61,65.57377049180327
5min,12,15,20,0.05,0.01,2.3684999999999974,19,47.368421052631575
15min,3,10,50,0.02,0.02,2.3679999999999524,35,71.42857142857143
15min,9,20,50,0.03,0.02,2.365499999999969,40,55.00000000000001
5min,9,20,50,0.05,0.02,2.359999999999971,25,48.0
0.5min,3,10,20,0.03,0.02,2.3569999999999993,56,50.0
1min,9,60,30,0.03,0.02,2.356500000000011,137,44.52554744525548
0.5min,12,50,10,0.05,0.01,2.3525000000002336,233,19.742489270386265
5min,12,20,20,0.03,0.01,2.3514999999999873,90,35.55555555555556
15min,9,15,50,0.02,0.01,2.3504999999999825,20,85.0
5min,9,50,30,0.03,0.02,2.3484999999998877,113,45.13274336283185
5min,6,50,30,0.01,0.03,2.345499999999987,151,77.48344370860927
5min,12,20,10,0.01,0.03,2.3440000000000083,148,77.7027027027027
5min,9,26,30,0.01,0.03,2.34350000000002,119,78.99159663865547
5min,3,26,30,0.05,0.01,2.3434999999999917,105,22.857142857142858
15min,6,26,50,0.01,0.03,2.343000000000046,61,83.60655737704919
5min,3,60,10,0.05,0.01,2.340999999999994,133,21.804511278195488
5min,9,15,30,0.03,0.03,2.3404999999999916,32,65.625
5min,6,60,50,0.01,0.03,2.3370000000000175,137,78.1021897810219
5min,3,50,20,0.05,0.01,2.3370000000000175,116,22.413793103448278
0.5min,9,50,10,0.05,0.01,2.335500000000053,255,19.607843137254903
0.5min,3,60,10,0.02,0.03,2.3335000000000434,301,60.13289036544851
5min,3,50,10,0.02,0.03,2.333499999999873,136,63.23529411764706
5min,12,20,30,0.03,0.03,2.3289999999999793,40,62.5
15min,12,20,50,0.03,0.03,2.328499999999991,18,77.77777777777779
15min,12,26,20,0.02,0.02,2.3229999999999364,72,59.72222222222222
5min,9,50,50,0.01,0.03,2.316500000000005,128,78.125
15min,3,15,20,0.02,0.01,2.3159999999999883,73,47.94520547945205
5min,6,60,10,0.03,0.01,2.3150000000000546,173,30.63583815028902
5min,3,20,30,0.05,0.02,2.313499999999962,74,35.13513513513514
5min,3,26,10,0.01,0.03,2.3119999999999266,164,76.82926829268293
1min,3,60,10,0.02,0.02,2.3115000000000094,331,51.66163141993958
15min,3,26,50,0.01,0.03,2.310000000000045,65,83.07692307692308
1min,6,60,30,0.05,0.02,2.3085000000000946,117,32.47863247863248
0.5min,6,60,10,0.02,0.02,2.3080000000001064,335,50.74626865671642
5min,9,20,10,0.01,0.03,2.3055000000000234,162,77.1604938271605
5min,6,15,50,0.03,0.03,2.3049999999999784,30,66.66666666666666
0.5min,12,60,10,0.02,0.03,2.3045000000001465,256,60.546875
1min,3,60,10,0.03,0.03,2.3034999999999286,214,51.86915887850467
15min,3,20,30,0.01,0.03,2.2995000000000374,69,82.6086956521739
5min,9,60,30,0.03,0.02,2.2989999999998787,118,44.91525423728814
1min,6,60,30,0.02,0.03,2.298500000000061,164,62.19512195121951
15min,12,26,50,0.02,0.01,2.2969999999999686,48,54.166666666666664
15min,6,10,50,0.03,0.01,2.2930000000000064,14,78.57142857142857
5min,3,15,20,0.02,0.03,2.292999999999907,109,64.22018348623854
15min,9,15,50,0.02,0.03,2.291499999999971,20,90.0
15min,3,15,50,0.02,0.02,2.290999999999954,54,62.96296296296296
5min,12,60,50,0.01,0.03,2.290499999999966,127,77.95275590551181
5min,12,60,30,0.01,0.03,2.2894999999999612,154,77.27272727272727
15min,9,15,30,0.02,0.02,2.2854999999999706,44,65.9090909090909
15min,9,50,30,0.02,0.02,2.2854999999999563,78,58.97435897435898
5min,3,20,20,0.01,0.03,2.285499999999928,146,77.3972602739726
5min,9,60,30,0.01,0.03,2.28449999999998,158,77.21518987341773
5min,3,10,20,0.05,0.01,2.282000000000025,77,24.675324675324674
15min,9,10,10,0.02,0.03,2.278999999999982,18,94.44444444444444
5min,3,15,20,0.03,0.03,2.277499999999961,83,55.42168674698795
1min,9,50,10,0.03,0.03,2.2770000000000294,185,51.891891891891895
5min,6,20,50,0.02,0.03,2.2769999999999584,49,71.42857142857143
5min,9,20,30,0.02,0.02,2.2769999999999158,86,58.139534883720934
5min,9,20,50,0.03,0.03,2.275999999999982,30,66.66666666666666
1min,6,26,20,0.05,0.03,2.274999999999963,84,41.66666666666667
15min,3,10,50,0.02,0.01,2.2739999999999725,35,62.857142857142854
0.5min,9,60,10,0.02,0.02,2.2735000000002117,313,50.798722044728436
1min,6,26,10,0.03,0.03,2.270000000000067,168,52.38095238095239
0.5min,3,10,20,0.02,0.03,2.2675000000000125,60,65.0
5min,6,15,50,0.05,0.01,2.2664999999999935,31,35.483870967741936
0.5min,6,60,30,0.03,0.02,2.265500000000017,123,43.90243902439025
5min,3,50,20,0.02,0.03,2.264999999999887,123,63.41463414634146
5min,9,60,50,0.01,0.03,2.26100000000001,131,77.86259541984732
0.5min,6,50,50,0.02,0.02,2.2594999999999885,58,58.620689655172406
1min,3,20,20,0.05,0.03,2.258500000000083,88,40.909090909090914
15min,9,26,10,0.01,0.03,2.2555000000000547,79,81.0126582278481
15min,6,20,50,0.01,0.03,2.2555000000000405,49,85.71428571428571
0.5min,3,10,10,0.05,0.03,2.255500000000012,109,40.36697247706422
1min,3,60,30,0.05,0.03,2.2545000000000783,104,40.38461538461539
0.5min,12,60,10,0.05,0.01,2.250500000000173,255,19.607843137254903
5min,9,15,20,0.05,0.01,2.2505000000000166,60,26.666666666666668
0.5min,9,60,20,0.05,0.03,2.247500000000059,104,40.38461538461539
5min,6,10,20,0.05,0.03,2.2435000000000116,33,48.484848484848484
15min,6,26,30,0.01,0.03,2.2410000000000565,71,81.69014084507043
5min,9,60,20,0.01,0.03,2.239499999999964,172,76.74418604651163
15min,9,20,20,0.01,0.03,2.2385000000000446,71,81.69014084507043
5min,9,50,20,0.01,0.03,2.234499999999997,164,76.82926829268293
1min,9,60,10,0.03,0.03,2.2335000000000065,186,52.1505376344086
0.5min,3,10,20,0.03,0.03,2.2309999999999945,52,57.692307692307686
5min,6,50,30,0.03,0.01,2.2285000000000252,143,31.46853146853147
1min,6,50,30,0.05,0.03,2.2284999999999826,84,41.66666666666667
15min,6,20,10,0.01,0.03,2.227500000000049,79,81.0126582278481
1min,12,60,20,0.03,0.03,2.2275000000000347,144,52.77777777777778
5min,6,26,10,0.03,0.01,2.2245000000000488,162,30.864197530864196
5min,6,50,20,0.03,0.01,2.22300000000007,155,30.967741935483872
0.5min,3,20,10,0.05,0.03,2.2145000000001147,146,38.35616438356164
1min,9,50,20,0.05,0.03,2.214500000000058,103,40.77669902912621
15min,3,15,10,0.02,0.01,2.2124999999999773,77,46.75324675324675
5min,3,10,20,0.01,0.03,2.2124999999999346,97,79.38144329896907
5min,3,26,30,0.01,0.03,2.20649999999992,137,77.37226277372264
15min,9,10,10,0.02,0.01,2.205999999999989,18,88.88888888888889
0.5min,3,26,50,0.02,0.02,2.2059999999999462,45,60.0
15min,12,20,50,0.02,0.01,2.2044999999999817,22,77.27272727272727
0.5min,6,60,30,0.02,0.03,2.201000000000022,145,61.37931034482759
0.5min,6,60,10,0.02,0.01,2.2005000000000905,479,35.699373695198325
1min,9,60,30,0.05,0.03,2.196000000000012,82,41.46341463414634
15min,6,10,20,0.02,0.02,2.195999999999941,49,63.26530612244898
15min,12,15,20,0.02,0.01,2.1914999999999765,25,72.0
5min,6,26,30,0.02,0.01,2.1885000000000474,155,40.64516129032258
15min,3,26,30,0.01,0.03,2.1870000000000402,75,81.33333333333333
1min,9,60,30,0.02,0.03,2.184999999999974,148,62.16216216216216
1min,6,60,10,0.02,0.01,2.175000000000125,445,36.62921348314607
5min,6,60,30,0.01,0.03,2.162499999999966,160,76.875
5min,6,10,20,0.05,0.01,2.160500000000013,44,29.545454545454547
0.5min,6,20,20,0.02,0.02,2.1595000000000653,90,54.44444444444444
15min,12,60,30,0.03,0.02,2.1564999999999657,77,46.75324675324675
15min,12,20,50,0.02,0.02,2.1514999999999844,22,81.81818181818183
15min,12,20,30,0.02,0.02,2.1504999999999512,49,63.26530612244898
0.5min,12,26,10,0.05,0.01,2.149000000000129,145,20.689655172413794
5min,3,50,20,0.03,0.03,2.1479999999999535,92,54.347826086956516
15min,9,15,50,0.02,0.02,2.1474999999999795,20,85.0
15min,12,26,50,0.02,0.02,2.145999999999958,47,63.829787234042556
15min,9,15,10,0.01,0.03,2.1440000000000623,70,81.42857142857143
0.5min,3,10,10,0.05,0.02,2.142999999999944,120,31.666666666666664
15min,9,20,50,0.02,0.02,2.1379999999999626,43,65.11627906976744
15min,12,15,30,0.03,0.03,2.1369999999999862,15,80.0
0.5min,3,15,30,0.03,0.02,2.136499999999984,53,49.056603773584904
5min,12,26,20,0.01,0.01,2.1360000000001094,190,55.78947368421052
1min,9,60,10,0.02,0.02,2.130000000000024,317,51.73501577287066
15min,9,60,30,0.02,0.02,2.1279999999999575,81,58.0246913580247
1min,9,20,10,0.05,0.03,2.126999999999981,93,40.86021505376344
1min,6,60,10,0.03,0.01,2.1245000000001255,346,28.32369942196532
5min,12,60,10,0.01,0.02,2.1239999999999384,212,68.39622641509435
1min,3,60,50,0.05,0.02,2.121000000000052,81,33.33333333333333
15min,12,50,20,0.02,0.02,2.118999999999943,81,58.0246913580247
5min,6,26,50,0.05,0.02,2.1184999999999405,55,36.36363636363637
5min,6,26,50,0.02,0.01,2.1129999999999853,104,43.269230769230774
5min,6,50,10,0.03,0.01,2.11200000000008,171,30.409356725146196
5min,12,20,30,0.03,0.01,2.1095000000000113,51,41.17647058823529
1min,12,60,30,0.02,0.03,2.108500000000049,133,62.40601503759399
1min,6,50,20,0.03,0.02,2.1085000000000207,182,42.857142857142854
0.5min,6,15,20,0.02,0.03,2.1044999999999874,53,66.0377358490566
5min,9,26,30,0.03,0.02,2.1019999999999044,97,45.36082474226804
5min,3,60,20,0.05,0.02,2.1009999999999565,99,33.33333333333333
1min,12,50,10,0.02,0.03,2.0995000000000346,241,60.99585062240664
1min,12,50,30,0.05,0.03,2.0995000000000203,62,41.935483870967744
15min,9,26,50,0.01,0.03,2.09850000000003,55,83.63636363636363
5min,3,15,30,0.05,0.01,2.098499999999987,80,23.75
5min,6,20,20,0.03,0.01,2.0970000000000226,132,31.818181818181817
5min,3,50,50,0.01,0.03,2.096999999999923,129,77.51937984496125
5min,6,10,20,0.03,0.03,2.095499999999987,40,60.0
5min,9,50,30,0.01,0.03,2.095499999999987,152,76.97368421052632
5min,9,60,20,0.03,0.02,2.0944999999998686,127,44.09448818897638
5min,3,60,10,0.05,0.02,2.0929999999999183,109,33.02752293577982
5min,3,20,10,0.01,0.03,2.09249999999993,166,76.50602409638554
5min,6,15,20,0.02,0.01,2.092000000000013,130,41.53846153846154
5min,9,26,50,0.03,0.01,2.091499999999968,74,36.486486486486484
1min,6,50,20,0.02,0.03,2.091000000000122,200,61.5
1min,9,50,30,0.03,0.03,2.0910000000000792,105,53.333333333333336
15min,6,10,50,0.03,0.02,2.0889999999999986,14,78.57142857142857
5min,3,50,10,0.03,0.03,2.0874999999999346,100,54.0
1min,3,50,20,0.05,0.02,2.0870000000000033,144,31.25
15min,6,26,10,0.01,0.03,2.0865000000000578,81,80.24691358024691
15min,9,20,10,0.01,0.03,2.0860000000000554,77,80.51948051948052
5min,3,15,30,0.03,0.03,2.085499999999982,66,56.060606060606055
5min,3,50,50,0.02,0.02,2.084999999999937,121,54.54545454545454
5min,3,60,10,0.03,0.03,2.083999999999932,102,53.92156862745098
1min,12,60,20,0.05,0.02,2.0810000000000883,138,31.88405797101449
15min,12,15,30,0.02,0.01,2.0804999999999865,18,83.33333333333334
15min,6,26,50,0.01,0.02,2.07950000000001,64,76.5625
5min,12,20,50,0.03,0.03,2.078499999999977,23,69.56521739130434
5min,9,20,30,0.02,0.01,2.076499999999996,97,44.329896907216494
1min,3,60,30,0.05,0.02,2.076000000000036,123,31.70731707317073
5min,9,15,20,0.05,0.03,2.0755000000000052,38,47.368421052631575
1min,6,50,30,0.02,0.02,2.073500000000152,171,53.216374269005854
0.5min,6,50,50,0.02,0.03,2.0704999999999956,53,66.0377358490566
15min,9,10,10,0.02,0.02,2.069499999999991,18,88.88888888888889
15min,6,15,10,0.01,0.03,2.0685000000000713,73,80.82191780821918
0.5min,9,15,10,0.03,0.02,2.068500000000057,61,47.540983606557376
5min,12,15,20,0.03,0.03,2.066999999999993,21,71.42857142857143
5min,12,50,30,0.01,0.02,2.0639999999999787,172,69.18604651162791
0.5min,3,50,10,0.02,0.03,2.063000000000116,296,59.797297297297305
5min,3,60,50,0.02,0.02,2.0619999999999266,123,54.47154471544715
5min,6,60,50,0.03,0.01,2.060999999999993,131,31.297709923664126
5min,9,26,50,0.02,0.01,2.0599999999999596,85,45.88235294117647
0.5min,3,10,20,0.05,0.01,2.057000000000002,60,25.0
0.5min,12,50,10,0.03,0.03,2.0559999999999974,191,51.30890052356021
1min,3,60,30,0.03,0.03,2.050500000000028,154,51.94805194805194
1min,3,15,10,0.05,0.02,2.0485000000000895,145,31.03448275862069
5min,6,20,10,0.03,0.01,2.0460000000000633,160,30.625000000000004
0.5min,9,15,10,0.05,0.02,2.0440000000000396,48,35.41666666666667
5min,3,15,50,0.05,0.03,2.0430000000000206,36,47.22222222222222
0.5min,6,20,30,0.02,0.02,2.042999999999978,51,58.82352941176471
1min,3,26,10,0.05,0.02,2.0419999999999874,172,30.813953488372093
5min,9,50,10,0.01,0.03,2.038499999999999,177,76.27118644067797
0.5min,3,20,10,0.02,0.02,2.037999999999954,277,50.90252707581227
5min,9,26,50,0.03,0.02,2.036999999999935,64,48.4375
5min,12,26,50,0.03,0.03,2.0359999999999587,39,61.53846153846154
5min,9,20,10,0.03,0.02,2.0359999999999303,122,44.26229508196721
5min,3,15,10,0.01,0.03,2.034999999999954,161,76.3975155279503
0.5min,9,26,20,0.02,0.02,2.034500000000037,85,54.11764705882353
5min,9,60,10,0.01,0.03,2.03449999999998,184,76.08695652173914
0.5min,6,60,30,0.02,0.02,2.032499999999999,161,52.17391304347826
15min,12,50,30,0.03,0.02,2.0304999999999325,73,46.57534246575342
1min,3,26,10,0.05,0.03,2.027499999999975,141,39.71631205673759
15min,6,15,50,0.01,0.03,2.0265000000000555,43,86.04651162790698
15min,3,26,20,0.01,0.03,2.0250000000000625,81,80.24691358024691
0.5min,9,60,20,0.02,0.02,2.0235000000001406,217,51.61290322580645
0.5min,3,15,30,0.05,0.03,2.0234999999999843,36,44.44444444444444
15min,12,15,30,0.02,0.03,2.0214999999999748,18,88.88888888888889
0.5min,3,20,20,0.05,0.01,2.021000000000029,123,21.138211382113823
15min,12,15,20,0.02,0.02,2.020499999999984,25,76.0
5min,3,26,50,0.01,0.03,2.0149999999999437,95,78.94736842105263
0.5min,3,60,20,0.05,0.01,2.014500000000126,223,19.730941704035875
15min,9,10,20,0.05,0.01,2.0095000000000027,8,75.0
5min,3,15,30,0.01,0.03,2.0084999999999553,98,78.57142857142857
15min,6,20,30,0.01,0.02,2.006500000000017,69,75.36231884057972
1min,6,50,10,0.03,0.01,2.0060000000000855,333,28.22822822822823
1min,12,50,10,0.05,0.01,2.006000000000057,267,19.475655430711612
5min,6,10,10,0.01,0.03,2.005499999999998,114,78.0701754385965
15min,6,50,10,0.01,0.03,2.004000000000019,95,78.94736842105263
15min,9,60,50,0.02,0.02,2.002499999999955,74,58.108108108108105
1min,3,20,10,0.05,0.03,2.001000000000076,131,39.69465648854962
5min,6,10,10,0.05,0.02,1.9999999999999574,66,34.84848484848485
5min,3,60,30,0.01,0.03,1.9999999999999005,153,76.47058823529412
0.5min,6,10,10,0.05,0.03,1.9994999999999974,39,43.58974358974359
5min,3,10,20,0.02,0.03,1.9984999999999502,83,65.06024096385542
5min,12,26,10,0.01,0.02,1.9959999999999807,190,68.42105263157895
15min,3,10,30,0.01,0.03,1.9945000000000448,61,81.9672131147541
15min,9,20,30,0.01,0.03,1.99350000000004,61,81.9672131147541
15min,6,20,50,0.01,0.02,1.991000000000028,49,79.59183673469387
15min,9,26,50,0.01,0.02,1.9905000000000113,55,78.18181818181819
15min,9,15,20,0.01,0.03,1.9860000000000468,57,82.45614035087719
1min,9,60,20,0.03,0.03,1.9860000000000326,155,52.25806451612903
0.5min,6,15,10,0.05,0.01,1.984500000000068,136,20.588235294117645
0.5min,12,60,20,0.05,0.02,1.984499999999997,124,31.451612903225808
0.5min,3,50,30,0.05,0.03,1.9815000000000111,92,40.21739130434783
5min,6,15,30,0.05,0.01,1.9800000000000324,63,25.396825396825395
5min,6,10,10,0.02,0.01,1.9790000000000134,125,41.6
5min,6,10,10,0.02,0.03,1.9734999999999159,92,64.13043478260869
15min,6,60,20,0.01,0.03,1.9710000000000178,94,78.72340425531915
0.5min,6,60,20,0.03,0.02,1.9705000000001434,187,42.24598930481284
15min,6,60,10,0.01,0.03,1.9665000000000248,98,78.57142857142857
5min,3,15,30,0.02,0.03,1.965499999999892,82,64.63414634146342
0.5min,6,60,20,0.05,0.03,1.9615000000000862,117,39.31623931623932
5min,6,26,30,0.01,0.03,1.9600000000000222,132,77.27272727272727
15min,6,50,50,0.01,0.03,1.9580000000000553,75,80.0
0.5min,6,10,10,0.03,0.03,1.9579999999999698,49,57.14285714285714
5min,12,15,10,0.05,0.02,1.9579999999999418,45,37.77777777777778
0.5min,3,20,20,0.02,0.02,1.9570000000000647,148,52.02702702702703
0.5min,9,60,20,0.03,0.03,1.9570000000000076,139,51.798561151079134
0.5min,3,60,10,0.03,0.02,1.9565000000000765,278,41.36690647482014
15min,3,10,10,0.01,0.03,1.9560000000000597,72,80.55555555555556
1min,9,50,30,0.05,0.03,1.955000000000027,73,41.0958904109589
15min,3,60,10,0.01,0.03,1.9525000000000574,102,78.43137254901961
1min,6,10,10,0.05,0.02,1.9525000000000574,51,35.294117647058826
1min,3,60,30,0.03,0.02,1.9460000000000124,178,42.69662921348314
0.5min,3,10,10,0.02,0.02,1.942999999999941,180,51.66666666666667
5min,12,60,50,0.01,0.01,1.9420000000000357,169,55.62130177514793
5min,6,15,50,0.02,0.03,1.9374999999999716,37,72.97297297297297
0.5min,3,50,10,0.05,0.01,1.936499999999981,309,19.093851132686083
5min,12,26,20,0.01,0.02,1.9325000000000048,165,69.0909090909091
0.5min,3,60,10,0.03,0.03,1.9320000000001016,222,50.45045045045045
5min,6,20,30,0.01,0.03,1.9265000000000327,109,77.98165137614679
0.5min,3,26,30,0.05,0.02,1.9264999999999188,68,33.82352941176471
0.5min,6,60,20,0.02,0.03,1.9235000000001463,207,60.38647342995169
5min,9,15,30,0.05,0.02,1.9219999999999828,28,42.857142857142854
15min,12,15,50,0.05,0.01,1.9200000000000157,9,66.66666666666666
0.5min,9,26,20,0.03,0.02,1.9175000000000324,67,46.26865671641791
0.5min,9,26,20,0.05,0.02,1.9170000000000302,52,34.61538461538461
5min,12,50,50,0.01,0.03,1.9144999999999757,115,77.39130434782608
5min,9,50,20,0.03,0.02,1.9144999999998902,123,43.90243902439025
5min,6,26,30,0.03,0.01,1.9135000000000277,128,31.25
15min,6,10,20,0.01,0.03,1.9105000000000558,52,82.6923076923077
1min,12,50,10,0.02,0.02,1.9100000000001103,305,51.47540983606558
15min,3,15,50,0.01,0.03,1.9050000000000438,56,82.14285714285714
1min,3,50,20,0.03,0.03,1.9045000000000412,178,51.68539325842697
0.5min,3,20,10,0.05,0.02,1.9039999999999395,168,30.357142857142854
5min,12,60,20,0.01,0.01,1.8985000000000127,228,54.385964912280706
5min,12,15,10,0.02,0.03,1.8979999999999535,59,67.79661016949152
0.5min,3,20,30,0.05,0.02,1.8974999999999937,49,34.69387755102041
0.5min,6,20,30,0.03,0.02,1.8964999999999608,41,51.21951219512195
15min,6,10,50,0.03,0.03,1.8910000000000051,12,83.33333333333334
5min,3,15,20,0.01,0.03,1.8909999999999487,131,77.09923664122137
0.5min,3,50,50,0.02,0.02,1.8900000000000292,80,53.75
15min,3,26,10,0.01,0.03,1.8895000000000692,83,79.51807228915662
5min,12,60,30,0.01,0.02,1.889499999999927,181,68.50828729281768
0.5min,6,50,50,0.03,0.02,1.88749999999996,44,50.0
5min,6,26,50,0.02,0.02,1.883999999999929,94,55.319148936170215
1min,9,60,30,0.02,0.02,1.8830000000001235,178,52.80898876404494
5min,6,20,20,0.01,0.03,1.8830000000000098,139,76.97841726618705
1min,6,50,30,0.02,0.03,1.8815000000000168,144,61.80555555555556
15min,9,26,20,0.01,0.03,1.8810000000000426,74,79.72972972972973
15min,3,20,10,0.01,0.03,1.8805000000000547,79,79.74683544303798
15min,12,15,30,0.02,0.02,1.8774999999999833,18,83.33333333333334
0.5min,3,20,30,0.03,0.02,1.876000000000019,62,46.774193548387096
1min,12,50,30,0.05,0.02,1.8750000000001137,82,32.926829268292686
1min,3,50,20,0.05,0.03,1.8695000000000306,119,39.49579831932773
15min,9,10,20,0.05,0.02,1.8684999999999972,8,75.0
5min,3,10,20,0.03,0.03,1.8664999999999452,65,55.38461538461539
0.5min,6,15,20,0.03,0.03,1.861999999999995,42,57.14285714285714
5min,3,26,10,0.02,0.02,1.8619999999999237,151,53.64238410596026
1min,9,60,20,0.05,0.02,1.8595000000000539,144,31.25
1min,3,10,30,0.05,0.03,1.8585000000000347,23,47.82608695652174
5min,9,26,10,0.03,0.02,1.8574999999999449,123,43.90243902439025
1min,6,26,10,0.02,0.03,1.8565000000000114,212,60.84905660377359
1min,9,60,10,0.03,0.02,1.8560000000000656,234,42.30769230769231
15min,3,50,10,0.01,0.03,1.8560000000000514,97,78.35051546391753
15min,3,20,50,0.01,0.03,1.853000000000051,59,81.35593220338984
1min,3,60,20,0.02,0.02,1.8525000000000773,276,51.449275362318836
15min,3,15,30,0.01,0.03,1.8500000000000512,63,80.95238095238095
5min,9,50,50,0.01,0.01,1.8495000000000914,176,55.11363636363637
15min,12,26,30,0.01,0.02,1.8485000000000016,67,74.6268656716418
0.5min,6,15,20,0.05,0.02,1.8449999999999565,34,38.23529411764706
5min,3,50,30,0.02,0.02,1.8424999999999585,134,53.73134328358209
0.5min,6,20,30,0.02,0.03,1.8414999999999964,47,65.95744680851064
15min,6,15,30,0.01,0.02,1.84050000000002,61,75.40983606557377
1min,12,50,20,0.05,0.02,1.83850000000011,125,32.0
5min,3,50,50,0.02,0.01,1.8379999999999797,140,40.0
0.5min,6,60,20,0.02,0.02,1.837500000000162,237,51.0548523206751
0.5min,9,50,30,0.05,0.03,1.8370000000000175,58,41.37931034482759
0.5min,6,50,30,0.05,0.03,1.8355000000000103,69,40.57971014492754
1min,3,10,30,0.05,0.02,1.835000000000022,28,39.285714285714285
15min,6,50,30,0.01,0.03,1.8335000000000292,89,78.65168539325843
15min,6,15,30,0.01,0.01,1.8325000000000244,61,65.57377049180327
15min,3,60,30,0.01,0.03,1.8315000000000197,93,78.49462365591397
15min,12,20,20,0.01,0.03,1.8305000000000289,63,80.95238095238095
0.5min,3,20,50,0.02,0.02,1.8264999999999958,33,60.60606060606061
15min,9,20,20,0.01,0.02,1.825000000000003,75,73.33333333333333
15min,12,60,30,0.02,0.02,1.823499999999953,83,56.62650602409639
0.5min,3,60,50,0.05,0.01,1.8205000000000238,83,22.89156626506024
5min,3,26,30,0.02,0.02,1.8174999999999528,126,53.96825396825397
5min,3,20,30,0.01,0.03,1.8149999999999267,122,77.04918032786885
5min,12,26,10,0.01,0.01,1.8140000000000922,223,54.26008968609865
5min,12,26,50,0.03,0.01,1.8139999999999787,51,39.21568627450981
5min,6,60,30,0.03,0.01,1.8115000000000376,152,30.263157894736842
15min,6,26,30,0.01,0.02,1.8115000000000234,75,73.33333333333333
15min,6,10,30,0.01,0.03,1.8105000000000613,39,87.17948717948718
15min,6,20,20,0.01,0.02,1.8095000000000285,75,73.33333333333333
15min,9,20,30,0.01,0.02,1.8075000000000045,64,75.0
0.5min,3,50,30,0.03,0.02,1.8074999999999761,131,42.74809160305343
5min,12,50,10,0.01,0.01,1.8040000000000875,237,54.008438818565395
0.5min,12,60,10,0.03,0.02,1.8019999999999783,238,41.596638655462186
5min,12,60,10,0.01,0.01,1.8000000000000824,247,53.84615384615385
5min,12,20,30,0.02,0.01,1.8000000000000256,59,49.152542372881356
15min,9,50,50,0.01,0.03,1.7985000000000468,69,79.71014492753623
0.5min,6,50,30,0.03,0.03,1.7970000000000395,89,52.80898876404494
0.5min,12,60,20,0.03,0.02,1.795999999999978,154,42.2077922077922
5min,6,10,10,0.02,0.02,1.7939999999999543,110,54.54545454545454
15min,6,60,20,0.01,0.02,1.792999999999978,98,71.42857142857143
15min,9,26,30,0.01,0.03,1.7895000000000465,69,79.71014492753623
5min,12,50,30,0.01,0.01,1.7890000000000583,199,54.2713567839196
5min,12,60,50,0.01,0.02,1.7884999999999565,150,68.66666666666667
15min,3,50,20,0.01,0.03,1.7865000000000322,93,78.49462365591397
0.5min,3,15,20,0.05,0.02,1.7859999999999872,79,32.91139240506329
5min,3,26,20,0.02,0.02,1.7839999999999492,138,53.62318840579711
5min,6,15,20,0.01,0.03,1.7835000000000034,115,77.39130434782608
15min,9,50,10,0.01,0.03,1.7830000000000297,92,78.26086956521739
15min,6,15,20,0.01,0.02,1.7790000000000532,69,73.91304347826086
5min,12,15,10,0.03,0.01,1.7774999999999608,63,36.507936507936506
1min,6,50,50,0.05,0.02,1.7765000000000555,58,34.48275862068966
15min,6,60,30,0.01,0.03,1.7765000000000128,92,78.26086956521739
5min,9,60,30,0.01,0.02,1.7764999999999702,183,68.30601092896174
15min,3,10,20,0.01,0.03,1.7735000000000551,66,80.3030303030303
1min,9,50,30,0.02,0.03,1.771000000000086,136,61.76470588235294
15min,6,60,50,0.01,0.03,1.7710000000000292,84,78.57142857142857
5min,3,60,50,0.02,0.01,1.7629999999999768,144,39.58333333333333
15min,3,60,20,0.01,0.03,1.760500000000036,96,78.125
1min,6,10,10,0.05,0.03,1.757000000000062,42,42.857142857142854
5min,6,20,50,0.02,0.01,1.7560000000000002,65,47.69230769230769
5min,6,50,10,0.01,0.03,1.7524999999999693,177,75.70621468926554
1min,9,50,30,0.05,0.01,1.7520000000000806,148,20.27027027027027
15min,12,15,50,0.05,0.03,1.7480000000000047,8,75.0
0.5min,3,26,30,0.02,0.02,1.7479999999999762,103,52.42718446601942
0.5min,3,26,50,0.03,0.02,1.746999999999943,40,50.0
5min,12,20,50,0.05,0.02,1.7444999999999737,19,47.368421052631575
1min,12,26,10,0.03,0.03,1.7439999999999998,127,51.96850393700787
5min,3,15,30,0.05,0.02,1.7439999999999714,61,34.42622950819672
15min,12,50,50,0.01,0.03,1.7435000000000402,69,79.71014492753623
15min,6,20,10,0.01,0.02,1.7425000000000352,83,72.28915662650603
15min,12,20,20,0.01,0.02,1.7394999999999925,63,74.60317460317461
5min,9,50,20,0.01,0.02,1.7394999999999783,190,67.89473684210526
5min,9,26,20,0.01,0.01,1.7390000000001036,200,54.50000000000001
1min,9,60,20,0.03,0.02,1.7380000000000708,192,42.70833333333333
5min,6,15,10,0.03,0.01,1.7355000000000584,152,30.263157894736842
5min,12,20,30,0.02,0.03,1.734999999999971,48,68.75
5min,9,20,50,0.02,0.03,1.7334999999999638,36,72.22222222222221
5min,3,20,10,0.02,0.02,1.731999999999957,152,53.289473684210535
5min,6,60,10,0.01,0.03,1.7304999999999637,181,75.69060773480662
5min,9,20,30,0.03,0.01,1.7290000000000134,83,33.734939759036145
15min,9,10,20,0.05,0.03,1.725999999999999,8,75.0
5min,9,20,30,0.03,0.02,1.7239999999999325,71,46.478873239436616
1min,3,50,20,0.02,0.03,1.7229999999999424,218,60.550458715596335
5min,3,60,10,0.01,0.03,1.7219999999998947,179,75.41899441340783
5min,3,20,50,0.03,0.03,1.7199999999999562,50,56.00000000000001
5min,3,10,20,0.02,0.02,1.7164999999999824,92,55.434782608695656
15min,12,20,10,0.01,0.03,1.7160000000000224,76,78.94736842105263
15min,12,15,50,0.05,0.02,1.7160000000000082,9,66.66666666666666
1min,3,60,10,0.03,0.01,1.7155000000000202,374,27.540106951871657
15min,12,26,10,0.01,0.03,1.7110000000000414,80,78.75
0.5min,6,60,20,0.03,0.03,1.710500000000124,158,51.26582278481012
15min,9,15,50,0.01,0.02,1.7105000000000246,22,95.45454545454545
5min,3,50,20,0.01,0.03,1.7099999999999085,157,75.79617834394905
15min,3,50,30,0.01,0.03,1.709500000000034,92,78.26086956521739
15min,9,60,20,0.01,0.03,1.7090000000000316,91,78.02197802197803
5min,3,50,30,0.02,0.01,1.7069999999999936,159,38.9937106918239
15min,9,15,20,0.01,0.02,1.70650000000002,57,75.43859649122807
5min,12,20,50,0.03,0.01,1.705499999999958,27,48.148148148148145
5min,9,50,30,0.01,0.01,1.7050000000000693,203,54.187192118226605
15min,6,50,20,0.01,0.03,1.7040000000000217,91,78.02197802197803
15min,6,10,50,0.02,0.03,1.702999999999989,14,92.85714285714286
5min,3,26,50,0.05,0.02,1.7029999999999748,58,34.48275862068966
5min,3,60,30,0.02,0.02,1.7029999999999461,139,53.23741007194245
15min,12,50,30,0.02,0.02,1.7009999999999366,78,56.41025641025641
5min,12,50,50,0.01,0.01,1.7005000000000479,147,55.78231292517006
5min,6,15,50,0.05,0.02,1.6989999999999696,26,42.30769230769231
5min,3,60,20,0.05,0.01,1.6985000000000239,124,20.967741935483872
0.5min,6,26,20,0.05,0.01,1.6974999999999911,107,20.5607476635514
0.5min,6,20,10,0.05,0.02,1.697000000000017,134,30.597014925373134
15min,6,15,50,0.01,0.02,1.6965000000000432,43,79.06976744186046
5min,3,50,10,0.01,0.03,1.6964999999998867,171,75.43859649122807
5min,9,60,50,0.01,0.01,1.6955000000000953,180,54.44444444444444
0.5min,6,10,10,0.05,0.01,1.6955000000000382,62,22.58064516129032
5min,3,26,50,0.05,0.01,1.694999999999993,74,22.972972972972975
0.5min,6,50,10,0.05,0.02,1.6949999999999508,185,30.270270270270274
5min,9,60,20,0.01,0.02,1.6949999999999366,198,67.67676767676768
15min,3,50,50,0.01,0.03,1.6915000000000475,84,78.57142857142857
1min,6,20,20,0.03,0.03,1.690500000000057,81,53.086419753086425
1min,3,50,30,0.05,0.02,1.6900000000000261,114,31.57894736842105
15min,9,50,20,0.01,0.03,1.6895000000000377,87,78.16091954022988
5min,9,20,10,0.01,0.01,1.6850000000001017,219,53.88127853881278
1min,3,60,30,0.02,0.03,1.6845000000000852,187,60.962566844919785
5min,9,15,30,0.02,0.03,1.6824999999999761,38,71.05263157894737
15min,9,50,30,0.01,0.03,1.682000000000045,83,78.3132530120482
5min,9,26,20,0.01,0.02,1.6800000000000068,170,68.23529411764706
5min,12,20,10,0.01,0.01,1.6795000000000897,202,54.45544554455446
5min,6,20,50,0.02,0.02,1.6794999999999904,59,59.32203389830508
5min,9,15,30,0.03,0.01,1.6784999999999999,38,42.10526315789473
5min,6,26,10,0.01,0.02,1.6744999999999948,192,67.70833333333334
5min,3,50,50,0.03,0.01,1.673999999999964,120,30.833333333333336
5min,3,50,20,0.02,0.02,1.673999999999964,143,53.14685314685315
15min,3,15,10,0.01,0.03,1.6735000000000468,76,78.94736842105263
15min,6,26,20,0.01,0.02,1.6735000000000326,79,72.15189873417721
5min,12,50,20,0.01,0.01,1.6700000000000301,218,53.669724770642205
15min,9,15,30,0.01,0.03,1.6690000000000538,46,82.6086956521739
0.5min,3,15,10,0.05,0.02,1.6684999999999377,156,30.128205128205128
1min,6,26,10,0.03,0.02,1.6680000000000064,203,42.364532019704434
15min,9,50,50,0.01,0.02,1.6675000000000324,73,72.6027397260274
1min,9,50,30,0.02,0.02,1.6650000000002052,161,52.79503105590062
0.5min,9,20,20,0.03,0.02,1.6644999999999612,45,48.888888888888886
5min,3,60,50,0.03,0.01,1.6634999999999562,124,30.64516129032258
15min,9,26,30,0.01,0.02,1.6620000000000061,73,72.6027397260274
0.5min,3,10,30,0.02,0.02,1.6599999999999824,34,58.82352941176471
0.5min,3,26,50,0.02,0.03,1.656999999999982,42,64.28571428571429
15min,12,50,50,0.01,0.02,1.65600000000002,73,72.6027397260274
15min,3,20,20,0.01,0.03,1.655000000000044,76,78.94736842105263
15min,6,60,10,0.01,0.02,1.6544999999999845,102,70.58823529411765
5min,9,26,10,0.01,0.02,1.6525000000000318,192,67.70833333333334
0.5min,9,50,50,0.02,0.03,1.651500000000041,46,65.21739130434783
0.5min,12,50,10,0.05,0.02,1.6514999999999846,160,30.625000000000004
5min,6,60,20,0.01,0.03,1.6479999999999817,169,75.7396449704142
15min,3,15,20,0.01,0.03,1.6470000000000624,72,79.16666666666666
5min,12,20,50,0.02,0.01,1.6459999999999582,30,60.0
15min,12,60,50,0.01,0.02,1.6450000000000102,79,72.15189873417721
5min,12,20,10,0.01,0.02,1.6445000000000078,173,68.20809248554913
1min,3,50,10,0.03,0.01,1.6430000000000717,361,27.42382271468144
15min,12,20,50,0.01,0.02,1.6395000000000266,24,91.66666666666666
5min,12,15,20,0.03,0.01,1.639499999999984,24,50.0
15min,12,26,30,0.01,0.03,1.6390000000000242,64,79.6875
0.5min,3,15,20,0.02,0.01,1.6375000000000313,142,38.732394366197184
15min,9,15,50,0.01,0.03,1.637500000000017,22,95.45454545454545
0.5min,9,20,20,0.02,0.02,1.634999999999991,56,55.35714285714286
5min,3,15,10,0.02,0.01,1.6325000000000356,173,38.72832369942196
0.5min,6,50,30,0.02,0.01,1.630499999999941,183,37.704918032786885
0.5min,6,26,10,0.02,0.03,1.630000000000038,222,59.909909909909906
15min,6,10,50,0.02,0.01,1.6299999999999955,14,85.71428571428571
15min,9,15,50,0.01,0.01,1.6295000000000215,22,90.9090909090909
15min,6,15,50,0.01,0.01,1.6285000000000451,43,69.76744186046511
15min,6,50,10,0.01,0.02,1.6269999999999811,99,70.70707070707071
15min,9,26,10,0.01,0.02,1.626000000000019,84,71.42857142857143
5min,12,26,50,0.02,0.03,1.6259999999999621,50,68.0
5min,6,26,50,0.03,0.01,1.6244999999999832,89,32.58426966292135
5min,6,15,50,0.02,0.01,1.6219999999999857,41,53.65853658536586
5min,12,20,50,0.02,0.03,1.621499999999969,28,75.0
15min,6,10,10,0.01,0.02,1.6180000000000516,70,72.85714285714285
0.5min,3,60,20,0.03,0.01,1.6160000000001558,303,28.052805280528055
1min,3,15,10,0.03,0.02,1.616000000000071,195,42.05128205128205
0.5min,6,60,30,0.05,0.02,1.6155000000000115,98,31.63265306122449
5min,6,10,10,0.03,0.01,1.6140000000000185,105,31.428571428571427
0.5min,9,15,10,0.03,0.03,1.613000000000028,53,54.71698113207547
1min,12,60,30,0.02,0.02,1.6105000000001721,170,52.352941176470594
5min,3,60,30,0.02,0.01,1.610500000000016,166,38.55421686746988
5min,9,20,50,0.03,0.01,1.6094999999999828,35,42.857142857142854
5min,9,50,30,0.01,0.02,1.6094999999999686,175,68.0
5min,6,50,50,0.03,0.02,1.6059999999999235,101,43.56435643564357
1min,6,20,20,0.05,0.03,1.6054999999999777,59,40.67796610169492
15min,6,50,30,0.01,0.02,1.5999999999999803,93,70.96774193548387
15min,6,60,30,0.01,0.02,1.598499999999973,96,70.83333333333334
0.5min,6,26,30,0.02,0.03,1.596000000000032,62,62.903225806451616
15min,12,60,50,0.01,0.03,1.5925000000000296,75,78.66666666666666
0.5min,9,50,20,0.05,0.03,1.5905000000000342,96,39.58333333333333
5min,3,50,10,0.02,0.02,1.5889999999999134,159,52.83018867924528
0.5min,6,26,10,0.05,0.03,1.588499999999982,132,39.39393939393939
1min,3,26,50,0.05,0.03,1.587000000000046,29,44.827586206896555
0.5min,3,50,50,0.05,0.01,1.586500000000015,77,22.07792207792208
5min,12,26,50,0.02,0.01,1.5854999999999964,59,47.45762711864407
0.5min,3,15,10,0.05,0.01,1.5754999999999768,210,19.047619047619047
5min,12,15,10,0.02,0.01,1.574499999999972,73,45.20547945205479
0.5min,9,50,20,0.02,0.03,1.5740000000000691,164,60.36585365853659
5min,3,50,10,0.02,0.01,1.5735000000000525,187,37.967914438502675
0.5min,9,50,10,0.03,0.02,1.5720000000000451,237,41.35021097046413
0.5min,9,50,30,0.02,0.03,1.5695000000000476,97,60.824742268041234
5min,3,26,10,0.02,0.01,1.5690000000000026,178,38.20224719101123
0.5min,12,60,20,0.02,0.02,1.568000000000083,205,50.73170731707317
15min,9,20,50,0.01,0.03,1.56700000000005,45,82.22222222222221
15min,6,10,30,0.01,0.01,1.56700000000005,39,71.7948717948718
0.5min,9,60,10,0.03,0.02,1.563000000000045,245,41.224489795918366
5min,9,60,20,0.01,0.01,1.5620000000000545,230,53.47826086956522
5min,3,20,20,0.02,0.02,1.561999999999955,135,53.333333333333336
5min,9,26,10,0.01,0.01,1.5615000000001231,226,53.53982300884957
5min,9,20,50,0.02,0.01,1.5614999999999668,39,53.84615384615385
5min,6,60,20,0.03,0.01,1.5560000000000684,159,29.559748427672954
0.5min,12,60,30,0.05,0.03,1.5560000000000542,59,40.67796610169492
5min,3,20,10,0.02,0.01,1.5545000000000186,178,38.20224719101123
5min,9,15,30,0.02,0.01,1.5544999999999902,42,52.38095238095239
5min,3,15,10,0.02,0.02,1.552999999999983,149,53.02013422818792
15min,9,15,30,0.01,0.01,1.5520000000000351,46,67.3913043478261
5min,12,26,30,0.01,0.03,1.5489999999999782,91,78.02197802197803
5min,9,60,30,0.01,0.01,1.5480000000000445,213,53.52112676056338
15min,9,20,20,0.01,0.01,1.548000000000016,75,60.0
0.5min,12,20,10,0.03,0.02,1.5474999999999994,72,44.44444444444444
5min,9,20,20,0.01,0.02,1.5470000000000113,141,68.79432624113475
0.5min,6,50,30,0.03,0.01,1.5454999999999899,144,29.86111111111111
1min,9,60,30,0.05,0.01,1.543999999999997,167,19.760479041916167
0.5min,6,60,20,0.05,0.02,1.5435000000000088,134,30.597014925373134
1min,3,60,30,0.03,0.01,1.5425000000000608,246,28.04878048780488
5min,6,50,30,0.01,0.02,1.5415000000000134,171,67.83625730994152
5min,6,15,50,0.02,0.02,1.5414999999999992,40,62.5
5min,9,20,50,0.02,0.02,1.5404999999999802,38,63.1578947368421
1min,6,50,10,0.02,0.01,1.5400000000000489,425,36.0
1min,9,26,20,0.05,0.03,1.5400000000000063,57,40.35087719298245
5min,12,15,20,0.05,0.02,1.5364999999999895,17,47.05882352941176
0.5min,9,60,30,0.05,0.03,1.5360000000000014,74,40.54054054054054
5min,6,15,50,0.03,0.01,1.5309999999999917,36,41.66666666666667
15min,12,15,30,0.01,0.02,1.5290000000000248,20,95.0
0.5min,3,26,20,0.05,0.02,1.5259999999999962,116,31.03448275862069
15min,6,50,20,0.01,0.02,1.525999999999982,95,70.52631578947368
5min,12,15,10,0.02,0.02,1.5254999999999512,68,57.35294117647059
1min,3,26,30,0.02,0.03,1.5234999999999985,106,61.32075471698113
5min,6,26,30,0.03,0.02,1.5229999999999393,104,43.269230769230774
1min,6,50,30,0.03,0.02,1.5215000000000458,133,42.857142857142854
0.5min,9,50,20,0.03,0.03,1.5170000000000528,123,51.21951219512195
0.5min,3,60,50,0.05,0.02,1.516999999999996,60,33.33333333333333
15min,12,26,30,0.01,0.01,1.5155000000000172,67,61.19402985074627
15min,9,60,10,0.01,0.03,1.5155000000000172,96,77.08333333333334
0.5min,3,10,30,0.03,0.02,1.5149999999999864,30,50.0
1min,6,50,30,0.05,0.01,1.5139999999999958,163,20.245398773006134
5min,6,26,20,0.03,0.02,1.5139999999999247,114,42.98245614035088
1min,6,60,30,0.02,0.02,1.5130000000001758,195,51.7948717948718
1min,6,60,50,0.05,0.02,1.5120000000000715,67,32.83582089552239
5min,6,15,30,0.02,0.03,1.5119999999999862,64,64.0625
15min,6,10,10,0.01,0.01,1.5115000000000407,71,60.56338028169014
0.5min,3,15,30,0.03,0.03,1.5109999999999815,49,55.10204081632652
0.5min,9,20,20,0.02,0.03,1.5105000000000075,52,63.46153846153846
0.5min,3,20,20,0.05,0.03,1.5104999999999364,87,39.08045977011494
0.5min,3,60,20,0.03,0.02,1.5090000000000003,224,41.517857142857146
0.5min,3,50,50,0.03,0.02,1.5080000000000098,67,44.776119402985074
0.5min,3,50,30,0.05,0.01,1.5060000000000429,147,19.727891156462583
5min,6,20,50,0.03,0.01,1.5054999999999978,55,36.36363636363637
5min,3,26,20,0.02,0.01,1.5035000000000025,161,38.50931677018634
15min,9,50,10,0.01,0.02,1.5035000000000025,97,70.10309278350515
0.5min,9,15,10,0.02,0.03,1.5030000000000285,71,61.97183098591549
15min,6,15,10,0.01,0.02,1.5015000000000498,77,71.42857142857143
15min,3,60,50,0.01,0.03,1.4995000000000118,89,77.52808988764045
15min,12,20,50,0.01,0.03,1.4985000000000213,24,91.66666666666666
1min,3,20,50,0.05,0.03,1.4975000000000165,21,47.61904761904761
5min,6,10,20,0.02,0.01,1.4949999999999903,57,47.368421052631575
15min,6,10,50,0.02,0.02,1.4934999999999974,14,85.71428571428571
5min,3,10,10,0.02,0.02,1.4934999999999548,133,53.383458646616546
0.5min,9,60,20,0.05,0.01,1.490500000000111,198,18.68686868686869
0.5min,6,60,50,0.02,0.02,1.487499999999983,68,52.94117647058824
15min,6,15,20,0.01,0.01,1.486500000000035,70,60.0
15min,6,26,30,0.01,0.01,1.4860000000000326,76,59.210526315789465
5min,9,50,10,0.03,0.02,1.4839999999999094,131,42.74809160305343
15min,12,20,50,0.01,0.01,1.4835000000000207,24,83.33333333333334
1min,3,50,10,0.02,0.02,1.4830000000000183,325,50.76923076923077
15min,9,15,30,0.01,0.02,1.4815000000000396,46,76.08695652173914
15min,12,15,10,0.01,0.02,1.4815000000000111,54,74.07407407407408
15min,9,15,20,0.01,0.01,1.481000000000023,57,63.1578947368421
15min,6,10,30,0.01,0.02,1.480500000000049,39,79.48717948717949
0.5min,3,50,20,0.05,0.01,1.479500000000101,213,19.248826291079812
15min,6,20,50,0.01,0.01,1.47650000000003,49,65.3061224489796
5min,12,20,20,0.01,0.03,1.4750000000000085,91,78.02197802197803
15min,9,20,10,0.01,0.02,1.4720000000000368,82,70.73170731707317
0.5min,3,10,20,0.01,0.02,1.4719999999999942,82,68.29268292682927
0.5min,3,50,30,0.02,0.02,1.4710000000000178,165,50.90909090909091
15min,9,60,20,0.01,0.01,1.4710000000000036,96,57.291666666666664
1min,3,15,10,0.05,0.03,1.4700000000000841,123,39.02439024390244
1min,6,15,10,0.02,0.03,1.4690000000000225,153,60.78431372549019
5min,9,26,50,0.01,0.03,1.4689999999999799,76,78.94736842105263
0.5min,9,50,50,0.02,0.02,1.466500000000039,50,56.00000000000001
15min,9,26,20,0.01,0.02,1.4660000000000082,79,70.88607594936708
1min,3,20,30,0.05,0.03,1.46550000000002,52,40.38461538461539
5min,3,15,20,0.02,0.02,1.465499999999949,122,53.278688524590166
5min,12,60,30,0.01,0.01,1.4650000000000318,211,53.08056872037915
5min,3,20,50,0.05,0.01,1.46250000000002,59,23.728813559322035
15min,9,10,10,0.01,0.01,1.4620000000000175,18,94.44444444444444
15min,6,26,50,0.01,0.01,1.4615000000000293,64,60.9375
15min,6,20,30,0.01,0.01,1.4605000000000246,70,60.0
1min,3,10,10,0.05,0.03,1.4565000000000197,106,39.62264150943396
15min,12,15,30,0.01,0.03,1.4560000000000173,20,95.0
0.5min,3,15,10,0.02,0.02,1.4545000000000243,249,50.20080321285141
1min,3,15,10,0.03,0.03,1.4540000000000646,171,50.877192982456144
5min,6,20,50,0.05,0.02,1.453999999999965,38,36.84210526315789
15min,9,20,50,0.01,0.01,1.4500000000000313,45,66.66666666666666
15min,6,60,50,0.01,0.02,1.4494999999999862,88,70.45454545454545
15min,6,26,10,0.01,0.02,1.4485000000000383,85,70.58823529411765
5min,3,15,50,0.03,0.03,1.4484999999999957,43,55.81395348837209
15min,12,15,30,0.01,0.01,1.4480000000000217,20,90.0
15min,12,15,10,0.01,0.03,1.4475000000000335,54,79.62962962962963
15min,12,15,20,0.01,0.03,1.4470000000000312,27,88.88888888888889
5min,3,10,30,0.03,0.03,1.445999999999998,47,55.319148936170215
0.5min,3,10,20,0.02,0.01,1.4455000000000098,78,41.02564102564102
15min,9,26,10,0.01,0.01,1.4440000000000168,85,57.647058823529406
15min,12,15,20,0.01,0.02,1.4390000000000356,27,85.18518518518519
1min,3,15,30,0.05,0.02,1.4390000000000356,45,33.33333333333333
0.5min,6,60,30,0.03,0.01,1.4314999999999714,183,28.415300546448087
15min,12,20,30,0.01,0.03,1.43100000000004,51,80.3921568627451
15min,6,50,50,0.01,0.02,1.4300000000000068,79,70.88607594936708
15min,12,26,50,0.01,0.03,1.429500000000047,51,80.3921568627451
0.5min,6,60,50,0.02,0.03,1.4295000000000044,63,61.904761904761905
15min,9,60,20,0.01,0.02,1.4295000000000044,96,69.79166666666666
5min,6,10,20,0.02,0.03,1.427999999999983,47,65.95744680851064
0.5min,3,50,30,0.02,0.03,1.4255000000000564,152,59.86842105263158
1min,3,26,30,0.03,0.03,1.4254999999999995,88,52.27272727272727
15min,6,10,20,0.01,0.01,1.4250000000000398,52,63.46153846153846
15min,6,60,30,0.01,0.01,1.4244999999999806,96,57.291666666666664
5min,3,20,30,0.02,0.01,1.4234999999999758,132,39.39393939393939
5min,12,20,30,0.03,0.02,1.4229999999999734,48,47.91666666666667
0.5min,9,26,20,0.02,0.03,1.4214999999999947,77,61.038961038961034
5min,12,20,30,0.02,0.02,1.4200000000000017,57,57.89473684210527
5min,9,60,10,0.01,0.01,1.419500000000113,248,52.82258064516129
0.5min,9,60,10,0.02,0.01,1.418500000000165,457,35.22975929978118
5min,6,50,20,0.01,0.02,1.418500000000023,184,67.3913043478261
0.5min,12,60,10,0.02,0.01,1.4180000000002764,452,35.39823008849557
5min,9,50,20,0.01,0.01,1.417500000000075,224,53.125
0.5min,3,15,30,0.02,0.03,1.417500000000004,57,61.40350877192983
15min,12,26,50,0.01,0.02,1.4150000000000205,51,74.50980392156863
5min,3,26,30,0.03,0.02,1.4149999999999636,102,43.13725490196079
5min,9,15,10,0.01,0.02,1.4145000000000465,154,68.18181818181817
15min,9,20,30,0.01,0.01,1.414500000000018,64,60.9375
1min,3,26,10,0.03,0.03,1.4139999999999162,193,50.77720207253886
15min,9,50,50,0.01,0.01,1.4120000000000346,73,58.9041095890411
15min,9,50,10,0.01,0.01,1.4114999999999895,99,56.56565656565656
5min,6,60,30,0.01,0.02,1.4104999999999706,181,67.40331491712708
15min,9,26,20,0.01,0.01,1.4095000000000226,79,58.22784810126582
5min,3,50,20,0.02,0.01,1.4075000000000273,168,38.095238095238095
15min,3,10,50,0.01,0.03,1.407000000000025,35,82.85714285714286
1min,3,20,20,0.03,0.03,1.4050000000001006,119,51.26050420168067
5min,12,26,50,0.02,0.02,1.4039999999999822,55,58.18181818181818
5min,6,60,50,0.01,0.02,1.4025000000000176,156,67.94871794871796
0.5min,3,50,10,0.03,0.03,1.4010000000000815,223,49.775784753363226
15min,12,60,50,0.01,0.01,1.4010000000000247,79,58.22784810126582
15min,12,15,20,0.01,0.01,1.4010000000000247,27,77.77777777777779
15min,12,20,30,0.01,0.02,1.3995000000000175,51,74.50980392156863
5min,9,15,30,0.02,0.02,1.399000000000001,41,60.97560975609756
0.5min,6,60,20,0.05,0.01,1.3985000000001833,197,18.781725888324875
5min,9,50,10,0.01,0.01,1.3960000000001145,238,52.94117647058824
15min,9,26,30,0.01,0.01,1.3945000000000363,73,58.9041095890411
15min,12,20,10,0.01,0.01,1.3945000000000078,81,58.0246913580247
15min,12,50,50,0.01,0.01,1.3935000000000315,73,58.9041095890411
15min,6,50,30,0.01,0.01,1.3934999999999889,93,56.98924731182796
5min,6,20,10,0.01,0.02,1.3934999999999889,190,67.36842105263158
15min,12,20,10,0.01,0.02,1.390999999999977,81,70.37037037037037
5min,6,20,30,0.03,0.02,1.3899999999999437,87,43.67816091954023
15min,6,50,10,0.01,0.01,1.389499999999984,101,56.43564356435643
5min,9,50,10,0.01,0.02,1.3889999999999958,203,66.99507389162561
15min,9,10,10,0.01,0.02,1.3885000000000218,18,94.44444444444444
0.5min,6,50,20,0.02,0.03,1.386000000000081,189,59.78835978835979
1min,3,50,30,0.03,0.03,1.386000000000024,139,51.07913669064749
5min,6,50,50,0.01,0.01,1.3855000000000928,171,53.80116959064327
5min,3,10,20,0.01,0.02,1.3844999999999743,102,69.6078431372549
5min,3,10,10,0.02,0.01,1.3840000000000003,153,38.56209150326798
1min,6,20,10,0.03,0.03,1.3835000000001116,153,50.98039215686274
15min,9,60,10,0.01,0.02,1.3834999999999837,101,69.3069306930693
0.5min,6,26,20,0.02,0.02,1.382499999999979,120,50.83333333333333
15min,9,15,10,0.01,0.02,1.3820000000000334,75,70.66666666666667
0.5min,6,15,20,0.05,0.03,1.3799999999999955,33,42.42424242424242
15min,9,20,50,0.01,0.02,1.3795000000000357,45,75.55555555555556
5min,3,20,30,0.02,0.02,1.3794999999999362,115,53.04347826086957
15min,6,50,50,0.01,0.01,1.3780000000000285,79,58.22784810126582
0.5min,3,26,10,0.02,0.02,1.3775000000000546,300,50.0
5min,6,10,10,0.03,0.03,1.3744999999999976,73,53.42465753424658
5min,3,60,50,0.03,0.02,1.3734999999998934,100,43.0
15min,6,60,20,0.01,0.01,1.3729999999999762,99,56.56565656565656
0.5min,3,60,30,0.05,0.03,1.371500000000026,106,38.67924528301887
5min,12,15,20,0.02,0.01,1.3709999999999667,25,60.0
1min,3,15,10,0.05,0.01,1.3704999999999927,200,19.0
15min,3,20,30,0.01,0.02,1.369000000000014,73,71.23287671232876
5min,3,60,20,0.03,0.03,1.368999999999943,98,52.04081632653062
5min,9,60,50,0.01,0.02,1.367999999999995,154,67.53246753246754
0.5min,9,20,10,0.05,0.01,1.3670000000000755,139,19.424460431654676
5min,9,20,10,0.01,0.02,1.3650000000000375,186,67.20430107526882
0.5min,12,50,20,0.03,0.02,1.3635000000000304,138,41.30434782608695
15min,9,50,20,0.01,0.01,1.363500000000002,92,56.52173913043478
15min,6,20,10,0.01,0.01,1.3620000000000232,85,57.647058823529406
5min,6,26,50,0.01,0.03,1.3619999999999806,91,76.92307692307693
1min,3,50,20,0.02,0.02,1.3615000000000066,259,50.965250965250966
15min,6,26,20,0.01,0.01,1.360000000000042,80,57.49999999999999
15min,9,50,30,0.01,0.01,1.3595000000000255,88,56.81818181818182
0.5min,6,20,10,0.03,0.02,1.3590000000000373,166,41.566265060240966
5min,12,20,50,0.02,0.02,1.3559999999999803,29,65.51724137931035
15min,9,50,20,0.01,0.02,1.3545000000000016,92,69.56521739130434
5min,6,10,20,0.02,0.02,1.353999999999985,54,57.407407407407405
15min,6,20,20,0.01,0.01,1.3525000000000347,76,57.89473684210527
0.5min,3,26,50,0.03,0.03,1.351499999999973,36,55.55555555555556
0.5min,6,60,20,0.03,0.01,1.3510000000000986,272,27.573529411764707
5min,12,15,10,0.03,0.02,1.3499999999999375,56,46.42857142857143
0.5min,9,26,10,0.05,0.03,1.3490000000000606,109,38.53211009174312
5min,3,26,30,0.02,0.01,1.3464999999999918,148,38.513513513513516
0.5min,3,60,50,0.02,0.02,1.3440000000000225,92,51.08695652173913
5min,9,50,50,0.01,0.02,1.343999999999994,151,67.54966887417218
0.5min,6,20,20,0.03,0.02,1.3420000000000556,73,43.83561643835616
15min,6,10,20,0.01,0.02,1.3415000000000248,52,73.07692307692307
5min,6,26,20,0.01,0.02,1.3400000000000318,172,67.44186046511628
15min,12,20,20,0.01,0.01,1.336500000000001,63,60.317460317460316
0.5min,6,20,20,0.02,0.03,1.3350000000000364,83,60.24096385542169
15min,6,60,50,0.01,0.01,1.3345000000000056,88,56.81818181818182
5min,9,20,20,0.01,0.01,1.3335000000001003,164,54.268292682926834
5min,12,26,50,0.03,0.02,1.331999999999951,46,47.82608695652174
5min,3,50,50,0.03,0.02,1.3319999999999084,98,42.857142857142854
15min,9,60,50,0.01,0.03,1.3315000000000339,78,76.92307692307693
5min,3,20,30,0.03,0.01,1.3309999999999889,112,30.357142857142854
5min,3,15,10,0.03,0.01,1.3294999999999675,150,29.333333333333332
5min,3,15,30,0.02,0.02,1.327999999999932,91,53.84615384615385
5min,6,10,20,0.03,0.01,1.3264999999999958,50,36.0
0.5min,9,50,10,0.02,0.02,1.3215000000001424,296,50.0
5min,12,20,50,0.01,0.01,1.3199999999999932,30,73.33333333333333
15min,9,60,10,0.01,0.01,1.319999999999979,102,55.88235294117647
15min,9,60,30,0.01,0.03,1.319000000000031,86,76.74418604651163
15min,12,50,10,0.01,0.01,1.3174999999999955,100,56.00000000000001
15min,6,60,10,0.01,0.01,1.3174999999999812,104,55.769230769230774
15min,3,26,50,0.01,0.02,1.3170000000000215,69,71.01449275362319
15min,9,26,50,0.01,0.01,1.3160000000000167,55,61.81818181818181
5min,12,20,50,0.01,0.03,1.3159999999999883,29,86.20689655172413
5min,6,50,50,0.01,0.02,1.3155000000000285,149,67.78523489932886
15min,9,10,10,0.01,0.03,1.3155000000000143,18,94.44444444444444
0.5min,6,50,10,0.03,0.02,1.3150000000000261,244,40.98360655737705
5min,3,15,30,0.02,0.01,1.3139999999999645,102,40.19607843137255
0.5min,9,60,50,0.02,0.02,1.3130000000000308,57,54.385964912280706
0.5min,3,20,50,0.03,0.02,1.3124999999999858,29,48.275862068965516
0.5min,6,50,50,0.03,0.03,1.3104999999999762,38,55.26315789473685
0.5min,9,50,30,0.02,0.02,1.309000000000026,106,50.943396226415096
1min,9,50,20,0.02,0.03,1.3060000000000542,182,60.43956043956044
5min,6,60,50,0.03,0.02,1.3054999999999097,103,42.71844660194174
1min,3,20,20,0.05,0.02,1.305000000000092,104,30.76923076923077
0.5min,6,20,10,0.05,0.03,1.2990000000000492,118,38.983050847457626
15min,12,50,20,0.01,0.03,1.299000000000035,86,76.74418604651163
5min,12,50,50,0.01,0.02,1.297999999999945,133,67.66917293233082
1min,3,50,50,0.05,0.03,1.2975000000000279,55,40.0
15min,12,20,30,0.01,0.01,1.2940000000000254,51,62.745098039215684
15min,12,60,20,0.01,0.01,1.293999999999997,100,56.00000000000001
0.5min,6,50,50,0.05,0.02,1.2929999999999637,35,34.285714285714285
15min,9,20,10,0.01,0.01,1.2885000000000275,83,56.62650602409639
1min,3,26,50,0.05,0.02,1.2880000000000393,35,34.285714285714285
5min,9,15,10,0.01,0.01,1.2865000000001316,180,53.888888888888886
1min,6,50,30,0.03,0.03,1.2865000000000038,111,51.35135135135135
0.5min,6,50,10,0.02,0.02,1.2855000000001553,324,50.0
5min,6,20,30,0.03,0.01,1.2855000000000274,105,30.476190476190478
0.5min,3,50,20,0.03,0.03,1.2850000000000392,177,50.847457627118644
15min,6,50,20,0.01,0.01,1.28449999999998,96,56.25
1min,6,20,10,0.05,0.01,1.2825000000001552,203,19.21182266009852
1min,9,50,10,0.03,0.01,1.2820000000000533,331,27.19033232628399
1min,3,50,30,0.03,0.01,1.280500000000032,226,27.876106194690266
1min,12,20,10,0.05,0.03,1.2800000000000438,61,39.34426229508197
15min,3,60,10,0.01,0.02,1.27800000000002,106,68.86792452830188
0.5min,6,26,30,0.05,0.03,1.276500000000027,36,41.66666666666667
0.5min,3,26,20,0.02,0.02,1.2760000000000673,178,50.56179775280899
15min,12,50,20,0.01,0.01,1.271000000000015,91,56.043956043956044
15min,6,15,10,0.01,0.01,1.2700000000000387,78,57.692307692307686
0.5min,6,10,10,0.03,0.01,1.2700000000000102,75,32.0
5min,6,20,20,0.03,0.02,1.267499999999913,108,42.592592592592595
1min,6,26,10,0.02,0.02,1.2650000000001569,256,51.171875
1min,3,60,50,0.03,0.02,1.2625000000000455,107,42.99065420560748
15min,12,26,10,0.01,0.01,1.2615000000000123,85,56.470588235294116
15min,9,50,30,0.01,0.02,1.2590000000000146,88,69.31818181818183
5min,3,20,50,0.05,0.02,1.2569999999999624,47,34.04255319148936
0.5min,9,26,10,0.05,0.02,1.2555000000000405,125,30.4
0.5min,3,26,20,0.05,0.03,1.2540000000000333,103,38.83495145631068
0.5min,12,26,10,0.05,0.03,1.2530000000000001,82,39.02439024390244
5min,3,26,50,0.02,0.02,1.2499999999999574,90,53.333333333333336
0.5min,6,60,30,0.05,0.03,1.2470000000000283,86,39.53488372093023
5min,6,50,30,0.03,0.02,1.2469999999999288,113,42.47787610619469
0.5min,9,60,30,0.05,0.01,1.246000000000052,125,20.0
5min,6,60,50,0.01,0.01,1.2455000000000638,179,53.072625698324025
0.5min,9,60,30,0.03,0.03,1.2449999999999761,95,51.578947368421055
15min,12,15,10,0.01,0.01,1.244000000000014,54,61.111111111111114
5min,12,15,20,0.02,0.03,1.241999999999976,23,73.91304347826086
5min,6,15,30,0.05,0.02,1.2404999999999404,47,34.04255319148936
0.5min,6,50,30,0.05,0.01,1.239500000000021,107,19.626168224299064
0.5min,6,26,30,0.03,0.03,1.239500000000021,47,53.191489361702125
0.5min,3,15,50,0.02,0.02,1.2379999999999995,25,60.0
1min,12,60,20,0.02,0.02,1.2375000000000966,246,51.21951219512195
0.5min,3,26,20,0.05,0.01,1.2375000000000824,155,19.35483870967742
15min,12,26,10,0.01,0.02,1.2374999999999972,85,69.41176470588235
0.5min,6,15,20,0.03,0.01,1.2360000000000042,65,32.30769230769231
15min,12,60,10,0.01,0.01,1.23599999999999,105,55.23809523809524
5min,6,50,20,0.03,0.02,1.2349999999999284,121,42.14876033057851
5min,6,10,10,0.01,0.01,1.2340000000000657,136,55.14705882352941
5min,6,26,10,0.01,0.01,1.2265000000000725,222,52.702702702702695
5min,3,15,50,0.05,0.01,1.2265000000000157,50,24.0
5min,9,15,20,0.03,0.03,1.225999999999999,49,55.10204081632652
15min,9,10,20,0.03,0.01,1.2209999999999894,8,75.0
0.5min,9,50,30,0.05,0.02,1.2185000000000201,67,31.343283582089555
0.5min,12,60,20,0.03,0.01,1.2174999999999727,222,27.927927927927925
5min,12,15,20,0.01,0.03,1.2134999999999962,24,87.5
1min,12,50,30,0.03,0.03,1.21250000000002,93,51.61290322580645
5min,9,26,30,0.01,0.01,1.2120000000001028,160,53.75
5min,9,20,30,0.01,0.03,1.211500000000001,84,77.38095238095238
15min,9,60,30,0.01,0.01,1.2105000000000103,91,56.043956043956044
0.5min,3,15,20,0.03,0.02,1.206500000000048,93,43.01075268817204
0.5min,9,50,20,0.02,0.02,1.2050000000001404,185,50.27027027027027
5min,9,20,50,0.03,0.02,1.203999999999965,32,50.0
15min,9,15,10,0.01,0.01,1.2030000000000314,76,56.57894736842105
5min,3,20,50,0.01,0.03,1.2019999999999413,70,77.14285714285715
1min,6,10,10,0.03,0.02,1.1990000000000265,61,44.26229508196721
5min,9,60,10,0.03,0.02,1.1984999999999104,135,42.22222222222222
1min,6,10,10,0.03,0.03,1.1955000000000382,53,52.83018867924528
5min,3,10,30,0.01,0.03,1.1944999999999624,61,77.04918032786885
15min,6,26,10,0.01,0.01,1.1925000000000239,87,56.32183908045977
5min,6,15,50,0.03,0.02,1.192499999999967,32,50.0
5min,9,20,50,0.01,0.01,1.1900000000000261,39,66.66666666666666
15min,12,26,20,0.01,0.03,1.1885000000000474,73,76.71232876712328
5min,6,10,30,0.03,0.03,1.1880000000000024,15,66.66666666666666
5min,3,20,20,0.02,0.01,1.1875,158,37.9746835443038
0.5min,12,60,30,0.03,0.03,1.186000000000064,81,51.85185185185185
0.5min,9,60,30,0.03,0.02,1.1835000000000377,109,42.201834862385326
15min,3,10,20,0.01,0.01,1.183000000000007,71,57.74647887323944
0.5min,6,20,10,0.05,0.01,1.1820000000000306,187,18.71657754010695
1min,3,26,20,0.03,0.03,1.1810000000000684,144,50.69444444444444
5min,6,10,10,0.01,0.02,1.1785000000000423,123,68.29268292682927
15min,3,26,30,0.01,0.02,1.1780000000000257,79,69.62025316455697
0.5min,9,50,30,0.03,0.03,1.176000000000073,75,52.0
15min,3,10,30,0.01,0.01,1.1760000000000161,65,58.46153846153847
0.5min,3,26,10,0.05,0.02,1.175999999999945,177,29.37853107344633
5min,6,50,30,0.01,0.01,1.1725000000000705,199,52.76381909547738
0.5min,9,50,50,0.05,0.02,1.1700000000000443,28,35.714285714285715
0.5min,6,60,50,0.03,0.02,1.169499999999985,54,44.44444444444444
5min,3,60,10,0.02,0.01,1.1680000000000916,195,36.92307692307693
15min,12,26,20,0.01,0.01,1.1675000000000324,78,56.41025641025641
1min,6,60,30,0.05,0.01,1.167500000000004,182,19.230769230769234
0.5min,9,60,30,0.05,0.02,1.1665000000000703,86,31.3953488372093
15min,3,10,10,0.01,0.02,1.1655000000000229,76,69.73684210526315
0.5min,6,26,20,0.02,0.03,1.1614999999999611,111,59.45945945945946
5min,12,20,30,0.01,0.01,1.1610000000000724,60,60.0
1min,6,15,10,0.03,0.03,1.1605000000000985,122,50.81967213114754
0.5min,3,10,10,0.02,0.03,1.15949999999998,173,59.53757225433526
0.5min,9,15,10,0.05,0.03,1.1590000000000344,42,40.476190476190474
0.5min,3,20,20,0.05,0.02,1.1589999999999492,98,30.612244897959183
5min,3,26,50,0.03,0.02,1.1559999999999633,76,43.42105263157895
0.5min,9,20,10,0.02,0.02,1.1550000000000011,142,50.0
15min,12,26,20,0.01,0.02,1.1550000000000011,78,69.23076923076923
5min,6,10,50,0.05,0.01,1.1455000000000126,8,50.0
1min,3,10,30,0.03,0.02,1.1454999999999984,34,47.05882352941176
0.5min,6,10,10,0.02,0.01,1.1450000000000244,89,38.20224719101123
15min,9,60,50,0.01,0.01,1.144500000000022,83,55.42168674698795
0.5min,3,20,50,0.02,0.03,1.1430000000000007,32,62.5
15min,6,10,50,0.01,0.01,1.1390000000000242,14,92.85714285714286
5min,9,15,30,0.03,0.02,1.1384999999999792,35,48.57142857142857
5min,3,15,20,0.02,0.01,1.1369999999999862,142,38.028169014084504
15min,3,20,50,0.01,0.01,1.13600000000001,64,57.8125
5min,3,26,10,0.03,0.01,1.1354999999999649,154,28.57142857142857
1min,6,60,50,0.05,0.01,1.135000000000062,103,20.388349514563107
15min,3,15,30,0.01,0.02,1.1340000000000288,67,70.1492537313433
5min,6,26,20,0.01,0.01,1.1300000000000665,199,52.76381909547738
1min,6,26,20,0.03,0.02,1.1290000000000617,124,41.935483870967744
5min,12,20,20,0.01,0.01,1.1285000000000451,110,55.45454545454545
0.5min,12,60,20,0.02,0.01,1.1270000000001374,299,35.785953177257525
0.5min,6,60,10,0.03,0.01,1.1260000000000758,376,27.127659574468083
5min,9,15,30,0.01,0.01,1.1260000000000474,42,64.28571428571429
0.5min,9,60,20,0.03,0.02,1.125500000000045,166,40.963855421686745
5min,6,15,10,0.03,0.02,1.1254999999999313,120,42.5
5min,6,15,50,0.01,0.01,1.1245000000000402,41,65.85365853658537
0.5min,3,10,20,0.03,0.01,1.1244999999999834,70,32.857142857142854
0.5min,6,26,30,0.05,0.01,1.123000000000033,61,21.311475409836063
5min,3,26,30,0.03,0.01,1.1229999999999905,127,29.133858267716533
5min,3,10,20,0.03,0.02,1.1229999999999478,76,43.42105263157895
15min,3,10,30,0.01,0.02,1.121500000000026,64,70.3125
1min,9,20,10,0.02,0.03,1.1209999999999383,152,59.86842105263158
5min,3,60,20,0.02,0.03,1.1204999999998932,130,60.76923076923077
0.5min,12,20,10,0.02,0.02,1.11850000000004,90,51.11111111111111
0.5min,9,26,10,0.02,0.03,1.1170000000001465,180,59.44444444444444
15min,3,50,10,0.01,0.02,1.1165000000000163,101,68.31683168316832
1min,9,60,20,0.02,0.02,1.1140000000000896,252,50.79365079365079
15min,12,50,10,0.01,0.03,1.1140000000000327,95,75.78947368421053
5min,3,20,10,0.03,0.01,1.1139999999999617,154,28.57142857142857
0.5min,6,60,20,0.02,0.01,1.1130000000000706,342,35.08771929824561
15min,9,60,50,0.01,0.02,1.1130000000000138,83,68.67469879518072
5min,6,20,10,0.01,0.01,1.1115000000000634,219,52.51141552511416
0.5min,3,20,30,0.02,0.03,1.1105000000000445,70,60.0
1min,6,20,30,0.05,0.02,1.1090000000000515,35,34.285714285714285
5min,12,26,30,0.01,0.01,1.1040000000000276,111,54.95495495495496
5min,6,10,20,0.01,0.01,1.1030000000000655,58,60.3448275862069
0.5min,9,50,50,0.03,0.02,1.1030000000000086,37,45.94594594594595
15min,12,15,50,0.03,0.01,1.1025000000000063,9,66.66666666666666
5min,3,60,30,0.03,0.02,1.1004999999999256,112,41.964285714285715
5min,9,20,30,0.01,0.01,1.0990000000000748,102,55.88235294117647
0.5min,12,20,10,0.05,0.02,1.099000000000018,57,31.57894736842105
0.5min,12,50,10,0.02,0.02,1.096500000000205,281,49.8220640569395
5min,3,10,10,0.03,0.02,1.093999999999923,108,42.592592592592595
5min,9,15,20,0.02,0.03,1.092999999999975,61,63.934426229508205
15min,3,15,30,0.01,0.01,1.0915000000000106,68,57.35294117647059
0.5min,9,26,20,0.05,0.03,1.0910000000000082,45,40.0
15min,12,60,20,0.01,0.03,1.0905000000000342,95,75.78947368421053
1min,6,50,20,0.02,0.02,1.0875000000001336,244,50.81967213114754
0.5min,9,26,10,0.02,0.02,1.0870000000001596,201,50.24875621890548
1min,3,26,20,0.05,0.01,1.0860000000000838,170,18.823529411764707
5min,6,10,20,0.05,0.02,1.08599999999997,38,34.21052631578947
1min,12,60,20,0.03,0.02,1.0855000000001098,180,41.66666666666667
0.5min,12,60,10,0.03,0.01,1.0855000000000814,351,27.065527065527068
0.5min,12,50,10,0.03,0.01,1.0855000000000814,332,27.10843373493976
0.5min,3,15,30,0.01,0.02,1.0849999999999795,75,66.66666666666666
5min,6,15,50,0.01,0.03,1.0845000000000056,38,81.57894736842105
15min,3,20,50,0.01,0.02,1.0815000000000339,63,69.84126984126983
0.5min,6,10,10,0.01,0.02,1.0814999999999912,84,66.66666666666666
0.5min,3,60,20,0.03,0.03,1.0805000000000007,190,50.526315789473685
15min,9,10,20,0.03,0.02,1.079999999999984,8,75.0
15min,3,10,50,0.01,0.02,1.0770000000000124,35,74.28571428571429
5min,6,20,10,0.03,0.02,1.0769999999999271,126,42.06349206349206
5min,12,15,20,0.01,0.01,1.0760000000000076,25,72.0
1min,3,50,30,0.03,0.02,1.0760000000000076,162,41.358024691358025
5min,9,60,10,0.01,0.02,1.0754999999999342,213,66.19718309859155
0.5min,9,26,30,0.02,0.02,1.0740000000000123,50,54.0
0.5min,3,10,10,0.03,0.02,1.0725000000000193,148,41.21621621621622
5min,6,15,10,0.01,0.02,1.0725000000000051,178,66.85393258426966
5min,3,50,30,0.03,0.01,1.0694999999999482,137,28.467153284671532
0.5min,3,26,10,0.05,0.01,1.0689999999999884,252,18.650793650793652
1min,6,20,10,0.03,0.02,1.0665000000000617,178,41.57303370786517
15min,12,50,10,0.01,0.02,1.0664999999999907,100,68.0
5min,6,26,50,0.01,0.01,1.065500000000057,109,55.04587155963303
15min,6,10,50,0.01,0.02,1.0655000000000285,14,92.85714285714286
1min,3,10,30,0.03,0.03,1.0645000000000238,29,55.172413793103445
5min,6,15,30,0.02,0.01,1.0625000000000426,84,40.476190476190474
0.5min,9,60,10,0.03,0.01,1.061500000000109,362,27.071823204419886
1min,9,20,10,0.05,0.02,1.0605000000001041,111,30.630630630630627
5min,6,15,20,0.03,0.01,1.0600000000000165,108,29.629629629629626
0.5min,6,50,20,0.03,0.03,1.0575000000000756,149,50.33557046979866
1min,12,60,30,0.05,0.01,1.0565000000000282,163,19.018404907975462
0.5min,9,20,10,0.03,0.02,1.0540000000000447,115,41.73913043478261
5min,3,26,50,0.03,0.01,1.0534999999999854,89,30.337078651685395
1min,12,50,20,0.05,0.01,1.052000000000021,199,19.09547738693467
5min,6,10,50,0.05,0.03,1.0519999999999925,6,66.66666666666666
0.5min,3,15,10,0.05,0.03,1.050500000000028,137,37.22627737226277
0.5min,3,20,10,0.02,0.03,1.0495000000000374,249,59.036144578313255
0.5min,12,26,10,0.02,0.03,1.0475000000001131,138,59.42028985507246
0.5min,6,20,30,0.03,0.03,1.0464999999999947,37,54.054054054054056
1min,6,20,20,0.05,0.02,1.046000000000035,72,30.555555555555557
5min,6,15,20,0.03,0.02,1.0454999999999472,89,42.69662921348314
0.5min,3,20,30,0.02,0.01,1.0445000000000562,101,37.62376237623762
0.5min,9,60,50,0.03,0.02,1.0430000000000064,43,44.18604651162791
15min,12,60,20,0.01,0.02,1.0429999999999922,100,68.0
5min,6,20,50,0.03,0.02,1.0409999999999684,48,45.83333333333333
0.5min,9,50,30,0.03,0.02,1.0395000000001033,87,42.5287356321839
15min,9,60,30,0.01,0.02,1.0395000000000039,91,68.13186813186813
1min,6,60,50,0.02,0.02,1.037500000000108,108,52.77777777777778
5min,3,15,50,0.01,0.03,1.0359999999999587,56,76.78571428571429
1min,12,60,30,0.03,0.01,1.0325000000000983,198,27.77777777777778
15min,12,50,20,0.01,0.02,1.0319999999999965,91,68.13186813186813
0.5min,3,20,20,0.02,0.03,1.0290000000000958,140,59.285714285714285
0.5min,9,26,30,0.03,0.02,1.027000000000001,38,44.73684210526316
5min,9,26,50,0.01,0.01,1.0260000000000389,91,56.043956043956044
15min,3,15,10,0.01,0.02,1.0260000000000247,80,68.75
5min,6,15,30,0.02,0.02,1.0259999999999962,75,53.333333333333336
0.5min,9,26,10,0.05,0.01,1.025500000000207,182,18.681318681318682
0.5min,6,50,20,0.05,0.02,1.025500000000008,131,29.770992366412212
15min,12,60,10,0.01,0.02,1.0239999999999867,105,67.61904761904762
0.5min,6,60,30,0.02,0.01,1.0239999999999299,231,35.4978354978355
0.5min,3,20,20,0.03,0.02,1.0215000000000174,118,41.52542372881356
5min,9,20,50,0.01,0.03,1.0215000000000032,37,81.08108108108108
15min,3,60,20,0.01,0.02,1.0210000000000008,100,68.0
5min,6,60,10,0.03,0.02,1.0199999999998823,135,41.48148148148148
5min,3,15,30,0.03,0.01,1.0194999999999794,90,30.0
0.5min,3,60,10,0.02,0.01,1.019000000000048,536,34.701492537313435
0.5min,9,50,10,0.05,0.02,1.0184999999999604,175,29.714285714285715
15min,12,50,30,0.01,0.03,1.018000000000029,82,75.60975609756098
1min,3,20,50,0.05,0.02,1.0170000000000243,26,34.61538461538461
15min,3,60,30,0.01,0.02,1.015999999999977,97,68.04123711340206
0.5min,12,26,10,0.02,0.02,1.0155000000001024,157,49.681528662420384
0.5min,6,26,30,0.03,0.01,1.0155000000000172,79,30.37974683544304
5min,3,20,50,0.02,0.03,1.0139999999999247,64,62.5
15min,3,20,10,0.01,0.02,1.0115000000000265,83,68.67469879518072
0.5min,6,15,20,0.01,0.02,1.0094999999999459,77,66.23376623376623
15min,3,20,20,0.01,0.02,1.0075000000000216,80,68.75
1min,6,60,50,0.05,0.03,1.0074999999999932,53,39.62264150943396
5min,3,15,20,0.03,0.02,1.0074999999999221,99,42.42424242424242
15min,12,26,50,0.01,0.01,1.0055000000000263,51,58.82352941176471
5min,9,15,20,0.02,0.01,1.005500000000012,81,40.74074074074074
0.5min,6,26,10,0.05,0.02,1.003999999999948,159,29.559748427672954
0.5min,3,20,10,0.03,0.03,1.003500000000031,193,49.740932642487046
5min,3,15,30,0.03,0.02,1.0029999999999717,77,42.857142857142854
5min,6,26,50,0.03,0.02,1.002999999999929,77,42.857142857142854
1min,9,50,10,0.02,0.01,0.9994999999999834,435,35.40229885057472
5min,12,15,20,0.03,0.02,0.9994999999999834,21,52.38095238095239
1min,3,15,20,0.05,0.03,0.9994999999999834,70,38.57142857142858
0.5min,6,20,10,0.02,0.03,0.9990000000000521,191,59.16230366492147
5min,3,26,50,0.02,0.01,0.9964999999999833,100,39.0
15min,3,26,50,0.01,0.01,0.9955000000000211,70,55.714285714285715
1min,12,26,10,0.02,0.03,0.9954999999999785,167,59.88023952095808
1min,3,50,50,0.03,0.03,0.9940000000000424,80,51.24999999999999
15min,6,10,50,0.01,0.03,0.9925000000000209,14,92.85714285714286
5min,12,26,50,0.01,0.01,0.9915000000000446,60,58.333333333333336
15min,3,60,10,0.01,0.01,0.991500000000002,108,53.70370370370371
15min,12,50,30,0.01,0.01,0.9900000000000091,87,54.02298850574713
1min,3,60,30,0.05,0.01,0.988000000000099,182,18.681318681318682
0.5min,6,15,10,0.02,0.02,0.9865000000000209,160,50.0
1min,9,60,30,0.03,0.01,0.9855000000000445,198,27.77777777777778
5min,3,20,30,0.03,0.02,0.9849999999999283,95,42.10526315789473
5min,9,15,20,0.03,0.01,0.9845000000000113,70,31.428571428571427
1min,3,60,50,0.02,0.03,0.9840000000000373,111,60.36036036036037
1min,3,20,10,0.03,0.03,0.9835000000000207,183,50.27322404371585
0.5min,6,26,10,0.05,0.01,0.9825000000000585,220,18.181818181818183
0.5min,9,60,30,0.02,0.03,0.9825000000000585,124,59.67741935483871
15min,12,60,30,0.01,0.01,0.9810000000000088,92,54.347826086956516
0.5min,3,10,30,0.01,0.02,0.9809999999999519,40,70.0
5min,6,50,10,0.03,0.02,0.9809999999998952,132,41.66666666666667
5min,3,26,20,0.01,0.02,0.979999999999947,164,66.46341463414635
15min,3,15,50,0.01,0.01,0.9795000000000158,58,56.896551724137936
0.5min,9,60,30,0.02,0.02,0.9790000000000703,137,50.36496350364964
5min,3,50,10,0.03,0.01,0.9774999999999778,160,28.125
15min,3,26,30,0.01,0.01,0.9730000000000273,80,55.00000000000001
5min,6,26,10,0.03,0.02,0.9719999999999231,127,41.732283464566926
15min,3,50,20,0.01,0.02,0.9710000000000036,97,68.04123711340206
5min,3,60,50,0.01,0.02,0.9694999999999254,147,66.66666666666666
15min,3,10,50,0.01,0.01,0.9675000000000153,35,62.857142857142854
1min,6,50,30,0.03,0.01,0.9675000000000153,193,27.979274611398964
5min,3,50,30,0.01,0.02,0.9664999999999537,161,66.45962732919256
1min,3,50,30,0.02,0.03,0.9655000000000342,175,60.0
5min,9,10,10,0.05,0.01,0.9655000000000058,10,40.0
5min,9,10,10,0.03,0.03,0.9655000000000058,10,70.0
5min,6,20,50,0.01,0.03,0.9630000000000081,55,78.18181818181819
15min,9,10,20,0.02,0.01,0.9624999999999915,8,87.5
0.5min,9,26,30,0.02,0.03,0.9585000000000151,45,62.22222222222222
0.5min,3,26,10,0.02,0.03,0.9575000000000954,258,58.91472868217055
1min,3,20,50,0.03,0.03,0.9570000000000078,28,53.57142857142857
0.5min,9,26,20,0.03,0.03,0.9519999999999982,58,51.724137931034484
0.5min,12,26,10,0.03,0.03,0.951000000000036,105,50.476190476190474
1min,6,50,10,0.01,0.02,0.9505000000000194,440,65.0
15min,12,15,50,0.02,0.03,0.9489999999999981,9,88.88888888888889
1min,12,60,20,0.05,0.01,0.9485000000000526,229,18.777292576419214
0.5min,9,60,50,0.02,0.03,0.9470000000000312,52,61.53846153846154
15min,3,20,30,0.01,0.01,0.9460000000000122,74,55.4054054054054
15min,3,10,10,0.01,0.01,0.9425000000000097,78,55.12820512820513
1min,3,50,50,0.03,0.02,0.9420000000000783,88,42.04545454545455
5min,9,20,50,0.01,0.02,0.9395000000000239,38,73.68421052631578
0.5min,3,60,30,0.05,0.01,0.9390000000000923,178,18.53932584269663
15min,3,26,20,0.01,0.02,0.9390000000000356,85,68.23529411764706
0.5min,3,20,30,0.05,0.01,0.9375000000000426,75,20.0
15min,9,10,20,0.03,0.03,0.9374999999999858,8,75.0
0.5min,6,20,20,0.05,0.02,0.9365000000000236,56,30.357142857142854
5min,12,20,50,0.03,0.02,0.9339999999999549,24,50.0
15min,3,50,50,0.01,0.02,0.9314999999999997,88,68.18181818181817
0.5min,9,15,10,0.05,0.01,0.9310000000001395,76,19.736842105263158
1min,3,60,50,0.03,0.03,0.9305000000000235,94,51.06382978723404
0.5min,3,10,30,0.02,0.01,0.9294999999999618,35,42.857142857142854
5min,12,20,20,0.01,0.02,0.929000000000002,100,68.0
5min,12,26,30,0.01,0.02,0.9289999999999736,102,67.64705882352942
0.5min,3,20,30,0.03,0.03,0.9270000000000351,58,51.724137931034484
1min,6,50,50,0.02,0.02,0.9265000000000896,93,52.68817204301075
0.5min,3,15,50,0.03,0.02,0.9259999999999877,22,50.0
5min,6,60,20,0.01,0.02,0.9259999999999877,189,66.13756613756614
5min,3,10,20,0.02,0.01,0.9259999999999877,100,39.0
0.5min,3,26,20,0.03,0.02,0.9250000000000256,144,40.97222222222222
1min,3,50,50,0.05,0.02,0.9245000000000941,66,30.303030303030305
15min,12,60,10,0.01,0.03,0.924000000000035,100,75.0
5min,12,20,50,0.01,0.02,0.9235000000000042,29,75.86206896551724
15min,3,50,10,0.01,0.01,0.9230000000000018,103,53.398058252427184
5min,3,50,30,0.03,0.02,0.9209999999999212,108,41.66666666666667
0.5min,6,20,20,0.05,0.01,0.9205000000000894,83,19.27710843373494
15min,3,50,50,0.01,0.01,0.9194999999999993,89,53.93258426966292
15min,3,15,20,0.01,0.02,0.9175000000000324,76,68.42105263157895
0.5min,6,26,20,0.05,0.03,0.9169999999999875,68,38.23529411764706
0.5min,3,50,50,0.05,0.03,0.9145000000000465,49,38.775510204081634
15min,12,15,50,0.03,0.03,0.9124999999999944,8,75.0
5min,6,60,30,0.01,0.01,0.9120000000000772,210,51.90476190476191
1min,6,26,20,0.02,0.03,0.9109999999999729,134,59.70149253731343
0.5min,6,15,10,0.03,0.01,0.906500000000051,164,28.04878048780488
5min,3,10,20,0.03,0.01,0.9039999999999963,87,29.88505747126437
0.5min,3,50,30,0.03,0.03,0.9030000000000199,118,50.0
1min,6,50,50,0.05,0.03,0.9025000000000177,48,39.58333333333333
1min,12,26,10,0.03,0.02,0.9020000000000438,155,41.29032258064516
1min,6,15,30,0.05,0.02,0.9005000000000365,29,34.48275862068966
5min,12,15,20,0.02,0.02,0.8989999999999866,24,62.5
1min,3,15,50,0.05,0.02,0.8985000000000268,20,35.0
5min,9,15,30,0.01,0.03,0.8985000000000126,39,79.48717948717949
15min,12,15,50,0.03,0.02,0.8984999999999986,9,66.66666666666666
15min,3,10,20,0.01,0.02,0.8950000000000244,70,68.57142857142857
0.5min,12,60,50,0.02,0.02,0.8945000000000078,53,52.83018867924528
0.5min,3,20,30,0.01,0.02,0.8940000000000053,95,65.26315789473685
15min,3,50,30,0.01,0.02,0.8940000000000053,96,67.70833333333334
5min,12,15,10,0.01,0.01,0.8930000000000292,75,56.00000000000001
5min,3,60,30,0.03,0.01,0.8909999999999769,143,27.972027972027973
5min,6,50,20,0.01,0.01,0.8900000000000858,214,51.86915887850467
0.5min,3,10,30,0.05,0.01,0.889999999999958,24,25.0
5min,6,20,30,0.01,0.02,0.8890000000000384,119,67.22689075630252
0.5min,3,15,30,0.05,0.01,0.8889999999999959,58,20.689655172413794
15min,9,10,20,0.02,0.02,0.8889999999999959,8,87.5
1min,6,26,10,0.03,0.01,0.8875000000000313,289,27.33564013840831
0.5min,12,60,20,0.03,0.03,0.887500000000017,128,50.0
1min,3,26,20,0.05,0.02,0.885500000000107,122,29.508196721311474
15min,3,50,20,0.01,0.01,0.8849999999999908,99,53.535353535353536
5min,3,15,50,0.05,0.02,0.8844999999999886,39,33.33333333333333
1min,6,26,20,0.02,0.02,0.883500000000069,155,50.967741935483865
1min,3,26,10,0.02,0.02,0.8830000000000807,283,50.17667844522968
15min,3,60,50,0.01,0.02,0.8829999999999671,93,67.74193548387096
0.5min,3,20,50,0.01,0.02,0.8819999999999624,41,68.29268292682927
1min,3,20,10,0.05,0.02,0.8795000000001068,159,29.559748427672954
0.5min,3,50,30,0.03,0.01,0.8795000000000074,178,27.52808988764045
0.5min,12,60,30,0.02,0.03,0.8785000000000592,106,59.43396226415094
5min,3,50,50,0.01,0.02,0.8784999999999457,143,66.43356643356644
15min,3,20,10,0.01,0.01,0.8765000000000214,85,54.11764705882353
0.5min,6,26,20,0.02,0.01,0.8764999999999362,171,35.67251461988304
15min,12,15,50,0.02,0.01,0.8760000000000048,9,77.77777777777779
5min,6,10,20,0.01,0.02,0.8750000000000283,56,69.64285714285714
15min,3,50,30,0.01,0.01,0.8739999999999952,97,53.608247422680414
0.5min,6,15,20,0.02,0.01,0.873999999999981,82,37.80487804878049
1min,6,26,10,0.05,0.01,0.8715000000000543,219,18.72146118721461
0.5min,6,60,50,0.03,0.03,0.8714999999999975,48,52.083333333333336
5min,6,10,20,0.03,0.02,0.8669999999999617,45,44.44444444444444
5min,6,15,20,0.01,0.02,0.8660000000000138,125,67.2
15min,3,26,10,0.01,0.02,0.8650000000000374,87,67.81609195402298
5min,6,10,30,0.05,0.03,0.8639999999999901,12,50.0
0.5min,3,60,50,0.05,0.03,0.862500000000054,54,38.88888888888889
1min,3,26,30,0.05,0.02,0.8620000000000232,76,30.263157894736842
1min,3,15,20,0.03,0.03,0.8610000000000326,91,50.54945054945055
5min,3,60,30,0.01,0.02,0.8609999999999332,168,66.07142857142857
15min,3,60,50,0.01,0.01,0.8604999999999734,93,53.76344086021505
5min,6,15,10,0.01,0.01,0.8600000000000705,206,51.94174757281553
1min,6,26,20,0.05,0.01,0.8575000000000585,151,19.205298013245034
0.5min,6,15,10,0.02,0.01,0.8570000000000562,208,35.57692307692308
0.5min,6,26,10,0.03,0.02,0.856500000000011,203,40.88669950738916
1min,6,50,20,0.03,0.01,0.8560000000000798,265,27.169811320754718
0.5min,6,50,50,0.05,0.03,0.8544999999999874,30,40.0
5min,9,15,50,0.05,0.01,0.853500000000011,11,36.36363636363637
1min,3,60,50,0.02,0.02,0.8520000000001033,131,51.14503816793893
5min,6,10,20,0.01,0.03,0.8515000000000016,51,76.47058823529412
5min,3,60,10,0.02,0.02,0.8509999999999422,166,51.204819277108435
0.5min,3,15,20,0.01,0.02,0.8494999999999777,145,64.82758620689654
5min,3,15,10,0.03,0.02,0.8484999999999019,122,41.80327868852459
5min,6,50,10,0.01,0.02,0.8469999999999658,199,65.82914572864321
0.5min,3,10,30,0.03,0.01,0.8449999999999847,32,34.375
0.5min,3,10,30,0.05,0.02,0.842999999999961,20,35.0
1min,3,60,50,0.03,0.01,0.8415000000000389,145,28.27586206896552
0.5min,6,26,10,0.03,0.03,0.8410000000000225,178,50.0
0.5min,9,20,20,0.03,0.03,0.8409999999999798,40,52.5
0.5min,6,20,20,0.02,0.01,0.8365000000000434,130,36.15384615384615
0.5min,12,60,50,0.03,0.02,0.8359999999999701,43,44.18604651162791
1min,3,26,50,0.03,0.02,0.8355000000000246,41,43.90243902439025
5min,9,10,10,0.05,0.03,0.8334999999999865,7,57.14285714285714
0.5min,12,50,10,0.02,0.01,0.8315000000001902,420,34.76190476190476
5min,6,26,30,0.01,0.01,0.8305000000001,174,52.29885057471264
5min,9,26,30,0.01,0.02,0.8300000000000125,138,66.66666666666666
15min,3,15,50,0.01,0.02,0.8280000000000313,57,68.42105263157895
0.5min,3,10,30,0.03,0.03,0.8280000000000031,27,51.85185185185185
5min,3,60,20,0.02,0.01,0.8275000000000574,178,36.51685393258427
15min,3,60,20,0.01,0.01,0.8274999999999864,102,52.94117647058824
1min,6,50,20,0.05,0.01,0.826000000000107,210,18.571428571428573
5min,9,10,10,0.03,0.01,0.8250000000000028,13,46.15384615384615
5min,3,20,50,0.02,0.02,0.8249999999999459,70,52.85714285714286
0.5min,6,60,50,0.05,0.02,0.820999999999941,42,30.952380952380953
0.5min,3,26,30,0.05,0.01,0.8185000000000143,98,19.387755102040817
1min,3,10,10,0.05,0.02,0.8175000000000522,124,29.838709677419356
15min,3,60,30,0.01,0.01,0.8174999999999812,98,53.06122448979592
15min,9,10,20,0.02,0.03,0.8159999999999883,8,87.5
1min,3,20,20,0.02,0.03,0.8150000000000404,144,59.72222222222222
5min,6,15,50,0.01,0.02,0.814500000000038,40,72.5
5min,9,15,20,0.05,0.02,0.8144999999999527,49,32.6530612244898
0.5min,3,50,20,0.02,0.02,0.8140000000001066,247,49.392712550607285
0.5min,3,10,30,0.02,0.03,0.8054999999999949,32,59.375
1min,12,20,10,0.05,0.02,0.8025000000000517,74,29.72972972972973
0.5min,12,60,30,0.02,0.02,0.7995000000000231,127,49.60629921259843
5min,6,10,10,0.03,0.02,0.7994999999999521,88,42.04545454545455
1min,3,15,20,0.05,0.02,0.7985000000000042,80,30.0
15min,3,20,20,0.01,0.01,0.7965000000000089,82,53.65853658536586
5min,6,20,30,0.01,0.01,0.7950000000001296,134,52.98507462686567
15min,12,60,30,0.01,0.03,0.79500000000003,87,74.71264367816092
5min,6,10,30,0.02,0.03,0.7949999999999876,17,70.58823529411765
1min,3,26,50,0.03,0.03,0.7945000000000279,36,52.77777777777778
0.5min,6,20,30,0.05,0.02,0.7909999999999685,31,32.25806451612903
5min,3,10,30,0.02,0.03,0.7894999999999612,55,61.81818181818181
0.5min,3,60,20,0.02,0.03,0.7885000000000842,234,58.97435897435898
5min,6,20,20,0.01,0.01,0.7870000000000772,182,52.197802197802204
0.5min,6,26,30,0.01,0.02,0.7870000000000061,93,64.51612903225806
0.5min,3,10,30,0.01,0.01,0.7864999999999327,42,54.761904761904766
0.5min,9,20,10,0.05,0.03,0.7860000000000298,82,37.80487804878049
0.5min,6,50,20,0.02,0.02,0.781500000000122,213,49.76525821596244
0.5min,3,20,20,0.02,0.01,0.7795000000000556,186,35.483870967741936
5min,9,15,20,0.02,0.02,0.7789999999999679,73,53.42465753424658
1min,6,15,30,0.05,0.03,0.7785000000000366,24,41.66666666666667
0.5min,3,20,50,0.03,0.03,0.7780000000000058,27,51.85185185185185
0.5min,6,50,30,0.05,0.02,0.7759999999999962,77,29.87012987012987
1min,3,60,20,0.05,0.01,0.770000000000195,242,18.181818181818183
1min,6,15,10,0.05,0.01,0.7700000000001381,159,18.867924528301888
1min,3,26,30,0.03,0.02,0.7690000000000197,99,41.41414141414141
5min,6,10,50,0.03,0.03,0.7690000000000055,7,71.42857142857143
5min,3,15,30,0.01,0.02,0.7684999999999889,103,66.99029126213593
0.5min,12,26,20,0.02,0.02,0.7680000000000007,65,50.76923076923077
5min,3,26,30,0.01,0.02,0.7624999999999602,150,66.0
1min,9,20,10,0.05,0.01,0.7620000000000147,171,18.71345029239766
1min,3,50,50,0.03,0.01,0.7600000000000477,121,28.09917355371901
0.5min,3,15,50,0.01,0.02,0.7584999999999695,30,73.33333333333333
5min,3,26,10,0.01,0.02,0.7579999999999245,181,65.74585635359117
5min,9,15,50,0.03,0.03,0.7565000000000026,11,63.63636363636363
5min,6,20,50,0.01,0.01,0.7560000000000713,66,56.060606060606055
1min,6,60,30,0.03,0.03,0.7550000000000239,123,50.40650406504065
0.5min,3,10,20,0.01,0.03,0.7530000000000143,78,71.7948717948718
1min,6,26,20,0.03,0.03,0.7520000000000238,108,50.0
5min,6,15,30,0.03,0.01,0.7510000000000332,73,30.136986301369863
15min,12,50,30,0.01,0.02,0.7509999999999906,87,66.66666666666666
0.5min,9,26,30,0.03,0.03,0.7505000000000024,31,51.61290322580645
5min,6,60,30,0.03,0.02,0.7499999999999147,119,41.17647058823529
5min,3,20,10,0.03,0.02,0.7489999999998957,123,41.46341463414634
5min,9,26,50,0.01,0.02,0.7484999999999928,84,67.85714285714286
1min,6,50,10,0.01,0.03,0.7474999999999881,374,72.99465240641712
0.5min,6,50,50,0.01,0.02,0.7474999999999739,79,64.55696202531645
0.5min,9,15,10,0.02,0.01,0.7455000000000496,115,36.52173913043478
1min,3,20,30,0.05,0.02,0.7450000000000472,60,30.0
1min,6,60,20,0.03,0.01,0.7440000000000424,293,26.96245733788396
0.5min,12,60,20,0.05,0.03,0.7435000000000258,103,37.86407766990291
5min,12,15,20,0.01,0.02,0.7435000000000116,24,75.0
5min,3,10,10,0.03,0.01,0.743499999999969,131,28.24427480916031
0.5min,9,60,30,0.03,0.01,0.7429999999999666,159,27.67295597484277
5min,3,50,20,0.01,0.02,0.7424999999999358,172,65.69767441860465
5min,9,15,30,0.01,0.02,0.7410000000000423,41,70.73170731707317
0.5min,9,26,20,0.05,0.01,0.7405000000000967,83,19.27710843373494
0.5min,12,50,20,0.05,0.03,0.7405000000000257,89,38.20224719101123
15min,12,15,50,0.02,0.02,0.7395000000000067,9,77.77777777777779
0.5min,6,20,30,0.05,0.03,0.7379999999999995,28,39.285714285714285
0.5min,3,20,30,0.05,0.03,0.7360000000000468,45,37.77777777777778
5min,9,15,20,0.01,0.01,0.7350000000000705,83,54.21686746987952
0.5min,6,15,30,0.02,0.02,0.734499999999997,28,53.57142857142857
0.5min,3,26,50,0.01,0.02,0.7319999999999283,59,66.10169491525424
0.5min,12,20,10,0.05,0.01,0.7260000000001128,87,19.54022988505747
15min,3,26,20,0.01,0.01,0.7260000000000275,87,52.87356321839081
0.5min,12,20,10,0.02,0.03,0.7260000000000133,76,59.210526315789465
5min,9,15,50,0.02,0.01,0.7194999999999823,14,57.14285714285714
0.5min,3,10,20,0.01,0.01,0.7174999999999585,96,50.0
1min,3,60,30,0.02,0.02,0.7170000000001124,219,50.2283105022831
5min,3,50,20,0.03,0.02,0.7159999999999229,114,41.228070175438596
5min,9,15,50,0.03,0.01,0.7130000000000081,14,42.857142857142854
15min,3,15,20,0.01,0.01,0.7115000000000151,77,53.246753246753244
5min,6,15,30,0.01,0.03,0.7060000000000173,72,75.0
0.5min,9,26,20,0.03,0.01,0.7055000000000433,101,28.71287128712871
15min,3,26,10,0.01,0.01,0.7050000000000267,89,52.80898876404494
0.5min,6,15,10,0.05,0.02,0.7049999999999557,108,29.629629629629626
0.5min,6,10,20,0.02,0.02,0.7029999999999745,23,56.52173913043478
0.5min,3,10,50,0.02,0.01,0.701999999999984,18,50.0
0.5min,6,20,30,0.03,0.01,0.700000000000017,58,31.03448275862069
5min,3,26,10,0.03,0.02,0.6999999999999176,121,41.32231404958678
0.5min,3,10,50,0.05,0.01,0.699499999999972,13,30.76923076923077
0.5min,6,26,20,0.05,0.02,0.698499999999953,77,29.87012987012987
1min,3,20,50,0.03,0.02,0.6920000000000073,33,42.42424242424242
5min,3,60,20,0.01,0.03,0.690999999999903,167,73.65269461077844
1min,9,50,30,0.01,0.02,0.6890000000000924,213,64.31924882629107
0.5min,12,60,30,0.03,0.02,0.688500000000019,95,41.05263157894737
0.5min,3,15,50,0.02,0.03,0.6880000000000024,24,62.5
1min,6,60,50,0.03,0.02,0.6865000000000379,85,42.35294117647059
1min,3,50,50,0.05,0.01,0.6825000000000756,94,19.148936170212767
0.5min,3,15,50,0.05,0.02,0.6819999999999737,16,37.5
5min,3,15,20,0.03,0.01,0.6799999999999926,120,28.333333333333332
1min,12,50,30,0.02,0.03,0.6785000000000139,119,59.66386554621849
1min,9,50,20,0.03,0.03,0.6755000000000422,139,50.35971223021583
0.5min,9,50,20,0.03,0.02,0.6745000000000942,146,40.41095890410959
1min,6,15,20,0.05,0.02,0.6740000000000492,46,30.434782608695656
5min,3,26,20,0.03,0.02,0.6729999999999166,109,41.284403669724774
15min,12,60,30,0.01,0.02,0.6714999999999947,92,66.30434782608695
0.5min,9,20,20,0.03,0.01,0.6710000000000065,66,30.303030303030305
0.5min,9,60,50,0.05,0.02,0.6700000000000301,35,31.428571428571427
0.5min,3,26,30,0.03,0.02,0.6689999999999543,85,41.17647058823529
1min,6,15,10,0.05,0.02,0.6675000000000608,110,30.0
5min,6,10,50,0.03,0.01,0.6665000000000134,8,50.0
1min,3,10,30,0.02,0.03,0.6655000000000229,33,60.60606060606061
0.5min,6,15,30,0.03,0.02,0.6644999999999897,24,45.83333333333333
5min,6,60,20,0.01,0.01,0.6630000000000962,219,51.141552511415526
5min,6,10,30,0.03,0.01,0.659000000000006,18,38.88888888888889
0.5min,9,60,20,0.05,0.02,0.6585000000000178,126,29.365079365079367
5min,3,20,50,0.03,0.01,0.6569999999999965,67,29.850746268656714
0.5min,3,10,50,0.02,0.02,0.6569999999999823,17,58.82352941176471
0.5min,3,20,10,0.03,0.02,0.6559999999999633,222,40.090090090090094
0.5min,3,26,10,0.03,0.03,0.6525000000000318,205,49.26829268292683
0.5min,9,26,20,0.01,0.02,0.6510000000000673,119,63.86554621848739
1min,3,50,10,0.02,0.01,0.6500000000000483,451,34.811529933481154
0.5min,3,60,50,0.03,0.02,0.6500000000000057,73,41.0958904109589
1min,6,26,50,0.05,0.02,0.6465000000000316,27,33.33333333333333
0.5min,6,15,10,0.05,0.03,0.646000000000015,93,37.634408602150536
0.5min,6,15,20,0.05,0.01,0.6435000000000173,50,20.0
1min,12,26,10,0.02,0.02,0.6430000000001002,203,50.24630541871922
1min,3,10,30,0.02,0.02,0.6430000000000149,40,52.5
0.5min,3,15,10,0.02,0.03,0.6420000000000243,229,58.515283842794766
0.5min,6,20,30,0.05,0.01,0.6405000000000172,44,20.454545454545457
1min,12,60,30,0.01,0.02,0.639500000000055,226,64.15929203539822
0.5min,12,26,20,0.03,0.02,0.6389999999999674,53,41.509433962264154
0.5min,6,20,30,0.02,0.01,0.6380000000000052,74,37.83783783783784
15min,12,15,50,0.01,0.01,0.637500000000017,9,88.88888888888889
0.5min,3,26,50,0.05,0.02,0.6369999999999152,28,32.142857142857146
15min,3,15,10,0.01,0.01,0.6365000000000123,82,52.4390243902439
0.5min,3,26,50,0.05,0.01,0.6354999999999649,43,20.930232558139537
1min,3,26,30,0.02,0.02,0.6335000000000548,117,50.427350427350426
1min,6,60,10,0.01,0.02,0.6335000000000548,463,64.79481641468684
0.5min,3,60,50,0.02,0.01,0.63250000000005,121,35.53719008264463
1min,6,50,50,0.05,0.01,0.6320000000000618,93,19.35483870967742
5min,6,60,20,0.03,0.02,0.629499999999922,125,40.8
0.5min,3,50,10,0.02,0.01,0.6290000000001754,516,34.30232558139535
5min,3,50,20,0.03,0.01,0.6274999999999835,145,27.586206896551722
5min,3,60,20,0.02,0.02,0.6274999999999551,152,50.6578947368421
1min,3,60,20,0.03,0.01,0.6265000000001066,321,26.479750778816197
0.5min,6,26,30,0.02,0.01,0.6265000000000072,99,36.36363636363637
0.5min,3,15,50,0.03,0.03,0.6260000000000048,20,55.00000000000001
0.5min,6,60,50,0.05,0.01,0.6255000000000024,62,19.35483870967742
5min,9,15,50,0.05,0.03,0.6244999999999834,8,50.0
0.5min,3,60,20,0.02,0.01,0.6240000000002084,374,34.49197860962567
0.5min,6,26,20,0.03,0.02,0.6205000000000069,100,41.0
1min,12,50,30,0.03,0.02,0.6180000000000376,114,41.228070175438596
1min,6,50,30,0.01,0.02,0.6175000000001205,225,64.44444444444444
1min,3,50,50,0.02,0.02,0.6165000000000731,108,50.92592592592593
5min,3,20,10,0.01,0.02,0.614999999999938,183,65.57377049180327
1min,12,50,20,0.03,0.01,0.6115000000001061,235,27.23404255319149
0.5min,3,50,20,0.02,0.01,0.6105000000001439,335,34.626865671641795
1min,12,50,20,0.02,0.02,0.6095000000001392,214,50.467289719626166
1min,6,10,10,0.02,0.02,0.6095000000000823,74,51.35135135135135
5min,6,15,20,0.01,0.01,0.6090000000000799,140,52.142857142857146
5min,6,60,10,0.01,0.01,0.6045000000000869,238,50.84033613445378
5min,6,10,30,0.01,0.03,0.6029999999999944,17,82.35294117647058
5min,6,60,10,0.01,0.02,0.602999999999966,205,65.3658536585366
0.5min,9,60,20,0.02,0.01,0.6020000000000323,327,34.5565749235474
0.5min,9,20,20,0.01,0.02,0.6019999999999612,75,64.0
1min,9,26,20,0.03,0.03,0.599500000000063,82,50.0
0.5min,3,20,50,0.01,0.01,0.5994999999999493,45,53.333333333333336
1min,6,20,10,0.05,0.02,0.5990000000001032,132,29.545454545454547
5min,9,15,50,0.01,0.01,0.5980000000000132,14,71.42857142857143
0.5min,3,60,30,0.02,0.02,0.5975000000001103,189,49.2063492063492
0.5min,3,50,30,0.02,0.01,0.5950000000000273,223,34.97757847533632
0.5min,6,60,30,0.05,0.01,0.5940000000000367,139,17.985611510791365
0.5min,12,50,20,0.03,0.03,0.5930000000000462,116,49.137931034482754
5min,6,10,30,0.02,0.01,0.5914999999999822,18,50.0
5min,6,26,30,0.01,0.02,0.59050000000002,149,65.77181208053692
5min,3,26,20,0.03,0.01,0.5899999999999608,138,27.536231884057973
1min,3,15,50,0.03,0.02,0.5889999999999986,26,42.30769230769231
1min,12,60,10,0.03,0.01,0.5815000000000623,343,26.82215743440233
0.5min,6,20,30,0.01,0.02,0.5784999999999343,70,64.28571428571429
15min,9,10,20,0.01,0.01,0.5775000000000006,8,87.5
0.5min,6,50,20,0.05,0.01,0.5755000000000905,191,17.801047120418847
0.5min,3,20,50,0.02,0.01,0.5749999999999886,38,39.473684210526315
5min,3,50,10,0.03,0.02,0.574499999999901,127,40.94488188976378
1min,6,60,50,0.02,0.01,0.5730000000000928,150,36.666666666666664
1min,12,50,30,0.02,0.02,0.5715000000001424,148,50.67567567567568
5min,9,10,10,0.02,0.01,0.5714999999999861,13,53.84615384615385
0.5min,9,20,10,0.02,0.03,0.5714999999999719,129,58.139534883720934
5min,9,15,50,0.01,0.03,0.5694999999999908,13,84.61538461538461
0.5min,3,15,10,0.03,0.02,0.5694999999999766,204,40.19607843137255
1min,3,15,20,0.03,0.02,0.5690000000000168,101,40.5940594059406
5min,3,15,50,0.02,0.03,0.5679999999999552,51,60.78431372549019
0.5min,3,50,20,0.02,0.03,0.5655000000000854,218,58.71559633027523
0.5min,3,15,30,0.02,0.01,0.5649999999999977,75,36.0
0.5min,3,50,50,0.02,0.01,0.5640000000000498,107,35.51401869158878
15min,12,15,50,0.01,0.02,0.5640000000000214,9,88.88888888888889
5min,9,15,20,0.01,0.03,0.5630000000000166,69,75.36231884057972
1min,3,50,30,0.02,0.02,0.5625000000000995,200,50.0
5min,12,26,50,0.01,0.03,0.5609999999999928,53,75.47169811320755
5min,3,20,50,0.02,0.01,0.5604999999999762,75,38.666666666666664
1min,9,26,20,0.05,0.02,0.5600000000000307,69,28.985507246376812
0.5min,3,20,20,0.03,0.01,0.5570000000000448,149,27.516778523489933
0.5min,9,15,20,0.02,0.02,0.5510000000000019,24,54.166666666666664
0.5min,9,20,10,0.05,0.02,0.549500000000009,98,29.591836734693878
0.5min,9,50,50,0.05,0.03,0.5490000000000492,23,39.130434782608695
5min,9,20,30,0.01,0.02,0.5474999999999852,93,66.66666666666666
0.5min,3,50,20,0.03,0.01,0.5455000000001462,281,27.046263345195733
1min,6,20,10,0.02,0.02,0.5455000000000609,221,50.2262443438914
5min,12,15,10,0.01,0.03,0.542999999999978,64,75.0
1min,6,10,10,0.05,0.01,0.5425000000001035,77,19.480519480519483
0.5min,12,50,10,0.02,0.03,0.5415000000001271,237,58.64978902953587
5min,3,20,20,0.01,0.02,0.5409999999999542,159,65.40880503144653
0.5min,9,26,30,0.05,0.02,0.5404999999999944,29,31.03448275862069
0.5min,12,26,20,0.02,0.03,0.5380000000000393,54,59.25925925925925
1min,6,15,10,0.02,0.02,0.5360000000000724,173,50.28901734104046
0.5min,3,20,50,0.05,0.01,0.5354999999999848,27,22.22222222222222
5min,3,15,20,0.01,0.02,0.5334999999999468,140,65.71428571428571
0.5min,12,60,20,0.01,0.01,0.5325000000000983,443,48.53273137697517
0.5min,3,10,10,0.05,0.01,0.5320000000000249,155,18.064516129032256
0.5min,12,26,20,0.05,0.02,0.5319999999999823,39,30.76923076923077
0.5min,6,60,30,0.01,0.02,0.531500000000122,232,63.793103448275865
5min,6,20,50,0.01,0.02,0.5315000000000367,62,67.74193548387096
5min,12,15,30,0.05,0.01,0.5315000000000083,9,33.33333333333333
0.5min,6,15,30,0.05,0.02,0.5314999999999799,18,33.33333333333333
0.5min,9,50,50,0.03,0.03,0.5290000000000248,32,50.0
5min,9,10,10,0.01,0.01,0.5280000000000058,13,69.23076923076923
1min,9,60,10,0.02,0.01,0.527500000000046,453,34.87858719646799
0.5min,3,26,50,0.01,0.03,0.5269999999999726,55,70.9090909090909
1min,6,60,50,0.02,0.03,0.5265000000000271,89,59.55056179775281
0.5min,3,15,30,0.03,0.01,0.5239999999999867,68,29.411764705882355
1min,3,15,30,0.05,0.01,0.5220000000000766,67,19.402985074626866
0.5min,9,15,10,0.01,0.02,0.5210000000000292,102,63.725490196078425
0.5min,9,20,20,0.05,0.01,0.5200000000000102,51,19.607843137254903
5min,6,10,50,0.05,0.02,0.519999999999996,7,42.857142857142854
5min,6,10,30,0.02,0.02,0.5194999999999936,17,58.82352941176471
5min,6,26,50,0.01,0.02,0.5194999999999936,100,66.0
0.5min,6,50,10,0.02,0.01,0.5175000000000551,466,34.33476394849785
1min,3,15,30,0.03,0.03,0.514500000000055,50,50.0
0.5min,6,50,50,0.01,0.03,0.5135000000000218,71,70.4225352112676
0.5min,3,15,50,0.05,0.01,0.5134999999999792,20,25.0
5min,9,15,50,0.02,0.03,0.5119999999999862,13,69.23076923076923
0.5min,12,60,50,0.02,0.03,0.5095000000000027,44,59.09090909090909
5min,6,15,30,0.01,0.01,0.5050000000000949,85,52.94117647058824
5min,6,10,30,0.05,0.01,0.5050000000000097,15,26.666666666666668
5min,3,15,50,0.03,0.02,0.504999999999967,48,41.66666666666667
1min,3,10,50,0.03,0.02,0.5044999999999931,14,50.0
15min,9,10,20,0.01,0.02,0.5040000000000049,8,87.5
0.5min,6,15,10,0.03,0.02,0.5035000000000167,131,40.458015267175576
5min,3,26,50,0.01,0.02,0.5014999999999787,100,66.0
1min,6,26,50,0.03,0.02,0.5010000000000048,35,42.857142857142854
5min,3,10,30,0.05,0.01,0.5005000000000166,54,20.37037037037037
0.5min,12,50,20,0.02,0.02,0.5000000000000853,178,48.87640449438202
5min,9,10,10,0.01,0.03,0.4994999999999834,12,83.33333333333334
0.5min,9,20,20,0.05,0.02,0.49949999999996914,33,30.303030303030305
0.5min,6,15,10,0.02,0.03,0.498000000000033,151,58.27814569536424
0.5min,12,20,10,0.03,0.03,0.49799999999999045,60,50.0
1min,6,60,20,0.05,0.01,0.49750000000007333,231,18.181818181818183
1min,3,15,50,0.05,0.03,0.4975000000000165,18,38.88888888888889
0.5min,6,50,30,0.01,0.02,0.4975000000000023,181,63.53591160220995
1min,6,50,50,0.03,0.02,0.4970000000000283,74,41.891891891891895
0.5min,12,60,50,0.05,0.02,0.49649999999998334,32,31.25
0.5min,3,15,50,0.02,0.01,0.49649999999998334,26,42.30769230769231
0.5min,3,60,20,0.02,0.02,0.49550000000017747,273,49.08424908424908
0.5min,3,26,10,0.03,0.02,0.4944999999999879,236,39.83050847457627
0.5min,9,50,20,0.05,0.02,0.4920000000000897,113,29.20353982300885
15min,12,15,50,0.01,0.03,0.4910000000000139,9,88.88888888888889
0.5min,3,20,50,0.03,0.01,0.4905000000000115,35,31.428571428571427
0.5min,6,10,20,0.03,0.02,0.4874999999999688,19,47.368421052631575
1min,12,26,10,0.05,0.01,0.4870000000000942,195,18.461538461538463
0.5min,3,26,50,0.02,0.01,0.4864999999999924,60,36.666666666666664
5min,3,15,50,0.03,0.01,0.4814999999999827,54,29.629629629629626
0.5min,3,15,50,0.01,0.01,0.47999999999996135,32,56.25
5min,9,15,50,0.02,0.02,0.4794999999999874,13,61.53846153846154
0.5min,6,60,10,0.01,0.02,0.4790000000002123,503,64.21471172962227
0.5min,3,20,10,0.05,0.01,0.4740000000000748,246,17.88617886178862
0.5min,3,26,20,0.02,0.03,0.47350000000005826,166,58.43373493975904
5min,3,20,50,0.03,0.02,0.47249999999993975,58,41.37931034482759
0.5min,3,26,50,0.05,0.03,0.4719999999999658,24,37.5
0.5min,6,20,10,0.02,0.02,0.4705000000000581,208,49.03846153846153
0.5min,12,50,20,0.05,0.02,0.4695000000000533,108,29.629629629629626
1min,9,26,10,0.05,0.01,0.4659999999999798,210,18.095238095238095
0.5min,12,20,10,0.03,0.01,0.46550000000006264,104,27.884615384615387
1min,3,10,20,0.05,0.03,0.4654999999999916,48,37.5
0.5min,9,26,20,0.02,0.01,0.4650000000000318,128,35.15625
5min,6,50,10,0.01,0.01,0.46350000000009567,232,50.43103448275862
5min,9,10,10,0.03,0.02,0.46149999999998664,10,50.0
1min,3,26,10,0.02,0.03,0.45799999999997,241,58.921161825726145
0.5min,9,50,10,0.02,0.01,0.4575000000001381,431,34.33874709976798
1min,12,60,30,0.01,0.03,0.457499999999996,188,71.80851063829788
0.5min,9,15,20,0.02,0.03,0.457499999999996,23,60.86956521739131
5min,9,15,50,0.01,0.02,0.45700000000000784,13,76.92307692307693
5min,3,20,50,0.01,0.02,0.45699999999996527,74,66.21621621621621
1min,3,50,50,0.02,0.03,0.4515000000000242,98,59.183673469387756
1min,6,60,20,0.02,0.01,0.45050000000014734,366,34.97267759562842
0.5min,9,15,20,0.03,0.02,0.4484999999999957,20,45.0
0.5min,9,15,20,0.03,0.03,0.4470000000000027,17,52.94117647058824
1min,9,50,30,0.03,0.01,0.4465000000000714,183,26.775956284153008
0.5min,3,10,50,0.03,0.01,0.44199999999999307,16,37.5
5min,3,20,20,0.03,0.01,0.4409999999999598,135,27.40740740740741
1min,9,60,50,0.05,0.01,0.43700000000004025,108,18.51851851851852
1min,3,20,50,0.02,0.03,0.437000000000026,34,58.82352941176471
5min,6,20,20,0.01,0.02,0.43600000000003547,156,65.38461538461539
1min,9,60,50,0.05,0.03,0.43499999999995964,50,38.0
5min,12,26,50,0.01,0.02,0.43450000000001415,57,66.66666666666666
15min,9,10,20,0.01,0.03,0.4309999999999974,8,87.5
0.5min,6,26,50,0.02,0.02,0.43050000000000915,32,50.0
5min,3,60,10,0.03,0.01,0.4299999999999926,167,26.94610778443114
1min,6,15,30,0.03,0.03,0.4285000000000281,32,50.0
0.5min,12,60,50,0.05,0.01,0.42750000000006594,51,19.607843137254903
0.5min,9,50,10,0.03,0.01,0.4270000000000352,356,26.40449438202247
5min,6,10,50,0.01,0.03,0.4269999999999925,7,85.71428571428571
5min,6,10,30,0.01,0.01,0.424500000000009,18,61.111111111111114
5min,12,20,30,0.01,0.03,0.42350000000000415,51,74.50980392156863
1min,12,50,20,0.03,0.02,0.4220000000000823,162,40.74074074074074
5min,3,20,30,0.01,0.02,0.42199999999996857,130,65.38461538461539
1min,12,60,50,0.05,0.02,0.4195000000001272,65,30.76923076923077
0.5min,12,26,10,0.03,0.01,0.4190000000000964,177,26.55367231638418
5min,6,10,30,0.03,0.02,0.4189999999999969,15,46.666666666666664
5min,3,15,50,0.02,0.02,0.41649999999998505,55,50.90909090909091
5min,3,50,10,0.01,0.02,0.41549999999988074,188,64.8936170212766
1min,6,15,20,0.05,0.03,0.41500000000004894,35,37.142857142857146
5min,3,15,30,0.01,0.01,0.41500000000000625,109,51.37614678899083
0.5min,12,26,10,0.05,0.02,0.41249999999998005,99,29.292929292929294
1min,9,60,10,0.03,0.01,0.41100000000008663,344,26.744186046511626
0.5min,12,50,30,0.05,0.02,0.4105000000000274,65,29.230769230769234
0.5min,6,50,50,0.05,0.01,0.40950000000000836,52,19.230769230769234
0.5min,9,20,20,0.01,0.03,0.40950000000000836,67,70.1492537313433
0.5min,3,26,30,0.05,0.03,0.4075000000000131,62,37.096774193548384
0.5min,9,60,10,0.01,0.01,0.4015000000003397,713,48.94810659186536
5min,3,20,20,0.03,0.02,0.4014999999999276,108,40.74074074074074
5min,12,15,30,0.01,0.01,0.3995000000000033,10,70.0
1min,12,50,10,0.03,0.01,0.39650000000004576,338,26.331360946745562
1min,3,15,30,0.03,0.02,0.3960000000000292,57,40.35087719298245
0.5min,6,20,20,0.03,0.01,0.39500000000005286,105,27.61904761904762
0.5min,3,10,10,0.02,0.01,0.3945000000000505,226,34.51327433628318
1min,6,15,30,0.03,0.02,0.39400000000000546,36,41.66666666666667
0.5min,6,50,50,0.02,0.01,0.3924999999999841,86,36.04651162790697
1min,3,10,50,0.05,0.02,0.3920000000000101,11,36.36363636363637
5min,6,15,30,0.03,0.02,0.39149999999996515,61,40.98360655737705
0.5min,3,20,50,0.05,0.02,0.390999999999977,20,30.0
5min,9,10,10,0.01,0.02,0.38700000000000045,12,75.0
1min,6,26,50,0.03,0.03,0.3855000000000359,30,50.0
0.5min,12,26,10,0.03,0.02,0.3855000000000075,123,39.83739837398374
1min,6,50,20,0.02,0.01,0.3840000000000998,339,35.10324483775811
5min,3,10,10,0.01,0.02,0.3839999999999435,156,65.38461538461539
5min,9,10,10,0.05,0.02,0.38049999999998363,8,37.5
0.5min,3,15,50,0.01,0.03,0.37999999999998124,30,73.33333333333333
5min,9,15,20,0.03,0.02,0.37599999999996214,60,41.66666666666667
1min,12,60,10,0.02,0.01,0.3730000000000757,451,34.811529933481154
1min,3,50,30,0.05,0.01,0.3730000000000331,167,17.964071856287426
0.5min,9,60,30,0.02,0.01,0.3715000000000117,201,34.82587064676617
0.5min,9,50,20,0.05,0.01,0.3710000000000946,170,17.647058823529413
0.5min,3,10,30,0.01,0.03,0.3709999999999667,39,69.23076923076923
0.5min,3,26,50,0.03,0.01,0.36899999999997135,54,29.629629629629626
5min,3,15,50,0.01,0.02,0.3684999999999974,58,65.51724137931035
0.5min,6,50,50,0.03,0.01,0.3675000000000068,66,28.78787878787879
0.5min,9,20,20,0.02,0.01,0.3675000000000068,84,35.714285714285715
1min,6,20,30,0.03,0.02,0.36700000000001864,42,40.476190476190474
1min,6,60,50,0.03,0.03,0.3665000000000731,72,50.0
0.5min,3,10,50,0.05,0.02,0.3664999999999736,11,36.36363636363637
5min,9,10,10,0.02,0.03,0.3639999999999901,12,66.66666666666666
1min,6,10,10,0.02,0.03,0.3635000000000588,62,58.06451612903226
5min,6,10,50,0.02,0.03,0.36350000000000193,7,71.42857142857143
0.5min,6,20,50,0.02,0.02,0.3614999999999924,21,52.38095238095239
0.5min,6,26,50,0.03,0.02,0.3610000000000042,26,42.30769230769231
1min,6,60,50,0.01,0.02,0.3590000000000515,137,63.503649635036496
0.5min,3,10,50,0.01,0.01,0.358999999999952,21,57.14285714285714
5min,12,15,30,0.02,0.01,0.3564999999999827,10,50.0
5min,12,15,10,0.01,0.02,0.3474999999999966,70,65.71428571428571
1min,3,10,50,0.05,0.01,0.3440000000000083,17,23.52941176470588
1min,6,20,30,0.05,0.03,0.34300000000001774,29,37.93103448275862
1min,6,50,30,0.02,0.01,0.3425000000000722,247,35.62753036437247
0.5min,6,26,20,0.03,0.01,0.3424999999999869,137,27.00729927007299
1min,3,50,20,0.03,0.01,0.3395000000000863,290,26.551724137931032
5min,12,15,30,0.01,0.02,0.33849999999999625,9,77.77777777777779
1min,6,60,30,0.03,0.02,0.3380000000000507,148,40.54054054054054
1min,6,60,50,0.03,0.01,0.3380000000000365,123,27.64227642276423
1min,9,15,10,0.05,0.02,0.33700000000004593,63,28.57142857142857
5min,3,20,50,0.01,0.01,0.33499999999999375,77,51.94805194805194
0.5min,9,15,10,0.03,0.01,0.33400000000008845,91,27.472527472527474
0.5min,3,26,30,0.02,0.01,0.333500000000015,139,34.53237410071942
5min,9,10,10,0.02,0.02,0.33149999999999125,12,58.333333333333336
0.5min,6,20,50,0.02,0.03,0.33099999999998886,20,60.0
0.5min,9,50,50,0.01,0.02,0.3305000000000291,71,63.38028169014085
0.5min,3,60,30,0.03,0.02,0.33000000000008356,158,39.87341772151899
1min,3,26,20,0.03,0.02,0.3290000000001214,162,40.123456790123456
1min,12,20,10,0.03,0.03,0.32850000000000534,83,49.39759036144578
0.5min,12,50,20,0.02,0.03,0.328000000000074,148,58.108108108108105
5min,12,20,30,0.01,0.02,0.3275000000000432,58,65.51724137931035
0.5min,3,15,50,0.03,0.01,0.32750000000000057,24,33.33333333333333
0.5min,6,15,30,0.05,0.01,0.31699999999999307,24,20.833333333333336
0.5min,9,20,20,0.05,0.03,0.3164999999999907,30,36.666666666666664
0.5min,12,50,50,0.03,0.02,0.3154999999999717,41,41.46341463414634
1min,6,20,20,0.03,0.02,0.314000000000064,96,40.625
0.5min,6,10,10,0.01,0.03,0.3135000000000048,76,69.73684210526315
5min,6,10,50,0.01,0.01,0.3090000000000117,8,62.5
1min,12,60,10,0.01,0.02,0.3085000000000946,459,64.4880174291939
0.5min,3,15,50,0.05,0.03,0.3084999999999951,15,40.0
5min,6,10,30,0.01,0.02,0.30750000000000455,17,70.58823529411765
0.5min,3,60,50,0.02,0.03,0.307000000000059,86,56.97674418604651
0.5min,6,10,20,0.03,0.01,0.30700000000000216,25,32.0
1min,6,20,10,0.02,0.03,0.3054999999999808,192,58.854166666666664
5min,9,15,50,0.03,0.02,0.3049999999999926,11,45.45454545454545
0.5min,9,60,30,0.01,0.01,0.30100000000001614,297,47.81144781144781
1min,3,15,50,0.02,0.02,0.2995000000000232,31,48.38709677419355
0.5min,6,15,30,0.02,0.03,0.29849999999999,26,57.692307692307686
0.5min,6,26,20,0.03,0.03,0.2979999999999876,87,49.42528735632184
0.5min,9,26,10,0.02,0.01,0.29450000000018406,283,34.275618374558306
0.5min,9,20,10,0.03,0.03,0.2925000000000324,100,49.0
0.5min,3,20,20,0.03,0.03,0.2900000000000347,112,49.107142857142854
1min,3,10,50,0.03,0.01,0.2890000000000015,19,31.57894736842105
5min,6,10,50,0.02,0.01,0.2890000000000015,8,50.0
0.5min,6,15,20,0.01,0.01,0.28849999999995646,99,47.474747474747474
1min,12,60,20,0.03,0.01,0.28800000000006776,275,26.545454545454543
1min,6,60,10,0.01,0.03,0.2879999999999683,392,72.70408163265306
1min,3,15,20,0.05,0.01,0.2845000000000226,110,18.181818181818183
1min,3,26,20,0.02,0.03,0.28350000000000364,177,58.75706214689266
0.5min,6,60,50,0.03,0.01,0.28300000000001546,79,27.848101265822784
0.5min,6,26,10,0.02,0.02,0.2820000000000107,246,48.78048780487805
5min,3,10,30,0.05,0.02,0.2814999999999941,43,30.23255813953488
1min,3,15,50,0.03,0.03,0.27650000000001285,23,47.82608695652174
0.5min,6,60,50,0.05,0.03,0.2729999999999819,38,36.84210526315789
0.5min,12,26,10,0.02,0.01,0.27150000000010266,233,34.33476394849785
5min,6,15,30,0.01,0.02,0.2715000000000458,80,65.0
0.5min,6,60,30,0.01,0.01,0.27050000000002683,326,47.54601226993865
0.5min,3,26,10,0.02,0.01,0.2695000000000931,408,34.068627450980394
5min,3,15,50,0.01,0.01,0.2675000000000125,60,51.66666666666667
1min,9,20,10,0.03,0.03,0.2674999999999699,116,49.137931034482754
0.5min,3,50,50,0.01,0.02,0.26550000000001717,102,61.76470588235294
0.5min,6,20,30,0.01,0.03,0.26099999999998147,62,69.35483870967742
0.5min,3,15,10,0.03,0.03,0.25799999999999557,183,49.18032786885246
0.5min,6,15,30,0.03,0.01,0.2575000000000216,30,30.0
1min,3,10,30,0.05,0.01,0.2540000000000475,41,19.51219512195122
1min,3,60,10,0.02,0.01,0.2535000000000167,469,34.32835820895522
1min,12,60,30,0.01,0.01,0.2530000000000001,322,48.4472049689441
5min,3,15,50,0.02,0.01,0.2524999999999835,59,37.28813559322034
0.5min,6,15,20,0.01,0.03,0.25099999999997635,68,69.11764705882352
1min,6,15,30,0.02,0.02,0.2485000000000639,43,48.837209302325576
0.5min,3,15,30,0.01,0.03,0.24750000000000227,72,69.44444444444444
0.5min,3,26,20,0.02,0.01,0.24600000000012304,229,34.49781659388647
1min,6,20,20,0.02,0.03,0.24600000000002353,96,58.333333333333336
5min,6,10,50,0.01,0.02,0.24150000000000205,7,71.42857142857143
1min,6,26,50,0.05,0.03,0.24000000000005173,21,38.095238095238095
0.5min,12,50,20,0.05,0.01,0.23800000000014165,157,17.8343949044586
1min,9,50,30,0.01,0.03,0.23649999999993554,186,71.50537634408603
0.5min,3,50,50,0.03,0.01,0.23450000000001125,90,27.77777777777778
5min,12,15,30,0.05,0.03,0.2344999999999828,7,42.857142857142854
0.5min,3,20,30,0.03,0.01,0.231000000000023,86,27.906976744186046
0.5min,3,15,20,0.02,0.03,0.22850000000001103,109,57.798165137614674
0.5min,6,26,50,0.05,0.02,0.22799999999999443,20,30.0
0.5min,6,10,20,0.02,0.01,0.22699999999998965,29,37.93103448275862
0.5min,9,60,50,0.01,0.02,0.2260000000000275,80,62.5
5min,3,15,10,0.01,0.02,0.22549999999995407,178,64.60674157303372
1min,9,50,30,0.02,0.01,0.22500000000012219,232,34.91379310344828
5min,9,15,50,0.05,0.02,0.22399999999998954,9,33.33333333333333
0.5min,6,50,20,0.03,0.01,0.21900000000005093,245,26.122448979591837
1min,9,60,30,0.02,0.01,0.21700000000001296,252,34.92063492063492
0.5min,12,60,30,0.05,0.01,0.21650000000006742,119,17.647058823529413
5min,3,10,30,0.02,0.02,0.2164999999999964,60,50.0
0.5min,3,20,50,0.01,0.03,0.214999999999975,41,68.29268292682927
0.5min,6,20,30,0.01,0.01,0.2144999999999584,92,47.82608695652174
1min,6,26,50,0.05,0.01,0.21250000000004832,41,19.51219512195122
1min,6,26,50,0.02,0.02,0.21150000000007196,41,48.78048780487805
0.5min,3,26,50,0.01,0.01,0.20749999999993915,71,47.88732394366197
0.5min,6,15,50,0.02,0.01,0.2069999999999652,18,38.88888888888889
1min,3,20,10,0.03,0.02,0.20550000000004331,216,40.27777777777778
1min,3,20,50,0.02,0.02,0.20500000000004093,41,48.78048780487805
0.5min,6,15,30,0.01,0.02,0.20499999999995566,36,63.888888888888886
1min,12,26,50,0.03,0.02,0.2044999999999959,12,41.66666666666667
5min,3,50,50,0.01,0.01,0.20149999999996737,156,49.358974358974365
0.5min,3,50,50,0.02,0.03,0.19950000000005733,74,56.75675675675676
1min,6,26,10,0.02,0.01,0.196500000000043,358,34.91620111731844
5min,12,15,30,0.02,0.02,0.19649999999998613,9,55.55555555555556
5min,12,15,30,0.01,0.03,0.19599999999998374,9,77.77777777777779
1min,3,60,50,0.05,0.01,0.19300000000005468,116,18.103448275862068
1min,9,26,10,0.02,0.03,0.19250000000000966,194,58.76288659793815
1min,9,20,10,0.02,0.02,0.190000000000083,178,49.43820224719101
0.5min,3,10,50,0.01,0.02,0.18949999999996692,19,68.42105263157895
5min,3,10,50,0.05,0.03,0.18899999999999295,21,38.095238095238095
1min,3,26,50,0.02,0.02,0.18700000000005446,49,48.97959183673469
1min,3,10,20,0.05,0.02,0.18600000000002126,56,28.57142857142857
0.5min,3,10,50,0.02,0.03,0.18499999999998806,17,58.82352941176471
0.5min,6,20,20,0.03,0.03,0.18400000000002592,64,48.4375
0.5min,12,50,50,0.02,0.02,0.18199999999998795,47,48.93617021276596
5min,6,10,50,0.02,0.02,0.18099999999999739,7,57.14285714285714
0.5min,12,60,30,0.05,0.02,0.1805000000000092,71,28.169014084507044
5min,6,10,50,0.03,0.02,0.17799999999999727,7,42.857142857142854
1min,6,15,20,0.03,0.02,0.17500000000001137,53,39.62264150943396
5min,3,26,50,0.01,0.01,0.17350000000001842,106,50.0
0.5min,6,60,50,0.02,0.01,0.16899999999999693,99,34.34343434343434
0.5min,9,20,30,0.02,0.02,0.16849999999999454,27,48.148148148148145
0.5min,6,10,20,0.01,0.01,0.16549999999993759,33,51.515151515151516
1min,3,10,50,0.05,0.03,0.16250000000000853,10,40.0
5min,3,10,20,0.01,0.01,0.16049999999998477,106,50.0
0.5min,6,26,30,0.01,0.03,0.15900000000006287,82,69.51219512195121
1min,6,60,50,0.01,0.01,0.15600000000002012,180,47.77777777777778
1min,12,50,20,0.02,0.01,0.15250000000008868,308,34.74025974025974
0.5min,3,10,50,0.03,0.02,0.15049999999997965,14,42.857142857142854
5min,3,10,30,0.01,0.02,0.1495000000000033,63,63.49206349206349
1min,6,60,10,0.01,0.01,0.14900000000004354,620,48.87096774193548
5min,9,15,20,0.01,0.02,0.14850000000001273,77,64.93506493506493
1min,6,26,30,0.05,0.02,0.14700000000000557,60,28.333333333333332
0.5min,9,50,20,0.02,0.01,0.14700000000000557,271,33.94833948339483
1min,6,15,20,0.05,0.01,0.14200000000006696,64,18.75
1min,6,50,50,0.02,0.01,0.14150000000007878,127,35.43307086614173
1min,9,26,30,0.05,0.02,0.1405000000000456,42,28.57142857142857
1min,9,26,20,0.02,0.03,0.13850000000002183,100,57.99999999999999
0.5min,6,10,10,0.01,0.01,0.13850000000000762,107,46.728971962616825
0.5min,6,26,10,0.03,0.01,0.13650000000012597,291,26.46048109965636
0.5min,6,50,50,0.01,0.01,0.13549999999997908,107,46.728971962616825
1min,9,50,20,0.05,0.02,0.13200000000010448,134,29.1044776119403
0.5min,9,20,30,0.02,0.03,0.13099999999998602,25,56.00000000000001
1min,3,15,30,0.02,0.02,0.1265000000000498,66,48.484848484848484
0.5min,9,20,10,0.03,0.01,0.12650000000003558,161,26.08695652173913
0.5min,12,60,50,0.03,0.01,0.12600000000006162,63,26.984126984126984
1min,3,10,30,0.01,0.02,0.12349999999999284,44,61.36363636363637
5min,3,60,50,0.01,0.01,0.12149999999995487,161,49.06832298136646
0.5min,9,60,50,0.03,0.03,0.11950000000001638,36,47.22222222222222
0.5min,3,26,30,0.01,0.02,0.1180000000000092,134,61.940298507462686
0.5min,12,60,50,0.03,0.03,0.11499999999999488,35,48.57142857142857
1min,3,26,50,0.02,0.03,0.11300000000004216,42,57.14285714285714
0.5min,9,60,30,0.01,0.02,0.11100000000011788,205,62.926829268292686
1min,3,15,10,0.02,0.02,0.11050000000017235,237,49.36708860759494
0.5min,6,10,20,0.05,0.01,0.10799999999998988,20,20.0
1min,9,26,10,0.02,0.02,0.10700000000004195,230,49.56521739130435
0.5min,9,50,30,0.01,0.02,0.1030000000000939,155,61.935483870967744
5min,6,10,30,0.05,0.02,0.10199999999998967,13,30.76923076923077
1min,12,50,30,0.01,0.02,0.10150000000007253,193,63.212435233160626
0.5min,9,26,30,0.01,0.02,0.09950000000000614,71,61.97183098591549
1min,6,20,10,0.03,0.01,0.098500000000044,259,26.254826254826252
1min,3,20,20,0.02,0.02,0.09800000000008424,158,49.36708860759494
0.5min,6,15,30,0.03,0.03,0.09749999999999659,21,47.61904761904761
0.5min,9,15,20,0.05,0.02,0.09600000000000364,13,30.76923076923077
0.5min,9,15,20,0.03,0.01,0.09500000000001307,29,27.586206896551722
5min,3,20,30,0.01,0.01,0.09399999999999409,143,49.65034965034965
0.5min,6,26,50,0.05,0.01,0.09350000000000591,26,19.230769230769234
1min,3,10,50,0.02,0.02,0.09250000000000114,16,50.0
1min,3,10,50,0.02,0.01,0.09100000000000819,19,36.84210526315789
1min,3,15,50,0.02,0.03,0.09050000000002001,26,53.84615384615385
1min,3,10,50,0.03,0.03,0.09000000000000341,12,50.0
1min,6,15,20,0.03,0.03,0.08900000000002706,44,47.72727272727273
1min,9,15,10,0.05,0.03,0.0845000000000482,53,35.84905660377358
5min,3,10,50,0.03,0.03,0.08099999999998886,23,47.82608695652174
0.5min,12,50,30,0.02,0.02,0.08000000000009777,101,47.524752475247524
0.5min,3,15,30,0.01,0.01,0.07849999999996271,89,46.06741573033708
0.5min,6,20,50,0.03,0.02,0.07549999999999102,17,41.17647058823529
1min,12,26,10,0.03,0.01,0.07450000000009993,225,26.222222222222225
1min,3,15,30,0.02,0.03,0.07150000000004297,58,56.896551724137936
1min,9,60,20,0.05,0.01,0.07100000000006901,232,17.67241379310345
1min,12,60,30,0.02,0.01,0.06800000000011153,248,34.67741935483871
0.5min,6,15,30,0.01,0.01,0.06699999999995043,43,48.837209302325576
1min,12,26,10,0.02,0.01,0.06500000000008299,295,34.57627118644068
1min,6,26,50,0.02,0.01,0.06300000000004502,53,35.84905660377358
0.5min,12,50,30,0.03,0.02,0.06250000000002842,79,39.24050632911392
1min,9,20,20,0.05,0.03,0.06150000000002365,41,36.58536585365854
1min,12,26,50,0.05,0.02,0.06150000000002365,10,30.0
0.5min,6,60,50,0.01,0.02,0.0614999999999668,91,60.43956043956044
1min,3,60,10,0.01,0.02,0.06100000000000704,486,64.40329218106996
5min,12,15,30,0.03,0.01,0.06100000000000704,10,30.0
5min,3,26,30,0.01,0.01,0.060999999999964416,165,49.09090909090909
0.5min,6,15,30,0.05,0.03,0.06049999999999046,17,35.294117647058826
0.5min,9,15,20,0.05,0.01,0.060000000000002274,22,18.181818181818183
0.5min,6,10,20,0.02,0.03,0.0584999999999809,21,57.14285714285714
1min,9,60,30,0.01,0.02,0.05800000000004957,238,63.4453781512605
0.5min,6,20,20,0.01,0.02,0.05600000000006844,122,61.47540983606557
1min,3,60,50,0.02,0.01,0.05500000000007787,170,34.705882352941174
5min,3,60,20,0.03,0.01,0.04899999999997817,153,26.143790849673206
0.5min,12,20,10,0.01,0.02,0.04850000000004684,121,61.98347107438017
0.5min,6,50,20,0.03,0.02,0.04700000000011073,170,39.411764705882355
0.5min,3,60,30,0.03,0.01,0.0470000000000681,221,25.791855203619914
0.5min,9,15,20,0.01,0.01,0.04599999999996385,39,48.717948717948715
0.5min,9,26,30,0.05,0.03,0.04400000000001114,25,36.0
0.5min,6,20,20,0.05,0.03,0.0425000000000324,51,35.294117647058826
0.5min,12,26,20,0.05,0.01,0.04200000000008686,62,17.741935483870968
1min,6,50,50,0.02,0.03,0.04050000000005127,81,58.0246913580247
1min,6,15,30,0.05,0.01,0.038500000000055934,43,18.6046511627907
1min,6,26,50,0.03,0.01,0.03700000000002035,48,27.083333333333332
0.5min,12,20,10,0.02,0.01,0.03400000000007708,131,34.35114503816794
0.5min,3,15,20,0.03,0.01,0.027500000000031832,118,27.11864406779661
1min,12,20,10,0.03,0.02,0.025500000000050704,94,39.361702127659576
1min,3,15,10,0.02,0.03,0.024500000000045933,212,58.490566037735846
0.5min,9,50,30,0.05,0.01,0.023500000000083787,103,17.475728155339805
1min,3,20,20,0.05,0.01,0.0230000000000814,144,17.36111111111111
1min,6,50,50,0.01,0.02,0.021000000000015007,117,62.39316239316239
1min,6,20,20,0.02,0.02,0.018000000000071736,114,49.122807017543856
0.5min,9,50,50,0.05,0.01,0.018000000000057526,46,17.391304347826086
0.5min,9,15,20,0.01,0.02,0.01799999999997226,31,64.51612903225806
0.5min,3,50,10,0.03,0.01,0.0155000000000598,403,26.054590570719604
5min,3,50,30,0.01,0.01,0.013999999999967372,178,48.87640449438202
1min,3,20,30,0.03,0.03,0.013500000000078673,68,48.529411764705884
0.5min,9,60,50,0.05,0.01,0.013500000000078673,56,17.857142857142858
0.5min,9,50,50,0.03,0.01,0.012500000000031264,57,26.31578947368421
0.5min,9,50,50,0.01,0.03,0.011000000000052523,64,68.75
1min,6,15,30,0.02,0.01,0.007500000000035812,54,35.18518518518518
0.5min,9,20,20,0.01,0.01,0.001999999999981128,104,46.15384615384615
1min,6,50,10,0.01,0.01,0.0014999999999645297,595,48.57142857142857
5min,12,15,50,0.05,0.03,0.0,0,0.0
0.5min,12,20,50,0.01,0.03,0.0,0,0.0
0.5min,12,20,50,0.02,0.01,0.0,0,0.0
15min,9,10,30,0.05,0.02,0.0,0,0.0
15min,9,10,30,0.05,0.03,0.0,0,0.0
15min,9,10,50,0.01,0.01,0.0,0,0.0
0.5min,9,10,30,0.03,0.01,0.0,0,0.0
1min,12,15,30,0.02,0.03,0.0,0,0.0
1min,12,15,30,0.03,0.01,0.0,0,0.0
1min,12,15,30,0.03,0.02,0.0,0,0.0
1min,12,15,30,0.03,0.03,0.0,0,0.0
1min,12,15,30,0.05,0.01,0.0,0,0.0
1min,12,15,30,0.05,0.02,0.0,0,0.0
1min,12,15,30,0.05,0.03,0.0,0,0.0
1min,12,15,50,0.01,0.01,0.0,0,0.0
1min,12,15,50,0.01,0.02,0.0,0,0.0
1min,12,15,50,0.01,0.03,0.0,0,0.0
0.5min,9,10,10,0.05,0.03,0.0,0,0.0
0.5min,9,10,20,0.01,0.01,0.0,0,0.0
0.5min,9,10,20,0.01,0.02,0.0,0,0.0
1min,12,15,50,0.03,0.01,0.0,0,0.0
1min,12,15,50,0.03,0.02,0.0,0,0.0
1min,12,15,20,0.03,0.03,0.0,0,0.0
1min,12,15,20,0.05,0.01,0.0,0,0.0
1min,12,15,20,0.05,0.02,0.0,0,0.0
1min,12,15,20,0.05,0.03,0.0,0,0.0
0.5min,12,20,50,0.02,0.02,0.0,0,0.0
0.5min,12,20,50,0.02,0.03,0.0,0,0.0
0.5min,12,20,50,0.03,0.01,0.0,0,0.0
0.5min,12,20,50,0.03,0.02,0.0,0,0.0
0.5min,12,20,50,0.03,0.03,0.0,0,0.0
0.5min,12,20,50,0.05,0.01,0.0,0,0.0
0.5min,12,20,50,0.05,0.02,0.0,0,0.0
0.5min,12,20,50,0.05,0.03,0.0,0,0.0
1min,12,15,30,0.01,0.03,0.0,0,0.0
1min,12,15,30,0.02,0.01,0.0,0,0.0
1min,12,15,30,0.02,0.02,0.0,0,0.0
0.5min,12,20,50,0.01,0.01,0.0,0,0.0
0.5min,12,20,50,0.01,0.02,0.0,0,0.0
1min,12,15,30,0.01,0.01,0.0,0,0.0
1min,12,15,30,0.01,0.02,0.0,0,0.0
1min,12,15,50,0.02,0.01,0.0,0,0.0
1min,12,15,50,0.02,0.02,0.0,0,0.0
1min,12,15,50,0.02,0.03,0.0,0,0.0
1min,12,15,20,0.01,0.01,0.0,0,0.0
1min,12,15,20,0.01,0.02,0.0,0,0.0
1min,12,15,20,0.01,0.03,0.0,0,0.0
1min,12,15,20,0.02,0.01,0.0,0,0.0
1min,12,15,20,0.02,0.02,0.0,0,0.0
1min,12,15,20,0.02,0.03,0.0,0,0.0
1min,12,15,20,0.03,0.01,0.0,0,0.0
1min,12,15,20,0.03,0.02,0.0,0,0.0
0.5min,9,10,10,0.01,0.01,0.0,0,0.0
0.5min,9,10,10,0.01,0.02,0.0,0,0.0
0.5min,9,10,10,0.01,0.03,0.0,0,0.0
0.5min,9,10,10,0.02,0.01,0.0,0,0.0
0.5min,9,10,10,0.02,0.02,0.0,0,0.0
0.5min,9,10,10,0.02,0.03,0.0,0,0.0
1min,12,20,50,0.01,0.03,0.0,0,0.0
1min,12,20,50,0.02,0.01,0.0,0,0.0
1min,12,20,50,0.02,0.02,0.0,0,0.0
1min,12,20,50,0.02,0.03,0.0,0,0.0
1min,12,20,50,0.03,0.01,0.0,0,0.0
1min,12,20,50,0.03,0.02,0.0,0,0.0
1min,12,20,50,0.03,0.03,0.0,0,0.0
5min,12,15,50,0.03,0.01,0.0,0,0.0
5min,12,15,50,0.03,0.02,0.0,0,0.0
5min,12,15,50,0.03,0.03,0.0,0,0.0
5min,12,15,50,0.05,0.01,0.0,0,0.0
5min,12,15,50,0.05,0.02,0.0,0,0.0
1min,12,20,50,0.01,0.02,0.0,0,0.0
0.5min,9,10,30,0.02,0.01,0.0,0,0.0
0.5min,9,10,30,0.02,0.02,0.0,0,0.0
0.5min,9,10,30,0.02,0.03,0.0,0,0.0
0.5min,9,10,30,0.03,0.03,0.0,0,0.0
0.5min,9,10,30,0.05,0.01,0.0,0,0.0
0.5min,9,10,20,0.01,0.03,0.0,0,0.0
0.5min,9,10,20,0.02,0.01,0.0,0,0.0
0.5min,9,10,30,0.03,0.02,0.0,0,0.0
0.5min,9,10,10,0.03,0.01,0.0,0,0.0
0.5min,9,10,10,0.03,0.02,0.0,0,0.0
0.5min,9,10,10,0.03,0.03,0.0,0,0.0
0.5min,9,10,10,0.05,0.01,0.0,0,0.0
0.5min,9,10,10,0.05,0.02,0.0,0,0.0
0.5min,12,15,30,0.05,0.02,0.0,0,0.0
0.5min,12,15,30,0.05,0.03,0.0,0,0.0
0.5min,12,15,50,0.01,0.01,0.0,0,0.0
0.5min,9,10,50,0.02,0.03,0.0,0,0.0
0.5min,9,10,50,0.03,0.01,0.0,0,0.0
0.5min,9,10,50,0.03,0.02,0.0,0,0.0
0.5min,9,10,50,0.03,0.03,0.0,0,0.0
5min,12,15,50,0.02,0.01,0.0,0,0.0
5min,12,15,50,0.02,0.02,0.0,0,0.0
5min,12,15,50,0.02,0.03,0.0,0,0.0
0.5min,9,10,20,0.03,0.03,0.0,0,0.0
0.5min,9,10,20,0.05,0.02,0.0,0,0.0
0.5min,9,10,20,0.05,0.03,0.0,0,0.0
0.5min,9,10,30,0.01,0.01,0.0,0,0.0
0.5min,9,10,30,0.05,0.03,0.0,0,0.0
0.5min,9,10,50,0.01,0.01,0.0,0,0.0
0.5min,9,10,50,0.01,0.02,0.0,0,0.0
0.5min,9,10,50,0.01,0.03,0.0,0,0.0
0.5min,9,10,50,0.02,0.01,0.0,0,0.0
0.5min,9,10,50,0.02,0.02,0.0,0,0.0
0.5min,9,10,30,0.05,0.02,0.0,0,0.0
1min,12,20,50,0.05,0.01,0.0,0,0.0
1min,12,20,50,0.05,0.02,0.0,0,0.0
1min,12,20,50,0.05,0.03,0.0,0,0.0
15min,9,10,30,0.02,0.03,0.0,0,0.0
15min,9,10,30,0.03,0.01,0.0,0,0.0
15min,9,10,30,0.03,0.02,0.0,0,0.0
15min,9,10,30,0.03,0.03,0.0,0,0.0
15min,9,10,30,0.05,0.01,0.0,0,0.0
0.5min,12,15,20,0.03,0.01,0.0,0,0.0
0.5min,12,15,20,0.03,0.02,0.0,0,0.0
0.5min,9,10,50,0.05,0.01,0.0,0,0.0
15min,9,10,30,0.01,0.01,0.0,0,0.0
15min,9,10,30,0.01,0.02,0.0,0,0.0
15min,9,10,30,0.01,0.03,0.0,0,0.0
15min,9,10,30,0.02,0.01,0.0,0,0.0
15min,9,10,30,0.02,0.02,0.0,0,0.0
1min,12,20,50,0.01,0.01,0.0,0,0.0
0.5min,9,10,20,0.03,0.02,0.0,0,0.0
15min,9,10,50,0.02,0.01,0.0,0,0.0
15min,9,10,50,0.02,0.02,0.0,0,0.0
15min,9,10,50,0.02,0.03,0.0,0,0.0
15min,9,10,50,0.03,0.01,0.0,0,0.0
15min,9,10,50,0.03,0.02,0.0,0,0.0
15min,9,10,50,0.03,0.03,0.0,0,0.0
15min,9,10,50,0.05,0.01,0.0,0,0.0
15min,9,10,50,0.05,0.02,0.0,0,0.0
15min,9,10,50,0.05,0.03,0.0,0,0.0
0.5min,12,15,30,0.03,0.03,0.0,0,0.0
0.5min,9,10,20,0.05,0.01,0.0,0,0.0
0.5min,9,10,30,0.01,0.02,0.0,0,0.0
0.5min,9,10,30,0.01,0.03,0.0,0,0.0
0.5min,12,15,20,0.02,0.02,0.0,0,0.0
0.5min,6,10,50,0.01,0.03,0.0,0,0.0
0.5min,6,10,50,0.02,0.01,0.0,0,0.0
0.5min,6,10,50,0.02,0.02,0.0,0,0.0
1min,6,10,50,0.05,0.02,0.0,0,0.0
5min,9,10,50,0.03,0.02,0.0,0,0.0
5min,9,10,50,0.03,0.01,0.0,0,0.0
1min,6,10,50,0.05,0.03,0.0,0,0.0
5min,9,10,50,0.02,0.03,0.0,0,0.0
1min,9,10,10,0.02,0.02,0.0,0,0.0
5min,9,10,30,0.05,0.02,0.0,0,0.0
0.5min,9,10,20,0.02,0.03,0.0,0,0.0
0.5min,9,10,20,0.03,0.01,0.0,0,0.0
0.5min,12,15,20,0.03,0.03,0.0,0,0.0
15min,9,10,50,0.01,0.02,0.0,0,0.0
15min,9,10,50,0.01,0.03,0.0,0,0.0
1min,9,15,50,0.01,0.02,0.0,0,0.0
1min,9,15,50,0.01,0.03,0.0,0,0.0
1min,9,15,50,0.02,0.01,0.0,0,0.0
0.5min,6,10,50,0.01,0.02,0.0,0,0.0
0.5min,12,15,30,0.05,0.01,0.0,0,0.0
0.5min,12,15,50,0.01,0.02,0.0,0,0.0
0.5min,12,15,50,0.01,0.03,0.0,0,0.0
0.5min,12,15,50,0.02,0.01,0.0,0,0.0
0.5min,12,15,50,0.02,0.02,0.0,0,0.0
0.5min,12,15,50,0.02,0.03,0.0,0,0.0
0.5min,12,15,50,0.03,0.01,0.0,0,0.0
0.5min,12,15,50,0.03,0.02,0.0,0,0.0
0.5min,12,15,50,0.03,0.03,0.0,0,0.0
0.5min,12,15,50,0.05,0.01,0.0,0,0.0
0.5min,12,15,50,0.05,0.02,0.0,0,0.0
0.5min,12,15,50,0.05,0.03,0.0,0,0.0
0.5min,6,10,50,0.03,0.03,0.0,0,0.0
0.5min,6,10,50,0.05,0.01,0.0,0,0.0
0.5min,6,10,50,0.05,0.02,0.0,0,0.0
0.5min,6,10,50,0.05,0.03,0.0,0,0.0
5min,9,10,20,0.02,0.01,0.0,0,0.0
1min,6,10,50,0.01,0.01,0.0,0,0.0
1min,6,10,50,0.01,0.02,0.0,0,0.0
1min,6,10,50,0.01,0.03,0.0,0,0.0
1min,6,10,50,0.02,0.01,0.0,0,0.0
1min,6,10,50,0.02,0.02,0.0,0,0.0
1min,6,10,50,0.02,0.03,0.0,0,0.0
1min,6,10,50,0.03,0.01,0.0,0,0.0
1min,6,10,50,0.03,0.02,0.0,0,0.0
1min,6,10,50,0.03,0.03,0.0,0,0.0
1min,6,10,50,0.05,0.01,0.0,0,0.0
1min,9,15,50,0.01,0.01,0.0,0,0.0
0.5min,9,15,50,0.02,0.03,0.0,0,0.0
0.5min,9,15,50,0.03,0.01,0.0,0,0.0
0.5min,9,15,50,0.03,0.02,0.0,0,0.0
0.5min,9,15,50,0.03,0.03,0.0,0,0.0
0.5min,9,15,50,0.05,0.01,0.0,0,0.0
0.5min,9,15,50,0.05,0.02,0.0,0,0.0
0.5min,9,15,50,0.05,0.03,0.0,0,0.0
5min,9,10,20,0.05,0.02,0.0,0,0.0
5min,9,10,20,0.05,0.03,0.0,0,0.0
0.5min,9,15,50,0.01,0.01,0.0,0,0.0
0.5min,9,15,50,0.01,0.02,0.0,0,0.0
1min,9,15,50,0.02,0.02,0.0,0,0.0
1min,9,15,50,0.02,0.03,0.0,0,0.0
0.5min,6,10,50,0.02,0.03,0.0,0,0.0
0.5min,6,10,50,0.03,0.01,0.0,0,0.0
0.5min,6,10,50,0.03,0.02,0.0,0,0.0
0.5min,12,15,30,0.01,0.01,0.0,0,0.0
0.5min,12,15,30,0.01,0.02,0.0,0,0.0
0.5min,12,15,30,0.01,0.03,0.0,0,0.0
0.5min,12,15,30,0.02,0.01,0.0,0,0.0
0.5min,12,15,30,0.02,0.02,0.0,0,0.0
0.5min,12,15,30,0.02,0.03,0.0,0,0.0
0.5min,12,15,30,0.03,0.01,0.0,0,0.0
0.5min,12,15,30,0.03,0.02,0.0,0,0.0
5min,9,10,30,0.01,0.01,0.0,0,0.0
0.5min,12,15,20,0.01,0.01,0.0,0,0.0
1min,9,10,30,0.03,0.03,0.0,0,0.0
1min,9,10,30,0.05,0.01,0.0,0,0.0
1min,9,10,30,0.05,0.02,0.0,0,0.0
0.5min,9,15,50,0.01,0.03,0.0,0,0.0
0.5min,9,15,50,0.02,0.01,0.0,0,0.0
0.5min,9,15,50,0.02,0.02,0.0,0,0.0
1min,9,10,20,0.05,0.03,0.0,0,0.0
0.5min,12,15,20,0.01,0.02,0.0,0,0.0
0.5min,12,15,20,0.01,0.03,0.0,0,0.0
0.5min,12,15,20,0.02,0.01,0.0,0,0.0
5min,9,10,30,0.01,0.02,0.0,0,0.0
5min,9,10,30,0.01,0.03,0.0,0,0.0
1min,9,15,50,0.03,0.01,0.0,0,0.0
1min,9,15,50,0.03,0.02,0.0,0,0.0
1min,9,15,50,0.03,0.03,0.0,0,0.0
1min,9,15,50,0.05,0.01,0.0,0,0.0
1min,9,15,50,0.05,0.02,0.0,0,0.0
1min,9,15,50,0.05,0.03,0.0,0,0.0
0.5min,12,15,20,0.02,0.03,0.0,0,0.0
0.5min,12,15,20,0.05,0.01,0.0,0,0.0
0.5min,12,15,20,0.05,0.02,0.0,0,0.0
0.5min,12,15,20,0.05,0.03,0.0,0,0.0
1min,9,10,50,0.05,0.01,0.0,0,0.0
1min,9,10,50,0.05,0.02,0.0,0,0.0
1min,9,10,50,0.05,0.03,0.0,0,0.0
5min,9,10,30,0.02,0.01,0.0,0,0.0
5min,9,10,30,0.02,0.02,0.0,0,0.0
1min,9,10,10,0.01,0.02,0.0,0,0.0
1min,9,10,10,0.01,0.03,0.0,0,0.0
5min,9,10,20,0.01,0.03,0.0,0,0.0
1min,9,10,20,0.02,0.02,0.0,0,0.0
1min,9,10,10,0.02,0.01,0.0,0,0.0
1min,9,10,30,0.05,0.03,0.0,0,0.0
1min,9,10,50,0.01,0.01,0.0,0,0.0
1min,9,10,50,0.01,0.02,0.0,0,0.0
1min,9,10,50,0.01,0.03,0.0,0,0.0
1min,9,10,50,0.02,0.01,0.0,0,0.0
1min,9,10,20,0.05,0.02,0.0,0,0.0
1min,9,10,30,0.01,0.03,0.0,0,0.0
1min,9,10,30,0.02,0.01,0.0,0,0.0
1min,9,10,30,0.02,0.02,0.0,0,0.0
1min,9,10,30,0.02,0.03,0.0,0,0.0
1min,9,10,30,0.03,0.01,0.0,0,0.0
1min,9,10,30,0.03,0.02,0.0,0,0.0
1min,9,10,10,0.01,0.01,0.0,0,0.0
0.5min,9,10,50,0.05,0.03,0.0,0,0.0
0.5min,6,10,50,0.01,0.01,0.0,0,0.0
1min,9,10,10,0.03,0.01,0.0,0,0.0
1min,9,10,10,0.03,0.02,0.0,0,0.0
1min,9,10,50,0.02,0.02,0.0,0,0.0
1min,9,10,50,0.02,0.03,0.0,0,0.0
1min,9,10,50,0.03,0.01,0.0,0,0.0
1min,9,10,50,0.03,0.02,0.0,0,0.0
1min,9,10,50,0.03,0.03,0.0,0,0.0
1min,9,10,10,0.02,0.03,0.0,0,0.0
1min,9,10,10,0.03,0.03,0.0,0,0.0
1min,9,10,10,0.05,0.01,0.0,0,0.0
1min,9,10,10,0.05,0.02,0.0,0,0.0
1min,9,10,10,0.05,0.03,0.0,0,0.0
1min,9,10,20,0.01,0.01,0.0,0,0.0
1min,9,10,20,0.01,0.02,0.0,0,0.0
1min,9,10,20,0.01,0.03,0.0,0,0.0
1min,9,10,20,0.02,0.01,0.0,0,0.0
1min,9,10,20,0.02,0.03,0.0,0,0.0
1min,9,10,20,0.03,0.01,0.0,0,0.0
1min,9,10,20,0.03,0.02,0.0,0,0.0
1min,9,10,20,0.03,0.03,0.0,0,0.0
1min,9,10,20,0.05,0.01,0.0,0,0.0
1min,9,10,30,0.01,0.01,0.0,0,0.0
1min,9,10,30,0.01,0.02,0.0,0,0.0
5min,9,10,50,0.05,0.01,0.0,0,0.0
5min,9,10,20,0.02,0.03,0.0,0,0.0
5min,9,10,20,0.02,0.02,0.0,0,0.0
5min,9,10,50,0.05,0.03,0.0,0,0.0
5min,9,10,50,0.05,0.02,0.0,0,0.0
1min,12,15,50,0.03,0.03,0.0,0,0.0
1min,12,15,50,0.05,0.01,0.0,0,0.0
1min,12,15,50,0.05,0.02,0.0,0,0.0
1min,12,15,50,0.05,0.03,0.0,0,0.0
5min,9,10,30,0.02,0.03,0.0,0,0.0
5min,12,15,50,0.01,0.01,0.0,0,0.0
5min,9,10,20,0.01,0.01,0.0,0,0.0
5min,9,10,20,0.01,0.02,0.0,0,0.0
5min,9,10,30,0.05,0.01,0.0,0,0.0
0.5min,9,10,50,0.05,0.02,0.0,0,0.0
5min,9,10,50,0.02,0.02,0.0,0,0.0
0.5min,9,10,20,0.02,0.02,0.0,0,0.0
5min,9,10,30,0.03,0.01,0.0,0,0.0
5min,9,10,30,0.03,0.02,0.0,0,0.0
5min,12,15,50,0.01,0.02,0.0,0,0.0
5min,9,10,30,0.05,0.03,0.0,0,0.0
5min,12,15,50,0.01,0.03,0.0,0,0.0
5min,9,10,20,0.03,0.01,0.0,0,0.0
5min,9,10,20,0.03,0.02,0.0,0,0.0
5min,9,10,20,0.03,0.03,0.0,0,0.0
5min,9,10,20,0.05,0.01,0.0,0,0.0
5min,9,10,30,0.03,0.03,0.0,0,0.0
5min,9,10,50,0.01,0.01,0.0,0,0.0
5min,9,10,50,0.01,0.02,0.0,0,0.0
5min,9,10,50,0.01,0.03,0.0,0,0.0
5min,9,10,50,0.02,0.01,0.0,0,0.0
5min,9,10,50,0.03,0.03,0.0,0,0.0
1min,3,20,20,0.03,0.02,-0.000999999999891088,132,39.39393939393939
5min,3,60,20,0.01,0.02,-0.0015000000000924274,183,63.934426229508205
1min,3,50,50,0.02,0.01,-0.0024999999999550937,141,34.751773049645394
0.5min,6,15,30,0.02,0.01,-0.0035000000000025007,35,34.285714285714285
0.5min,9,20,30,0.01,0.01,-0.004500000000035698,45,46.666666666666664
1min,6,15,30,0.03,0.01,-0.005499999999969418,49,26.53061224489796
5min,3,26,20,0.01,0.01,-0.013500000000021828,180,48.888888888888886
0.5min,9,15,20,0.02,0.01,-0.013999999999995795,32,34.375
0.5min,6,26,50,0.02,0.03,-0.018000000000000682,29,55.172413793103445
5min,12,15,30,0.05,0.02,-0.018000000000014893,7,28.57142857142857
1min,3,60,30,0.02,0.01,-0.018499999999946226,292,34.24657534246575
1min,3,10,10,0.03,0.02,-0.01899999999989177,161,39.75155279503105
0.5min,3,10,50,0.01,0.03,-0.020000000000024443,20,70.0
1min,3,10,30,0.01,0.03,-0.02199999999999136,40,67.5
0.5min,12,60,50,0.01,0.02,-0.02549999999999386,75,61.33333333333333
0.5min,9,60,20,0.03,0.01,-0.025500000000008075,253,25.691699604743086
0.5min,6,50,30,0.01,0.03,-0.025999999999967823,165,70.3030303030303
0.5min,9,20,30,0.03,0.02,-0.025999999999996245,21,38.095238095238095
5min,3,60,10,0.01,0.02,-0.026500000000112323,197,63.95939086294417
0.5min,6,50,30,0.01,0.01,-0.03200000000003911,255,47.05882352941176
1min,6,20,30,0.02,0.02,-0.03449999999992315,52,48.07692307692308
1min,3,10,20,0.05,0.01,-0.044499999999928264,79,17.72151898734177
5min,3,60,20,0.03,0.02,-0.04800000000005866,122,39.34426229508197
1min,3,50,20,0.05,0.01,-0.05549999999989552,213,17.370892018779344
0.5min,3,20,30,0.01,0.01,-0.05599999999998318,122,45.90163934426229
1min,9,60,30,0.01,0.03,-0.05750000000010403,202,71.28712871287128
0.5min,3,10,50,0.05,0.03,-0.059499999999999886,11,36.36363636363637
0.5min,9,50,50,0.02,0.01,-0.06049999999997624,76,34.21052631578947
1min,6,10,10,0.03,0.01,-0.06099999999992178,89,25.842696629213485
1min,9,50,30,0.01,0.01,-0.06100000000000704,302,47.682119205298015
0.5min,3,26,20,0.03,0.01,-0.06249999999994316,186,26.344086021505376
1min,6,50,50,0.03,0.03,-0.06299999999994554,66,48.484848484848484
0.5min,9,50,20,0.03,0.01,-0.06399999999996453,212,25.471698113207548
0.5min,6,10,20,0.01,0.02,-0.0640000000000498,28,64.28571428571429
1min,12,60,10,0.01,0.03,-0.06599999999993145,377,72.41379310344827
1min,9,26,10,0.03,0.02,-0.06849999999998602,178,39.8876404494382
1min,3,10,50,0.02,0.03,-0.07399999999999807,13,53.84615384615385
0.5min,9,26,10,0.03,0.02,-0.07549999999990575,156,39.1025641025641
1min,6,20,20,0.05,0.01,-0.07549999999993418,106,17.92452830188679
0.5min,9,60,10,0.01,0.02,-0.07599999999970919,485,63.91752577319587
1min,3,10,50,0.01,0.01,-0.07750000000000057,20,45.0
1min,12,26,50,0.02,0.02,-0.07799999999996032,15,46.666666666666664
0.5min,6,10,30,0.05,0.01,-0.07850000000001955,7,14.285714285714285
0.5min,9,50,50,0.01,0.01,-0.08050000000000068,97,46.391752577319586
0.5min,12,60,50,0.01,0.03,-0.081999999999951,63,68.25396825396825
0.5min,9,26,30,0.03,0.01,-0.08249999999995339,58,25.862068965517242
1min,3,50,50,0.01,0.02,-0.0849999999999369,134,61.940298507462686
0.5min,12,50,50,0.03,0.01,-0.08549999999996771,57,26.31578947368421
0.5min,6,20,50,0.03,0.03,-0.08599999999999852,15,46.666666666666664
1min,6,15,30,0.02,0.03,-0.08749999999994884,37,54.054054054054056
1min,12,60,20,0.02,0.01,-0.08999999999993236,353,34.27762039660057
5min,12,15,30,0.02,0.03,-0.09050000000002001,9,55.55555555555556
5min,3,10,30,0.01,0.01,-0.09399999999997988,65,47.69230769230769
1min,3,60,50,0.01,0.02,-0.0949999999999136,162,62.34567901234568
1min,3,20,30,0.03,0.02,-0.09799999999994215,77,38.961038961038966
0.5min,12,20,20,0.02,0.02,-0.09850000000001556,31,45.16129032258064
0.5min,9,20,30,0.03,0.03,-0.09899999999998954,18,44.44444444444444
0.5min,6,10,20,0.05,0.02,-0.09950000000002034,14,28.57142857142857
0.5min,6,15,50,0.01,0.01,-0.10000000000005116,22,45.45454545454545
1min,9,50,10,0.01,0.03,-0.10100000000004172,367,72.20708446866485
0.5min,9,20,30,0.01,0.02,-0.10150000000002991,36,61.111111111111114
1min,12,26,50,0.05,0.01,-0.10299999999996601,18,16.666666666666664
0.5min,9,15,30,0.01,0.01,-0.10450000000003,20,45.0
0.5min,9,20,10,0.02,0.01,-0.10500000000004661,211,33.175355450236964
0.5min,3,15,20,0.01,0.01,-0.10600000000000875,178,46.62921348314607
1min,12,26,50,0.01,0.01,-0.10849999999996386,22,40.909090909090914
0.5min,6,26,50,0.01,0.02,-0.11050000000003024,40,60.0
0.5min,6,50,10,0.05,0.01,-0.11149999999997817,276,17.391304347826086
0.5min,12,60,50,0.01,0.01,-0.11199999999996636,100,46.0
5min,3,10,10,0.01,0.01,-0.11250000000001137,170,48.8235294117647
1min,6,20,30,0.03,0.03,-0.11299999999998533,37,45.94594594594595
1min,12,50,30,0.05,0.01,-0.11449999999989303,149,17.449664429530202
0.5min,9,26,30,0.05,0.01,-0.11499999999995225,47,17.02127659574468
1min,12,26,50,0.03,0.01,-0.11749999999997841,18,22.22222222222222
5min,3,15,10,0.01,0.01,-0.1190000000000282,195,48.717948717948715
1min,9,50,10,0.01,0.02,-0.12099999999993825,442,64.02714932126696
0.5min,6,20,50,0.01,0.01,-0.1225000000000449,34,47.05882352941176
5min,3,10,30,0.03,0.02,-0.12400000000002366,52,38.46153846153847
1min,3,20,50,0.03,0.01,-0.12449999999996919,48,25.0
0.5min,6,10,30,0.03,0.01,-0.12450000000001182,8,25.0
1min,3,20,50,0.05,0.01,-0.12549999999994554,41,17.073170731707318
1min,9,60,50,0.05,0.02,-0.12799999999992906,70,28.57142857142857
0.5min,6,26,50,0.03,0.01,-0.12949999999996464,34,26.47058823529412
0.5min,12,26,20,0.03,0.03,-0.12949999999996464,43,46.51162790697674
0.5min,3,60,50,0.03,0.01,-0.1314999999999884,98,26.53061224489796
1min,6,26,30,0.05,0.01,-0.13449999999993167,85,17.647058823529413
1min,6,50,50,0.03,0.01,-0.13649999999994122,110,26.36363636363636
0.5min,6,15,50,0.02,0.02,-0.13700000000002888,15,46.666666666666664
5min,3,60,30,0.01,0.01,-0.13800000000001944,186,48.38709677419355
5min,3,10,30,0.03,0.01,-0.1395000000000124,58,25.862068965517242
0.5min,12,50,50,0.05,0.01,-0.144499999999951,46,17.391304347826086
1min,3,26,10,0.05,0.01,-0.1484999999999701,252,17.46031746031746
0.5min,6,26,50,0.01,0.01,-0.14950000000003172,48,45.83333333333333
0.5min,6,15,50,0.03,0.01,-0.15050000000002228,16,25.0
5min,3,20,10,0.01,0.01,-0.1505000000000365,202,48.51485148514851
1min,3,15,20,0.02,0.02,-0.15099999999996783,118,48.30508474576271
0.5min,6,10,30,0.02,0.01,-0.15100000000001046,8,25.0
0.5min,3,50,50,0.03,0.03,-0.1554999999999751,59,47.45762711864407
0.5min,3,10,30,0.05,0.03,-0.1565000000000083,19,31.57894736842105
0.5min,6,50,20,0.02,0.01,-0.16050000000005582,310,33.5483870967742
0.5min,9,20,50,0.01,0.01,-0.16100000000001558,16,43.75
1min,9,60,30,0.01,0.01,-0.16300000000008197,335,47.76119402985074
5min,3,10,30,0.02,0.01,-0.1634999999999991,64,34.375
1min,3,15,20,0.02,0.03,-0.16400000000000148,107,57.009345794392516
0.5min,9,60,50,0.03,0.01,-0.1654999999999518,66,25.757575757575758
0.5min,9,60,50,0.02,0.01,-0.1659999999999684,86,33.72093023255814
0.5min,6,20,50,0.01,0.02,-0.16850000000003718,27,62.96296296296296
1min,3,10,50,0.01,0.02,-0.1740000000000066,17,58.82352941176471
0.5min,6,26,30,0.01,0.01,-0.17499999999999716,128,45.3125
0.5min,9,26,30,0.01,0.03,-0.1759999999999593,62,67.74193548387096
0.5min,3,20,20,0.01,0.02,-0.17749999999993804,192,62.5
1min,12,50,10,0.02,0.01,-0.1784999999999286,444,34.234234234234236
1min,6,26,20,0.03,0.01,-0.17849999999997124,183,25.683060109289617
1min,9,60,50,0.01,0.01,-0.1785000000000423,183,46.994535519125684
0.5min,6,60,10,0.01,0.01,-0.1794999999998197,735,48.16326530612245
1min,3,26,10,0.02,0.01,-0.18099999999996896,381,33.85826771653544
0.5min,9,26,30,0.02,0.01,-0.18249999999997613,77,33.76623376623377
5min,12,15,30,0.03,0.03,-0.18250000000000455,7,42.857142857142854
0.5min,6,10,30,0.03,0.02,-0.18350000000000932,6,33.33333333333333
1min,12,50,10,0.01,0.02,-0.18449999999992883,437,63.84439359267735
5min,3,10,50,0.01,0.03,-0.19000000000002615,27,66.66666666666666
0.5min,3,20,30,0.01,0.03,-0.19049999999995748,89,68.53932584269663
1min,6,50,50,0.01,0.01,-0.1915000000000049,152,46.05263157894737
0.5min,9,15,20,0.05,0.03,-0.19199999999997885,12,33.33333333333333
0.5min,6,20,50,0.02,0.01,-0.19250000000000966,28,32.142857142857146
1min,3,26,50,0.05,0.01,-0.192999999999941,52,17.307692307692307
0.5min,12,50,50,0.01,0.01,-0.1939999999999884,86,45.348837209302324
0.5min,6,20,50,0.03,0.01,-0.19599999999999795,24,25.0
0.5min,9,26,50,0.01,0.01,-0.19600000000002638,35,45.714285714285715
0.5min,12,26,30,0.01,0.01,-0.19699999999998852,65,44.61538461538462
1min,6,26,20,0.01,0.02,-0.19849999999995305,200,62.5
0.5min,3,60,10,0.03,0.01,-0.19899999999994122,414,25.845410628019323
0.5min,12,20,10,0.05,0.03,-0.19899999999998386,48,35.41666666666667
1min,12,20,10,0.02,0.03,-0.20050000000000523,102,56.86274509803921
0.5min,3,20,50,0.05,0.03,-0.20650000000000546,19,31.57894736842105
0.5min,3,60,50,0.01,0.02,-0.20899999999996055,116,60.3448275862069
0.5min,6,10,30,0.02,0.02,-0.21000000000000796,6,33.33333333333333
1min,6,26,30,0.05,0.03,-0.21049999999999616,49,34.69387755102041
5min,3,26,10,0.01,0.01,-0.21050000000003877,201,48.258706467661696
1min,6,26,50,0.02,0.03,-0.21449999999994415,34,52.94117647058824
0.5min,3,15,20,0.03,0.03,-0.21749999999997272,89,48.31460674157304
0.5min,6,60,50,0.01,0.03,-0.21999999999998465,83,67.46987951807229
1min,3,20,50,0.01,0.03,-0.22099999999997522,42,66.66666666666666
0.5min,12,15,10,0.01,0.01,-0.222500000000025,40,45.0
0.5min,6,15,30,0.01,0.03,-0.2225000000000392,35,65.71428571428571
1min,3,20,50,0.01,0.02,-0.22499999999998013,46,58.69565217391305
0.5min,12,50,50,0.02,0.03,-0.23550000000000182,40,55.00000000000001
0.5min,12,60,50,0.02,0.01,-0.23699999999995214,79,32.91139240506329
0.5min,12,26,20,0.01,0.02,-0.2400000000000233,86,60.46511627906976
1min,12,26,50,0.01,0.02,-0.24099999999997124,17,52.94117647058824
0.5min,12,50,50,0.02,0.01,-0.24099999999998545,70,32.857142857142854
1min,3,50,10,0.01,0.02,-0.2499999999999858,467,64.02569593147751
1min,6,10,10,0.02,0.01,-0.2509999999999195,100,34.0
0.5min,6,10,30,0.05,0.02,-0.2515000000000214,5,20.0
0.5min,12,50,50,0.05,0.02,-0.2530000000000143,30,26.666666666666668
1min,12,26,50,0.02,0.01,-0.2549999999999528,20,30.0
1min,9,20,20,0.05,0.02,-0.2559999999999434,48,27.083333333333332
1min,6,15,20,0.02,0.02,-0.2584999999999127,67,47.76119402985074
0.5min,3,10,10,0.03,0.03,-0.2594999999999743,138,48.55072463768116
0.5min,6,60,50,0.01,0.01,-0.2600000000000193,124,44.354838709677416
1min,9,50,50,0.05,0.02,-0.2619999999999578,54,27.77777777777778
0.5min,12,20,20,0.01,0.01,-0.26250000000003126,51,43.13725490196079
5min,12,15,30,0.03,0.02,-0.2670000000000101,7,28.57142857142857
5min,3,50,20,0.01,0.01,-0.2675000000000125,189,48.148148148148145
5min,3,15,20,0.01,0.01,-0.2680000000000149,154,48.05194805194805
0.5min,9,60,50,0.01,0.01,-0.2704999999999842,108,45.370370370370374
0.5min,12,50,20,0.03,0.01,-0.27149999999996055,205,25.365853658536587
1min,9,50,20,0.02,0.02,-0.27299999999986824,225,48.888888888888886
5min,3,10,50,0.01,0.01,-0.2750000000000057,27,40.74074074074074
1min,6,50,50,0.01,0.03,-0.2810000000000201,111,69.36936936936937
1min,12,50,50,0.05,0.02,-0.28149999999993724,53,28.30188679245283
1min,6,60,30,0.02,0.01,-0.28499999999992554,279,34.40860215053764
1min,3,10,10,0.03,0.03,-0.2879999999998688,146,48.63013698630137
0.5min,9,50,30,0.03,0.01,-0.2884999999998996,128,25.78125
0.5min,12,26,20,0.05,0.03,-0.29299999999997794,32,34.375
1min,9,20,30,0.02,0.01,-0.29299999999997794,55,32.72727272727273
0.5min,9,50,30,0.02,0.01,-0.2939999999999543,157,33.12101910828025
5min,3,10,50,0.05,0.01,-0.2960000000000065,26,15.384615384615385
1min,9,26,20,0.03,0.02,-0.296999999999926,93,38.70967741935484
1min,6,60,20,0.01,0.03,-0.2989999999999071,309,71.84466019417476
1min,3,26,30,0.01,0.03,-0.2989999999999924,136,69.85294117647058
1min,12,26,50,0.03,0.03,-0.299500000000009,12,41.66666666666667
1min,9,60,50,0.02,0.01,-0.3004999999999285,154,33.76623376623377
1min,6,20,30,0.02,0.03,-0.3049999999999642,44,54.54545454545454
0.5min,3,15,20,0.05,0.03,-0.3049999999999926,75,36.0
1min,3,26,50,0.01,0.02,-0.30949999999995725,55,58.18181818181818
1min,3,20,10,0.02,0.03,-0.30999999999995964,232,58.189655172413794
1min,9,26,10,0.03,0.03,-0.3114999999999384,154,48.701298701298704
1min,9,20,30,0.05,0.01,-0.31349999999997635,43,16.27906976744186
5min,3,20,20,0.01,0.01,-0.313500000000019,175,48.0
0.5min,12,20,20,0.02,0.03,-0.31500000000001194,27,51.85185185185185
0.5min,9,20,30,0.03,0.01,-0.3159999999999741,30,23.333333333333332
0.5min,12,50,20,0.02,0.01,-0.3164999999999196,259,33.59073359073359
0.5min,3,26,30,0.02,0.03,-0.3164999999999907,95,55.78947368421052
1min,3,26,30,0.02,0.01,-0.3184999999999718,152,33.55263157894737
1min,3,26,30,0.01,0.02,-0.31949999999996237,143,61.53846153846154
0.5min,9,15,30,0.03,0.01,-0.3199999999999932,15,20.0
0.5min,12,26,20,0.03,0.01,-0.3214999999999293,76,25.0
1min,6,26,50,0.01,0.02,-0.32399999999996965,45,57.77777777777777
0.5min,6,26,50,0.02,0.01,-0.3269999999999982,41,31.70731707317073
1min,12,50,20,0.01,0.01,-0.328500000000048,399,47.86967418546366
5min,3,60,10,0.03,0.02,-0.3330000000000837,133,39.097744360902254
0.5min,3,50,30,0.01,0.02,-0.3354999999999535,222,62.16216216216216
0.5min,3,26,30,0.03,0.03,-0.33549999999999613,76,47.368421052631575
1min,6,60,50,0.01,0.03,-0.33600000000002694,121,69.42148760330579
1min,12,20,30,0.01,0.01,-0.3364999999999583,31,38.70967741935484
0.5min,6,10,20,0.01,0.03,-0.33650000000004354,27,66.66666666666666
0.5min,12,60,20,0.01,0.02,-0.3399999999998755,296,62.83783783783784
0.5min,9,15,20,0.01,0.03,-0.34000000000003183,30,66.66666666666666
1min,3,20,50,0.02,0.01,-0.3434999999999633,53,32.075471698113205
0.5min,6,26,50,0.03,0.03,-0.3459999999999894,23,43.47826086956522
0.5min,12,26,20,0.01,0.03,-0.3494999999999351,74,67.56756756756756
1min,6,10,10,0.01,0.02,-0.34999999999992326,88,60.22727272727273
0.5min,12,20,20,0.01,0.02,-0.35100000000005593,41,58.536585365853654
1min,3,10,50,0.01,0.03,-0.3515000000000157,16,62.5
0.5min,6,26,20,0.01,0.02,-0.35199999999997544,167,61.07784431137725
0.5min,3,60,30,0.02,0.03,-0.35349999999994,172,56.97674418604651
0.5min,9,26,30,0.01,0.01,-0.3544999999999874,96,44.79166666666667
1min,3,20,10,0.02,0.02,-0.35549999999983584,266,48.87218045112782
1min,9,20,30,0.05,0.02,-0.3574999999999733,27,25.925925925925924
0.5min,6,20,50,0.01,0.03,-0.3620000000000374,27,66.66666666666666
0.5min,12,20,20,0.03,0.02,-0.36300000000001376,26,34.61538461538461
0.5min,9,20,30,0.05,0.01,-0.3640000000000043,22,13.636363636363635
1min,12,26,50,0.05,0.03,-0.3644999999999925,7,28.57142857142857
0.5min,9,50,20,0.01,0.01,-0.36649999999988836,398,47.23618090452261
1min,9,60,10,0.01,0.02,-0.366499999999931,456,63.81578947368421
0.5min,12,26,30,0.03,0.01,-0.3669999999999476,45,24.444444444444443
1min,9,20,30,0.03,0.01,-0.3674999999999926,50,24.0
0.5min,6,10,30,0.01,0.01,-0.3685000000000116,8,25.0
1min,6,15,30,0.01,0.02,-0.37199999999995725,46,56.52173913043478
1min,9,26,30,0.05,0.03,-0.3719999999999999,35,34.285714285714285
1min,3,15,30,0.03,0.01,-0.37599999999994793,78,24.358974358974358
0.5min,6,10,20,0.03,0.03,-0.376000000000019,16,43.75
1min,6,20,20,0.02,0.01,-0.3764999999999361,147,34.01360544217687
0.5min,12,50,50,0.03,0.03,-0.3779999999999859,33,45.45454545454545
1min,6,10,20,0.05,0.02,-0.3784999999999883,17,23.52941176470588
1min,9,50,10,0.01,0.01,-0.3805000000001115,611,48.28150572831424
1min,12,50,10,0.01,0.03,-0.3824999999999932,360,71.94444444444444
1min,3,50,30,0.02,0.01,-0.38299999999996714,267,33.70786516853933
0.5min,6,26,50,0.05,0.03,-0.38299999999999557,19,31.57894736842105
0.5min,3,10,50,0.03,0.03,-0.3830000000000098,14,42.857142857142854
1min,6,10,20,0.03,0.02,-0.38349999999999795,23,34.78260869565217
0.5min,6,15,50,0.02,0.03,-0.3855000000000217,14,50.0
1min,3,15,30,0.01,0.02,-0.3869999999999436,76,59.210526315789465
0.5min,6,15,50,0.03,0.02,-0.3920000000000244,12,33.33333333333333
1min,3,15,30,0.02,0.01,-0.3984999999999417,86,32.55813953488372
1min,12,20,30,0.05,0.01,-0.40149999999995595,26,15.384615384615385
1min,6,20,50,0.01,0.01,-0.4019999999999868,38,39.473684210526315
1min,6,20,30,0.05,0.01,-0.4034999999999229,61,16.39344262295082
0.5min,6,10,30,0.01,0.02,-0.40650000000000835,7,42.857142857142854
1min,6,26,50,0.01,0.01,-0.4094999999999658,56,41.07142857142857
0.5min,9,60,50,0.05,0.03,-0.41099999999995873,30,33.33333333333333
1min,9,20,50,0.01,0.01,-0.4119999999999919,18,33.33333333333333
0.5min,9,26,50,0.02,0.02,-0.4125000000000085,19,42.10526315789473
0.5min,9,60,20,0.01,0.02,-0.4224999999998147,312,62.82051282051282
5min,3,10,50,0.02,0.01,-0.42350000000000415,27,29.629629629629626
1min,6,20,20,0.03,0.01,-0.42399999999996396,130,25.384615384615383
1min,3,15,50,0.01,0.02,-0.42549999999998533,33,54.54545454545454
1min,3,20,30,0.02,0.03,-0.42649999999996174,79,55.69620253164557
0.5min,9,15,30,0.03,0.02,-0.4275000000000091,10,30.0
0.5min,12,60,10,0.01,0.01,-0.42899999999973204,690,47.971014492753625
0.5min,6,15,50,0.05,0.01,-0.42900000000003047,11,9.090909090909092
1min,3,26,20,0.03,0.01,-0.4304999999998813,221,25.339366515837103
1min,9,20,30,0.01,0.01,-0.43049999999999505,58,41.37931034482759
0.5min,3,60,30,0.02,0.01,-0.43099999999989785,268,32.83582089552239
0.5min,9,20,30,0.02,0.01,-0.4325000000000046,37,29.72972972972973
1min,12,50,20,0.01,0.03,-0.4354999999999763,236,71.1864406779661
0.5min,9,15,30,0.05,0.01,-0.43650000000000944,11,9.090909090909092
1min,6,15,20,0.02,0.03,-0.43749999999992895,53,54.71698113207547
0.5min,9,26,50,0.02,0.01,-0.43750000000000006,28,28.57142857142857
0.5min,9,26,20,0.01,0.01,-0.44049999999992906,170,44.70588235294118
1min,12,26,50,0.01,0.03,-0.44199999999997885,14,57.14285714285714
1min,6,15,30,0.01,0.01,-0.44249999999996703,57,40.35087719298245
5min,3,50,10,0.01,0.01,-0.44299999999999784,208,47.59615384615385
0.5min,6,10,30,0.03,0.03,-0.44450000000000495,6,33.33333333333333
0.5min,9,60,20,0.01,0.01,-0.4474999999998488,467,47.32334047109208
0.5min,9,20,30,0.05,0.02,-0.4475000000000051,14,21.428571428571427
0.5min,3,26,30,0.03,0.01,-0.45299999999998875,114,25.438596491228072
0.5min,9,50,20,0.01,0.02,-0.4564999999997781,270,62.59259259259259
0.5min,6,10,30,0.05,0.03,-0.45750000000001023,5,20.0
1min,3,10,30,0.03,0.01,-0.4619999999999748,48,22.916666666666664
1min,6,10,20,0.01,0.01,-0.46550000000001995,32,37.5
0.5min,9,15,30,0.02,0.01,-0.4705000000000012,17,23.52941176470588
0.5min,6,10,30,0.02,0.03,-0.47100000000000364,6,33.33333333333333
1min,3,26,10,0.03,0.01,-0.4714999999999776,322,25.465838509316768
0.5min,9,60,50,0.01,0.03,-0.47299999999994213,72,66.66666666666666
1min,3,20,30,0.02,0.02,-0.47599999999994225,90,46.666666666666664
1min,6,20,20,0.01,0.02,-0.48099999999995197,137,60.58394160583942
1min,9,60,50,0.02,0.02,-0.4819999999999282,109,47.706422018348626
1min,9,15,10,0.05,0.01,-0.4844999999999544,96,16.666666666666664
0.5min,9,20,10,0.01,0.02,-0.48549999999985977,200,61.5
0.5min,6,20,50,0.05,0.01,-0.4860000000000185,17,11.76470588235294
0.5min,3,50,50,0.01,0.01,-0.48649999999997817,129,43.41085271317829
0.5min,12,26,10,0.01,0.03,-0.4904999999998552,186,69.89247311827957
0.5min,9,20,30,0.01,0.03,-0.49050000000003985,33,63.63636363636363
0.5min,6,10,20,0.05,0.03,-0.49200000000000443,13,30.76923076923077
0.5min,6,50,10,0.03,0.01,-0.49200000000003286,361,25.48476454293629
1min,12,50,30,0.01,0.01,-0.4934999999999832,265,46.79245283018868
1min,6,20,50,0.03,0.02,-0.49550000000000693,25,36.0
1min,6,50,30,0.01,0.03,-0.49600000000000927,197,70.55837563451777
1min,9,50,50,0.01,0.01,-0.49600000000006617,133,44.3609022556391
1min,6,15,20,0.03,0.01,-0.4984999999999502,75,24.0
1min,9,60,50,0.02,0.03,-0.501499999999993,94,56.38297872340425
1min,9,15,30,0.01,0.01,-0.5020000000000095,21,33.33333333333333
1min,6,10,30,0.03,0.01,-0.5035000000000025,13,15.384615384615385
1min,9,15,10,0.03,0.02,-0.5039999999999765,75,37.333333333333336
0.5min,12,15,10,0.01,0.02,-0.5045000000000499,31,58.06451612903226
0.5min,9,26,50,0.02,0.03,-0.5060000000000144,18,50.0
1min,9,26,50,0.03,0.01,-0.5069999999999908,37,21.62162162162162
1min,6,15,10,0.03,0.02,-0.5119999999999436,138,38.405797101449274
1min,6,20,50,0.02,0.01,-0.5154999999999745,36,30.555555555555557
1min,6,10,30,0.01,0.01,-0.5159999999999911,14,28.57142857142857
5min,3,10,50,0.03,0.01,-0.5185000000000031,26,19.230769230769234
0.5min,9,20,50,0.03,0.01,-0.5204999999999984,13,15.384615384615385
0.5min,9,26,50,0.03,0.01,-0.5219999999999771,24,20.833333333333336
0.5min,12,26,20,0.02,0.01,-0.5234999999999559,96,32.29166666666667
1min,6,60,30,0.01,0.02,-0.5244999999998896,257,62.2568093385214
1min,9,15,30,0.03,0.02,-0.5255000000000223,15,33.33333333333333
1min,9,20,20,0.03,0.03,-0.527000000000001,51,45.09803921568628
1min,12,20,30,0.03,0.01,-0.5294999999999703,26,19.230769230769234
0.5min,12,26,50,0.01,0.01,-0.5305000000000177,12,25.0
0.5min,3,60,10,0.01,0.02,-0.5314999999998378,556,63.84892086330935
1min,6,60,30,0.01,0.03,-0.5314999999999799,222,70.72072072072072
0.5min,12,15,10,0.02,0.02,-0.5325000000000131,24,41.66666666666667
1min,9,50,50,0.03,0.02,-0.534000000000006,65,36.92307692307693
1min,6,60,20,0.01,0.02,-0.5349999999998971,361,63.1578947368421
0.5min,3,60,50,0.03,0.03,-0.5354999999999421,65,46.15384615384615
1min,6,15,20,0.02,0.01,-0.5364999999999185,85,32.94117647058823
0.5min,12,20,10,0.01,0.01,-0.5369999999999067,169,44.37869822485207
0.5min,12,20,20,0.01,0.03,-0.5380000000000393,36,63.888888888888886
1min,9,20,30,0.03,0.02,-0.5390000000000157,37,35.13513513513514
0.5min,9,26,10,0.03,0.01,-0.5394999999998049,219,25.11415525114155
1min,9,50,20,0.05,0.01,-0.5409999999999684,215,17.209302325581397
0.5min,9,20,50,0.05,0.01,-0.5434999999999945,12,8.333333333333332
1min,3,20,10,0.05,0.01,-0.5444999999999993,229,17.03056768558952
0.5min,12,20,30,0.01,0.01,-0.5459999999999923,25,36.0
0.5min,9,15,10,0.01,0.01,-0.5474999999999568,143,44.05594405594406
5min,3,10,50,0.02,0.03,-0.548000000000016,27,51.85185185185185
1min,12,50,30,0.02,0.01,-0.5504999999998716,214,33.177570093457945
1min,9,15,20,0.03,0.01,-0.5509999999999735,44,22.727272727272727
1min,12,20,20,0.01,0.01,-0.5514999999999901,60,41.66666666666667
1min,3,26,50,0.03,0.01,-0.5529999999999546,60,23.333333333333332
0.5min,12,15,10,0.03,0.02,-0.5585000000000235,21,33.33333333333333
0.5min,12,20,20,0.03,0.03,-0.5609999999999928,22,40.909090909090914
1min,12,15,10,0.01,0.01,-0.5614999999999952,50,40.0
1min,12,60,50,0.01,0.01,-0.5620000000000118,175,45.714285714285715
1min,9,15,20,0.02,0.01,-0.5624999999999574,48,31.25
1min,3,10,10,0.05,0.01,-0.5629999999999313,167,16.766467065868262
1min,6,26,20,0.02,0.01,-0.5629999999999455,220,33.63636363636363
1min,6,20,30,0.01,0.02,-0.5644999999999669,59,57.6271186440678
1min,9,60,10,0.01,0.03,-0.5665000000000475,380,71.84210526315789
0.5min,12,50,30,0.02,0.03,-0.5704999999999103,82,54.87804878048781
0.5min,9,50,30,0.01,0.03,-0.5714999999999293,135,68.14814814814815
1min,12,50,30,0.01,0.03,-0.5730000000000217,169,69.8224852071006
0.5min,12,15,10,0.02,0.01,-0.5749999999999744,33,27.27272727272727
1min,12,15,10,0.05,0.02,-0.5794999999999533,24,25.0
1min,12,26,50,0.02,0.03,-0.5799999999999699,13,46.15384615384615
0.5min,12,50,50,0.01,0.02,-0.5805000000000291,63,58.730158730158735
0.5min,6,20,20,0.01,0.01,-0.5819999999999368,168,44.047619047619044
1min,6,20,50,0.03,0.01,-0.5829999999999984,33,21.21212121212121
1min,3,20,50,0.01,0.01,-0.5864999999999725,55,40.0
0.5min,9,15,30,0.05,0.02,-0.5865000000000151,7,14.285714285714285
1min,6,26,50,0.01,0.03,-0.587499999999963,40,62.5
1min,9,26,50,0.01,0.01,-0.588499999999982,44,38.63636363636363
5min,3,10,50,0.01,0.02,-0.5915000000000106,27,51.85185185185185
0.5min,12,26,30,0.01,0.02,-0.592000000000013,51,56.86274509803921
1min,12,20,20,0.02,0.01,-0.5934999999999633,56,32.142857142857146
0.5min,9,20,50,0.02,0.01,-0.5944999999999965,13,15.384615384615385
1min,3,26,20,0.02,0.02,-0.6039999999998855,196,47.95918367346938
1min,6,10,30,0.05,0.01,-0.6039999999999992,12,8.333333333333332
1min,6,20,30,0.02,0.01,-0.6059999999999377,73,31.506849315068493
0.5min,12,60,30,0.01,0.02,-0.6079999999999472,176,60.79545454545454
1min,9,50,50,0.05,0.01,-0.6094999999999544,86,16.27906976744186
0.5min,6,60,30,0.01,0.03,-0.6104999999998739,212,69.81132075471697
0.5min,6,10,30,0.01,0.03,-0.6125000000000114,7,42.857142857142854
1min,9,60,20,0.03,0.01,-0.6129999999999427,290,25.517241379310345
1min,12,60,20,0.01,0.02,-0.6154999999999262,326,62.88343558282209
1min,12,60,50,0.01,0.02,-0.6164999999999594,130,60.76923076923077
1min,6,15,50,0.01,0.01,-0.616500000000002,20,30.0
1min,3,26,30,0.05,0.01,-0.6169999999999902,111,16.216216216216218
0.5min,9,26,50,0.01,0.02,-0.6170000000000186,27,55.55555555555556
0.5min,9,26,50,0.03,0.02,-0.6185000000000116,16,31.25
0.5min,9,26,50,0.03,0.03,-0.6200000000000045,13,38.46153846153847
1min,9,26,20,0.05,0.01,-0.6204999999999359,111,16.216216216216218
0.5min,3,50,50,0.01,0.03,-0.6239999999999384,96,66.66666666666666
0.5min,6,26,50,0.01,0.03,-0.6240000000000236,37,62.16216216216216
1min,6,15,30,0.01,0.03,-0.6269999999999527,42,61.904761904761905
1min,12,20,30,0.02,0.01,-0.6269999999999527,29,27.586206896551722
0.5min,12,60,50,0.05,0.03,-0.6274999999999977,25,32.0
1min,3,10,20,0.03,0.02,-0.6279999999999859,68,36.76470588235294
1min,12,20,20,0.05,0.02,-0.6329999999999671,28,25.0
0.5min,6,15,50,0.01,0.02,-0.6330000000000382,19,52.63157894736842
1min,12,20,20,0.05,0.01,-0.6334999999999411,45,15.555555555555555
1min,3,15,50,0.01,0.03,-0.6344999999999743,30,60.0
5min,3,10,50,0.02,0.02,-0.6355000000000075,27,40.74074074074074
1min,9,26,50,0.05,0.01,-0.6444999999999794,35,14.285714285714285
1min,6,10,20,0.02,0.02,-0.6464999999999748,26,38.46153846153847
1min,6,10,20,0.02,0.01,-0.6470000000000056,30,26.666666666666668
0.5min,12,15,10,0.03,0.01,-0.6494999999999607,30,20.0
0.5min,12,15,10,0.02,0.03,-0.6500000000000057,22,50.0
1min,9,20,50,0.03,0.01,-0.6504999999999939,15,13.333333333333334
1min,9,15,20,0.01,0.01,-0.650999999999982,51,39.21568627450981
0.5min,9,15,30,0.02,0.02,-0.6510000000000105,12,33.33333333333333
1min,6,20,50,0.02,0.02,-0.651499999999956,30,43.333333333333336
0.5min,9,15,10,0.01,0.03,-0.6524999999999466,88,67.04545454545455
0.5min,6,50,10,0.01,0.01,-0.6529999999998353,691,47.756874095513744
1min,12,26,30,0.03,0.03,-0.6555000000000177,38,44.73684210526316
1min,12,60,50,0.05,0.03,-0.6564999999999515,51,35.294117647058826
1min,12,15,10,0.03,0.02,-0.6569999999999965,32,34.375
1min,9,15,30,0.05,0.01,-0.6629999999999967,18,11.11111111111111
1min,12,60,10,0.01,0.01,-0.6630000000000393,643,48.21150855365474
1min,12,50,30,0.03,0.01,-0.6649999999998784,172,25.0
1min,9,20,50,0.02,0.01,-0.667999999999978,16,18.75
0.5min,9,50,10,0.01,0.01,-0.6684999999997672,661,47.806354009077154
0.5min,6,60,20,0.01,0.01,-0.6714999999998668,484,47.107438016528924
1min,6,10,30,0.02,0.01,-0.6714999999999947,13,15.384615384615385
1min,6,10,20,0.05,0.03,-0.6719999999999828,15,26.666666666666668
1min,3,15,10,0.03,0.01,-0.6739999999998645,264,25.0
1min,9,15,30,0.03,0.01,-0.674500000000009,19,15.789473684210526
0.5min,6,20,50,0.05,0.02,-0.6770000000000067,11,18.181818181818183
0.5min,12,20,20,0.03,0.01,-0.6849999999999596,35,20.0
1min,3,15,50,0.03,0.01,-0.6854999999999905,36,19.444444444444446
1min,3,20,30,0.05,0.01,-0.6869999999999692,88,15.909090909090908
1min,3,10,20,0.03,0.03,-0.6879999999999882,59,45.76271186440678
0.5min,3,60,50,0.01,0.01,-0.6904999999999433,148,43.24324324324324
1min,12,15,10,0.03,0.03,-0.6905000000000143,28,42.857142857142854
0.5min,9,50,30,0.01,0.01,-0.6919999999999362,222,44.5945945945946
1min,9,20,50,0.03,0.02,-0.6925000000000097,11,27.27272727272727
0.5min,9,60,10,0.01,0.03,-0.692999999999742,412,71.60194174757282
1min,12,20,20,0.03,0.03,-0.6935000000000286,30,43.333333333333336
5min,3,60,20,0.01,0.01,-0.6944999999999766,200,47.0
1min,9,26,50,0.02,0.01,-0.694999999999979,41,29.268292682926827
1min,9,26,50,0.03,0.03,-0.7005000000000337,24,41.66666666666667
5min,3,60,10,0.01,0.01,-0.7019999999999555,217,47.004608294930875
1min,3,50,50,0.01,0.01,-0.7094999999999487,169,44.97041420118343
1min,12,50,50,0.01,0.01,-0.7105000000000672,118,43.22033898305085
0.5min,12,26,10,0.01,0.01,-0.7144999999999158,317,46.05678233438486
1min,9,50,50,0.02,0.01,-0.7149999999999324,113,31.858407079646017
1min,9,20,30,0.03,0.03,-0.7150000000000176,31,41.935483870967744
0.5min,12,60,30,0.02,0.01,-0.7154999999999774,188,32.4468085106383
1min,12,50,10,0.01,0.01,-0.7170000000000414,617,47.9740680713128
1min,12,15,10,0.03,0.01,-0.7184999999999775,43,20.930232558139537
1min,6,60,30,0.03,0.01,-0.7209999999999326,216,25.462962962962965
0.5min,12,50,30,0.05,0.01,-0.7239999999998759,94,15.957446808510639
1min,9,20,50,0.02,0.02,-0.728999999999985,12,33.33333333333333
0.5min,12,26,30,0.02,0.02,-0.7289999999999992,38,42.10526315789473
0.5min,6,26,20,0.01,0.01,-0.7299999999999613,228,44.73684210526316
5min,3,10,50,0.05,0.02,-0.7300000000000182,23,21.73913043478261
0.5min,3,26,20,0.01,0.02,-0.7304999999998927,233,61.80257510729614
1min,9,60,50,0.03,0.01,-0.730499999999978,120,24.166666666666668
1min,9,60,50,0.01,0.02,-0.7304999999999922,137,60.58394160583942
1min,12,26,10,0.01,0.02,-0.7319999999998856,264,62.121212121212125
1min,9,15,20,0.03,0.03,-0.7325000000000159,26,42.30769230769231
0.5min,12,20,20,0.05,0.01,-0.7329999999999899,27,11.11111111111111
1min,9,15,30,0.02,0.01,-0.7329999999999899,19,21.052631578947366
1min,3,10,20,0.02,0.02,-0.7354999999999734,77,45.45454545454545
1min,6,20,50,0.05,0.02,-0.7384999999999877,18,22.22222222222222
1min,6,20,50,0.01,0.02,-0.7389999999999759,32,53.125
0.5min,6,15,50,0.05,0.02,-0.7390000000000327,8,12.5
0.5min,3,26,20,0.03,0.03,-0.7405000000000115,131,47.32824427480916
0.5min,9,26,10,0.01,0.01,-0.7409999999997297,406,46.79802955665024
1min,6,20,30,0.03,0.01,-0.7434999999999548,67,22.388059701492537
1min,3,10,30,0.01,0.01,-0.744499999999988,51,37.254901960784316
1min,9,20,10,0.03,0.02,-0.7449999999999619,136,38.23529411764706
1min,3,26,30,0.03,0.01,-0.7469999999999715,137,24.087591240875913
1min,9,15,10,0.03,0.03,-0.7469999999999857,66,45.45454545454545
0.5min,9,15,30,0.05,0.03,-0.75,6,16.666666666666664
0.5min,6,15,50,0.01,0.03,-0.7500000000000426,19,57.89473684210527
0.5min,9,15,30,0.01,0.02,-0.7515000000000214,15,46.666666666666664
1min,12,50,20,0.01,0.02,-0.7519999999998817,283,62.544169611307424
5min,3,10,50,0.03,0.02,-0.7535000000000167,24,29.166666666666668
0.5min,3,10,10,0.01,0.02,-0.7564999999999316,239,61.92468619246861
1min,12,20,30,0.03,0.02,-0.7564999999999884,20,30.0
1min,3,10,30,0.02,0.01,-0.761999999999972,50,28.000000000000004
1min,9,15,30,0.02,0.02,-0.7624999999999886,16,37.5
1min,12,60,50,0.05,0.01,-0.7674999999998988,108,16.666666666666664
1min,6,10,20,0.01,0.02,-0.7685000000000031,28,50.0
1min,9,26,30,0.03,0.03,-0.7695000000000363,46,43.47826086956522
1min,12,26,30,0.01,0.01,-0.7720000000000056,71,40.845070422535215
1min,9,60,50,0.03,0.03,-0.7780000000000058,70,45.714285714285715
1min,9,20,50,0.01,0.02,-0.7824999999999989,14,42.857142857142854
1min,6,20,10,0.02,0.01,-0.7834999999999468,315,33.65079365079365
1min,12,15,10,0.02,0.01,-0.783499999999961,47,29.78723404255319
1min,12,20,30,0.05,0.02,-0.7859999999999587,18,22.22222222222222
0.5min,12,50,50,0.01,0.03,-0.7864999999999754,54,64.81481481481481
1min,3,60,50,0.01,0.03,-0.7865000000000036,149,69.12751677852349
0.5min,6,26,10,0.02,0.01,-0.7879999999999683,340,32.94117647058823
0.5min,3,60,20,0.01,0.01,-0.7939999999996984,537,47.113594040968344
0.5min,9,15,30,0.02,0.03,-0.7950000000000018,9,33.33333333333333
1min,6,50,30,0.01,0.01,-0.7959999999999922,314,46.496815286624205
0.5min,9,20,30,0.05,0.03,-0.7964999999999947,13,23.076923076923077
1min,3,20,30,0.02,0.01,-0.797499999999971,120,31.666666666666664
1min,6,20,50,0.03,0.03,-0.8010000000000019,22,40.909090909090914
0.5min,12,20,20,0.02,0.01,-0.8014999999999901,42,26.190476190476193
0.5min,12,15,10,0.01,0.03,-0.8015000000000327,29,62.06896551724138
1min,12,20,10,0.02,0.02,-0.8059999999999121,126,46.82539682539682
1min,12,20,20,0.03,0.01,-0.8074999999999761,51,21.568627450980394
0.5min,12,50,10,0.01,0.01,-0.8079999999997369,636,47.48427672955975
1min,6,10,20,0.05,0.01,-0.8105000000000047,26,11.538461538461538
1min,9,15,30,0.03,0.03,-0.8120000000000402,14,35.714285714285715
0.5min,12,26,10,0.01,0.02,-0.8129999999999313,214,61.21495327102804
0.5min,12,26,20,0.01,0.01,-0.8174999999999812,121,42.97520661157025
1min,3,10,20,0.02,0.03,-0.8175000000000097,67,53.73134328358209
1min,9,26,20,0.02,0.02,-0.8189999999999031,121,47.107438016528924
1min,9,26,10,0.03,0.01,-0.8189999999999885,267,25.0936329588015
0.5min,9,26,20,0.01,0.03,-0.819499999999934,102,66.66666666666666
1min,9,20,50,0.05,0.01,-0.8194999999999907,15,6.666666666666667
1min,9,20,30,0.01,0.02,-0.8194999999999907,48,54.166666666666664
1min,3,26,50,0.01,0.03,-0.8199999999999646,52,63.46153846153846
0.5min,9,20,10,0.01,0.01,-0.8219999999998464,283,45.22968197879859
0.5min,9,26,50,0.01,0.03,-0.8240000000000265,25,60.0
1min,9,60,50,0.03,0.02,-0.82650000000001,84,36.904761904761905
1min,9,20,30,0.02,0.02,-0.8274999999999437,45,42.22222222222222
0.5min,12,15,10,0.03,0.03,-0.8344999999999914,18,38.88888888888889
0.5min,3,15,10,0.02,0.01,-0.8354999999999677,322,32.608695652173914
1min,9,50,50,0.03,0.03,-0.839500000000001,58,44.827586206896555
1min,9,60,20,0.01,0.03,-0.8425000000000722,291,71.1340206185567
0.5min,9,15,30,0.03,0.03,-0.8444999999999965,8,25.0
0.5min,12,26,30,0.03,0.02,-0.8450000000000273,34,32.35294117647059
1min,3,15,50,0.01,0.01,-0.8499999999999943,38,34.21052631578947
1min,12,20,20,0.03,0.02,-0.8510000000000134,36,33.33333333333333
0.5min,12,60,30,0.01,0.01,-0.8519999999999895,258,45.348837209302324
1min,9,20,10,0.02,0.01,-0.8564999999999117,264,32.95454545454545
0.5min,12,20,20,0.05,0.02,-0.8575000000000159,17,17.647058823529413
1min,3,50,10,0.01,0.03,-0.8579999999999757,401,71.82044887780549
0.5min,6,15,50,0.03,0.03,-0.8595000000000113,10,30.0
0.5min,3,50,30,0.01,0.03,-0.8644999999999499,210,69.52380952380952
0.5min,12,50,20,0.01,0.02,-0.8649999999998812,252,61.50793650793651
0.5min,6,15,10,0.03,0.03,-0.865999999999957,119,47.05882352941176
1min,3,15,50,0.05,0.01,-0.8659999999999713,33,12.121212121212121
0.5min,12,26,50,0.05,0.01,-0.8665000000000163,9,0.0
0.5min,12,26,50,0.03,0.01,-0.8665000000000163,9,0.0
0.5min,12,26,50,0.02,0.01,-0.8665000000000163,9,0.0
1min,6,10,20,0.03,0.01,-0.8675000000000068,29,17.24137931034483
0.5min,12,15,10,0.05,0.01,-0.8684999999999832,22,9.090909090909092
1min,9,26,30,0.03,0.02,-0.8714999999999975,53,33.9622641509434
1min,6,10,30,0.05,0.02,-0.8730000000000047,9,11.11111111111111
0.5min,3,26,30,0.01,0.01,-0.8734999999999502,170,42.94117647058823
1min,3,50,20,0.02,0.01,-0.8819999999999482,349,32.95128939828081
0.5min,9,15,30,0.01,0.03,-0.8850000000000335,14,50.0
1min,9,60,20,0.02,0.01,-0.8864999999999554,362,33.14917127071823
0.5min,6,50,10,0.01,0.02,-0.8914999999997804,483,63.14699792960663
1min,6,15,50,0.02,0.01,-0.8919999999999959,18,16.666666666666664
1min,3,26,50,0.02,0.01,-0.8924999999999557,65,29.230769230769234
1min,9,50,50,0.03,0.01,-0.8924999999999699,98,23.46938775510204
0.5min,12,26,30,0.01,0.03,-0.8930000000000007,45,62.22222222222222
1min,9,50,20,0.03,0.02,-0.893499999999932,168,38.69047619047619
1min,12,20,20,0.01,0.02,-0.8939999999999914,49,55.10204081632652
1min,12,15,10,0.01,0.02,-0.8949999999999817,41,53.65853658536586
1min,9,26,20,0.01,0.03,-0.8960000000000576,135,68.14814814814815
0.5min,3,50,30,0.01,0.01,-0.8979999999999251,291,45.017182130584196
1min,3,60,20,0.01,0.03,-0.8989999999999299,340,71.47058823529412
1min,12,26,30,0.03,0.02,-0.8990000000000008,44,34.090909090909086
0.5min,12,20,30,0.03,0.01,-0.9014999999999702,18,11.11111111111111
1min,6,10,20,0.01,0.03,-0.9035000000000224,24,54.166666666666664
0.5min,12,50,20,0.01,0.01,-0.904499999999956,371,46.091644204851754
0.5min,3,60,30,0.03,0.03,-0.9044999999999845,138,47.10144927536232
1min,6,26,30,0.03,0.02,-0.9055000000000177,69,36.231884057971016
1min,6,15,50,0.03,0.02,-0.9065000000000083,15,26.666666666666668
1min,12,60,50,0.02,0.02,-0.9079999999998876,102,46.07843137254902
1min,9,15,20,0.03,0.02,-0.9085000000000035,31,32.25806451612903
0.5min,6,15,50,0.05,0.03,-0.9105000000000132,7,14.285714285714285
0.5min,6,60,20,0.01,0.02,-0.9114999999997622,339,62.24188790560472
1min,3,60,50,0.01,0.01,-0.9114999999999469,203,44.827586206896555
1min,6,20,50,0.02,0.03,-0.9124999999999802,25,48.0
1min,9,15,30,0.01,0.02,-0.9125000000000084,18,44.44444444444444
1min,6,20,50,0.01,0.03,-0.9189999999999827,29,58.620689655172406
1min,6,10,20,0.02,0.03,-0.9224999999999993,20,40.0
1min,6,10,30,0.01,0.02,-0.9235000000000042,12,33.33333333333333
0.5min,9,20,50,0.05,0.02,-0.9235000000000042,9,11.11111111111111
0.5min,12,20,30,0.05,0.01,-0.9244999999999663,17,5.88235294117647
0.5min,12,26,30,0.02,0.01,-0.9279999999999687,54,27.77777777777778
1min,12,60,20,0.01,0.03,-0.9295000000000186,274,70.8029197080292
0.5min,3,15,20,0.01,0.03,-0.9305000000000235,138,68.11594202898551
1min,6,15,10,0.02,0.01,-0.9324999999998482,242,33.47107438016529
0.5min,12,20,30,0.02,0.01,-0.9334999999999809,20,15.0
0.5min,9,26,10,0.03,0.03,-0.9354999999999194,136,47.05882352941176
1min,6,15,50,0.03,0.01,-0.9355000000000048,18,11.11111111111111
1min,12,20,20,0.05,0.03,-0.9379999999999882,20,30.0
1min,6,10,10,0.01,0.01,-0.9394999999999527,113,41.5929203539823
0.5min,3,20,10,0.02,0.01,-0.9414999999999338,369,32.79132791327913
1min,6,20,20,0.01,0.03,-0.9419999999999931,123,67.47967479674797
0.5min,12,60,30,0.03,0.01,-0.9454999999999671,149,24.161073825503358
0.5min,3,26,10,0.03,0.01,-0.9474999999998772,333,25.225225225225223
0.5min,12,20,10,0.01,0.03,-0.95049999999992,101,66.33663366336634
1min,3,15,50,0.02,0.01,-0.9509999999999791,37,24.324324324324326
1min,9,26,10,0.02,0.01,-0.9530000000000457,332,33.13253012048193
1min,12,20,30,0.01,0.02,-0.9544999999999533,26,46.15384615384615
0.5min,6,20,50,0.05,0.03,-0.954499999999996,10,20.0
1min,12,60,50,0.03,0.02,-0.9549999999999557,82,36.58536585365854
1min,12,26,30,0.01,0.02,-0.9549999999999982,59,55.932203389830505
1min,6,10,30,0.05,0.03,-0.9560000000000031,7,14.285714285714285
0.5min,9,20,50,0.01,0.02,-0.9565000000000055,13,38.46153846153847
0.5min,9,26,50,0.05,0.01,-0.9569999999999936,17,5.88235294117647
0.5min,9,20,50,0.03,0.02,-0.9570000000000078,10,20.0
1min,9,15,20,0.05,0.01,-0.9649999999999609,39,12.82051282051282
0.5min,12,26,50,0.01,0.02,-0.96550000000002,7,14.285714285714285
1min,9,26,30,0.02,0.03,-0.9675000000000011,54,51.85185185185185
0.5min,6,60,10,0.01,0.03,-0.9679999999998331,431,71.22969837587007
1min,6,20,50,0.05,0.03,-0.9684999999999775,15,26.666666666666668
1min,9,50,20,0.02,0.01,-0.97849999999994,330,33.03030303030303
1min,6,10,20,0.03,0.03,-0.9804999999999922,18,33.33333333333333
1min,12,20,30,0.02,0.02,-0.9814999999999401,24,37.5
1min,6,15,20,0.01,0.02,-0.9844999999999403,76,56.57894736842105
1min,6,10,30,0.03,0.02,-0.9890000000000043,11,18.181818181818183
1min,3,50,50,0.01,0.03,-0.9909999999999997,128,67.96875
1min,9,26,50,0.03,0.02,-0.991500000000002,29,31.03448275862069
1min,9,26,30,0.05,0.01,-0.9989999999999668,69,14.492753623188406
1min,9,50,50,0.05,0.03,-1.004999999999967,43,32.55813953488372
1min,6,15,50,0.01,0.02,-1.0074999999999932,17,41.17647058823529
1min,9,50,50,0.02,0.02,-1.0089999999999293,85,44.70588235294118
0.5min,12,26,50,0.02,0.02,-1.0090000000000146,6,0.0
0.5min,12,26,50,0.03,0.02,-1.0090000000000146,6,0.0
0.5min,12,26,50,0.05,0.02,-1.0090000000000146,6,0.0
0.5min,3,60,50,0.01,0.03,-1.0139999999999247,110,66.36363636363637
1min,12,20,20,0.01,0.03,-1.016999999999996,42,61.904761904761905
1min,9,20,50,0.05,0.02,-1.0189999999999912,9,11.11111111111111
0.5min,9,26,10,0.01,0.02,-1.0214999999998327,280,61.78571428571429
1min,9,60,10,0.01,0.01,-1.02150000000006,638,47.64890282131661
1min,12,26,30,0.02,0.01,-1.0309999999999633,64,29.6875
0.5min,9,20,50,0.02,0.02,-1.031000000000006,10,20.0
1min,12,60,50,0.03,0.03,-1.0334999999999894,69,44.927536231884055
1min,3,60,20,0.01,0.02,-1.0339999999999065,388,62.88659793814433
0.5min,6,20,10,0.02,0.01,-1.033999999999935,288,32.29166666666667
1min,6,15,50,0.05,0.01,-1.0360000000000014,17,5.88235294117647
0.5min,12,50,30,0.05,0.03,-1.04099999999994,52,32.69230769230769
1min,9,60,50,0.01,0.03,-1.0420000000000869,121,67.76859504132231
1min,3,20,20,0.03,0.01,-1.0494999999999237,177,23.728813559322035
1min,12,50,50,0.05,0.01,-1.049499999999938,83,15.66265060240964
1min,9,20,50,0.01,0.03,-1.0509999999999877,12,41.66666666666667
0.5min,9,26,50,0.05,0.02,-1.0555000000000234,10,10.0
0.5min,6,50,10,0.01,0.03,-1.055999999999841,420,71.19047619047619
1min,6,20,50,0.05,0.01,-1.0589999999999833,29,10.344827586206897
1min,6,26,20,0.01,0.03,-1.0595000000000283,181,69.06077348066299
1min,12,50,50,0.03,0.01,-1.0604999999999762,91,23.076923076923077
1min,3,15,30,0.01,0.01,-1.0614999999999668,95,40.0
1min,9,15,30,0.01,0.03,-1.0655000000000285,15,46.666666666666664
1min,12,20,20,0.02,0.02,-1.0659999999999457,45,42.22222222222222
1min,6,10,30,0.03,0.03,-1.069500000000005,7,14.285714285714285
0.5min,3,50,20,0.01,0.01,-1.0734999999997399,477,46.75052410901468
0.5min,9,60,30,0.01,0.03,-1.076999999999913,182,68.68131868131869
1min,12,15,10,0.05,0.03,-1.0779999999999603,18,27.77777777777778
1min,9,50,50,0.02,0.03,-1.0779999999999745,73,53.42465753424658
1min,12,26,20,0.05,0.02,-1.0784999999999343,60,25.0
1min,3,50,30,0.01,0.02,-1.081499999999906,256,61.328125
0.5min,12,26,30,0.05,0.01,-1.0854999999999535,36,11.11111111111111
1min,9,20,30,0.01,0.03,-1.0884999999999962,42,59.523809523809526
0.5min,9,20,50,0.01,0.03,-1.0900000000000176,12,41.66666666666667
1min,9,20,50,0.03,0.03,-1.0915000000000106,11,27.27272727272727
1min,12,26,30,0.02,0.02,-1.0929999999999325,52,42.30769230769231
1min,3,60,10,0.01,0.03,-1.099999999999966,417,71.70263788968825
1min,3,26,50,0.01,0.01,-1.099999999999966,68,36.76470588235294
1min,9,26,50,0.01,0.02,-1.1019999999999612,36,50.0
1min,12,60,20,0.01,0.01,-1.102500000000063,459,46.84095860566449
0.5min,12,26,50,0.03,0.03,-1.1045000000000158,5,0.0
0.5min,12,26,50,0.05,0.03,-1.1045000000000158,5,0.0
0.5min,12,26,50,0.02,0.03,-1.1045000000000158,5,0.0
0.5min,9,20,50,0.03,0.03,-1.112000000000009,9,22.22222222222222
1min,6,26,30,0.02,0.02,-1.1129999999999285,89,44.9438202247191
1min,6,10,10,0.01,0.03,-1.1149999999999238,79,64.55696202531645
1min,9,20,20,0.05,0.01,-1.116499999999931,76,14.473684210526317
1min,3,20,30,0.01,0.02,-1.1174999999999216,106,57.54716981132076
1min,12,50,50,0.03,0.02,-1.117999999999995,63,34.92063492063492
1min,12,26,30,0.05,0.02,-1.1194999999999595,35,22.857142857142858
0.5min,6,15,10,0.01,0.02,-1.119999999999962,218,61.00917431192661
1min,12,15,10,0.05,0.01,-1.1229999999999478,40,12.5
1min,12,26,30,0.01,0.03,-1.1314999999999884,51,62.745098039215684
1min,9,26,20,0.03,0.01,-1.132499999999908,140,23.57142857142857
1min,3,60,20,0.02,0.01,-1.1374999999998892,379,32.71767810026385
0.5min,12,60,30,0.01,0.03,-1.1394999999999271,152,67.76315789473685
1min,3,20,30,0.03,0.01,-1.1409999999999343,110,22.727272727272727
1min,3,10,20,0.02,0.01,-1.1409999999999627,100,30.0
1min,6,20,20,0.01,0.01,-1.1415000000000077,179,43.01675977653631
0.5min,12,20,30,0.03,0.03,-1.142499999999984,13,30.76923076923077
1min,6,20,30,0.01,0.01,-1.1464999999999606,78,37.17948717948718
1min,9,15,20,0.01,0.02,-1.1484999999999843,41,51.21951219512195
1min,12,15,10,0.02,0.03,-1.1514999999999702,31,48.38709677419355
0.5min,9,20,50,0.05,0.03,-1.1529999999999916,8,12.5
1min,6,20,30,0.01,0.03,-1.155499999999975,55,61.81818181818181
1min,6,10,30,0.02,0.02,-1.1569999999999965,11,18.181818181818183
1min,6,15,10,0.01,0.02,-1.1579999999998734,217,60.82949308755761
1min,6,15,50,0.01,0.03,-1.1605000000000132,14,42.857142857142854
0.5min,9,50,10,0.01,0.02,-1.1629999999997551,447,62.86353467561522
1min,6,10,30,0.02,0.03,-1.163499999999999,7,14.285714285714285
1min,6,10,30,0.01,0.03,-1.1640000000000157,11,36.36363636363637
1min,6,60,20,0.01,0.01,-1.169499999999985,489,46.830265848670756
1min,3,10,20,0.03,0.01,-1.1704999999999472,91,21.978021978021978
1min,6,15,20,0.01,0.01,-1.171499999999952,96,39.58333333333333
1min,12,60,50,0.03,0.01,-1.1734999999999616,117,23.076923076923077
0.5min,3,20,20,0.01,0.01,-1.1789999999998884,235,44.25531914893617
1min,3,15,10,0.02,0.01,-1.1814999999998577,300,32.666666666666664
1min,9,20,30,0.02,0.03,-1.1829999999999785,36,47.22222222222222
0.5min,12,26,30,0.02,0.03,-1.1839999999999975,32,46.875
1min,12,26,30,0.03,0.01,-1.1849999999999739,59,20.33898305084746
0.5min,9,20,50,0.02,0.03,-1.186000000000007,9,22.22222222222222
1min,9,20,10,0.03,0.01,-1.187499999999929,205,23.902439024390244
1min,9,26,50,0.05,0.03,-1.1874999999999858,16,25.0
1min,9,15,20,0.05,0.03,-1.1894999999999811,16,25.0
1min,12,50,50,0.02,0.01,-1.1919999999999646,103,30.097087378640776
0.5min,12,20,30,0.02,0.03,-1.1920000000000073,14,35.714285714285715
1min,12,15,10,0.01,0.03,-1.1984999999999957,37,59.45945945945946
1min,6,15,50,0.02,0.02,-1.1989999999999839,15,26.666666666666668
0.5min,3,10,10,0.01,0.01,-1.200999999999894,284,45.07042253521127
1min,9,26,30,0.02,0.01,-1.2009999999999508,84,28.57142857142857
0.5min,6,50,20,0.01,0.01,-1.2039999999998656,431,45.93967517401392
0.5min,6,26,20,0.01,0.03,-1.2069999999999652,150,67.33333333333333
1min,12,60,50,0.02,0.01,-1.2109999999999133,147,31.292517006802722
1min,9,50,50,0.01,0.02,-1.2115000000000293,103,57.28155339805825
1min,12,26,30,0.05,0.01,-1.2134999999999394,52,13.461538461538462
1min,12,26,10,0.01,0.01,-1.2155000000000342,377,46.15384615384615
1min,9,15,30,0.02,0.03,-1.2165000000000106,14,35.714285714285715
1min,12,50,50,0.03,0.03,-1.2175000000000438,55,43.63636363636363
1min,12,15,10,0.02,0.02,-1.2179999999999325,38,39.473684210526315
1min,9,50,50,0.01,0.03,-1.2210000000000747,94,65.95744680851064
1min,9,26,30,0.01,0.01,-1.2220000000000368,94,39.361702127659576
1min,12,20,10,0.01,0.02,-1.2224999999999824,154,59.09090909090909
1min,9,15,20,0.02,0.02,-1.2229999999999421,38,39.473684210526315
0.5min,12,15,10,0.05,0.02,-1.2235000000000298,15,13.333333333333334
1min,3,15,30,0.01,0.03,-1.225499999999954,72,63.888888888888886
0.5min,3,50,10,0.01,0.02,-1.2354999999999166,536,63.24626865671642
0.5min,6,15,10,0.01,0.01,-1.2374999999998977,282,45.0354609929078
0.5min,6,20,20,0.01,0.03,-1.238999999999919,110,65.45454545454545
1min,3,60,10,0.01,0.01,-1.239499999999893,634,47.47634069400631
1min,9,20,20,0.03,0.02,-1.2404999999999973,58,32.758620689655174
1min,9,15,20,0.05,0.02,-1.2434999999999832,22,18.181818181818183
1min,9,15,30,0.05,0.02,-1.2454999999999927,11,9.090909090909092
1min,12,26,30,0.05,0.03,-1.2484999999999644,27,29.629629629629626
1min,9,26,20,0.02,0.01,-1.253499999999903,168,31.547619047619047
1min,6,15,50,0.05,0.02,-1.2534999999999883,11,9.090909090909092
1min,9,26,20,0.01,0.02,-1.2549999999999812,151,58.94039735099338
0.5min,12,26,30,0.03,0.03,-1.2560000000000002,27,37.03703703703704
1min,9,20,30,0.05,0.03,-1.2584999999999695,20,25.0
0.5min,3,26,30,0.01,0.03,-1.25949999999996,125,66.4
0.5min,12,26,50,0.01,0.03,-1.2595000000000312,7,14.285714285714285
1min,9,26,50,0.02,0.02,-1.2699999999999534,34,38.23529411764706
1min,6,15,10,0.03,0.01,-1.2724999999998943,193,23.83419689119171
1min,9,26,30,0.02,0.02,-1.2759999999999252,65,41.53846153846154
1min,6,15,50,0.03,0.03,-1.2760000000000105,10,20.0
1min,9,15,20,0.01,0.03,-1.277000000000001,36,58.333333333333336
1min,9,26,50,0.05,0.02,-1.2794999999999703,22,18.181818181818183
1min,12,20,20,0.02,0.03,-1.2804999999999893,35,48.57142857142857
1min,9,15,10,0.02,0.03,-1.2819999999999823,78,52.56410256410257
1min,9,15,20,0.02,0.03,-1.2864999999999753,30,46.666666666666664
1min,6,26,30,0.03,0.03,-1.2980000000000018,60,43.333333333333336
1min,9,20,50,0.02,0.03,-1.2984999999999758,11,27.27272727272727
0.5min,12,60,10,0.01,0.03,-1.3149999999997704,387,70.80103359173127
1min,9,50,20,0.03,0.01,-1.3164999999998628,256,24.609375
1min,9,26,50,0.01,0.03,-1.3169999999999789,32,56.25
1min,9,20,10,0.01,0.02,-1.3174999999999102,230,60.86956521739131
0.5min,12,50,30,0.03,0.03,-1.3199999999999363,64,43.75
1min,3,60,30,0.01,0.02,-1.319999999999979,288,61.458333333333336
0.5min,12,20,30,0.01,0.02,-1.3225000000000193,19,36.84210526315789
1min,9,26,20,0.01,0.01,-1.3230000000000786,209,43.54066985645933
1min,9,26,30,0.01,0.03,-1.3250000000000455,69,63.76811594202898
1min,3,10,20,0.01,0.02,-1.325999999999965,88,55.68181818181818
1min,9,60,20,0.01,0.01,-1.3335000000001145,482,46.6804979253112
0.5min,3,26,20,0.01,0.01,-1.3394999999998305,294,44.89795918367347
0.5min,9,26,50,0.05,0.03,-1.345000000000013,9,11.11111111111111
1min,3,15,20,0.03,0.01,-1.345999999999961,136,22.794117647058822
1min,12,50,50,0.05,0.03,-1.3464999999999918,41,31.70731707317073
1min,9,26,30,0.03,0.01,-1.351499999999973,78,20.51282051282051
0.5min,9,50,10,0.01,0.03,-1.3524999999997789,383,70.75718015665797
0.5min,12,20,30,0.05,0.02,-1.3539999999999992,12,8.333333333333332
0.5min,12,50,30,0.02,0.01,-1.3579999999998478,146,30.136986301369863
1min,6,15,50,0.05,0.03,-1.382000000000005,9,11.11111111111111
0.5min,12,26,30,0.05,0.02,-1.3865000000000265,24,16.666666666666664
1min,6,26,30,0.01,0.02,-1.3880000000000052,105,56.19047619047619
0.5min,12,50,10,0.01,0.02,-1.3909999999997495,424,62.5
0.5min,12,50,30,0.03,0.01,-1.3909999999998774,115,22.608695652173914
1min,3,50,30,0.01,0.01,-1.3924999999999699,329,45.2887537993921
1min,12,20,10,0.01,0.03,-1.3930000000000433,136,66.91176470588235
1min,9,26,50,0.02,0.03,-1.3984999999999843,27,44.44444444444444
1min,12,26,20,0.03,0.02,-1.405499999999961,74,33.78378378378378
1min,6,26,30,0.02,0.01,-1.418499999999895,116,30.17241379310345
1min,6,15,50,0.02,0.03,-1.418999999999997,10,20.0
0.5min,3,20,20,0.01,0.03,-1.419499999999914,183,68.30601092896174
1min,12,26,30,0.02,0.03,-1.4229999999999876,43,48.837209302325576
0.5min,6,20,10,0.03,0.01,-1.4239999999999498,232,24.137931034482758
1min,6,15,20,0.01,0.03,-1.4284999999999286,66,62.121212121212125
1min,6,26,20,0.01,0.01,-1.4300000000000068,272,44.48529411764706
1min,3,15,20,0.02,0.01,-1.4309999999999548,153,30.718954248366014
1min,9,15,10,0.02,0.02,-1.440499999999929,96,43.75
1min,6,60,30,0.01,0.01,-1.4405000000000427,352,45.45454545454545
1min,3,26,10,0.01,0.02,-1.4409999999999457,395,62.53164556962025
1min,12,20,30,0.01,0.03,-1.4489999999999696,23,47.82608695652174
1min,12,26,20,0.05,0.01,-1.4519999999999413,96,14.583333333333334
1min,6,26,30,0.02,0.03,-1.4549999999999557,73,52.054794520547944
1min,12,26,20,0.01,0.01,-1.4585000000000434,149,40.939597315436245
1min,3,20,30,0.01,0.01,-1.4594999999999771,135,40.74074074074074
0.5min,12,60,10,0.01,0.02,-1.462999999999795,462,62.55411255411255
0.5min,12,20,20,0.05,0.03,-1.4654999999999916,16,18.75
0.5min,3,60,30,0.01,0.01,-1.4704999999998734,359,44.84679665738162
0.5min,12,20,30,0.03,0.02,-1.492999999999995,14,14.285714285714285
1min,3,20,20,0.01,0.02,-1.4939999999998719,191,59.68586387434554
1min,3,10,10,0.02,0.02,-1.4959999999998672,183,46.44808743169399
0.5min,6,20,10,0.03,0.03,-1.4984999999999786,150,46.666666666666664
1min,6,26,30,0.01,0.01,-1.4984999999999928,136,39.705882352941174
1min,6,26,30,0.03,0.01,-1.5009999999999195,101,21.782178217821784
1min,3,50,20,0.01,0.02,-1.506999999999934,358,62.290502793296085
1min,9,20,20,0.01,0.01,-1.512999999999991,109,38.53211009174312
0.5min,6,26,10,0.01,0.01,-1.5144999999998277,493,46.24746450304259
1min,3,50,10,0.01,0.01,-1.514999999999901,608,47.03947368421053
0.5min,12,50,30,0.01,0.01,-1.516999999999939,187,41.711229946524064
1min,9,60,20,0.01,0.02,-1.5384999999999707,347,61.95965417867435
0.5min,3,50,20,0.01,0.02,-1.5449999999997743,355,61.97183098591549
1min,9,20,50,0.05,0.03,-1.5545000000000044,7,0.0
0.5min,12,60,20,0.01,0.03,-1.5554999999997818,255,69.41176470588235
1min,12,50,50,0.01,0.02,-1.5580000000000211,93,54.83870967741935
0.5min,12,50,30,0.01,0.02,-1.56299999999996,132,56.81818181818182
1min,6,50,20,0.01,0.02,-1.571499999999858,322,61.49068322981367
0.5min,12,20,30,0.01,0.03,-1.5740000000000123,17,41.17647058823529
1min,3,20,10,0.03,0.01,-1.5749999999999174,305,24.262295081967213
1min,9,20,10,0.01,0.03,-1.576000000000036,205,68.78048780487805
0.5min,3,60,20,0.01,0.02,-1.57649999999974,398,62.06030150753769
1min,12,20,30,0.05,0.03,-1.576999999999984,15,20.0
1min,6,15,10,0.01,0.03,-1.5779999999998893,197,68.52791878172589
0.5min,3,26,20,0.01,0.03,-1.5834999999999013,222,68.91891891891892
1min,9,20,20,0.02,0.02,-1.5844999999999203,73,41.0958904109589
0.5min,12,50,50,0.05,0.03,-1.5864999999999865,24,25.0
1min,9,26,30,0.01,0.02,-1.5895000000000152,75,53.333333333333336
1min,12,26,20,0.05,0.03,-1.594499999999968,48,31.25
1min,6,26,10,0.01,0.03,-1.596999999999909,300,70.33333333333334
0.5min,12,20,30,0.02,0.02,-1.597999999999999,16,18.75
0.5min,3,60,30,0.01,0.02,-1.6034999999998263,264,60.60606060606061
1min,3,10,10,0.03,0.01,-1.6054999999998643,210,23.333333333333332
1min,9,20,20,0.02,0.03,-1.6109999999999756,62,50.0
1min,3,20,10,0.02,0.01,-1.6144999999999643,354,32.20338983050847
1min,9,15,30,0.05,0.03,-1.6145000000000065,10,10.0
1min,9,20,20,0.02,0.01,-1.6159999999999144,96,27.083333333333332
1min,12,60,50,0.02,0.03,-1.6169999999999618,84,52.38095238095239
0.5min,6,50,20,0.01,0.02,-1.6204999999998222,304,60.85526315789473
1min,12,20,30,0.03,0.03,-1.6255000000000024,20,30.0
1min,12,26,20,0.03,0.01,-1.6394999999999271,111,21.62162162162162
1min,3,60,30,0.01,0.01,-1.642499999999998,369,45.25745257452575
1min,3,10,10,0.02,0.03,-1.6659999999999402,169,55.62130177514793
1min,9,20,20,0.01,0.02,-1.6799999999999926,85,54.11764705882353
1min,9,15,10,0.01,0.02,-1.6844999999999857,116,56.03448275862068
1min,3,26,30,0.01,0.01,-1.686499999999981,180,41.66666666666667
1min,6,50,20,0.01,0.03,-1.6894999999998817,276,69.92753623188406
1min,3,20,20,0.01,0.03,-1.699499999999901,182,68.13186813186813
1min,12,50,50,0.02,0.02,-1.702999999999932,79,41.77215189873418
1min,9,15,10,0.01,0.01,-1.703000000000017,156,40.38461538461539
1min,6,20,10,0.01,0.02,-1.7054999999998586,288,61.111111111111114
1min,9,20,10,0.01,0.01,-1.713000000000022,327,44.64831804281346
0.5min,3,10,10,0.03,0.01,-1.7169999999999703,188,23.404255319148938
0.5min,6,26,10,0.01,0.03,-1.726499999999831,331,70.09063444108762
1min,12,26,20,0.02,0.01,-1.7369999999999237,128,28.90625
0.5min,9,20,10,0.01,0.03,-1.739999999999867,177,67.2316384180791
1min,6,26,10,0.01,0.02,-1.773999999999788,345,61.73913043478261
0.5min,3,15,10,0.01,0.02,-1.77699999999993,343,61.51603498542274
1min,12,20,10,0.05,0.01,-1.7924999999999616,118,14.40677966101695
1min,12,20,10,0.01,0.01,-1.801500000000061,212,42.45283018867924
0.5min,3,20,10,0.01,0.02,-1.8039999999998457,385,61.81818181818181
0.5min,12,26,30,0.05,0.03,-1.817000000000007,20,20.0
1min,9,20,20,0.01,0.03,-1.8205000000000238,77,62.33766233766234
1min,9,15,10,0.03,0.01,-1.8264999999999105,114,21.052631578947366
1min,3,20,20,0.02,0.01,-1.8434999999999064,208,30.76923076923077
1min,3,26,20,0.02,0.01,-1.8459999999999044,259,31.27413127413127
1min,12,20,30,0.02,0.03,-1.8509999999999707,22,36.36363636363637
0.5min,6,20,10,0.01,0.02,-1.85549999999985,290,60.689655172413794
1min,12,50,50,0.01,0.03,-1.8700000000000474,82,62.19512195121951
0.5min,3,26,10,0.01,0.01,-1.8709999999997962,566,46.28975265017668
1min,3,15,20,0.01,0.02,-1.8724999999999312,136,56.61764705882353
0.5min,12,15,10,0.05,0.03,-1.8760000000000048,14,14.285714285714285
0.5min,3,20,10,0.03,0.01,-1.8859999999999246,311,24.437299035369776
0.5min,12,20,30,0.05,0.03,-1.8859999999999815,11,9.090909090909092
0.5min,3,26,10,0.01,0.02,-1.891499999999837,425,61.882352941176464
1min,3,20,30,0.01,0.03,-1.894499999999951,99,63.63636363636363
1min,9,15,10,0.01,0.03,-1.9115000000000322,102,63.725490196078425
1min,3,10,20,0.01,0.01,-1.9199999999999873,109,36.69724770642202
1min,12,20,10,0.03,0.01,-1.923499999999919,142,21.830985915492956
1min,12,20,10,0.02,0.01,-1.9234999999999332,174,29.88505747126437
1min,12,26,20,0.03,0.03,-1.9235000000000182,65,41.53846153846154
1min,9,20,20,0.03,0.01,-1.9244999999999381,86,18.6046511627907
0.5min,12,50,10,0.01,0.03,-1.9619999999997477,365,70.13698630136986
1min,9,50,20,0.01,0.03,-1.9635000000000389,251,69.32270916334662
1min,12,50,50,0.02,0.03,-1.986000000000004,65,49.23076923076923
0.5min,3,15,10,0.03,0.01,-1.9964999999999975,271,23.985239852398525
1min,12,26,10,0.01,0.03,-2.000999999999962,226,68.58407079646017
1min,6,26,30,0.01,0.03,-2.002500000000026,93,62.365591397849464
1min,12,60,50,0.01,0.03,-2.0065000000000026,113,64.60176991150442
1min,3,60,30,0.01,0.03,-2.0194999999999084,253,69.1699604743083
1min,3,50,20,0.01,0.03,-2.0249999999999346,315,70.15873015873015
0.5min,3,60,10,0.01,0.03,-2.0534999999997865,473,70.82452431289641
0.5min,9,50,20,0.01,0.03,-2.064499999999839,241,68.46473029045643
1min,6,26,10,0.01,0.01,-2.081499999999963,470,45.744680851063826
0.5min,3,26,10,0.01,0.03,-2.093499999999807,397,70.27707808564232
1min,12,26,20,0.01,0.02,-2.098000000000013,114,54.385964912280706
1min,6,50,20,0.01,0.01,-2.1019999999999754,440,45.22727272727273
1min,9,15,10,0.02,0.01,-2.119499999999917,132,28.030303030303028
0.5min,12,50,30,0.01,0.03,-2.146999999999906,108,62.96296296296296
1min,9,26,10,0.01,0.02,-2.1474999999999795,302,60.59602649006622
0.5min,3,10,10,0.01,0.03,-2.1534999999999513,233,68.24034334763948
1min,12,26,20,0.02,0.02,-2.156999999999911,94,41.48936170212766
1min,3,26,10,0.01,0.03,-2.1599999999999255,348,70.11494252873564
1min,6,15,10,0.01,0.01,-2.163999999999902,289,43.25259515570934
1min,3,10,20,0.01,0.03,-2.180999999999969,82,60.97560975609756
1min,3,60,20,0.01,0.01,-2.1864999999999384,502,45.81673306772908
0.5min,3,50,10,0.01,0.01,-2.187999999999832,748,46.524064171122994
1min,3,26,10,0.01,0.01,-2.1934999999999576,504,45.83333333333333
0.5min,6,20,10,0.01,0.01,-2.194999999999837,395,44.55696202531645
1min,9,26,10,0.01,0.01,-2.260500000000107,429,44.988344988344984
0.5min,3,60,10,0.01,0.01,-2.2699999999998255,788,46.7005076142132
0.5min,9,26,10,0.01,0.03,-2.2859999999998735,251,68.52589641434263
1min,3,15,10,0.01,0.02,-2.290999999999812,312,60.57692307692307
1min,3,15,10,0.01,0.03,-2.3094999999998294,293,69.28327645051195
1min,3,50,30,0.01,0.03,-2.3124999999999005,230,68.26086956521739
0.5min,12,50,20,0.01,0.03,-2.316999999999851,216,67.5925925925926
1min,9,26,10,0.01,0.03,-2.3359999999999985,260,68.84615384615384
1min,12,26,20,0.01,0.03,-2.3390000000000697,102,62.745098039215684
1min,6,20,10,0.01,0.01,-2.3454999999999586,396,44.696969696969695
1min,6,20,10,0.01,0.03,-2.37999999999991,262,68.70229007633588
1min,12,26,20,0.02,0.03,-2.384500000000017,80,50.0
1min,9,50,20,0.01,0.02,-2.3924999999999557,300,60.333333333333336
1min,9,50,20,0.01,0.01,-2.3940000000000907,426,44.835680751173705
0.5min,6,26,10,0.01,0.02,-2.39799999999984,356,60.95505617977528
1min,3,10,10,0.02,0.01,-2.4419999999998367,237,29.957805907172997
0.5min,3,20,10,0.01,0.03,-2.4489999999998133,365,69.86301369863014
0.5min,3,50,20,0.01,0.03,-2.4779999999997813,329,69.30091185410335
0.5min,9,60,20,0.01,0.03,-2.4919999999998765,276,68.47826086956522
0.5min,6,15,10,0.01,0.03,-2.4974999999999454,199,66.83417085427136
1min,3,15,20,0.01,0.01,-2.503999999999948,170,38.82352941176471
1min,3,50,20,0.01,0.01,-2.5539999999998884,455,45.05494505494506
0.5min,3,60,20,0.01,0.03,-2.563499999999749,363,69.42148760330579
0.5min,3,50,10,0.01,0.03,-2.6139999999998196,462,70.34632034632034
1min,3,15,20,0.01,0.03,-2.6664999999999566,129,63.565891472868216
0.5min,6,20,10,0.01,0.03,-2.6679999999998216,267,68.16479400749064
1min,3,26,20,0.01,0.02,-2.672499999999843,246,58.536585365853654
0.5min,6,60,20,0.01,0.03,-2.722499999999755,305,68.52459016393443
1min,3,10,10,0.01,0.02,-2.744999999999834,226,58.4070796460177
0.5min,3,20,10,0.01,0.01,-2.7984999999997626,495,44.84848484848485
0.5min,6,50,20,0.01,0.03,-2.8139999999998366,274,67.88321167883211
0.5min,3,15,10,0.01,0.01,-2.836999999999904,425,44.0
0.5min,3,15,10,0.01,0.03,-2.8664999999998884,326,69.01840490797547
1min,3,20,20,0.01,0.01,-2.9479999999999222,239,40.1673640167364
1min,3,15,10,0.01,0.01,-3.0204999999998705,385,43.63636363636363
1min,3,26,20,0.01,0.03,-3.054499999999905,231,67.09956709956711
0.5min,3,60,30,0.01,0.03,-3.1159999999998576,247,67.20647773279353
1min,3,20,10,0.01,0.02,-3.188499999999863,352,60.22727272727273
1min,3,26,20,0.01,0.01,-3.2554999999999126,312,41.66666666666667
1min,3,20,10,0.01,0.03,-3.3794999999998936,326,68.71165644171779
1min,3,20,10,0.01,0.01,-3.503999999999891,449,43.652561247216035
1min,3,10,10,0.01,0.03,-3.575499999999891,218,66.05504587155964
1min,3,10,10,0.01,0.01,-3.7539999999998486,278,39.92805755395683
