fast,slow,confirm,band_mode,atr_k,band_bps,tp_pct,sl_pct,trend_ema,cooldown,fee_bps,size,trades,freq_per_hour,total_pnl,avg_pnl,win_rate,profit_factor,mdd,sharpe
9,26,1,bps,0.0,50.0,0.02,0.01,200,0,0.0,10.0,47338,10.958081753120236,2027.7669999999896,0.0428359246271492,0.4974016646246145,1.0298795654734956,-0.0533659566855359,3.400769735912977
9,26,1,bps,0.0,50.0,0.02,0.01,200,1,0.0,10.0,47338,10.958081753120236,2027.7669999999896,0.0428359246271492,0.4974016646246145,1.0298795654734956,-0.0533659566855359,3.400769735912977
9,26,1,bps,0.0,50.0,0.02,0.01,0,0,0.0,10.0,47565,11.010629063060628,1771.651999999981,0.037246967307894,0.4972984337222748,1.025860841809045,-0.0726443034594188,2.89544357505294
9,26,1,bps,0.0,50.0,0.02,0.01,0,1,0.0,10.0,47565,11.010629063060628,1771.651999999981,0.037246967307894,0.4972984337222748,1.025860841809045,-0.0726443034594188,2.89544357505294
9,26,1,bps,0.0,50.0,0.015,0.01,200,0,0.0,10.0,47599,11.018499585254345,1608.7194999999997,0.0337973381793735,0.4973213722977374,1.023520053618113,-0.0715732212218973,2.651812851945407
9,26,1,bps,0.0,50.0,0.015,0.01,200,1,0.0,10.0,47599,11.018499585254345,1608.7194999999997,0.0337973381793735,0.4973213722977374,1.023520053618113,-0.0715732212218973,2.651812851945407
21,26,2,atr_pct,0.6,0.0,0.015,0.015,200,0,0.0,10.0,48155,11.147205771716274,1576.1344999999867,0.0327304433599831,0.4942165922541792,1.0235715188585368,-0.0367329236572053,2.6615556478629787
21,26,2,atr_pct,0.6,0.0,0.015,0.015,200,1,0.0,10.0,48155,11.147205771716274,1576.1344999999867,0.0327304433599831,0.4942165922541792,1.0235715188585368,-0.0367329236572053,2.6615556478629787
21,26,2,atr_pct,0.6,0.0,0.015,0.015,0,0,0.0,10.0,48179,11.152761434441253,1531.2594999999835,0.0317827165362498,0.4938873783183545,1.0228765079530908,-0.0381888848393073,2.558858645965696
21,26,2,atr_pct,0.6,0.0,0.015,0.015,0,1,0.0,10.0,48179,11.152761434441253,1531.2594999999835,0.0317827165362498,0.4938873783183545,1.0228765079530908,-0.0381888848393073,2.558858645965696
9,26,1,bps,0.0,50.0,0.015,0.01,0,0,0.0,10.0,47595,11.017573641466848,1480.0925000000038,0.0310976468116399,0.497363168400042,1.0215415098746514,-0.0688429101228146,2.4517295832114496
9,26,1,bps,0.0,50.0,0.015,0.01,0,1,0.0,10.0,47595,11.017573641466848,1480.0925000000038,0.0310976468116399,0.497363168400042,1.0215415098746514,-0.0688429101228146,2.4517295832114496
21,55,1,bps,0.0,120.0,0.02,0.015,0,0,0.0,10.0,29026,6.719111093964004,1246.3314999999884,0.0429384517329287,0.4937642113966788,1.029839757751248,-0.0581977853117609,3.027934185505156
21,55,1,bps,0.0,120.0,0.02,0.015,0,1,0.0,10.0,29026,6.719111093964004,1246.3314999999884,0.0429384517329287,0.4937642113966788,1.029839757751248,-0.0581977853117609,3.027934185505156
21,55,1,bps,0.0,120.0,0.02,0.015,200,0,0.0,10.0,29026,6.719111093964004,1246.3314999999884,0.0429384517329287,0.4937642113966788,1.029839757751248,-0.0581977853117609,3.027934185505156
21,55,1,bps,0.0,120.0,0.02,0.015,200,1,0.0,10.0,29026,6.719111093964004,1246.3314999999884,0.0429384517329287,0.4937642113966788,1.029839757751248,-0.0581977853117609,3.027934185505156
21,55,1,bps,0.0,120.0,0.015,0.015,0,0,0.0,10.0,24522,5.676498389243619,1174.528999999971,0.0478969496778391,0.496492945110513,1.0333148775265275,-0.0486286017076117,3.3358723849738325
21,55,1,bps,0.0,120.0,0.015,0.015,0,1,0.0,10.0,24522,5.676498389243619,1174.528999999971,0.0478969496778391,0.496492945110513,1.0333148775265275,-0.0486286017076117,3.3358723849738325
21,55,1,bps,0.0,120.0,0.015,0.015,200,0,0.0,10.0,24522,5.676498389243619,1174.528999999971,0.0478969496778391,0.496492945110513,1.0333148775265275,-0.0486286017076117,3.3358723849738325
21,55,1,bps,0.0,120.0,0.015,0.015,200,1,0.0,10.0,24522,5.676498389243619,1174.528999999971,0.0478969496778391,0.496492945110513,1.0333148775265275,-0.0486286017076117,3.3358723849738325
21,26,2,atr_pct,0.6,0.0,0.02,0.015,200,0,0.0,10.0,48837,11.305079187484326,1128.2349999999808,0.0231020537707062,0.4919425845158384,1.0164466714417189,-0.0523403081978388,1.845285324745643
21,26,2,atr_pct,0.6,0.0,0.02,0.015,200,1,0.0,10.0,48837,11.305079187484326,1128.2349999999808,0.0231020537707062,0.4919425845158384,1.0164466714417189,-0.0523403081978388,1.845285324745643
21,55,1,bps,0.0,50.0,0.015,0.015,0,0,0.0,10.0,50325,11.6495302764328,1122.090500000029,0.0222968802781923,0.4990362642821659,1.0154195251180298,-0.058309983006115,1.797929918085846
21,55,1,bps,0.0,50.0,0.015,0.015,0,1,0.0,10.0,50325,11.6495302764328,1122.090500000029,0.0222968802781923,0.4990362642821659,1.0154195251180298,-0.058309983006115,1.797929918085846
9,26,1,atr_pct,0.6,0.0,0.015,0.015,200,0,0.0,10.0,51692,11.965971565809523,1052.9215000000731,0.0203691383579678,0.4991101137506771,1.0139812299612754,-0.0590522693946892,1.6862731097885824
9,26,1,atr_pct,0.6,0.0,0.015,0.015,200,1,0.0,10.0,51692,11.965971565809523,1052.9215000000731,0.0203691383579678,0.4991101137506771,1.0139812299612754,-0.0590522693946892,1.6862731097885824
21,26,2,atr_pct,0.6,0.0,0.02,0.015,0,0,0.0,10.0,48943,11.329616697852966,1039.1674999999864,0.0212321986800969,0.4916331242465725,1.0150857902313477,-0.0527741077217343,1.708944323451535
21,26,2,atr_pct,0.6,0.0,0.02,0.015,0,1,0.0,10.0,48943,11.329616697852966,1039.1674999999864,0.0212321986800969,0.4916331242465725,1.0150857902313477,-0.0527741077217343,1.708944323451535
9,26,1,bps,0.0,50.0,0.015,0.015,0,0,0.0,10.0,50345,11.65415999537028,935.5065000000488,0.018581914787964,0.4961167941205681,1.0127661392320473,-0.0752107269438727,1.4453832238022672
9,26,1,bps,0.0,50.0,0.015,0.015,0,1,0.0,10.0,50345,11.65415999537028,935.5065000000488,0.018581914787964,0.4961167941205681,1.0127661392320473,-0.0752107269438727,1.4453832238022672
9,26,1,bps,0.0,50.0,0.015,0.015,200,0,0.0,10.0,50343,11.653697023476532,906.463000000049,0.0180057406193522,0.4961166398506247,1.0123701256082307,-0.0754094350623647,1.3990264750117878
9,26,1,bps,0.0,50.0,0.015,0.015,200,1,0.0,10.0,50343,11.653697023476532,906.463000000049,0.0180057406193522,0.4961166398506247,1.0123701256082307,-0.0754094350623647,1.3990264750117878
21,55,1,bps,0.0,50.0,0.015,0.015,200,0,0.0,10.0,50271,11.637030035301606,870.7095000000248,0.0173203138986697,0.498776630661813,1.0119748861856703,-0.0594897999999957,1.409526149545557
21,55,1,bps,0.0,50.0,0.015,0.015,200,1,0.0,10.0,50271,11.637030035301606,870.7095000000248,0.0173203138986697,0.498776630661813,1.0119748861856703,-0.0594897999999957,1.409526149545557
9,26,1,atr_pct,0.6,0.0,0.02,0.01,200,0,0.0,10.0,51425,11.904164817994172,864.5529999999826,0.0168119202722407,0.4952843947496353,1.01154962545772,-0.095806835574096,1.3020918411239484
9,26,1,atr_pct,0.6,0.0,0.02,0.01,200,1,0.0,10.0,51425,11.904164817994172,864.5529999999826,0.0168119202722407,0.4952843947496353,1.01154962545772,-0.095806835574096,1.3020918411239484
9,26,1,atr_pct,0.3,0.0,0.015,0.015,200,0,0.0,10.0,51744,11.978008835046971,853.6370000000534,0.0164973136982075,0.4986471861471861,1.011289366752961,-0.0538570724210591,1.346282799730136
9,26,1,atr_pct,0.3,0.0,0.015,0.015,200,1,0.0,10.0,51744,11.978008835046971,853.6370000000534,0.0164973136982075,0.4986471861471861,1.011289366752961,-0.0538570724210591,1.346282799730136
9,55,1,atr_pct,0.6,0.0,0.015,0.015,200,0,0.0,10.0,51754,11.980323694515713,842.7780000000589,0.0162843065270328,0.4985121922943154,1.0111452865768604,-0.0495430118018479,1.3381661506675049
9,55,1,atr_pct,0.6,0.0,0.015,0.015,200,1,0.0,10.0,51754,11.980323694515713,842.7780000000589,0.0162843065270328,0.4985121922943154,1.0111452865768604,-0.0495430118018479,1.3381661506675049
21,26,1,atr_pct,0.3,0.0,0.015,0.01,0,0,0.0,10.0,50819,11.763884334188544,793.1759999999933,0.0156078632007712,0.4950117082193668,1.0108228521531692,-0.0840063689136528,1.241106909872933
21,26,1,atr_pct,0.3,0.0,0.015,0.01,0,1,0.0,10.0,50819,11.763884334188544,793.1759999999933,0.0156078632007712,0.4950117082193668,1.0108228521531692,-0.0840063689136528,1.241106909872933
21,55,1,bps,0.0,50.0,0.02,0.015,200,0,0.0,10.0,50389,11.664345377032737,745.4270000000151,0.0147934469824766,0.4956835817341086,1.0101942012522005,-0.0621625640547968,1.1228164448233051
21,55,1,bps,0.0,50.0,0.02,0.015,200,1,0.0,10.0,50389,11.664345377032737,745.4270000000151,0.0147934469824766,0.4956835817341086,1.0101942012522005,-0.0621625640547968,1.1228164448233051
21,26,2,atr_pct,1.0,0.0,0.02,0.015,0,0,0.0,10.0,32809,7.594822430988252,731.2454999999892,0.0222879545246727,0.4951385290621475,1.016219394382829,-0.0567260674844024,1.7655185900626122
21,26,2,atr_pct,1.0,0.0,0.02,0.015,0,1,0.0,10.0,32809,7.594822430988252,731.2454999999892,0.0222879545246727,0.4951385290621475,1.016219394382829,-0.0567260674844024,1.7655185900626122
21,26,2,atr_pct,1.0,0.0,0.02,0.015,200,0,0.0,10.0,32809,7.594822430988252,731.2454999999892,0.0222879545246727,0.4951385290621475,1.016219394382829,-0.0567260674844024,1.7655185900626122
21,26,2,atr_pct,1.0,0.0,0.02,0.015,200,1,0.0,10.0,32809,7.594822430988252,731.2454999999892,0.0222879545246727,0.4951385290621475,1.016219394382829,-0.0567260674844024,1.7655185900626122
21,55,1,bps,0.0,120.0,0.015,0.01,0,0,0.0,10.0,12492,2.891722448349698,728.3799999999632,0.0583077169388379,0.4970381043868075,1.0401022028628144,-0.0318715155560018,3.3401368562446137
21,55,1,bps,0.0,120.0,0.015,0.01,0,1,0.0,10.0,12492,2.891722448349698,728.3799999999632,0.0583077169388379,0.4970381043868075,1.0401022028628144,-0.0318715155560018,3.3401368562446137
21,55,1,bps,0.0,120.0,0.015,0.01,200,0,0.0,10.0,12492,2.891722448349698,728.3799999999632,0.0583077169388379,0.4970381043868075,1.0401022028628144,-0.0318715155560018,3.3401368562446137
21,55,1,bps,0.0,120.0,0.015,0.01,200,1,0.0,10.0,12492,2.891722448349698,728.3799999999632,0.0583077169388379,0.4970381043868075,1.0401022028628144,-0.0318715155560018,3.3401368562446137
9,55,1,bps,0.0,120.0,0.02,0.01,0,0,0.0,10.0,37614,8.707112405717702,712.0360000000534,0.0189300792258215,0.4962779816025948,1.0129509079909984,-0.0591842753793672,1.3701549384533995
9,55,1,bps,0.0,120.0,0.02,0.01,0,1,0.0,10.0,37614,8.707112405717702,712.0360000000534,0.0189300792258215,0.4962779816025948,1.0129509079909984,-0.0591842753793672,1.3701549384533995
9,55,1,bps,0.0,120.0,0.02,0.01,200,0,0.0,10.0,37614,8.707112405717702,712.0360000000534,0.0189300792258215,0.4962779816025948,1.0129509079909984,-0.0591842753793672,1.3701549384533995
9,55,1,bps,0.0,120.0,0.02,0.01,200,1,0.0,10.0,37614,8.707112405717702,712.0360000000534,0.0189300792258215,0.4962779816025948,1.0129509079909984,-0.0591842753793672,1.3701549384533995
9,26,1,atr_pct,0.3,0.0,0.015,0.015,0,0,0.0,10.0,51802,11.991435019965662,710.2940000000344,0.0137117099725885,0.4979923555075093,1.0093670080402664,-0.0717562602131411,1.1374562582282828
9,26,1,atr_pct,0.3,0.0,0.015,0.015,0,1,0.0,10.0,51802,11.991435019965662,710.2940000000344,0.0137117099725885,0.4979923555075093,1.0093670080402664,-0.0717562602131411,1.1374562582282828
9,26,1,atr_pct,0.3,0.0,0.02,0.01,0,0,0.0,10.0,51778,11.985879357240687,687.0079999999735,0.0132683379041286,0.4960794159681718,1.009073987987395,-0.1141172275588444,1.094568060276843
9,26,1,atr_pct,0.3,0.0,0.02,0.01,0,1,0.0,10.0,51778,11.985879357240687,687.0079999999735,0.0132683379041286,0.4960794159681718,1.009073987987395,-0.1141172275588444,1.094568060276843
9,26,1,atr_pct,0.3,0.0,0.02,0.01,200,0,0.0,10.0,51559,11.935183934875289,674.7139999999747,0.0130862507030775,0.4959560891405962,1.0089666257340562,-0.0980737148415686,1.017629384277804
9,26,1,atr_pct,0.3,0.0,0.02,0.01,200,1,0.0,10.0,51559,11.935183934875289,674.7139999999747,0.0130862507030775,0.4959560891405962,1.0089666257340562,-0.0980737148415686,1.017629384277804
21,26,1,atr_pct,0.3,0.0,0.02,0.01,0,0,0.0,10.0,50810,11.76180096066668,667.5379999999765,0.0131379256051953,0.4941546939578823,1.0090968047980422,-0.0919768788663043,1.0327363721386744
21,26,1,atr_pct,0.3,0.0,0.02,0.01,0,1,0.0,10.0,50810,11.76180096066668,667.5379999999765,0.0131379256051953,0.4941546939578823,1.0090968047980422,-0.0919768788663043,1.0327363721386744
9,26,1,bps,0.0,120.0,0.015,0.015,0,0,0.0,10.0,13759,3.185015143039025,663.8474999999902,0.0482482375172607,0.5008358165564358,1.0336658660480929,-0.031034424050843,3.377329564858069
9,26,1,bps,0.0,120.0,0.015,0.015,0,1,0.0,10.0,13759,3.185015143039025,663.8474999999902,0.0482482375172607,0.5008358165564358,1.0336658660480929,-0.031034424050843,3.377329564858069
9,26,1,bps,0.0,120.0,0.015,0.015,200,0,0.0,10.0,13759,3.185015143039025,663.8474999999902,0.0482482375172607,0.5008358165564358,1.0336658660480929,-0.031034424050843,3.377329564858069
9,26,1,bps,0.0,120.0,0.015,0.015,200,1,0.0,10.0,13759,3.185015143039025,663.8474999999902,0.0482482375172607,0.5008358165564358,1.0336658660480929,-0.031034424050843,3.377329564858069
21,26,2,atr_pct,1.0,0.0,0.015,0.01,0,0,0.0,10.0,21391,4.951715889581203,661.9494999999811,0.0309452339769052,0.4988546585012388,1.0240178272316678,-0.0407335644452289,2.386953134299311
21,26,2,atr_pct,1.0,0.0,0.015,0.01,0,1,0.0,10.0,21391,4.951715889581203,661.9494999999811,0.0309452339769052,0.4988546585012388,1.0240178272316678,-0.0407335644452289,2.386953134299311
21,26,2,atr_pct,1.0,0.0,0.015,0.01,200,0,0.0,10.0,21391,4.951715889581203,661.9494999999811,0.0309452339769052,0.4988546585012388,1.0240178272316678,-0.0407335644452289,2.386953134299311
21,26,2,atr_pct,1.0,0.0,0.015,0.01,200,1,0.0,10.0,21391,4.951715889581203,661.9494999999811,0.0309452339769052,0.4988546585012388,1.0240178272316678,-0.0407335644452289,2.386953134299311
21,55,1,bps,0.0,120.0,0.02,0.01,0,0,0.0,10.0,14928,3.4556222149347016,642.3319999999687,0.04302867095391,0.495042872454448,1.0302125108840503,-0.0293265655334741,2.550372482502006
21,55,1,bps,0.0,120.0,0.02,0.01,0,1,0.0,10.0,14928,3.4556222149347016,642.3319999999687,0.04302867095391,0.495042872454448,1.0302125108840503,-0.0293265655334741,2.550372482502006
21,55,1,bps,0.0,120.0,0.02,0.01,200,0,0.0,10.0,14928,3.4556222149347016,642.3319999999687,0.04302867095391,0.495042872454448,1.0302125108840503,-0.0293265655334741,2.550372482502006
21,55,1,bps,0.0,120.0,0.02,0.01,200,1,0.0,10.0,14928,3.4556222149347016,642.3319999999687,0.04302867095391,0.495042872454448,1.0302125108840503,-0.0293265655334741,2.550372482502006
21,26,2,atr_pct,1.0,0.0,0.015,0.015,0,0,0.0,10.0,31319,7.249908370146029,638.5259999999784,0.0203878157029272,0.4948114563044797,1.015090429349309,-0.0567753241046564,1.702002969534854
21,26,2,atr_pct,1.0,0.0,0.015,0.015,0,1,0.0,10.0,31319,7.249908370146029,638.5259999999784,0.0203878157029272,0.4948114563044797,1.015090429349309,-0.0567753241046564,1.702002969534854
21,26,2,atr_pct,1.0,0.0,0.015,0.015,200,0,0.0,10.0,31319,7.249908370146029,638.5259999999784,0.0203878157029272,0.4948114563044797,1.015090429349309,-0.0567753241046564,1.702002969534854
21,26,2,atr_pct,1.0,0.0,0.015,0.015,200,1,0.0,10.0,31319,7.249908370146029,638.5259999999784,0.0203878157029272,0.4948114563044797,1.015090429349309,-0.0567753241046564,1.702002969534854
9,26,1,atr_pct,0.3,0.0,0.015,0.01,200,0,0.0,10.0,51603,11.94536931653774,607.8374999999829,0.0117791116795531,0.4970641241788268,1.0080739428177488,-0.1128007076807443,0.931234873132624
9,26,1,atr_pct,0.3,0.0,0.015,0.01,200,1,0.0,10.0,51603,11.94536931653774,607.8374999999829,0.0117791116795531,0.4970641241788268,1.0080739428177488,-0.1128007076807443,0.931234873132624
21,26,1,atr_pct,0.3,0.0,0.015,0.01,200,0,0.0,10.0,50545,11.700457184745074,591.0779999999972,0.0116940943713522,0.4938371747947374,1.0081049507185982,-0.0651781569481326,0.8934558633337326
21,26,1,atr_pct,0.3,0.0,0.015,0.01,200,1,0.0,10.0,50545,11.700457184745074,591.0779999999972,0.0116940943713522,0.4938371747947374,1.0081049507185982,-0.0651781569481326,0.8934558633337326
21,26,1,atr_pct,0.3,0.0,0.02,0.01,200,0,0.0,10.0,50540,11.699299755010706,572.4009999999738,0.011325702413929,0.4933913731697665,1.0078438346231486,-0.0660349608500443,0.8554099281802228
21,26,1,atr_pct,0.3,0.0,0.02,0.01,200,1,0.0,10.0,50540,11.699299755010706,572.4009999999738,0.011325702413929,0.4933913731697665,1.0078438346231486,-0.0660349608500443,0.8554099281802228
21,55,1,atr_pct,0.6,0.0,0.015,0.015,200,0,0.0,10.0,51670,11.960878874978295,563.1605000000576,0.0108991774724222,0.4978711050899942,1.0074657615245326,-0.0584472023429122,0.8818348393882904
21,55,1,atr_pct,0.6,0.0,0.015,0.015,200,1,0.0,10.0,51670,11.960878874978295,563.1605000000576,0.0108991774724222,0.4978711050899942,1.0074657615245326,-0.0584472023429122,0.8818348393882904
9,26,1,atr_pct,0.3,0.0,0.02,0.015,200,0,0.0,10.0,51747,11.978703292887593,541.8040000000748,0.0104702494830632,0.4963379519585676,1.0071478947072496,-0.0762196936411536,0.8190873995693246
9,26,1,atr_pct,0.3,0.0,0.02,0.015,200,1,0.0,10.0,51747,11.978703292887593,541.8040000000748,0.0104702494830632,0.4963379519585676,1.0071478947072496,-0.0762196936411536,0.8190873995693246
9,26,1,atr_pct,0.3,0.0,0.015,0.01,0,0,0.0,10.0,51781,11.986573815081307,525.3449999999696,0.0101455166953123,0.4966107259419478,1.0069367042784374,-0.1186212597595864,0.8596878692655981
9,26,1,atr_pct,0.3,0.0,0.015,0.01,0,1,0.0,10.0,51781,11.986573815081307,525.3449999999696,0.0101455166953123,0.4966107259419478,1.0069367042784374,-0.1186212597595864,0.8596878692655981
9,26,1,atr_pct,1.0,0.0,0.015,0.015,200,0,0.0,10.0,51599,11.944443372750245,511.1860000000369,0.0099068974204933,0.4968507141611271,1.0067938690908778,-0.0605247942962082,0.7886577269452824
9,26,1,atr_pct,1.0,0.0,0.015,0.015,200,1,0.0,10.0,51599,11.944443372750245,511.1860000000369,0.0099068974204933,0.4968507141611271,1.0067938690908778,-0.0605247942962082,0.7886577269452824
21,55,1,bps,0.0,50.0,0.02,0.015,0,0,0.0,10.0,50395,11.66573429271398,460.36300000001467,0.0091350927671398,0.4954261335449945,1.0062771911042765,-0.0686135014441197,0.7006736091882719
21,55,1,bps,0.0,50.0,0.02,0.015,0,1,0.0,10.0,50395,11.66573429271398,460.36300000001467,0.0091350927671398,0.4954261335449945,1.0062771911042765,-0.0686135014441197,0.7006736091882719
9,26,1,atr_pct,0.6,0.0,0.015,0.015,0,0,0.0,10.0,51737,11.976388433418853,445.6395000000768,0.0086135550959676,0.4976322554458124,1.0058840430788922,-0.0610255232465207,0.7033061165816037
9,26,1,atr_pct,0.6,0.0,0.015,0.015,0,1,0.0,10.0,51737,11.976388433418853,445.6395000000768,0.0086135550959676,0.4976322554458124,1.0058840430788922,-0.0610255232465207,0.7033061165816037
21,55,1,atr_pct,0.6,0.0,0.02,0.01,200,0,0.0,10.0,51416,11.902081444472309,434.1750000000118,0.0084443558425395,0.4947098179555002,1.0058094670622992,-0.1118955813897746,0.6249707945438554
21,55,1,atr_pct,0.6,0.0,0.02,0.01,200,1,0.0,10.0,51416,11.902081444472309,434.1750000000118,0.0084443558425395,0.4947098179555002,1.0058094670622992,-0.1118955813897746,0.6249707945438554
21,26,2,atr_pct,0.6,0.0,0.015,0.01,0,0,0.0,10.0,44702,10.347884797160438,431.47000000001015,0.0096521408438103,0.4934902241510447,1.0070818098313714,-0.052302265527877,0.7645063337356044
21,26,2,atr_pct,0.6,0.0,0.015,0.01,0,1,0.0,10.0,44702,10.347884797160438,431.47000000001015,0.0096521408438103,0.4934902241510447,1.0070818098313714,-0.052302265527877,0.7645063337356044
9,26,1,atr_pct,1.0,0.0,0.02,0.015,200,0,0.0,10.0,51621,11.949536063581473,422.5410000000557,0.0081854477828801,0.4953797872958679,1.005605169202313,-0.0707141055720259,0.637226188636553
9,26,1,atr_pct,1.0,0.0,0.02,0.015,200,1,0.0,10.0,51621,11.949536063581473,422.5410000000557,0.0081854477828801,0.4953797872958679,1.005605169202313,-0.0707141055720259,0.637226188636553
21,26,2,atr_pct,1.0,0.0,0.02,0.01,0,0,0.0,10.0,21683,5.019309786068404,421.4699999999951,0.0194378084213436,0.4974403910897938,1.0148266603101557,-0.0450803234115685,1.4238141379951943
21,26,2,atr_pct,1.0,0.0,0.02,0.01,0,1,0.0,10.0,21683,5.019309786068404,421.4699999999951,0.0194378084213436,0.4974403910897938,1.0148266603101557,-0.0450803234115685,1.4238141379951943
21,26,2,atr_pct,1.0,0.0,0.02,0.01,200,0,0.0,10.0,21683,5.019309786068404,421.4699999999951,0.0194378084213436,0.4974403910897938,1.0148266603101557,-0.0450803234115685,1.4238141379951943
21,26,2,atr_pct,1.0,0.0,0.02,0.01,200,1,0.0,10.0,21683,5.019309786068404,421.4699999999951,0.0194378084213436,0.4974403910897938,1.0148266603101557,-0.0450803234115685,1.4238141379951943
21,55,2,atr_pct,1.0,0.0,0.02,0.01,200,0,0.0,10.0,50743,11.746291402226122,399.23800000002575,0.0078678438405302,0.4943144867272333,1.0054719535619003,-0.0878180215148877,0.6123346735507202
21,55,2,atr_pct,1.0,0.0,0.02,0.01,200,1,0.0,10.0,50743,11.746291402226122,399.23800000002575,0.0078678438405302,0.4943144867272333,1.0054719535619003,-0.0878180215148877,0.6123346735507202
21,55,1,bps,0.0,50.0,0.015,0.01,200,0,0.0,10.0,47634,11.026601593394934,391.304500000015,0.0082148150480752,0.4952764831842801,1.0057227998036575,-0.1134070220483001,0.6154779138224736
21,55,1,bps,0.0,50.0,0.015,0.01,200,1,0.0,10.0,47634,11.026601593394934,391.304500000015,0.0082148150480752,0.4952764831842801,1.0057227998036575,-0.1134070220483001,0.6154779138224736
9,26,1,atr_pct,0.6,0.0,0.015,0.01,200,0,0.0,10.0,51431,11.905553733675417,386.65300000000445,0.0075178977659389,0.4957904765608291,1.0051542805571316,-0.1177825454607183,0.5928603471980155
9,26,1,atr_pct,0.6,0.0,0.015,0.01,200,1,0.0,10.0,51431,11.905553733675417,386.65300000000445,0.0075178977659389,0.4957904765608291,1.0051542805571316,-0.1177825454607183,0.5928603471980155
9,26,1,atr_pct,1.0,0.0,0.02,0.01,200,0,0.0,10.0,51154,11.841432126391329,386.6239999999883,0.0075580404269458,0.493568440395668,1.0052015708253097,-0.1043774156018279,0.5684904756297589
9,26,1,atr_pct,1.0,0.0,0.02,0.01,200,1,0.0,10.0,51154,11.841432126391329,386.6239999999883,0.0075580404269458,0.493568440395668,1.0052015708253097,-0.1043774156018279,0.5684904756297589
21,55,1,bps,0.0,50.0,0.015,0.01,0,0,0.0,10.0,47648,11.02984239665117,382.4835000000152,0.0080272729180661,0.4953198455339154,1.005588127995713,-0.1134594228289566,0.6016697756069681
21,55,1,bps,0.0,50.0,0.015,0.01,0,1,0.0,10.0,47648,11.02984239665117,382.4835000000152,0.0080272729180661,0.4953198455339154,1.005588127995713,-0.1134594228289566,0.6016697756069681
9,26,1,atr_pct,1.0,0.0,0.015,0.01,200,0,0.0,10.0,51178,11.846987789116302,369.0380000000083,0.007210871859002,0.4949001524092383,1.0049669015001996,-0.1176635850225668,0.5647597093704365
9,26,1,atr_pct,1.0,0.0,0.015,0.01,200,1,0.0,10.0,51178,11.846987789116302,369.0380000000083,0.007210871859002,0.4949001524092383,1.0049669015001996,-0.1176635850225668,0.5647597093704365
9,55,1,atr_pct,0.6,0.0,0.015,0.015,0,0,0.0,10.0,51805,11.992129477806284,358.33400000005355,0.006916977125761,0.4974423318212527,1.0047139379484682,-0.0589011822974815,0.5614274435218362
9,55,1,atr_pct,0.6,0.0,0.015,0.015,0,1,0.0,10.0,51805,11.992129477806284,358.33400000005355,0.006916977125761,0.4974423318212527,1.0047139379484682,-0.0589011822974815,0.5614274435218362
21,55,2,atr_pct,1.0,0.0,0.015,0.01,200,0,0.0,10.0,50681,11.731939273519936,356.87200000000405,0.0070415343027959,0.4945837690653302,1.0049082225160266,-0.0781175597438719,0.5609837308936177
21,55,2,atr_pct,1.0,0.0,0.015,0.01,200,1,0.0,10.0,50681,11.731939273519936,356.87200000000405,0.0070415343027959,0.4945837690653302,1.0049082225160266,-0.0781175597438719,0.5609837308936177
9,26,1,atr_pct,0.3,0.0,0.02,0.015,0,0,0.0,10.0,51804,11.99189799185941,341.7455000000612,0.0065968940622357,0.4959269554474558,1.0044948110159615,-0.1008923234967277,0.5146053770417702
9,26,1,atr_pct,0.3,0.0,0.02,0.015,0,1,0.0,10.0,51804,11.99189799185941,341.7455000000612,0.0065968940622357,0.4959269554474558,1.0044948110159615,-0.1008923234967277,0.5146053770417702
21,26,2,atr_pct,0.6,0.0,0.015,0.01,200,0,0.0,10.0,44574,10.31825459596057,333.9085000000114,0.0074911046798584,0.4932023152510432,1.0054898718635037,-0.0531510671431754,0.6003256637032728
21,26,2,atr_pct,0.6,0.0,0.015,0.01,200,1,0.0,10.0,44574,10.31825459596057,333.9085000000114,0.0074911046798584,0.4932023152510432,1.0054898718635037,-0.0531510671431754,0.6003256637032728
9,55,1,bps,0.0,120.0,0.015,0.01,0,0,0.0,10.0,37481,8.676324774783463,333.5235000000405,0.0088984685574034,0.4950775059363411,1.0060808894574933,-0.0757475071071899,0.6408646813672239
9,55,1,bps,0.0,120.0,0.015,0.01,0,1,0.0,10.0,37481,8.676324774783463,333.5235000000405,0.0088984685574034,0.4950775059363411,1.0060808894574933,-0.0757475071071899,0.6408646813672239
9,55,1,bps,0.0,120.0,0.015,0.01,200,0,0.0,10.0,37481,8.676324774783463,333.5235000000405,0.0088984685574034,0.4950775059363411,1.0060808894574933,-0.0757475071071899,0.6408646813672239
9,55,1,bps,0.0,120.0,0.015,0.01,200,1,0.0,10.0,37481,8.676324774783463,333.5235000000405,0.0088984685574034,0.4950775059363411,1.0060808894574933,-0.0757475071071899,0.6408646813672239
21,55,1,atr_pct,0.6,0.0,0.015,0.01,200,0,0.0,10.0,51417,11.902312930419182,333.24500000000376,0.0064812221638758,0.4961394091448353,1.0044577738676306,-0.1124033057982544,0.4906297332368411
21,55,1,atr_pct,0.6,0.0,0.015,0.01,200,1,0.0,10.0,51417,11.902312930419182,333.24500000000376,0.0064812221638758,0.4961394091448353,1.0044577738676306,-0.1124033057982544,0.4906297332368411
21,55,1,atr_pct,1.0,0.0,0.015,0.015,200,0,0.0,10.0,51531,11.928702328362816,299.32850000002503,0.0058087073800241,0.496400225107217,1.0039812486015254,-0.0592689536652688,0.4666534771760594
21,55,1,atr_pct,1.0,0.0,0.015,0.015,200,1,0.0,10.0,51531,11.928702328362816,299.32850000002503,0.0058087073800241,0.496400225107217,1.0039812486015254,-0.0592689536652688,0.4666534771760594
9,26,1,atr_pct,0.6,0.0,0.02,0.01,0,0,0.0,10.0,51656,11.957638071722062,292.7749999999827,0.0056677830261728,0.4931469722781477,1.0038740575547005,-0.1054886255890261,0.4528733876482372
9,26,1,atr_pct,0.6,0.0,0.02,0.01,0,1,0.0,10.0,51656,11.957638071722062,292.7749999999827,0.0056677830261728,0.4931469722781477,1.0038740575547005,-0.1054886255890261,0.4528733876482372
21,26,1,atr_pct,0.3,0.0,0.02,0.015,200,0,0.0,10.0,51444,11.908563050984778,265.92299999997465,0.0051691742477251,0.4929826607573284,1.0035461570296944,-0.0762747511054784,0.4204748820279087
21,26,1,atr_pct,0.3,0.0,0.02,0.015,200,1,0.0,10.0,51444,11.908563050984778,265.92299999997465,0.0051691742477251,0.4929826607573284,1.0035461570296944,-0.0762747511054784,0.4204748820279087
9,26,1,bps,0.0,50.0,0.02,0.015,0,0,0.0,10.0,50411,11.669438067863965,241.58100000003685,0.0047922278867714,0.4936620975580726,1.0032733127756923,-0.1112747260715446,0.3799397629589331
9,26,1,bps,0.0,50.0,0.02,0.015,0,1,0.0,10.0,50411,11.669438067863965,241.58100000003685,0.0047922278867714,0.4936620975580726,1.0032733127756923,-0.1112747260715446,0.3799397629589331
9,26,1,bps,0.0,50.0,0.02,0.015,200,0,0.0,10.0,50411,11.669438067863965,241.58100000003685,0.0047922278867714,0.4936620975580726,1.0032733127756923,-0.1112747260715446,0.3799397629589331
9,26,1,bps,0.0,50.0,0.02,0.015,200,1,0.0,10.0,50411,11.669438067863965,241.58100000003685,0.0047922278867714,0.4936620975580726,1.0032733127756923,-0.1112747260715446,0.3799397629589331
9,26,1,bps,0.0,120.0,0.02,0.015,0,0,0.0,10.0,14521,3.3614074345569933,232.3524999999784,0.0160011362853783,0.4972109358859582,1.0107355594937064,-0.0549733289907241,1.0837668853915103
9,26,1,bps,0.0,120.0,0.02,0.015,0,1,0.0,10.0,14521,3.3614074345569933,232.3524999999784,0.0160011362853783,0.4972109358859582,1.0107355594937064,-0.0549733289907241,1.0837668853915103
9,26,1,bps,0.0,120.0,0.02,0.015,200,0,0.0,10.0,14521,3.3614074345569933,232.3524999999784,0.0160011362853783,0.4972109358859582,1.0107355594937064,-0.0549733289907241,1.0837668853915103
9,26,1,bps,0.0,120.0,0.02,0.015,200,1,0.0,10.0,14521,3.3614074345569933,232.3524999999784,0.0160011362853783,0.4972109358859582,1.0107355594937064,-0.0549733289907241,1.0837668853915103
21,55,1,atr_pct,0.6,0.0,0.015,0.015,0,0,0.0,10.0,51728,11.974305059896988,222.92600000006047,0.0043095808846284,0.4973515310856789,1.0029408718678667,-0.0553364276335734,0.3508562207990739
21,55,1,atr_pct,0.6,0.0,0.015,0.015,0,1,0.0,10.0,51728,11.974305059896988,222.92600000006047,0.0043095808846284,0.4973515310856789,1.0029408718678667,-0.0553364276335734,0.3508562207990739
21,55,2,atr_pct,1.0,0.0,0.015,0.01,0,0,0.0,10.0,50819,11.763884334188544,197.09300000000712,0.0038783329069837,0.4942049233554379,1.0026913897322636,-0.0800379435156147,0.3020193141465151
21,55,2,atr_pct,1.0,0.0,0.015,0.01,0,1,0.0,10.0,50819,11.763884334188544,197.09300000000712,0.0038783329069837,0.4942049233554379,1.0026913897322636,-0.0800379435156147,0.3020193141465151
9,26,1,bps,0.0,120.0,0.015,0.01,0,0,0.0,10.0,6215,1.4386851598217558,188.59600000000583,0.0303452936444096,0.5008849557522124,1.0211155872278672,-0.039804268450579,1.5630999123098115
9,26,1,bps,0.0,120.0,0.015,0.01,0,1,0.0,10.0,6215,1.4386851598217558,188.59600000000583,0.0303452936444096,0.5008849557522124,1.0211155872278672,-0.039804268450579,1.5630999123098115
9,26,1,bps,0.0,120.0,0.015,0.01,200,0,0.0,10.0,6215,1.4386851598217558,188.59600000000583,0.0303452936444096,0.5008849557522124,1.0211155872278672,-0.039804268450579,1.5630999123098115
9,26,1,bps,0.0,120.0,0.015,0.01,200,1,0.0,10.0,6215,1.4386851598217558,188.59600000000583,0.0303452936444096,0.5008849557522124,1.0211155872278672,-0.039804268450579,1.5630999123098115
9,26,1,atr_pct,0.6,0.0,0.02,0.015,200,0,0.0,10.0,51702,11.968286425278263,178.90050000007756,0.0034602239758631,0.4960543112452129,1.0023600845931644,-0.0823088851905794,0.2792048842285301
9,26,1,atr_pct,0.6,0.0,0.02,0.015,200,1,0.0,10.0,51702,11.968286425278263,178.90050000007756,0.0034602239758631,0.4960543112452129,1.0023600845931644,-0.0823088851905794,0.2792048842285301
9,55,1,atr_pct,0.3,0.0,0.02,0.01,0,0,0.0,10.0,51818,11.995138795115643,177.6329999999898,0.0034280172912885,0.493959627928519,1.0023368483343162,-0.0971155243512461,0.274790322244932
9,55,1,atr_pct,0.3,0.0,0.02,0.01,0,1,0.0,10.0,51818,11.995138795115643,177.6329999999898,0.0034280172912885,0.493959627928519,1.0023368483343162,-0.0971155243512461,0.274790322244932
9,26,2,atr_pct,1.0,0.0,0.02,0.01,0,0,0.0,10.0,51002,11.806246262466482,177.3990000000373,0.0034782753617512,0.4947649111799537,1.002407355541264,-0.0616890243833396,0.2686810914074838
9,26,2,atr_pct,1.0,0.0,0.02,0.01,0,1,0.0,10.0,51002,11.806246262466482,177.3990000000373,0.0034782753617512,0.4947649111799537,1.002407355541264,-0.0616890243833396,0.2686810914074838
9,26,1,bps,0.0,120.0,0.02,0.01,0,0,0.0,10.0,6698,1.5504928721618858,172.19800000001229,0.0257088683189029,0.4994028068080023,1.0172312484414656,-0.0401914219849642,1.3795433401245083
9,26,1,bps,0.0,120.0,0.02,0.01,0,1,0.0,10.0,6698,1.5504928721618858,172.19800000001229,0.0257088683189029,0.4994028068080023,1.0172312484414656,-0.0401914219849642,1.3795433401245083
9,26,1,bps,0.0,120.0,0.02,0.01,200,0,0.0,10.0,6698,1.5504928721618858,172.19800000001229,0.0257088683189029,0.4994028068080023,1.0172312484414656,-0.0401914219849642,1.3795433401245083
9,26,1,bps,0.0,120.0,0.02,0.01,200,1,0.0,10.0,6698,1.5504928721618858,172.19800000001229,0.0257088683189029,0.4994028068080023,1.0172312484414656,-0.0401914219849642,1.3795433401245083
21,26,1,atr_pct,0.3,0.0,0.015,0.015,200,0,0.0,10.0,51394,11.89698875364108,165.04450000003004,0.0032113573568904,0.494707553410904,1.0022042451650786,-0.0637208755927262,0.2634332402829988
21,26,1,atr_pct,0.3,0.0,0.015,0.015,200,1,0.0,10.0,51394,11.89698875364108,165.04450000003004,0.0032113573568904,0.494707553410904,1.0022042451650786,-0.0637208755927262,0.2634332402829988
21,55,1,atr_pct,0.6,0.0,0.015,0.01,0,0,0.0,10.0,51557,11.93472096298154,158.5239999999975,0.0030747328199855,0.4954516360533002,1.0021060685381002,-0.1127578870204989,0.2414539012690264
21,55,1,atr_pct,0.6,0.0,0.015,0.01,0,1,0.0,10.0,51557,11.93472096298154,158.5239999999975,0.0030747328199855,0.4954516360533002,1.0021060685381002,-0.1127578870204989,0.2414539012690264
9,26,2,atr_pct,0.3,0.0,0.02,0.01,200,0,0.0,10.0,51051,11.817589073863306,154.99400000006068,0.0030360619772396,0.49289925760514,1.0020922715032288,-0.081006461742602,0.2412390876390245
9,26,2,atr_pct,0.3,0.0,0.02,0.01,200,1,0.0,10.0,51051,11.817589073863306,154.99400000006068,0.0030360619772396,0.49289925760514,1.0020922715032288,-0.081006461742602,0.2412390876390245
9,55,1,atr_pct,0.3,0.0,0.015,0.01,0,0,0.0,10.0,51819,11.99537028106252,154.02649999998022,0.0029723942955282,0.4948185028657442,1.002026403547564,-0.0973638435152055,0.2441075036528689
9,55,1,atr_pct,0.3,0.0,0.015,0.01,0,1,0.0,10.0,51819,11.99537028106252,154.02649999998022,0.0029723942955282,0.4948185028657442,1.002026403547564,-0.0973638435152055,0.2441075036528689
21,55,2,atr_pct,1.0,0.0,0.02,0.01,0,0,0.0,10.0,50840,11.768745539072896,153.59900000003313,0.003021223446106,0.4939221085759244,1.0020919671520343,-0.090215387482841,0.2311601797639843
21,55,2,atr_pct,1.0,0.0,0.02,0.01,0,1,0.0,10.0,50840,11.768745539072896,153.59900000003313,0.003021223446106,0.4939221085759244,1.0020919671520343,-0.090215387482841,0.2311601797639843
9,55,1,bps,0.0,120.0,0.015,0.015,0,0,0.0,10.0,47781,11.060630027585407,131.4570000000822,0.0027512400326506,0.4948410456039011,1.0019000834380585,-0.0933989765814063,0.2116964039792211
9,55,1,bps,0.0,120.0,0.015,0.015,0,1,0.0,10.0,47781,11.060630027585407,131.4570000000822,0.0027512400326506,0.4948410456039011,1.0019000834380585,-0.0933989765814063,0.2116964039792211
9,55,1,bps,0.0,120.0,0.015,0.015,200,0,0.0,10.0,47781,11.060630027585407,131.4570000000822,0.0027512400326506,0.4948410456039011,1.0019000834380585,-0.0933989765814063,0.2116964039792211
9,55,1,bps,0.0,120.0,0.015,0.015,200,1,0.0,10.0,47781,11.060630027585407,131.4570000000822,0.0027512400326506,0.4948410456039011,1.0019000834380585,-0.0933989765814063,0.2116964039792211
9,55,2,bps,0.0,50.0,0.02,0.01,0,0,0.0,10.0,50495,11.688882887401377,127.06000000002189,0.0025162887414599,0.4934151896227349,1.0017352927181788,-0.0804942150224734,0.1853012443243597
9,55,2,bps,0.0,50.0,0.02,0.01,0,1,0.0,10.0,50495,11.688882887401377,127.06000000002189,0.0025162887414599,0.4934151896227349,1.0017352927181788,-0.0804942150224734,0.1853012443243597
21,26,2,atr_pct,0.3,0.0,0.02,0.01,200,0,0.0,10.0,50264,11.635409633673488,116.72800000005728,0.002322298265161,0.4929372911029763,1.001619812895015,-0.0932424301838357,0.1750105898043263
21,26,2,atr_pct,0.3,0.0,0.02,0.01,200,1,0.0,10.0,50264,11.635409633673488,116.72800000005728,0.002322298265161,0.4929372911029763,1.001619812895015,-0.0932424301838357,0.1750105898043263
9,26,2,atr_pct,0.6,0.0,0.015,0.01,0,0,0.0,10.0,51234,11.859951002141244,109.8225000000466,0.0021435472537776,0.4928758246476949,1.0014781828568833,-0.0799161907527501,0.1782622059940931
9,26,2,atr_pct,0.6,0.0,0.015,0.01,0,1,0.0,10.0,51234,11.859951002141244,109.8225000000466,0.0021435472537776,0.4928758246476949,1.0014781828568833,-0.0799161907527501,0.1782622059940931
21,55,1,atr_pct,0.6,0.0,0.02,0.01,0,0,0.0,10.0,51558,11.934952448928412,101.89400000000636,0.0019762985375694,0.4933472981884479,1.0013528237816582,-0.1149950110328703,0.1496836198662592
21,55,1,atr_pct,0.6,0.0,0.02,0.01,0,1,0.0,10.0,51558,11.934952448928412,101.89400000000636,0.0019762985375694,0.4933472981884479,1.0013528237816582,-0.1149950110328703,0.1496836198662592
21,55,1,atr_pct,1.0,0.0,0.015,0.015,0,0,0.0,10.0,51599,11.944443372750245,88.06900000000752,0.0017067966433459,0.4953196767379212,1.0011663093438046,-0.0640624907690623,0.1366313067361473
21,55,1,atr_pct,1.0,0.0,0.015,0.015,0,1,0.0,10.0,51599,11.944443372750245,88.06900000000752,0.0017067966433459,0.4953196767379212,1.0011663093438046,-0.0640624907690623,0.1366313067361473
9,26,2,atr_pct,1.0,0.0,0.02,0.01,200,0,0.0,10.0,50699,11.736106020563668,86.03400000003674,0.0016969565474671,0.4945659677705675,1.0011778385314452,-0.0632828306984591,0.1307309605583985
9,26,2,atr_pct,1.0,0.0,0.02,0.01,200,1,0.0,10.0,50699,11.736106020563668,86.03400000003674,0.0016969565474671,0.4945659677705675,1.0011778385314452,-0.0632828306984591,0.1307309605583985
9,55,2,bps,0.0,50.0,0.02,0.01,200,0,0.0,10.0,50325,11.6495302764328,83.49200000001343,0.0016590561351219,0.49351217088922,1.0011464217832553,-0.0823287915942632,0.1215428481504978
9,55,2,bps,0.0,50.0,0.02,0.01,200,1,0.0,10.0,50325,11.6495302764328,83.49200000001343,0.0016590561351219,0.49351217088922,1.0011464217832553,-0.0823287915942632,0.1215428481504978
21,26,1,atr_pct,0.3,0.0,0.015,0.015,0,0,0.0,10.0,51430,11.905322247728543,82.19200000003127,0.0015981333851843,0.4946140384989306,1.0010956589572737,-0.0637208755927261,0.1318438934302373
21,26,1,atr_pct,0.3,0.0,0.015,0.015,0,1,0.0,10.0,51430,11.905322247728543,82.19200000003127,0.0015981333851843,0.4946140384989306,1.0010956589572737,-0.0637208755927261,0.1318438934302373
21,26,1,atr_pct,0.6,0.0,0.02,0.01,200,0,0.0,10.0,44541,10.310615559713728,62.59099999999455,0.0014052446060931,0.4946453829056375,1.0010187304243594,-0.0857074356121602,0.1085536378418019
21,26,1,atr_pct,0.6,0.0,0.02,0.01,200,1,0.0,10.0,44541,10.310615559713728,62.59099999999455,0.0014052446060931,0.4946453829056375,1.0010187304243594,-0.0857074356121602,0.1085536378418019
21,26,1,atr_pct,0.6,0.0,0.02,0.01,0,0,0.0,10.0,45041,10.426358533150715,45.85400000000379,0.0010180502209099,0.494438400568371,1.0007380586254255,-0.0894461994974047,0.0785995576074717
21,26,1,atr_pct,0.6,0.0,0.02,0.01,0,1,0.0,10.0,45041,10.426358533150715,45.85400000000379,0.0010180502209099,0.494438400568371,1.0007380586254255,-0.0894461994974047,0.0785995576074717
9,26,2,atr_pct,0.6,0.0,0.02,0.01,200,0,0.0,10.0,50961,11.79675533864465,45.19400000005689,0.0008868350307108,0.4910225466533231,1.0006124763301365,-0.0641415391306239,0.0713607896108843
9,26,2,atr_pct,0.6,0.0,0.02,0.01,200,1,0.0,10.0,50961,11.79675533864465,45.19400000005689,0.0008868350307108,0.4910225466533231,1.0006124763301365,-0.0641415391306239,0.0713607896108843
9,55,1,bps,0.0,50.0,0.02,0.01,200,0,0.0,10.0,50648,11.724300237273097,42.02900000004797,0.0008298254620132,0.4929316063812983,1.000566992851579,-0.1030512617758478,0.0625756003292131
9,55,1,bps,0.0,50.0,0.02,0.01,200,1,0.0,10.0,50648,11.724300237273097,42.02900000004797,0.0008298254620132,0.4929316063812983,1.000566992851579,-0.1030512617758478,0.0625756003292131
9,26,2,atr_pct,0.6,0.0,0.02,0.01,0,0,0.0,10.0,51266,11.867358552441212,41.29600000007059,0.0008055241290537,0.4921585456247805,1.000554293368303,-0.0640710091298921,0.065288989916158
9,26,2,atr_pct,0.6,0.0,0.02,0.01,0,1,0.0,10.0,51266,11.867358552441212,41.29600000007059,0.0008055241290537,0.4921585456247805,1.000554293368303,-0.0640710091298921,0.065288989916158
9,55,1,atr_pct,0.3,0.0,0.015,0.015,0,0,0.0,10.0,51825,11.996759196743763,19.67850000004944,0.0003797105644003,0.4972310660877955,1.0002581375946782,-0.0631027144318643,0.031492811854883
9,55,1,atr_pct,0.3,0.0,0.015,0.015,0,1,0.0,10.0,51825,11.996759196743763,19.67850000004944,0.0003797105644003,0.4972310660877955,1.0002581375946782,-0.0631027144318643,0.031492811854883
9,55,1,atr_pct,0.6,0.0,0.02,0.015,200,0,0.0,10.0,51759,11.98148112425008,19.58650000006685,0.0003784172800878,0.4956432697695087,1.000257473151147,-0.080756645519207,0.0299013424260166
9,55,1,atr_pct,0.6,0.0,0.02,0.015,200,1,0.0,10.0,51759,11.98148112425008,19.58650000006685,0.0003784172800878,0.4956432697695087,1.000257473151147,-0.080756645519207,0.0299013424260166
21,55,1,bps,0.0,50.0,0.02,0.01,200,0,0.0,10.0,47681,11.03748143289801,18.64600000003969,0.0003910572345386,0.4941800717266836,1.000271470616284,-0.1127914706421508,0.0281980759630357
21,55,1,bps,0.0,50.0,0.02,0.01,200,1,0.0,10.0,47681,11.03748143289801,18.64600000003969,0.0003910572345386,0.4941800717266836,1.000271470616284,-0.1127914706421508,0.0281980759630357
9,26,2,bps,0.0,120.0,0.02,0.01,0,0,0.0,10.0,2986,0.6912170373656898,14.5089999999999,0.0048590087073007,0.4933020763563295,1.0024923964643666,-0.0272430521212247,0.1206086961072584
9,26,2,bps,0.0,120.0,0.02,0.01,0,1,0.0,10.0,2986,0.6912170373656898,14.5089999999999,0.0048590087073007,0.4933020763563295,1.0024923964643666,-0.0272430521212247,0.1206086961072584
9,26,2,bps,0.0,120.0,0.02,0.01,200,0,0.0,10.0,2986,0.6912170373656898,14.5089999999999,0.0048590087073007,0.4933020763563295,1.0024923964643666,-0.0272430521212247,0.1206086961072584
9,26,2,bps,0.0,120.0,0.02,0.01,200,1,0.0,10.0,2986,0.6912170373656898,14.5089999999999,0.0048590087073007,0.4933020763563295,1.0024923964643666,-0.0272430521212247,0.1206086961072584
21,55,1,bps,0.0,50.0,0.02,0.01,0,0,0.0,10.0,47695,11.040722236154243,9.825000000039893,0.0002059964356859,0.4942237131774819,1.0001428997977462,-0.1128440347246625,0.0148084445348279
21,55,1,bps,0.0,50.0,0.02,0.01,0,1,0.0,10.0,47695,11.040722236154243,9.825000000039893,0.0002059964356859,0.4942237131774819,1.0001428997977462,-0.1128440347246625,0.0148084445348279
9,26,2,atr_pct,0.6,0.0,0.015,0.01,200,0,0.0,10.0,50910,11.784949555354077,7.88400000003395,0.0001548615203306,0.4915144372421921,1.000107162262682,-0.0773254890648692,0.0127777183544335
9,26,2,atr_pct,0.6,0.0,0.015,0.01,200,1,0.0,10.0,50910,11.784949555354077,7.88400000003395,0.0001548615203306,0.4915144372421921,1.000107162262682,-0.0773254890648692,0.0127777183544335
21,26,2,atr_pct,0.6,0.0,0.02,0.01,200,0,0.0,10.0,44780,10.365940701016608,-0.6119999999677361,-1.3666815541932473e-05,0.49213934792318,0.9999900594945752,-0.0770794716768609,-0.0010715196205378
21,26,2,atr_pct,0.6,0.0,0.02,0.01,200,1,0.0,10.0,44780,10.365940701016608,-0.6119999999677361,-1.3666815541932473e-05,0.49213934792318,0.9999900594945752,-0.0770794716768609,-0.0010715196205378
9,26,1,atr_pct,0.6,0.0,0.015,0.01,0,0,0.0,10.0,51662,11.959026987403304,-24.6789999999952,-0.0004777012117222,0.4943672331694476,0.9996738388463364,-0.121458821972314,-0.0394297472262894
9,26,1,atr_pct,0.6,0.0,0.015,0.01,0,1,0.0,10.0,51662,11.959026987403304,-24.6789999999952,-0.0004777012117222,0.4943672331694476,0.9996738388463364,-0.121458821972314,-0.0394297472262894
21,26,1,atr_pct,1.0,0.0,0.02,0.015,0,0,0.0,10.0,36695,8.49437682054052,-33.32149999998762,-0.0009080664940724,0.493118953535904,0.9993419052114212,-0.0806673373687667,-0.0728403275879379
21,26,1,atr_pct,1.0,0.0,0.02,0.015,0,1,0.0,10.0,36695,8.49437682054052,-33.32149999998762,-0.0009080664940724,0.493118953535904,0.9993419052114212,-0.0806673373687667,-0.0728403275879379
21,26,1,atr_pct,1.0,0.0,0.02,0.015,200,0,0.0,10.0,36695,8.49437682054052,-33.32149999998762,-0.0009080664940724,0.493118953535904,0.9993419052114212,-0.0806673373687667,-0.0728403275879379
21,26,1,atr_pct,1.0,0.0,0.02,0.015,200,1,0.0,10.0,36695,8.49437682054052,-33.32149999998762,-0.0009080664940724,0.493118953535904,0.9993419052114212,-0.0806673373687667,-0.0728403275879379
21,55,2,atr_pct,0.3,0.0,0.02,0.01,0,0,0.0,10.0,51402,11.898840641216072,-33.62199999994559,-0.0006540990622922,0.4928796544881522,0.9995512977253972,-0.0683734972509219,-0.0482728748528717
21,55,2,atr_pct,0.3,0.0,0.02,0.01,0,1,0.0,10.0,51402,11.898840641216072,-33.62199999994559,-0.0006540990622922,0.4928796544881522,0.9995512977253972,-0.0683734972509219,-0.0482728748528717
9,55,2,atr_pct,0.3,0.0,0.02,0.01,0,0,0.0,10.0,51449,11.909720480719148,-40.60399999995258,-0.0007892087309753,0.4930124978133686,0.9994594505795202,-0.0842400975166662,-0.0611358039004747
9,55,2,atr_pct,0.3,0.0,0.02,0.01,0,1,0.0,10.0,51449,11.909720480719148,-40.60399999995258,-0.0007892087309753,0.4930124978133686,0.9994594505795202,-0.0842400975166662,-0.0611358039004747
9,55,2,atr_pct,0.3,0.0,0.02,0.01,200,0,0.0,10.0,51312,11.878006905997417,-49.45899999995666,-0.0009638875896468,0.4933933582787652,0.9993379496904684,-0.0737046181285129,-0.0750875849406346
9,55,2,atr_pct,0.3,0.0,0.02,0.01,200,1,0.0,10.0,51312,11.878006905997417,-49.45899999995666,-0.0009638875896468,0.4933933582787652,0.9993379496904684,-0.0737046181285129,-0.0750875849406346
21,26,1,atr_pct,0.6,0.0,0.015,0.01,200,0,0.0,10.0,44801,10.370801905900962,-56.34200000000232,-0.0012576058570121,0.4938505836923283,0.9990862664708852,-0.0928538336569785,-0.1022355868722271
21,26,1,atr_pct,0.6,0.0,0.015,0.01,200,1,0.0,10.0,44801,10.370801905900962,-56.34200000000232,-0.0012576058570121,0.4938505836923283,0.9990862664708852,-0.0928538336569785,-0.1022355868722271
9,26,1,atr_pct,1.0,0.0,0.015,0.015,0,0,0.0,10.0,51629,11.951387951156464,-61.57649999996033,-0.0011926727226938,0.4954192411241744,0.999185788302513,-0.0625411906854084,-0.093941102184088
9,26,1,atr_pct,1.0,0.0,0.015,0.015,0,1,0.0,10.0,51629,11.951387951156464,-61.57649999996033,-0.0011926727226938,0.4954192411241744,0.999185788302513,-0.0625411906854084,-0.093941102184088
9,55,1,bps,0.0,50.0,0.015,0.01,0,0,0.0,10.0,50721,11.741198711394896,-70.49999999999699,-0.0013899568226177,0.4935825397764239,0.9990523364979697,-0.0895629677563256,-0.1043650627385492
9,55,1,bps,0.0,50.0,0.015,0.01,0,1,0.0,10.0,50721,11.741198711394896,-70.49999999999699,-0.0013899568226177,0.4935825397764239,0.9990523364979697,-0.0895629677563256,-0.1043650627385492
9,26,2,bps,0.0,120.0,0.015,0.01,0,0,0.0,10.0,2714,0.6282528598159687,-73.30850000000098,-0.0270112380250556,0.4918938835666912,0.9861428489607676,-0.0225978160027199,-0.7204473238342877
9,26,2,bps,0.0,120.0,0.015,0.01,0,1,0.0,10.0,2714,0.6282528598159687,-73.30850000000098,-0.0270112380250556,0.4918938835666912,0.9861428489607676,-0.0225978160027199,-0.7204473238342877
9,26,2,bps,0.0,120.0,0.015,0.01,200,0,0.0,10.0,2714,0.6282528598159687,-73.30850000000098,-0.0270112380250556,0.4918938835666912,0.9861428489607676,-0.0225978160027199,-0.7204473238342877
9,26,2,bps,0.0,120.0,0.015,0.01,200,1,0.0,10.0,2714,0.6282528598159687,-73.30850000000098,-0.0270112380250556,0.4918938835666912,0.9861428489607676,-0.0225978160027199,-0.7204473238342877
21,55,2,atr_pct,0.3,0.0,0.02,0.01,200,0,0.0,10.0,51139,11.837959837188215,-78.99199999994559,-0.0015446528090096,0.4927745947320049,0.9989362366294976,-0.0750819215395744,-0.1157336544826636
21,55,2,atr_pct,0.3,0.0,0.02,0.01,200,1,0.0,10.0,51139,11.837959837188215,-78.99199999994559,-0.0015446528090096,0.4927745947320049,0.9989362366294976,-0.0750819215395744,-0.1157336544826636
9,55,1,bps,0.0,50.0,0.02,0.01,0,0,0.0,10.0,50665,11.728235498369951,-125.05499999995128,-0.00246827198263,0.492292509622027,0.9983195629226906,-0.1110164616953949,-0.1866002124771835
9,55,1,bps,0.0,50.0,0.02,0.01,0,1,0.0,10.0,50665,11.728235498369951,-125.05499999995128,-0.00246827198263,0.492292509622027,0.9983195629226906,-0.1110164616953949,-0.1866002124771835
9,26,1,atr_pct,1.0,0.0,0.02,0.01,0,0,0.0,10.0,51354,11.88772931576612,-129.99400000001265,-0.002531331541847,0.4925614363048642,0.998266391484954,-0.1091157771684784,-0.1891538087413203
9,26,1,atr_pct,1.0,0.0,0.02,0.01,0,1,0.0,10.0,51354,11.88772931576612,-129.99400000001265,-0.002531331541847,0.4925614363048642,0.998266391484954,-0.1091157771684784,-0.1891538087413203
9,55,1,bps,0.0,50.0,0.015,0.01,200,0,0.0,10.0,50710,11.73865236597928,-130.60249999999058,-0.0025754782094259,0.4938276474068231,0.998240750207341,-0.0854362974824111,-0.1940792597017195
9,55,1,bps,0.0,50.0,0.015,0.01,200,1,0.0,10.0,50710,11.73865236597928,-130.60249999999058,-0.0025754782094259,0.4938276474068231,0.998240750207341,-0.0854362974824111,-0.1940792597017195
21,26,2,atr_pct,0.6,0.0,0.02,0.01,0,0,0.0,10.0,44897,10.393024556800864,-133.92899999996644,-0.0029830278192299,0.4920596030915206,0.9978309794515152,-0.0829424800846388,-0.2365272806440893
21,26,2,atr_pct,0.6,0.0,0.02,0.01,0,1,0.0,10.0,44897,10.393024556800864,-133.92899999996644,-0.0029830278192299,0.4920596030915206,0.9978309794515152,-0.0829424800846388,-0.2365272806440893
9,26,2,atr_pct,1.0,0.0,0.015,0.01,0,0,0.0,10.0,50933,11.790273732132178,-150.66499999999394,-0.0029581018200379,0.4951210413680718,0.9979535399439626,-0.0692451424757438,-0.2284157272431834
9,26,2,atr_pct,1.0,0.0,0.015,0.01,0,1,0.0,10.0,50933,11.790273732132178,-150.66499999999394,-0.0029581018200379,0.4951210413680718,0.9979535399439626,-0.0692451424757438,-0.2284157272431834
9,55,1,bps,0.0,50.0,0.015,0.015,0,0,0.0,10.0,51629,11.951387951156464,-162.7119999999499,-0.003151562106567,0.4951868136125046,0.9978551920195464,-0.0700241344861313,-0.2515811105344708
9,55,1,bps,0.0,50.0,0.015,0.015,0,1,0.0,10.0,51629,11.951387951156464,-162.7119999999499,-0.003151562106567,0.4951868136125046,0.9978551920195464,-0.0700241344861313,-0.2515811105344708
21,26,1,atr_pct,0.6,0.0,0.015,0.01,0,0,0.0,10.0,44931,10.400895078994578,-168.79999999999757,-0.0037568716476374,0.4936012997707596,0.9972736508807551,-0.0953123934914427,-0.3077058289086811
21,26,1,atr_pct,0.6,0.0,0.015,0.01,0,1,0.0,10.0,44931,10.400895078994578,-168.79999999999757,-0.0037568716476374,0.4936012997707596,0.9972736508807551,-0.0953123934914427,-0.3077058289086811
9,55,1,bps,0.0,50.0,0.015,0.015,200,0,0.0,10.0,51579,11.939813653812765,-173.0544999999458,-0.003355134841698,0.4956280656856472,0.9977143402735944,-0.0700944149907154,-0.2708316852887515
9,55,1,bps,0.0,50.0,0.015,0.015,200,1,0.0,10.0,51579,11.939813653812765,-173.0544999999458,-0.003355134841698,0.4956280656856472,0.9977143402735944,-0.0700944149907154,-0.2708316852887515
21,55,1,atr_pct,0.3,0.0,0.02,0.01,0,0,0.0,10.0,51754,11.980323694515713,-175.68800000003256,-0.0033946748077449,0.4931213046334582,0.9976902799632362,-0.1178256500601729,-0.2514077291298226
21,55,1,atr_pct,0.3,0.0,0.02,0.01,0,1,0.0,10.0,51754,11.980323694515713,-175.68800000003256,-0.0033946748077449,0.4931213046334582,0.9976902799632362,-0.1178256500601729,-0.2514077291298226
21,55,2,atr_pct,0.6,0.0,0.02,0.01,200,0,0.0,10.0,50980,11.801153571635254,-176.24099999996517,-0.0034570615927807,0.4929972538250294,0.9976145152404804,-0.072068294625106,-0.2672618841652818
21,55,2,atr_pct,0.6,0.0,0.02,0.01,200,1,0.0,10.0,50980,11.801153571635254,-176.24099999996517,-0.0034570615927807,0.4929972538250294,0.9976145152404804,-0.072068294625106,-0.2672618841652818
9,55,2,bps,0.0,50.0,0.015,0.01,0,0,0.0,10.0,50558,11.703466502054438,-182.1814999999784,-0.0036034158787922,0.4932750504371217,0.9975139637451622,-0.0998035903530156,-0.2746437169637668
9,55,2,bps,0.0,50.0,0.015,0.01,0,1,0.0,10.0,50558,11.703466502054438,-182.1814999999784,-0.0036034158787922,0.4932750504371217,0.9975139637451622,-0.0998035903530156,-0.2746437169637668
9,55,2,atr_pct,0.6,0.0,0.02,0.01,200,0,0.0,10.0,51198,11.85161750805378,-186.96599999996835,-0.0036518223368094,0.4931051994218524,0.9974908612492684,-0.0753659690689207,-0.2734048839644529
9,55,2,atr_pct,0.6,0.0,0.02,0.01,200,1,0.0,10.0,51198,11.85161750805378,-186.96599999996835,-0.0036518223368094,0.4931051994218524,0.9974908612492684,-0.0753659690689207,-0.2734048839644529
9,55,2,atr_pct,1.0,0.0,0.02,0.01,200,0,0.0,10.0,51052,11.817820559810182,-204.81399999994764,-0.0040118702499402,0.492497845334169,0.9972348686980486,-0.0824621697813435,-0.3136745394033511
9,55,2,atr_pct,1.0,0.0,0.02,0.01,200,1,0.0,10.0,51052,11.817820559810182,-204.81399999994764,-0.0040118702499402,0.492497845334169,0.9972348686980486,-0.0824621697813435,-0.3136745394033511
21,26,1,atr_pct,0.3,0.0,0.02,0.015,0,0,0.0,10.0,51480,11.916896545072245,-214.98100000000875,-0.0041760101010102,0.4924436674436674,0.997145550122814,-0.0880504920927004,-0.3480280823626573
21,26,1,atr_pct,0.3,0.0,0.02,0.015,0,1,0.0,10.0,51480,11.916896545072245,-214.98100000000875,-0.0041760101010102,0.4924436674436674,0.997145550122814,-0.0880504920927004,-0.3480280823626573
9,55,1,atr_pct,0.6,0.0,0.015,0.01,200,0,0.0,10.0,51637,11.953239838731456,-219.99999999999943,-0.0042605108739856,0.4942386273408602,0.9970950240733374,-0.1094545014749674,-0.3316296584284617
9,55,1,atr_pct,0.6,0.0,0.015,0.01,200,1,0.0,10.0,51637,11.953239838731456,-219.99999999999943,-0.0042605108739856,0.4942386273408602,0.9970950240733374,-0.1094545014749674,-0.3316296584284617
21,55,1,atr_pct,0.3,0.0,0.015,0.01,0,0,0.0,10.0,51754,11.980323694515713,-224.1160000000416,-0.0043304092437307,0.4943192796692043,0.9970535193225304,-0.1044665183737869,-0.3333846332578931
21,55,1,atr_pct,0.3,0.0,0.015,0.01,0,1,0.0,10.0,51754,11.980323694515713,-224.1160000000416,-0.0043304092437307,0.4943192796692043,0.9970535193225304,-0.1044665183737869,-0.3333846332578931
9,55,1,atr_pct,0.6,0.0,0.02,0.01,200,0,0.0,10.0,51628,11.951156465209593,-226.06199999999117,-0.0043786704888818,0.4933950569458433,0.99701619791849,-0.120565619494187,-0.3288871933997415
9,55,1,atr_pct,0.6,0.0,0.02,0.01,200,1,0.0,10.0,51628,11.951156465209593,-226.06199999999117,-0.0043786704888818,0.4933950569458433,0.99701619791849,-0.120565619494187,-0.3288871933997415
9,26,1,atr_pct,1.0,0.0,0.015,0.01,0,0,0.0,10.0,51359,11.888886745500493,-227.2574999999954,-0.0044248817149865,0.493525964290582,0.9969683029424126,-0.1286085023681288,-0.3447140458048684
9,26,1,atr_pct,1.0,0.0,0.015,0.01,0,1,0.0,10.0,51359,11.888886745500493,-227.2574999999954,-0.0044248817149865,0.493525964290582,0.9969683029424126,-0.1286085023681288,-0.3447140458048684
9,55,1,atr_pct,1.0,0.0,0.015,0.015,0,0,0.0,10.0,51741,11.97731437720635,-237.20899999997076,-0.0045845461046359,0.495564445990607,0.9968837614404692,-0.0835863039139785,-0.3839259861900984
9,55,1,atr_pct,1.0,0.0,0.015,0.015,0,1,0.0,10.0,51741,11.97731437720635,-237.20899999997076,-0.0045845461046359,0.495564445990607,0.9968837614404692,-0.0835863039139785,-0.3839259861900984
21,55,2,atr_pct,0.6,0.0,0.02,0.015,200,0,0.0,10.0,51468,11.914118713709756,-246.8930000000364,-0.0047970195072673,0.4895080438330613,0.9967231909035638,-0.095369233319398,-0.3769477127796844
21,55,2,atr_pct,0.6,0.0,0.02,0.015,200,1,0.0,10.0,51468,11.914118713709756,-246.8930000000364,-0.0047970195072673,0.4895080438330613,0.9967231909035638,-0.095369233319398,-0.3769477127796844
21,26,2,atr_pct,0.3,0.0,0.02,0.01,0,0,0.0,10.0,50519,11.694438550126351,-249.1949999999448,-0.0049326985886487,0.4921316732318533,0.996578931381968,-0.0940151892373162,-0.3739892330811788
21,26,2,atr_pct,0.3,0.0,0.02,0.01,0,1,0.0,10.0,50519,11.694438550126351,-249.1949999999448,-0.0049326985886487,0.4921316732318533,0.996578931381968,-0.0940151892373162,-0.3739892330811788
21,55,1,atr_pct,0.3,0.0,0.015,0.015,200,0,0.0,10.0,51727,11.974073573950117,-265.8689999999885,-0.0051398495949888,0.4971291588532101,0.9965035721444055,-0.0823825400814285,-0.4169925275700037
21,55,1,atr_pct,0.3,0.0,0.015,0.015,200,1,0.0,10.0,51727,11.974073573950117,-265.8689999999885,-0.0051398495949888,0.4971291588532101,0.9965035721444055,-0.0823825400814285,-0.4169925275700037
9,26,2,atr_pct,0.3,0.0,0.02,0.01,0,0,0.0,10.0,51365,11.890275661181734,-270.0489999999552,-0.0052574515720812,0.4925727635549499,0.9964011748218734,-0.0902362720858963,-0.4235272795931115
9,26,2,atr_pct,0.3,0.0,0.02,0.01,0,1,0.0,10.0,51365,11.890275661181734,-270.0489999999552,-0.0052574515720812,0.4925727635549499,0.9964011748218734,-0.0902362720858963,-0.4235272795931115
9,55,1,atr_pct,1.0,0.0,0.015,0.015,200,0,0.0,10.0,51708,11.969675340959508,-272.66399999996565,-0.0052731492225567,0.4960160903535236,0.9964135973385568,-0.0867022004607229,-0.4381460643195684
9,55,1,atr_pct,1.0,0.0,0.015,0.015,200,1,0.0,10.0,51708,11.969675340959508,-272.66399999996565,-0.0052731492225567,0.4960160903535236,0.9964135973385568,-0.0867022004607229,-0.4381460643195684
9,55,2,bps,0.0,50.0,0.015,0.01,200,0,0.0,10.0,50357,11.656937826732769,-285.68099999998464,-0.0056731139662804,0.4933772861766983,0.9960770597451496,-0.1025418487622575,-0.4301907719838967
9,55,2,bps,0.0,50.0,0.015,0.01,200,1,0.0,10.0,50357,11.656937826732769,-285.68099999998464,-0.0056731139662804,0.4933772861766983,0.9960770597451496,-0.1025418487622575,-0.4301907719838967
9,26,2,atr_pct,1.0,0.0,0.015,0.01,200,0,0.0,10.0,50575,11.707401763151294,-291.035499999994,-0.0057545328719721,0.4947899159663865,0.9960074751799852,-0.0759283801251,-0.4382230368362556
9,26,2,atr_pct,1.0,0.0,0.015,0.01,200,1,0.0,10.0,50575,11.707401763151294,-291.035499999994,-0.0057545328719721,0.4947899159663865,0.9960074751799852,-0.0759283801251,-0.4382230368362556
21,55,2,atr_pct,0.6,0.0,0.02,0.015,0,0,0.0,10.0,51554,11.934026505140915,-303.370000000038,-0.0058845094464064,0.4891182061527718,0.9959879988836164,-0.1009591509612594,-0.4670153446878969
21,55,2,atr_pct,0.6,0.0,0.02,0.015,0,1,0.0,10.0,51554,11.934026505140915,-303.370000000038,-0.0058845094464064,0.4891182061527718,0.9959879988836164,-0.1009591509612594,-0.4670153446878969
9,55,1,atr_pct,0.3,0.0,0.015,0.015,200,0,0.0,10.0,51772,11.984490441559442,-310.1269999999608,-0.0059902456926516,0.4973151510468979,0.9959328736551766,-0.0808076097384218,-0.4834411581196574
9,55,1,atr_pct,0.3,0.0,0.015,0.015,200,1,0.0,10.0,51772,11.984490441559442,-310.1269999999608,-0.0059902456926516,0.4973151510468979,0.9959328736551766,-0.0808076097384218,-0.4834411581196574
9,26,1,atr_pct,1.0,0.0,0.02,0.015,0,0,0.0,10.0,51649,11.956017670093944,-312.68249999993515,-0.006053989428642,0.4935816763151271,0.9958765269712888,-0.0738792638600389,-0.4668287024802324
9,26,1,atr_pct,1.0,0.0,0.02,0.015,0,1,0.0,10.0,51649,11.956017670093944,-312.68249999993515,-0.006053989428642,0.4935816763151271,0.9958765269712888,-0.0738792638600389,-0.4668287024802324
9,55,1,atr_pct,1.0,0.0,0.02,0.01,0,0,0.0,10.0,51626,11.950693493315844,-315.7600000000508,-0.0061162979893861,0.492503777166544,0.9958362288702718,-0.1073062259821285,-0.4842031350090822
9,55,1,atr_pct,1.0,0.0,0.02,0.01,0,1,0.0,10.0,51626,11.950693493315844,-315.7600000000508,-0.0061162979893861,0.492503777166544,0.9958362288702718,-0.1073062259821285,-0.4842031350090822
9,26,2,atr_pct,0.3,0.0,0.015,0.01,200,0,0.0,10.0,50997,11.805088832732112,-317.7479999999504,-0.0062307194540845,0.492460340804361,0.9957091084850082,-0.0989593606150854,-0.5250127090949852
9,26,2,atr_pct,0.3,0.0,0.015,0.01,200,1,0.0,10.0,50997,11.805088832732112,-317.7479999999504,-0.0062307194540845,0.492460340804361,0.9957091084850082,-0.0989593606150854,-0.5250127090949852
9,55,1,atr_pct,1.0,0.0,0.015,0.01,0,0,0.0,10.0,51628,11.951156465209593,-325.01250000005234,-0.0062952758193238,0.4938018129697064,0.9957118671873054,-0.0946137319635929,-0.5245298421754868
9,55,1,atr_pct,1.0,0.0,0.015,0.01,0,1,0.0,10.0,51628,11.951156465209593,-325.01250000005234,-0.0062952758193238,0.4938018129697064,0.9957118671873054,-0.0946137319635929,-0.5245298421754868
21,55,2,atr_pct,0.3,0.0,0.015,0.01,200,0,0.0,10.0,51099,11.828700399313258,-329.36949999996455,-0.00644571322335,0.492984207127341,0.9955591085677252,-0.0939255756647435,-0.509582190059269
21,55,2,atr_pct,0.3,0.0,0.015,0.01,200,1,0.0,10.0,51099,11.828700399313258,-329.36949999996455,-0.00644571322335,0.492984207127341,0.9955591085677252,-0.0939255756647435,-0.509582190059269
21,26,2,atr_pct,0.3,0.0,0.015,0.01,200,0,0.0,10.0,50147,11.608325777889233,-340.4014999999624,-0.0067880730651875,0.4928909007517897,0.995265337311657,-0.1188211611921326,-0.5172156032512379
21,26,2,atr_pct,0.3,0.0,0.015,0.01,200,1,0.0,10.0,50147,11.608325777889233,-340.4014999999624,-0.0067880730651875,0.4928909007517897,0.995265337311657,-0.1188211611921326,-0.5172156032512379
9,55,2,bps,0.0,120.0,0.02,0.015,0,0,0.0,10.0,47488,10.992804645151333,-392.0470000000452,-0.0082557067048527,0.4905028638814016,0.9943115856743486,-0.13492345000003,-0.6132098983295369
9,55,2,bps,0.0,120.0,0.02,0.015,0,1,0.0,10.0,47488,10.992804645151333,-392.0470000000452,-0.0082557067048527,0.4905028638814016,0.9943115856743486,-0.13492345000003,-0.6132098983295369
9,55,2,bps,0.0,120.0,0.02,0.015,200,0,0.0,10.0,47488,10.992804645151333,-392.0470000000452,-0.0082557067048527,0.4905028638814016,0.9943115856743486,-0.13492345000003,-0.6132098983295369
9,55,2,bps,0.0,120.0,0.02,0.015,200,1,0.0,10.0,47488,10.992804645151333,-392.0470000000452,-0.0082557067048527,0.4905028638814016,0.9943115856743486,-0.13492345000003,-0.6132098983295369
9,55,1,atr_pct,0.3,0.0,0.02,0.01,200,0,0.0,10.0,51713,11.970832770693878,-397.4869999999935,-0.0076864038056193,0.4936089571287684,0.994773429021851,-0.1173067033939716,-0.5894441524714569
9,55,1,atr_pct,0.3,0.0,0.02,0.01,200,1,0.0,10.0,51713,11.970832770693878,-397.4869999999935,-0.0076864038056193,0.4936089571287684,0.994773429021851,-0.1173067033939716,-0.5894441524714569
21,55,1,atr_pct,1.0,0.0,0.02,0.015,200,0,0.0,10.0,51582,11.940508111653388,-403.0854999999914,-0.0078144604707066,0.4940870846419293,0.9946774772914972,-0.1199612840614249,-0.6167571845040342
21,55,1,atr_pct,1.0,0.0,0.02,0.015,200,1,0.0,10.0,51582,11.940508111653388,-403.0854999999914,-0.0078144604707066,0.4940870846419293,0.9946774772914972,-0.1199612840614249,-0.6167571845040342
9,55,2,atr_pct,0.3,0.0,0.015,0.015,200,0,0.0,10.0,51546,11.932174617565924,-404.71900000004496,-0.0078516082722237,0.4894075194971481,0.994644888949545,-0.0999457537588826,-0.618434914631618
9,55,2,atr_pct,0.3,0.0,0.015,0.015,200,1,0.0,10.0,51546,11.932174617565924,-404.71900000004496,-0.0078516082722237,0.4894075194971481,0.994644888949545,-0.0999457537588826,-0.618434914631618
21,55,2,atr_pct,0.6,0.0,0.015,0.01,200,0,0.0,10.0,50926,11.78865333050406,-414.6499999999936,-0.0081422063386088,0.4926952833523151,0.9943785518563916,-0.0906292638103735,-0.644621261700352
21,55,2,atr_pct,0.6,0.0,0.015,0.01,200,1,0.0,10.0,50926,11.78865333050406,-414.6499999999936,-0.0081422063386088,0.4926952833523151,0.9943785518563916,-0.0906292638103735,-0.644621261700352
9,55,1,atr_pct,0.6,0.0,0.02,0.01,0,0,0.0,10.0,51749,11.97916626478134,-417.0040000000128,-0.0080582040232663,0.4926858490019131,0.9945261419762856,-0.1272386111233733,-0.6121042784280428
9,55,1,atr_pct,0.6,0.0,0.02,0.01,0,1,0.0,10.0,51749,11.97916626478134,-417.0040000000128,-0.0080582040232663,0.4926858490019131,0.9945261419762856,-0.1272386111233733,-0.6121042784280428
9,55,2,atr_pct,0.3,0.0,0.015,0.01,200,0,0.0,10.0,51260,11.865969636759967,-425.5849999999667,-0.0083024775653524,0.4930940304330862,0.9942991299436972,-0.1012847788293033,-0.6810345017399551
9,55,2,atr_pct,0.3,0.0,0.015,0.01,200,1,0.0,10.0,51260,11.865969636759967,-425.5849999999667,-0.0083024775653524,0.4930940304330862,0.9942991299436972,-0.1012847788293033,-0.6810345017399551
9,55,2,atr_pct,0.3,0.0,0.015,0.01,0,0,0.0,10.0,51419,11.90277590231293,-436.3249999999631,-0.0084856765009036,0.4927555961804002,0.9941940019186248,-0.1179464460413055,-0.689164378506949
9,55,2,atr_pct,0.3,0.0,0.015,0.01,0,1,0.0,10.0,51419,11.90277590231293,-436.3249999999631,-0.0084856765009036,0.4927555961804002,0.9941940019186248,-0.1179464460413055,-0.689164378506949
21,26,1,atr_pct,1.0,0.0,0.02,0.01,0,0,0.0,10.0,23079,5.342464167904473,-440.0260000000208,-0.0190660773863694,0.4931756141947225,0.9856626613115956,-0.0850938648346274,-1.4800173635550031
21,26,1,atr_pct,1.0,0.0,0.02,0.01,0,1,0.0,10.0,23079,5.342464167904473,-440.0260000000208,-0.0190660773863694,0.4931756141947225,0.9856626613115956,-0.0850938648346274,-1.4800173635550031
21,26,1,atr_pct,1.0,0.0,0.02,0.01,200,0,0.0,10.0,23079,5.342464167904473,-440.0260000000208,-0.0190660773863694,0.4931756141947225,0.9856626613115956,-0.0850938648346274,-1.4800173635550031
21,26,1,atr_pct,1.0,0.0,0.02,0.01,200,1,0.0,10.0,23079,5.342464167904473,-440.0260000000208,-0.0190660773863694,0.4931756141947225,0.9856626613115956,-0.0850938648346274,-1.4800173635550031
21,55,2,atr_pct,0.6,0.0,0.02,0.01,0,0,0.0,10.0,51156,11.841895098285072,-447.5669999999831,-0.0087490616936426,0.4919071076706545,0.9939917439992448,-0.0619218862347641,-0.6850208582053414
21,55,2,atr_pct,0.6,0.0,0.02,0.01,0,1,0.0,10.0,51156,11.841895098285072,-447.5669999999831,-0.0087490616936426,0.4919071076706545,0.9939917439992448,-0.0619218862347641,-0.6850208582053414
9,55,1,atr_pct,0.3,0.0,0.02,0.015,200,0,0.0,10.0,51773,11.984721927506316,-453.6949999999405,-0.0087631584030274,0.4947173237015432,0.994058121847878,-0.0956629277211801,-0.6757380790415359
9,55,1,atr_pct,0.3,0.0,0.02,0.015,200,1,0.0,10.0,51773,11.984721927506316,-453.6949999999405,-0.0087631584030274,0.4947173237015432,0.994058121847878,-0.0956629277211801,-0.6757380790415359
9,55,1,atr_pct,0.3,0.0,0.02,0.015,0,0,0.0,10.0,51825,11.996759196743763,-454.7919999999212,-0.0087755330438962,0.4946454413892909,0.99405263505333,-0.0949302120268565,-0.6984594114100537
9,55,1,atr_pct,0.3,0.0,0.02,0.015,0,1,0.0,10.0,51825,11.996759196743763,-454.7919999999212,-0.0087755330438962,0.4946454413892909,0.99405263505333,-0.0949302120268565,-0.6984594114100537
9,55,2,atr_pct,1.0,0.0,0.02,0.01,0,0,0.0,10.0,51256,11.865043692972472,-465.9019999999644,-0.0090897065709373,0.492566723895739,0.9937711281383744,-0.0939360038186029,-0.7206888170798809
9,55,2,atr_pct,1.0,0.0,0.02,0.01,0,1,0.0,10.0,51256,11.865043692972472,-465.9019999999644,-0.0090897065709373,0.492566723895739,0.9937711281383744,-0.0939360038186029,-0.7206888170798809
21,55,1,atr_pct,0.6,0.0,0.02,0.015,0,0,0.0,10.0,51739,11.9768514053126,-467.7624999999404,-0.0090408106070844,0.4941920021647113,0.99385976537002,-0.0938734949425139,-0.7228144217529751
21,55,1,atr_pct,0.6,0.0,0.02,0.015,0,1,0.0,10.0,51739,11.9768514053126,-467.7624999999404,-0.0090408106070844,0.4941920021647113,0.99385976537002,-0.0938734949425139,-0.7228144217529751
21,26,1,atr_pct,1.0,0.0,0.015,0.01,0,0,0.0,10.0,23248,5.381585292926175,-474.3865000000116,-0.020405475739849,0.493805918788713,0.9846057154854712,-0.0871433136283599,-1.6590398697676567
21,26,1,atr_pct,1.0,0.0,0.015,0.01,0,1,0.0,10.0,23248,5.381585292926175,-474.3865000000116,-0.020405475739849,0.493805918788713,0.9846057154854712,-0.0871433136283599,-1.6590398697676567
21,26,1,atr_pct,1.0,0.0,0.015,0.01,200,0,0.0,10.0,23248,5.381585292926175,-474.3865000000116,-0.020405475739849,0.493805918788713,0.9846057154854712,-0.0871433136283599,-1.6590398697676567
21,26,1,atr_pct,1.0,0.0,0.015,0.01,200,1,0.0,10.0,23248,5.381585292926175,-474.3865000000116,-0.020405475739849,0.493805918788713,0.9846057154854712,-0.0871433136283599,-1.6590398697676567
9,55,2,atr_pct,0.6,0.0,0.015,0.01,200,0,0.0,10.0,51141,11.838422809081964,-501.01449999998863,-0.0097967286521575,0.492950861344127,0.9932675162734608,-0.0932507265752669,-0.7685273322108599
9,55,2,atr_pct,0.6,0.0,0.015,0.01,200,1,0.0,10.0,51141,11.838422809081964,-501.01449999998863,-0.0097967286521575,0.492950861344127,0.9932675162734608,-0.0932507265752669,-0.7685273322108599
9,26,2,atr_pct,0.3,0.0,0.015,0.01,0,0,0.0,10.0,51332,11.882636624934891,-505.79499999995926,-0.0098534052832533,0.4924218810878205,0.9932497900514488,-0.0863257610620653,-0.8122485785769561
9,26,2,atr_pct,0.3,0.0,0.015,0.01,0,1,0.0,10.0,51332,11.882636624934891,-505.79499999995926,-0.0098534052832533,0.4924218810878205,0.9932497900514488,-0.0863257610620653,-0.8122485785769561
9,55,1,atr_pct,0.3,0.0,0.015,0.01,200,0,0.0,10.0,51714,11.971064256640751,-510.4499999999973,-0.0098706346443902,0.4945469311985149,0.9932891611268668,-0.1160561127894683,-0.7885282846764032
9,55,1,atr_pct,0.3,0.0,0.015,0.01,200,1,0.0,10.0,51714,11.971064256640751,-510.4499999999973,-0.0098706346443902,0.4945469311985149,0.9932891611268668,-0.1160561127894683,-0.7885282846764032
9,26,2,atr_pct,1.0,0.0,0.015,0.015,0,0,0.0,10.0,51402,11.898840641216072,-511.6880000000407,-0.0099546321154826,0.4910703863662892,0.9931927294570256,-0.1140708393420605,-0.8066181547994229
9,26,2,atr_pct,1.0,0.0,0.015,0.015,0,1,0.0,10.0,51402,11.898840641216072,-511.6880000000407,-0.0099546321154826,0.4910703863662892,0.9931927294570256,-0.1140708393420605,-0.8066181547994229
9,55,2,atr_pct,0.3,0.0,0.015,0.015,0,0,0.0,10.0,51596,11.943748914909625,-530.5580000000543,-0.0102829289092188,0.4891852081556709,0.9929989650949268,-0.1122691631662097,-0.8067854353439345
9,55,2,atr_pct,0.3,0.0,0.015,0.015,0,1,0.0,10.0,51596,11.943748914909625,-530.5580000000543,-0.0102829289092188,0.4891852081556709,0.9929989650949268,-0.1122691631662097,-0.8067854353439345
21,55,2,bps,0.0,50.0,0.02,0.015,200,0,0.0,10.0,50274,11.637724493142228,-538.2305000000201,-0.0107059414409042,0.4893980984206548,0.9926630961652252,-0.1160960366370265,-0.8580081615762961
21,55,2,bps,0.0,50.0,0.02,0.015,200,1,0.0,10.0,50274,11.637724493142228,-538.2305000000201,-0.0107059414409042,0.4893980984206548,0.9926630961652252,-0.1160960366370265,-0.8580081615762961
21,55,1,atr_pct,0.3,0.0,0.02,0.015,200,0,0.0,10.0,51731,11.97499951773761,-551.9434999999856,-0.0106694921807037,0.4938624809108658,0.9927570016699252,-0.1225321247314265,-0.8378659720832967
21,55,1,atr_pct,0.3,0.0,0.02,0.015,200,1,0.0,10.0,51731,11.97499951773761,-551.9434999999856,-0.0106694921807037,0.4938624809108658,0.9927570016699252,-0.1225321247314265,-0.8378659720832967
21,55,2,atr_pct,0.3,0.0,0.015,0.01,0,0,0.0,10.0,51363,11.889812689287988,-552.5989999999586,-0.0107586978953713,0.4921636197262621,0.9926313999710676,-0.1056735858019787,-0.8391868563790936
21,55,2,atr_pct,0.3,0.0,0.015,0.01,0,1,0.0,10.0,51363,11.889812689287988,-552.5989999999586,-0.0107586978953713,0.4921636197262621,0.9926313999710676,-0.1056735858019787,-0.8391868563790936
21,55,2,bps,0.0,50.0,0.02,0.015,0,0,0.0,10.0,50285,11.64027083855784,-558.4305000000203,-0.0111053097345136,0.4893904742965099,0.9923944988944804,-0.1163235401114684,-0.8930862328581066
21,55,2,bps,0.0,50.0,0.02,0.015,0,1,0.0,10.0,50285,11.64027083855784,-558.4305000000203,-0.0111053097345136,0.4893904742965099,0.9923944988944804,-0.1163235401114684,-0.8930862328581066
9,55,1,atr_pct,0.6,0.0,0.015,0.01,0,0,0.0,10.0,51753,11.980092208568838,-576.0740000000128,-0.0111312194462159,0.4935172840221823,0.9924426246861516,-0.1343214258072818,-0.8698561840401641
9,55,1,atr_pct,0.6,0.0,0.015,0.01,0,1,0.0,10.0,51753,11.980092208568838,-576.0740000000128,-0.0111312194462159,0.4935172840221823,0.9924426246861516,-0.1343214258072818,-0.8698561840401641
9,55,2,atr_pct,0.6,0.0,0.02,0.01,0,0,0.0,10.0,51362,11.889581203341113,-577.1129999999731,-0.0112361862855802,0.4926988824422725,0.9923228676639996,-0.1095812462834043,-0.832802871597557
9,55,2,atr_pct,0.6,0.0,0.02,0.01,0,1,0.0,10.0,51362,11.889581203341113,-577.1129999999731,-0.0112361862855802,0.4926988824422725,0.9923228676639996,-0.1095812462834043,-0.832802871597557
21,55,2,atr_pct,0.6,0.0,0.015,0.01,0,0,0.0,10.0,51123,11.834256062038232,-577.2630000000162,-0.011291649551083,0.4917747393541067,0.9922405097724426,-0.100106905976985,-0.9052753695100502
21,55,2,atr_pct,0.6,0.0,0.015,0.01,0,1,0.0,10.0,51123,11.834256062038232,-577.2630000000162,-0.011291649551083,0.4917747393541067,0.9922405097724426,-0.100106905976985,-0.9052753695100502
9,55,1,atr_pct,0.6,0.0,0.02,0.015,0,0,0.0,10.0,51808,11.992823935646904,-581.2434999999348,-0.0112191842958603,0.4937075355157505,0.9924014843057528,-0.0966203167438863,-0.8791698240142861
9,55,1,atr_pct,0.6,0.0,0.02,0.015,0,1,0.0,10.0,51808,11.992823935646904,-581.2434999999348,-0.0112191842958603,0.4937075355157505,0.9924014843057528,-0.0966203167438863,-0.8791698240142861
21,55,1,atr_pct,0.3,0.0,0.015,0.01,200,0,0.0,10.0,51588,11.941897027334631,-582.5775000000331,-0.0112928878809031,0.4946693029386679,0.9923072469034676,-0.1367035509065738,-0.8659196764495953
21,55,1,atr_pct,0.3,0.0,0.015,0.01,200,1,0.0,10.0,51588,11.941897027334631,-582.5775000000331,-0.0112928878809031,0.4946693029386679,0.9923072469034676,-0.1367035509065738,-0.8659196764495953
21,55,2,atr_pct,0.3,0.0,0.02,0.015,0,0,0.0,10.0,51613,11.94768417600648,-596.6374999999982,-0.0115598298878189,0.488752833588437,0.9921377336109112,-0.095392374892806,-0.91541622100292
21,55,2,atr_pct,0.3,0.0,0.02,0.015,0,1,0.0,10.0,51613,11.94768417600648,-596.6374999999982,-0.0115598298878189,0.488752833588437,0.9921377336109112,-0.095392374892806,-0.91541622100292
21,55,1,atr_pct,0.3,0.0,0.015,0.015,0,0,0.0,10.0,51805,11.992129477806284,-605.358999999973,-0.0116853392529673,0.4960332014284335,0.9920854474991552,-0.0950150636575919,-0.962300669272042
21,55,1,atr_pct,0.3,0.0,0.015,0.015,0,1,0.0,10.0,51805,11.992129477806284,-605.358999999973,-0.0116853392529673,0.4960332014284335,0.9920854474991552,-0.0950150636575919,-0.962300669272042
9,55,1,atr_pct,1.0,0.0,0.02,0.01,200,0,0.0,10.0,51502,11.92198923590347,-609.8350000000535,-0.0118409964661576,0.4924468952662033,0.9919427142687246,-0.1331165670962582,-0.9121108818336487
9,55,1,atr_pct,1.0,0.0,0.02,0.01,200,1,0.0,10.0,51502,11.92198923590347,-609.8350000000535,-0.0118409964661576,0.4924468952662033,0.9919427142687246,-0.1331165670962582,-0.9121108818336487
9,26,2,atr_pct,1.0,0.0,0.02,0.015,0,0,0.0,10.0,51509,11.923609637531587,-612.3315000000207,-0.0118878545496907,0.489700828981343,0.9918965127676392,-0.1046855471479875,-0.9683037570881308
9,26,2,atr_pct,1.0,0.0,0.02,0.015,0,1,0.0,10.0,51509,11.923609637531587,-612.3315000000207,-0.0118878545496907,0.489700828981343,0.9918965127676392,-0.1046855471479875,-0.9683037570881308
9,55,2,bps,0.0,120.0,0.015,0.015,0,0,0.0,10.0,46839,10.842570265630124,-616.0460000000674,-0.0131524157219425,0.4913213347851149,0.990912121227498,-0.1210820667042769,-0.9982627567643788
9,55,2,bps,0.0,120.0,0.015,0.015,0,1,0.0,10.0,46839,10.842570265630124,-616.0460000000674,-0.0131524157219425,0.4913213347851149,0.990912121227498,-0.1210820667042769,-0.9982627567643788
9,55,2,bps,0.0,120.0,0.015,0.015,200,0,0.0,10.0,46839,10.842570265630124,-616.0460000000674,-0.0131524157219425,0.4913213347851149,0.990912121227498,-0.1210820667042769,-0.9982627567643788
9,55,2,bps,0.0,120.0,0.015,0.015,200,1,0.0,10.0,46839,10.842570265630124,-616.0460000000674,-0.0131524157219425,0.4913213347851149,0.990912121227498,-0.1210820667042769,-0.9982627567643788
21,55,2,atr_pct,0.3,0.0,0.015,0.015,0,0,0.0,10.0,51574,11.938656224078397,-626.0270000000096,-0.0121384224609301,0.4889866987241633,0.991732536590251,-0.1262249313585066,-0.9381819482232424
21,55,2,atr_pct,0.3,0.0,0.015,0.015,0,1,0.0,10.0,51574,11.938656224078397,-626.0270000000096,-0.0121384224609301,0.4889866987241633,0.991732536590251,-0.1262249313585066,-0.9381819482232424
9,55,2,bps,0.0,50.0,0.015,0.015,0,0,0.0,10.0,51366,11.89050714712861,-628.1815000000548,-0.0122295195265361,0.4898765720515516,0.9916533496003463,-0.129192026641731,-0.9311483563752112
9,55,2,bps,0.0,50.0,0.015,0.015,0,1,0.0,10.0,51366,11.89050714712861,-628.1815000000548,-0.0122295195265361,0.4898765720515516,0.9916533496003463,-0.129192026641731,-0.9311483563752112
21,26,2,atr_pct,0.3,0.0,0.015,0.015,0,0,0.0,10.0,51262,11.866432608653716,-644.8965000000178,-0.0125804006866688,0.4911825523779798,0.9913785236615557,-0.1098258968977524,-1.026497637888348
21,26,2,atr_pct,0.3,0.0,0.015,0.015,0,1,0.0,10.0,51262,11.866432608653716,-644.8965000000178,-0.0125804006866688,0.4911825523779798,0.9913785236615557,-0.1098258968977524,-1.026497637888348
21,55,1,atr_pct,0.3,0.0,0.02,0.01,200,0,0.0,10.0,51590,11.94235999922838,-654.4260000000274,-0.0126851327776706,0.4927117658460942,0.9913665405419012,-0.1340724785990034,-0.9336809245503636
21,55,1,atr_pct,0.3,0.0,0.02,0.01,200,1,0.0,10.0,51590,11.94235999922838,-654.4260000000274,-0.0126851327776706,0.4927117658460942,0.9913665405419012,-0.1340724785990034,-0.9336809245503636
9,26,1,atr_pct,0.6,0.0,0.02,0.015,0,0,0.0,10.0,51748,11.978934778834468,-659.8544999999151,-0.0127513043982359,0.4938355105511324,0.9913558445204702,-0.1002320158971037,-1.0255950423056226
9,26,1,atr_pct,0.6,0.0,0.02,0.015,0,1,0.0,10.0,51748,11.978934778834468,-659.8544999999151,-0.0127513043982359,0.4938355105511324,0.9913558445204702,-0.1002320158971037,-1.0255950423056226
21,55,2,atr_pct,0.3,0.0,0.015,0.015,200,0,0.0,10.0,51470,11.914581685603505,-680.8905000000116,-0.0132288809014962,0.4891587332426656,0.9909787529178108,-0.1319701495418209,-1.0150438023638395
21,55,2,atr_pct,0.3,0.0,0.015,0.015,200,1,0.0,10.0,51470,11.914581685603505,-680.8905000000116,-0.0132288809014962,0.4891587332426656,0.9909787529178108,-0.1319701495418209,-1.0150438023638395
9,55,2,bps,0.0,50.0,0.02,0.015,0,0,0.0,10.0,51419,11.90277590231293,-697.5415000000523,-0.0135658316964556,0.4892549446702581,0.9907673350063244,-0.1194313000598212,-1.0601502999152157
9,55,2,bps,0.0,50.0,0.02,0.015,0,1,0.0,10.0,51419,11.90277590231293,-697.5415000000523,-0.0135658316964556,0.4892549446702581,0.9907673350063244,-0.1194313000598212,-1.0601502999152157
9,26,2,bps,0.0,120.0,0.02,0.015,0,0,0.0,10.0,23930,5.539458708694226,-703.8394999999773,-0.0294124320936054,0.488675302966987,0.9799759500132406,-0.0761362031582728,-2.003544586872779
9,26,2,bps,0.0,120.0,0.02,0.015,0,1,0.0,10.0,23930,5.539458708694226,-703.8394999999773,-0.0294124320936054,0.488675302966987,0.9799759500132406,-0.0761362031582728,-2.003544586872779
9,26,2,bps,0.0,120.0,0.02,0.015,200,0,0.0,10.0,23930,5.539458708694226,-703.8394999999773,-0.0294124320936054,0.488675302966987,0.9799759500132406,-0.0761362031582728,-2.003544586872779
9,26,2,bps,0.0,120.0,0.02,0.015,200,1,0.0,10.0,23930,5.539458708694226,-703.8394999999773,-0.0294124320936054,0.488675302966987,0.9799759500132406,-0.0761362031582728,-2.003544586872779
9,55,1,atr_pct,1.0,0.0,0.015,0.01,200,0,0.0,10.0,51505,11.92268369374409,-704.4415000000505,-0.0136771478497243,0.4933695757693427,0.9906883989944056,-0.1200127452962916,-1.083981574533024
9,55,1,atr_pct,1.0,0.0,0.015,0.01,200,1,0.0,10.0,51505,11.92268369374409,-704.4415000000505,-0.0136771478497243,0.4933695757693427,0.9906883989944056,-0.1200127452962916,-1.083981574533024
21,55,1,atr_pct,1.0,0.0,0.02,0.015,0,0,0.0,10.0,51630,11.951619437103338,-717.1225000000107,-0.0138896474917685,0.4928529924462522,0.9905688808438364,-0.1501743538424402,-1.1200643896794962
21,55,1,atr_pct,1.0,0.0,0.02,0.015,0,1,0.0,10.0,51630,11.951619437103338,-717.1225000000107,-0.0138896474917685,0.4928529924462522,0.9905688808438364,-0.1501743538424402,-1.1200643896794962
21,55,1,atr_pct,0.6,0.0,0.02,0.015,200,0,0.0,10.0,51696,11.96689750959702,-719.1319999999354,-0.0139107861343224,0.4931522748375116,0.990557597197012,-0.1058212842922592,-1.1040322771376236
21,55,1,atr_pct,0.6,0.0,0.02,0.015,200,1,0.0,10.0,51696,11.96689750959702,-719.1319999999354,-0.0139107861343224,0.4931522748375116,0.990557597197012,-0.1058212842922592,-1.1040322771376236
9,26,2,bps,0.0,120.0,0.015,0.015,0,0,0.0,10.0,12072,2.794498350662628,-740.3689999999694,-0.061329440026505,0.4875745526838966,0.9581877658571606,-0.0770138993689645,-3.954042603776482
9,26,2,bps,0.0,120.0,0.015,0.015,0,1,0.0,10.0,12072,2.794498350662628,-740.3689999999694,-0.061329440026505,0.4875745526838966,0.9581877658571606,-0.0770138993689645,-3.954042603776482
9,26,2,bps,0.0,120.0,0.015,0.015,200,0,0.0,10.0,12072,2.794498350662628,-740.3689999999694,-0.061329440026505,0.4875745526838966,0.9581877658571606,-0.0770138993689645,-3.954042603776482
9,26,2,bps,0.0,120.0,0.015,0.015,200,1,0.0,10.0,12072,2.794498350662628,-740.3689999999694,-0.061329440026505,0.4875745526838966,0.9581877658571606,-0.0770138993689645,-3.954042603776482
9,55,1,atr_pct,1.0,0.0,0.02,0.015,200,0,0.0,10.0,51719,11.97222168637512,-741.1934999999371,-0.0143311645623453,0.4933583402617993,0.9902889387703908,-0.0951080213050417,-1.1407145870191664
9,55,1,atr_pct,1.0,0.0,0.02,0.015,200,1,0.0,10.0,51719,11.97222168637512,-741.1934999999371,-0.0143311645623453,0.4933583402617993,0.9902889387703908,-0.0951080213050417,-1.1407145870191664
21,26,2,atr_pct,0.3,0.0,0.015,0.015,200,0,0.0,10.0,51222,11.857173170778756,-746.4865000000193,-0.0145735523798371,0.4912537581507946,0.9900134813750564,-0.1206021442023378,-1.1763008544406797
21,26,2,atr_pct,0.3,0.0,0.015,0.015,200,1,0.0,10.0,51222,11.857173170778756,-746.4865000000193,-0.0145735523798371,0.4912537581507946,0.9900134813750564,-0.1206021442023378,-1.1763008544406797
21,55,2,bps,0.0,50.0,0.02,0.01,200,0,0.0,10.0,46971,10.873126410617488,-750.9479999999971,-0.0159874816376061,0.4926231078750718,0.9889064631609686,-0.1271155763096204,-1.1558821749669443
21,55,2,bps,0.0,50.0,0.02,0.01,200,1,0.0,10.0,46971,10.873126410617488,-750.9479999999971,-0.0159874816376061,0.4926231078750718,0.9889064631609686,-0.1271155763096204,-1.1558821749669443
9,55,2,atr_pct,1.0,0.0,0.015,0.01,200,0,0.0,10.0,50997,11.805088832732112,-782.6104999999613,-0.0153462066396054,0.4923819048179305,0.989443274555716,-0.1191087610872503,-1.2611515027421525
9,55,2,atr_pct,1.0,0.0,0.015,0.01,200,1,0.0,10.0,50997,11.805088832732112,-782.6104999999613,-0.0153462066396054,0.4923819048179305,0.989443274555716,-0.1191087610872503,-1.2611515027421525
21,55,2,atr_pct,0.6,0.0,0.015,0.015,0,0,0.0,10.0,51506,11.922915179690966,-796.4115000000655,-0.0154624995146209,0.4885061934531899,0.9894720785649722,-0.151703710538919,-1.211505518821422
21,55,2,atr_pct,0.6,0.0,0.015,0.015,0,1,0.0,10.0,51506,11.922915179690966,-796.4115000000655,-0.0154624995146209,0.4885061934531899,0.9894720785649722,-0.151703710538919,-1.211505518821422
9,55,1,atr_pct,1.0,0.0,0.02,0.015,0,0,0.0,10.0,51752,11.979860722621964,-803.7509999999423,-0.0155308200649239,0.4929084866285361,0.9894861458445768,-0.1066212671308135,-1.23434087467128
9,55,1,atr_pct,1.0,0.0,0.02,0.015,0,1,0.0,10.0,51752,11.979860722621964,-803.7509999999423,-0.0155308200649239,0.4929084866285361,0.9894861458445768,-0.1066212671308135,-1.23434087467128
21,55,2,bps,0.0,50.0,0.02,0.01,0,0,0.0,10.0,47643,11.0286849669168,-811.9659999999999,-0.0170427135151019,0.4926012215855425,0.9881312006293184,-0.1296338333195803,-1.2473221962626198
21,55,2,bps,0.0,50.0,0.02,0.01,0,1,0.0,10.0,47643,11.0286849669168,-811.9659999999999,-0.0170427135151019,0.4926012215855425,0.9881312006293184,-0.1296338333195803,-1.2473221962626198
9,55,2,atr_pct,0.3,0.0,0.02,0.015,200,0,0.0,10.0,51589,11.942128513281505,-819.8380000000498,-0.0158917211033369,0.4886894493012076,0.9892141242061664,-0.1181064799522322,-1.2886876827972826
9,55,2,atr_pct,0.3,0.0,0.02,0.015,200,1,0.0,10.0,51589,11.942128513281505,-819.8380000000498,-0.0158917211033369,0.4886894493012076,0.9892141242061664,-0.1181064799522322,-1.2886876827972826
21,55,2,bps,0.0,50.0,0.015,0.01,200,0,0.0,10.0,46906,10.85807982407068,-829.3785000000081,-0.0176817144928155,0.4928793757728222,0.9877029410200472,-0.1386709529477821,-1.3033381265718649
21,55,2,bps,0.0,50.0,0.015,0.01,200,1,0.0,10.0,46906,10.85807982407068,-829.3785000000081,-0.0176817144928155,0.4928793757728222,0.9877029410200472,-0.1386709529477821,-1.3033381265718649
21,26,2,atr_pct,0.3,0.0,0.02,0.015,200,0,0.0,10.0,51320,11.879858793572406,-879.3805000000066,-0.0171352396726423,0.4898869836321122,0.9883023407549824,-0.1431541017891556,-1.3976569131970518
21,26,2,atr_pct,0.3,0.0,0.02,0.015,200,1,0.0,10.0,51320,11.879858793572406,-879.3805000000066,-0.0171352396726423,0.4898869836321122,0.9883023407549824,-0.1431541017891556,-1.3976569131970518
21,55,2,bps,0.0,50.0,0.015,0.01,0,0,0.0,10.0,47581,11.014332838210612,-889.0285000000113,-0.0186845274374227,0.4928647989743805,0.9869615664379364,-0.1430277518142325,-1.3944139901530352
21,55,2,bps,0.0,50.0,0.015,0.01,0,1,0.0,10.0,47581,11.014332838210612,-889.0285000000113,-0.0186845274374227,0.4928647989743805,0.9869615664379364,-0.1430277518142325,-1.3944139901530352
21,26,2,atr_pct,0.3,0.0,0.015,0.01,0,0,0.0,10.0,50423,11.672215899226453,-895.9149999999561,-0.0177679828649615,0.4917200483906154,0.9876955641555308,-0.1383644575319079,-1.3737535480112733
21,26,2,atr_pct,0.3,0.0,0.015,0.01,0,1,0.0,10.0,50423,11.672215899226453,-895.9149999999561,-0.0177679828649615,0.4917200483906154,0.9876955641555308,-0.1383644575319079,-1.3737535480112733
9,55,2,atr_pct,1.0,0.0,0.02,0.015,200,0,0.0,10.0,51529,11.928239356469067,-909.8015000000124,-0.0176561062702558,0.4888897514021231,0.9880053530209753,-0.1022497618744712,-1.4443276091999273
9,55,2,atr_pct,1.0,0.0,0.02,0.015,200,1,0.0,10.0,51529,11.928239356469067,-909.8015000000124,-0.0176561062702558,0.4888897514021231,0.9880053530209753,-0.1022497618744712,-1.4443276091999273
21,26,2,atr_pct,0.3,0.0,0.02,0.015,0,0,0.0,10.0,51365,11.890275661181734,-926.7310000000044,-0.0180420714494306,0.489107368830916,0.9876968865428688,-0.1460583989983396,-1.4663653703439432
21,26,2,atr_pct,0.3,0.0,0.02,0.015,0,1,0.0,10.0,51365,11.890275661181734,-926.7310000000044,-0.0180420714494306,0.489107368830916,0.9876968865428688,-0.1460583989983396,-1.4663653703439432
9,55,2,atr_pct,1.0,0.0,0.015,0.01,0,0,0.0,10.0,51231,11.859256544300624,-932.3469999999788,-0.0181988834885124,0.4921434287833538,0.987546524369828,-0.1301076659155421,-1.5103544402743718
9,55,2,atr_pct,1.0,0.0,0.015,0.01,0,1,0.0,10.0,51231,11.859256544300624,-932.3469999999788,-0.0181988834885124,0.4921434287833538,0.987546524369828,-0.1301076659155421,-1.5103544402743718
21,55,2,atr_pct,1.0,0.0,0.02,0.015,200,0,0.0,10.0,51308,11.877080962209918,-933.3494999999846,-0.0181911105480623,0.489319404381383,0.9875823583874054,-0.101621295100488,-1.4389342034514556
21,55,2,atr_pct,1.0,0.0,0.02,0.015,200,1,0.0,10.0,51308,11.877080962209918,-933.3494999999846,-0.0181911105480623,0.489319404381383,0.9875823583874054,-0.101621295100488,-1.4389342034514556
9,55,1,bps,0.0,120.0,0.02,0.015,0,0,0.0,10.0,48100,11.134474044638203,-940.134999999926,-0.0195454261954246,0.4922453222453222,0.9866714034044552,-0.1770338870883074,-1.4895583714626672
9,55,1,bps,0.0,120.0,0.02,0.015,0,1,0.0,10.0,48100,11.134474044638203,-940.134999999926,-0.0195454261954246,0.4922453222453222,0.9866714034044552,-0.1770338870883074,-1.4895583714626672
9,55,1,bps,0.0,120.0,0.02,0.015,200,0,0.0,10.0,48100,11.134474044638203,-940.134999999926,-0.0195454261954246,0.4922453222453222,0.9866714034044552,-0.1770338870883074,-1.4895583714626672
9,55,1,bps,0.0,120.0,0.02,0.015,200,1,0.0,10.0,48100,11.134474044638203,-940.134999999926,-0.0195454261954246,0.4922453222453222,0.9866714034044552,-0.1770338870883074,-1.4895583714626672
9,55,2,atr_pct,0.6,0.0,0.015,0.01,0,0,0.0,10.0,51330,11.882173653041146,-945.5909999999894,-0.0184218001168905,0.4923826222481979,0.9874259109363318,-0.1420608483170092,-1.42730511583795
9,55,2,atr_pct,0.6,0.0,0.015,0.01,0,1,0.0,10.0,51330,11.882173653041146,-945.5909999999894,-0.0184218001168905,0.4923826222481979,0.9874259109363318,-0.1420608483170092,-1.42730511583795
9,55,2,atr_pct,0.3,0.0,0.02,0.015,0,0,0.0,10.0,51635,11.952776866837707,-945.9235000000594,-0.0183194248087549,0.4884477583034763,0.9875862760432458,-0.130744403272484,-1.4727187095428511
9,55,2,atr_pct,0.3,0.0,0.02,0.015,0,1,0.0,10.0,51635,11.952776866837707,-945.9235000000594,-0.0183194248087549,0.4884477583034763,0.9875862760432458,-0.130744403272484,-1.4727187095428511
9,55,2,atr_pct,1.0,0.0,0.02,0.015,0,0,0.0,10.0,51569,11.937498794344028,-947.2740000000076,-0.0183690589307531,0.4887820202059377,0.987532932098481,-0.1012358407785681,-1.507185381844699
9,55,2,atr_pct,1.0,0.0,0.02,0.015,0,1,0.0,10.0,51569,11.937498794344028,-947.2740000000076,-0.0183690589307531,0.4887820202059377,0.987532932098481,-0.1012358407785681,-1.507185381844699
9,26,2,atr_pct,0.6,0.0,0.02,0.015,0,0,0.0,10.0,51562,11.935878392715908,-1001.4085000000646,-0.0194214440867317,0.4884604941623676,0.9868224083189236,-0.1369675265039125,-1.5289272633751312
9,26,2,atr_pct,0.6,0.0,0.02,0.015,0,1,0.0,10.0,51562,11.935878392715908,-1001.4085000000646,-0.0194214440867317,0.4884604941623676,0.9868224083189236,-0.1369675265039125,-1.5289272633751312
21,55,2,atr_pct,1.0,0.0,0.02,0.015,0,0,0.0,10.0,51388,11.895599837959836,-1010.4374999999836,-0.0196629076827271,0.4892387327780805,0.9866090373040368,-0.1092748596791748,-1.562132534883345
21,55,2,atr_pct,1.0,0.0,0.02,0.015,0,1,0.0,10.0,51388,11.895599837959836,-1010.4374999999836,-0.0196629076827271,0.4892387327780805,0.9866090373040368,-0.1092748596791748,-1.562132534883345
21,55,2,atr_pct,0.3,0.0,0.02,0.015,200,0,0.0,10.0,51520,11.9261559829472,-1012.3915000000168,-0.0196504561335407,0.4883346273291925,0.9866562258182014,-0.1397185001391486,-1.5691325711023898
21,55,2,atr_pct,0.3,0.0,0.02,0.015,200,1,0.0,10.0,51520,11.9261559829472,-1012.3915000000168,-0.0196504561335407,0.4883346273291925,0.9866562258182014,-0.1397185001391486,-1.5691325711023898
9,26,2,atr_pct,0.3,0.0,0.015,0.015,0,0,0.0,10.0,51578,11.939582167865892,-1067.2895000000312,-0.0206927275194856,0.4881926402729846,0.98595858479824,-0.1324443764200809,-1.607340050411435
9,26,2,atr_pct,0.3,0.0,0.015,0.015,0,1,0.0,10.0,51578,11.939582167865892,-1067.2895000000312,-0.0206927275194856,0.4881926402729846,0.98595858479824,-0.1324443764200809,-1.607340050411435
9,26,2,atr_pct,1.0,0.0,0.015,0.015,200,0,0.0,10.0,51328,11.881710681147398,-1073.9535000000433,-0.0209233459320457,0.4897911471321696,0.9857257219605112,-0.1413339709105551,-1.7220801146529634
9,26,2,atr_pct,1.0,0.0,0.015,0.015,200,1,0.0,10.0,51328,11.881710681147398,-1073.9535000000433,-0.0209233459320457,0.4897911471321696,0.9857257219605112,-0.1413339709105551,-1.7220801146529634
9,55,2,bps,0.0,120.0,0.02,0.01,0,0,0.0,10.0,37703,8.727714654989486,-1095.8000000000343,-0.0290640002121856,0.4930376893085431,0.9798629060469126,-0.1414808285477742,-2.055363314522335
9,55,2,bps,0.0,120.0,0.02,0.01,0,1,0.0,10.0,37703,8.727714654989486,-1095.8000000000343,-0.0290640002121856,0.4930376893085431,0.9798629060469126,-0.1414808285477742,-2.055363314522335
9,55,2,bps,0.0,120.0,0.02,0.01,200,0,0.0,10.0,37703,8.727714654989486,-1095.8000000000343,-0.0290640002121856,0.4930376893085431,0.9798629060469126,-0.1414808285477742,-2.055363314522335
9,55,2,bps,0.0,120.0,0.02,0.01,200,1,0.0,10.0,37703,8.727714654989486,-1095.8000000000343,-0.0290640002121856,0.4930376893085431,0.9798629060469126,-0.1414808285477742,-2.055363314522335
21,55,1,atr_pct,0.3,0.0,0.02,0.015,0,0,0.0,10.0,51807,11.992592449700032,-1099.6209999999628,-0.0212253363445087,0.4917868241743394,0.9856689458072728,-0.136335803626668,-1.6765562984165687
21,55,1,atr_pct,0.3,0.0,0.02,0.015,0,1,0.0,10.0,51807,11.992592449700032,-1099.6209999999628,-0.0212253363445087,0.4917868241743394,0.9856689458072728,-0.136335803626668,-1.6765562984165687
9,26,2,bps,0.0,50.0,0.02,0.01,200,0,0.0,10.0,45854,10.614556607959258,-1141.1159999999677,-0.0248858551053336,0.4907968770445326,0.9829219032925444,-0.1534144438004826,-1.852549622782043
9,26,2,bps,0.0,50.0,0.02,0.01,200,1,0.0,10.0,45854,10.614556607959258,-1141.1159999999677,-0.0248858551053336,0.4907968770445326,0.9829219032925444,-0.1534144438004826,-1.852549622782043
9,55,2,bps,0.0,50.0,0.015,0.015,200,0,0.0,10.0,51285,11.871756785431815,-1146.7765000000518,-0.0223608560007809,0.489090377303305,0.984778976500709,-0.1453559685894173,-1.6943865595612515
9,55,2,bps,0.0,50.0,0.015,0.015,200,1,0.0,10.0,51285,11.871756785431815,-1146.7765000000518,-0.0223608560007809,0.489090377303305,0.984778976500709,-0.1453559685894173,-1.6943865595612515
9,55,2,atr_pct,0.6,0.0,0.02,0.015,0,0,0.0,10.0,51623,11.94999903547522,-1154.66050000005,-0.0223671716095548,0.4887162698797048,0.9848608832847252,-0.1501947112025342,-1.790846660775009
9,55,2,atr_pct,0.6,0.0,0.02,0.015,0,1,0.0,10.0,51623,11.94999903547522,-1154.66050000005,-0.0223671716095548,0.4887162698797048,0.9848608832847252,-0.1501947112025342,-1.790846660775009
21,55,2,bps,0.0,120.0,0.02,0.01,0,0,0.0,10.0,11308,2.617643087250911,-1155.1579999999867,-0.1021540502299245,0.4899186416696144,0.9346498059449574,-0.1161345058459045,-5.854161326727343
21,55,2,bps,0.0,120.0,0.02,0.01,0,1,0.0,10.0,11308,2.617643087250911,-1155.1579999999867,-0.1021540502299245,0.4899186416696144,0.9346498059449574,-0.1161345058459045,-5.854161326727343
21,55,2,bps,0.0,120.0,0.02,0.01,200,0,0.0,10.0,11308,2.617643087250911,-1155.1579999999867,-0.1021540502299245,0.4899186416696144,0.9346498059449574,-0.1161345058459045,-5.854161326727343
21,55,2,bps,0.0,120.0,0.02,0.01,200,1,0.0,10.0,11308,2.617643087250911,-1155.1579999999867,-0.1021540502299245,0.4899186416696144,0.9346498059449574,-0.1161345058459045,-5.854161326727343
9,26,2,atr_pct,0.6,0.0,0.015,0.015,0,0,0.0,10.0,51515,11.92499855321283,-1160.044000000076,-0.0225185674075526,0.4884984955838105,0.9847006146842237,-0.1691633646784222,-1.756490962543773
9,26,2,atr_pct,0.6,0.0,0.015,0.015,0,1,0.0,10.0,51515,11.92499855321283,-1160.044000000076,-0.0225185674075526,0.4884984955838105,0.9847006146842237,-0.1691633646784222,-1.756490962543773
9,55,2,atr_pct,0.6,0.0,0.02,0.015,200,0,0.0,10.0,51576,11.939119195972143,-1166.2025000000522,-0.0226113405459913,0.4887350705754614,0.9846802398723536,-0.1513469063829198,-1.816134110644861
9,55,2,atr_pct,0.6,0.0,0.02,0.015,200,1,0.0,10.0,51576,11.939119195972143,-1166.2025000000522,-0.0226113405459913,0.4887350705754614,0.9846802398723536,-0.1513469063829198,-1.816134110644861
21,26,1,atr_pct,1.0,0.0,0.015,0.015,0,0,0.0,10.0,36213,8.382800594147263,-1186.0339999999887,-0.0327516085383698,0.4905696849197802,0.9763968316779352,-0.154545823837177,-2.763792192319575
21,26,1,atr_pct,1.0,0.0,0.015,0.015,0,1,0.0,10.0,36213,8.382800594147263,-1186.0339999999887,-0.0327516085383698,0.4905696849197802,0.9763968316779352,-0.154545823837177,-2.763792192319575
21,26,1,atr_pct,1.0,0.0,0.015,0.015,200,0,0.0,10.0,36213,8.382800594147263,-1186.0339999999887,-0.0327516085383698,0.4905696849197802,0.9763968316779352,-0.154545823837177,-2.763792192319575
21,26,1,atr_pct,1.0,0.0,0.015,0.015,200,1,0.0,10.0,36213,8.382800594147263,-1186.0339999999887,-0.0327516085383698,0.4905696849197802,0.9763968316779352,-0.154545823837177,-2.763792192319575
9,55,2,bps,0.0,50.0,0.02,0.015,200,0,0.0,10.0,51336,11.88356256872239,-1217.1485000000473,-0.0237094534050188,0.4883512544802867,0.9839051309874884,-0.1236039415066996,-1.847099713477099
9,55,2,bps,0.0,50.0,0.02,0.015,200,1,0.0,10.0,51336,11.88356256872239,-1217.1485000000473,-0.0237094534050188,0.4883512544802867,0.9839051309874884,-0.1236039415066996,-1.847099713477099
21,55,2,atr_pct,0.6,0.0,0.015,0.015,200,0,0.0,10.0,51413,11.901386986631683,-1217.511500000056,-0.0236810048042334,0.4879894190185361,0.9838883950469456,-0.1618391603443927,-1.80584513434236
21,55,2,atr_pct,0.6,0.0,0.015,0.015,200,1,0.0,10.0,51413,11.901386986631683,-1217.511500000056,-0.0236810048042334,0.4879894190185361,0.9838883950469456,-0.1618391603443927,-1.80584513434236
21,55,2,bps,0.0,50.0,0.015,0.015,200,0,0.0,10.0,50107,11.599066340014272,-1223.8940000000202,-0.0244256091963202,0.4878959027680763,0.9832783481719648,-0.1911982037407996,-1.8987207007798936
21,55,2,bps,0.0,50.0,0.015,0.015,200,1,0.0,10.0,50107,11.599066340014272,-1223.8940000000202,-0.0244256091963202,0.4878959027680763,0.9832783481719648,-0.1911982037407996,-1.8987207007798936
9,26,2,bps,0.0,50.0,0.02,0.01,0,0,0.0,10.0,46048,10.65946488165281,-1231.6569999999624,-0.0267472420083383,0.4912482626824183,0.9816832615884116,-0.160381606993069,-1.9793184684436576
9,26,2,bps,0.0,50.0,0.02,0.01,0,1,0.0,10.0,46048,10.65946488165281,-1231.6569999999624,-0.0267472420083383,0.4912482626824183,0.9816832615884116,-0.160381606993069,-1.9793184684436576
9,26,2,atr_pct,1.0,0.0,0.02,0.015,200,0,0.0,10.0,51450,11.909951966666023,-1232.384000000023,-0.0239530417881442,0.4883965014577259,0.9837181371605416,-0.1286745063589581,-1.97205286709102
9,26,2,atr_pct,1.0,0.0,0.02,0.015,200,1,0.0,10.0,51450,11.909951966666023,-1232.384000000023,-0.0239530417881442,0.4883965014577259,0.9837181371605416,-0.1286745063589581,-1.97205286709102
9,26,2,atr_pct,0.3,0.0,0.015,0.015,200,0,0.0,10.0,51517,11.92546152510658,-1237.7955000000416,-0.0240269328571159,0.4884018867558282,0.9836917654466548,-0.1496040903603041,-1.9028858507885813
9,26,2,atr_pct,0.3,0.0,0.015,0.015,200,1,0.0,10.0,51517,11.92546152510658,-1237.7955000000416,-0.0240269328571159,0.4884018867558282,0.9836917654466548,-0.1496040903603041,-1.9028858507885813
9,55,2,atr_pct,1.0,0.0,0.015,0.015,200,0,0.0,10.0,51472,11.91504465749725,-1242.486500000011,-0.0241390756139262,0.4890814423375816,0.983601554220004,-0.1560358401787963,-1.921697674608266
9,55,2,atr_pct,1.0,0.0,0.015,0.015,200,1,0.0,10.0,51472,11.91504465749725,-1242.486500000011,-0.0241390756139262,0.4890814423375816,0.983601554220004,-0.1560358401787963,-1.921697674608266
21,55,2,bps,0.0,50.0,0.015,0.015,0,0,0.0,10.0,50118,11.601612685429888,-1244.0940000000203,-0.0248232970190354,0.4878885829442516,0.9830174904857012,-0.1931281037533488,-1.936142802050692
21,55,2,bps,0.0,50.0,0.015,0.015,0,1,0.0,10.0,50118,11.601612685429888,-1244.0940000000203,-0.0248232970190354,0.4878885829442516,0.9830174904857012,-0.1931281037533488,-1.936142802050692
21,55,2,atr_pct,1.0,0.0,0.015,0.015,200,0,0.0,10.0,51241,11.861571403769362,-1259.8135000000066,-0.0245860443785251,0.4894518061708398,0.9832229028280622,-0.1382222877891515,-1.9201234123592328
21,55,2,atr_pct,1.0,0.0,0.015,0.015,200,1,0.0,10.0,51241,11.861571403769362,-1259.8135000000066,-0.0245860443785251,0.4894518061708398,0.9832229028280622,-0.1382222877891515,-1.9201234123592328
21,55,2,bps,0.0,120.0,0.015,0.01,0,0,0.0,10.0,11281,2.611392966685314,-1286.3014999999837,-0.1140237124368392,0.4899388352096445,0.9271274422447564,-0.1292396822224372,-6.554885643523954
21,55,2,bps,0.0,120.0,0.015,0.01,0,1,0.0,10.0,11281,2.611392966685314,-1286.3014999999837,-0.1140237124368392,0.4899388352096445,0.9271274422447564,-0.1292396822224372,-6.554885643523954
21,55,2,bps,0.0,120.0,0.015,0.01,200,0,0.0,10.0,11281,2.611392966685314,-1286.3014999999837,-0.1140237124368392,0.4899388352096445,0.9271274422447564,-0.1292396822224372,-6.554885643523954
21,55,2,bps,0.0,120.0,0.015,0.01,200,1,0.0,10.0,11281,2.611392966685314,-1286.3014999999837,-0.1140237124368392,0.4899388352096445,0.9271274422447564,-0.1292396822224372,-6.554885643523954
9,55,2,atr_pct,1.0,0.0,0.015,0.015,0,0,0.0,10.0,51521,11.926387468894076,-1302.5495000000096,-0.0252819141709207,0.4890433027309253,0.9828476959886044,-0.1572309618234587,-2.0097962085144983
9,55,2,atr_pct,1.0,0.0,0.015,0.015,0,1,0.0,10.0,51521,11.926387468894076,-1302.5495000000096,-0.0252819141709207,0.4890433027309253,0.9828476959886044,-0.1572309618234587,-2.0097962085144983
21,55,2,bps,0.0,120.0,0.02,0.015,0,0,0.0,10.0,26845,6.214240243831863,-1324.5069999999714,-0.0493390575526158,0.4903333954181412,0.9671814847364736,-0.1374808684492442,-3.848408160372794
21,55,2,bps,0.0,120.0,0.02,0.015,0,1,0.0,10.0,26845,6.214240243831863,-1324.5069999999714,-0.0493390575526158,0.4903333954181412,0.9671814847364736,-0.1374808684492442,-3.848408160372794
21,55,2,bps,0.0,120.0,0.02,0.015,200,0,0.0,10.0,26845,6.214240243831863,-1324.5069999999714,-0.0493390575526158,0.4903333954181412,0.9671814847364736,-0.1374808684492442,-3.848408160372794
21,55,2,bps,0.0,120.0,0.02,0.015,200,1,0.0,10.0,26845,6.214240243831863,-1324.5069999999714,-0.0493390575526158,0.4903333954181412,0.9671814847364736,-0.1374808684492442,-3.848408160372794
9,55,1,bps,0.0,50.0,0.02,0.015,200,0,0.0,10.0,51601,11.944906344643991,-1409.879499999914,-0.0273227166140174,0.4917152768357202,0.9815520429518766,-0.1569058627335398,-2.2254040077615795
9,55,1,bps,0.0,50.0,0.02,0.015,200,1,0.0,10.0,51601,11.944906344643991,-1409.879499999914,-0.0273227166140174,0.4917152768357202,0.9815520429518766,-0.1569058627335398,-2.2254040077615795
21,55,2,atr_pct,1.0,0.0,0.015,0.015,0,0,0.0,10.0,51364,11.89004417523486,-1423.0085000000167,-0.0277043941281834,0.4893115800950082,0.9811567749672676,-0.1524812590596571,-2.165634537303501
21,55,2,atr_pct,1.0,0.0,0.015,0.015,0,1,0.0,10.0,51364,11.89004417523486,-1423.0085000000167,-0.0277043941281834,0.4893115800950082,0.9811567749672676,-0.1524812590596571,-2.165634537303501
9,26,2,bps,0.0,50.0,0.015,0.01,200,0,0.0,10.0,45719,10.583306005131272,-1459.0084999999635,-0.0319125199588784,0.4910212384347864,0.978073227089846,-0.1845533957831537,-2.472645161683025
9,26,2,bps,0.0,50.0,0.015,0.01,200,1,0.0,10.0,45719,10.583306005131272,-1459.0084999999635,-0.0319125199588784,0.4910212384347864,0.978073227089846,-0.1845533957831537,-2.472645161683025
21,55,1,atr_pct,1.0,0.0,0.015,0.01,0,0,0.0,10.0,51171,11.845367387488183,-1473.7990000000202,-0.0288014500400621,0.4909421351937621,0.9803867875047912,-0.194424311806642,-2.2535603087680927
21,55,1,atr_pct,1.0,0.0,0.015,0.01,0,1,0.0,10.0,51171,11.845367387488183,-1473.7990000000202,-0.0288014500400621,0.4909421351937621,0.9803867875047912,-0.194424311806642,-2.2535603087680927
21,55,1,atr_pct,1.0,0.0,0.02,0.01,0,0,0.0,10.0,51155,11.8416636123382,-1489.1470000000115,-0.0291104877333596,0.4898641384028931,0.9801997637316406,-0.2033343387755549,-2.2315609378271795
21,55,1,atr_pct,1.0,0.0,0.02,0.01,0,1,0.0,10.0,51155,11.8416636123382,-1489.1470000000115,-0.0291104877333596,0.4898641384028931,0.9801997637316406,-0.2033343387755549,-2.2315609378271795
9,26,2,atr_pct,0.6,0.0,0.02,0.015,200,0,0.0,10.0,51514,11.924767067265956,-1493.8300000000636,-0.0289985246729056,0.4875761928796055,0.9803663803266712,-0.154773693772862,-2.3168130674973404
9,26,2,atr_pct,0.6,0.0,0.02,0.015,200,1,0.0,10.0,51514,11.924767067265956,-1493.8300000000636,-0.0289985246729056,0.4875761928796055,0.9803663803266712,-0.154773693772862,-2.3168130674973404
9,55,1,bps,0.0,50.0,0.02,0.015,0,0,0.0,10.0,51651,11.956480641987692,-1497.5494999999182,-0.0289936206462588,0.4912780004259356,0.980450712559071,-0.1656605186686688,-2.3620217656220555
9,55,1,bps,0.0,50.0,0.02,0.015,0,1,0.0,10.0,51651,11.956480641987692,-1497.5494999999182,-0.0289936206462588,0.4912780004259356,0.980450712559071,-0.1656605186686688,-2.3620217656220555
9,26,2,bps,0.0,50.0,0.015,0.01,0,0,0.0,10.0,45920,10.62983468045294,-1519.4179999999585,-0.0330883710801384,0.4914198606271777,0.9773180529022611,-0.1885280106665904,-2.5349022229431064
9,26,2,bps,0.0,50.0,0.015,0.01,0,1,0.0,10.0,45920,10.62983468045294,-1519.4179999999585,-0.0330883710801384,0.4914198606271777,0.9773180529022611,-0.1885280106665904,-2.5349022229431064
9,55,2,atr_pct,0.6,0.0,0.015,0.015,0,0,0.0,10.0,51583,11.94073959760026,-1540.0195000000597,-0.0298551751546063,0.4882422503537987,0.9798089432334636,-0.1879037973925597,-2.4054176879366005
9,55,2,atr_pct,0.6,0.0,0.015,0.015,0,1,0.0,10.0,51583,11.94073959760026,-1540.0195000000597,-0.0298551751546063,0.4882422503537987,0.9798089432334636,-0.1879037973925597,-2.4054176879366005
21,55,1,atr_pct,1.0,0.0,0.02,0.01,200,0,0.0,10.0,50994,11.80439437489149,-1566.4320000000089,-0.030717966819626,0.4900380436914147,0.979066968190246,-0.2207557773639676,-2.4106275025758377
21,55,1,atr_pct,1.0,0.0,0.02,0.01,200,1,0.0,10.0,50994,11.80439437489149,-1566.4320000000089,-0.030717966819626,0.4900380436914147,0.979066968190246,-0.2207557773639676,-2.4106275025758377
9,55,2,bps,0.0,120.0,0.015,0.01,0,0,0.0,10.0,37792,8.74831690426127,-1640.0785000000387,-0.0433975047629138,0.4924322607959356,0.969919979420381,-0.1733557433760686,-3.2366367975565704
9,55,2,bps,0.0,120.0,0.015,0.01,0,1,0.0,10.0,37792,8.74831690426127,-1640.0785000000387,-0.0433975047629138,0.4924322607959356,0.969919979420381,-0.1733557433760686,-3.2366367975565704
9,55,2,bps,0.0,120.0,0.015,0.01,200,0,0.0,10.0,37792,8.74831690426127,-1640.0785000000387,-0.0433975047629138,0.4924322607959356,0.969919979420381,-0.1733557433760686,-3.2366367975565704
9,55,2,bps,0.0,120.0,0.015,0.01,200,1,0.0,10.0,37792,8.74831690426127,-1640.0785000000387,-0.0433975047629138,0.4924322607959356,0.969919979420381,-0.1733557433760686,-3.2366367975565704
9,26,2,atr_pct,0.6,0.0,0.015,0.015,200,0,0.0,10.0,51468,11.914118713709756,-1644.853500000075,-0.0319587607834008,0.4876233776327038,0.978332939932492,-0.1916348148872304,-2.526129226691343
9,26,2,atr_pct,0.6,0.0,0.015,0.015,200,1,0.0,10.0,51468,11.914118713709756,-1644.853500000075,-0.0319587607834008,0.4876233776327038,0.978332939932492,-0.1916348148872304,-2.526129226691343
21,26,1,atr_pct,0.6,0.0,0.015,0.015,0,0,0.0,10.0,48686,11.270124809506356,-1716.2934999999875,-0.0352523004559829,0.4911473524216407,0.9753617029260714,-0.1910275475981301,-2.9192904564265456
21,26,1,atr_pct,0.6,0.0,0.015,0.015,0,1,0.0,10.0,48686,11.270124809506356,-1716.2934999999875,-0.0352523004559829,0.4911473524216407,0.9753617029260714,-0.1910275475981301,-2.9192904564265456
21,26,1,atr_pct,0.6,0.0,0.015,0.015,200,0,0.0,10.0,48681,11.268967379771986,-1716.2934999999875,-0.0352559212012897,0.4911772560136398,0.9753609601426456,-0.1910275475981301,-2.9192904564265456
21,26,1,atr_pct,0.6,0.0,0.015,0.015,200,1,0.0,10.0,48681,11.268967379771986,-1716.2934999999875,-0.0352559212012897,0.4911772560136398,0.9753609601426456,-0.1910275475981301,-2.9192904564265456
9,26,2,atr_pct,0.3,0.0,0.02,0.015,200,0,0.0,10.0,51564,11.936341364609657,-1720.304000000047,-0.0333625009696696,0.4876270266077108,0.977480955330974,-0.1773817557450294,-2.7250493841692145
9,26,2,atr_pct,0.3,0.0,0.02,0.015,200,1,0.0,10.0,51564,11.936341364609657,-1720.304000000047,-0.0333625009696696,0.4876270266077108,0.977480955330974,-0.1773817557450294,-2.7250493841692145
9,26,2,atr_pct,0.3,0.0,0.02,0.015,0,0,0.0,10.0,51622,11.949767549528346,-1721.8045000000495,-0.0333540835302787,0.4875828135291155,0.977514904743425,-0.1775315451115315,-2.7219855937049853
9,26,2,atr_pct,0.3,0.0,0.02,0.015,0,1,0.0,10.0,51622,11.949767549528346,-1721.8045000000495,-0.0333540835302787,0.4875828135291155,0.977514904743425,-0.1775315451115315,-2.7219855937049853
9,55,2,atr_pct,0.6,0.0,0.015,0.015,200,0,0.0,10.0,51531,11.928702328362816,-1729.3485000000646,-0.0335593817313862,0.4881139508257165,0.9773033101458132,-0.2068038113682423,-2.6515118536734046
9,55,2,atr_pct,0.6,0.0,0.015,0.015,200,1,0.0,10.0,51531,11.928702328362816,-1729.3485000000646,-0.0335593817313862,0.4881139508257165,0.9773033101458132,-0.2068038113682423,-2.6515118536734046
21,55,1,atr_pct,1.0,0.0,0.015,0.01,200,0,0.0,10.0,51002,11.806246262466482,-1741.602500000011,-0.0341477295008041,0.490529783145759,0.9767354959797856,-0.2165228676952707,-2.7379467025239226
21,55,1,atr_pct,1.0,0.0,0.015,0.01,200,1,0.0,10.0,51002,11.806246262466482,-1741.602500000011,-0.0341477295008041,0.490529783145759,0.9767354959797856,-0.2165228676952707,-2.7379467025239226
21,26,1,atr_pct,0.6,0.0,0.02,0.015,0,0,0.0,10.0,49209,11.391191959721445,-1751.0689999999984,-0.0355843240057712,0.4899916681907781,0.9752777804641876,-0.1817996586409693,-2.8775047468500943
21,26,1,atr_pct,0.6,0.0,0.02,0.015,0,1,0.0,10.0,49209,11.391191959721445,-1751.0689999999984,-0.0355843240057712,0.4899916681907781,0.9752777804641876,-0.1817996586409693,-2.8775047468500943
21,26,1,atr_pct,0.6,0.0,0.02,0.015,200,0,0.0,10.0,49204,11.390034529987076,-1751.0689999999984,-0.0355879400048776,0.4900008129420372,0.9752760002465244,-0.1817996586409693,-2.8775047468500943
21,26,1,atr_pct,0.6,0.0,0.02,0.015,200,1,0.0,10.0,49204,11.390034529987076,-1751.0689999999984,-0.0355879400048776,0.4900008129420372,0.9752760002465244,-0.1817996586409693,-2.8775047468500943
9,26,2,bps,0.0,50.0,0.015,0.015,200,0,0.0,10.0,50131,11.60462200273925,-1837.040500000048,-0.0366448006223703,0.4894177255590353,0.9751516117294028,-0.1908268382913621,-2.895745374787605
9,26,2,bps,0.0,50.0,0.015,0.015,200,1,0.0,10.0,50131,11.60462200273925,-1837.040500000048,-0.0366448006223703,0.4894177255590353,0.9751516117294028,-0.1908268382913621,-2.895745374787605
9,26,2,bps,0.0,50.0,0.015,0.015,0,0,0.0,10.0,50150,11.609020235729854,-1862.7840000000476,-0.0371442472582262,0.4893718843469591,0.9748292873432116,-0.1933910389288204,-2.942422983716644
9,26,2,bps,0.0,50.0,0.015,0.015,0,1,0.0,10.0,50150,11.609020235729854,-1862.7840000000476,-0.0371442472582262,0.4893718843469591,0.9748292873432116,-0.1933910389288204,-2.942422983716644
21,55,2,bps,0.0,120.0,0.015,0.015,0,0,0.0,10.0,24393,5.646636702096877,-1911.256999999969,-0.0783526831468031,0.4884188086746198,0.9475088700415571,-0.199917842829254,-5.695762634685959
21,55,2,bps,0.0,120.0,0.015,0.015,0,1,0.0,10.0,24393,5.646636702096877,-1911.256999999969,-0.0783526831468031,0.4884188086746198,0.9475088700415571,-0.199917842829254,-5.695762634685959
21,55,2,bps,0.0,120.0,0.015,0.015,200,0,0.0,10.0,24393,5.646636702096877,-1911.256999999969,-0.0783526831468031,0.4884188086746198,0.9475088700415571,-0.199917842829254,-5.695762634685959
21,55,2,bps,0.0,120.0,0.015,0.015,200,1,0.0,10.0,24393,5.646636702096877,-1911.256999999969,-0.0783526831468031,0.4884188086746198,0.9475088700415571,-0.199917842829254,-5.695762634685959
9,26,2,bps,0.0,50.0,0.02,0.015,200,0,0.0,10.0,50301,11.643974613707826,-1931.938000000035,-0.0384075465696513,0.488996242619431,0.9740532754385844,-0.1971138000000168,-3.05297895875199
9,26,2,bps,0.0,50.0,0.02,0.015,200,1,0.0,10.0,50301,11.643974613707826,-1931.938000000035,-0.0384075465696513,0.488996242619431,0.9740532754385844,-0.1971138000000168,-3.05297895875199
9,26,2,bps,0.0,50.0,0.02,0.015,0,0,0.0,10.0,50312,11.64652095912344,-1964.281500000035,-0.0390420078708863,0.4889688344728892,0.9736386245470192,-0.200348150000017,-3.109741790883693
9,26,2,bps,0.0,50.0,0.02,0.015,0,1,0.0,10.0,50312,11.64652095912344,-1964.281500000035,-0.0390420078708863,0.4889688344728892,0.9736386245470192,-0.200348150000017,-3.109741790883693
