timestamp,price,position,equity
1766057463.4539647,123.507,0.0,191.883327
1766057464.3870282,123.509,0.0,191.883327
1766057464.9629817,123.507,0.0,191.883327
1766057465.5376854,123.507,0.0,191.883327
1766057466.1123207,123.506,0.0,191.883327
1766057466.8252335,123.506,0.0,191.883327
1766057467.533709,123.507,0.0,191.883327
1766057468.2458284,123.506,0.0,191.883327
1766057468.8209898,123.518,0.0,191.883327
1766057469.5316575,123.511,0.0,191.883327
1766057470.1056983,123.501,0.0,191.883327
1766057470.8158355,123.501,0.0,191.883327
1766057471.529258,123.484,0.0,191.883327
1766057472.105243,123.472,0.0,191.883327
1766057472.682259,123.469,0.0,191.883327
1766057473.2679915,123.468,0.0,191.883327
1766057473.842722,123.468,0.0,191.883327
1766057474.6428354,123.658,0.0,191.883327
1766057475.353518,123.62,0.0,191.883327
1766057475.9294815,123.621,0.0,191.883327
1766057476.6419077,123.616,0.0,191.883327
1766057477.2182176,123.617,0.0,191.883327
1766057477.793186,123.616,0.0,191.883327
1766057478.5070777,123.616,0.0,191.883327
1766057479.0845447,123.616,0.0,191.883327
1766057479.6589522,123.617,0.0,191.883327
1766057480.2336614,123.616,0.0,191.883327
1766057480.8087716,123.616,0.0,191.883327
1766057481.383601,123.617,0.0,191.883327
1766057481.961335,123.617,0.0,191.883327
1766057482.5380485,123.617,0.0,191.883327
1766057483.2477102,123.609,0.0,191.883327
1766057483.958106,123.609,0.0,191.883327
1766057484.5349963,123.609,0.0,191.883327
1766057485.4694967,123.61,0.0,191.883327
1766057486.0576348,123.609,0.0,191.883327
1766057486.7651148,123.612,0.0,191.883327
1766057487.3407326,123.613,0.0,191.883327
1766057487.9169362,123.621,0.0,191.883327
1766057488.4915698,123.62,0.0,191.883327
1766057489.2129421,123.62,0.0,191.883327
1766057489.7857118,123.62,0.0,191.883327
1766057490.4983885,123.621,0.0,191.883327
1766057491.0739918,123.621,0.0,191.883327
1766057491.6491284,123.621,0.0,191.883327
1766057492.2224662,123.621,0.0,191.883327
1766057492.7975726,123.625,0.0,191.883327
1766057493.5102942,123.629,0.0,191.883327
1766057494.0880823,123.628,0.0,191.883327
1766057494.6651912,123.629,0.0,191.883327
1766057495.3313892,123.629,0.0,191.883327
1766057495.9432096,123.63,0.0,191.883327
1766057496.5220618,123.632,0.0,191.883327
1766057497.0966234,123.633,0.0,191.883327
1766057497.6720517,123.633,0.0,191.883327
1766057498.3784747,123.633,0.0,191.883327
1766057499.0879965,123.633,0.0,191.883327
1766057499.7987754,123.635,0.0,191.883327
1766057500.3743324,123.634,0.0,191.883327
1766057500.9549177,123.636,0.0,191.883327
1766057501.6631436,123.638,0.0,191.883327
1766057502.2402542,123.634,0.0,191.883327
1766057502.9525158,123.634,0.0,191.883327
1766057503.6634595,123.635,0.0,191.883327
1766057504.2377706,123.635,0.0,191.883327
1766057504.9529722,123.637,0.0,191.883327
1766057505.617222,123.639,0.0,191.883327
1766057506.329038,123.638,0.0,191.883327
1766057507.042928,123.621,0.0,191.883327
1766057507.617919,123.622,0.0,191.883327
1766057508.1943345,123.621,0.0,191.883327
1766057508.767818,123.621,0.0,191.883327
1766057509.3442085,123.621,0.0,191.883327
1766057510.056146,123.621,0.0,191.883327
1766057510.7733457,123.622,0.0,191.883327
1766057511.347798,123.621,0.0,191.883327
1766057511.9249887,123.622,0.0,191.883327
1766057512.5005822,123.618,0.0,191.883327
1766057513.0756788,123.615,0.0,191.883327
1766057513.6530526,123.616,0.0,191.883327
1766057514.3648,123.618,0.0,191.883327
1766057515.0751271,123.618,0.0,191.883327
1766057515.8757358,123.618,0.0,191.883327
1766057516.450829,123.617,0.0,191.883327
1766057517.026242,123.617,0.0,191.883327
1766057517.6032798,123.617,0.0,191.883327
1766057518.1800287,123.617,0.0,191.883327
1766057518.889631,123.618,0.0,191.883327
1766057519.4681473,123.615,0.0,191.883327
1766057520.1806011,123.601,0.0,191.883327
1766057520.7564108,123.56,0.0,191.883327
1766057521.337666,123.548,0.0,191.883327
1766057521.917672,123.548,0.0,191.883327
1766057522.4960709,123.549,0.0,191.883327
1766057523.2094269,123.548,0.0,191.883327
1766057523.784979,123.549,0.0,191.883327
1766057524.5034897,123.548,0.0,191.883327
1766057525.0783844,123.563,0.0,191.883327
1766057525.8823488,123.555,0.0,191.883327
1766057526.5934486,123.552,0.0,191.883327
1766057527.3065975,123.542,0.0,191.883327
1766057527.8850453,123.542,0.0,191.883327
1766057528.5968225,123.542,0.0,191.883327
1766057529.3085437,123.543,0.0,191.883327
1766057529.8845735,123.543,0.0,191.883327
1766057530.5953794,123.544,0.0,191.883327
1766057531.3049588,123.545,0.0,191.883327
1766057532.020821,123.545,0.0,191.883327
1766057532.7307818,123.545,0.0,191.883327
1766057533.3108513,123.545,0.0,191.883327
1766057534.0198996,123.548,0.0,191.883327
1766057534.7296095,123.548,0.0,191.883327
1766057535.3065016,123.548,0.0,191.883327
1766057536.239408,123.555,0.0,191.883327
1766057536.815125,123.555,0.0,191.883327
1766057537.525798,123.556,0.0,191.883327
1766057538.1016035,123.555,0.0,191.883327
1766057538.6811628,123.555,0.0,191.883327
1766057539.3901992,123.548,0.0,191.883327
1766057539.965098,123.549,0.0,191.883327
1766057540.5488822,123.549,0.0,191.883327
1766057541.2562282,123.549,0.0,191.883327
1766057541.9663835,123.548,0.0,191.883327
1766057542.541195,123.548,0.0,191.883327
1766057543.2505617,123.548,0.0,191.883327
1766057543.8246827,123.549,0.0,191.883327
1766057544.5332258,123.549,0.0,191.883327
1766057545.2503757,123.549,0.0,191.883327
1766057545.8249385,123.548,0.0,191.883327
1766057546.4860442,123.551,0.0,191.883327
1766057547.0620778,123.551,0.0,191.883327
1766057547.6380057,123.552,0.0,191.883327
1766057548.3534727,123.556,0.0,191.883327
1766057549.06262,123.555,0.0,191.883327
1766057549.77588,123.555,0.0,191.883327
1766057550.3516254,123.551,0.0,191.883327
1766057550.9267745,123.55,0.0,191.883327
1766057551.5023935,123.55,0.0,191.883327
1766057552.0773323,123.55,0.0,191.883327
1766057552.7878876,123.551,0.0,191.883327
1766057553.4986508,123.55,0.0,191.883327
1766057554.2083733,123.55,0.0,191.883327
1766057554.9173684,123.55,0.0,191.883327
1766057555.5122614,123.55,0.0,191.883327
1766057556.0961592,123.55,0.0,191.883327
1766057556.8871725,123.551,0.0,191.883327
1766057557.5962331,123.551,0.0,191.883327
1766057558.173225,123.55,0.0,191.883327
1766057558.8834798,123.55,0.0,191.883327
1766057559.4563868,123.551,0.0,191.883327
1766057560.0306423,123.55,0.0,191.883327
1766057560.604201,123.55,0.0,191.883327
1766057561.17898,123.549,0.0,191.883327
1766057561.7526076,123.549,0.0,191.883327
1766057562.4654443,123.544,0.0,191.883327
1766057563.0409706,123.544,0.0,191.883327
1766057563.7708519,123.545,0.0,191.883327
1766057564.344667,123.544,0.0,191.883327
1766057564.9191508,123.544,0.0,191.883327
1766057565.6271558,123.544,0.0,191.883327
1766057566.2025993,123.545,0.0,191.883327
1766057566.9974947,123.547,0.0,191.883327
1766057567.5723567,123.548,0.0,191.883327
1766057568.280686,123.547,0.0,191.883327
1766057568.8617404,123.547,0.0,191.883327
1766057569.4394743,123.547,0.0,191.883327
1766057570.0450652,123.547,0.0,191.883327
1766057570.6318803,123.547,0.0,191.883327
1766057571.2077844,123.547,0.0,191.883327
1766057571.783356,123.548,0.0,191.883327
1766057572.3590534,123.548,0.0,191.883327
1766057573.067745,123.547,0.0,191.883327
1766057573.6418896,123.547,0.0,191.883327
1766057574.349546,123.547,0.0,191.883327
1766057574.926341,123.547,0.0,191.883327
1766057575.6383426,123.547,0.0,191.883327
1766057576.3491485,123.544,0.0,191.883327
1766057577.011456,123.544,0.0,191.883327
1766057577.7241492,123.543,0.0,191.883327
1766057578.3001578,123.544,0.0,191.883327
1766057578.8739266,123.542,0.0,191.883327
1766057579.4490027,123.542,0.0,191.883327
1766057580.1602073,123.534,0.0,191.883327
1766057580.7359822,123.538,0.0,191.883327
1766057581.3180897,123.537,0.0,191.883327
1766057581.893646,123.538,0.0,191.883327
1766057582.6044931,123.538,0.0,191.883327
1766057583.315358,123.537,0.0,191.883327
1766057584.0239272,123.537,0.0,191.883327
1766057584.6758342,123.538,0.0,191.883327
1766057585.3875737,123.537,0.0,191.883327
1766057585.9638784,123.537,0.0,191.883327
1766057586.6730368,123.537,0.0,191.883327
1766057587.4644918,123.537,0.0,191.883327
1766057588.0390413,123.537,0.0,191.883327
1766057588.6134567,123.536,0.0,191.883327
1766057589.3228414,123.536,0.0,191.883327
1766057589.89709,123.538,0.0,191.883327
1766057590.6041605,123.537,0.0,191.883327
1766057591.179,123.536,0.0,191.883327
1766057591.7534986,123.536,0.0,191.883327
1766057592.4635055,123.536,0.0,191.883327
1766057593.0376687,123.529,0.0,191.883327
1766057593.748773,123.53,0.0,191.883327
1766057594.3249185,123.529,0.0,191.883327
1766057594.9008248,123.53,0.0,191.883327
1766057595.610265,123.516,0.0,191.883327
1766057596.1856122,123.496,0.0,191.883327
1766057596.7604785,123.496,0.0,191.883327
1766057597.5576475,123.48,0.0,191.883327
1766057598.1332142,123.48,0.0,191.883327
1766057598.7084992,123.48,0.0,191.883327
1766057599.4217086,123.483,0.0,191.883327
1766057599.998043,123.483,0.0,191.883327
1766057600.5734217,123.483,0.0,191.883327
1766057601.148613,123.483,0.0,191.883327
1766057601.8651571,123.483,0.0,191.883327
1766057602.4397314,123.483,0.0,191.883327
1766057603.0153432,123.483,0.0,191.883327
1766057603.591896,123.487,0.0,191.883327
1766057604.1682384,123.492,0.0,191.883327
1766057604.7443733,123.492,0.0,191.883327
1766057605.4570904,123.523,0.0,191.883327
1766057606.0331347,123.522,0.0,191.883327
1766057606.607847,123.522,0.0,191.883327
1766057607.317062,123.522,0.0,191.883327
1766057608.121741,123.515,0.0,191.883327
1766057608.6960363,123.516,0.0,191.883327
1766057609.2715468,123.516,0.0,191.883327
1766057609.981132,123.516,0.0,191.883327
1766057610.5573692,123.518,0.0,191.883327
1766057611.1329584,123.518,0.0,191.883327
1766057611.7085416,123.519,0.0,191.883327
1766057612.4214237,123.518,0.0,191.883327
1766057612.9975019,123.518,0.0,191.883327
1766057613.572539,123.518,0.0,191.883327
1766057614.1527038,123.519,0.0,191.883327
1766057614.865841,123.519,0.0,191.883327
1766057615.4419038,123.518,0.0,191.883327
1766057616.0167367,123.518,0.0,191.883327
1766057616.5926418,123.518,0.0,191.883327
1766057617.167396,123.521,0.0,191.883327
1766057617.742174,123.521,0.0,191.883327
1766057618.4014904,123.523,0.0,191.883327
1766057618.9764314,123.523,0.0,191.883327
1766057619.6857305,123.523,0.0,191.883327
1766057620.2598665,123.523,0.0,191.883327
1766057620.8348165,123.522,0.0,191.883327
1766057621.5430427,123.522,0.0,191.883327
1766057622.2595518,123.522,0.0,191.883327
1766057622.833924,123.518,0.0,191.883327
1766057623.4076664,123.509,0.0,191.883327
1766057624.1170928,123.508,0.0,191.883327
1766057624.6917152,123.508,0.0,191.883327
1766057625.4007,123.509,0.0,191.883327
1766057626.121542,123.508,0.0,191.883327
1766057626.8315663,123.508,0.0,191.883327
1766057627.5437844,123.511,0.0,191.883327
1766057628.1185439,123.511,0.0,191.883327
1766057628.7795267,123.511,0.0,191.883327
1766057629.3539557,123.511,0.0,191.883327
1766057629.928128,123.509,0.0,191.883327
1766057630.6378448,123.509,0.0,191.883327
1766057631.2111194,123.509,0.0,191.883327
1766057631.7858107,123.51,0.0,191.883327
1766057632.492432,123.51,0.0,191.883327
1766057633.2059317,123.511,0.0,191.883327
1766057633.7805257,123.511,0.0,191.883327
1766057634.3556244,123.511,0.0,191.883327
1766057634.9312742,123.511,0.0,191.883327
1766057635.5067499,123.512,0.0,191.883327
1766057636.0822287,123.511,0.0,191.883327
1766057636.6576135,123.511,0.0,191.883327
1766057637.3667312,123.511,0.0,191.883327
1766057637.9418747,123.511,0.0,191.883327
1766057638.6513681,123.512,0.0,191.883327
1766057639.4674048,123.511,0.0,191.883327
1766057640.1784468,123.501,0.0,191.883327
1766057640.7523305,123.497,0.0,191.883327
1766057641.3270872,123.497,0.0,191.883327
1766057641.9288125,123.498,0.0,191.883327
1766057642.6418967,123.497,0.0,191.883327
1766057643.2181644,123.497,0.0,191.883327
1766057643.797665,123.499,0.0,191.883327
1766057644.37504,123.5,0.0,191.883327
1766057644.953281,123.5,0.0,191.883327
1766057645.5294108,123.5,0.0,191.883327
1766057646.1488986,123.499,0.0,191.883327
1766057646.7249093,123.499,0.0,191.883327
1766057647.2994184,123.5,0.0,191.883327
1766057647.8804371,123.502,0.0,191.883327
1766057648.4569385,123.502,0.0,191.883327
1766057649.031377,123.511,0.0,191.883327
1766057649.8331127,123.526,0.0,191.883327
1766057650.540462,123.531,0.0,191.883327
1766057651.2527065,123.527,0.0,191.883327
1766057651.8303828,123.527,0.0,191.883327
1766057652.4052942,123.515,0.0,191.883327
1766057652.97943,123.511,0.0,191.883327
1766057653.6918766,123.511,0.0,191.883327
1766057654.4024427,123.511,0.0,191.883327
1766057655.127777,123.511,0.0,191.883327
1766057655.8377168,123.511,0.0,191.883327
1766057656.4113834,123.505,0.0,191.883327
1766057657.0016615,123.504,0.0,191.883327
1766057657.5755913,123.505,0.0,191.883327
1766057658.2886765,123.504,0.0,191.883327
1766057658.9973052,123.504,0.0,191.883327
1766057659.5726879,123.504,0.0,191.883327
1766057660.3698347,123.504,0.0,191.883327
1766057660.9448893,123.504,0.0,191.883327
1766057661.5188382,123.504,0.0,191.883327
1766057662.0938838,123.504,0.0,191.883327
1766057662.8012643,123.504,0.0,191.883327
1766057663.376329,123.504,0.0,191.883327
1766057663.949904,123.504,0.0,191.883327
1766057664.6618052,123.504,0.0,191.883327
1766057665.2379322,123.503,0.0,191.883327
1766057665.812456,123.504,0.0,191.883327
1766057666.3855975,123.503,0.0,191.883327
1766057667.0972311,123.497,0.0,191.883327
1766057667.6749609,123.497,0.0,191.883327
1766057668.3819835,123.497,0.0,191.883327
1766057669.0920732,123.497,0.0,191.883327
1766057669.6681,123.498,0.0,191.883327
1766057670.325995,123.488,0.0,191.883327
1766057670.8998628,123.488,0.0,191.883327
1766057671.4743626,123.476,0.0,191.883327
1766057672.0507667,123.476,0.0,191.883327
1766057672.6268892,123.476,0.0,191.883327
1766057673.2032464,123.463,0.0,191.883327
1766057673.777436,123.45,0.0,191.883327
1766057674.3527055,123.438,0.0,191.883327
1766057675.0626528,123.437,0.0,191.883327
1766057675.636731,123.437,0.0,191.883327
1766057676.2173808,123.437,0.0,191.883327
1766057676.7904167,123.438,0.0,191.883327
1766057677.3669767,123.441,0.0,191.883327
1766057677.9417014,123.438,0.0,191.883327
1766057678.5171854,123.437,0.0,191.883327
1766057679.093508,123.437,0.0,191.883327
1766057679.6677074,123.437,0.0,191.883327
1766057680.3246918,123.432,0.0,191.883327
1766057681.030923,123.422,0.0,191.883327
1766057681.7412047,123.418,0.0,191.883327
1766057682.3171349,123.422,0.0,191.883327
1766057682.892842,123.42,0.0,191.883327
1766057683.602702,123.419,0.0,191.883327
1766057684.1753561,123.416,0.0,191.883327
1766057684.883614,123.417,0.0,191.883327
1766057685.4589317,123.416,0.0,191.883327
1766057686.033488,123.417,0.0,191.883327
1766057686.607615,123.417,0.0,191.883327
1766057687.1848817,123.418,0.0,191.883327
1766057687.8954558,123.42,0.0,191.883327
1766057688.6052783,123.419,0.0,191.883327
1766057689.3143334,123.417,0.0,191.883327
1766057689.888687,123.417,0.0,191.883327
1766057690.690701,123.418,0.0,191.883327
1766057691.2653801,123.419,0.0,191.883327
1766057691.841415,123.417,0.0,191.883327
1766057692.415449,123.417,0.0,191.883327
1766057692.9897478,123.417,0.0,191.883327
1766057693.5651753,123.417,0.0,191.883327
1766057694.1397865,123.417,0.0,191.883327
1766057694.717456,123.419,0.0,191.883327
1766057695.4253483,123.42,0.0,191.883327
1766057696.0003846,123.42,0.0,191.883327
1766057696.5783038,123.42,0.0,191.883327
1766057697.1553404,123.419,0.0,191.883327
1766057697.7296004,123.419,0.0,191.883327
1766057698.437825,123.419,0.0,191.883327
1766057699.01499,123.419,0.0,191.883327
1766057699.5905776,123.419,0.0,191.883327
1766057700.165482,123.423,0.0,191.883327
1766057704.8536968,123.442,-1.0,191.87432700000002
1766057705.4285624,123.442,-1.0,191.87432700000002
1766057706.138486,123.442,-1.0,191.87432700000002
1766057706.7129529,123.442,-1.0,191.87432700000002
1766057707.2885888,123.441,-1.0,191.87432700000002
1766057707.865657,123.441,-1.0,191.87432700000002
1766057708.574289,123.443,-1.0,191.87432700000002
1766057709.282784,123.443,-1.0,191.87432700000002
1766057709.8564193,123.447,-1.0,191.87432700000002
1766057710.4320366,123.444,-1.0,191.87432700000002
1766057711.2193568,123.44,-1.0,191.87332700000002
1766057711.79338,123.44,-1.0,191.87332700000002
1766057712.5031745,123.442,-1.0,191.87332700000002
1766057713.1209726,123.442,-1.0,191.87332700000002
1766057713.8295622,123.448,-1.0,191.87332700000002
1766057714.4037614,123.437,-1.0,191.87332700000002
1766057715.1118226,123.444,-1.0,191.87332700000002
1766057715.689667,123.444,-1.0,191.87332700000002
1766057716.2636793,123.443,-1.0,191.87332700000002
1766057716.9717097,123.443,-1.0,191.87332700000002
1766057717.545512,123.448,-1.0,191.87332700000002
1766057718.1196961,123.449,-1.0,191.87332700000002
1766057718.858987,123.449,-1.0,191.87332700000002
1766057719.4326615,123.447,-1.0,191.87332700000002
1766057720.14859,123.425,-1.0,191.87332700000002
1766057720.7220259,123.432,-1.0,191.87332700000002
1766057721.5125563,123.432,-1.0,191.87332700000002
1766057722.0868716,123.429,-1.0,191.87332700000002
1766057722.6617773,123.426,-1.0,191.87332700000002
1766057723.2417665,123.424,-1.0,191.87332700000002
1766057723.9520457,123.424,-1.0,191.87332700000002
1766057724.528412,123.419,-1.0,191.87332700000002
1766057725.1032736,123.421,-1.0,191.87332700000002
1766057725.6760905,123.421,-1.0,191.87332700000002
1766057726.3860538,123.421,-1.0,191.87332700000002
1766057726.9620516,123.421,-1.0,191.87332700000002
1766057727.535462,123.421,-1.0,191.87332700000002
1766057728.2442665,123.421,-1.0,191.87332700000002
1766057728.8191159,123.421,-1.0,191.87332700000002
1766057729.3942134,123.421,-1.0,191.87332700000002
1766057729.9693885,123.421,-1.0,191.87332700000002
1766057730.5430412,123.423,-1.0,191.87332700000002
1766057731.2508018,123.425,-1.0,191.87332700000002
1766057731.9098036,123.427,-1.0,191.890327
1766057732.6176484,123.43,-1.0,191.890327
1766057733.3299012,123.43,-1.0,191.890327
1766057733.905438,123.43,-1.0,191.890327
1766057734.6137426,123.426,-1.0,191.890327
1766057735.1914961,123.422,-1.0,191.890327
1766057735.7662148,123.422,-1.0,191.890327
1766057736.478504,123.421,-1.0,191.890327
1766057737.0533273,123.421,-1.0,191.890327
1766057737.7617106,123.422,-1.0,191.890327
1766057738.3432205,123.422,-1.0,191.890327
1766057738.9206223,123.42,-1.0,191.890327
1766057739.4981923,123.417,-1.0,191.890327
1766057740.074137,123.418,-1.0,191.890327
1766057740.6481183,123.418,-1.0,191.890327
1766057741.225474,123.417,-1.0,191.890327
1766057742.149723,123.405,-1.0,191.90332700000002
1766057742.7265124,123.408,-1.0,191.90332700000002
1766057743.3011625,123.413,-1.0,191.90332700000002
1766057744.0131283,123.414,-1.0,191.90332700000002
1766057744.7235253,123.414,-1.0,191.90332700000002
1766057745.3019743,123.414,-1.0,191.90332700000002
1766057746.0116575,123.414,-1.0,191.90332700000002
1766057746.7236886,123.414,-1.0,191.90332700000002
1766057747.4348772,123.42,-1.0,191.90332700000002
1766057748.0099566,123.412,-1.0,191.90332700000002
1766057748.5861425,123.412,-1.0,191.90332700000002
1766057749.160403,123.438,-1.0,191.90332700000002
1766057749.7356303,123.438,-1.0,191.90332700000002
1766057750.3144305,123.441,-1.0,191.90332700000002
1766057751.023923,123.441,-1.0,191.90332700000002
1766057751.7354434,123.449,-1.0,191.90332700000002
1766057752.6640742,123.441,-1.0,191.87332700000002
1766057753.3804774,123.441,-1.0,191.87332700000002
1766057753.9569995,123.448,-1.0,191.87332700000002
1766057754.6697748,123.448,-1.0,191.87332700000002
1766057755.3868282,123.446,-1.0,191.87332700000002
1766057756.1012278,123.45,-1.0,191.87332700000002
1766057756.6794357,123.449,-1.0,191.87332700000002
1766057757.2596712,123.449,-1.0,191.87332700000002
1766057757.9686112,123.449,-1.0,191.87332700000002
1766057758.678529,123.454,-1.0,191.87332700000002
1766057759.3906035,123.463,-1.0,191.87332700000002
1766057759.963538,123.463,-1.0,191.87332700000002
1766057760.5383668,123.46,-1.0,191.87332700000002
1766057762.2804046,123.463,0.0,191.87332700000002
1766057763.0830562,123.482,0.0,191.857327
1766057763.6589448,123.482,0.0,191.857327
1766057766.222092,123.482,0.0,191.857327
1766057766.7968528,123.482,0.0,191.857327
1766057767.3710842,123.482,0.0,191.857327
1766057767.9475582,123.482,0.0,191.857327
1766057768.5224915,123.482,0.0,191.857327
1766057769.1031485,123.482,0.0,191.857327
1766057769.6802986,123.482,0.0,191.857327
1766057770.2543726,123.482,0.0,191.857327
1766057770.9638085,123.482,0.0,191.857327
1766057771.5432553,123.482,0.0,191.857327
1766057772.1203077,123.482,0.0,191.857327
1766057772.6992006,123.482,0.0,191.857327
1766057773.4968996,123.481,0.0,191.857327
1766057774.0741065,123.482,0.0,191.857327
1766057774.7830274,123.481,0.0,191.857327
1766057775.4938993,123.481,0.0,191.857327
1766057776.0742722,123.481,0.0,191.857327
1766057776.650957,123.48,0.0,191.857327
1766057777.362862,123.48,0.0,191.857327
1766057777.938983,123.478,0.0,191.857327
1766057778.5140607,123.479,0.0,191.857327
1766057779.090739,123.482,0.0,191.857327
1766057779.6671245,123.482,0.0,191.857327
1766057780.242276,123.482,0.0,191.857327
1766057780.8186028,123.482,0.0,191.857327
1766057781.3940015,123.481,0.0,191.857327
1766057784.0469906,123.457,0.0,191.857327
1766057784.852256,123.455,0.0,191.857327
1766057785.5605786,123.454,0.0,191.857327
1766057786.2764287,123.454,0.0,191.857327
1766057786.851697,123.454,0.0,191.857327
1766057787.4282541,123.456,0.0,191.857327
1766057788.0033443,123.444,0.0,191.857327
1766057788.7135644,123.436,0.0,191.857327
1766057789.2883239,123.423,0.0,191.857327
1766057789.8635,123.423,0.0,191.857327
1766057790.441141,123.407,0.0,191.857327
1766057791.01669,123.405,0.0,191.857327
1766057793.8040946,123.405,0.0,191.857327
1766057794.5170138,123.403,0.0,191.857327
1766057795.1773798,123.404,0.0,191.857327
1766057795.7539277,123.404,0.0,191.857327
1766057796.3284042,123.41,0.0,191.857327
1766057797.041091,123.406,0.0,191.857327
1766057797.614188,123.407,0.0,191.857327
1766057798.3249896,123.392,0.0,191.857327
1766057799.0396523,123.404,0.0,191.857327
1766057799.752388,123.404,0.0,191.857327
1766057800.3275297,123.404,0.0,191.857327
1766057800.9023566,123.404,0.0,191.857327
1766057803.5554368,123.403,0.0,191.857327
1766057804.2760415,123.404,0.0,191.857327
1766057804.851827,123.404,0.0,191.857327
1766057805.647881,123.404,0.0,191.857327
1766057806.3600101,123.407,0.0,191.857327
1766057807.0738432,123.407,0.0,191.857327
1766057807.6503136,123.416,0.0,191.857327
1766057808.227859,123.413,0.0,191.857327
1766057808.8023658,123.413,0.0,191.857327
1766057809.3852255,123.413,0.0,191.857327
1766057809.961911,123.413,0.0,191.857327
1766057810.5370367,123.413,0.0,191.857327
1766057813.3281283,123.45,0.0,191.857327
1766057813.902643,123.45,0.0,191.857327
1766057814.4778602,123.459,0.0,191.857327
1766057815.1919377,123.459,0.0,191.857327
1766057815.8626437,123.446,0.0,191.857327
1766057816.4562616,123.446,0.0,191.857327
1766057817.1875412,123.446,0.0,191.857327
1766057817.7694902,123.446,0.0,191.857327
1766057818.3433547,123.446,0.0,191.857327
1766057818.9180174,123.446,0.0,191.857327
1766057819.630462,123.446,0.0,191.857327
1766057822.278122,123.446,0.0,191.857327
1766057822.8544018,123.448,0.0,191.857327
1766057823.4304216,123.45,0.0,191.857327
1766057824.0045233,123.454,0.0,191.857327
1766057824.5804956,123.451,0.0,191.857327
1766057825.2885768,123.453,0.0,191.857327
1766057826.0757954,123.454,0.0,191.857327
1766057826.6519048,123.454,0.0,191.857327
1766057827.2273815,123.482,0.0,191.857327
1766057827.8039804,123.482,0.0,191.857327
1766057830.4568725,123.474,0.0,191.857327
1766057831.0332482,123.474,0.0,191.857327
1766057831.607418,123.468,0.0,191.857327
1766057832.3200338,123.474,0.0,191.857327
1766057832.8962312,123.472,0.0,191.857327
1766057833.4760048,123.478,0.0,191.857327
1766057834.1873267,123.469,0.0,191.857327
1766057834.7648463,123.475,0.0,191.857327
1766057835.3395362,123.475,0.0,191.857327
1766057838.2159457,123.469,0.0,191.857327
1766057838.9267485,123.468,0.0,191.857327
1766057839.5011642,123.466,0.0,191.857327
1766057840.083933,123.471,0.0,191.857327
1766057840.7935145,123.471,0.0,191.857327
1766057841.3691213,123.469,0.0,191.857327
1766057841.9459624,123.469,0.0,191.857327
1766057842.5212991,123.469,0.0,191.857327
1766057843.096908,123.467,0.0,191.857327
1766057843.672442,123.467,0.0,191.857327
1766057844.2485,123.467,0.0,191.857327
1766057844.8224247,123.467,0.0,191.857327
1766057845.3976662,123.469,0.0,191.857327
1766057846.3226366,123.467,0.0,191.857327
1766057846.899617,123.466,0.0,191.857327
1766057847.4732633,123.468,0.0,191.857327
1766057848.0473773,123.468,0.0,191.857327
1766057850.7036872,123.469,0.0,191.857327
1766057851.4126227,123.469,0.0,191.857327
1766057851.9866447,123.469,0.0,191.857327
1766057852.69999,123.469,0.0,191.857327
1766057853.2739537,123.468,0.0,191.857327
1766057853.8477898,123.468,0.0,191.857327
1766057854.423643,123.468,0.0,191.857327
1766057855.042029,123.468,0.0,191.857327
1766057855.617991,123.468,0.0,191.857327
1766057856.417903,123.454,0.0,191.857327
1766057859.20319,123.481,0.0,191.857327
1766057859.7787142,123.481,0.0,191.857327
1766057860.3546205,123.48,0.0,191.857327
1766057860.931059,123.48,0.0,191.857327
1766057861.6396692,123.473,0.0,191.857327
1766057862.348817,123.48,0.0,191.857327
1766057862.9241962,123.48,0.0,191.857327
1766057863.6522105,123.469,0.0,191.857327
1766057864.3599653,123.475,0.0,191.857327
1766057865.0687647,123.483,0.0,191.857327
1766057865.6427462,123.481,0.0,191.857327
1766057866.2967243,123.471,0.0,191.857327
1766057866.8717322,123.471,0.0,191.857327
1766057869.6560254,123.484,0.0,191.857327
1766057870.2317317,123.484,0.0,191.857327
1766057870.8070617,123.484,0.0,191.857327
1766057871.5147252,123.474,0.0,191.857327
1766057872.2550933,123.474,0.0,191.857327
1766057872.8298428,123.474,0.0,191.857327
1766057873.4041893,123.482,0.0,191.857327
1766057874.0019267,123.48,0.0,191.857327
1766057874.71245,123.48,0.0,191.857327
1766057875.2880905,123.48,0.0,191.857327
1766057875.8696077,123.48,0.0,191.857327
1766057876.5302088,123.48,0.0,191.857327
1766057879.316877,123.48,0.0,191.857327
1766057879.8926902,123.481,0.0,191.857327
1766057880.603377,123.48,0.0,191.857327
1766057881.1786857,123.492,0.0,191.857327
1766057881.7533026,123.492,0.0,191.857327
1766057882.463643,123.486,0.0,191.857327
1766057883.1718507,123.49,0.0,191.857327
1766057883.8821502,123.492,0.0,191.857327
1766057884.457254,123.492,0.0,191.857327
1766057885.163342,123.488,0.0,191.857327
1766057885.872776,123.482,0.0,191.857327
1766057886.4478836,123.482,0.0,191.857327
1766057887.1045823,123.485,0.0,191.857327
1766057889.7558966,123.467,0.0,191.857327
1766057890.479533,123.467,0.0,191.857327
1766057891.1916625,123.471,0.0,191.857327
1766057891.7660253,123.471,0.0,191.857327
1766057892.4742365,123.468,0.0,191.857327
1766057893.0555177,123.471,0.0,191.857327
1766057893.7646172,123.471,0.0,191.857327
1766057894.47388,123.474,0.0,191.857327
1766057895.0484612,123.461,0.0,191.857327
1766057895.625179,123.46,0.0,191.857327
1766057896.2013965,123.461,0.0,191.857327
1766057896.780254,123.46,0.0,191.857327
1766057897.5743964,123.465,0.0,191.857327
1766057898.2892292,123.464,0.0,191.857327
1766057901.2080781,123.487,0.0,191.857327
1766057901.7836356,123.486,0.0,191.857327
1766057902.3575642,123.485,0.0,191.857327
1766057902.9337013,123.485,0.0,191.857327
1766057903.5101566,123.48,0.0,191.857327
1766057904.0853922,123.486,0.0,191.857327
1766057904.662185,123.48,0.0,191.857327
1766057905.3744764,123.48,0.0,191.857327
1766057905.9497552,123.488,0.0,191.857327
1766057906.6656358,123.49,0.0,191.857327
1766057907.2410927,123.49,0.0,191.857327
1766057909.9855084,123.488,0.0,191.857327
1766057910.5816078,123.482,0.0,191.857327
1766057911.1600885,123.488,0.0,191.857327
1766057911.8682055,123.488,0.0,191.857327
1766057912.5827827,123.488,0.0,191.857327
1766057913.1589682,123.488,0.0,191.857327
1766057913.7321684,123.482,0.0,191.857327
1766057914.4432497,123.49,0.0,191.857327
1766057915.0195832,123.489,0.0,191.857327
1766057915.5952458,123.489,0.0,191.857327
1766057916.170437,123.489,0.0,191.857327
1766057916.7486973,123.489,0.0,191.857327
1766057917.4569736,123.482,0.0,191.857327
1766057918.2427602,123.484,0.0,191.857327
1766057918.9591088,123.478,0.0,191.857327
1766057919.5329974,123.479,0.0,191.857327
1766057920.108925,123.479,0.0,191.857327
1766057922.8955393,123.478,0.0,191.857327
1766057923.4727175,123.475,0.0,191.857327
1766057924.0479453,123.484,0.0,191.857327
1766057924.6241806,123.483,0.0,191.857327
1766057925.199387,123.483,0.0,191.857327
1766057925.7744756,123.477,0.0,191.857327
1766057926.4810026,123.486,0.0,191.857327
1766057927.1904318,123.485,0.0,191.857327
1766057927.767963,123.485,0.0,191.857327
1766057928.55372,123.477,0.0,191.857327
1766057929.266208,123.482,0.0,191.857327
1766057929.9805725,123.477,0.0,191.857327
1766057930.6907423,123.477,0.0,191.857327
1766057931.4013493,123.477,0.0,191.857327
1766057934.0533092,123.477,0.0,191.857327
1766057934.6301665,123.477,0.0,191.857327
1766057935.2036304,123.464,0.0,191.857327
1766057935.7793422,123.464,0.0,191.857327
1766057936.488318,123.466,0.0,191.857327
1766057937.0639586,123.466,0.0,191.857327
1766057937.641094,123.465,0.0,191.857327
1766057938.2171502,123.465,0.0,191.857327
1766057939.1432123,123.472,0.0,191.857327
1766057939.85808,123.472,0.0,191.857327
1766057940.574072,123.472,0.0,191.857327
1766057941.1503887,123.484,0.0,191.857327
1766057943.9365838,123.491,0.0,191.857327
1766057944.5152009,123.486,0.0,191.857327
1766057945.0917268,123.484,0.0,191.857327
1766057945.669088,123.484,0.0,191.857327
1766057946.2449737,123.482,0.0,191.857327
1766057946.822238,123.482,0.0,191.857327
1766057947.4013371,123.482,0.0,191.857327
1766057947.9781692,123.469,0.0,191.857327
1766057948.6882489,123.459,0.0,191.857327
1766057949.3500988,123.46,0.0,191.857327
1766057952.0046082,123.481,0.0,191.857327
1766057952.5807173,123.481,0.0,191.857327
1766057953.1611671,123.481,0.0,191.857327
1766057953.7369578,123.475,0.0,191.857327
1766057954.4459474,123.478,0.0,191.857327
1766057955.0238116,123.477,0.0,191.857327
1766057955.5993187,123.478,0.0,191.857327
1766057956.1744728,123.473,0.0,191.857327
1766057956.7511756,123.473,0.0,191.857327
1766057957.3260548,123.477,0.0,191.857327
1766057957.9013586,123.477,0.0,191.857327
1766057958.4779506,123.473,0.0,191.857327
1766057959.0541387,123.476,0.0,191.857327
1766057959.8335166,123.476,0.0,191.857327
1766057962.4853566,123.486,0.0,191.857327
1766057963.1938868,123.486,0.0,191.857327
1766057963.7677724,123.486,0.0,191.857327
1766057964.3472369,123.486,0.0,191.857327
1766057964.9219105,123.486,0.0,191.857327
1766057965.4979722,123.477,0.0,191.857327
1766057966.074865,123.486,0.0,191.857327
1766057966.6499276,123.479,0.0,191.857327
1766057967.2244866,123.484,0.0,191.857327
1766057967.797984,123.484,0.0,191.857327
1766057968.3727727,123.485,0.0,191.857327
1766057968.9467728,123.485,0.0,191.857327
1766057969.6642206,123.484,0.0,191.857327
1766057970.3144004,123.489,0.0,191.857327
1766057973.1050358,123.494,0.0,191.857327
1766057973.679575,123.494,0.0,191.857327
1766057974.2653205,123.493,0.0,191.857327
1766057974.8410861,123.483,0.0,191.857327
1766057975.4157484,123.489,0.0,191.857327
1766057975.9926043,123.485,0.0,191.857327
1766057976.5657418,123.485,0.0,191.857327
1766057977.140353,123.482,0.0,191.857327
1766057977.7141585,123.482,0.0,191.857327
1766057978.4242048,123.48,0.0,191.857327
1766057979.0001285,123.481,0.0,191.857327
1766057979.713317,123.481,0.0,191.857327
1766057980.3604343,123.48,0.0,191.857327
1766057981.0691621,123.486,0.0,191.857327
1766057981.6424882,123.486,0.0,191.857327
1766057984.2977939,123.488,0.0,191.857327
1766057984.8732085,123.488,0.0,191.857327
1766057985.4468307,123.483,0.0,191.857327
1766057986.0219853,123.486,0.0,191.857327
1766057986.5981965,123.481,0.0,191.857327
1766057987.173796,123.479,0.0,191.857327
1766057987.747181,123.487,0.0,191.857327
1766057988.455558,123.478,0.0,191.857327
1766057989.030281,123.469,0.0,191.857327
1766057989.6038682,123.469,0.0,191.857327
1766057992.4702196,123.47,0.0,191.857327
1766057993.047449,123.47,0.0,191.857327
1766057993.7631152,123.471,0.0,191.857327
1766057994.4736137,123.471,0.0,191.857327
1766057995.047049,123.468,0.0,191.857327
1766057995.6207874,123.468,0.0,191.857327
1766057996.1951282,123.47,0.0,191.857327
1766057996.7699695,123.47,0.0,191.857327
1766057997.3441443,123.47,0.0,191.857327
1766057997.9182832,123.475,0.0,191.857327
1766057998.4947042,123.475,0.0,191.857327
1766057999.2007964,123.475,0.0,191.857327
1766057999.7751179,123.469,0.0,191.857327
1766058000.4231668,123.469,0.0,191.857327
1766058003.2123687,123.469,0.0,191.857327
1766058003.7867622,123.479,0.0,191.857327
1766058004.3625524,123.475,0.0,191.857327
1766058005.0753374,123.475,0.0,191.857327
1766058005.785341,123.475,0.0,191.857327
1766058006.3605762,123.469,0.0,191.857327
1766058006.9354868,123.469,0.0,191.857327
1766058007.5110826,123.469,0.0,191.857327
1766058008.0847108,123.468,0.0,191.857327
1766058008.6592338,123.468,0.0,191.857327
1766058009.3684537,123.469,0.0,191.857327
1766058009.969114,123.469,0.0,191.857327
1766058010.7635975,123.469,0.0,191.857327
1766058013.4195764,123.47,0.0,191.857327
1766058013.996691,123.47,0.0,191.857327
1766058014.5728295,123.47,0.0,191.857327
1766058015.282646,123.471,0.0,191.857327
1766058015.8581944,123.473,0.0,191.857327
1766058016.4344554,123.478,0.0,191.857327
1766058017.012689,123.475,0.0,191.857327
1766058017.5871968,123.481,0.0,191.857327
1766058018.2987998,123.475,0.0,191.857327
1766058019.0198731,123.468,0.0,191.857327
1766058019.732185,123.47,0.0,191.857327
1766058020.4458263,123.469,0.0,191.857327
1766058023.185996,123.475,0.0,191.857327
1766058023.7629535,123.482,0.0,191.857327
1766058024.3441267,123.477,0.0,191.857327
1766058024.9216063,123.47,0.0,191.857327
1766058025.6314323,123.477,0.0,191.857327
1766058026.2056189,123.477,0.0,191.857327
1766058026.7784538,123.477,0.0,191.857327
1766058027.3534365,123.471,0.0,191.857327
1766058027.9298036,123.471,0.0,191.857327
1766058028.5071986,123.471,0.0,191.857327
1766058029.2180655,123.471,0.0,191.857327
1766058029.9268336,123.471,0.0,191.857327
1766058030.50254,123.47,0.0,191.857327
1766058031.1547503,123.474,0.0,191.857327
1766058031.865725,123.474,0.0,191.857327
1766058032.5747886,123.474,0.0,191.857327
1766058035.2302608,123.475,0.0,191.857327
1766058035.805216,123.475,0.0,191.857327
1766058036.5152664,123.47,0.0,191.857327
1766058037.2255158,123.471,0.0,191.857327
1766058037.8013892,123.471,0.0,191.857327
1766058038.3765397,123.471,0.0,191.857327
1766058039.0868874,123.471,0.0,191.857327
1766058039.6649556,123.478,0.0,191.857327
1766058040.2399924,123.47,0.0,191.857327
1766058040.9490058,123.47,0.0,191.857327
1766058041.609264,123.47,0.0,191.857327
1766058044.3968859,123.464,0.0,191.857327
1766058044.9737296,123.466,0.0,191.857327
1766058045.5539973,123.465,0.0,191.857327
1766058046.264067,123.463,0.0,191.857327
1766058046.8393223,123.463,0.0,191.857327
1766058047.4158063,123.479,0.0,191.857327
1766058047.9907796,123.466,0.0,191.857327
1766058048.5676525,123.479,0.0,191.857327
1766058049.1449118,123.467,0.0,191.857327
1766058049.7202437,123.467,0.0,191.857327
1766058050.2963998,123.478,0.0,191.857327
1766058051.0053577,123.478,0.0,191.857327
1766058051.7935264,123.471,0.0,191.857327
1766058052.3696887,123.47,0.0,191.857327
1766058052.9450366,123.47,0.0,191.857327
1766058053.5204716,123.47,0.0,191.857327
1766058056.1736743,123.472,0.0,191.857327
1766058056.7491508,123.472,0.0,191.857327
1766058057.3325427,123.466,0.0,191.857327
1766058057.9078138,123.466,0.0,191.857327
1766058058.4812906,123.466,0.0,191.857327
1766058059.1931856,123.466,0.0,191.857327
1766058059.7681305,123.466,0.0,191.857327
1766058060.343223,123.466,0.0,191.857327
1766058060.9191499,123.467,0.0,191.857327
1766058061.5688612,123.478,0.0,191.857327
1766058062.2807245,123.475,0.0,191.857327
1766058062.992619,123.47,0.0,191.857327
1766058063.7099826,123.47,0.0,191.857327
1766058065.8222902,123.467,0.0,191.857327
1766058066.3986568,123.473,0.0,191.857327
1766058066.9749117,123.484,0.0,191.857327
1766058067.5502048,123.484,0.0,191.857327
1766058068.1276004,123.484,0.0,191.857327
1766058068.7015138,123.494,0.0,191.857327
1766058069.2788908,123.492,0.0,191.857327
1766058069.8535686,123.494,0.0,191.857327
1766058070.4324248,123.492,0.0,191.857327
1766058071.0076318,123.492,0.0,191.857327
1766058071.7995443,123.521,0.0,191.857327
1766058072.376255,123.512,0.0,191.857327
1766058073.0873828,123.503,0.0,191.857327
1766058075.7424653,123.5,0.0,191.857327
1766058076.3174484,123.506,0.0,191.857327
1766058076.892652,123.506,0.0,191.857327
1766058077.4691453,123.516,0.0,191.857327
1766058078.1780407,123.515,0.0,191.857327
1766058078.8881207,123.515,0.0,191.857327
1766058079.4621627,123.515,0.0,191.857327
1766058080.035594,123.521,0.0,191.857327
1766058080.6091456,123.517,0.0,191.857327
1766058081.1887581,123.517,0.0,191.857327
1766058084.0617607,123.517,0.0,191.857327
1766058084.7740133,123.519,0.0,191.857327
1766058085.482724,123.52,0.0,191.857327
1766058086.056447,123.515,0.0,191.857327
1766058086.6371713,123.515,0.0,191.857327
1766058087.2154663,123.515,0.0,191.857327
1766058087.790011,123.515,0.0,191.857327
1766058088.3661742,123.515,0.0,191.857327
1766058089.0745032,123.515,0.0,191.857327
1766058089.7841597,123.515,0.0,191.857327
1766058090.358879,123.516,0.0,191.857327
1766058091.0692015,123.515,0.0,191.857327
1766058091.644877,123.515,0.0,191.857327
1766058092.5768683,123.516,0.0,191.857327
1766058095.2284071,123.513,0.0,191.857327
1766058095.8068113,123.513,0.0,191.857327
1766058096.5249627,123.512,0.0,191.857327
1766058097.1024873,123.514,0.0,191.857327
1766058097.81334,123.52,0.0,191.857327
1766058098.3927364,123.516,0.0,191.857327
1766058099.1028533,123.516,0.0,191.857327
1766058099.6795166,123.524,0.0,191.857327
1766058100.254662,123.516,0.0,191.857327
1766058100.9649992,123.518,0.0,191.857327
1766058101.5391564,123.518,0.0,191.857327
1766058102.116631,123.515,0.0,191.857327
1766058102.7721753,123.515,0.0,191.857327
1766058103.3484082,123.532,0.0,191.857327
1766058104.059027,123.526,0.0,191.857327
1766058104.768842,123.526,0.0,191.857327
1766058105.3435361,123.526,0.0,191.857327
1766058106.0562522,123.527,0.0,191.857327
1766058106.7670882,123.526,0.0,191.857327
1766058109.4188695,123.526,0.0,191.857327
1766058109.9954472,123.526,0.0,191.857327
1766058110.7142582,123.526,0.0,191.857327
1766058111.289233,123.527,0.0,191.857327
1766058111.864733,123.533,0.0,191.857327
1766058112.4464962,123.533,0.0,191.857327
1766058113.2486908,123.528,0.0,191.857327
1766058113.8248081,123.528,0.0,191.857327
1766058114.4008944,123.528,0.0,191.857327
1766058117.1879222,123.535,0.0,191.857327
1766058117.7622087,123.528,0.0,191.857327
1766058118.3392417,123.528,0.0,191.857327
1766058118.9154909,123.528,0.0,191.857327
1766058119.6243155,123.528,0.0,191.857327
1766058120.1983745,123.53,0.0,191.857327
1766058120.7731576,123.53,0.0,191.857327
1766058121.3487844,123.537,0.0,191.857327
1766058121.9300308,123.535,0.0,191.857327
1766058122.6450317,123.535,0.0,191.857327
1766058123.4437711,123.541,0.0,191.857327
1766058124.0178254,123.535,0.0,191.857327
1766058126.6679506,123.541,0.0,191.857327
1766058127.2467449,123.533,0.0,191.857327
1766058127.821483,123.541,0.0,191.857327
1766058128.5370827,123.533,0.0,191.857327
1766058129.1146674,123.533,0.0,191.857327
1766058129.8240304,123.533,0.0,191.857327
1766058130.3987908,123.541,0.0,191.857327
1766058131.1068885,123.533,0.0,191.857327
1766058131.8231184,123.533,0.0,191.857327
1766058132.3996415,123.532,0.0,191.857327
1766058133.1089866,123.532,0.0,191.857327
1766058133.9098258,123.532,0.0,191.857327
1766058136.6955452,123.54,0.0,191.857327
1766058137.2706573,123.532,0.0,191.857327
1766058137.8447645,123.54,0.0,191.857327
1766058138.4190023,123.532,0.0,191.857327
1766058139.132278,123.532,0.0,191.857327
1766058139.7119954,123.532,0.0,191.857327
1766058140.287282,123.532,0.0,191.857327
1766058140.8612232,123.533,0.0,191.857327
1766058141.4360294,123.54,0.0,191.857327
1766058142.0124366,123.532,0.0,191.857327
1766058142.5888815,123.532,0.0,191.857327
1766058143.1651585,123.536,0.0,191.857327
1766058143.8190389,123.536,0.0,191.857327
1766058144.540622,123.533,0.0,191.857327
1766058145.2536113,123.532,0.0,191.857327
1766058145.8294454,123.532,0.0,191.857327
1766058148.4800494,123.533,0.0,191.857327
1766058149.056276,123.533,0.0,191.857327
1766058149.6318982,123.533,0.0,191.857327
1766058150.3421357,123.532,0.0,191.857327
1766058150.9170551,123.532,0.0,191.857327
1766058151.4947212,123.532,0.0,191.857327
1766058152.071621,123.533,0.0,191.857327
1766058152.6462052,123.533,0.0,191.857327
1766058153.3524835,123.532,0.0,191.857327
1766058154.2963855,123.532,0.0,191.857327
1766058155.008184,123.532,0.0,191.857327
1766058155.7219577,123.532,0.0,191.857327
1766058156.2979727,123.532,0.0,191.857327
1766058158.949936,123.531,0.0,191.857327
1766058159.667619,123.53,0.0,191.857327
1766058160.3751006,123.53,0.0,191.857327
1766058160.9499784,123.537,0.0,191.857327
1766058161.5257626,123.553,0.0,191.857327
1766058162.101856,123.554,0.0,191.857327
1766058162.8123927,123.554,0.0,191.857327
1766058163.3892946,123.553,0.0,191.857327
1766058164.1746767,123.554,0.0,191.857327
1766058164.7528417,123.553,0.0,191.857327
1766058165.3301837,123.559,0.0,191.857327
1766058167.9822888,123.554,0.0,191.857327
1766058168.6927319,123.554,0.0,191.857327
1766058169.266232,123.553,0.0,191.857327
1766058169.8402765,123.553,0.0,191.857327
1766058170.4175298,123.54,0.0,191.857327
1766058171.127623,123.536,0.0,191.857327
1766058171.7033353,123.536,0.0,191.857327
1766058172.4157054,123.542,0.0,191.857327
1766058172.9931688,123.542,0.0,191.857327
1766058173.5675287,123.54,0.0,191.857327
1766058176.4424634,123.543,0.0,191.857327
1766058177.0174093,123.544,0.0,191.857327
1766058177.5934706,123.542,0.0,191.857327
1766058178.1697679,123.542,0.0,191.857327
1766058178.747243,123.543,0.0,191.857327
1766058179.331836,123.542,0.0,191.857327
1766058180.059905,123.542,0.0,191.857327
1766058180.635228,123.542,0.0,191.857327
1766058181.2137089,123.543,0.0,191.857327
1766058181.7896469,123.543,0.0,191.857327
1766058182.3744915,123.538,0.0,191.857327
1766058183.0852437,123.557,0.0,191.857327
1766058183.6827219,123.557,0.0,191.857327
1766058184.3367796,123.551,0.0,191.857327
1766058185.048981,123.551,0.0,191.857327
1766058185.6595306,123.553,0.0,191.857327
1766058188.4484382,123.547,0.0,191.857327
1766058189.1610835,123.541,0.0,191.857327
1766058189.7371557,123.541,0.0,191.857327
1766058190.3136604,123.541,0.0,191.857327
1766058191.0220892,123.541,0.0,191.857327
1766058191.7402666,123.541,0.0,191.857327
1766058192.4507937,123.541,0.0,191.857327
1766058193.0273476,123.541,0.0,191.857327
1766058193.6052635,123.541,0.0,191.857327
1766058194.315154,123.541,0.0,191.857327
1766058195.1173701,123.552,0.0,191.857327
1766058195.8300374,123.548,0.0,191.857327
1766058196.4051366,123.548,0.0,191.857327
1766058197.117979,123.554,0.0,191.857327
1766058197.6926384,123.555,0.0,191.857327
1766058198.2701604,123.554,0.0,191.857327
1766058201.0591898,123.54,0.0,191.857327
1766058201.6351612,123.54,0.0,191.857327
1766058202.3494575,123.545,0.0,191.857327
1766058203.0597281,123.543,0.0,191.857327
1766058203.6359499,123.543,0.0,191.857327
1766058204.2130816,123.538,0.0,191.857327
1766058205.0031483,123.538,0.0,191.857327
1766058205.7147746,123.538,0.0,191.857327
1766058206.2963564,123.544,0.0,191.857327
1766058206.8719416,123.544,0.0,191.857327
1766058207.4595783,123.542,0.0,191.857327
1766058208.0345447,123.54,0.0,191.857327
1766058210.823228,123.538,0.0,191.857327
1766058211.5337234,123.545,0.0,191.857327
1766058212.2489765,123.547,0.0,191.857327
1766058212.8249333,123.547,0.0,191.857327
1766058213.4074142,123.547,0.0,191.857327
1766058214.1202056,123.551,0.0,191.857327
1766058214.6999145,123.551,0.0,191.857327
1766058215.4993393,123.567,0.0,191.857327
1766058216.0759397,123.563,0.0,191.857327
1766058216.6522176,123.564,0.0,191.857327
1766058217.3651152,123.563,0.0,191.857327
1766058218.0793211,123.556,0.0,191.857327
1766058218.6548345,123.556,0.0,191.857327
1766058219.3663657,123.556,0.0,191.857327
1766058222.1548073,123.555,0.0,191.857327
1766058222.7373178,123.555,0.0,191.857327
1766058223.4510703,123.555,0.0,191.857327
1766058224.0307324,123.555,0.0,191.857327
1766058224.6061473,123.555,0.0,191.857327
1766058225.182337,123.56,0.0,191.857327
1766058225.8436558,123.555,0.0,191.857327
1766058226.5562685,123.556,0.0,191.857327
1766058227.138601,123.555,0.0,191.857327
1766058227.8485634,123.56,0.0,191.857327
1766058228.4263093,123.555,0.0,191.857327
1766058231.0796652,123.555,0.0,191.857327
1766058231.790168,123.555,0.0,191.857327
1766058232.5018559,123.556,0.0,191.857327
1766058233.21369,123.556,0.0,191.857327
1766058233.7883964,123.556,0.0,191.857327
1766058234.3635495,123.556,0.0,191.857327
1766058235.0720787,123.555,0.0,191.857327
1766058235.7810447,123.556,0.0,191.857327
1766058236.7123017,123.556,0.0,191.857327
1766058237.2893777,123.555,0.0,191.857327
1766058237.8673155,123.555,0.0,191.857327
1766058238.574168,123.555,0.0,191.857327
1766058239.1524901,123.555,0.0,191.857327
1766058239.8634796,123.555,0.0,191.857327
1766058240.5728455,123.555,0.0,191.857327
1766058241.2839425,123.549,0.0,191.857327
1766058242.0055254,123.549,0.0,191.857327
1766058242.585344,123.549,0.0,191.857327
1766058245.3770847,123.549,0.0,191.857327
1766058245.9535198,123.553,0.0,191.857327
1766058246.609508,123.55,0.0,191.857327
1766058247.189558,123.549,0.0,191.857327
1766058247.7736006,123.549,0.0,191.857327
1766058248.3468246,123.549,0.0,191.857327
1766058249.05848,123.549,0.0,191.857327
1766058249.63566,123.549,0.0,191.857327
1766058250.3480704,123.549,0.0,191.857327
1766058250.9238954,123.549,0.0,191.857327
1766058253.759434,123.556,0.0,191.857327
1766058254.4678388,123.557,0.0,191.857327
1766058255.0452569,123.551,0.0,191.857327
1766058255.619574,123.551,0.0,191.857327
1766058256.3317077,123.565,0.0,191.857327
1766058257.0122018,123.562,0.0,191.857327
1766058257.5878837,123.564,0.0,191.857327
1766058258.2970297,123.56,0.0,191.857327
1766058258.872968,123.56,0.0,191.857327
1766058259.4485903,123.56,0.0,191.857327
1766058260.1589534,123.56,0.0,191.857327
1766058260.7352002,123.56,0.0,191.857327
1766058261.3094718,123.562,0.0,191.857327
1766058262.0188565,123.562,0.0,191.857327
1766058264.8075507,123.563,0.0,191.857327
1766058265.383198,123.564,0.0,191.857327
1766058266.093707,123.565,0.0,191.857327
1766058266.668299,123.565,0.0,191.857327
1766058267.460713,123.562,0.0,191.857327
1766058268.0352237,123.558,0.0,191.857327
1766058268.6111205,123.558,0.0,191.857327
1766058269.1872668,123.558,0.0,191.857327
1766058269.9003015,123.565,0.0,191.857327
1766058270.4748218,123.564,0.0,191.857327
1766058271.050286,123.558,0.0,191.857327
1766058271.772802,123.558,0.0,191.857327
1766058274.5611243,123.558,0.0,191.857327
1766058275.1366165,123.559,0.0,191.857327
1766058275.7185452,123.559,0.0,191.857327
1766058276.2933857,123.561,0.0,191.857327
1766058276.8707497,123.564,0.0,191.857327
1766058277.5311427,123.561,0.0,191.857327
1766058278.1071224,123.558,0.0,191.857327
1766058278.8143656,123.558,0.0,191.857327
1766058279.3897886,123.558,0.0,191.857327
1766058282.0450902,123.569,0.0,191.857327
1766058282.7554162,123.569,0.0,191.857327
1766058283.3326995,123.572,0.0,191.857327
1766058283.9077573,123.578,0.0,191.857327
1766058284.4823067,123.57,0.0,191.857327
1766058285.0567355,123.57,0.0,191.857327
1766058285.7677577,123.57,0.0,191.857327
1766058286.3424253,123.58,0.0,191.857327
1766058287.0519724,123.57,0.0,191.857327
1766058287.714595,123.588,0.0,191.857327
1766058288.288742,123.588,0.0,191.857327
1766058291.080457,123.592,0.0,191.857327
1766058291.6545296,123.592,0.0,191.857327
1766058292.2307765,123.592,0.0,191.857327
1766058292.9386892,123.592,0.0,191.857327
1766058293.6471057,123.601,0.0,191.857327
1766058294.2232957,123.601,0.0,191.857327
1766058294.7978945,123.601,0.0,191.857327
1766058295.3777742,123.595,0.0,191.857327
1766058295.959523,123.596,0.0,191.857327
1766058296.6717036,123.597,0.0,191.857327
1766058297.2468932,123.591,0.0,191.857327
1766058298.0407574,123.591,0.0,191.857327
1766058300.8288262,123.576,0.0,191.857327
1766058301.4221964,123.584,0.0,191.857327
1766058302.1396532,123.593,0.0,191.857327
1766058302.71479,123.593,0.0,191.857327
1766058303.288451,123.591,0.0,191.857327
1766058303.8664935,123.591,0.0,191.857327
1766058304.4418519,123.597,0.0,191.857327
1766058305.1512341,123.589,0.0,191.857327
1766058305.859639,123.595,0.0,191.857327
1766058306.4355505,123.595,0.0,191.857327
1766058307.1530788,123.598,0.0,191.857327
1766058307.8623145,123.594,0.0,191.857327
1766058308.52802,123.597,0.0,191.857327
1766058311.1892872,123.594,0.0,191.857327
1766058311.8971677,123.594,0.0,191.857327
1766058312.4746964,123.594,0.0,191.857327
1766058313.1841285,123.594,0.0,191.857327
1766058313.8976722,123.594,0.0,191.857327
1766058314.4729493,123.594,0.0,191.857327
1766058315.0514486,123.594,0.0,191.857327
1766058315.6276314,123.594,0.0,191.857327
1766058316.3393016,123.594,0.0,191.857327
1766058316.9290593,123.594,0.0,191.857327
1766058317.504708,123.581,0.0,191.857327
1766058318.0814846,123.579,0.0,191.857327
1766058318.8773077,123.579,0.0,191.857327
1766058319.6399188,123.583,0.0,191.857327
1766058320.2152226,123.588,0.0,191.857327
1766058320.9265823,123.593,0.0,191.857327
1766058321.5024698,123.59,0.0,191.857327
1766058322.0791714,123.579,0.0,191.857327
1766058324.741315,123.58,0.0,191.857327
1766058325.4546957,123.58,0.0,191.857327
1766058326.1683717,123.574,0.0,191.857327
1766058326.7475083,123.574,0.0,191.857327
1766058327.328201,123.574,0.0,191.857327
1766058328.039881,123.574,0.0,191.857327
1766058328.6164057,123.574,0.0,191.857327
1766058329.2788808,123.587,0.0,191.857327
1766058329.9912007,123.587,0.0,191.857327
1766058330.5662043,123.595,0.0,191.857327
1766058331.1429815,123.59,0.0,191.857327
1766058333.9293823,123.593,0.0,191.857327
1766058334.506777,123.591,0.0,191.857327
1766058335.0813231,123.593,0.0,191.857327
1766058335.6583996,123.593,0.0,191.857327
1766058336.235022,123.591,0.0,191.857327
1766058336.945123,123.591,0.0,191.857327
1766058337.52133,123.595,0.0,191.857327
1766058338.0981936,123.591,0.0,191.857327
1766058338.6751156,123.593,0.0,191.857327
1766058339.3322058,123.595,0.0,191.857327
1766058340.0425193,123.593,0.0,191.857327
1766058342.824165,123.593,0.0,191.857327
1766058343.531832,123.59,0.0,191.857327
1766058344.107818,123.593,0.0,191.857327
1766058344.8146467,123.593,0.0,191.857327
1766058345.3901808,123.598,0.0,191.857327
1766058345.9659464,123.596,0.0,191.857327
1766058346.5398388,123.598,0.0,191.857327
1766058347.1129792,123.594,0.0,191.857327
1766058347.689246,123.597,0.0,191.857327
1766058348.2877448,123.597,0.0,191.857327
1766058348.8637612,123.597,0.0,191.857327
1766058349.513046,123.597,0.0,191.857327
1766058350.0891888,123.597,0.0,191.857327
1766058350.6657894,123.597,0.0,191.857327
1766058353.3187532,123.602,0.0,191.857327
1766058353.8973637,123.611,0.0,191.857327
1766058354.6114087,123.61,0.0,191.857327
1766058355.1886835,123.61,0.0,191.857327
1766058355.7639017,123.621,0.0,191.857327
1766058356.3406966,123.613,0.0,191.857327
1766058356.9155192,123.613,0.0,191.857327
1766058357.6250048,123.613,0.0,191.857327
1766058358.336879,123.613,0.0,191.857327
1766058358.9119573,123.613,0.0,191.857327
1766058359.7049553,123.617,0.0,191.857327
1766058360.2801917,123.614,0.0,191.857327
1766058362.9335551,123.616,0.0,191.857327
1766058363.509857,123.622,0.0,191.857327
1766058364.2264297,123.622,0.0,191.857327
1766058366.2327805,123.622,0.0,191.857327
1766058366.8086824,123.622,0.0,191.857327
1766058367.3831058,123.622,0.0,191.857327
1766058367.959902,123.623,0.0,191.857327
1766058368.5361772,123.622,0.0,191.857327
1766058369.11193,123.622,0.0,191.857327
1766058370.0417001,123.623,0.0,191.857327
1766058370.7711475,123.623,0.0,191.857327
1766058371.3483007,123.618,0.0,191.857327
1766058371.922866,123.618,0.0,191.857327
1766058372.4990327,123.618,0.0,191.857327
1766058373.2064316,123.623,0.0,191.857327
1766058373.781514,123.623,0.0,191.857327
1766058374.3805542,123.623,0.0,191.857327
1766058374.9572842,123.623,0.0,191.857327
1766058375.5351021,123.623,0.0,191.857327
1766058376.1092331,123.623,0.0,191.857327
1766058376.8178635,123.644,0.0,191.857327
1766058379.6051445,123.668,0.0,191.857327
1766058380.5404165,123.666,0.0,191.857327
1766058381.1158447,123.669,0.0,191.857327
1766058381.6917636,123.669,0.0,191.857327
1766058382.269318,123.667,0.0,191.857327
1766058382.9800248,123.669,0.0,191.857327
1766058383.556534,123.669,0.0,191.857327
1766058384.265159,123.667,0.0,191.857327
1766058384.9798453,123.669,0.0,191.857327
1766058385.6919541,123.667,0.0,191.857327
1766058386.2657785,123.667,0.0,191.857327
1766058386.839367,123.667,0.0,191.857327
1766058387.4150715,123.667,0.0,191.857327
1766058390.2067053,123.669,0.0,191.857327
1766058390.998475,123.669,0.0,191.857327
1766058391.573628,123.669,0.0,191.857327
1766058392.1496878,123.669,0.0,191.857327
1766058392.7237036,123.669,0.0,191.857327
1766058393.3005178,123.667,0.0,191.857327
1766058394.013661,123.667,0.0,191.857327
1766058394.594454,123.667,0.0,191.857327
1766058395.1716442,123.667,0.0,191.857327
1766058395.7461376,123.667,0.0,191.857327
1766058396.45637,123.667,0.0,191.857327
1766058397.0298767,123.667,0.0,191.857327
1766058399.6789732,123.668,0.0,191.857327
1766058400.2559974,123.667,0.0,191.857327
1766058401.0527468,123.667,0.0,191.857327
1766058401.6292827,123.668,0.0,191.857327
1766058402.2026799,123.667,0.0,191.857327
1766058402.9132519,123.667,0.0,191.857327
1766058403.4907572,123.668,0.0,191.857327
1766058404.1969569,123.666,0.0,191.857327
1766058404.772985,123.666,0.0,191.857327
1766058405.379,123.666,0.0,191.857327
1766058406.1188848,123.661,0.0,191.857327
1766058408.9063153,123.662,0.0,191.857327
1766058409.4826586,123.661,0.0,191.857327
1766058410.0570855,123.661,0.0,191.857327
1766058410.633363,123.662,0.0,191.857327
1766058411.434534,123.662,0.0,191.857327
1766058412.0129445,123.662,0.0,191.857327
1766058412.7217739,123.661,0.0,191.857327
1766058413.2986917,123.662,0.0,191.857327
1766058414.0080414,123.662,0.0,191.857327
1766058414.5844085,123.662,0.0,191.857327
1766058415.1600914,123.662,0.0,191.857327
1766058417.81339,123.662,0.0,191.857327
1766058418.5242457,123.662,0.0,191.857327
1766058419.1008985,123.664,0.0,191.857327
1766058419.6774137,123.664,0.0,191.857327
1766058420.253695,123.662,0.0,191.857327
1766058420.8312829,123.664,0.0,191.857327
1766058421.6281447,123.662,0.0,191.857327
1766058422.2048423,123.671,0.0,191.857327
1766058422.9179747,123.68,0.0,191.857327
1766058423.4943924,123.68,0.0,191.857327
1766058424.0685728,123.671,0.0,191.857327
1766058426.721198,123.679,0.0,191.857327
1766058427.2986395,123.679,0.0,191.857327
1766058428.0090413,123.674,0.0,191.857327
1766058428.5875902,123.68,0.0,191.857327
1766058429.2985888,123.676,0.0,191.857327
1766058429.8732777,123.676,0.0,191.857327
1766058430.4630933,123.676,0.0,191.857327
1766058431.0380456,123.674,0.0,191.857327
1766058431.7050807,123.674,0.0,191.857327
1766058432.2797115,123.674,0.0,191.857327
1766058434.9626749,123.683,0.0,191.857327
1766058435.5411496,123.674,0.0,191.857327
1766058436.1248298,123.68,0.0,191.857327
1766058436.8378465,123.679,0.0,191.857327
1766058437.5465033,123.684,0.0,191.857327
1766058438.1209986,123.683,0.0,191.857327
1766058438.8344028,123.683,0.0,191.857327
1766058439.5435092,123.683,0.0,191.857327
1766058440.1183171,123.685,0.0,191.857327
1766058440.829584,123.685,0.0,191.857327
1766058441.4065444,123.68,0.0,191.857327
1766058442.2158046,123.68,0.0,191.857327
1766058442.7932189,123.685,0.0,191.857327
1766058445.4463627,123.718,0.0,191.857327
1766058446.0315795,123.705,0.0,191.857327
1766058446.6048837,123.703,0.0,191.857327
1766058447.1789832,123.673,0.0,191.857327
1766058447.8882823,123.673,0.0,191.857327
1766058448.4637973,123.674,0.0,191.857327
1766058449.0379648,123.673,0.0,191.857327
1766058449.6131926,123.673,0.0,191.857327
1766058450.328309,123.678,0.0,191.857327
1766058451.039337,123.682,0.0,191.857327
1766058451.751418,123.682,0.0,191.857327
1766058452.545407,123.676,0.0,191.857327
1766058455.1958003,123.685,0.0,191.857327
1766058455.9094849,123.684,0.0,191.857327
1766058456.48337,123.688,0.0,191.857327
1766058457.1928413,123.684,0.0,191.857327
1766058457.7729423,123.684,0.0,191.857327
1766058458.48468,123.676,0.0,191.857327
1766058459.0609314,123.676,0.0,191.857327
1766058459.636795,123.676,0.0,191.857327
1766058460.2144008,123.676,0.0,191.857327
1766058460.7882478,123.676,0.0,191.857327
1766058461.3618762,123.676,0.0,191.857327
1766058461.938372,123.676,0.0,191.857327
1766058462.7263632,123.677,0.0,191.857327
1766058463.4433753,123.676,0.0,191.857327
1766058464.0197883,123.676,0.0,191.857327
1766058464.7291806,123.676,0.0,191.857327
1766058465.3051777,123.678,0.0,191.857327
1766058467.9560142,123.669,0.0,191.857327
1766058468.6610808,123.679,0.0,191.857327
1766058469.2363918,123.675,0.0,191.857327
1766058469.812038,123.675,0.0,191.857327
1766058470.3881285,123.682,0.0,191.857327
1766058470.9655423,123.687,0.0,191.857327
1766058471.6765783,123.687,0.0,191.857327
1766058472.2528234,123.687,0.0,191.857327
1766058473.0513065,123.687,0.0,191.857327
1766058473.630812,123.687,0.0,191.857327
1766058474.3522651,123.687,0.0,191.857327
1766058477.0041814,123.688,0.0,191.857327
1766058477.5785272,123.688,0.0,191.857327
1766058478.2872918,123.688,0.0,191.857327
1766058478.8627234,123.687,0.0,191.857327
1766058479.4414203,123.687,0.0,191.857327
1766058480.015487,123.704,0.0,191.857327
1766058480.7285016,123.703,0.0,191.857327
1766058485.1688852,123.699,1.0,191.844327
1766058485.8287194,123.699,1.0,191.844327
1766058486.4026284,123.699,1.0,191.844327
1766058486.979646,123.699,1.0,191.844327
1766058487.6896095,123.727,1.0,191.844327
1766058488.271983,123.734,1.0,191.844327
1766058488.8473897,123.736,1.0,191.844327
1766058489.4225774,123.736,1.0,191.844327
1766058489.9958518,123.736,1.0,191.844327
1766058490.706348,123.736,1.0,191.844327
1766058491.2838972,123.736,1.0,191.844327
1766058491.9903488,123.736,1.0,191.844327
1766058492.5671482,123.736,1.0,191.844327
1766058493.1435745,123.738,1.0,191.844327
1766058493.718553,123.736,1.0,191.844327
1766058494.4277303,123.734,1.0,191.844327
1766058495.1372876,123.733,1.0,191.844327
1766058495.711141,123.724,1.0,191.844327
1766058496.5075438,123.724,1.0,191.859327
1766058497.0827236,123.724,1.0,191.859327
1766058497.7935617,123.731,1.0,191.859327
1766058498.3686159,123.727,1.0,191.859327
1766058501.1566455,123.733,1.0,191.859327
1766058501.7309616,123.733,1.0,191.859327
1766058502.30426,123.742,1.0,191.859327
1766058502.8818977,123.742,1.0,191.859327
1766058503.4565978,123.742,1.0,191.859327
1766058504.030946,123.734,1.0,191.859327
1766058504.6086142,123.735,1.0,191.859327
1766058505.1836128,123.734,1.0,191.859327
1766058505.758014,123.73,1.0,191.859327
1766058508.6289399,123.727,1.0,191.875327
1766058509.3390625,123.727,1.0,191.875327
1766058509.9125776,123.727,1.0,191.875327
1766058510.6241913,123.728,1.0,191.875327
1766058511.2006953,123.727,1.0,191.875327
1766058511.909194,123.728,1.0,191.875327
1766058512.6285996,123.728,1.0,191.875327
1766058513.3431938,123.737,1.0,191.875327
1766058513.9170425,123.737,1.0,191.875327
1766058514.5761049,123.737,1.0,191.875327
1766058515.1492753,123.74,1.0,191.875327
1766058515.7255123,123.741,1.0,191.875327
1766058516.4369493,123.734,1.0,191.875327
1766058517.3602135,123.728,1.0,191.873327
1766058518.0731847,123.727,1.0,191.873327
1766058518.6484637,123.731,1.0,191.873327
1766058521.3002245,123.731,1.0,191.873327
1766058522.0101895,123.727,1.0,191.873327
1766058522.5883784,123.727,1.0,191.873327
1766058523.1637225,123.729,1.0,191.873327
1766058523.7395947,123.729,1.0,191.873327
1766058524.320823,123.723,1.0,191.873327
1766058524.8956478,123.723,1.0,191.873327
1766058525.4739764,123.724,1.0,191.873327
1766058526.1818488,123.715,1.0,191.873327
1766058526.758282,123.715,1.0,191.873327
1766058527.5512094,123.722,1.0,191.856327
1766058530.2010858,123.721,1.0,191.856327
1766058530.775691,123.721,1.0,191.856327
1766058531.3504891,123.721,1.0,191.856327
1766058531.9271274,123.721,1.0,191.856327
1766058532.5028546,123.723,1.0,191.856327
1766058533.0776374,123.723,1.0,191.856327
1766058533.6545308,123.723,1.0,191.856327
1766058534.2307577,123.723,1.0,191.856327
1766058534.9386945,123.723,1.0,191.856327
1766058535.6476607,123.727,1.0,191.856327
1766058536.3586714,123.721,1.0,191.856327
1766058536.9315236,123.721,1.0,191.856327
1766058537.5833166,123.728,1.0,191.856327
1766058538.293252,123.728,1.0,191.856327
1766058538.8674285,123.728,1.0,191.856327
1766058539.5763254,123.73,1.0,191.856327
1766058540.2845128,123.724,1.0,191.856327
1766058542.9356155,123.724,1.0,191.856327
1766058543.509134,123.725,1.0,191.856327
1766058544.1034398,123.722,1.0,191.856327
1766058544.8156588,123.722,1.0,191.856327
1766058545.38992,123.725,1.0,191.856327
1766058546.1001246,123.899,1.0,191.856327
1766058546.8083289,123.869,1.0,191.856327
1766058547.5191135,123.876,1.0,191.856327
1766058548.3198984,123.93,1.0,192.017327
1766058548.8940907,123.922,1.0,192.017327
1766058549.607543,123.923,1.0,192.017327
1766058550.3469725,123.923,1.0,192.017327
1766058550.9238744,123.923,1.0,192.017327
1766058553.7200143,123.903,1.0,192.017327
1766058554.2984233,123.902,1.0,192.017327
1766058554.8783765,123.902,1.0,192.017327
1766058555.4529693,123.896,1.0,192.017327
1766058556.164444,123.891,1.0,192.017327
1766058556.7410705,123.891,1.0,192.017327
1766058557.3182137,123.892,1.0,192.017327
1766058558.0276694,123.891,1.0,192.017327
1766058558.6868925,123.891,1.0,192.032327
1766058559.2644818,123.891,1.0,192.032327
1766058559.8450236,123.891,1.0,192.032327
1766058562.6291387,123.891,1.0,192.032327
1766058563.2029872,123.891,1.0,192.032327
1766058563.778264,123.891,1.0,192.032327
1766058564.352556,123.891,1.0,192.032327
1766058564.927172,123.891,1.0,192.032327
1766058565.5027654,123.891,1.0,192.032327
1766058566.2112877,123.891,1.0,192.032327
1766058566.7864869,123.891,1.0,192.032327
1766058567.3635025,123.892,1.0,192.032327
1766058567.9387207,123.892,1.0,192.032327
1766058570.803906,123.892,1.0,192.035327
1766058571.3773468,123.891,1.0,192.035327
1766058571.953776,123.892,1.0,192.035327
1766058572.5278983,123.891,1.0,192.035327
1766058573.106147,123.891,1.0,192.035327
1766058573.8163943,123.891,1.0,192.035327
1766058574.3939786,123.892,1.0,192.035327
1766058574.972503,123.891,1.0,192.035327
1766058575.5481153,123.895,1.0,192.035327
1766058576.1267023,123.898,1.0,192.035327
1766058576.7055976,123.899,1.0,192.035327
1766058577.2864292,123.899,1.0,192.035327
1766058577.8654826,123.898,1.0,192.035327
1766058580.5175917,123.883,1.0,192.035327
1766058581.3213098,123.88,1.0,192.035327
1766058581.8964999,123.88,1.0,192.035327
1766058582.6057277,123.879,1.0,192.035327
1766058583.1825721,123.879,1.0,192.035327
1766058583.8931496,123.88,1.0,192.035327
1766058584.4696064,123.879,1.0,192.035327
1766058585.1805053,123.879,1.0,192.035327
1766058585.758779,123.872,1.0,192.035327
1766058586.4696033,123.872,1.0,192.035327
1766058587.0466795,123.872,1.0,192.035327
1766058587.7589486,123.873,1.0,192.035327
1766058588.3334928,123.872,1.0,192.035327
1766058590.9850607,123.865,1.0,192.035327
1766058591.6475391,123.865,1.0,192.014327
1766058592.2271028,123.865,1.0,192.014327
1766058592.9358172,123.865,1.0,192.014327
1766058593.643915,123.866,1.0,192.014327
1766058594.355025,123.865,1.0,192.014327
1766058594.9293864,123.865,1.0,192.014327
1766058595.6401327,123.865,1.0,192.014327
1766058596.352494,123.866,1.0,192.014327
1766058597.0624928,123.866,1.0,192.014327
1766058597.7741895,123.865,1.0,192.014327
1766058598.3477042,123.865,1.0,192.014327
1766058599.059302,123.865,1.0,192.014327
1766058599.6338904,123.865,1.0,192.014327
1766058602.289344,123.866,1.0,192.014327
1766058603.0853348,123.866,1.0,192.005327
1766058603.6608653,123.866,1.0,192.005327
1766058604.2404451,123.866,1.0,192.005327
1766058604.8152366,123.866,1.0,192.005327
1766058605.392119,123.865,1.0,192.005327
1766058605.9668295,123.865,1.0,192.005327
1766058606.5436122,123.865,1.0,192.005327
1766058607.1205566,123.866,1.0,192.005327
1766058607.83407,123.866,1.0,192.005327
1766058610.508924,123.865,1.0,192.005327
1766058611.0843248,123.857,1.0,192.005327
1766058611.6614723,123.857,1.0,192.005327
1766058612.2360926,123.847,1.0,192.005327
1766058612.8116472,123.858,1.0,192.005327
1766058613.4683232,123.858,1.0,192.000327
1766058614.0454595,123.858,1.0,192.000327
1766058614.623964,123.858,1.0,192.000327
1766058617.2754803,123.861,1.0,192.000327
1766058617.850976,123.861,1.0,192.000327
1766058618.4266503,123.861,1.0,192.000327
1766058619.0039415,123.861,1.0,192.000327
1766058619.5814085,123.861,1.0,192.000327
1766058620.2900803,123.852,1.0,192.000327
1766058620.8674495,123.852,1.0,192.000327
1766058621.5814507,123.852,1.0,192.000327
1766058622.157512,123.852,1.0,192.000327
1766058622.7347298,123.853,1.0,192.000327
1766058623.3099492,123.853,1.0,192.000327
1766058623.961044,123.853,1.0,192.000327
1766058624.5437682,123.853,1.0,192.000327
1766058625.122987,123.853,1.0,192.000327
1766058627.932072,123.811,1.0,192.000327
1766058628.6432722,123.811,1.0,192.000327
1766058629.2360861,123.817,1.0,192.000327
1766058629.9496598,123.836,1.0,192.000327
1766058630.526634,123.846,1.0,192.000327
1766058631.1064346,123.845,1.0,192.000327
1766058631.68135,123.834,1.0,192.000327
1766058632.255622,123.834,1.0,192.000327
1766058632.9670382,123.836,1.0,192.000327
1766058633.6757212,123.836,1.0,192.000327
1766058634.3300743,123.84,1.0,191.983327
1766058635.0393062,123.839,1.0,191.983327
1766058635.615268,123.84,1.0,191.983327
1766058638.2764344,123.841,1.0,191.983327
1766058638.856302,123.842,1.0,191.983327
1766058639.4338415,123.842,1.0,191.983327
1766058640.149405,123.842,1.0,191.983327
1766058640.7263823,123.828,1.0,191.983327
1766058641.4419348,123.829,1.0,191.983327
1766058642.0230136,123.829,1.0,191.983327
1766058642.7333472,123.83,1.0,191.983327
1766058643.4441729,123.83,1.0,191.983327
1766058644.1619031,123.83,1.0,191.983327
1766058644.9564779,123.83,1.0,191.974327
1766058645.5358622,123.83,1.0,191.974327
1766058646.2479486,123.821,1.0,191.974327
1766058646.8255029,123.82,1.0,191.974327
1766058649.4806602,123.823,1.0,191.974327
1766058650.0559545,123.824,1.0,191.974327
1766058650.6410723,123.822,1.0,191.974327
1766058651.220145,123.815,1.0,191.974327
1766058651.799548,123.809,1.0,191.974327
1766058652.5083702,123.811,1.0,191.974327
1766058653.087771,123.811,1.0,191.974327
1766058653.6646304,123.812,1.0,191.974327
1766058654.379266,123.812,1.0,191.974327
1766058655.1778119,123.808,1.0,191.968327
1766058655.9154627,123.803,1.0,191.968327
1766058656.623504,123.804,1.0,191.968327
1766058657.331358,123.804,1.0,191.968327
1766058658.0462735,123.804,1.0,191.968327
1766058660.9966526,123.794,1.0,191.968327
1766058661.5837471,123.8,1.0,191.968327
1766058662.1607053,123.801,1.0,191.968327
1766058662.8804228,123.802,1.0,191.968327
1766058663.4952204,123.802,1.0,191.968327
1766058664.084988,123.802,1.0,191.968327
1766058664.6696734,123.802,1.0,191.968327
1766058667.0056207,123.81,1.0,191.936327
1766058667.582413,123.81,1.0,191.936327
1766058668.2933683,123.81,1.0,191.936327
1766058669.0013204,123.803,1.0,191.936327
1766058669.7152023,123.799,1.0,191.936327
1766058670.4282868,123.798,1.0,191.936327
1766058671.004663,123.798,1.0,191.936327
1766058671.7181878,123.798,1.0,191.936327
1766058672.2963638,123.795,1.0,191.936327
1766058673.0076523,123.795,1.0,191.936327
1766058673.716521,123.799,1.0,191.936327
1766058674.2994487,123.8,1.0,191.936327
1766058674.8777688,123.794,1.0,191.936327
1766058675.5391717,123.794,1.0,191.936327
1766058676.2505443,123.787,1.0,191.936327
1766058676.8286705,123.788,1.0,191.936327
1766058679.4816132,123.787,1.0,191.936327
1766058680.1938498,123.787,1.0,191.936327
1766058680.767478,123.787,1.0,191.936327
1766058681.4777117,123.788,1.0,191.936327
1766058682.18702,123.777,1.0,191.936327
1766058682.7616394,123.778,1.0,191.936327
1766058683.4768505,123.778,1.0,191.936327
1766058684.051622,123.789,1.0,191.936327
1766058684.6269648,123.786,1.0,191.936327
1766058685.2039754,123.787,1.0,191.936327
1766058686.1345065,123.787,1.0,191.926327
1766058686.845515,123.788,1.0,191.926327
1766058687.5579588,123.785,1.0,191.926327
1766058688.1332967,123.785,1.0,191.926327
1766058690.7843022,123.781,1.0,191.926327
1766058691.358103,123.781,1.0,191.926327
1766058692.0706463,123.776,1.0,191.926327
1766058692.6497054,123.776,1.0,191.926327
1766058693.3622816,123.793,1.0,191.926327
1766058693.9389267,123.793,1.0,191.926327
1766058694.515744,123.79,1.0,191.926327
1766058695.2281199,123.79,1.0,191.926327
1766058695.8029423,123.79,1.0,191.926327
1766058696.4600108,123.79,1.0,191.922327
1766058697.172364,123.789,1.0,191.922327
1766058699.8231063,123.809,1.0,191.922327
1766058700.530721,123.809,1.0,191.922327
1766058701.1123214,123.805,1.0,191.922327
1766058701.6879575,123.805,1.0,191.922327
1766058702.2631998,123.808,1.0,191.922327
1766058702.8384988,123.808,1.0,191.922327
1766058703.4149556,123.807,1.0,191.922327
1766058703.996099,123.807,1.0,191.922327
1766058704.5704508,123.807,1.0,191.922327
1766058705.2795818,123.828,1.0,191.922327
1766058705.8558207,123.84,1.0,191.922327
1766058708.7263372,123.868,1.0,191.963327
1766058709.30416,123.868,1.0,191.963327
1766058709.878322,123.868,1.0,191.963327
1766058710.4537785,123.868,1.0,191.963327
1766058711.0336459,123.87,1.0,191.963327
1766058711.6106849,123.87,1.0,191.963327
1766058712.1878214,123.866,1.0,191.963327
1766058712.8991022,123.866,1.0,191.963327
1766058713.4773388,123.871,1.0,191.963327
1766058714.0526137,123.871,1.0,191.963327
1766058714.6300035,123.867,1.0,191.963327
1766058715.204536,123.865,1.0,191.963327
1766058715.7815328,123.865,1.0,191.963327
1766058718.4328363,123.848,1.0,191.963327
1766058719.3652587,123.848,1.0,191.982327
1766058719.9410806,123.848,1.0,191.982327
1766058720.5176122,123.845,1.0,191.982327
1766058721.2278364,123.843,1.0,191.982327
1766058721.801531,123.831,1.0,191.982327
1766058722.5125809,123.831,1.0,191.982327
1766058723.2300742,123.832,1.0,191.982327
1766058723.804259,123.832,1.0,191.982327
1766058724.5208387,123.832,1.0,191.982327
1766058725.1010365,123.83,1.0,191.982327
1766058725.8199124,123.83,1.0,191.982327
1766058726.5347967,123.83,1.0,191.982327
1766058727.2473767,123.808,1.0,191.982327
1766058727.8262439,123.805,1.0,191.982327
1766058730.4939637,123.801,1.0,191.982327
1766058731.1554172,123.801,1.0,191.943327
1766058731.7300866,123.783,1.0,191.943327
1766058732.3046813,123.783,1.0,191.943327
1766058732.8924475,123.783,1.0,191.943327
1766058733.4693058,123.783,1.0,191.943327
1766058734.0446355,123.78,1.0,191.943327
1766058734.6195254,123.778,1.0,191.943327
1766058737.2828467,123.784,1.0,191.943327
1766058737.859664,123.784,1.0,191.943327
1766058738.4393945,123.784,1.0,191.943327
1766058739.1512747,123.784,1.0,191.943327
1766058739.7271507,123.784,1.0,191.943327
1766058740.4399805,123.784,1.0,191.943327
1766058741.0193317,123.784,1.0,191.943327
1766058741.824358,123.784,1.0,191.916327
1766058742.4005067,123.776,1.0,191.916327
1766058743.1097794,123.776,1.0,191.916327
1766058743.827159,123.776,1.0,191.916327
1766058744.4026253,123.776,1.0,191.916327
1766058747.0533168,123.779,1.0,191.916327
1766058747.762173,123.778,1.0,191.916327
1766058748.3401506,123.778,1.0,191.916327
1766058749.0526597,123.779,1.0,191.916327
1766058749.6277301,123.783,1.0,191.916327
1766058750.204989,123.78,1.0,191.916327
1766058750.9197376,123.78,1.0,191.916327
1766058751.6355784,123.779,1.0,191.916327
1766058752.426678,123.781,1.0,191.916327
1766058753.0056062,123.785,1.0,191.916327
1766058753.5833359,123.778,1.0,191.916327
1766058754.1595237,123.778,1.0,191.916327
1766058756.9486198,123.778,1.0,191.916327
1766058757.5222616,123.784,1.0,191.916327
1766058758.102106,123.784,1.0,191.916327
1766058758.6816046,123.78,1.0,191.916327
1766058759.2607641,123.78,1.0,191.916327
1766058759.9702687,123.784,1.0,191.916327
1766058760.680839,123.784,1.0,191.916327
1766058761.255692,123.784,1.0,191.916327
1766058761.9658754,123.784,1.0,191.916327
1766058762.7641823,123.784,1.0,191.918327
1766058763.4746609,123.784,1.0,191.918327
1766058764.054653,123.785,1.0,191.918327
1766058764.6293278,123.785,1.0,191.918327
1766058767.2804413,123.785,1.0,191.918327
1766058767.8581493,123.785,1.0,191.918327
1766058768.5675871,123.785,1.0,191.918327
1766058769.142321,123.785,1.0,191.918327
1766058769.7210677,123.785,1.0,191.918327
1766058770.296393,123.785,1.0,191.918327
1766058770.876597,123.785,1.0,191.918327
1766058771.4516654,123.785,1.0,191.918327
1766058772.0292027,123.785,1.0,191.918327
1766058772.8273313,123.785,1.0,191.921327
1766058775.6309516,123.784,1.0,191.921327
1766058776.3487952,123.79,1.0,191.921327
1766058777.0574582,123.79,1.0,191.921327
1766058777.6320815,123.782,1.0,191.921327
1766058778.3436162,123.78,1.0,191.921327
1766058778.920792,123.768,1.0,191.921327
1766058779.6343555,123.773,1.0,191.921327
1766058780.213483,123.771,1.0,191.921327
1766058780.9247108,123.771,1.0,191.921327
1766058781.6356692,123.786,1.0,191.921327
1766058782.3473213,123.782,1.0,191.921327
1766058783.0889254,123.782,1.0,191.914327
1766058783.6682448,123.782,1.0,191.914327
1766058784.2432678,123.782,1.0,191.914327
1766058784.9573205,123.782,1.0,191.914327
1766058785.5334778,123.778,1.0,191.914327
1766058788.1879222,123.783,1.0,191.914327
1766058788.763285,123.783,1.0,191.914327
1766058789.3376927,123.778,1.0,191.914327
1766058789.9139524,123.778,1.0,191.914327
1766058790.6227784,123.778,1.0,191.914327
1766058791.1982229,123.777,1.0,191.914327
1766058791.9196517,123.784,1.0,191.914327
1766058792.4977999,123.778,1.0,191.914327
1766058793.2926831,123.778,1.0,191.916327
1766058794.005077,123.778,1.0,191.916327
1766058794.5881069,123.779,1.0,191.916327
1766058795.2951012,123.779,1.0,191.916327
1766058798.2235,123.784,1.0,191.916327
1766058798.7986279,123.777,1.0,191.916327
1766058799.3730109,123.785,1.0,191.916327
1766058799.947947,123.785,1.0,191.916327
1766058800.5231786,123.785,1.0,191.916327
1766058801.0985386,123.778,1.0,191.916327
1766058801.6736503,123.778,1.0,191.916327
1766058802.3833907,123.772,1.0,191.916327
1766058802.957117,123.771,1.0,191.916327
1766058803.6101062,123.771,1.0,191.90832699999999
1766058806.2627435,123.77,1.0,191.90832699999999
1766058806.8422468,123.77,1.0,191.90832699999999
1766058807.5539439,123.775,1.0,191.90832699999999
1766058808.132253,123.775,1.0,191.90832699999999
1766058808.7062829,123.775,1.0,191.90832699999999
1766058809.4189992,123.787,1.0,191.90832699999999
1766058809.9934673,123.782,1.0,191.90832699999999
1766058810.569039,123.786,1.0,191.90832699999999
1766058811.145351,123.786,1.0,191.90832699999999
1766058811.7211037,123.788,1.0,191.90832699999999
1766058812.3023887,123.788,1.0,191.90832699999999
1766058813.0185373,123.779,1.0,191.90832699999999
1766058813.7306368,123.786,1.0,191.90832699999999
1766058814.6540482,123.786,1.0,191.90832699999999
1766058815.2288573,123.786,1.0,191.90832699999999
1766058816.0204766,123.786,1.0,191.90832699999999
1766058816.5995772,123.778,1.0,191.90832699999999
1766058817.1740189,123.778,1.0,191.90832699999999
1766058817.8830004,123.785,1.0,191.90832699999999
1766058820.6715097,123.779,1.0,191.90832699999999
1766058821.2478485,123.779,1.0,191.90832699999999
1766058821.956845,123.785,1.0,191.90832699999999
1766058822.666977,123.785,1.0,191.90832699999999
1766058823.2441654,123.785,1.0,191.90832699999999
1766058823.824495,123.785,1.0,191.90832699999999
1766058824.4844701,123.776,1.0,191.912327
1766058825.2003865,123.776,1.0,191.912327
1766058825.9099336,123.776,1.0,191.912327
1766058826.50907,123.78,1.0,191.912327
1766058827.222255,123.78,1.0,191.912327
1766058827.7979977,123.785,1.0,191.912327
1766058828.3742173,123.785,1.0,191.912327
1766058831.0372574,123.784,1.0,191.912327
1766058831.7482657,123.784,1.0,191.912327
1766058832.4582853,123.784,1.0,191.912327
1766058833.036306,123.784,1.0,191.912327
1766058833.6283073,123.784,1.0,191.912327
1766058834.2055511,123.784,1.0,191.912327
1766058835.0009243,123.784,1.0,191.916327
1766058835.576955,123.789,1.0,191.916327
1766058836.296455,123.79,1.0,191.916327
1766058837.0105221,123.79,1.0,191.916327
1766058837.587147,123.784,1.0,191.916327
1766058838.1639526,123.788,1.0,191.916327
1766058840.8215218,123.789,1.0,191.916327
1766058841.5407786,123.789,1.0,191.916327
1766058842.1179097,123.788,1.0,191.916327
1766058842.6930676,123.788,1.0,191.916327
1766058843.4105797,123.799,1.0,191.916327
1766058843.9886348,123.801,1.0,191.916327
1766058844.5646868,123.796,1.0,191.916327
1766058845.2275798,123.8,1.0,191.922327
1766058845.8463628,123.8,1.0,191.922327
1766058846.4258647,123.799,1.0,191.922327
1766058849.0958846,123.773,1.0,191.922327
1766058849.7050557,123.773,1.0,191.922327
1766058850.4529893,123.773,1.0,191.922327
1766058851.0337741,123.773,1.0,191.922327
1766058851.6092393,123.773,1.0,191.922327
1766058852.1858082,123.77,1.0,191.922327
1766058852.8942487,123.77,1.0,191.922327
1766058853.4785366,123.767,1.0,191.922327
1766058854.0584078,123.768,1.0,191.922327
1766058854.7721994,123.768,1.0,191.922327
1766058855.5750153,123.769,1.0,191.910327
1766058856.155478,123.781,1.0,191.910327
1766058858.817667,123.781,1.0,191.910327
1766058859.3943467,123.776,1.0,191.910327
1766058860.103553,123.781,1.0,191.910327
1766058860.6836119,123.78,1.0,191.910327
1766058861.3986392,123.792,1.0,191.910327
1766058861.9787424,123.791,1.0,191.910327
1766058862.5554328,123.791,1.0,191.910327
1766058863.265618,123.797,1.0,191.910327
1766058863.9834397,123.797,1.0,191.910327
1766058864.577937,123.797,1.0,191.910327
1766058865.2858243,123.797,1.0,191.910327
1766058865.9466352,123.809,1.0,191.916327
1766058866.656895,123.815,1.0,191.916327
1766058869.4826403,123.809,1.0,191.916327
1766058870.0608995,123.815,1.0,191.916327
1766058870.6394906,123.809,1.0,191.916327
1766058871.2265897,123.815,1.0,191.916327
1766058871.804584,123.815,1.0,191.916327
1766058872.406173,123.815,1.0,191.916327
1766058872.9840755,123.799,1.0,191.916327
1766058873.560649,123.8,1.0,191.916327
1766058874.325089,123.81,1.0,191.916327
1766058875.0338752,123.801,1.0,191.916327
1766058875.6089196,123.801,1.0,191.916327
1766058876.4096334,123.797,1.0,191.937327
1766058877.1231515,123.794,1.0,191.937327
1766058879.7833877,123.796,1.0,191.937327
1766058880.494911,123.786,1.0,191.937327
1766058881.2146103,123.795,1.0,191.937327
1766058881.790782,123.795,1.0,191.937327
1766058882.5004234,123.806,1.0,191.937327
1766058883.074666,123.801,1.0,191.937327
1766058883.7842667,123.799,1.0,191.937327
1766058884.4959204,123.804,1.0,191.937327
1766058885.0722528,123.802,1.0,191.937327
1766058885.6494527,123.802,1.0,191.937327
1766058886.3084674,123.803,1.0,191.927327
1766058886.8874593,123.8,1.0,191.927327
1766058887.6036515,123.812,1.0,191.927327
1766058888.3139129,123.803,1.0,191.927327
1766058891.2338192,123.784,1.0,191.927327
1766058891.8119183,123.777,1.0,191.927327
1766058892.3862126,123.777,1.0,191.927327
1766058892.9630384,123.771,1.0,191.927327
1766058893.5416172,123.771,1.0,191.927327
1766058894.1180947,123.77,1.0,191.927327
1766058894.7744105,123.77,1.0,191.927327
1766058895.4876885,123.77,1.0,191.927327
1766058896.064662,123.777,1.0,191.927327
1766058896.9927769,123.777,1.0,191.912327
1766058897.703359,123.769,1.0,191.912327
1766058898.285392,123.769,1.0,191.912327
1766058898.8611035,123.769,1.0,191.912327
1766058899.5739336,123.768,1.0,191.912327
1766058900.2907975,123.777,1.0,191.912327
1766058903.2160215,123.804,1.0,191.912327
1766058903.799155,123.804,1.0,191.912327
1766058904.4282658,123.803,1.0,191.912327
1766058905.1386313,123.802,1.0,191.912327
1766058905.7156994,123.802,1.0,191.912327
1766058906.3030188,123.798,1.0,191.912327
1766058907.1074235,123.801,1.0,191.933327
1766058907.6839733,123.798,1.0,191.933327
1766058908.2624843,123.799,1.0,191.933327
1766058908.9803224,123.802,1.0,191.933327
1766058909.5587401,123.802,1.0,191.933327
1766058910.1326294,123.804,1.0,191.933327
1766058912.9255657,123.794,1.0,191.933327
1766058913.50405,123.79,1.0,191.933327
1766058914.0831194,123.794,1.0,191.933327
1766058914.689105,123.794,1.0,191.933327
1766058915.3035345,123.794,1.0,191.933327
1766058916.1032171,123.794,1.0,191.933327
1766058916.8174212,123.797,1.0,191.933327
1766058917.4862082,123.794,1.0,191.931327
1766058918.2682903,123.797,1.0,191.931327
1766058918.8479218,123.804,1.0,191.931327
1766058919.4242444,123.794,1.0,191.931327
1766058920.145067,123.794,1.0,191.931327
1766058920.858095,123.79,1.0,191.931327
1766058921.4333456,123.788,1.0,191.931327
1766058924.2219934,123.798,1.0,191.931327
1766058924.7968023,123.798,1.0,191.931327
1766058925.3727598,123.797,1.0,191.931327
1766058925.9496949,123.803,1.0,191.931327
1766058926.5394719,123.802,1.0,191.931327
1766058927.2582078,123.803,1.0,191.931327
1766058927.91497,123.803,1.0,191.936327
1766058928.4916773,123.803,1.0,191.936327
1766058929.0674927,123.803,1.0,191.936327
1766058929.7767875,123.803,1.0,191.936327
1766058930.3529027,123.803,1.0,191.936327
1766058933.1431336,123.797,1.0,191.936327
1766058933.8559182,123.793,1.0,191.936327
1766058934.429629,123.794,1.0,191.936327
1766058935.0160666,123.794,1.0,191.936327
1766058935.593285,123.8,1.0,191.936327
1766058936.3099492,123.793,1.0,191.936327
1766058936.8843112,123.793,1.0,191.936327
1766058937.5913916,123.798,1.0,191.936327
1766058938.2533948,123.786,1.0,191.927327
1766058938.8301961,123.791,1.0,191.927327
1766058939.408429,123.791,1.0,191.927327
1766058940.1306868,123.797,1.0,191.927327
1766058942.7833426,123.796,1.0,191.927327
1766058943.4951444,123.794,1.0,191.927327
1766058944.216679,123.795,1.0,191.927327
1766058944.7913902,123.795,1.0,191.927327
1766058945.3685956,123.793,1.0,191.927327
1766058945.945546,123.799,1.0,191.927327
1766058946.522704,123.807,1.0,191.927327
1766058947.2342184,123.806,1.0,191.927327
1766058947.8113801,123.798,1.0,191.927327
1766058948.6105075,123.8,1.0,191.933327
1766058949.1861207,123.8,1.0,191.933327
1766058951.835549,123.805,1.0,191.933327
1766058952.4094496,123.805,1.0,191.933327
1766058952.9861996,123.805,1.0,191.933327
1766058953.5628502,123.805,1.0,191.933327
1766058954.1360273,123.805,1.0,191.933327
1766058954.7114198,123.805,1.0,191.933327
1766058955.285708,123.805,1.0,191.933327
1766058955.8600223,123.806,1.0,191.933327
1766058956.5722342,123.805,1.0,191.933327
1766058957.1471484,123.806,1.0,191.933327
1766058957.7213533,123.823,1.0,191.933327
1766058958.298846,123.823,1.0,191.933327
1766058958.947647,123.822,1.0,191.933327
1766058959.560895,123.822,1.0,191.933327
1766058962.2157915,123.813,1.0,191.933327
1766058962.794246,123.823,1.0,191.933327
1766058963.3793669,123.822,1.0,191.933327
1766058964.0901322,123.813,1.0,191.933327
1766058964.8056822,123.813,1.0,191.933327
1766058966.7865877,123.813,1.0,191.933327
1766058967.3635137,123.813,1.0,191.933327
1766058967.9441712,123.813,1.0,191.933327
1766058968.659216,123.813,1.0,191.933327
1766058969.32387,123.813,1.0,191.952327
1766058969.899872,123.813,1.0,191.952327
1766058970.4750881,123.814,1.0,191.952327
1766058971.0485628,123.815,1.0,191.952327
1766058971.7653255,123.813,1.0,191.952327
1766058972.4821332,123.81,1.0,191.952327
1766058973.1971512,123.81,1.0,191.952327
1766058973.7721457,123.811,1.0,191.952327
1766058974.3467886,123.81,1.0,191.952327
1766058974.9244273,123.811,1.0,191.952327
1766058975.5103264,123.81,1.0,191.952327
1766058976.2205565,123.81,1.0,191.952327
1766058976.7959604,123.819,1.0,191.952327
1766058979.7167082,123.822,1.0,191.952327
1766058980.3814805,123.822,1.0,191.952327
1766058980.9573078,123.81,1.0,191.952327
1766058981.6734705,123.81,1.0,191.952327
1766058982.251807,123.814,1.0,191.952327
1766058982.827846,123.807,1.0,191.952327
1766058983.5571737,123.808,1.0,191.952327
1766058984.1349986,123.808,1.0,191.952327
1766058984.7179723,123.809,1.0,191.952327
1766058985.293856,123.813,1.0,191.952327
1766058986.00184,123.819,1.0,191.952327
1766058986.7140853,123.819,1.0,191.952327
1766058987.2877703,123.819,1.0,191.952327
1766058989.9421558,123.811,1.0,191.952327
1766058990.6782959,123.811,1.0,191.952327
1766058991.3850422,123.811,1.0,191.952327
1766058991.9599283,123.811,1.0,191.952327
1766058992.6713731,123.811,1.0,191.952327
1766058993.3819818,123.818,1.0,191.952327
1766058994.0928388,123.821,1.0,191.952327
1766058994.7996426,123.821,1.0,191.952327
1766058995.5130467,123.821,1.0,191.952327
1766058996.0882628,123.815,1.0,191.952327
1766058996.6666172,123.815,1.0,191.952327
1766058997.2426255,123.815,1.0,191.952327
1766058997.9505174,123.815,1.0,191.952327
1766058998.536022,123.815,1.0,191.952327
1766059001.1845016,123.805,1.0,191.952327
1766059001.8458772,123.804,1.0,191.943327
1766059002.5603826,123.804,1.0,191.943327
1766059003.1367645,123.804,1.0,191.943327
1766059003.7155764,123.804,1.0,191.943327
1766059004.4290617,123.804,1.0,191.943327
1766059005.138457,123.804,1.0,191.943327
1766059005.717046,123.808,1.0,191.943327
1766059006.2955306,123.808,1.0,191.943327
1766059006.8705103,123.811,1.0,191.943327
1766059009.6621783,123.813,1.0,191.943327
1766059010.3747027,123.813,1.0,191.943327
1766059010.9488938,123.813,1.0,191.943327
1766059011.52408,123.813,1.0,191.943327
1766059012.1830356,123.813,1.0,191.943327
1766059012.7589319,123.813,1.0,191.943327
1766059013.4710124,123.813,1.0,191.943327
1766059014.183046,123.813,1.0,191.943327
1766059014.757408,123.813,1.0,191.943327
1766059015.4734263,123.832,1.0,191.943327
1766059016.183812,123.832,1.0,191.943327
1766059016.7605882,123.832,1.0,191.943327
1766059017.346234,123.832,1.0,191.943327
1766059018.0598187,123.832,1.0,191.943327
1766059020.7157328,123.831,1.0,191.943327
1766059021.3012877,123.831,1.0,191.943327
1766059021.8783689,123.831,1.0,191.943327
1766059022.6713264,123.831,1.0,191.964327
1766059023.3934512,123.831,1.0,191.964327
1766059024.1165035,123.831,1.0,191.964327
1766059024.6958394,123.832,1.0,191.964327
1766059025.2729511,123.831,1.0,191.964327
1766059025.851115,123.831,1.0,191.964327
1766059026.5673118,123.831,1.0,191.964327
1766059027.145593,123.831,1.0,191.964327
1766059029.8005047,123.831,1.0,191.964327
1766059030.513191,123.828,1.0,191.964327
1766059031.0884066,123.828,1.0,191.964327
1766059031.6633964,123.828,1.0,191.964327
1766059032.3784199,123.828,1.0,191.964327
1766059033.047299,123.828,1.0,191.963327
1766059033.7665277,123.828,1.0,191.963327
1766059034.3420343,123.828,1.0,191.963327
1766059035.0638871,123.828,1.0,191.963327
1766059035.7764218,123.833,1.0,191.963327
1766059036.3512027,123.832,1.0,191.963327
1766059037.0609934,123.832,1.0,191.963327
1766059037.6392057,123.82,1.0,191.963327
1766059040.2938824,123.818,1.0,191.963327
1766059040.8735306,123.818,1.0,191.963327
1766059041.449222,123.817,1.0,191.963327
1766059042.158606,123.817,1.0,191.963327
1766059042.7364771,123.817,1.0,191.963327
1766059043.536452,123.812,1.0,191.952327
1766059044.1131608,123.817,1.0,191.952327
1766059044.690155,123.817,1.0,191.952327
1766059045.2653787,123.817,1.0,191.952327
1766059045.9790592,123.817,1.0,191.952327
1766059046.5542548,123.816,1.0,191.952327
1766059049.342776,123.812,1.0,191.952327
1766059049.9204624,123.812,1.0,191.952327
1766059050.6291156,123.812,1.0,191.952327
1766059051.2032752,123.81,1.0,191.952327
1766059051.7794695,123.81,1.0,191.952327
1766059052.4895873,123.81,1.0,191.952327
1766059053.0703328,123.809,1.0,191.952327
1766059053.8678472,123.809,1.0,191.948327
1766059054.4434538,123.81,1.0,191.948327
1766059055.0188718,123.81,1.0,191.948327
1766059055.598276,123.81,1.0,191.948327
1766059056.3086252,123.81,1.0,191.948327
1766059058.9632144,123.809,1.0,191.948327
1766059059.5400615,123.809,1.0,191.948327
1766059060.1223292,123.814,1.0,191.948327
1766059060.69865,123.814,1.0,191.948327
1766059061.4088416,123.81,1.0,191.948327
1766059062.1176763,123.81,1.0,191.948327
1766059062.6968455,123.81,1.0,191.948327
1766059063.27422,123.835,1.0,191.948327
1766059064.0755975,123.835,1.0,191.952327
1766059064.6511276,123.835,1.0,191.952327
1766059065.368007,123.835,1.0,191.952327
1766059066.0799375,123.834,1.0,191.952327
1766059068.741235,123.835,1.0,191.952327
1766059069.4541519,123.835,1.0,191.952327
1766059070.0335073,123.835,1.0,191.952327
1766059070.7440722,123.834,1.0,191.952327
1766059071.4581904,123.834,1.0,191.952327
1766059072.1692376,123.834,1.0,191.952327
1766059072.7457714,123.834,1.0,191.952327
1766059073.3255157,123.834,1.0,191.952327
1766059073.9892929,123.838,1.0,191.968327
1766059074.5654845,123.838,1.0,191.968327
1766059075.2765348,123.838,1.0,191.968327
1766059075.853855,123.838,1.0,191.968327
1766059078.5073342,123.838,1.0,191.968327
1766059079.2268615,123.838,1.0,191.968327
1766059079.80412,123.838,1.0,191.968327
1766059080.526791,123.839,1.0,191.968327
1766059081.268556,123.834,1.0,191.968327
1766059081.9993927,123.835,1.0,191.968327
1766059082.7157052,123.838,1.0,191.968327
1766059083.292178,123.838,1.0,191.968327
1766059083.8742225,123.838,1.0,191.968327
1766059084.676418,123.837,1.0,191.973327
1766059085.3880064,123.837,1.0,191.973327
1766059086.103629,123.839,1.0,191.973327
1766059086.6774666,123.839,1.0,191.973327
1766059087.262769,123.838,1.0,191.973327
1766059087.8418014,123.837,1.0,191.973327
1766059090.708245,123.831,1.0,191.973327
1766059091.4278247,123.831,1.0,191.973327
1766059092.1589851,123.833,1.0,191.973327
1766059092.871488,123.833,1.0,191.973327
1766059093.5811515,123.84,1.0,191.973327
1766059094.160452,123.84,1.0,191.973327
1766059094.9600947,123.84,1.0,191.971327
1766059095.5368567,123.835,1.0,191.971327
1766059096.256147,123.835,1.0,191.971327
1766059096.8353293,123.836,1.0,191.971327
1766059097.5479033,123.836,1.0,191.971327
1766059098.1258647,123.835,1.0,191.971327
1766059098.87028,123.835,1.0,191.971327
1766059099.5815248,123.84,1.0,191.971327
1766059100.2968664,123.836,1.0,191.971327
1766059100.888766,123.836,1.0,191.971327
1766059101.599654,123.835,1.0,191.971327
1766059102.3189034,123.835,1.0,191.971327
1766059102.897902,123.835,1.0,191.971327
1766059105.5552337,123.835,1.0,191.971327
1766059106.487106,123.836,1.0,191.973327
1766059107.0639312,123.839,1.0,191.973327
1766059107.6417031,123.843,1.0,191.973327
1766059108.217068,123.838,1.0,191.973327
1766059108.7971442,123.824,1.0,191.973327
1766059109.5095847,123.823,1.0,191.973327
1766059110.0855596,123.824,1.0,191.973327
1766059110.660976,123.824,1.0,191.973327
1766059111.3736181,123.823,1.0,191.973327
1766059112.0837877,123.823,1.0,191.973327
1766059112.6600626,123.823,1.0,191.973327
1766059115.3168287,123.841,1.0,191.973327
1766059116.025932,123.842,1.0,191.973327
1766059116.8250504,123.842,1.0,191.973327
1766059117.4018347,123.868,1.0,191.973327
1766059118.1131794,123.847,1.0,191.973327
1766059118.6893685,123.847,1.0,191.973327
1766059119.2661197,123.847,1.0,191.973327
1766059119.9797373,123.847,1.0,191.973327
1766059120.5559065,123.847,1.0,191.973327
1766059121.1308122,123.845,1.0,191.973327
1766059121.7060378,123.845,1.0,191.973327
1766059122.2816818,123.844,1.0,191.973327
1766059124.9638457,123.857,1.0,191.973327
1766059125.5399425,123.858,1.0,191.973327
1766059126.1774821,123.864,1.0,191.973327
1766059126.8406715,123.871,1.0,191.992327
1766059127.4208934,123.894,1.0,191.992327
1766059127.9950106,123.889,1.0,191.992327
1766059128.5709054,123.889,1.0,191.992327
1766059129.1469452,123.888,1.0,191.992327
1766059131.799275,123.901,1.0,191.992327
1766059132.3862739,123.901,1.0,191.992327
1766059132.961472,123.901,1.0,191.992327
1766059133.537087,123.901,1.0,191.992327
1766059134.2484708,123.9,1.0,191.992327
1766059134.9565568,123.9,1.0,191.992327
1766059135.6629326,123.902,1.0,191.992327
1766059136.238394,123.904,1.0,191.992327
1766059137.0417795,123.904,1.0,192.026327
1766059137.7541006,123.921,1.0,192.026327
1766059138.332998,123.92,1.0,192.026327
1766059138.9090502,123.91,1.0,192.026327
1766059139.6195462,123.91,1.0,192.026327
1766059142.2728748,123.897,1.0,192.026327
1766059142.8502088,123.897,1.0,192.026327
1766059143.4339862,123.903,1.0,192.026327
1766059144.0608823,123.9,1.0,192.026327
1766059144.6522799,123.9,1.0,192.026327
1766059145.2398582,123.9,1.0,192.026327
1766059145.8164241,123.9,1.0,192.026327
1766059146.3926165,123.893,1.0,192.026327
1766059147.0528817,123.858,1.0,192.032327
1766059149.714598,123.847,1.0,192.032327
1766059150.3091967,123.843,1.0,192.032327
1766059150.888034,123.858,1.0,192.032327
1766059151.46315,123.867,1.0,192.032327
1766059152.037863,123.862,1.0,192.032327
1766059152.614616,123.862,1.0,192.032327
1766059153.3275435,123.869,1.0,192.032327
1766059154.121762,123.865,1.0,192.032327
1766059154.7023988,123.866,1.0,192.032327
1766059155.279116,123.85,1.0,192.032327
1766059155.8565085,123.844,1.0,192.032327
1766059156.4350889,123.835,1.0,192.032327
1766059157.221041,123.843,1.0,192.032327
1766059157.7950797,123.846,1.0,192.032327
1766059158.3783607,123.846,1.0,192.032327
1766059161.0283859,123.859,1.0,192.032327
1766059161.604202,123.859,1.0,192.032327
1766059162.1844034,123.858,1.0,192.032327
1766059162.7666838,123.862,1.0,192.032327
1766059163.345459,123.86,1.0,192.032327
1766059164.0569196,123.859,1.0,192.032327
1766059164.7691035,123.859,1.0,192.032327
1766059165.346706,123.858,1.0,192.032327
1766059165.9210777,123.859,1.0,192.032327
1766059166.5079696,123.86,1.0,192.032327
1766059169.2541814,123.861,1.0,191.986327
1766059169.9628563,123.863,1.0,191.986327
1766059170.5369437,123.914,1.0,191.986327
1766059171.2577977,123.915,1.0,191.986327
1766059171.8314977,123.915,1.0,191.986327
1766059172.4093304,123.916,1.0,191.986327
1766059173.1176317,123.914,1.0,191.986327
1766059173.6913908,123.914,1.0,191.986327
1766059174.295378,123.907,1.0,191.986327
1766059174.8715775,123.918,1.0,191.986327
1766059175.583807,123.918,1.0,191.986327
1766059176.1606665,123.929,1.0,191.986327
1766059176.8743753,123.935,1.0,191.986327
1766059177.5271354,123.931,1.0,191.986327
1766059178.250643,123.923,1.0,191.986327
1766059178.8267424,123.923,1.0,191.986327
1766059179.5437002,123.934,1.0,191.986327
1766059180.2565536,123.934,1.0,191.986327
1766059180.8315861,123.934,1.0,191.986327
1766059183.4821107,123.943,1.0,191.986327
1766059184.0595145,123.942,1.0,191.986327
1766059184.6442153,123.942,1.0,191.986327
1766059185.2750106,123.942,1.0,191.986327
1766059185.8586156,123.943,1.0,191.986327
1766059186.433621,123.952,1.0,191.986327
1766059187.1442554,123.945,1.0,191.986327
1766059187.809,123.934,1.0,192.083327
1766059188.3869295,123.935,1.0,192.083327
1766059189.0997152,123.934,1.0,192.083327
1766059191.7762487,123.943,1.0,192.083327
1766059192.4857457,123.943,1.0,192.083327
1766059193.0714335,123.957,1.0,192.083327
1766059193.651202,123.957,1.0,192.083327
1766059194.3719208,123.967,1.0,192.083327
1766059195.0835006,123.967,1.0,192.083327
1766059195.7959855,123.967,1.0,192.083327
1766059196.5078025,123.967,1.0,192.083327
1766059197.0815668,123.967,1.0,192.083327
1766059197.7505648,123.967,1.0,192.104327
1766059198.3293114,123.964,1.0,192.104327
1766059199.0376148,123.964,1.0,192.104327
1766059199.7458172,123.972,1.0,192.104327
1766059200.3393927,124.027,1.0,192.104327
1766059203.7000468,124.028,1.0,192.104327
1766059204.3040528,123.988,1.0,192.104327
1766059205.0400307,123.984,1.0,192.104327
1766059205.8531349,123.992,1.0,192.104327
1766059206.6282597,123.984,1.0,192.104327
1766059207.3255024,123.992,1.0,192.104327
1766059208.241605,123.987,1.0,192.126451
1766059209.0161014,123.986,1.0,192.126451
1766059209.7537923,123.986,1.0,192.126451
1766059210.3410654,123.986,1.0,192.126451
1766059211.0593362,124.02,1.0,192.126451
1766059211.82488,124.025,1.0,192.126451
1766059212.4315822,124.027,1.0,192.126451
1766059213.0065823,124.027,1.0,192.126451
1766059213.5934386,124.011,1.0,192.126451
1766059214.3288944,124.0,1.0,192.126451
1766059214.9079046,124.021,1.0,192.126451
1766059215.531885,124.022,1.0,192.126451
1766059216.1219835,124.021,1.0,192.126451
1766059216.8735251,124.023,1.0,192.126451
1766059217.8906827,124.025,1.0,192.126451
1766059218.592757,124.029,1.0,192.165451
1766059219.403178,124.024,1.0,192.165451
1766059220.584424,124.038,1.0,192.165451
1766059221.1757364,124.08,1.0,192.165451
1766059221.8877058,124.08,1.0,192.165451
1766059222.6048589,124.035,1.0,192.165451
1766059223.181706,124.025,1.0,192.165451
1766059223.7608588,124.025,1.0,192.165451
1766059224.3406224,124.038,1.0,192.165451
1766059225.117483,124.044,1.0,192.165451
1766059225.8268487,124.049,1.0,192.165451
1766059226.5495887,124.043,1.0,192.165451
1766059229.2645779,124.044,1.0,192.165451
1766059230.0671782,124.043,1.0,192.181451
1766059230.6483939,124.045,1.0,192.181451
1766059231.2233324,124.044,1.0,192.181451
1766059231.8123965,124.044,1.0,192.181451
1766059232.3862185,124.031,1.0,192.181451
1766059232.970901,124.022,1.0,192.181451
1766059233.5482252,124.02,1.0,192.181451
1766059234.1267555,124.02,1.0,192.181451
1766059236.7825794,124.014,1.0,192.181451
1766059237.360173,124.013,1.0,192.181451
1766059238.0722282,124.004,1.0,192.181451
1766059238.8012857,123.998,1.0,192.181451
1766059239.514737,124.012,1.0,192.181451
1766059240.3070192,124.014,1.0,192.150451
1766059240.8855355,124.014,1.0,192.150451
1766059241.4610405,124.027,1.0,192.150451
1766059242.0353434,124.028,1.0,192.150451
1766059242.74902,124.028,1.0,192.150451
1766059243.3234959,124.023,1.0,192.150451
1766059243.8997734,124.023,1.0,192.150451
1766059246.5543911,124.017,1.0,192.150451
1766059247.1288815,124.022,1.0,192.150451
1766059247.7019145,124.016,1.0,192.150451
1766059248.278,124.016,1.0,192.150451
1766059248.9919488,124.016,1.0,192.150451
1766059249.5698597,124.016,1.0,192.150451
1766059250.370509,124.018,1.0,192.156451
1766059250.9485443,124.018,1.0,192.156451
1766059251.5305946,124.018,1.0,192.156451
1766059252.1070976,124.018,1.0,192.156451
1766059252.8147962,124.018,1.0,192.156451
1766059255.46521,124.029,1.0,192.156451
1766059256.0435693,124.035,1.0,192.156451
1766059256.62273,124.03,1.0,192.156451
1766059257.3320267,124.03,1.0,192.156451
1766059258.0455503,124.056,1.0,192.156451
1766059258.6221685,124.084,1.0,192.156451
1766059259.336913,124.084,1.0,192.156451
1766059259.9125159,124.084,1.0,192.156451
1766059260.575831,124.086,1.0,192.215451
1766059261.1547914,124.089,1.0,192.215451
1766059263.8087995,124.16,1.0,192.215451
1766059264.5210874,124.18,1.0,192.215451
1766059265.098572,124.184,1.0,192.215451
1766059267.071486,124.17,1.0,192.215451
1766059267.647336,124.162,1.0,192.215451
1766059268.2237804,124.155,1.0,192.215451
1766059268.7991834,124.158,1.0,192.215451
1766059269.5101311,124.186,1.0,192.215451
1766059270.0853484,124.185,1.0,192.215451
1766059270.7502112,124.185,1.0,192.322451
1766059271.461478,124.187,1.0,192.322451
1766059272.0361288,124.19,1.0,192.322451
1766059272.6136937,124.19,1.0,192.322451
1766059273.194657,124.156,1.0,192.322451
1766059273.9046004,124.139,1.0,192.322451
1766059274.6262312,124.144,1.0,192.322451
1766059275.2016633,124.146,1.0,192.322451
1766059275.9109163,124.146,1.0,192.322451
1766059276.6256902,124.146,1.0,192.322451
1766059277.2012503,124.154,1.0,192.322451
1766059277.912096,124.149,1.0,192.322451
1766059278.622057,124.151,1.0,192.322451
1766059279.1965811,124.168,1.0,192.322451
1766059281.9995854,124.169,1.0,192.322451
1766059282.6652048,124.169,1.0,192.311451
1766059283.24282,124.139,1.0,192.311451
1766059283.8266983,124.148,1.0,192.311451
1766059284.4111762,124.134,1.0,192.311451
1766059284.990274,124.143,1.0,192.311451
1766059285.5688765,124.138,1.0,192.311451
1766059286.3008475,124.133,1.0,192.311451
1766059287.0140736,124.133,1.0,192.311451
1766059287.5906148,124.125,1.0,192.311451
1766059288.1674452,124.122,1.0,192.311451
1766059290.9549832,124.077,1.0,192.311451
1766059291.6691322,124.068,1.0,192.311451
1766059292.2443786,124.077,1.0,192.311451
1766059293.048581,124.056,1.0,192.212451
1766059293.7593021,124.056,1.0,192.212451
1766059294.3353248,124.052,1.0,192.212451
1766059295.0459065,124.045,1.0,192.212451
1766059295.622691,124.05,1.0,192.212451
1766059296.1995552,124.043,1.0,192.212451
1766059296.7772474,124.043,1.0,192.212451
1766059297.4903383,124.043,1.0,192.212451
1766059298.0917363,124.049,1.0,192.212451
1766059298.802807,124.061,1.0,192.212451
1766059299.5136259,124.057,1.0,192.212451
1766059300.0913777,124.06,1.0,192.212451
1766059300.7992222,124.06,1.0,192.212451
1766059303.4596224,124.068,1.0,192.212451
1766059304.1290932,124.056,1.0,192.195451
1766059304.7167788,124.056,1.0,192.195451
1766059305.2946074,124.065,1.0,192.195451
1766059306.006344,124.056,1.0,192.195451
1766059306.5812175,124.056,1.0,192.195451
1766059307.1562939,124.056,1.0,192.195451
1766059307.75498,124.059,1.0,192.195451
1766059308.3303676,124.056,1.0,192.195451
1766059310.984791,124.032,1.0,192.195451
1766059311.5602558,124.032,1.0,192.195451
1766059312.134856,124.032,1.0,192.195451
1766059312.712972,124.032,1.0,192.195451
1766059313.4224803,124.032,1.0,192.195451
1766059314.0208166,124.032,1.0,192.195451
1766059314.6737907,124.032,1.0,192.176451
1766059315.3839068,124.032,1.0,192.176451
1766059315.9593444,124.028,1.0,192.176451
1766059316.534495,124.028,1.0,192.176451
1766059319.3207161,124.035,1.0,192.176451
1766059319.897572,124.035,1.0,192.176451
1766059320.6133873,124.034,1.0,192.176451
1766059321.1895154,124.031,1.0,192.176451
1766059321.7650924,124.039,1.0,192.176451
1766059322.3435082,124.024,1.0,192.176451
1766059323.0538232,124.025,1.0,192.176451
1766059323.63711,124.032,1.0,192.176451
1766059324.2114422,124.025,1.0,192.176451
1766059324.874139,124.025,1.0,192.16445099999999
1766059327.5247607,124.037,1.0,192.16445099999999
1766059328.098705,124.037,1.0,192.16445099999999
1766059328.6798937,124.031,1.0,192.16445099999999
1766059329.2780204,124.031,1.0,192.16445099999999
1766059329.8531897,124.031,1.0,192.16445099999999
1766059330.427716,124.034,1.0,192.16445099999999
1766059331.0042837,124.026,1.0,192.16445099999999
1766059331.5808542,124.027,1.0,192.16445099999999
1766059332.1548643,124.027,1.0,192.16445099999999
1766059332.865724,124.028,1.0,192.16445099999999
1766059333.4435105,124.021,1.0,192.16445099999999
1766059334.0207126,124.004,1.0,192.16445099999999
1766059334.7396216,124.003,1.0,192.16445099999999
1766059335.3939564,124.002,1.0,192.16445099999999
1766059336.1072776,124.033,1.0,192.16445099999999
1766059338.764353,124.009,1.0,192.16445099999999
1766059339.3407648,124.026,1.0,192.16445099999999
1766059339.9178975,124.04,1.0,192.16445099999999
1766059340.4950945,124.036,1.0,192.16445099999999
1766059341.0732574,124.033,1.0,192.16445099999999
1766059341.787931,124.039,1.0,192.16445099999999
1766059342.50877,124.032,1.0,192.16445099999999
1766059343.0859914,124.033,1.0,192.16445099999999
1766059343.659959,124.033,1.0,192.16445099999999
1766059344.3701127,124.056,1.0,192.16445099999999
1766059344.9478729,124.056,1.0,192.16445099999999
1766059347.8382137,124.099,1.0,192.169451
1766059348.4705706,124.092,1.0,192.169451
1766059349.1828332,124.09,1.0,192.169451
1766059349.7570457,124.09,1.0,192.169451
1766059350.3381455,124.082,1.0,192.169451
1766059351.0471947,124.088,1.0,192.169451
1766059351.7652977,124.088,1.0,192.169451
1766059352.3396316,124.119,1.0,192.169451
1766059352.9157698,124.116,1.0,192.169451
1766059353.4901052,124.121,1.0,192.169451
1766059354.0652907,124.151,1.0,192.169451
1766059354.7785256,124.155,1.0,192.169451
1766059355.3546836,124.164,1.0,192.169451
1766059356.0604959,124.164,1.0,192.169451
1766059356.7707276,124.164,1.0,192.169451
1766059357.4799695,124.165,1.0,192.169451
1766059358.0597115,124.171,1.0,192.169451
1766059358.6375647,124.162,1.0,192.169451
1766059361.430661,124.167,1.0,192.169451
1766059362.1541271,124.167,1.0,192.169451
1766059362.7321053,124.167,1.0,192.169451
1766059363.4466746,124.164,1.0,192.169451
1766059364.023746,124.162,1.0,192.169451
1766059364.5995846,124.17,1.0,192.169451
1766059365.176706,124.162,1.0,192.169451
1766059365.8851392,124.183,1.0,192.169451
1766059366.6847985,124.191,1.0,192.309451
1766059367.2612731,124.213,1.0,192.309451
1766059367.9738498,124.21,1.0,192.309451
1766059368.551575,124.213,1.0,192.309451
1766059369.1286273,124.207,1.0,192.309451
1766059371.788608,124.23,1.0,192.309451
1766059372.5027492,124.213,1.0,192.309451
1766059373.2237296,124.213,1.0,192.309451
1766059373.8008814,124.208,1.0,192.309451
1766059374.4296286,124.208,1.0,192.309451
1766059375.01601,124.193,1.0,192.309451
1766059375.728172,124.193,1.0,192.309451
1766059376.305614,124.203,1.0,192.309451
1766059377.1088064,124.202,1.0,192.346451
1766059377.8215096,124.202,1.0,192.346451
1766059378.3975694,124.202,1.0,192.346451
1766059379.109759,124.184,1.0,192.346451
1766059379.8201842,124.18,1.0,192.346451
1766059380.3958113,124.19,1.0,192.346451
1766059383.1301968,124.164,1.0,192.346451
1766059383.7090929,124.164,1.0,192.346451
1766059384.2958558,124.158,1.0,192.346451
1766059384.871968,124.158,1.0,192.346451
1766059385.4605732,124.156,1.0,192.346451
1766059386.0382159,124.161,1.0,192.346451
1766059386.7477422,124.153,1.0,192.346451
1766059387.5510802,124.128,1.0,192.300451
1766059388.1276805,124.128,1.0,192.300451
1766059388.8427074,124.127,1.0,192.300451
1766059389.5567038,124.117,1.0,192.300451
1766059390.2697327,124.142,1.0,192.300451
1766059390.8438768,124.135,1.0,192.300451
1766059393.50036,124.144,1.0,192.300451
1766059394.0785103,124.15,1.0,192.300451
1766059394.8115947,124.142,1.0,192.300451
1766059395.3900194,124.13,1.0,192.300451
1766059395.9682558,124.133,1.0,192.300451
1766059396.545237,124.141,1.0,192.300451
1766059397.2556384,124.136,1.0,192.300451
1766059397.9237776,124.119,1.0,192.270451
1766059398.5027945,124.11,1.0,192.270451
1766059399.0796468,124.092,1.0,192.270451
1766059401.8670084,124.074,1.0,192.270451
1766059402.5765853,124.076,1.0,192.270451
1766059403.1501572,124.075,1.0,192.270451
1766059403.7336757,124.077,1.0,192.270451
1766059404.3103766,124.077,1.0,192.270451
1766059404.8877096,124.077,1.0,192.270451
1766059405.465224,124.08,1.0,192.270451
1766059406.1735904,124.079,1.0,192.270451
1766059406.8855715,124.063,1.0,192.270451
1766059407.4644315,124.047,1.0,192.270451
1766059408.40423,124.04,1.0,192.213451
1766059408.9816859,124.053,1.0,192.213451
1766059409.7090375,124.058,1.0,192.213451
1766059410.2885296,124.05,1.0,192.213451
1766059413.0774438,124.05,1.0,192.213451
1766059413.6532898,124.053,1.0,192.213451
1766059414.2287827,124.05,1.0,192.213451
1766059414.8057027,124.063,1.0,192.213451
1766059415.3834956,124.062,1.0,192.213451
1766059415.9613302,124.085,1.0,192.213451
1766059416.5405967,124.082,1.0,192.213451
1766059417.1146104,124.081,1.0,192.213451
1766059417.692034,124.078,1.0,192.213451
1766059418.4764736,124.078,1.0,192.213451
1766059419.1869848,124.079,1.0,192.213451
1766059419.7644389,124.079,1.0,192.213451
1766059420.339811,124.083,1.0,192.213451
1766059421.048422,124.078,1.0,192.213451
1766059421.7625904,124.082,1.0,192.213451
1766059422.3397715,124.078,1.0,192.213451
1766059424.9951835,124.077,1.0,192.213451
1766059425.5711079,124.081,1.0,192.213451
1766059426.1509972,124.078,1.0,192.213451
1766059426.728211,124.081,1.0,192.213451
1766059427.3030124,124.087,1.0,192.213451
1766059427.8773382,124.048,1.0,192.213451
1766059428.6797283,124.038,1.0,192.216451
1766059429.2576678,124.034,1.0,192.216451
1766059429.83122,124.034,1.0,192.216451
1766059430.5441911,124.035,1.0,192.216451
1766059433.207232,124.039,1.0,192.216451
1766059433.7831352,124.034,1.0,192.216451
1766059434.357502,124.034,1.0,192.216451
1766059434.9320912,124.037,1.0,192.216451
1766059435.5076418,124.037,1.0,192.216451
1766059436.0812492,124.034,1.0,192.216451
1766059436.7887993,124.037,1.0,192.216451
1766059437.367983,124.037,1.0,192.216451
1766059437.9436958,124.034,1.0,192.216451
1766059438.8752306,124.038,1.0,192.174451
1766059441.6602159,124.038,1.0,192.174451
1766059442.2362423,124.038,1.0,192.174451
1766059442.953059,124.031,1.0,192.174451
1766059443.6703053,124.017,1.0,192.174451
1766059444.2609644,124.048,1.0,192.174451
1766059444.842442,124.048,1.0,192.174451
1766059445.417961,124.036,1.0,192.174451
1766059445.9956365,124.038,1.0,192.174451
1766059446.830271,124.038,1.0,192.174451
1766059447.5575478,124.043,1.0,192.174451
1766059448.270161,124.034,1.0,192.174451
1766059448.9373436,124.046,1.0,192.175451
1766059449.5148058,124.037,1.0,192.175451
1766059450.0973806,124.04,1.0,192.175451
1766059450.809017,124.071,1.0,192.175451
1766059453.4725273,124.068,1.0,192.175451
1766059454.0493226,124.072,1.0,192.175451
1766059454.625516,124.072,1.0,192.175451
1766059455.3349447,124.062,1.0,192.175451
1766059455.9126284,124.052,1.0,192.175451
1766059456.5008948,124.052,1.0,192.175451
1766059457.0769887,124.045,1.0,192.175451
1766059457.7906654,124.053,1.0,192.175451
1766059458.3689065,124.045,1.0,192.175451
1766059461.1107945,124.045,1.0,192.186451
1766059461.8209808,124.045,1.0,192.186451
1766059462.400938,124.047,1.0,192.186451
1766059463.1119328,124.047,1.0,192.186451
1766059463.6849108,124.048,1.0,192.186451
1766059464.4089572,124.036,1.0,192.186451
1766059464.985076,124.031,1.0,192.186451
1766059465.5647826,124.031,1.0,192.186451
1766059466.1404052,124.024,1.0,192.186451
1766059466.7224028,124.024,1.0,192.186451
1766059467.438558,124.024,1.0,192.186451
1766059468.012665,124.024,1.0,192.186451
1766059468.838284,124.005,1.0,192.186451
1766059469.6794496,124.022,1.0,192.172451
1766059470.501646,124.02,1.0,192.172451
1766059471.077377,124.02,1.0,192.172451
1766059471.787891,124.02,1.0,192.172451
1766059474.5784283,124.027,1.0,192.172451
1766059475.153947,124.033,1.0,192.172451
1766059475.9041507,124.038,1.0,192.172451
1766059476.4813983,124.033,1.0,192.172451
1766059477.0572088,124.033,1.0,192.172451
1766059477.7663076,124.033,1.0,192.172451
1766059478.3423648,124.023,1.0,192.172451
1766059478.916557,124.023,1.0,192.172451
1766059479.5999486,124.023,1.0,192.165451
1766059480.210906,124.023,1.0,192.165451
1766059480.7878206,124.023,1.0,192.165451
1766059483.4414423,124.033,1.0,192.165451
1766059484.0199907,124.029,1.0,192.165451
1766059484.7351084,124.03,1.0,192.165451
1766059485.310242,124.027,1.0,192.165451
1766059485.889257,124.028,1.0,192.165451
1766059486.6053286,124.028,1.0,192.165451
1766059487.1806564,124.024,1.0,192.165451
1766059487.7679787,124.024,1.0,192.165451
1766059488.345003,124.02,1.0,192.165451
1766059488.9194515,124.02,1.0,192.165451
1766059491.8016117,124.02,1.0,192.165451
1766059492.5168326,124.024,1.0,192.165451
1766059493.232298,124.017,1.0,192.165451
1766059493.9427378,124.017,1.0,192.165451
1766059494.5196254,124.017,1.0,192.165451
1766059495.0971937,124.017,1.0,192.165451
1766059495.674451,124.024,1.0,192.165451
1766059496.2554662,124.025,1.0,192.165451
1766059496.9694347,124.025,1.0,192.165451
1766059497.5573158,124.03,1.0,192.165451
1766059498.1340835,124.03,1.0,192.165451
1766059498.843318,124.039,1.0,192.165451
1766059499.4227316,124.036,1.0,192.165451
1766059502.446511,124.038,1.0,192.165451
1766059503.0751512,124.035,1.0,192.165451
1766059503.6592164,124.029,1.0,192.165451
1766059504.360586,124.032,1.0,192.165451
1766059504.9394915,124.032,1.0,192.165451
1766059505.5577002,124.043,1.0,192.165451
1766059506.166642,124.048,1.0,192.165451
1766059506.7928338,124.051,1.0,192.165451
1766059507.6659493,124.052,1.0,192.165451
1766059508.276769,124.052,1.0,192.165451
1766059509.0466921,124.05,1.0,192.165451
1766059509.6373084,124.045,1.0,192.165451
1766059510.5998535,124.045,1.0,192.185451
1766059511.1773298,124.053,1.0,192.185451
1766059511.9384758,124.053,1.0,192.185451
1766059512.638658,124.051,1.0,192.185451
1766059513.5075824,124.046,1.0,192.185451
1766059514.2184765,124.055,1.0,192.185451
1766059514.8026354,124.055,1.0,192.185451
1766059515.3792899,124.05,1.0,192.185451
1766059518.1736217,124.04,1.0,192.185451
1766059518.7486434,124.039,1.0,192.185451
1766059519.326844,124.041,1.0,192.185451
1766059519.9341345,124.041,1.0,192.185451
1766059520.7720182,124.053,1.0,192.179451
1766059521.482756,124.052,1.0,192.179451
1766059522.063192,124.052,1.0,192.179451
1766059522.6441133,124.052,1.0,192.179451
1766059523.223219,124.056,1.0,192.179451
1766059523.934924,124.056,1.0,192.179451
1766059524.526567,124.048,1.0,192.179451
1766059525.2379687,124.056,1.0,192.179451
1766059526.0355694,124.056,1.0,192.179451
1766059526.7479994,124.056,1.0,192.179451
1766059527.9589174,124.048,1.0,192.179451
1766059528.5354097,124.054,1.0,192.179451
1766059529.2506661,124.057,1.0,192.179451
1766059529.8586955,124.047,1.0,192.179451
1766059530.434349,124.09,1.0,192.179451
1766059531.2204893,124.094,1.0,192.179451
1766059531.8094885,124.094,1.0,192.179451
1766059534.46814,124.083,1.0,192.179451
1766059535.1811247,124.078,1.0,192.179451
1766059535.7582862,124.078,1.0,192.179451
1766059536.3345046,124.092,1.0,192.179451
1766059536.9109745,124.092,1.0,192.179451
1766059537.6215682,124.092,1.0,192.179451
1766059538.3338225,124.078,1.0,192.179451
1766059539.0444791,124.077,1.0,192.179451
1766059539.6217515,124.077,1.0,192.179451
1766059540.1978035,124.093,1.0,192.179451
1766059540.8010082,124.093,1.0,192.179451
1766059543.5565636,124.033,1.0,192.226451
1766059544.1326752,124.034,1.0,192.226451
1766059544.7108257,124.034,1.0,192.226451
1766059545.431387,124.017,1.0,192.226451
1766059546.007506,124.018,1.0,192.226451
1766059546.721213,124.018,1.0,192.226451
1766059547.2988262,124.002,1.0,192.226451
1766059547.873703,124.004,1.0,192.226451
1766059548.5859067,124.008,1.0,192.226451
1766059549.1641264,124.008,1.0,192.226451
1766059549.7402105,124.006,1.0,192.226451
1766059550.3225045,124.001,1.0,192.226451
1766059551.0334044,124.005,1.0,192.226451
1766059551.7347941,124.005,1.0,192.226451
1766059552.3105366,124.014,1.0,192.226451
1766059552.8865113,124.025,1.0,192.226451
1766059553.5958893,124.026,1.0,192.226451
1766059554.3081095,124.016,1.0,192.226451
1766059557.1011865,124.022,1.0,192.226451
1766059557.6755953,124.019,1.0,192.226451
1766059558.2509294,124.019,1.0,192.226451
1766059558.9741564,124.019,1.0,192.226451
1766059559.685934,124.019,1.0,192.226451
1766059560.4004357,124.02,1.0,192.226451
1766059561.1387613,124.021,1.0,192.226451
1766059561.9549415,124.019,1.0,192.155451
1766059562.5371969,124.019,1.0,192.155451
1766059563.2501469,124.017,1.0,192.155451
1766059563.8280554,124.016,1.0,192.155451
1766059564.4042492,124.017,1.0,192.155451
1766059565.117447,124.023,1.0,192.155451
1766059567.3213537,124.03,1.0,192.155451
1766059567.8990924,124.023,1.0,192.155451
1766059568.4783428,124.043,1.0,192.155451
1766059569.1931312,124.038,1.0,192.155451
1766059569.7695298,124.038,1.0,192.155451
1766059570.4804425,124.038,1.0,192.155451
1766059571.0574896,124.028,1.0,192.155451
1766059571.8504226,124.028,1.0,192.174451
1766059572.4269965,124.02,1.0,192.174451
1766059575.086026,124.016,1.0,192.174451
1766059575.670486,124.016,1.0,192.174451
1766059576.2476234,124.013,1.0,192.174451
1766059576.8227923,124.007,1.0,192.174451
1766059577.399287,124.007,1.0,192.174451
1766059577.9762697,124.007,1.0,192.174451
1766059578.5592067,124.012,1.0,192.174451
1766059579.2677877,124.012,1.0,192.174451
1766059579.8436654,123.998,1.0,192.174451
1766059580.4222336,123.994,1.0,192.174451
1766059581.14163,123.995,1.0,192.174451
1766059581.8565826,123.995,1.0,192.174451
1766059582.657001,123.994,1.0,192.174451
1766059583.3702986,123.995,1.0,192.174451
1766059584.088354,123.993,1.0,192.174451
1766059584.6618266,123.993,1.0,192.174451
1766059585.2369342,123.996,1.0,192.174451
1766059585.9461973,123.996,1.0,192.174451
1766059588.7338834,124.001,1.0,192.174451
1766059589.3100362,124.001,1.0,192.174451
1766059590.0225437,124.007,1.0,192.174451
1766059590.7366474,124.007,1.0,192.174451
1766059591.3150897,124.004,1.0,192.174451
1766059591.8905385,123.976,1.0,192.174451
1766059592.556397,123.976,1.0,192.137451
1766059593.1369317,123.974,1.0,192.137451
1766059593.7178738,123.973,1.0,192.137451
1766059594.3006284,123.974,1.0,192.137451
1766059595.013407,123.973,1.0,192.137451
1766059595.5903893,123.979,1.0,192.137451
1766059596.3137586,124.003,1.0,192.137451
1766059599.0993648,123.996,1.0,192.137451
1766059599.676564,123.996,1.0,192.137451
1766059600.384659,124.001,1.0,192.137451
1766059601.101151,123.999,1.0,192.137451
1766059601.6797307,123.994,1.0,192.137451
1766059602.2650633,123.999,1.0,192.137451
1766059603.0690064,124.003,1.0,192.136451
1766059603.6693637,124.003,1.0,192.136451
1766059604.2474189,123.985,1.0,192.136451
1766059604.959031,123.985,1.0,192.136451
1766059605.5341663,123.986,1.0,192.136451
1766059606.1129997,123.993,1.0,192.136451
1766059606.8237298,123.992,1.0,192.136451
1766059609.4824789,123.987,1.0,192.136451
1766059610.1948938,123.995,1.0,192.136451
1766059610.9055371,123.992,1.0,192.136451
1766059611.6148562,123.992,1.0,192.136451
1766059612.1909962,123.992,1.0,192.136451
1766059612.9073083,123.992,1.0,192.136451
1766059613.707219,123.991,1.0,192.133451
1766059614.2832096,123.991,1.0,192.133451
1766059614.8570793,124.001,1.0,192.133451
1766059615.4333127,123.999,1.0,192.133451
1766059616.143083,124.0,1.0,192.133451
1766059616.8528852,124.003,1.0,192.133451
1766059617.4313326,124.003,1.0,192.133451
1766059620.0920787,124.005,1.0,192.133451
1766059620.6993558,124.005,1.0,192.133451
1766059621.416239,124.005,1.0,192.133451
1766059622.02308,124.01,1.0,192.133451
1766059622.610604,124.01,1.0,192.133451
1766059623.1913114,124.01,1.0,192.133451
1766059623.8576066,124.01,1.0,192.143451
1766059624.4335637,124.007,1.0,192.143451
1766059625.0298011,123.994,1.0,192.143451
1766059625.7863817,123.997,1.0,192.143451
1766059626.6063643,123.992,1.0,192.143451
1766059627.3417916,123.986,1.0,192.143451
1766059627.9202318,123.958,1.0,192.143451
1766059630.5822933,123.975,1.0,192.143451
1766059631.189238,123.972,1.0,192.143451
1766059631.8332555,123.974,1.0,192.143451
1766059632.5158982,123.972,1.0,192.143451
1766059633.3181689,123.972,1.0,192.143451
1766059633.936093,123.972,1.0,192.143451
1766059634.810378,123.971,1.0,192.114451
1766059635.3875146,123.915,1.0,192.114451
1766059635.9868,123.91,1.0,192.114451
1766059636.577419,123.919,1.0,192.114451
1766059637.5108633,123.919,1.0,192.114451
1766059638.222047,123.904,1.0,192.114451
1766059638.804281,123.896,1.0,192.114451
1766059639.395625,123.893,1.0,192.114451
1766059640.0011234,123.9,1.0,192.114451
1766059640.82928,123.9,1.0,192.114451
1766059641.5472367,123.894,1.0,192.114451
1766059642.1533148,123.891,1.0,192.114451
1766059645.0073433,123.898,1.0,192.114451
1766059645.6680992,123.893,1.0,192.031451
1766059646.3831272,123.893,1.0,192.031451
1766059647.3928292,123.898,1.0,192.031451
1766059647.9900293,123.897,1.0,192.031451
1766059648.576254,123.889,1.0,192.031451
1766059649.3008602,123.899,1.0,192.031451
1766059649.8772576,123.895,1.0,192.031451
1766059650.475219,123.89,1.0,192.031451
1766059651.1927693,123.875,1.0,192.031451
1766059651.9058187,123.873,1.0,192.031451
1766059652.513107,123.873,1.0,192.031451
1766059653.0913281,123.88,1.0,192.031451
1766059653.6679075,123.88,1.0,192.031451
1766059654.2439454,123.876,1.0,192.031451
1766059654.8634448,123.875,1.0,192.031451
1766059657.5162134,123.878,1.0,192.031451
1766059658.179444,123.875,1.0,192.013451
1766059658.7570534,123.874,1.0,192.013451
1766059659.3343215,123.876,1.0,192.013451
1766059659.9658813,123.879,1.0,192.013451
1766059660.542513,123.884,1.0,192.013451
1766059661.17436,123.87,1.0,192.013451
1766059661.7542212,123.87,1.0,192.013451
1766059662.3354883,123.866,1.0,192.013451
1766059663.0650403,123.885,1.0,192.013451
1766059665.9059658,123.888,1.0,192.013451
1766059666.630647,123.891,1.0,192.013451
1766059667.3439438,123.893,1.0,192.013451
1766059667.9246185,123.893,1.0,192.013451
1766059668.5856442,123.889,1.0,192.030451
1766059669.2979436,123.894,1.0,192.030451
1766059669.874354,123.894,1.0,192.030451
1766059670.4592826,123.9,1.0,192.030451
1766059671.2389853,123.9,1.0,192.030451
1766059671.823674,123.9,1.0,192.030451
1766059672.422322,123.9,1.0,192.030451
1766059673.0036368,123.9,1.0,192.030451
1766059673.579776,123.9,1.0,192.030451
1766059676.3833005,123.895,1.0,192.030451
1766059676.962589,123.895,1.0,192.030451
1766059677.5390136,123.895,1.0,192.030451
1766059678.1163778,123.887,1.0,192.030451
1766059678.917863,123.887,1.0,192.028451
1766059679.5032766,123.898,1.0,192.028451
1766059680.2775629,123.898,1.0,192.028451
1766059680.9866161,123.898,1.0,192.028451
1766059681.5691674,123.896,1.0,192.028451
1766059682.2413669,123.9,1.0,192.028451
1766059683.0566123,123.901,1.0,192.028451
1766059683.768885,123.9,1.0,192.028451
1766059684.4032779,123.912,1.0,192.028451
1766059684.9814243,123.904,1.0,192.028451
1766059685.5612278,123.912,1.0,192.028451
1766059686.3368776,123.912,1.0,192.028451
1766059689.1580696,123.901,1.0,192.028451
1766059689.8418117,123.901,1.0,192.043451
1766059690.4422863,123.902,1.0,192.043451
1766059691.0768185,123.902,1.0,192.043451
1766059691.65649,123.902,1.0,192.043451
1766059692.2340004,123.907,1.0,192.043451
1766059692.9537663,123.907,1.0,192.043451
1766059693.5456834,123.911,1.0,192.043451
1766059694.2998853,123.95,1.0,192.043451
1766059695.0381038,123.957,1.0,192.043451
1766059695.7604733,123.951,1.0,192.043451
1766059696.4750261,123.955,1.0,192.043451
1766059697.0855772,123.951,1.0,192.043451
1766059697.7978683,123.95,1.0,192.043451
1766059698.374125,123.957,1.0,192.043451
1766059701.0326002,123.956,1.0,192.043451
1766059701.9994144,123.956,1.0,192.092451
1766059702.7188118,123.956,1.0,192.092451
1766059703.4644752,123.931,1.0,192.092451
1766059704.0414484,123.941,1.0,192.092451
1766059704.6944175,123.941,1.0,192.092451
1766059705.5997186,123.938,1.0,192.092451
1766059706.3272722,123.942,1.0,192.092451
1766059707.7421641,123.931,1.0,192.092451
1766059708.335323,123.938,1.0,192.092451
1766059709.058469,123.941,1.0,192.092451
1766059709.7790017,123.941,1.0,192.092451
1766059710.35375,123.94,1.0,192.092451
1766059710.9325542,123.927,1.0,192.092451
1766059711.5150585,123.927,1.0,192.092451
1766059712.4508111,123.926,1.0,192.073451
1766059713.1632233,123.924,1.0,192.073451
1766059713.873251,123.921,1.0,192.073451
1766059714.5869977,123.922,1.0,192.073451
1766059715.1668468,123.922,1.0,192.073451
1766059715.760208,123.92,1.0,192.073451
1766059716.4714742,123.917,1.0,192.073451
1766059717.0613031,123.917,1.0,192.073451
1766059719.8795006,123.915,1.0,192.073451
1766059720.45667,123.917,1.0,192.073451
1766059721.1752143,123.91,1.0,192.073451
1766059721.751139,123.909,1.0,192.073451
1766059722.5407698,123.907,1.0,192.052451
1766059723.11679,123.907,1.0,192.052451
1766059723.693356,123.909,1.0,192.052451
1766059724.4093242,123.914,1.0,192.052451
1766059725.1221023,123.912,1.0,192.052451
1766059725.834105,123.908,1.0,192.052451
1766059726.5504458,123.915,1.0,192.052451
1766059727.1276352,123.908,1.0,192.052451
1766059727.8354015,123.909,1.0,192.052451
1766059728.4269128,123.915,1.0,192.052451
1766059729.13777,123.914,1.0,192.052451
1766059731.789314,123.918,1.0,192.052451
1766059732.4524937,123.918,1.0,192.052451
1766059733.030532,123.918,1.0,192.052451
1766059733.6104872,123.918,1.0,192.052451
1766059734.18727,123.916,1.0,192.052451
1766059734.7732136,123.917,1.0,192.052451
1766059735.3837762,123.917,1.0,192.052451
1766059735.9622018,123.917,1.0,192.052451
1766059736.5374238,123.914,1.0,192.052451
1766059739.1927662,123.919,1.0,192.052451
1766059739.7689977,123.909,1.0,192.052451
1766059740.35143,123.919,1.0,192.052451
1766059741.0654764,123.913,1.0,192.052451
1766059741.6446495,123.919,1.0,192.052451
1766059742.2232802,123.919,1.0,192.052451
1766059742.9001987,123.919,1.0,192.050451
1766059743.4822755,123.935,1.0,192.050451
1766059744.0598676,123.939,1.0,192.050451
1766059746.7338083,123.944,1.0,192.050451
1766059747.315134,123.95,1.0,192.050451
1766059747.8917716,123.925,1.0,192.050451
1766059748.466297,123.926,1.0,192.050451
1766059749.0460234,123.929,1.0,192.050451
1766059749.6218548,123.929,1.0,192.050451
1766059750.3415153,123.929,1.0,192.050451
1766059750.9159517,123.929,1.0,192.050451
1766059751.4917765,123.922,1.0,192.050451
1766059752.0702596,123.949,1.0,192.050451
1766059752.6504557,123.948,1.0,192.050451
1766059753.3205323,123.948,1.0,192.050451
1766059753.8991544,123.943,1.0,192.050451
1766059754.5655696,123.927,1.0,192.050451
1766059757.2184305,123.953,1.0,192.050451
1766059757.926612,123.953,1.0,192.050451
1766059758.638459,123.967,1.0,192.050451
1766059759.2123704,123.97,1.0,192.050451
1766059759.9212995,123.97,1.0,192.050451
1766059760.5069995,123.97,1.0,192.050451
1766059761.0907607,123.971,1.0,192.050451
1766059761.668093,123.971,1.0,192.050451
1766059762.4213977,123.97,1.0,192.050451
1766059763.0506046,123.975,1.0,192.050451
1766059763.711993,123.975,1.0,192.110451
1766059764.4429753,123.973,1.0,192.110451
1766059765.1527193,123.97,1.0,192.110451
1766059767.9445493,123.97,1.0,192.110451
1766059768.5299897,123.97,1.0,192.110451
1766059769.107074,123.966,1.0,192.110451
1766059769.8728073,123.971,1.0,192.110451
1766059770.6254773,123.967,1.0,192.110451
1766059771.2111511,123.958,1.0,192.110451
1766059771.9395056,123.958,1.0,192.110451
1766059772.5152202,123.965,1.0,192.110451
1766059773.2288065,123.965,1.0,192.110451
1766059773.8904057,123.965,1.0,192.101451
1766059774.4666631,123.959,1.0,192.101451
1766059775.1783853,123.959,1.0,192.101451
1766059775.756088,123.959,1.0,192.101451
1766059776.3322916,123.959,1.0,192.101451
1766059778.9981678,123.95,1.0,192.101451
1766059779.5873578,123.95,1.0,192.101451
1766059780.165623,123.95,1.0,192.101451
1766059780.745099,123.941,1.0,192.101451
1766059781.318734,123.95,1.0,192.101451
1766059782.1294577,123.953,1.0,192.101451
1766059782.7631063,123.953,1.0,192.101451
1766059783.5407798,123.949,1.0,192.101451
1766059784.541113,123.956,1.0,192.093451
1766059785.119346,123.956,1.0,192.093451
1766059785.712565,123.952,1.0,192.093451
1766059786.288285,123.96,1.0,192.093451
1766059787.0050015,123.956,1.0,192.093451
1766059787.7141755,123.955,1.0,192.093451
1766059788.2903183,123.96,1.0,192.093451
1766059791.2474391,123.948,1.0,192.093451
1766059791.8232124,123.948,1.0,192.093451
1766059792.4008977,123.948,1.0,192.093451
1766059793.1120703,123.948,1.0,192.093451
1766059793.8248982,123.957,1.0,192.093451
1766059794.8077886,123.957,1.0,192.093451
1766059795.5098984,123.957,1.0,192.093451
1766059796.2188358,123.948,1.0,192.093451
1766059796.9320977,123.948,1.0,192.093451
1766059797.7036936,123.953,1.0,192.093451
1766059798.2813895,123.953,1.0,192.093451
1766059799.0680754,123.953,1.0,192.093451
1766059799.6488283,123.949,1.0,192.093451
1766059800.3892589,123.954,1.0,192.093451
1766059801.1051373,123.956,1.0,192.093451
1766059802.376476,123.947,1.0,192.093451
1766059803.7369776,123.955,1.0,192.093451
1766059805.1725826,123.951,1.0,192.093451
1766059806.6421804,123.955,1.0,192.086451
1766059808.542102,123.955,1.0,192.086451
1766059809.8826125,123.955,1.0,192.086451
1766059811.0033019,123.95,1.0,192.086451
1766059811.8004274,123.949,1.0,192.086451
1766059812.4928598,123.966,1.0,192.086451
1766059813.1204855,123.964,1.0,192.086451
1766059814.10645,123.962,1.0,192.086451
1766059815.1868007,123.962,1.0,192.086451
1766059816.2521574,123.963,1.0,192.095451
1766059816.9231677,123.955,1.0,192.095451
1766059817.8439434,123.963,1.0,192.095451
1766059819.4545429,123.963,1.0,192.095451
1766059820.127827,123.966,1.0,192.095451
1766059820.788249,123.965,1.0,192.095451
1766059821.8597772,123.965,1.0,192.095451
1766059822.7134821,123.955,1.0,192.095451
1766059823.7105513,123.956,1.0,192.095451
1766059824.7186081,123.957,1.0,192.095451
1766059825.6804743,123.963,1.0,192.095451
1766059826.8011134,123.945,1.0,192.093451
1766059827.7602472,123.942,1.0,192.093451
1766059828.3741417,123.948,1.0,192.093451
1766059829.0881834,123.944,1.0,192.093451
1766059830.3794875,123.952,1.0,192.093451
1766059830.994881,123.949,1.0,192.093451
1766059831.9598923,123.956,1.0,192.093451
1766059832.5658267,123.953,1.0,192.093451
1766059833.642874,123.962,1.0,192.093451
1766059834.2612572,123.958,1.0,192.093451
1766059834.8413808,123.958,1.0,192.093451
1766059835.4376469,123.958,1.0,192.093451
1766059836.5147002,123.953,1.0,192.093451
1766059837.4259098,123.961,1.0,192.093451
1766059838.0138435,123.962,1.0,192.093451
1766059838.6162763,123.957,1.0,192.093451
1766059839.3273454,123.955,1.0,192.093451
1766059839.9107087,123.955,1.0,192.093451
1766059840.5349593,123.948,1.0,192.093451
1766059841.3454652,123.947,1.0,192.093451
1766059842.161821,123.953,1.0,192.093451
1766059842.887198,123.953,1.0,192.093451
1766059844.0119684,123.953,1.0,192.093451
1766059844.992064,123.953,1.0,192.093451
1766059845.8337507,123.952,1.0,192.093451
1766059846.8925917,123.948,1.0,192.091451
1766059847.4682765,123.947,1.0,192.091451
1766059848.0774047,123.931,1.0,192.091451
1766059848.6607542,123.919,1.0,192.091451
1766059849.2658892,123.92,1.0,192.091451
1766059849.98845,123.92,1.0,192.091451
1766059850.729845,123.916,1.0,192.091451
1766059851.3187099,123.915,1.0,192.091451
1766059852.058871,123.915,1.0,192.091451
1766059852.6392238,123.942,1.0,192.091451
1766059853.2230463,123.942,1.0,192.091451
1766059853.8473072,123.935,1.0,192.091451
1766059854.4395769,123.935,1.0,192.091451
1766059855.0216253,123.941,1.0,192.091451
1766059855.6656494,123.941,1.0,192.091451
1766059856.5673249,123.941,1.0,192.072451
1766059857.1433833,123.935,1.0,192.072451
1766059857.722518,123.935,1.0,192.072451
1766059858.4397128,123.934,1.0,192.072451
1766059859.1581259,123.934,1.0,192.072451
1766059860.008721,123.934,1.0,192.072451
1766059860.6001058,123.94,1.0,192.072451
1766059861.3178437,123.934,1.0,192.072451
1766059861.8963768,123.934,1.0,192.072451
1766059862.4805706,123.935,1.0,192.072451
1766059863.0688944,123.93,1.0,192.072451
1766059863.8262665,123.932,1.0,192.072451
1766059864.4084466,123.939,1.0,192.072451
1766059865.0026064,123.937,1.0,192.072451
1766059865.5853739,123.937,1.0,192.072451
1766059867.7062564,123.941,1.0,192.072451
1766059868.9067476,123.941,1.0,192.072451
1766059869.6587782,123.943,1.0,192.072451
1766059870.3216362,123.946,1.0,192.072451
1766059870.9929214,123.945,1.0,192.072451
1766059871.7969327,123.937,1.0,192.072451
1766059872.3787289,123.941,1.0,192.072451
1766059873.263618,123.937,1.0,192.072451
1766059874.0769536,123.941,1.0,192.072451
1766059874.6724517,123.941,1.0,192.072451
1766059875.262107,123.941,1.0,192.072451
1766059875.8767323,123.937,1.0,192.072451
1766059876.6035788,123.943,1.0,192.072451
1766059877.5038311,123.941,1.0,192.072451
1766059878.2182028,123.936,1.0,192.072451
1766059878.9416757,123.938,1.0,192.072451
1766059879.66458,123.953,1.0,192.072451
1766059880.2594674,123.95,1.0,192.072451
1766059880.8535519,123.945,1.0,192.072451
1766059881.4457073,123.949,1.0,192.072451
1766059882.1753204,123.948,1.0,192.072451
1766059882.8902588,123.948,1.0,192.072451
1766059883.6052878,123.942,1.0,192.072451
1766059884.3296964,123.948,1.0,192.072451
1766059885.0554245,123.945,1.0,192.072451
1766059885.6474993,123.946,1.0,192.072451
1766059886.3378363,123.946,1.0,192.072451
1766059887.0536878,123.927,1.0,192.072451
1766059887.8277926,123.915,1.0,192.072451
1766059888.4043274,123.923,1.0,192.072451
1766059889.2158985,123.923,1.0,192.063451
1766059889.7939165,123.923,1.0,192.063451
1766059890.538103,123.918,1.0,192.063451
1766059891.4179964,123.916,1.0,192.063451
1766059892.0263402,123.922,1.0,192.063451
1766059892.7387075,123.922,1.0,192.063451
1766059893.315816,123.914,1.0,192.063451
1766059896.1330552,123.922,1.0,192.063451
1766059896.708979,123.922,1.0,192.063451
1766059897.4218292,123.911,1.0,192.063451
1766059898.135604,123.91,1.0,192.063451
1766059898.7100947,123.907,1.0,192.063451
1766059899.5230021,123.915,1.0,192.052451
1766059900.0990534,123.908,1.0,192.052451
1766059900.8220718,123.907,1.0,192.052451
1766059901.3982272,123.909,1.0,192.052451
1766059901.9719512,123.909,1.0,192.052451
1766059902.6821206,123.909,1.0,192.052451
1766059903.2603908,123.909,1.0,192.052451
1766059903.9782825,123.909,1.0,192.052451
1766059904.557414,123.909,1.0,192.052451
1766059907.4788547,123.91,1.0,192.052451
1766059908.188262,123.909,1.0,192.052451
1766059908.7636948,123.909,1.0,192.052451
1766059909.4292517,123.926,1.0,192.046451
1766059910.141413,123.918,1.0,192.046451
1766059910.7151434,123.911,1.0,192.046451
1766059911.2938833,123.911,1.0,192.046451
1766059912.0041504,123.907,1.0,192.046451
1766059912.7152696,123.896,1.0,192.046451
1766059913.4363792,123.895,1.0,192.046451
1766059914.0109527,123.895,1.0,192.046451
1766059914.7194014,123.893,1.0,192.046451
1766059915.2974234,123.894,1.0,192.046451
1766059915.8798852,123.901,1.0,192.046451
1766059918.6685963,123.901,1.0,192.046451
1766059919.3809547,123.901,1.0,192.046451
1766059920.304225,123.882,1.0,192.036451
1766059922.0325446,123.884,0.0,192.036451
1766059922.6084409,123.883,0.0,192.036451
1766059923.1871064,123.89,0.0,192.036451
1766059923.7644963,123.898,0.0,192.036451
1766059924.3383453,123.926,0.0,192.036451
1766059924.913717,123.926,0.0,192.036451
1766059925.6267207,123.92,0.0,192.036451
1766059926.220528,123.931,0.0,192.036451
1766059926.795319,123.931,0.0,192.036451
1766059927.370805,123.927,0.0,192.036451
1766059928.082051,123.929,0.0,192.036451
1766059928.6586204,123.928,0.0,192.036451
1766059929.2368069,123.925,0.0,192.036451
1766059929.8145828,123.925,0.0,192.036451
1766059930.6023307,123.931,0.0,192.036451
1766059931.3132915,123.922,0.0,192.036451
1766059932.0252883,123.926,0.0,192.036451
1766059932.6008213,123.926,0.0,192.036451
1766059933.3084443,123.903,0.0,192.036451
1766059934.0197663,123.912,0.0,192.036451
1766059934.5939684,123.912,0.0,192.036451
1766059935.3037543,123.908,0.0,192.036451
1766059938.090838,123.906,0.0,192.036451
1766059938.8026557,123.906,0.0,192.036451
1766059939.3800175,123.904,0.0,192.036451
1766059939.9559305,123.904,0.0,192.036451
1766059940.620967,123.906,0.0,192.019451
1766059941.3313622,123.906,0.0,192.019451
1766059942.040139,123.908,0.0,192.019451
1766059942.6158798,123.907,0.0,192.019451
1766059943.1897829,123.912,0.0,192.019451
1766059943.9079561,123.905,0.0,192.019451
1766059944.483594,123.905,0.0,192.019451
1766059945.058602,123.905,0.0,192.019451
1766059947.8468816,123.908,0.0,192.019451
1766059948.559305,123.908,0.0,192.019451
1766059949.1369977,123.908,0.0,192.019451
1766059949.7223067,123.908,0.0,192.019451
1766059950.4324822,123.908,0.0,192.019451
1766059951.223086,123.905,0.0,192.019451
1766059951.799521,123.905,0.0,192.019451
1766059952.376484,123.895,0.0,192.019451
1766059953.0866518,123.895,0.0,192.019451
1766059953.661584,123.895,0.0,192.019451
1766059954.23584,123.899,0.0,192.019451
1766059954.8141656,123.899,0.0,192.019451
1766059957.6079428,123.884,0.0,192.019451
1766059958.3198466,123.892,0.0,192.019451
1766059958.8967957,123.884,0.0,192.019451
1766059959.6057813,123.892,0.0,192.019451
1766059960.1818168,123.892,0.0,192.019451
1766059960.894531,123.886,0.0,192.019451
1766059961.820895,123.884,0.0,192.019451
1766059962.533098,123.883,0.0,192.019451
1766059963.252761,123.884,0.0,192.019451
1766059963.960605,123.884,0.0,192.019451
1766059964.5418842,123.884,0.0,192.019451
1766059965.25354,123.891,0.0,192.019451
1766059965.8433547,123.874,0.0,192.019451
1766059966.4199657,123.885,0.0,192.019451
1766059966.9939423,123.9,0.0,192.019451
1766059967.568993,123.9,0.0,192.019451
1766059970.3594568,123.897,0.0,192.019451
1766059970.9349458,123.898,0.0,192.019451
1766059971.8673823,123.894,0.0,192.019451
1766059972.4415,123.897,0.0,192.019451
1766059973.0153162,123.892,0.0,192.019451
1766059973.589983,123.892,0.0,192.019451
1766059974.2991393,123.892,0.0,192.019451
1766059975.009365,123.892,0.0,192.019451
1766059975.5838423,123.887,0.0,192.019451
1766059976.1742673,123.89,0.0,192.019451
1766059976.748156,123.89,0.0,192.019451
1766059977.4564779,123.889,0.0,192.019451
1766059980.1080844,123.893,0.0,192.019451
1766059984.646952,123.894,1.0,192.013451
1766059985.3085687,123.886,1.0,192.013451
1766059986.0194128,123.895,1.0,192.013451
1766059986.5964222,123.889,1.0,192.013451
1766059987.172556,123.889,1.0,192.013451
1766059987.7498055,123.892,1.0,192.013451
1766059988.3248456,123.897,1.0,192.013451
1766059988.8995419,123.891,1.0,192.013451
1766059989.4761689,123.885,1.0,192.013451
1766059990.0508401,123.89,1.0,192.013451
1766059990.7607079,123.895,1.0,192.013451
1766059991.3357565,123.902,1.0,192.013451
1766059991.911965,123.898,1.0,192.013451
1766059992.621919,123.9,1.0,192.013451
1766059993.3373537,123.898,1.0,192.013451
1766059994.0480082,123.898,1.0,192.013451
1766059994.6254034,123.897,1.0,192.013451
1766059995.3394504,123.898,1.0,192.013451
1766059996.1321511,123.898,1.0,192.024451
1766059996.7097793,123.891,1.0,192.024451
1766059997.2844543,123.889,1.0,192.024451
1766059997.9945254,123.885,1.0,192.024451
1766059998.7033482,123.885,1.0,192.024451
1766059999.2779212,123.885,1.0,192.024451
1766059999.9878905,123.877,1.0,192.024451
1766060000.7018154,123.864,1.0,192.024451
1766060001.412354,123.874,1.0,192.024451
1766060002.1262498,123.872,1.0,192.024451
1766060002.8368335,123.843,1.0,192.024451
1766060003.5491283,123.835,1.0,192.024451
1766060004.1247067,123.849,1.0,192.024451
1766060004.70394,123.846,1.0,192.024451
1766060005.4177675,123.835,1.0,192.024451
1766060006.2089183,123.843,1.0,192.024451
1766060006.786152,123.825,1.0,192.024451
1766060007.496115,123.815,1.0,192.024451
1766060008.205518,123.815,1.0,192.024451
1766060008.9126306,123.806,1.0,192.024451
1766060011.6178067,123.783,1.0,192.024451
1766060012.1948123,123.782,1.0,192.024451
1766060012.768167,123.766,1.0,192.024451
1766060019.5187366,123.777,0.0,191.889451
1766060020.3165393,123.754,0.0,191.889451
1766060020.894845,123.768,0.0,191.889451
1766060021.4712238,123.767,0.0,191.889451
1766060022.0485294,123.758,0.0,191.889451
1766060022.6241717,123.754,0.0,191.889451
1766060023.335639,123.754,0.0,191.889451
1766060023.909766,123.75,0.0,191.889451
1766060024.4875093,123.75,0.0,191.889451
1766060025.1967342,123.742,0.0,191.889451
1766060025.7709274,123.726,0.0,191.889451
1766060026.4778333,123.726,0.0,191.889451
1766060027.05392,123.726,0.0,191.889451
1766060027.630285,123.727,0.0,191.889451
1766060028.2075334,123.727,0.0,191.889451
1766060028.917064,123.737,0.0,191.889451
1766060029.4908588,123.741,0.0,191.889451
1766060030.0662956,123.734,0.0,191.889451
1766060030.8558912,123.729,0.0,191.889451
1766060031.4312391,123.718,0.0,191.889451
1766060032.1427739,123.726,0.0,191.889451
1766060032.7168977,123.718,0.0,191.889451
1766060033.292516,123.718,0.0,191.889451
1766060033.9480696,123.726,0.0,191.889451
1766060034.5244317,123.724,0.0,191.889451
1766060035.2312958,123.733,0.0,191.889451
1766060035.8054323,123.733,0.0,191.889451
1766060036.3824382,123.733,0.0,191.889451
1766060036.957352,123.733,0.0,191.889451
1766060037.535154,123.724,0.0,191.889451
1766060038.1110308,123.724,0.0,191.889451
1766060038.6858027,123.724,0.0,191.889451
1766060039.260744,123.717,0.0,191.889451
1766060039.8363771,123.727,0.0,191.889451
1766060040.4113941,123.74,0.0,191.889451
1766060043.1485777,123.761,0.0,191.889451
1766060043.859595,123.752,0.0,191.889451
1766060044.435096,123.756,0.0,191.889451
1766060045.0091646,123.762,0.0,191.889451
1766060045.5856805,123.756,0.0,191.889451
1766060046.1616535,123.763,0.0,191.889451
1766060046.7461839,123.757,0.0,191.889451
1766060047.457567,123.762,0.0,191.889451
1766060048.0341618,123.758,0.0,191.889451
1766060048.7436113,123.756,0.0,191.889451
1766060049.3200994,123.759,0.0,191.889451
1766060049.8944335,123.753,0.0,191.889451
1766060050.469935,123.753,0.0,191.889451
1766060051.1176069,123.761,0.0,191.889451
1766060051.826715,123.758,0.0,191.889451
1766060052.4049413,123.761,0.0,191.889451
1766060053.1158197,123.753,0.0,191.889451
1766060055.9061134,123.766,0.0,191.889451
1766060056.4849474,123.766,0.0,191.889451
1766060057.0614295,123.77,0.0,191.889451
1766060057.7746801,123.767,0.0,191.889451
1766060058.3521185,123.767,0.0,191.889451
1766060058.927917,123.767,0.0,191.889451
1766060059.5043972,123.776,0.0,191.889451
1766060060.2127664,123.776,0.0,191.889451
1766060060.9224133,123.776,0.0,191.889451
1766060061.5727289,123.776,0.0,191.889451
1766060062.1497371,123.762,0.0,191.889451
1766060062.8613172,123.751,0.0,191.889451
1766060065.6480181,123.751,0.0,191.889451
1766060066.2231085,123.755,0.0,191.889451
1766060066.9341822,123.752,0.0,191.889451
1766060067.5136974,123.752,0.0,191.889451
1766060068.088183,123.744,0.0,191.889451
1766060068.8013933,123.726,0.0,191.889451
1766060069.5157673,123.721,0.0,191.889451
1766060070.2284088,123.72,0.0,191.889451
1766060070.8033235,123.717,0.0,191.889451
1766060071.6006727,123.721,0.0,191.889451
1766060072.176998,123.712,0.0,191.889451
1766060072.8864055,123.712,0.0,191.889451
1766060073.4614375,123.699,0.0,191.889451
1766060076.1106122,123.715,0.0,191.889451
1766060076.6945896,123.692,0.0,191.889451
1766060077.2699533,123.692,0.0,191.889451
1766060077.9800751,123.692,0.0,191.889451
1766060078.557289,123.668,0.0,191.889451
1766060079.2707105,123.668,0.0,191.889451
1766060079.9805057,123.683,0.0,191.889451
1766060080.6930075,123.684,0.0,191.889451
1766060081.2694948,123.696,0.0,191.889451
1766060081.9280818,123.696,0.0,191.889451
1766060082.6384294,123.692,0.0,191.889451
1766060083.2144158,123.67,0.0,191.889451
1766060083.9253092,123.675,0.0,191.889451
1766060086.7096393,123.671,0.0,191.889451
1766060087.420295,123.675,0.0,191.889451
1766060087.996074,123.672,0.0,191.889451
1766060088.703956,123.671,0.0,191.889451
1766060089.2779233,123.675,0.0,191.889451
1766060089.8534453,123.675,0.0,191.889451
1766060090.4278896,123.674,0.0,191.889451
1766060091.004584,123.658,0.0,191.889451
1766060091.5808432,123.658,0.0,191.889451
1766060092.2441068,123.655,0.0,191.889451
1766060092.9553206,123.655,0.0,191.889451
1766060095.6484082,123.654,0.0,191.889451
1766060096.3604212,123.645,0.0,191.889451
1766060097.0743616,123.645,0.0,191.889451
1766060097.6494613,123.642,0.0,191.889451
1766060098.2257693,123.642,0.0,191.889451
1766060098.9398444,123.645,0.0,191.889451
1766060099.5145655,123.645,0.0,191.889451
1766060100.0887856,123.645,0.0,191.889451
1766060100.8021843,123.646,0.0,191.889451
1766060101.378979,123.645,0.0,191.889451
1766060101.955584,123.662,0.0,191.889451
1766060102.6224208,123.661,0.0,191.889451
1766060105.2746365,123.675,0.0,191.889451
1766060105.986437,123.676,0.0,191.889451
1766060106.5622928,123.696,0.0,191.889451
1766060107.1404662,123.696,0.0,191.889451
1766060107.7170072,123.696,0.0,191.889451
1766060108.3042026,123.693,0.0,191.889451
1766060109.021618,123.704,0.0,191.889451
1766060109.6014128,123.703,0.0,191.889451
1766060110.1773431,123.704,0.0,191.889451
1766060110.7539926,123.704,0.0,191.889451
1766060111.3278255,123.703,0.0,191.889451
1766060111.9028661,123.704,0.0,191.889451
1766060112.479144,123.704,0.0,191.889451
1766060113.4008684,123.704,0.0,191.889451
1766060114.1099176,123.698,0.0,191.889451
1766060114.8197494,123.702,0.0,191.889451
1766060115.394807,123.703,0.0,191.889451
1766060116.1090841,123.703,0.0,191.889451
1766060118.7610826,123.703,0.0,191.889451
1766060119.4712574,123.696,0.0,191.889451
1766060120.1814106,123.708,0.0,191.889451
1766060120.893379,123.701,0.0,191.889451
1766060121.6001995,123.694,0.0,191.889451
1766060122.1752603,123.687,0.0,191.889451
1766060122.7534385,123.687,0.0,191.889451
1766060123.4174469,123.689,0.0,191.889451
1766060124.0041223,123.686,0.0,191.889451
1766060124.5844848,123.683,0.0,191.889451
1766060125.160839,123.688,0.0,191.889451
1766060127.815259,123.698,0.0,191.889451
1766060128.5267153,123.698,0.0,191.889451
1766060129.241055,123.698,0.0,191.889451
1766060129.8168995,123.698,0.0,191.889451
1766060130.5312824,123.697,0.0,191.889451
1766060131.1069138,123.698,0.0,191.889451
1766060131.6855915,123.694,0.0,191.889451
1766060132.3948698,123.695,0.0,191.889451
1766060132.9735923,123.692,0.0,191.889451
1766060133.636798,123.682,0.0,191.889451
1766060134.218411,123.681,0.0,191.889451
1766060136.878545,123.685,0.0,191.889451
1766060137.45728,123.687,0.0,191.889451
1766060138.0331457,123.687,0.0,191.889451
1766060138.608931,123.687,0.0,191.889451
1766060139.1830547,123.687,0.0,191.889451
1766060139.760185,123.685,0.0,191.889451
1766060140.3363466,123.689,0.0,191.889451
1766060140.9101453,123.689,0.0,191.889451
1766060141.48685,123.688,0.0,191.889451
1766060142.0610855,123.673,0.0,191.889451
1766060142.637079,123.673,0.0,191.889451
1766060143.3452876,123.672,0.0,191.889451
1766060144.1301954,123.673,0.0,191.889451
1766060144.703569,123.672,0.0,191.889451
1766060147.3540447,123.672,0.0,191.889451
1766060147.9333332,123.67,0.0,191.889451
1766060148.652151,123.673,0.0,191.889451
1766060149.2482784,123.676,0.0,191.889451
1766060149.8236864,123.676,0.0,191.889451
1766060150.5334408,123.67,0.0,191.889451
1766060151.110086,123.67,0.0,191.889451
1766060151.6869786,123.67,0.0,191.889451
1766060152.2624848,123.669,0.0,191.889451
1766060152.8378508,123.669,0.0,191.889451
1766060153.4126787,123.669,0.0,191.889451
1766060154.070345,123.669,0.0,191.889451
1766060154.6482873,123.669,0.0,191.889451
1766060155.226759,123.669,0.0,191.889451
1766060157.8762186,123.669,0.0,191.889451
1766060158.4507372,123.669,0.0,191.889451
1766060159.1614828,123.669,0.0,191.889451
1766060159.7357764,123.669,0.0,191.889451
1766060160.4458046,123.673,0.0,191.889451
1766060161.0235088,123.711,0.0,191.889451
1766060161.73595,123.701,0.0,191.889451
1766060162.4467492,123.708,0.0,191.889451
1766060163.1564012,123.707,0.0,191.889451
1766060163.8664536,123.707,0.0,191.889451
1766060164.8004007,123.71,0.0,191.889451
1766060165.3773074,123.715,0.0,191.889451
1766060165.952843,123.715,0.0,191.889451
1766060167.890962,123.671,0.0,191.889451
1766060168.5995173,123.645,0.0,191.889451
1766060169.1766515,123.627,0.0,191.889451
1766060169.885097,123.621,0.0,191.889451
1766060170.5964785,123.615,0.0,191.889451
1766060171.3088355,123.641,0.0,191.889451
1766060172.0214398,123.683,0.0,191.889451
1766060172.5974858,123.682,0.0,191.889451
1766060173.1730232,123.687,0.0,191.889451
1766060173.8931835,123.683,0.0,191.889451
1766060176.6229107,123.687,0.0,191.889451
1766060177.2007673,123.682,0.0,191.889451
1766060177.7804585,123.682,0.0,191.889451
1766060178.3551722,123.682,0.0,191.889451
1766060179.0679908,123.682,0.0,191.889451
1766060179.6442358,123.682,0.0,191.889451
1766060180.2188041,123.682,0.0,191.889451
1766060180.795468,123.682,0.0,191.889451
1766060181.511026,123.682,0.0,191.889451
1766060182.2251258,123.631,0.0,191.889451
1766060182.9434006,123.637,0.0,191.889451
1766060183.521573,123.63,0.0,191.889451
1766060184.0984921,123.636,0.0,191.889451
1766060184.8974578,123.634,0.0,191.889451
1766060185.6080034,123.63,0.0,191.889451
1766060186.185084,123.629,0.0,191.889451
1766060186.7627652,123.629,0.0,191.889451
1766060187.343554,123.627,0.0,191.889451
1766060190.1329536,123.627,0.0,191.889451
1766060190.8422248,123.626,0.0,191.889451
1766060191.4179924,123.621,0.0,191.889451
1766060191.9952793,123.617,0.0,191.889451
1766060192.5715036,123.617,0.0,191.889451
1766060193.1481397,123.617,0.0,191.889451
1766060193.8589451,123.617,0.0,191.889451
1766060194.4343493,123.617,0.0,191.889451
1766060195.230937,123.607,0.0,191.889451
1766060195.813628,123.6,0.0,191.889451
1766060196.5231357,123.604,0.0,191.889451
1766060197.233734,123.61,0.0,191.889451
1766060199.8885841,123.608,0.0,191.889451
1766060200.4844077,123.606,0.0,191.889451
1766060201.1924748,123.621,0.0,191.889451
1766060201.9009662,123.621,0.0,191.889451
1766060202.476434,123.622,0.0,191.889451
1766060203.1845655,123.619,0.0,191.889451
1766060203.7608356,123.592,0.0,191.889451
1766060204.3380036,123.59,0.0,191.889451
1766060204.9209197,123.589,0.0,191.889451
1766060205.577638,123.59,0.0,191.889451
1766060206.1538284,123.59,0.0,191.889451
1766060208.938993,123.59,0.0,191.889451
1766060209.5127385,123.589,0.0,191.889451
1766060210.2204115,123.588,0.0,191.889451
1766060210.9294684,123.585,0.0,191.889451
1766060211.5202518,123.58,0.0,191.889451
1766060212.0956154,123.58,0.0,191.889451
1766060212.670399,123.58,0.0,191.889451
1766060213.2464876,123.584,0.0,191.889451
1766060213.8237545,123.584,0.0,191.889451
1766060214.3980658,123.584,0.0,191.889451
1766060215.1085575,123.584,0.0,191.889451
1766060215.9011962,123.595,0.0,191.889451
1766060218.5511928,123.619,0.0,191.889451
1766060219.1265543,123.619,0.0,191.889451
1766060219.7012274,123.619,0.0,191.889451
1766060220.279972,123.619,0.0,191.889451
1766060224.7297115,123.636,-1.0,191.882451
1766060225.303727,123.637,-1.0,191.882451
1766060226.101439,123.655,-1.0,191.882451
1766060226.6817667,123.655,-1.0,191.882451
1766060227.2586422,123.665,-1.0,191.882451
1766060227.8366022,123.661,-1.0,191.882451
1766060228.5463831,123.659,-1.0,191.882451
1766060229.2593472,123.663,-1.0,191.882451
1766060229.9689646,123.663,-1.0,191.882451
1766060230.682244,123.665,-1.0,191.882451
1766060231.393045,123.666,-1.0,191.882451
1766060231.970813,123.671,-1.0,191.882451
1766060232.6829538,123.67,-1.0,191.882451
1766060233.391767,123.67,-1.0,191.882451
1766060233.9674497,123.67,-1.0,191.882451
1766060234.5422907,123.669,-1.0,191.882451
1766060235.116142,123.669,-1.0,191.882451
1766060235.6918194,123.669,-1.0,191.882451
1766060236.4959958,123.669,-1.0,191.84345100000002
1766060237.0694315,123.662,-1.0,191.84345100000002
1766060237.64433,123.661,-1.0,191.84345100000002
1766060238.3548725,123.662,-1.0,191.84345100000002
1766060238.9312477,123.662,-1.0,191.84345100000002
1766060239.5051618,123.663,-1.0,191.84345100000002
1766060240.0785332,123.662,-1.0,191.84345100000002
1766060240.6546652,123.662,-1.0,191.84345100000002
1766060243.441408,123.659,-1.0,191.84345100000002
1766060244.016957,123.671,-1.0,191.84345100000002
1766060244.592015,123.671,-1.0,191.84345100000002
1766060245.1676917,123.671,-1.0,191.84345100000002
1766060245.7414534,123.671,-1.0,191.84345100000002
1766060246.5414588,123.671,-1.0,191.83845100000002
1766060247.117359,123.668,-1.0,191.83845100000002
1766060247.719,123.668,-1.0,191.83845100000002
1766060248.2956312,123.671,-1.0,191.83845100000002
1766060248.8701322,123.671,-1.0,191.83845100000002
1766060251.6565328,123.671,-1.0,191.83845100000002
1766060252.233686,123.676,-1.0,191.83845100000002
1766060252.9442983,123.678,-1.0,191.83845100000002
1766060253.654802,123.679,-1.0,191.83845100000002
1766060254.2322524,123.678,-1.0,191.83845100000002
1766060254.9411106,123.679,-1.0,191.83845100000002
1766060255.5168571,123.679,-1.0,191.83845100000002
1766060256.0931082,123.679,-1.0,191.83845100000002
1766060256.9029374,123.679,-1.0,191.82645100000002
1766060257.4775803,123.678,-1.0,191.82645100000002
1766060258.1907942,123.679,-1.0,191.82645100000002
1766060258.7659886,123.678,-1.0,191.82645100000002
1766060259.340423,123.679,-1.0,191.82645100000002
1766060261.9931421,123.709,-1.0,191.82645100000002
1766060262.5700047,123.709,-1.0,191.82645100000002
1766060263.1450598,123.722,-1.0,191.82645100000002
1766060263.8541925,123.711,-1.0,191.82645100000002
1766060264.430262,123.712,-1.0,191.82645100000002
1766060265.004718,123.712,-1.0,191.82645100000002
1766060265.7132123,123.712,-1.0,191.82645100000002
1766060266.2887979,123.707,-1.0,191.82645100000002
1766060267.0785208,123.714,-1.0,191.79645100000002
1766060267.7938168,123.718,-1.0,191.79645100000002
1766060268.3693156,123.706,-1.0,191.79645100000002
1766060271.0217485,123.691,-1.0,191.79645100000002
1766060271.5970466,123.691,-1.0,191.79645100000002
1766060272.1850443,123.691,-1.0,191.79645100000002
1766060272.7622604,123.691,-1.0,191.79645100000002
1766060273.3361058,123.691,-1.0,191.79645100000002
1766060273.9128766,123.691,-1.0,191.79645100000002
1766060274.6268983,123.691,-1.0,191.79645100000002
1766060275.2013886,123.693,-1.0,191.79645100000002
1766060275.7775571,123.693,-1.0,191.79645100000002
1766060276.4897287,123.69,-1.0,191.79645100000002
1766060277.2698798,123.69,-1.0,191.79645100000002
1766060277.8487935,123.688,-1.0,191.79645100000002
1766060278.4257534,123.69,-1.0,191.79645100000002
1766060279.002426,123.69,-1.0,191.79645100000002
1766060281.6561549,123.688,-1.0,191.79645100000002
1766060283.2476459,123.687,0.0,191.79645100000002
1766060283.967468,123.689,0.0,191.79645100000002
1766060284.5438654,123.69,0.0,191.79645100000002
1766060285.1204076,123.69,0.0,191.79645100000002
1766060285.6966696,123.693,0.0,191.79645100000002
1766060286.4056702,123.715,0.0,191.79645100000002
1766060287.116686,123.717,0.0,191.79645100000002
1766060287.9179018,123.705,0.0,191.822451
1766060288.4932559,123.706,0.0,191.822451
1766060289.0707562,123.694,0.0,191.822451
1766060289.644848,123.695,0.0,191.822451
1766060290.3529735,123.703,0.0,191.822451
1766060290.9358034,123.705,0.0,191.822451
1766060291.5100532,123.711,0.0,191.822451
1766060292.088717,123.711,0.0,191.822451
1766060292.6645668,123.701,0.0,191.822451
1766060293.3779156,123.711,0.0,191.822451
1766060293.9539263,123.711,0.0,191.822451
1766060296.6082149,123.715,0.0,191.822451
1766060297.3173625,123.706,0.0,191.822451
1766060298.1175106,123.71,0.0,191.822451
1766060298.827875,123.71,0.0,191.822451
1766060299.537791,123.713,0.0,191.822451
1766060300.1143405,123.713,0.0,191.822451
1766060300.689282,123.713,0.0,191.822451
1766060301.4006581,123.709,0.0,191.822451
1766060301.9764981,123.715,0.0,191.822451
1766060302.6909995,123.712,0.0,191.822451
1766060303.2649767,123.709,0.0,191.822451
1766060303.8401515,123.709,0.0,191.822451
1766060304.4187257,123.709,0.0,191.822451
1766060305.1331372,123.709,0.0,191.822451
1766060307.7862804,123.694,0.0,191.822451
1766060308.7153654,123.69,0.0,191.822451
1766060309.2902036,123.699,0.0,191.822451
1766060310.0012956,123.704,0.0,191.822451
1766060310.7121053,123.704,0.0,191.822451
1766060311.289906,123.709,0.0,191.822451
1766060311.9991937,123.708,0.0,191.822451
1766060312.5744765,123.708,0.0,191.822451
1766060313.15155,123.709,0.0,191.822451
1766060313.7290688,123.704,0.0,191.822451
1766060314.3046336,123.709,0.0,191.822451
1766060314.878977,123.714,0.0,191.822451
1766060317.6678963,123.718,0.0,191.822451
1766060318.243596,123.718,0.0,191.822451
1766060318.901438,123.717,0.0,191.822451
1766060319.478139,123.718,0.0,191.822451
1766060320.0533097,123.716,0.0,191.822451
1766060320.637951,123.716,0.0,191.822451
1766060321.2124608,123.719,0.0,191.822451
1766060321.786685,123.724,0.0,191.822451
1766060322.4952765,123.725,0.0,191.822451
1766060323.2053866,123.725,0.0,191.822451
1766060325.9908628,123.725,0.0,191.822451
1766060326.7061553,123.725,0.0,191.822451
1766060327.2897456,123.717,0.0,191.822451
1766060327.86466,123.717,0.0,191.822451
1766060328.5823781,123.717,0.0,191.822451
1766060329.3767984,123.727,0.0,191.822451
1766060329.9774044,123.722,0.0,191.822451
1766060330.6868632,123.722,0.0,191.822451
1766060331.2625015,123.717,0.0,191.822451
1766060331.8375378,123.717,0.0,191.822451
1766060332.4115884,123.716,0.0,191.822451
1766060333.121583,123.724,0.0,191.822451
1766060333.6963756,123.724,0.0,191.822451
1766060334.4036465,123.724,0.0,191.822451
1766060335.112602,123.724,0.0,191.822451
1766060337.9054334,123.704,0.0,191.822451
1766060338.4806776,123.704,0.0,191.822451
1766060339.1426914,123.704,0.0,191.822451
1766060339.857387,123.714,0.0,191.822451
1766060340.433597,123.719,0.0,191.822451
1766060341.011633,123.721,0.0,191.822451
1766060341.7237012,123.718,0.0,191.822451
1766060342.3043084,123.718,0.0,191.822451
1766060343.030963,123.718,0.0,191.822451
1766060343.7405725,123.704,0.0,191.822451
1766060344.4606268,123.704,0.0,191.822451
1766060345.0379875,123.724,0.0,191.822451
1766060345.6141438,123.724,0.0,191.822451
1766060348.4074607,123.725,0.0,191.822451
1766060348.9869697,123.725,0.0,191.822451
1766060349.6487513,123.725,0.0,191.822451
1766060350.2255805,123.725,0.0,191.822451
1766060350.9386218,123.727,0.0,191.822451
1766060351.6496315,123.728,0.0,191.822451
1766060352.2252333,123.727,0.0,191.822451
1766060352.9335706,123.732,0.0,191.822451
1766060353.5161164,123.732,0.0,191.822451
1766060354.2294993,123.732,0.0,191.822451
1766060354.9465158,123.732,0.0,191.822451
1766060355.5288012,123.727,0.0,191.822451
1766060356.1051204,123.723,0.0,191.822451
1766060358.760397,123.722,0.0,191.822451
1766060359.4703884,123.72,0.0,191.822451
1766060360.267176,123.719,0.0,191.822451
1766060360.9794137,123.719,0.0,191.822451
1766060361.6949081,123.719,0.0,191.822451
1766060362.2722504,123.719,0.0,191.822451
1766060362.8494806,123.719,0.0,191.822451
1766060363.427054,123.719,0.0,191.822451
1766060364.1405451,123.721,0.0,191.822451
1766060364.8513377,123.721,0.0,191.822451
1766060365.4259198,123.721,0.0,191.822451
1766060365.9999905,123.721,0.0,191.822451
1766060368.651527,123.73,0.0,191.822451
1766060369.360584,123.731,0.0,191.822451
1766060369.9379213,123.731,0.0,191.822451
1766060370.594526,123.73,0.0,191.822451
1766060371.3595254,123.73,0.0,191.822451
1766060371.9392068,123.711,0.0,191.822451
1766060372.6510153,123.707,0.0,191.822451
1766060373.225779,123.707,0.0,191.822451
1766060373.935794,123.707,0.0,191.822451
1766060374.511674,123.711,0.0,191.822451
1766060375.0895455,123.711,0.0,191.822451
1766060375.6652565,123.718,0.0,191.822451
1766060378.325234,123.731,0.0,191.822451
1766060378.8993378,123.731,0.0,191.822451
1766060379.6149085,123.731,0.0,191.822451
1766060380.1906407,123.731,0.0,191.822451
1766060381.1359584,123.726,0.0,191.822451
1766060381.7123597,123.726,0.0,191.822451
1766060382.2903967,123.729,0.0,191.822451
1766060382.8653562,123.729,0.0,191.822451
1766060383.5720532,123.729,0.0,191.822451
1766060384.1513314,123.729,0.0,191.822451
1766060384.7280753,123.729,0.0,191.822451
1766060385.4425092,123.729,0.0,191.822451
1766060386.1506834,123.721,0.0,191.822451
1766060388.8031962,123.731,0.0,191.822451
1766060389.5155735,123.731,0.0,191.822451
1766060390.0918367,123.724,0.0,191.822451
1766060390.8069465,123.724,0.0,191.822451
1766060391.4694633,123.726,0.0,191.822451
1766060392.0481553,123.726,0.0,191.822451
1766060392.7604234,123.726,0.0,191.822451
1766060393.3360348,123.726,0.0,191.822451
1766060393.9111154,123.726,0.0,191.822451
1766060394.6226447,123.721,0.0,191.822451
1766060395.1996472,123.721,0.0,191.822451
1766060395.9136188,123.725,0.0,191.822451
1766060398.5670712,123.723,0.0,191.822451
1766060399.140901,123.73,0.0,191.822451
1766060399.7187335,123.721,0.0,191.822451
1766060400.2945929,123.72,0.0,191.822451
1766060400.8728166,123.72,0.0,191.822451
1766060401.5346568,123.712,0.0,191.822451
1766060402.1084173,123.712,0.0,191.822451
1766060402.819308,123.714,0.0,191.822451
1766060403.3957934,123.716,0.0,191.822451
1766060406.1873229,123.712,0.0,191.822451
1766060406.8961525,123.712,0.0,191.822451
1766060407.6126332,123.715,0.0,191.822451
1766060408.322979,123.719,0.0,191.822451
1766060408.8988924,123.713,0.0,191.822451
1766060409.4759376,123.72,0.0,191.822451
1766060410.193938,123.712,0.0,191.822451
1766060410.776108,123.712,0.0,191.822451
1766060411.3498013,123.718,0.0,191.822451
1766060412.1460469,123.713,0.0,191.822451
1766060412.7220979,123.718,0.0,191.822451
1766060413.2983198,123.712,0.0,191.822451
1766060414.012625,123.713,0.0,191.822451
1766060416.797209,123.738,0.0,191.822451
1766060417.3705246,123.716,0.0,191.822451
1766060418.0804648,123.712,0.0,191.822451
1766060418.6563177,123.712,0.0,191.822451
1766060419.2343092,123.732,0.0,191.822451
1766060419.8092928,123.745,0.0,191.822451
1766060420.3853009,123.741,0.0,191.822451
1766060421.0955784,123.735,0.0,191.822451
1766060421.6709337,123.745,0.0,191.822451
1766060422.3284206,123.744,0.0,191.822451
1766060422.9038577,123.744,0.0,191.822451
1766060423.6157308,123.736,0.0,191.822451
1766060426.2662618,123.746,0.0,191.822451
1766060426.9801688,123.746,0.0,191.822451
1766060427.5561135,123.746,0.0,191.822451
1766060428.130954,123.746,0.0,191.822451
1766060428.8401814,123.752,0.0,191.822451
1766060429.4201756,123.75,0.0,191.822451
1766060429.995252,123.761,0.0,191.822451
1766060430.7076411,123.761,0.0,191.822451
1766060431.2841318,123.755,0.0,191.822451
1766060431.9935815,123.792,0.0,191.822451
1766060432.915173,123.788,0.0,191.822451
1766060433.492041,123.788,0.0,191.822451
1766060436.1475194,123.797,0.0,191.822451
1766060436.7240767,123.797,0.0,191.822451
1766060437.4344964,123.805,0.0,191.822451
1766060438.0104015,123.799,0.0,191.822451
1766060438.5875528,123.805,0.0,191.822451
1766060439.2953982,123.81,0.0,191.822451
1766060439.8708966,123.81,0.0,191.822451
1766060440.445725,123.797,0.0,191.822451
1766060441.0238745,123.797,0.0,191.822451
1766060441.736328,123.797,0.0,191.822451
1766060442.3123164,123.797,0.0,191.822451
1766060443.1064363,123.797,0.0,191.822451
1766060445.7600946,123.817,0.0,191.822451
1766060446.4679585,123.808,0.0,191.822451
1766060447.1768427,123.808,0.0,191.822451
1766060447.8858275,123.817,0.0,191.822451
1766060448.597799,123.808,0.0,191.822451
1766060449.1873326,123.832,0.0,191.822451
1766060449.8982759,123.829,0.0,191.822451
1766060450.4769666,123.818,0.0,191.822451
1766060451.0547538,123.817,0.0,191.822451
1766060451.630379,123.81,0.0,191.822451
1766060452.3426595,123.818,0.0,191.822451
1766060452.9196343,123.811,0.0,191.822451
1766060455.789139,123.762,0.0,191.822451
1766060456.5036483,123.771,0.0,191.822451
1766060457.0790372,123.771,0.0,191.822451
1766060457.6545894,123.77,0.0,191.822451
1766060458.2330468,123.77,0.0,191.822451
1766060458.8117318,123.771,0.0,191.822451
1766060459.3879263,123.771,0.0,191.822451
1766060459.9645543,123.774,0.0,191.822451
1766060460.6753466,123.812,0.0,191.822451
1766060461.386004,123.841,0.0,191.822451
1766060461.9614942,123.856,0.0,191.822451
1766060462.5397246,123.85,0.0,191.822451
1766060463.1162138,123.853,0.0,191.822451
1766060464.040618,123.863,0.0,191.822451
1766060464.756548,123.821,0.0,191.822451
1766060465.465347,123.826,0.0,191.822451
1766060466.180632,123.826,0.0,191.822451
1766060469.0849366,123.829,0.0,191.822451
1766060469.6594114,123.83,0.0,191.822451
1766060470.235061,123.827,0.0,191.822451
1766060470.8119411,123.829,0.0,191.822451
1766060471.3884137,123.827,0.0,191.822451
1766060471.9651868,123.827,0.0,191.822451
1766060472.676644,123.827,0.0,191.822451
1766060473.386585,123.841,0.0,191.822451
1766060474.2016246,123.833,0.0,191.822451
1766060474.7781289,123.833,0.0,191.822451
1766060475.3537846,123.865,0.0,191.822451
1766060476.0621083,123.878,0.0,191.822451
1766060476.7737277,123.878,0.0,191.822451
1766060477.3591383,123.862,0.0,191.822451
1766060477.9397185,123.857,0.0,191.822451
1766060478.5160263,123.859,0.0,191.822451
1766060479.2311897,123.86,0.0,191.822451
1766060479.9409108,123.86,0.0,191.822451
1766060482.5917664,123.868,0.0,191.822451
1766060483.3080616,123.864,0.0,191.822451
1766060483.8838928,123.864,0.0,191.822451
1766060484.541353,123.875,0.0,191.822451
1766060485.116647,123.876,0.0,191.822451
1766060485.6917186,123.879,0.0,191.822451
1766060486.401839,123.872,0.0,191.822451
1766060486.9786491,123.837,0.0,191.822451
1766060487.6896696,123.837,0.0,191.822451
1766060488.2659829,123.837,0.0,191.822451
1766060488.9753191,123.842,0.0,191.822451
1766060491.7713695,123.846,0.0,191.822451
1766060492.346536,123.846,0.0,191.822451
1766060493.0579197,123.846,0.0,191.822451
1766060493.7692354,123.846,0.0,191.822451
1766060494.3441155,123.846,0.0,191.822451
1766060494.997067,123.846,0.0,191.822451
1766060495.7079425,123.846,0.0,191.822451
1766060496.416003,123.846,0.0,191.822451
1766060497.1261272,123.846,0.0,191.822451
1766060497.7034967,123.846,0.0,191.822451
1766060498.411978,123.84,0.0,191.822451
1766060498.9886174,123.846,0.0,191.822451
1766060499.5661063,123.846,0.0,191.822451
1766060500.2764194,123.837,0.0,191.822451
1766060503.0606072,123.799,0.0,191.822451
1766060503.6378896,123.799,0.0,191.822451
1766060504.2148902,123.799,0.0,191.822451
1766060504.7931874,123.799,0.0,191.822451
1766060505.4533536,123.822,0.0,191.822451
1766060506.1619694,123.822,0.0,191.822451
1766060506.737527,123.822,0.0,191.822451
1766060507.3130455,123.822,0.0,191.822451
1766060507.8876736,123.825,0.0,191.822451
1766060508.5954444,123.825,0.0,191.822451
1766060509.1711512,123.826,0.0,191.822451
1766060511.8197594,123.829,0.0,191.822451
1766060512.394482,123.829,0.0,191.822451
1766060513.1008217,123.829,0.0,191.822451
1766060513.6742694,123.823,0.0,191.822451
1766060514.2477791,123.823,0.0,191.822451
1766060514.8252702,123.823,0.0,191.822451
1766060515.7506132,123.829,0.0,191.822451
1766060516.3269799,123.829,0.0,191.822451
1766060516.9038937,123.829,0.0,191.822451
1766060517.4792607,123.829,0.0,191.822451
1766060518.1869457,123.829,0.0,191.822451
1766060520.8417058,123.818,0.0,191.822451
1766060521.4201698,123.828,0.0,191.822451
1766060522.1307087,123.825,0.0,191.822451
1766060522.7076583,123.825,0.0,191.822451
1766060523.2829013,123.826,0.0,191.822451
1766060523.8602161,123.798,0.0,191.822451
1766060524.5702162,123.8,0.0,191.822451
1766060525.2784245,123.798,0.0,191.822451
1766060525.939384,123.804,0.0,191.822451
1766060526.5148258,123.805,0.0,191.822451
1766060527.2510366,123.804,0.0,191.822451
1766060530.0369837,123.798,0.0,191.822451
1766060530.6140149,123.803,0.0,191.822451
1766060531.1941912,123.791,0.0,191.822451
1766060531.9052644,123.791,0.0,191.822451
1766060532.4814205,123.789,0.0,191.822451
1766060533.1929772,123.787,0.0,191.822451
1766060533.7680814,123.787,0.0,191.822451
1766060534.342844,123.789,0.0,191.822451
1766060534.917634,123.789,0.0,191.822451
1766060535.4939413,123.804,0.0,191.822451
1766060536.4237404,123.809,0.0,191.822451
1766060537.1377063,123.824,0.0,191.822451
1766060537.7124672,123.822,0.0,191.822451
1766060538.4250968,123.822,0.0,191.822451
1766060541.077914,123.812,0.0,191.822451
1766060541.6532578,123.812,0.0,191.822451
1766060542.2466264,123.812,0.0,191.822451
1766060542.9613254,123.812,0.0,191.822451
1766060543.6735742,123.817,0.0,191.822451
1766060544.382755,123.818,0.0,191.822451
1766060544.9591286,123.818,0.0,191.822451
1766060545.5348473,123.819,0.0,191.822451
1766060546.3384185,123.819,0.0,191.822451
1766060546.9174955,123.819,0.0,191.822451
1766060547.6272366,123.822,0.0,191.822451
1766060548.3428016,123.822,0.0,191.822451
1766060549.0526276,123.823,0.0,191.822451
1766060549.6445866,123.822,0.0,191.822451
1766060550.3536308,123.822,0.0,191.822451
1766060553.276494,123.855,0.0,191.822451
1766060553.9886117,123.851,0.0,191.822451
1766060554.5635748,123.847,0.0,191.822451
1766060555.1381838,123.847,0.0,191.822451
1766060555.846063,123.847,0.0,191.822451
1766060556.49994,123.849,0.0,191.822451
1766060557.2089882,123.848,0.0,191.822451
1766060557.921476,123.848,0.0,191.822451
1766060558.634683,123.852,0.0,191.822451
1766060559.2095914,123.853,0.0,191.822451
1766060559.7859728,123.851,0.0,191.822451
1766060560.361685,123.853,0.0,191.822451
1766060560.936922,123.853,0.0,191.822451
1766060561.6431875,123.863,0.0,191.822451
1766060562.3537402,123.862,0.0,191.822451
1766060565.0026536,123.855,0.0,191.822451
1766060565.578096,123.855,0.0,191.822451
1766060566.28717,123.863,0.0,191.822451
1766060567.0819805,123.857,0.0,191.822451
1766060567.6576061,123.861,0.0,191.822451
1766060568.2310166,123.855,0.0,191.822451
1766060568.8089905,123.855,0.0,191.822451
1766060569.3831186,123.849,0.0,191.822451
1766060569.958385,123.849,0.0,191.822451
1766060572.6076438,123.844,0.0,191.822451
1766060573.1831214,123.844,0.0,191.822451
1766060573.892946,123.844,0.0,191.822451
1766060574.6036916,123.848,0.0,191.822451
1766060575.3129323,123.848,0.0,191.822451
1766060575.8897336,123.848,0.0,191.822451
1766060576.5996015,123.848,0.0,191.822451
1766060577.2564468,123.848,0.0,191.822451
1766060577.9663694,123.853,0.0,191.822451
1766060578.5422695,123.853,0.0,191.822451
1766060579.1215296,123.854,0.0,191.822451
1766060579.7027035,123.854,0.0,191.822451
1766060582.3585231,123.836,0.0,191.822451
1766060582.9345102,123.836,0.0,191.822451
1766060583.5100114,123.837,0.0,191.822451
1766060584.0884128,123.838,0.0,191.822451
1766060584.797976,123.838,0.0,191.822451
1766060585.3790023,123.834,0.0,191.822451
1766060586.0950558,123.825,0.0,191.822451
1766060586.8053012,123.828,0.0,191.822451
1766060587.5292723,123.829,0.0,191.822451
1766060588.1047878,123.834,0.0,191.822451
1766060588.6808853,123.837,0.0,191.822451
1766060591.4737942,123.834,0.0,191.822451
1766060592.048692,123.832,0.0,191.822451
1766060592.6243114,123.843,0.0,191.822451
1766060593.343895,123.844,0.0,191.822451
1766060593.921507,123.844,0.0,191.822451
1766060594.637028,123.847,0.0,191.822451
1766060595.3450184,123.842,0.0,191.822451
1766060596.056247,123.843,0.0,191.822451
1766060596.6325774,123.843,0.0,191.822451
1766060597.21034,123.844,0.0,191.822451
1766060597.871223,123.838,0.0,191.822451
1766060598.4463255,123.839,0.0,191.822451
1766060599.1568804,123.839,0.0,191.822451
1766060599.8700693,123.839,0.0,191.822451
1766060602.7911859,123.839,0.0,191.822451
1766060603.3646736,123.834,0.0,191.822451
1766060603.9414492,123.834,0.0,191.822451
1766060604.5165093,123.837,0.0,191.822451
1766060605.0916324,123.837,0.0,191.822451
1766060605.802007,123.837,0.0,191.822451
1766060606.3760946,123.835,0.0,191.822451
1766060607.0871134,123.834,0.0,191.822451
1766060607.6634276,123.839,0.0,191.822451
1766060608.320992,123.836,0.0,191.822451
1766060608.8960552,123.836,0.0,191.822451
1766060609.6091864,123.836,0.0,191.822451
1766060612.402278,123.824,0.0,191.822451
1766060612.9787548,123.824,0.0,191.822451
1766060613.5563898,123.824,0.0,191.822451
1766060614.2671103,123.827,0.0,191.822451
1766060614.9762275,123.826,0.0,191.822451
1766060615.5537145,123.826,0.0,191.822451
1766060616.267245,123.827,0.0,191.822451
1766060616.842876,123.827,0.0,191.822451
1766060617.4180975,123.827,0.0,191.822451
1766060618.126022,123.824,0.0,191.822451
1766060618.7875273,123.816,0.0,191.822451
1766060619.3749063,123.816,0.0,191.822451
1766060622.0275538,123.811,0.0,191.822451
1766060622.6024568,123.811,0.0,191.822451
1766060623.177764,123.811,0.0,191.822451
1766060623.7637982,123.811,0.0,191.822451
1766060624.4790518,123.772,0.0,191.822451
1766060625.0602837,123.769,0.0,191.822451
1766060625.6378062,123.769,0.0,191.822451
1766060626.3497994,123.768,0.0,191.822451
1766060626.9240625,123.768,0.0,191.822451
1766060627.6385756,123.769,0.0,191.822451
1766060628.212443,123.774,0.0,191.822451
1766060628.8628702,123.774,0.0,191.822451
1766060629.57433,123.773,0.0,191.822451
1766060630.2838633,123.769,0.0,191.822451
1766060630.8606145,123.769,0.0,191.822451
1766060631.5747476,123.757,0.0,191.822451
1766060632.153614,123.757,0.0,191.822451
1766060634.950503,123.758,0.0,191.822451
1766060635.6609151,123.758,0.0,191.822451
1766060636.237934,123.758,0.0,191.822451
1766060636.8118095,123.758,0.0,191.822451
1766060637.5213697,123.768,0.0,191.822451
1766060638.0974844,123.758,0.0,191.822451
1766060638.8080473,123.758,0.0,191.822451
1766060639.466171,123.762,0.0,191.822451
1766060640.0437787,123.757,0.0,191.822451
1766060640.749729,123.762,0.0,191.822451
1766060641.3275075,123.768,0.0,191.822451
1766060641.9034214,123.768,0.0,191.822451
1766060644.557075,123.769,0.0,191.822451
1766060645.1344082,123.769,0.0,191.822451
1766060645.7108533,123.772,0.0,191.822451
1766060646.2869008,123.778,0.0,191.822451
1766060646.8630595,123.778,0.0,191.822451
1766060647.573638,123.778,0.0,191.822451
1766060648.1501117,123.783,0.0,191.822451
1766060648.7253249,123.782,0.0,191.822451
1766060649.4006336,123.755,0.0,191.822451
1766060652.0503783,123.757,0.0,191.822451
1766060652.7603247,123.757,0.0,191.822451
1766060653.470586,123.757,0.0,191.822451
1766060654.1823533,123.757,0.0,191.822451
1766060654.7576785,123.762,0.0,191.822451
1766060655.3326032,123.754,0.0,191.822451
1766060656.0451033,123.755,0.0,191.822451
1766060656.619099,123.762,0.0,191.822451
1766060657.3289928,123.762,0.0,191.822451
1766060657.9043076,123.762,0.0,191.822451
1766060658.6176848,123.754,0.0,191.822451
1766060659.19717,123.754,0.0,191.822451
1766060659.8516583,123.754,0.0,191.822451
1766060662.638188,123.761,0.0,191.822451
1766060663.2146926,123.777,0.0,191.822451
1766060663.7942755,123.777,0.0,191.822451
1766060664.370344,123.777,0.0,191.822451
1766060665.0848396,123.777,0.0,191.822451
1766060665.795108,123.777,0.0,191.822451
1766060666.5056505,123.786,0.0,191.822451
1766060667.084436,123.786,0.0,191.822451
1766060667.6652608,123.787,0.0,191.822451
1766060668.2430093,123.788,0.0,191.822451
1766060668.8188784,123.795,0.0,191.822451
1766060669.5300326,123.791,0.0,191.822451
1766060672.4065146,123.784,0.0,191.822451
1766060672.9842212,123.784,0.0,191.822451
1766060673.5605104,123.797,0.0,191.822451
1766060674.1618693,123.784,0.0,191.822451
1766060674.7427785,123.795,0.0,191.822451
1766060675.3191512,123.784,0.0,191.822451
1766060676.0270634,123.788,0.0,191.822451
1766060676.7390199,123.788,0.0,191.822451
1766060677.3158307,123.8,0.0,191.822451
1766060677.8922086,123.797,0.0,191.822451
1766060678.4679642,123.807,0.0,191.822451
1766060679.1767805,123.812,0.0,191.822451
1766060679.8905861,123.812,0.0,191.822451
1766060680.675506,123.81,0.0,191.822451
1766060681.3838966,123.81,0.0,191.822451
1766060681.9585743,123.81,0.0,191.822451
1766060682.534046,123.81,0.0,191.822451
1766060683.2630603,123.834,0.0,191.822451
1766060685.9144018,123.832,0.0,191.822451
1766060686.6282384,123.831,0.0,191.822451
1766060687.340152,123.834,0.0,191.822451
1766060688.0512974,123.825,0.0,191.822451
1766060688.6295545,123.825,0.0,191.822451
1766060689.341249,123.806,0.0,191.822451
1766060689.9179635,123.806,0.0,191.822451
1766060690.7120805,123.805,0.0,191.822451
1766060691.291573,123.808,0.0,191.822451
1766060692.0166016,123.806,0.0,191.822451
1766060692.5923104,123.806,0.0,191.822451
1766060693.1687803,123.809,0.0,191.822451
1766060693.7454054,123.809,0.0,191.822451
1766060694.4592159,123.809,0.0,191.822451
1766060697.1120563,123.809,0.0,191.822451
1766060697.6872752,123.798,0.0,191.822451
1766060698.2654986,123.798,0.0,191.822451
1766060698.840421,123.798,0.0,191.822451
1766060699.415034,123.794,0.0,191.822451
1766060699.9926856,123.794,0.0,191.822451
1766060700.777235,123.794,0.0,191.822451
1766060701.3555446,123.79,0.0,191.822451
1766060701.9344554,123.79,0.0,191.822451
1766060704.5878532,123.759,0.0,191.822451
1766060705.2980018,123.754,0.0,191.822451
1766060706.0076778,123.768,0.0,191.822451
1766060706.5845006,123.756,0.0,191.822451
1766060707.2945337,123.763,0.0,191.822451
1766060707.871661,123.762,0.0,191.822451
1766060708.4478638,123.762,0.0,191.822451
1766060709.0237257,123.757,0.0,191.822451
1766060709.734265,123.757,0.0,191.822451
1766060710.4479578,123.754,0.0,191.822451
1766060711.2457764,123.755,0.0,191.822451
1766060711.8223484,123.754,0.0,191.822451
1766060712.4061043,123.746,0.0,191.822451
1766060713.1148999,123.737,0.0,191.822451
1766060715.7752976,123.738,0.0,191.822451
1766060716.486571,123.745,0.0,191.822451
1766060717.06101,123.745,0.0,191.822451
1766060717.7122228,123.748,0.0,191.822451
1766060718.2893114,123.748,0.0,191.822451
1766060718.8652914,123.748,0.0,191.822451
1766060719.4419901,123.746,0.0,191.822451
1766060720.018453,123.745,0.0,191.822451
1766060720.5934007,123.746,0.0,191.822451
1766060721.5198915,123.753,0.0,191.822451
1766060722.231753,123.753,0.0,191.822451
1766060724.8882644,123.753,0.0,191.822451
1766060725.59836,123.753,0.0,191.822451
1766060726.3129578,123.753,0.0,191.822451
1766060726.8879516,123.751,0.0,191.822451
1766060727.4626179,123.746,0.0,191.822451
1766060728.0400825,123.746,0.0,191.822451
1766060728.6137729,123.746,0.0,191.822451
1766060729.326839,123.746,0.0,191.822451
1766060729.9039164,123.746,0.0,191.822451
1766060730.4789538,123.746,0.0,191.822451
1766060731.0552235,123.746,0.0,191.822451
1766060731.9810617,123.746,0.0,191.822451
1766060734.6334536,123.737,0.0,191.822451
1766060735.3416038,123.74,0.0,191.822451
1766060735.9178147,123.74,0.0,191.822451
1766060736.4920027,123.745,0.0,191.822451
1766060737.2059882,123.751,0.0,191.822451
1766060737.7814553,123.751,0.0,191.822451
1766060738.3566895,123.751,0.0,191.822451
1766060738.9318197,123.745,0.0,191.822451
1766060739.5133207,123.745,0.0,191.822451
1766060740.2220721,123.729,0.0,191.822451
1766060740.7982988,123.729,0.0,191.822451
1766060741.3732543,123.728,0.0,191.822451
1766060742.166462,123.728,0.0,191.822451
1766060742.8762562,123.728,0.0,191.822451
1766060743.4538863,123.738,0.0,191.822451
1766060744.0310698,123.728,0.0,191.822451
1766060744.6076427,123.728,0.0,191.822451
1766060747.2614808,123.733,0.0,191.822451
1766060747.972995,123.738,0.0,191.822451
1766060748.5505197,123.741,0.0,191.822451
1766060749.1271577,123.741,0.0,191.822451
1766060749.7029665,123.741,0.0,191.822451
1766060750.4127898,123.743,0.0,191.822451
1766060750.990642,123.743,0.0,191.822451
1766060751.6996946,123.743,0.0,191.822451
1766060752.6276248,123.743,0.0,191.822451
1766060753.337856,123.713,0.0,191.822451
1766060753.917764,123.713,0.0,191.822451
1766060754.4932,123.713,0.0,191.822451
1766060757.2779698,123.713,0.0,191.822451
1766060757.9869597,123.713,0.0,191.822451
1766060758.6950035,123.716,0.0,191.822451
1766060759.4200275,123.714,0.0,191.822451
1766060759.9981904,123.714,0.0,191.822451
1766060760.576223,123.716,0.0,191.822451
1766060761.1539545,123.714,0.0,191.822451
1766060761.867883,123.689,0.0,191.822451
1766060762.5495586,123.681,0.0,191.822451
1766060763.1273434,123.682,0.0,191.822451
1766060763.7025418,123.678,0.0,191.822451
1766060764.2797666,123.684,0.0,191.822451
1766060764.988098,123.679,0.0,191.822451
1766060767.6421027,123.682,0.0,191.822451
1766060769.7519538,123.662,0.0,191.822451
1766060770.328176,123.66,0.0,191.822451
1766060770.9054928,123.669,0.0,191.822451
1766060771.6151369,123.661,0.0,191.822451
1766060772.1919646,123.67,0.0,191.822451
1766060772.9912102,123.649,0.0,191.822451
1766060773.5654542,123.65,0.0,191.822451
1766060774.277372,123.656,0.0,191.822451
1766060774.8620315,123.65,0.0,191.822451
1766060775.5728939,123.645,0.0,191.822451
1766060776.1486285,123.645,0.0,191.822451
1766060776.7238925,123.645,0.0,191.822451
1766060777.435543,123.645,0.0,191.822451
1766060778.0122747,123.653,0.0,191.822451
1766060778.7245734,123.652,0.0,191.822451
1766060779.2996652,123.643,0.0,191.822451
1766060780.013854,123.651,0.0,191.822451
1766060780.5901635,123.645,0.0,191.822451
1766060781.16806,123.643,0.0,191.822451
1766060781.7430372,123.642,0.0,191.822451
1766060782.3195887,123.667,0.0,191.822451
1766060783.1054032,123.687,0.0,191.822451
1766060783.8230102,123.674,0.0,191.822451
1766060784.5515819,123.684,0.0,191.822451
1766060785.2668445,123.695,0.0,191.822451
1766060785.9918895,123.69,0.0,191.822451
1766060788.6475272,123.681,0.0,191.822451
1766060789.2237775,123.681,0.0,191.822451
1766060789.7987497,123.68,0.0,191.822451
1766060790.373846,123.681,0.0,191.822451
1766060791.0820506,123.678,0.0,191.822451
1766060791.792931,123.673,0.0,191.822451
1766060792.3693593,123.69,0.0,191.822451
1766060793.1617162,123.687,0.0,191.822451
1766060793.8781893,123.67,0.0,191.822451
1766060794.4526649,123.686,0.0,191.822451
1766060795.0279574,123.685,0.0,191.822451
1766060795.7375443,123.671,0.0,191.822451
1766060798.5217733,123.675,0.0,191.822451
1766060799.0984511,123.685,0.0,191.822451
1766060799.80623,123.684,0.0,191.822451
1766060800.382078,123.684,0.0,191.822451
1766060800.9591372,123.684,0.0,191.822451
1766060801.5346823,123.673,0.0,191.822451
1766060802.2429814,123.682,0.0,191.822451
1766060802.8175259,123.669,0.0,191.822451
1766060803.7488782,123.681,0.0,191.822451
1766060804.4594939,123.672,0.0,191.822451
1766060805.0353742,123.678,0.0,191.822451
1766060805.747001,123.662,0.0,191.822451
1766060806.4594238,123.662,0.0,191.822451
1766060807.034603,123.684,0.0,191.822451
1766060807.6114886,123.684,0.0,191.822451
1766060810.4094772,123.664,0.0,191.822451
1766060811.1188397,123.664,0.0,191.822451
1766060811.691962,123.673,0.0,191.822451
1766060812.2719183,123.661,0.0,191.822451
1766060812.8465147,123.661,0.0,191.822451
1766060813.7763104,123.661,0.0,191.822451
1766060814.351932,123.663,0.0,191.822451
1766060814.926299,123.655,0.0,191.822451
1766060815.6347933,123.656,0.0,191.822451
1766060816.3468585,123.656,0.0,191.822451
1766060816.9225793,123.666,0.0,191.822451
1766060817.632902,123.666,0.0,191.822451
1766060818.3431048,123.662,0.0,191.822451
1766060818.9192657,123.662,0.0,191.822451
1766060821.7073333,123.677,0.0,191.822451
1766060822.282018,123.677,0.0,191.822451
1766060822.859291,123.662,0.0,191.822451
1766060823.7811642,123.677,0.0,191.822451
1766060824.4909165,123.677,0.0,191.822451
1766060825.2002807,123.664,0.0,191.822451
1766060825.7744617,123.668,0.0,191.822451
1766060826.4878666,123.677,0.0,191.822451
1766060827.0630283,123.683,0.0,191.822451
1766060827.7737997,123.69,0.0,191.822451
1766060828.348994,123.69,0.0,191.822451
1766060829.0592422,123.69,0.0,191.822451
1766060829.7734985,123.674,0.0,191.822451
1766060830.3514884,123.675,0.0,191.822451
1766060830.9286175,123.675,0.0,191.822451
1766060831.6414557,123.683,0.0,191.822451
1766060834.4292855,123.668,0.0,191.822451
1766060835.222638,123.668,0.0,191.822451
1766060835.7979252,123.663,0.0,191.822451
1766060836.3738017,123.674,0.0,191.822451
1766060837.0860934,123.673,0.0,191.822451
1766060837.7958207,123.673,0.0,191.822451
1766060838.5074265,123.665,0.0,191.822451
1766060839.2137134,123.667,0.0,191.822451
1766060839.7891803,123.667,0.0,191.822451
1766060840.5046086,123.658,0.0,191.822451
1766060841.2117453,123.664,0.0,191.822451
1766060841.9197936,123.664,0.0,191.822451
1766060842.497029,123.653,0.0,191.822451
1766060843.073664,123.658,0.0,191.822451
1766060843.7833579,123.654,0.0,191.822451
1766060844.4917367,123.655,0.0,191.822451
1766060845.2754865,123.665,0.0,191.822451
1766060845.9889627,123.668,0.0,191.822451
1766060846.701243,123.668,0.0,191.822451
1766060847.4136863,123.668,0.0,191.822451
1766060850.063398,123.655,0.0,191.822451
1766060850.6433952,123.651,0.0,191.822451
1766060851.3539886,123.651,0.0,191.822451
1766060851.9297452,123.651,0.0,191.822451
1766060852.506068,123.651,0.0,191.822451
1766060853.2164338,123.657,0.0,191.822451
1766060853.7915952,123.657,0.0,191.822451
1766060854.5002162,123.651,0.0,191.822451
1766060855.2945366,123.659,0.0,191.822451
1766060856.0020514,123.659,0.0,191.822451
1766060856.7113757,123.659,0.0,191.822451
1766060857.2881205,123.661,0.0,191.822451
1766060857.9997435,123.661,0.0,191.822451
1766060858.710368,123.661,0.0,191.822451
1766060859.41948,123.661,0.0,191.822451
1766060862.2055411,123.656,0.0,191.822451
1766060862.9214427,123.656,0.0,191.822451
1766060863.631147,123.657,0.0,191.822451
1766060864.205801,123.655,0.0,191.822451
1766060864.916902,123.654,0.0,191.822451
1766060865.577874,123.661,0.0,191.822451
1766060866.292599,123.661,0.0,191.822451
1766060867.0050654,123.661,0.0,191.822451
1766060867.5811598,123.661,0.0,191.822451
1766060868.2963512,123.658,0.0,191.822451
1766060868.8723137,123.653,0.0,191.822451
1766060869.5824034,123.653,0.0,191.822451
1766060870.2953348,123.653,0.0,191.822451
1766060871.0054548,123.647,0.0,191.822451
1766060871.7141776,123.647,0.0,191.822451
1766060872.4220672,123.649,0.0,191.822451
1766060873.129188,123.649,0.0,191.822451
1766060873.8404686,123.649,0.0,191.822451
1766060874.5497608,123.654,0.0,191.822451
1766060875.1248,123.654,0.0,191.822451
1766060877.9902763,123.647,0.0,191.822451
1766060878.698502,123.651,0.0,191.822451
1766060879.275036,123.644,0.0,191.822451
1766060879.8503401,123.644,0.0,191.822451
1766060880.5654697,123.651,0.0,191.822451
1766060881.1471953,123.642,0.0,191.822451
1766060881.721135,123.642,0.0,191.822451
1766060882.4304152,123.651,0.0,191.822451
1766060883.1463964,123.651,0.0,191.822451
1766060883.7217278,123.651,0.0,191.822451
1766060884.2968104,123.644,0.0,191.822451
1766060884.8738806,123.651,0.0,191.822451
1766060885.4609141,123.654,0.0,191.822451
1766060886.3985076,123.653,0.0,191.822451
1766060887.1115384,123.653,0.0,191.822451
1766060889.8971112,123.654,0.0,191.822451
1766060890.4744148,123.661,0.0,191.822451
1766060891.1822634,123.665,0.0,191.822451
1766060891.7565548,123.665,0.0,191.822451
1766060892.4637704,123.664,0.0,191.822451
1766060893.1752279,123.657,0.0,191.822451
1766060893.7528515,123.648,0.0,191.822451
1766060894.3307195,123.649,0.0,191.822451
1766060894.9065447,123.649,0.0,191.822451
1766060895.4826043,123.641,0.0,191.822451
1766060896.2794342,123.649,0.0,191.822451
1766060896.8541903,123.641,0.0,191.822451
1766060899.5039084,123.63,0.0,191.822451
1766060900.2150233,123.636,0.0,191.822451
1766060900.7890217,123.636,0.0,191.822451
1766060901.3631787,123.638,0.0,191.822451
1766060902.0732114,123.65,0.0,191.822451
1766060902.6493185,123.648,0.0,191.822451
1766060903.2267246,123.649,0.0,191.822451
1766060903.802512,123.649,0.0,191.822451
1766060904.3773952,123.649,0.0,191.822451
1766060904.9558766,123.645,0.0,191.822451
1766060905.6657789,123.645,0.0,191.822451
1766060908.7125235,123.642,0.0,191.822451
1766060909.2878182,123.643,0.0,191.822451
1766060909.999329,123.65,0.0,191.822451
1766060910.5753891,123.65,0.0,191.822451
1766060911.288568,123.65,0.0,191.822451
1766060911.86456,123.661,0.0,191.822451
1766060912.4392922,123.661,0.0,191.822451
1766060913.0136895,123.661,0.0,191.822451
1766060913.5899515,123.661,0.0,191.822451
1766060914.2999485,123.68,0.0,191.822451
1766060914.877504,123.679,0.0,191.822451
1766060915.4611216,123.677,0.0,191.822451
1766060916.0359352,123.68,0.0,191.822451
1766060916.9556751,123.678,0.0,191.822451
1766060917.5306888,123.677,0.0,191.822451
1766060918.239921,123.67,0.0,191.822451
1766060918.952555,123.67,0.0,191.822451
1766060919.661428,123.68,0.0,191.822451
1766060920.2390323,123.679,0.0,191.822451
1766060920.9491713,123.678,0.0,191.822451
1766060923.5999439,123.677,0.0,191.822451
1766060924.310972,123.679,0.0,191.822451
1766060924.8864622,123.679,0.0,191.822451
1766060925.5960095,123.679,0.0,191.822451
1766060926.1744452,123.679,0.0,191.822451
1766060926.8396335,123.67,0.0,191.822451
1766060927.4137855,123.679,0.0,191.822451
1766060927.9887393,123.679,0.0,191.822451
1766060928.7070224,123.679,0.0,191.822451
1766060929.2804325,123.679,0.0,191.822451
1766060929.8571596,123.679,0.0,191.822451
1766060932.780984,123.69,0.0,191.822451
1766060933.4959342,123.69,0.0,191.822451
1766060934.2100263,123.69,0.0,191.822451
1766060934.7904074,123.69,0.0,191.822451
1766060935.3719916,123.698,0.0,191.822451
1766060936.0891566,123.698,0.0,191.822451
1766060936.802071,123.714,0.0,191.822451
1766060937.7388055,123.714,0.0,191.822451
1766060938.3135,123.717,0.0,191.822451
1766060938.8876607,123.717,0.0,191.822451
1766060939.4626284,123.717,0.0,191.822451
1766060940.0390315,123.717,0.0,191.822451
1766060940.7495403,123.717,0.0,191.822451
1766060941.4629285,123.716,0.0,191.822451
1766060942.1741917,123.707,0.0,191.822451
1766060942.7524488,123.707,0.0,191.822451
1766060943.4631193,123.707,0.0,191.822451
1766060944.1738513,123.703,0.0,191.822451
1766060944.8852043,123.703,0.0,191.822451
1766060947.5541751,123.703,0.0,191.822451
1766060948.3530555,123.708,0.0,191.822451
1766060948.9316115,123.701,0.0,191.822451
1766060949.6397393,123.708,0.0,191.822451
1766060950.3505807,123.705,0.0,191.822451
1766060950.9273164,123.701,0.0,191.822451
1766060951.5015404,123.701,0.0,191.822451
1766060952.0769749,123.705,0.0,191.822451
1766060952.6517444,123.701,0.0,191.822451
1766060953.3640983,123.705,0.0,191.822451
1766060954.0772564,123.705,0.0,191.822451
1766060954.7848752,123.7,0.0,191.822451
1766060955.359936,123.706,0.0,191.822451
1766060958.1453705,123.695,0.0,191.822451
1766060958.9430718,123.695,0.0,191.822451
1766060959.51755,123.698,0.0,191.822451
1766060960.0945172,123.699,0.0,191.822451
1766060960.672768,123.699,0.0,191.822451
1766060961.3836708,123.694,0.0,191.822451
1766060962.094393,123.705,0.0,191.822451
1766060962.6689818,123.705,0.0,191.822451
1766060963.2468898,123.697,0.0,191.822451
1766060963.8211532,123.697,0.0,191.822451
1766060964.3970478,123.705,0.0,191.822451
1766060965.1053221,123.705,0.0,191.822451
1766060967.7738638,123.701,0.0,191.822451
1766060968.3527622,123.705,0.0,191.822451
1766060969.2803133,123.701,0.0,191.822451
1766060969.8548293,123.701,0.0,191.822451
1766060970.5667632,123.701,0.0,191.822451
1766060971.1431112,123.701,0.0,191.822451
1766060971.718272,123.697,0.0,191.822451
1766060972.292885,123.701,0.0,191.822451
1766060972.8673308,123.697,0.0,191.822451
1766060973.578136,123.702,0.0,191.822451
1766060974.2859952,123.697,0.0,191.822451
1766060974.9973927,123.701,0.0,191.822451
1766060977.6488187,123.699,0.0,191.822451
1766060978.360118,123.701,0.0,191.822451
1766060978.9344547,123.694,0.0,191.822451
1766060979.738011,123.694,0.0,191.822451
1766060980.311468,123.701,0.0,191.822451
1766060980.943564,123.701,0.0,191.822451
1766060981.5195153,123.701,0.0,191.822451
1766060982.093831,123.701,0.0,191.822451
1766060982.8030825,123.701,0.0,191.822451
1766060983.3825455,123.702,0.0,191.822451
1766060983.9582148,123.687,0.0,191.822451
1766060986.7419903,123.696,0.0,191.822451
1766060987.3176086,123.696,0.0,191.822451
1766060988.0277271,123.696,0.0,191.822451
1766060988.6042018,123.696,0.0,191.822451
1766060989.1792984,123.695,0.0,191.822451
1766060989.843044,123.695,0.0,191.822451
1766060990.4177353,123.695,0.0,191.822451
1766060990.9920485,123.695,0.0,191.822451
1766060991.569773,123.695,0.0,191.822451
1766060992.2832277,123.696,0.0,191.822451
1766060992.9939642,123.685,0.0,191.822451
1766060995.6519606,123.684,0.0,191.822451
1766060996.364386,123.678,0.0,191.822451
1766060996.9390004,123.676,0.0,191.822451
1766060997.5143192,123.676,0.0,191.822451
1766060998.0890453,123.679,0.0,191.822451
1766060998.6641388,123.679,0.0,191.822451
1766060999.240667,123.679,0.0,191.822451
1766060999.8983257,123.672,0.0,191.822451
1766061000.606875,123.678,0.0,191.822451
1766061001.1841457,123.676,0.0,191.822451
1766061003.972017,123.674,0.0,191.822451
1766061004.5487928,123.674,0.0,191.822451
1766061005.2604134,123.674,0.0,191.822451
1766061005.976096,123.674,0.0,191.822451
1766061006.5510416,123.675,0.0,191.822451
1766061007.261908,123.68,0.0,191.822451
1766061007.9763968,123.68,0.0,191.822451
1766061008.5528967,123.681,0.0,191.822451
1766061009.2653012,123.681,0.0,191.822451
1766061009.8413165,123.682,0.0,191.822451
1766061010.655836,123.68,0.0,191.822451
1766061011.2299335,123.681,0.0,191.822451
1766061011.806018,123.681,0.0,191.822451
1766061012.5150776,123.677,0.0,191.822451
1766061015.1633198,123.679,0.0,191.822451
1766061015.7431161,123.681,0.0,191.822451
1766061016.3173409,123.681,0.0,191.822451
1766061016.893404,123.681,0.0,191.822451
1766061017.4698677,123.683,0.0,191.822451
1766061018.0476625,123.682,0.0,191.822451
1766061018.6220608,123.682,0.0,191.822451
1766061019.1975837,123.681,0.0,191.822451
1766061019.9065042,123.68,0.0,191.822451
1766061020.6183586,123.681,0.0,191.822451
1766061021.4123094,123.681,0.0,191.822451
1766061024.0675712,123.68,0.0,191.822451
1766061024.7788785,123.676,0.0,191.822451
1766061025.4549048,123.676,0.0,191.822451
1766061026.029648,123.677,0.0,191.822451
1766061026.7630014,123.677,0.0,191.822451
1766061027.4820268,123.68,0.0,191.822451
1766061028.0590918,123.68,0.0,191.822451
1766061028.7695203,123.679,0.0,191.822451
1766061029.4791913,123.681,0.0,191.822451
1766061030.0535488,123.68,0.0,191.822451
1766061030.6294,123.68,0.0,191.822451
1766061031.4355497,123.679,0.0,191.822451
1766061032.146208,123.681,0.0,191.822451
1766061032.8604457,123.681,0.0,191.822451
1766061033.5756705,123.682,0.0,191.822451
1766061034.1502047,123.683,0.0,191.822451
1766061036.8071818,123.681,0.0,191.822451
1766061037.3955305,123.682,0.0,191.822451
1766061037.9742258,123.69,0.0,191.822451
1766061038.6825118,123.685,0.0,191.822451
1766061039.2582176,123.686,0.0,191.822451
1766061039.8350658,123.686,0.0,191.822451
1766061040.414319,123.686,0.0,191.822451
1766061040.989507,123.689,0.0,191.822451
1766061041.6637056,123.689,0.0,191.822451
1766061044.3259125,123.693,0.0,191.822451
1766061044.9012947,123.693,0.0,191.822451
1766061045.4776397,123.716,0.0,191.822451
1766061046.0549102,123.717,0.0,191.822451
1766061046.6308107,123.717,0.0,191.822451
1766061047.2076359,123.761,0.0,191.822451
1766061047.78226,123.765,0.0,191.822451
1766061048.3600214,123.765,0.0,191.822451
1766061048.936673,123.795,0.0,191.822451
1766061049.512598,123.803,0.0,191.822451
1766061050.2218735,123.812,0.0,191.822451
1766061050.7975428,123.812,0.0,191.822451
1766061051.5058076,123.822,0.0,191.822451
1766061052.2939427,123.823,0.0,191.822451
1766061053.002222,123.83,0.0,191.822451
1766061055.789011,123.859,0.0,191.822451
1766061056.5120418,123.859,0.0,191.822451
1766061057.2319698,123.886,0.0,191.822451
1766061057.8074274,123.896,0.0,191.822451
1766061058.3835065,123.896,0.0,191.822451
1766061058.957812,123.893,0.0,191.822451
1766061059.5344553,123.894,0.0,191.822451
1766061060.2482862,123.895,0.0,191.822451
1766061064.7473223,123.956,1.0,191.811866
1766061065.5425212,123.943,1.0,191.807866
1766061066.119334,123.935,1.0,191.807866
1766061066.6963658,123.933,1.0,191.807866
1766061067.2821062,123.932,1.0,191.807866
1766061067.8587039,123.921,1.0,191.807866
1766061069.9303691,123.966,1.0,191.807866
1766061070.5082195,123.956,1.0,191.807866
1766061071.215136,123.958,1.0,191.807866
1766061071.7936842,123.943,1.0,191.807866
1766061072.3696434,123.943,1.0,191.807866
1766061073.077951,123.926,1.0,191.807866
1766061073.654628,123.926,1.0,191.807866
1766061074.365492,123.91,1.0,191.807866
1766061074.9420643,123.91,1.0,191.807866
1766061075.6008248,123.919,1.0,191.747866
1766061076.177933,123.911,1.0,191.747866
1766061076.8894238,123.911,1.0,191.747866
1766061077.6194701,123.912,1.0,191.747866
1766061078.195672,123.898,1.0,191.747866
1766061078.7724838,123.898,1.0,191.747866
1766061079.4840093,123.917,1.0,191.747866
1766061080.1982787,123.911,1.0,191.747866
1766061080.7762194,123.921,1.0,191.747866
1766061081.3538435,123.947,1.0,191.747866
1766061081.9319239,123.949,1.0,191.747866
1766061082.5083437,123.922,1.0,191.747866
1766061083.0874288,123.922,1.0,191.747866
1766061083.665667,123.923,1.0,191.747866
1766061084.246639,123.913,1.0,191.747866
1766061084.8220687,123.917,1.0,191.747866
1766061085.3972309,123.933,1.0,191.747866
1766061086.186002,123.953,1.0,191.747866
1766061086.762065,123.943,1.0,191.747866
1766061089.4156685,123.908,1.0,191.747866
1766061090.1368043,123.919,1.0,191.747866
1766061090.7623699,123.919,1.0,191.747866
1766061091.6220996,123.909,1.0,191.747866
1766061092.2054415,123.9,1.0,191.747866
1766061092.7862804,123.9,1.0,191.747866
1766061093.3614013,123.9,1.0,191.747866
1766061094.0729783,123.9,1.0,191.747866
1766061094.7859838,123.9,1.0,191.747866
1766061095.3641663,123.901,1.0,191.747866
1766061096.0777628,123.897,1.0,191.747866
1766061096.7444956,123.881,1.0,191.724866
1766061097.3456335,123.881,1.0,191.724866
1766061097.9211996,123.881,1.0,191.724866
1766061100.5806978,123.858,1.0,191.724866
1766061107.2256167,123.845,0.0,191.681866
1766061107.8943362,123.84,0.0,191.681866
1766061108.470473,123.84,0.0,191.681866
1766061109.0488458,123.841,0.0,191.681866
1766061109.6261127,123.841,0.0,191.681866
1766061110.202991,123.841,0.0,191.681866
1766061110.7832782,123.842,0.0,191.681866
1766061111.3627925,123.846,0.0,191.681866
1766061111.9387405,123.845,0.0,191.681866
1766061112.649903,123.845,0.0,191.681866
1766061113.2329342,123.845,0.0,191.681866
1766061113.9422424,123.843,0.0,191.681866
1766061114.5225492,123.84,0.0,191.681866
1766061115.1015866,123.84,0.0,191.681866
1766061115.6784399,123.84,0.0,191.681866
1766061116.2559211,123.841,0.0,191.681866
1766061116.8332741,123.841,0.0,191.681866
1766061117.40966,123.841,0.0,191.681866
1766061118.2088225,123.853,0.0,191.681866
1766061118.7877357,123.853,0.0,191.681866
1766061119.3641815,123.854,0.0,191.681866
1766061119.9640512,123.854,0.0,191.681866
1766061120.673229,123.868,0.0,191.681866
1766061121.2526746,123.873,0.0,191.681866
1766061121.834399,123.873,0.0,191.681866
1766061122.5474458,123.888,0.0,191.681866
1766061123.2630901,123.902,0.0,191.681866
1766061124.0041847,123.905,0.0,191.681866
1766061124.5802357,123.906,0.0,191.681866
1766061125.1598487,123.9,0.0,191.681866
1766061125.7365382,123.9,0.0,191.681866
1766061126.454439,123.902,0.0,191.681866
1766061127.0307083,123.899,0.0,191.681866
1766061127.6082387,123.905,0.0,191.681866
1766061128.2948985,123.9,0.0,191.681866
1766061128.8717768,123.902,0.0,191.681866
1766061129.453849,123.905,0.0,191.681866
1766061132.2426965,123.847,0.0,191.681866
1766061132.820369,123.847,0.0,191.681866
1766061133.3996968,123.906,0.0,191.681866
1766061133.9781008,123.906,0.0,191.681866
1766061134.5536952,123.874,0.0,191.681866
1766061135.1310935,123.867,0.0,191.681866
1766061135.8422546,123.853,0.0,191.681866
1766061136.4188893,123.853,0.0,191.681866
1766061136.99774,123.856,0.0,191.681866
1766061137.5734293,123.864,0.0,191.681866
1766061138.1534624,123.856,0.0,191.681866
1766061138.8093653,123.85,0.0,191.681866
1766061139.5448923,123.841,0.0,191.681866
1766061140.2585354,123.86,0.0,191.681866
1766061140.838698,123.86,0.0,191.681866
1766061141.4140809,123.86,0.0,191.681866
1766061144.0690591,123.857,0.0,191.681866
1766061144.6493979,123.857,0.0,191.681866
1766061145.3613431,123.847,0.0,191.681866
1766061145.9405634,123.847,0.0,191.681866
1766061146.5177429,123.849,0.0,191.681866
1766061147.0944946,123.85,0.0,191.681866
1766061147.6710033,123.85,0.0,191.681866
1766061148.3823948,123.849,0.0,191.681866
1766061149.0444727,123.849,0.0,191.681866
1766061151.6994405,123.849,0.0,191.681866
1766061152.2754595,123.846,0.0,191.681866
1766061152.8506975,123.846,0.0,191.681866
1766061153.4273458,123.846,0.0,191.681866
1766061154.0038826,123.846,0.0,191.681866
1766061154.7143912,123.846,0.0,191.681866
1766061155.2921765,123.837,0.0,191.681866
1766061155.868426,123.838,0.0,191.681866
1766061156.4459682,123.841,0.0,191.681866
1766061157.02187,123.852,0.0,191.681866
1766061157.5999084,123.851,0.0,191.681866
1766061158.3105958,123.857,0.0,191.681866
1766061158.8870754,123.86,0.0,191.681866
1766061159.5387428,123.86,0.0,191.681866
1766061162.1982822,123.879,0.0,191.681866
1766061162.7791705,123.886,0.0,191.681866
1766061163.3549378,123.899,0.0,191.681866
1766061163.9323888,123.899,0.0,191.681866
1766061164.5092485,123.898,0.0,191.681866
1766061165.2250807,123.895,0.0,191.681866
1766061165.8009083,123.897,0.0,191.681866
1766061166.5140097,123.93,0.0,191.681866
1766061167.0911858,123.93,0.0,191.681866
1766061167.6930325,123.937,0.0,191.681866
1766061168.2699676,123.95,0.0,191.681866
1766061168.846987,123.959,0.0,191.681866
1766061169.5602446,123.953,0.0,191.681866
1766061170.3473444,123.979,0.0,191.681866
1766061170.9256585,123.979,0.0,191.681866
1766061171.5030174,124.001,0.0,191.681866
1766061174.1593163,123.993,0.0,191.681866
1766061174.736585,123.993,0.0,191.681866
1766061175.316141,124.025,0.0,191.681866
1766061175.8922906,124.034,0.0,191.681866
1766061176.6070726,124.034,0.0,191.681866
1766061177.181811,124.034,0.0,191.681866
1766061177.7623618,124.034,0.0,191.681866
1766061178.3383367,124.026,0.0,191.681866
1766061178.9123158,124.026,0.0,191.681866
1766061179.4893506,124.037,0.0,191.681866
1766061180.1424663,124.037,0.0,191.681866
1766061184.6330166,123.975,1.0,191.657866
1766061185.2112863,123.975,1.0,191.657866
1766061185.7867787,123.976,1.0,191.657866
1766061186.365008,123.96,1.0,191.657866
1766061186.940151,123.951,1.0,191.657866
1766061187.5154104,123.951,1.0,191.657866
1766061188.0926037,123.951,1.0,191.657866
1766061188.6689851,123.952,1.0,191.657866
1766061189.2431905,123.951,1.0,191.657866
1766061189.8199031,123.951,1.0,191.657866
1766061190.4793956,123.946,1.0,191.63686600000003
1766061191.0577338,123.946,1.0,191.63686600000003
1766061191.6324472,123.946,1.0,191.63686600000003
1766061192.2068317,123.949,1.0,191.63686600000003
1766061192.781112,123.952,1.0,191.63686600000003
1766061193.3555522,123.951,1.0,191.63686600000003
1766061193.9474275,123.951,1.0,191.63686600000003
1766061196.5971823,123.944,1.0,191.63686600000003
1766061197.172058,123.944,1.0,191.63686600000003
1766061197.7480164,123.942,1.0,191.63686600000003
1766061198.3271096,123.929,1.0,191.63686600000003
1766061198.9031565,123.929,1.0,191.63686600000003
1766061199.4788864,123.924,1.0,191.63686600000003
1766061200.0581388,123.923,1.0,191.63686600000003
1766061200.7182424,123.925,1.0,191.61186600000002
1766061203.3733878,123.932,1.0,191.61186600000002
1766061204.0866213,123.931,1.0,191.61186600000002
1766061204.8032696,123.946,1.0,191.61186600000002
1766061205.3793192,123.956,1.0,191.61186600000002
1766061205.9536917,123.956,1.0,191.61186600000002
1766061206.5309427,123.956,1.0,191.61186600000002
1766061207.1057475,123.951,1.0,191.61186600000002
1766061207.6799214,123.951,1.0,191.61186600000002
1766061208.2589102,123.929,1.0,191.61186600000002
1766061208.836026,123.929,1.0,191.61186600000002
1766061209.4131517,123.902,1.0,191.61186600000002
1766061209.9890418,123.903,1.0,191.61186600000002
1766061210.5652523,123.904,1.0,191.61186600000002
1766061211.2190244,123.906,1.0,191.61186600000002
1766061213.8700407,123.876,1.0,191.61186600000002
1766061220.48444,123.914,0.0,191.554866
1766061221.0613623,123.915,0.0,191.554866
1766061221.7161984,123.916,0.0,191.554866
1766061222.2909648,123.915,0.0,191.554866
1766061222.867154,123.915,0.0,191.554866
1766061223.444914,123.919,0.0,191.554866
1766061224.0197463,123.916,0.0,191.554866
1766061224.5969357,123.916,0.0,191.554866
1766061225.1705778,123.916,0.0,191.554866
1766061225.7465045,123.916,0.0,191.554866
1766061226.3204114,123.917,0.0,191.554866
1766061226.8959684,123.911,0.0,191.554866
1766061227.471932,123.913,0.0,191.554866
1766061228.0479784,123.897,0.0,191.554866
1766061228.6236882,123.897,0.0,191.554866
1766061229.3325458,123.895,0.0,191.554866
1766061230.0649784,123.89,0.0,191.554866
1766061230.7759595,123.909,0.0,191.554866
1766061231.3602529,123.909,0.0,191.554866
1766061232.0201502,123.916,0.0,191.554866
1766061232.728101,123.933,0.0,191.554866
1766061233.3077571,123.933,0.0,191.554866
1766061234.0182478,123.93,0.0,191.554866
1766061234.593944,123.93,0.0,191.554866
1766061235.1724987,123.936,0.0,191.554866
1766061235.7556765,123.932,0.0,191.554866
1766061236.3346217,123.93,0.0,191.554866
1766061236.9111483,123.933,0.0,191.554866
1766061237.4892921,123.928,0.0,191.554866
1766061238.0639906,123.919,0.0,191.554866
1766061238.772398,123.919,0.0,191.554866
1766061239.348663,123.919,0.0,191.554866
1766061239.9236488,123.918,0.0,191.554866
1766061240.6327531,123.91,0.0,191.554866
1766061245.0857375,123.921,1.0,191.572866
1766061245.74678,123.938,1.0,191.570866
1766061246.323197,123.933,1.0,191.570866
1766061246.9029813,123.92,1.0,191.570866
1766061247.4795074,123.922,1.0,191.570866
1766061248.0536127,123.92,1.0,191.570866
1766061248.6305857,123.913,1.0,191.570866
1766061249.2086697,123.915,1.0,191.570866
1766061249.7834308,123.887,1.0,191.570866
1766061250.3601918,123.887,1.0,191.570866
1766061250.9377954,123.887,1.0,191.570866
1766061251.5151339,123.881,1.0,191.570866
1766061252.0931478,123.904,1.0,191.570866
1766061252.6858816,123.907,1.0,191.570866
1766061253.404324,123.91,1.0,191.570866
1766061253.9835067,123.884,1.0,191.570866
1766061254.5593848,123.89,1.0,191.570866
1766061255.270527,123.91,1.0,191.570866
1766061256.0697808,123.897,1.0,191.570866
1766061256.6452997,123.907,1.0,191.570866
1766061257.2197022,123.91,1.0,191.570866
1766061257.7970371,123.91,1.0,191.570866
1766061260.4493032,123.921,1.0,191.570866
1766061261.0248487,123.926,1.0,191.570866
1766061261.5996492,123.926,1.0,191.570866
1766061262.174193,123.92,1.0,191.570866
1766061262.7543375,123.947,1.0,191.570866
1766061263.3297493,123.946,1.0,191.570866
1766061263.9071696,123.946,1.0,191.570866
1766061264.482684,123.96,1.0,191.570866
1766061265.0605934,123.967,1.0,191.570866
1766061265.637691,123.967,1.0,191.570866
1766061266.287898,123.976,1.0,191.570866
1766061266.8653414,123.978,1.0,191.570866
1766061267.5778477,123.973,1.0,191.570866
1766061270.393066,123.974,1.0,191.570866
1766061270.9710639,123.976,1.0,191.570866
1766061271.5474958,123.976,1.0,191.570866
1766061272.2610526,123.956,1.0,191.570866
1766061272.836184,123.956,1.0,191.570866
1766061273.4126306,123.957,1.0,191.570866
1766061273.9877245,123.949,1.0,191.570866
1766061274.566703,123.949,1.0,191.570866
1766061275.1420197,123.949,1.0,191.570866
1766061275.7184644,123.929,1.0,191.570866
1766061278.4641044,123.923,1.0,191.583866
1766061279.17521,123.913,1.0,191.583866
1766061279.7495596,123.913,1.0,191.583866
1766061280.3265228,123.902,1.0,191.583866
1766061281.0377407,123.917,1.0,191.583866
1766061281.6152523,123.917,1.0,191.583866
1766061282.1937463,123.911,1.0,191.583866
1766061282.7698681,123.911,1.0,191.583866
1766061283.3532844,123.91,1.0,191.583866
1766061283.9292445,123.917,1.0,191.583866
1766061284.6387336,123.918,1.0,191.583866
1766061285.3699677,123.938,1.0,191.583866
1766061285.946555,123.945,1.0,191.583866
1766061286.7703688,123.949,1.0,191.583866
1766061287.3465238,123.954,1.0,191.583866
1766061287.9227247,123.954,1.0,191.583866
1766061288.4979353,123.947,1.0,191.583866
1766061291.1565912,123.953,1.0,191.583866
1766061291.743958,123.955,1.0,191.583866
1766061292.317855,123.955,1.0,191.583866
1766061292.896779,123.956,1.0,191.583866
1766061293.4736936,123.959,1.0,191.583866
1766061294.0488594,123.972,1.0,191.583866
1766061294.6232364,123.966,1.0,191.583866
1766061295.1986756,123.966,1.0,191.583866
1766061295.7744634,123.966,1.0,191.583866
1766061296.349243,123.966,1.0,191.583866
1766061297.134387,123.962,1.0,191.583866
1766061297.8439455,123.962,1.0,191.583866
1766061298.4193048,123.975,1.0,191.583866
1766061298.9948156,123.976,1.0,191.583866
1766061301.64399,123.962,1.0,191.583866
1766061302.2194052,123.962,1.0,191.583866
1766061302.7982333,123.962,1.0,191.583866
1766061303.3751955,123.968,1.0,191.583866
1766061303.9530802,123.968,1.0,191.583866
1766061304.5292907,123.962,1.0,191.583866
1766061305.2432554,123.962,1.0,191.583866
1766061305.8172112,123.958,1.0,191.583866
1766061306.527591,123.961,1.0,191.583866
1766061307.1860209,123.949,1.0,191.596866
1766061309.8402975,123.947,1.0,191.596866
1766061310.5557501,123.94,1.0,191.596866
1766061311.132562,123.927,1.0,191.596866
1766061311.7082496,123.925,1.0,191.596866
1766061312.284692,123.952,1.0,191.596866
1766061312.8630838,123.952,1.0,191.596866
1766061313.439205,123.945,1.0,191.596866
1766061314.1495934,123.934,1.0,191.596866
1766061314.8612044,123.934,1.0,191.596866
1766061315.4352317,123.934,1.0,191.596866
1766061316.14387,123.932,1.0,191.596866
1766061316.7202747,123.932,1.0,191.596866
1766061317.3698106,123.939,1.0,191.596866
1766061317.9471595,123.943,1.0,191.596866
1766061318.5499692,123.949,1.0,191.596866
1766061321.2010732,123.977,1.0,191.596866
1766061321.7776048,123.977,1.0,191.596866
1766061322.352884,123.977,1.0,191.596866
1766061323.0624034,123.984,1.0,191.596866
1766061323.773875,123.99,1.0,191.596866
1766061324.3504293,124.007,1.0,191.596866
1766061324.9261086,124.002,1.0,191.596866
1766061325.5034592,124.002,1.0,191.596866
1766061326.078876,123.994,1.0,191.596866
1766061326.6528614,123.987,1.0,191.596866
1766061327.2318716,123.979,1.0,191.596866
1766061327.8824172,123.987,1.0,191.596866
1766061328.5942993,123.99,1.0,191.596866
1766061329.1694205,124.004,1.0,191.596866
1766061329.7437758,124.004,1.0,191.596866
1766061330.4538875,123.998,1.0,191.596866
1766061333.1076214,124.0,1.0,191.596866
1766061333.683451,124.01,1.0,191.596866
1766061334.2621143,124.022,1.0,191.596866
1766061334.8357038,124.022,1.0,191.596866
1766061335.4122627,124.012,1.0,191.596866
1766061335.986685,124.014,1.0,191.596866
1766061336.563503,124.014,1.0,191.596866
1766061337.1397,124.005,1.0,191.596866
1766061337.715171,124.014,1.0,191.596866
1766061338.4992218,124.013,1.0,191.596866
1766061339.0792992,124.024,1.0,191.596866
1766061339.6553524,124.024,1.0,191.596866
1766061340.2305655,124.025,1.0,191.596866
1766061342.8815532,124.008,1.0,191.596866
1766061343.4660072,124.007,1.0,191.596866
1766061344.0431097,124.014,1.0,191.596866
1766061344.6199763,124.016,1.0,191.596866
1766061345.1948798,124.016,1.0,191.596866
1766061345.7699668,124.019,1.0,191.596866
1766061346.4782064,124.015,1.0,191.596866
1766061347.0530188,124.009,1.0,191.596866
1766061347.7645411,124.021,1.0,191.596866
1766061348.3397183,124.019,1.0,191.596866
1766061349.268022,124.021,1.0,191.64086600000002
1766061349.9779906,124.018,1.0,191.64086600000002
1766061352.6295874,124.03,1.0,191.64086600000002
1766061353.205549,124.03,1.0,191.64086600000002
1766061353.7812133,124.035,1.0,191.64086600000002
1766061354.3572445,124.041,1.0,191.64086600000002
1766061355.1180158,124.042,1.0,191.64086600000002
1766061355.6962633,124.042,1.0,191.64086600000002
1766061356.27262,124.042,1.0,191.64086600000002
1766061356.8483663,124.042,1.0,191.64086600000002
1766061357.4254766,124.042,1.0,191.64086600000002
1766061358.0045753,124.042,1.0,191.64086600000002
1766061358.5800965,124.008,1.0,191.64086600000002
1766061359.2346637,124.018,1.0,191.64086600000002
1766061359.8119597,124.018,1.0,191.64086600000002
1766061362.473184,124.058,1.0,191.64086600000002
1766061363.0509582,124.062,1.0,191.64086600000002
1766061363.6255558,124.062,1.0,191.64086600000002
1766061364.2018855,124.056,1.0,191.64086600000002
1766061364.7812426,124.056,1.0,191.64086600000002
1766061365.3558354,124.057,1.0,191.64086600000002
1766061365.9327998,124.062,1.0,191.64086600000002
1766061366.5079112,124.063,1.0,191.64086600000002
1766061367.0838466,124.064,1.0,191.64086600000002
1766061367.6615522,124.064,1.0,191.64086600000002
1766061368.2383134,124.053,1.0,191.64086600000002
1766061370.2044334,124.065,1.0,191.64086600000002
1766061370.866438,124.059,1.0,191.684866
1766061371.4413455,124.043,1.0,191.684866
1766061372.0192754,124.043,1.0,191.684866
1766061372.5975587,124.018,1.0,191.684866
1766061375.252438,124.04,1.0,191.684866
1766061375.8289793,124.024,1.0,191.684866
1766061376.404164,124.023,1.0,191.684866
1766061377.1152728,124.023,1.0,191.684866
1766061377.694491,124.028,1.0,191.684866
1766061378.2686431,124.029,1.0,191.684866
1766061378.8437033,124.023,1.0,191.684866
1766061379.4210303,124.029,1.0,191.684866
1766061379.9978385,124.028,1.0,191.684866
1766061380.5725126,124.037,1.0,191.684866
1766061381.2204282,124.041,1.0,191.684866
1766061381.7978828,124.042,1.0,191.684866
1766061382.3760448,124.057,1.0,191.684866
1766061382.9513319,124.057,1.0,191.684866
1766061385.6043603,124.085,1.0,191.684866
1766061386.1871014,124.165,1.0,191.684866
1766061386.7621567,124.148,1.0,191.684866
1766061387.4696836,124.148,1.0,191.684866
1766061388.0452776,124.148,1.0,191.684866
1766061388.621754,124.143,1.0,191.684866
1766061389.1987743,124.1,1.0,191.684866
1766061389.7735243,124.089,1.0,191.684866
1766061390.3507478,124.089,1.0,191.684866
1766061390.9258718,124.085,1.0,191.684866
1766061391.7112803,124.085,1.0,191.684866
1766061392.293813,124.104,1.0,191.684866
1766061392.8698378,124.11,1.0,191.684866
1766061393.445301,124.11,1.0,191.684866
1766061396.228789,124.088,1.0,191.684866
1766061396.8050985,124.088,1.0,191.684866
1766061397.3813207,124.093,1.0,191.684866
1766061397.959046,124.089,1.0,191.684866
1766061398.5330334,124.08,1.0,191.684866
1766061399.2473972,124.073,1.0,191.684866
1766061399.8229527,124.073,1.0,191.684866
1766061400.4048123,124.056,1.0,191.684866
1766061400.9814148,124.056,1.0,191.684866
1766061403.7176037,124.042,1.0,191.69986600000001
1766061404.3064156,124.043,1.0,191.69986600000001
1766061404.8809988,124.054,1.0,191.69986600000001
1766061405.4572482,124.058,1.0,191.69986600000001
1766061406.03281,124.058,1.0,191.69986600000001
1766061406.6341505,124.058,1.0,191.69986600000001
1766061407.2112274,124.058,1.0,191.69986600000001
1766061407.7872398,124.06,1.0,191.69986600000001
1766061408.3633962,124.075,1.0,191.69986600000001
1766061408.939575,124.08,1.0,191.69986600000001
1766061409.5133154,124.08,1.0,191.69986600000001
1766061410.0883923,124.08,1.0,191.69986600000001
1766061412.7378013,124.097,1.0,191.69986600000001
1766061413.3972695,124.09,1.0,191.700866
1766061413.9714048,124.09,1.0,191.700866
1766061414.548736,124.09,1.0,191.700866
1766061415.12878,124.103,1.0,191.700866
1766061415.7073324,124.106,1.0,191.700866
1766061416.2827637,124.099,1.0,191.700866
1766061416.9905822,124.123,1.0,191.700866
1766061417.5699544,124.123,1.0,191.700866
1766061420.2208512,124.124,1.0,191.700866
1766061420.798556,124.114,1.0,191.700866
1766061421.3739736,124.115,1.0,191.700866
1766061421.9510903,124.115,1.0,191.700866
1766061422.5293093,124.115,1.0,191.700866
1766061423.1064966,124.103,1.0,191.700866
1766061423.7646863,124.105,1.0,191.738866
1766061424.339168,124.105,1.0,191.738866
1766061425.0494683,124.13,1.0,191.738866
1766061425.759214,124.14,1.0,191.738866
1766061428.4155328,124.217,1.0,191.738866
1766061428.9966178,124.208,1.0,191.738866
1766061429.5738492,124.185,1.0,191.738866
1766061430.1569164,124.185,1.0,191.738866
1766061430.7329648,124.155,1.0,191.738866
1766061431.3098578,124.154,1.0,191.738866
1766061431.8895862,124.154,1.0,191.738866
1766061432.6104527,124.165,1.0,191.738866
1766061433.3229287,124.223,1.0,191.738866
1766061433.980767,124.225,1.0,191.810866
1766061436.6407435,124.208,1.0,191.810866
1766061437.21988,124.215,1.0,191.810866
1766061437.7941668,124.215,1.0,191.810866
1766061438.3678713,124.206,1.0,191.810866
1766061438.9435422,124.206,1.0,191.810866
1766061439.521274,124.224,1.0,191.810866
1766061440.2351437,124.224,1.0,191.810866
1766061440.8105638,124.224,1.0,191.810866
1766061441.3864427,124.195,1.0,191.810866
1766061441.962913,124.189,1.0,191.810866
1766061442.5394742,124.204,1.0,191.810866
1766061443.2502751,124.225,1.0,191.810866
1766061443.8288617,124.225,1.0,191.810866
1766061444.4811244,124.215,1.0,191.810866
1766061447.137872,124.226,1.0,191.810866
1766061447.8469162,124.232,1.0,191.810866
1766061448.5634174,124.234,1.0,191.810866
1766061449.27603,124.266,1.0,191.810866
1766061449.8526754,124.236,1.0,191.810866
1766061450.4277854,124.238,1.0,191.810866
1766061451.002518,124.25,1.0,191.810866
1766061451.5771565,124.25,1.0,191.810866
1766061452.1538148,124.264,1.0,191.810866
1766061452.729718,124.281,1.0,191.810866
1766061453.4396534,124.274,1.0,191.810866
1766061454.0157876,124.27,1.0,191.810866
1766061454.6805782,124.262,1.0,191.810866
1766061455.2672274,124.253,1.0,191.810866
1766061455.8449209,124.241,1.0,191.810866
1766061458.665691,124.231,1.0,191.810866
1766061459.284935,124.231,1.0,191.810866
1766061459.8659382,124.231,1.0,191.810866
1766061460.4415393,124.235,1.0,191.810866
1766061461.0174334,124.228,1.0,191.810866
1766061461.595862,124.237,1.0,191.810866
1766061462.16993,124.209,1.0,191.810866
1766061462.7475805,124.207,1.0,191.810866
1766061463.3248084,124.182,1.0,191.810866
1766061463.9057386,124.209,1.0,191.810866
1766061464.480222,124.21,1.0,191.810866
1766061465.2675374,124.187,1.0,191.810866
1766061465.8439116,124.187,1.0,191.810866
1766061466.4204311,124.187,1.0,191.810866
1766061467.0000675,124.169,1.0,191.810866
1766061469.789531,124.178,1.0,191.810866
1766061470.368615,124.169,1.0,191.810866
1766061470.9546106,124.17,1.0,191.810866
1766061471.5309422,124.17,1.0,191.810866
1766061472.1073055,124.174,1.0,191.810866
1766061472.6859787,124.165,1.0,191.810866
1766061473.2615716,124.157,1.0,191.810866
1766061473.8411276,124.157,1.0,191.810866
1766061474.4190502,124.157,1.0,191.810866
1766061474.9954488,124.157,1.0,191.810866
1766061475.644504,124.165,1.0,191.810866
1766061476.223244,124.165,1.0,191.810866
1766061476.7997527,124.146,1.0,191.810866
1766061479.5918686,124.183,1.0,191.810866
1766061480.1695268,124.181,1.0,191.810866
1766061480.7472,124.184,1.0,191.810866
1766061481.4638264,124.218,1.0,191.810866
1766061482.03916,124.225,1.0,191.810866
1766061482.6172237,124.227,1.0,191.810866
1766061483.330076,124.215,1.0,191.810866
1766061483.90596,124.245,1.0,191.810866
1766061484.4802012,124.246,1.0,191.810866
1766061485.057187,124.249,1.0,191.810866
1766061485.8910286,124.256,1.0,191.84886600000002
1766061486.4714787,124.248,1.0,191.84886600000002
1766061489.12552,124.271,1.0,191.84886600000002
1766061489.7009308,124.271,1.0,191.84886600000002
1766061490.276457,124.271,1.0,191.84886600000002
1766061490.855662,124.277,1.0,191.84886600000002
1766061491.4311228,124.273,1.0,191.84886600000002
1766061492.0075798,124.276,1.0,191.84886600000002
1766061492.5844383,124.276,1.0,191.84886600000002
1766061493.1657634,124.276,1.0,191.84886600000002
1766061493.7425728,124.276,1.0,191.84886600000002
1766061494.3204594,124.272,1.0,191.84886600000002
1766061494.8971577,124.264,1.0,191.84886600000002
1766061495.61018,124.239,1.0,191.84886600000002
1766061496.2733905,124.242,1.0,191.84886600000002
1766061498.9293709,124.232,1.0,191.84886600000002
1766061499.5055907,124.252,1.0,191.84886600000002
1766061500.0822792,124.249,1.0,191.84886600000002
1766061500.657692,124.252,1.0,191.84886600000002
1766061501.2354224,124.252,1.0,191.84886600000002
1766061501.811661,124.248,1.0,191.84886600000002
1766061502.3877826,124.248,1.0,191.84886600000002
1766061502.9626749,124.248,1.0,191.84886600000002
1766061503.5374126,124.253,1.0,191.84886600000002
1766061504.1124399,124.238,1.0,191.84886600000002
1766061504.6892297,124.238,1.0,191.84886600000002
1766061505.2685513,124.234,1.0,191.84886600000002
1766061507.9317622,124.254,1.0,191.84886600000002
1766061508.593451,124.255,1.0,191.875866
1766061509.173887,124.237,1.0,191.875866
1766061509.7510052,124.237,1.0,191.875866
1766061510.3290737,124.234,1.0,191.875866
1766061510.9040313,124.233,1.0,191.875866
1766061511.4799287,124.215,1.0,191.875866
1766061512.0576165,124.196,1.0,191.875866
1766061514.711371,124.177,1.0,191.875866
1766061515.302701,124.16,1.0,191.875866
1766061516.0206447,124.175,1.0,191.875866
1766061516.6021688,124.183,1.0,191.875866
1766061517.1795478,124.186,1.0,191.875866
1766061517.888548,124.176,1.0,191.875866
1766061518.4683979,124.189,1.0,191.875866
1766061519.2762074,124.217,1.0,191.79586600000002
1766061519.8503926,124.218,1.0,191.79586600000002
1766061520.452786,124.222,1.0,191.79586600000002
1766061521.0312326,124.217,1.0,191.79586600000002
1766061523.7048063,124.218,1.0,191.79586600000002
1766061524.3086967,124.213,1.0,191.79586600000002
1766061524.884678,124.213,1.0,191.79586600000002
1766061525.463607,124.208,1.0,191.79586600000002
1766061526.043896,124.206,1.0,191.79586600000002
1766061526.624421,124.208,1.0,191.79586600000002
1766061527.3351688,124.206,1.0,191.79586600000002
1766061527.9202483,124.204,1.0,191.79586600000002
1766061528.6298685,124.204,1.0,191.79586600000002
1766061529.2953687,124.208,1.0,191.82486600000001
1766061531.950478,124.235,1.0,191.82486600000001
1766061532.532387,124.238,1.0,191.82486600000001
1766061533.1112883,124.238,1.0,191.82486600000001
1766061533.686753,124.238,1.0,191.82486600000001
1766061534.2648885,124.225,1.0,191.82486600000001
1766061534.8438737,124.225,1.0,191.82486600000001
1766061535.4219751,124.225,1.0,191.82486600000001
1766061535.9967508,124.224,1.0,191.82486600000001
1766061536.5723557,124.228,1.0,191.82486600000001
1766061537.1499372,124.228,1.0,191.82486600000001
1766061537.7248573,124.229,1.0,191.82486600000001
1766061538.3021228,124.232,1.0,191.82486600000001
1766061539.0185926,124.232,1.0,191.82486600000001
1766061541.753635,124.195,1.0,191.82486600000001
1766061542.4651048,124.19,1.0,191.82486600000001
1766061543.1775844,124.193,1.0,191.82486600000001
1766061543.7543259,124.193,1.0,191.82486600000001
1766061544.4691138,124.186,1.0,191.82486600000001
1766061545.0497139,124.186,1.0,191.82486600000001
1766061545.7595851,124.186,1.0,191.82486600000001
1766061546.3365366,124.196,1.0,191.82486600000001
1766061546.911603,124.196,1.0,191.82486600000001
1766061547.4880204,124.193,1.0,191.82486600000001
1766061548.0670133,124.215,1.0,191.82486600000001
1766061548.647614,124.246,1.0,191.82486600000001
1766061549.2241662,124.256,1.0,191.82486600000001
1766061549.921286,124.256,1.0,191.82486600000001
1766061550.4987655,124.256,1.0,191.82486600000001
1766061551.2161717,124.27,1.0,191.82486600000001
1766061551.9276075,124.286,1.0,191.82486600000001
1766061552.504402,124.29,1.0,191.82486600000001
1766061555.1584167,124.362,1.0,191.82486600000001
1766061555.7415822,124.33,1.0,191.82486600000001
1766061556.3201573,124.34,1.0,191.82486600000001
1766061557.0343544,124.34,1.0,191.82486600000001
1766061557.6173081,124.338,1.0,191.82486600000001
1766061558.1921148,124.33,1.0,191.82486600000001
1766061558.770039,124.33,1.0,191.82486600000001
1766061559.3461182,124.31,1.0,191.82486600000001
1766061560.007178,124.31,1.0,191.941866
1766061562.6673052,124.311,1.0,191.941866
1766061563.2422416,124.304,1.0,191.941866
1766061563.81692,124.304,1.0,191.941866
1766061564.3920512,124.339,1.0,191.941866
1766061564.968311,124.34,1.0,191.941866
1766061565.547165,124.344,1.0,191.941866
1766061566.2567265,124.349,1.0,191.941866
1766061566.8382342,124.355,1.0,191.941866
1766061567.42539,124.367,1.0,191.941866
1766061568.0150623,124.367,1.0,191.941866
1766061568.588945,124.368,1.0,191.941866
1766061569.1661932,124.367,1.0,191.941866
1766061569.7467325,124.399,1.0,191.941866
1766061572.4781785,124.417,1.0,191.941866
1766061573.1922977,124.411,1.0,191.941866
1766061573.7733881,124.414,1.0,191.941866
1766061574.3496466,124.402,1.0,191.941866
1766061574.9272387,124.402,1.0,191.941866
1766061575.5017436,124.408,1.0,191.941866
1766061576.0769672,124.417,1.0,191.941866
1766061576.6535,124.418,1.0,191.941866
1766061577.2551575,124.417,1.0,191.941866
1766061577.967276,124.415,1.0,191.941866
1766061578.542038,124.394,1.0,191.941866
1766061579.1204736,124.408,1.0,191.941866
1766061579.6986437,124.409,1.0,191.941866
1766061580.2759566,124.417,1.0,191.941866
1766061581.0638137,124.407,1.0,191.941866
1766061583.7256148,124.326,1.0,191.941866
1766061584.3002079,124.316,1.0,191.941866
1766061584.8772442,124.302,1.0,191.941866
1766061585.4569113,124.298,1.0,191.941866
1766061586.032428,124.312,1.0,191.941866
1766061586.6087406,124.312,1.0,191.941866
1766061587.1847527,124.316,1.0,191.941866
1766061587.763042,124.324,1.0,191.941866
1766061588.3383708,124.323,1.0,191.941866
1766061589.050771,124.322,1.0,191.941866
1766061589.671106,124.325,1.0,191.941866
1766061590.39538,124.316,1.0,191.941866
1766061590.9715815,124.316,1.0,191.941866
1766061591.7586892,124.329,1.0,191.941866
1766061592.335058,124.33,1.0,191.941866
1766061594.9972234,124.353,1.0,191.941866
1766061595.5766451,124.344,1.0,191.941866
1766061596.1555161,124.344,1.0,191.941866
1766061596.7316024,124.349,1.0,191.941866
1766061597.3078413,124.344,1.0,191.941866
1766061597.883061,124.344,1.0,191.941866
1766061598.4610183,124.344,1.0,191.941866
1766061599.0382676,124.344,1.0,191.941866
1766061599.6142037,124.344,1.0,191.941866
1766061600.1896372,124.34,1.0,191.941866
1766061600.7685707,124.347,1.0,191.941866
1766061601.3514626,124.347,1.0,191.941866
1766061602.1435223,124.362,1.0,191.941866
1766061602.7276077,124.378,1.0,191.941866
1766061605.3899574,124.351,1.0,191.941866
1766061605.9700482,124.351,1.0,191.941866
1766061606.5451574,124.351,1.0,191.941866
1766061607.1231186,124.348,1.0,191.941866
1766061607.700501,124.337,1.0,191.941866
1766061608.2759306,124.339,1.0,191.941866
1766061608.852461,124.348,1.0,191.941866
1766061609.5767653,124.356,1.0,191.941866
1766061610.286256,124.379,1.0,191.941866
1766061610.8644843,124.382,1.0,191.941866
1766061611.4412005,124.389,1.0,191.941866
1766061612.2256448,124.398,1.0,191.941866
1766061612.9375818,124.399,1.0,191.941866
1766061613.648412,124.393,1.0,191.941866
1766061614.3620808,124.392,1.0,191.941866
1766061614.9405277,124.398,1.0,191.941866
1766061615.5180318,124.398,1.0,191.941866
1766061618.1753602,124.408,1.0,191.941866
1766061618.7532504,124.42,1.0,191.941866
1766061619.3329632,124.42,1.0,191.941866
1766061619.9105384,124.42,1.0,191.941866
1766061620.5002964,124.415,1.0,191.941866
1766061621.0787454,124.409,1.0,191.941866
1766061621.7981327,124.405,1.0,191.941866
1766061622.4642012,124.4,1.0,192.02186600000002
1766061623.0440328,124.401,1.0,192.02186600000002
1766061625.838767,124.424,1.0,192.02186600000002
1766061626.414713,124.412,1.0,192.02186600000002
1766061626.9947217,124.417,1.0,192.02186600000002
1766061627.5735302,124.417,1.0,192.02186600000002
1766061628.150742,124.423,1.0,192.02186600000002
1766061628.7276804,124.423,1.0,192.02186600000002
1766061629.3095899,124.425,1.0,192.02186600000002
1766061629.8867157,124.425,1.0,192.02186600000002
1766061630.4633036,124.425,1.0,192.02186600000002
1766061631.0488372,124.453,1.0,192.02186600000002
1766061631.6298552,124.46,1.0,192.02186600000002
1766061632.208138,124.437,1.0,192.02186600000002
1766061632.8655736,124.437,1.0,192.02186600000002
1766061633.446894,124.419,1.0,192.02186600000002
1766061636.1023908,124.419,1.0,192.02186600000002
1766061636.68414,124.419,1.0,192.02186600000002
1766061637.2652092,124.42,1.0,192.02186600000002
1766061637.981444,124.414,1.0,192.02186600000002
1766061638.559661,124.409,1.0,192.02186600000002
1766061639.1350336,124.409,1.0,192.02186600000002
1766061639.7173564,124.412,1.0,192.02186600000002
1766061640.293246,124.407,1.0,192.02186600000002
1766061640.8740742,124.407,1.0,192.02186600000002
1766061641.4575412,124.425,1.0,192.02186600000002
1766061642.0366645,124.424,1.0,192.02186600000002
1766061642.6141899,124.421,1.0,192.02186600000002
1766061643.266296,124.425,1.0,192.02186600000002
1766061645.9218876,124.412,1.0,192.02186600000002
1766061646.6344995,124.38,1.0,192.02186600000002
1766061647.2140174,124.338,1.0,192.02186600000002
1766061647.7904742,124.324,1.0,192.02186600000002
1766061648.3661807,124.332,1.0,192.02186600000002
1766061648.9426537,124.332,1.0,192.02186600000002
1766061649.563858,124.333,1.0,192.02186600000002
1766061650.1384673,124.337,1.0,192.02186600000002
1766061650.7149305,124.337,1.0,192.02186600000002
1766061651.3054214,124.337,1.0,192.02186600000002
1766061652.0173967,124.335,1.0,192.02186600000002
1766061652.5964568,124.335,1.0,192.02186600000002
1766061653.176907,124.335,1.0,192.02186600000002
1766061653.9622245,124.325,1.0,192.02186600000002
1766061654.5370176,124.329,1.0,192.02186600000002
1766061657.1902704,124.324,1.0,192.02186600000002
1766061657.766086,124.324,1.0,192.02186600000002
1766061658.477252,124.324,1.0,192.02186600000002
1766061659.054705,124.324,1.0,192.02186600000002
1766061659.6741123,124.324,1.0,192.02186600000002
1766061660.2497845,124.308,1.0,192.02186600000002
1766061660.9599369,124.297,1.0,192.02186600000002
1766061661.541474,124.283,1.0,192.02186600000002
1766061662.2905588,124.291,1.0,192.02186600000002
1766061663.0009966,124.302,1.0,192.02186600000002
1766061663.5753536,124.293,1.0,192.02186600000002
1766061664.3695207,124.298,1.0,191.913866
1766061664.9461384,124.292,1.0,191.913866
1766061667.5963964,124.291,1.0,191.913866
1766061668.1754718,124.289,1.0,191.913866
1766061668.7553954,124.286,1.0,191.913866
1766061670.6944804,124.281,1.0,191.913866
1766061671.4042728,124.281,1.0,191.913866
1766061671.9792607,124.282,1.0,191.913866
1766061672.5562892,124.283,1.0,191.913866
1766061673.1310925,124.279,1.0,191.913866
1766061673.8396215,124.279,1.0,191.913866
1766061674.6342106,124.285,1.0,191.90286600000002
1766061675.2091913,124.307,1.0,191.90286600000002
1766061675.7846692,124.307,1.0,191.90286600000002
1766061676.3607156,124.301,1.0,191.90286600000002
1766061676.9374557,124.307,1.0,191.90286600000002
1766061677.6450608,124.311,1.0,191.90286600000002
1766061678.2228923,124.326,1.0,191.90286600000002
1766061678.8059528,124.326,1.0,191.90286600000002
1766061679.3842375,124.309,1.0,191.90286600000002
1766061680.0951176,124.307,1.0,191.90286600000002
1766061682.749074,124.289,1.0,191.90286600000002
1766061683.3239949,124.293,1.0,191.90286600000002
1766061683.8998275,124.303,1.0,191.90286600000002
1766061684.5576265,124.294,1.0,191.919866
1766061685.1420066,124.292,1.0,191.919866
1766061685.8524115,124.292,1.0,191.919866
1766061686.4302468,124.289,1.0,191.919866
1766061687.0052524,124.289,1.0,191.919866
1766061687.5836604,124.291,1.0,191.919866
1766061690.2369273,124.273,1.0,191.919866
1766061690.815088,124.273,1.0,191.919866
1766061691.3915153,124.275,1.0,191.919866
1766061691.9672222,124.275,1.0,191.919866
1766061692.5435932,124.275,1.0,191.919866
1766061693.1410682,124.275,1.0,191.919866
1766061693.7188103,124.276,1.0,191.919866
1766061694.2942317,124.275,1.0,191.919866
1766061695.09543,124.289,1.0,191.89686600000002
1766061697.7518253,124.323,1.0,191.89686600000002
1766061698.3285494,124.312,1.0,191.89686600000002
1766061698.9035122,124.299,1.0,191.89686600000002
1766061699.4869773,124.3,1.0,191.89686600000002
1766061700.0619001,124.299,1.0,191.89686600000002
1766061700.635714,124.313,1.0,191.89686600000002
1766061701.3455625,124.332,1.0,191.89686600000002
1766061701.9231832,124.353,1.0,191.89686600000002
1766061702.5009372,124.334,1.0,191.89686600000002
1766061703.215585,124.334,1.0,191.89686600000002
1766061703.791048,124.334,1.0,191.89686600000002
1766061704.5024626,124.345,1.0,191.89686600000002
1766061707.366704,124.325,1.0,191.958866
1766061707.94893,124.325,1.0,191.958866
1766061708.5247016,124.322,1.0,191.958866
1766061709.1003578,124.332,1.0,191.958866
1766061709.8118715,124.333,1.0,191.958866
1766061710.3904545,124.328,1.0,191.958866
1766061710.9655695,124.328,1.0,191.958866
1766061711.540791,124.328,1.0,191.958866
1766061712.115069,124.328,1.0,191.958866
1766061712.6903024,124.338,1.0,191.958866
1766061713.2674644,124.338,1.0,191.958866
1766061713.8420498,124.334,1.0,191.958866
1766061716.4903276,124.354,1.0,191.958866
1766061717.1518745,124.347,1.0,191.965866
1766061717.7277887,124.349,1.0,191.965866
1766061718.3049965,124.349,1.0,191.965866
1766061718.880595,124.351,1.0,191.965866
1766061719.4553869,124.351,1.0,191.965866
1766061720.035049,124.345,1.0,191.965866
1766061720.6145303,124.345,1.0,191.965866
1766061721.191009,124.345,1.0,191.965866
1766061723.9849477,124.314,1.0,191.965866
1766061724.5632634,124.315,1.0,191.965866
1766061725.160015,124.296,1.0,191.965866
1766061725.7432997,124.296,1.0,191.965866
1766061726.321752,124.295,1.0,191.965866
1766061726.8987541,124.295,1.0,191.965866
1766061727.7140386,124.314,1.0,191.923866
1766061728.2926881,124.366,1.0,191.923866
1766061728.8690412,124.359,1.0,191.923866
1766061729.4454844,124.357,1.0,191.923866
1766061732.1166556,124.386,1.0,191.923866
1766061732.6989474,124.393,1.0,191.923866
1766061733.2755136,124.392,1.0,191.923866
1766061733.8495314,124.392,1.0,191.923866
1766061734.4721456,124.392,1.0,191.923866
1766061735.0482183,124.406,1.0,191.923866
1766061735.782981,124.399,1.0,191.923866
1766061736.4921043,124.405,1.0,191.923866
1766061737.075946,124.385,1.0,191.923866
1766061737.7339234,124.38,1.0,192.013866
1766061740.4372022,124.394,1.0,192.013866
1766061741.0286787,124.391,1.0,192.013866
1766061741.7461412,124.395,1.0,192.013866
1766061742.3223097,124.402,1.0,192.013866
1766061742.9007797,124.402,1.0,192.013866
1766061743.4772508,124.395,1.0,192.013866
1766061744.0551002,124.389,1.0,192.013866
1766061744.6337056,124.389,1.0,192.013866
1766061745.2084286,124.389,1.0,192.013866
1766061745.9218278,124.387,1.0,192.013866
1766061746.6375034,124.392,1.0,192.013866
1766061747.2357876,124.396,1.0,192.013866
1766061747.889935,124.407,1.0,192.013866
1766061748.463207,124.405,1.0,192.013866
1766061749.0392067,124.404,1.0,192.013866
1766061751.7006037,124.398,1.0,192.013866
1766061752.2783484,124.405,1.0,192.013866
1766061752.8624532,124.405,1.0,192.013866
1766061753.4444416,124.398,1.0,192.013866
1766061754.019087,124.398,1.0,192.013866
1766061754.5981307,124.408,1.0,192.013866
1766061755.1743999,124.411,1.0,192.013866
1766061755.7533345,124.411,1.0,192.013866
1766061756.4657466,124.408,1.0,192.013866
1766061757.0428088,124.415,1.0,192.013866
1766061757.6216688,124.406,1.0,192.013866
1766061758.4106278,124.405,1.0,192.013866
1766061758.986717,124.4,1.0,192.013866
1766061759.5642056,124.4,1.0,192.013866
1766061762.2200544,124.397,1.0,192.013866
1766061762.8287084,124.398,1.0,192.013866
1766061763.4068863,124.434,1.0,192.013866
1766061763.9852655,124.41,1.0,192.013866
1766061764.5616746,124.402,1.0,192.013866
1766061765.137908,124.393,1.0,192.013866
1766061765.7130585,124.394,1.0,192.013866
1766061766.3098836,124.394,1.0,192.013866
1766061766.8862844,124.394,1.0,192.013866
1766061767.462588,124.403,1.0,192.013866
1766061768.1771586,124.394,1.0,192.013866
1766061768.8300188,124.394,1.0,192.013866
1766061769.4061046,124.409,1.0,192.013866
1766061769.982081,124.409,1.0,192.013866
1766061772.6378422,124.399,1.0,192.013866
1766061773.2144058,124.408,1.0,192.013866
1766061773.7875614,124.409,1.0,192.013866
1766061774.365288,124.403,1.0,192.013866
1766061774.94062,124.405,1.0,192.013866
1766061775.6497443,124.408,1.0,192.013866
1766061776.224844,124.408,1.0,192.013866
1766061776.9370072,124.416,1.0,192.013866
1766061777.5125384,124.415,1.0,192.013866
1766061778.0898285,124.415,1.0,192.013866
1766061778.7456708,124.415,1.0,192.013866
1766061779.3205533,124.415,1.0,192.013866
1766061779.8946192,124.415,1.0,192.013866
1766061780.473415,124.416,1.0,192.013866
1766061783.1247315,124.402,1.0,192.013866
1766061783.708623,124.402,1.0,192.013866
1766061784.294649,124.406,1.0,192.013866
1766061784.86984,124.403,1.0,192.013866
1766061785.586379,124.397,1.0,192.013866
1766061786.162766,124.397,1.0,192.013866
1766061786.8858225,124.397,1.0,192.013866
1766061787.4594846,124.397,1.0,192.013866
1766061788.0344598,124.407,1.0,192.013866
1766061788.7452264,124.398,1.0,192.013866
1766061791.490914,124.398,1.0,192.023866
1766061792.2027829,124.414,1.0,192.023866
1766061792.7811642,124.414,1.0,192.023866
1766061793.3551307,124.414,1.0,192.023866
1766061793.929466,124.415,1.0,192.023866
1766061794.505776,124.394,1.0,192.023866
1766061795.229496,124.395,1.0,192.023866
1766061795.8270414,124.396,1.0,192.023866
1766061796.4026325,124.402,1.0,192.023866
1766061796.9782364,124.402,1.0,192.023866
1766061797.5541878,124.404,1.0,192.023866
1766061798.1303427,124.398,1.0,192.023866
1766061798.706558,124.398,1.0,192.023866
1766061799.3574405,124.403,1.0,192.023866
1766061799.9348695,124.403,1.0,192.023866
1766061802.7241657,124.409,1.0,192.023866
1766061803.302441,124.402,1.0,192.023866
1766061803.8794112,124.408,1.0,192.023866
1766061804.4593039,124.402,1.0,192.023866
1766061805.0362,124.403,1.0,192.023866
1766061805.6135077,124.403,1.0,192.023866
1766061806.1885777,124.405,1.0,192.023866
1766061806.9051235,124.406,1.0,192.023866
1766061807.6158738,124.398,1.0,192.023866
1766061808.2093318,124.396,1.0,192.023866
1766061808.788357,124.396,1.0,192.023866
1766061809.5754,124.397,1.0,192.023866
1766061810.158557,124.397,1.0,192.023866
1766061810.7352414,124.397,1.0,192.023866
1766061811.312911,124.406,1.0,192.023866
1766061813.965697,124.406,1.0,192.023866
1766061814.6761148,124.412,1.0,192.023866
1766061815.2516797,124.431,1.0,192.023866
1766061815.8258905,124.431,1.0,192.023866
1766061816.5355327,124.438,1.0,192.023866
1766061817.1110754,124.43,1.0,192.023866
1766061817.6871583,124.43,1.0,192.023866
1766061818.263167,124.429,1.0,192.023866
1766061818.8384116,124.429,1.0,192.023866
1766061819.5004337,124.429,1.0,192.04586600000002
1766061822.1538532,124.43,1.0,192.04586600000002
1766061822.8631785,124.44,1.0,192.04586600000002
1766061823.4407828,124.412,1.0,192.04586600000002
1766061824.0176492,124.404,1.0,192.04586600000002
1766061824.59935,124.404,1.0,192.04586600000002
1766061825.1748245,124.406,1.0,192.04586600000002
1766061825.7540321,124.407,1.0,192.04586600000002
1766061826.4655714,124.407,1.0,192.04586600000002
1766061827.0418549,124.373,1.0,192.04586600000002
1766061827.6164849,124.376,1.0,192.04586600000002
1766061828.1910136,124.371,1.0,192.04586600000002
1766061828.766932,124.383,1.0,192.04586600000002
1766061829.3429587,124.383,1.0,192.04586600000002
1766061829.9951828,124.404,1.0,192.04586600000002
1766061832.6480033,124.371,1.0,192.04586600000002
1766061833.2246583,124.389,1.0,192.04586600000002
1766061833.8020797,124.39,1.0,192.04586600000002
1766061834.3778002,124.39,1.0,192.04586600000002
1766061834.9520042,124.378,1.0,192.04586600000002
1766061835.5353198,124.386,1.0,192.04586600000002
1766061836.1107035,124.386,1.0,192.04586600000002
1766061836.6862853,124.386,1.0,192.04586600000002
1766061837.2707682,124.39,1.0,192.04586600000002
1766061837.8476532,124.39,1.0,192.04586600000002
1766061838.4253201,124.39,1.0,192.04586600000002
1766061839.1375387,124.39,1.0,192.04586600000002
1766061839.7239974,124.391,1.0,192.04586600000002
1766061842.4516528,124.412,1.0,192.04586600000002
1766061843.0349073,124.412,1.0,192.04586600000002
1766061843.613063,124.412,1.0,192.04586600000002
1766061844.192465,124.412,1.0,192.04586600000002
1766061844.7698822,124.412,1.0,192.04586600000002
1766061845.478311,124.412,1.0,192.04586600000002
1766061846.0564783,124.412,1.0,192.04586600000002
1766061846.6306922,124.413,1.0,192.04586600000002
1766061847.2085798,124.423,1.0,192.04586600000002
1766061847.7853587,124.441,1.0,192.04586600000002
1766061848.362078,124.437,1.0,192.04586600000002
1766061848.9378276,124.437,1.0,192.04586600000002
1766061849.5144775,124.432,1.0,192.04586600000002
1766061852.1743171,124.426,1.0,192.04586600000002
1766061852.9704096,124.415,1.0,192.044866
1766061853.5479252,124.41,1.0,192.044866
1766061854.1212242,124.411,1.0,192.044866
1766061854.844364,124.411,1.0,192.044866
1766061855.4251204,124.411,1.0,192.044866
1766061856.0003033,124.412,1.0,192.044866
1766061856.5793414,124.412,1.0,192.044866
1766061857.1540444,124.422,1.0,192.044866
1766061857.73086,124.422,1.0,192.044866
1766061860.3846383,124.407,1.0,192.044866
1766061861.095218,124.409,1.0,192.044866
1766061861.6727154,124.409,1.0,192.044866
1766061862.3846545,124.401,1.0,192.044866
1766061863.0557683,124.397,1.0,192.03386600000002
1766061863.6404247,124.398,1.0,192.03386600000002
1766061864.2157683,124.395,1.0,192.03386600000002
1766061864.7909932,124.395,1.0,192.03386600000002
1766061865.3687816,124.389,1.0,192.03386600000002
1766061866.079001,124.386,1.0,192.03386600000002
1766061868.7326393,124.41,1.0,192.03386600000002
1766061869.3088098,124.398,1.0,192.03386600000002
1766061869.8867188,124.398,1.0,192.03386600000002
1766061870.4614527,124.396,1.0,192.03386600000002
1766061871.0378876,124.395,1.0,192.03386600000002
1766061871.6173246,124.396,1.0,192.03386600000002
1766061872.1917095,124.396,1.0,192.03386600000002
1766061872.766274,124.396,1.0,192.03386600000002
1766061875.5042076,124.385,1.0,192.018866
1766061876.0814588,124.358,1.0,192.018866
1766061876.6570125,124.363,1.0,192.018866
1766061877.2340906,124.358,1.0,192.018866
1766061877.8151429,124.358,1.0,192.018866
1766061878.3885846,124.357,1.0,192.018866
1766061879.1098614,124.346,1.0,192.018866
1766061879.6862504,124.346,1.0,192.018866
1766061880.2630095,124.338,1.0,192.018866
1766061880.8410532,124.338,1.0,192.018866
1766061881.4177287,124.346,1.0,192.018866
1766061881.9945226,124.346,1.0,192.018866
1766061882.5719554,124.35,1.0,192.018866
1766061885.2256525,124.343,1.0,192.018866
1766061885.8872392,124.343,1.0,191.964866
1766061886.4644198,124.343,1.0,191.964866
1766061887.0424583,124.35,1.0,191.964866
1766061887.6164086,124.35,1.0,191.964866
1766061888.1910257,124.347,1.0,191.964866
1766061888.7649767,124.347,1.0,191.964866
1766061889.3387294,124.35,1.0,191.964866
1766061891.991751,124.328,1.0,191.964866
1766061892.5657785,124.328,1.0,191.964866
1766061893.1404686,124.328,1.0,191.964866
1766061893.853263,124.328,1.0,191.964866
1766061894.4335973,124.328,1.0,191.964866
1766061895.0085368,124.328,1.0,191.964866
1766061895.5865388,124.328,1.0,191.964866
1766061896.2565916,124.328,1.0,191.940866
1766061896.833181,124.315,1.0,191.940866
1766061899.4857445,124.306,1.0,191.940866
1766061900.0621483,124.306,1.0,191.940866
1766061900.659571,124.298,1.0,191.940866
1766061901.2364872,124.323,1.0,191.940866
1766061901.8146288,124.322,1.0,191.940866
1766061902.3919528,124.332,1.0,191.940866
1766061902.9699004,124.332,1.0,191.940866
1766061903.5484712,124.333,1.0,191.940866
1766061904.1267629,124.323,1.0,191.940866
1766061904.7036185,124.333,1.0,191.940866
1766061905.2817934,124.309,1.0,191.940866
1766061905.8563123,124.297,1.0,191.940866
1766061906.5078928,124.298,1.0,191.940866
1766061909.1636283,124.302,1.0,191.940866
1766061909.7412012,124.302,1.0,191.940866
1766061910.317909,124.297,1.0,191.940866
1766061910.8950925,124.297,1.0,191.940866
1766061911.4694705,124.293,1.0,191.940866
1766061912.046738,124.301,1.0,191.940866
1766061912.621386,124.301,1.0,191.940866
1766061913.3341746,124.309,1.0,191.940866
1766061913.9119484,124.312,1.0,191.940866
1766061914.619916,124.315,1.0,191.940866
1766061915.1952472,124.295,1.0,191.940866
1766061915.7735136,124.314,1.0,191.940866
1766061916.3492281,124.322,1.0,191.940866
1766061916.997692,124.323,1.0,191.940866
1766061919.6465707,124.32,1.0,191.940866
1766061920.2239337,124.32,1.0,191.940866
1766061920.7999365,124.32,1.0,191.940866
1766061921.508405,124.318,1.0,191.940866
1766061922.0825977,124.32,1.0,191.940866
1766061922.6588778,124.308,1.0,191.940866
1766061923.2335083,124.306,1.0,191.940866
1766061923.9583416,124.305,1.0,191.940866
1766061924.534948,124.305,1.0,191.940866
1766061925.110598,124.279,1.0,191.940866
1766061925.6855333,124.278,1.0,191.940866
1766061926.259668,124.279,1.0,191.940866
1766061926.9729784,124.282,1.0,191.940866
1766061927.6243937,124.286,1.0,191.940866
1766061928.2125115,124.282,1.0,191.940866
1766061930.9982824,124.301,1.0,191.940866
1766061931.576661,124.301,1.0,191.940866
1766061932.1518626,124.3,1.0,191.940866
1766061932.7274718,124.299,1.0,191.940866
1766061933.3025994,124.3,1.0,191.940866
1766061933.8789694,124.3,1.0,191.940866
1766061934.4557545,124.3,1.0,191.940866
1766061935.0293345,124.301,1.0,191.940866
1766061935.6057703,124.301,1.0,191.940866
1766061936.180025,124.301,1.0,191.940866
1766061936.8935368,124.301,1.0,191.940866
1766061937.4694147,124.329,1.0,191.940866
1766061938.1245396,124.33,1.0,191.940866
1766061938.83344,124.325,1.0,191.940866
1766061939.5424867,124.328,1.0,191.940866
1766061942.1974838,124.341,1.0,191.940866
1766061942.7734268,124.34,1.0,191.940866
1766061943.3503435,124.341,1.0,191.940866
1766061944.059395,124.342,1.0,191.940866
1766061944.648063,124.341,1.0,191.940866
1766061945.2264798,124.331,1.0,191.940866
1766061945.8006349,124.327,1.0,191.940866
1766061946.383616,124.331,1.0,191.940866
1766061946.9613626,124.331,1.0,191.940866
1766061947.5378926,124.331,1.0,191.940866
1766061948.1897376,124.327,1.0,191.940866
1766061948.8995335,124.328,1.0,191.940866
1766061949.6078067,124.327,1.0,191.940866
1766061950.184565,124.332,1.0,191.940866
1766061950.8961945,124.332,1.0,191.940866
1766061951.4711084,124.332,1.0,191.940866
1766061954.1219234,124.311,1.0,191.940866
1766061954.6963587,124.308,1.0,191.940866
1766061955.4097738,124.299,1.0,191.940866
1766061955.9848447,124.301,1.0,191.940866
1766061956.5645113,124.308,1.0,191.940866
1766061957.1433623,124.313,1.0,191.940866
1766061957.720195,124.313,1.0,191.940866
1766061958.3891625,124.313,1.0,191.927866
1766061958.9651787,124.313,1.0,191.927866
1766061961.753113,124.33,1.0,191.927866
1766061962.329738,124.336,1.0,191.927866
1766061962.9074621,124.335,1.0,191.927866
1766061963.4810658,124.329,1.0,191.927866
1766061964.0788803,124.325,1.0,191.927866
1766061964.655914,124.311,1.0,191.927866
1766061965.3661563,124.317,1.0,191.927866
1766061965.9438963,124.317,1.0,191.927866
1766061966.520447,124.32,1.0,191.927866
1766061967.0980463,124.321,1.0,191.927866
1766061967.6730778,124.317,1.0,191.927866
1766061968.2492628,124.32,1.0,191.927866
1766061968.8999014,124.32,1.0,191.927866
1766061970.9752274,124.332,1.0,191.927866
1766061971.55406,124.332,1.0,191.927866
1766061972.130847,124.343,1.0,191.927866
1766061972.7047093,124.337,1.0,191.927866
1766061973.2792208,124.34,1.0,191.927866
1766061973.8548858,124.345,1.0,191.927866
1766061974.432808,124.305,1.0,191.927866
1766061975.0096269,124.312,1.0,191.927866
1766061975.721563,124.291,1.0,191.927866
1766061976.2973003,124.293,1.0,191.927866
1766061978.948749,124.282,1.0,191.927866
1766061979.6142414,124.277,1.0,191.897866
1766061980.1899679,124.277,1.0,191.897866
1766061980.7664993,124.272,1.0,191.897866
1766061981.4769692,124.28,1.0,191.897866
1766061982.0517225,124.281,1.0,191.897866
1766061982.6312563,124.282,1.0,191.897866
1766061983.2059648,124.296,1.0,191.897866
1766061983.783889,124.296,1.0,191.897866
1766061984.4955676,124.301,1.0,191.897866
1766061987.1509054,124.305,1.0,191.897866
1766061987.861958,124.305,1.0,191.897866
1766061988.441607,124.301,1.0,191.897866
1766061989.0190911,124.311,1.0,191.897866
1766061989.8234105,124.31,1.0,191.918866
1766061990.402147,124.311,1.0,191.918866
1766061990.9787185,124.311,1.0,191.918866
1766061991.5548508,124.311,1.0,191.918866
1766061992.131875,124.31,1.0,191.918866
1766061992.7094746,124.3,1.0,191.918866
1766061995.3641498,124.311,1.0,191.918866
1766061995.9406192,124.321,1.0,191.918866
1766061996.519308,124.296,1.0,191.918866
1766061997.0953314,124.304,1.0,191.918866
1766061997.8043513,124.3,1.0,191.918866
1766061998.3822157,124.304,1.0,191.918866
1766061998.9618173,124.288,1.0,191.918866
1766061999.539407,124.296,1.0,191.918866
1766062000.206237,124.297,1.0,191.92086600000002
1766062002.8794327,124.277,1.0,191.92086600000002
1766062003.455032,124.253,1.0,191.92086600000002
1766062004.0318494,124.236,1.0,191.92086600000002
1766062004.6085556,124.235,1.0,191.92086600000002
1766062005.1870334,124.236,1.0,191.92086600000002
1766062005.7650084,124.225,1.0,191.92086600000002
1766062006.3403862,124.232,1.0,191.92086600000002
1766062006.918578,124.236,1.0,191.92086600000002
1766062007.4936845,124.231,1.0,191.92086600000002
1766062008.0687833,124.236,1.0,191.92086600000002
1766062008.6436784,124.236,1.0,191.92086600000002
1766062009.2238567,124.236,1.0,191.92086600000002
1766062011.8894603,124.228,1.0,191.92086600000002
1766062012.6926472,124.228,1.0,191.855866
1766062013.2708292,124.228,1.0,191.855866
1766062013.9853163,124.228,1.0,191.855866
1766062014.5670114,124.214,1.0,191.855866
1766062015.1436975,124.214,1.0,191.855866
1766062015.7198644,124.214,1.0,191.855866
1766062016.2944343,124.206,1.0,191.855866
1766062016.872371,124.206,1.0,191.855866
1766062017.450106,124.206,1.0,191.855866
1766062020.104616,124.179,1.0,191.855866
1766062020.8196342,124.179,1.0,191.855866
1766062021.3969936,124.17,1.0,191.855866
1766062022.0385902,124.072,1.0,191.855866
1766062022.8880389,124.098,1.0,191.79586600000002
1766062023.5257506,124.11,1.0,191.79586600000002
1766062024.1262958,124.113,1.0,191.79586600000002
1766062024.936951,124.117,1.0,191.79586600000002
1766062025.5390632,124.111,1.0,191.79586600000002
1766062026.1156547,124.093,1.0,191.79586600000002
1766062026.6944308,124.102,1.0,191.79586600000002
1766062027.2873142,124.105,1.0,191.79586600000002
1766062029.9443748,124.121,1.0,191.79586600000002
1766062030.5206585,124.122,1.0,191.79586600000002
1766062031.0975046,124.112,1.0,191.79586600000002
1766062031.675261,124.093,1.0,191.79586600000002
1766062032.2528183,124.09,1.0,191.79586600000002
1766062032.9185941,124.09,1.0,191.728866
1766062033.49338,124.098,1.0,191.728866
1766062034.072098,124.091,1.0,191.728866
1766062036.736794,124.09,1.0,191.728866
1766062037.330337,124.091,1.0,191.728866
1766062037.909251,124.099,1.0,191.728866
1766062038.4863694,124.108,1.0,191.728866
1766062039.065646,124.111,1.0,191.728866
1766062039.6866262,124.105,1.0,191.728866
1766062040.2630444,124.113,1.0,191.728866
1766062040.8405745,124.113,1.0,191.728866
1766062041.4180064,124.114,1.0,191.728866
1766062041.9984448,124.119,1.0,191.728866
1766062042.5750163,124.121,1.0,191.728866
1766062043.226989,124.121,1.0,191.728866
1766062043.9498644,124.119,1.0,191.728866
1766062044.5297494,124.124,1.0,191.728866
1766062047.1881027,124.139,1.0,191.728866
1766062047.7749562,124.152,1.0,191.728866
1766062048.352841,124.161,1.0,191.728866
1766062048.9859188,124.146,1.0,191.728866
1766062049.5659428,124.139,1.0,191.728866
1766062050.1428041,124.139,1.0,191.728866
1766062050.8662846,124.139,1.0,191.728866
1766062051.4535081,124.145,1.0,191.728866
1766062052.054534,124.166,1.0,191.728866
1766062052.8573978,124.162,1.0,191.728866
1766062053.7655306,124.147,1.0,191.760866
1766062054.3511462,124.16,1.0,191.760866
1766062057.0121984,124.187,1.0,191.760866
1766062057.589434,124.187,1.0,191.760866
1766062058.1828306,124.19,1.0,191.760866
1766062058.7652285,124.187,1.0,191.760866
1766062059.3485591,124.188,1.0,191.760866
1766062059.9251206,124.188,1.0,191.760866
1766062060.6386173,124.179,1.0,191.760866
1766062061.2177892,124.181,1.0,191.760866
1766062061.7930586,124.16,1.0,191.760866
1766062062.3692899,124.168,1.0,191.760866
1766062062.9486985,124.168,1.0,191.760866
1766062063.6054432,124.181,1.0,191.760866
1766062064.3144145,124.166,1.0,191.760866
1766062064.8923242,124.162,1.0,191.760866
1766062065.4841137,124.162,1.0,191.760866
1766062066.2016351,124.187,1.0,191.760866
1766062068.8658268,124.201,1.0,191.760866
1766062069.4492972,124.199,1.0,191.760866
1766062070.1620286,124.186,1.0,191.760866
1766062070.7385366,124.186,1.0,191.760866
1766062071.3140364,124.182,1.0,191.760866
1766062071.8916614,124.182,1.0,191.760866
1766062072.4673035,124.185,1.0,191.760866
1766062073.0440314,124.185,1.0,191.760866
1766062073.7112315,124.181,1.0,191.799866
1766062076.36513,124.16,1.0,191.799866
1766062076.9454658,124.159,1.0,191.799866
1766062077.6571248,124.158,1.0,191.799866
1766062078.232207,124.158,1.0,191.799866
1766062078.807504,124.158,1.0,191.799866
1766062079.3858094,124.158,1.0,191.799866
1766062079.982756,124.158,1.0,191.799866
1766062080.5594091,124.165,1.0,191.799866
1766062081.1368415,124.153,1.0,191.799866
1766062081.7147264,124.153,1.0,191.799866
1766062082.2951758,124.16,1.0,191.799866
1766062082.8718057,124.16,1.0,191.799866
1766062083.4465032,124.174,1.0,191.799866
1766062086.1802378,124.172,1.0,191.799866
1766062086.754357,124.171,1.0,191.799866
1766062087.335478,124.172,1.0,191.799866
1766062087.9132338,124.172,1.0,191.799866
1766062088.4872007,124.169,1.0,191.799866
1766062089.0661285,124.158,1.0,191.799866
1766062089.6424358,124.154,1.0,191.799866
1766062090.357294,124.155,1.0,191.799866
1766062091.0690725,124.163,1.0,191.799866
1766062091.6435673,124.163,1.0,191.799866
1766062092.3612087,124.152,1.0,191.799866
1766062092.93469,124.152,1.0,191.799866
1766062093.5096378,124.156,1.0,191.799866
1766062094.1564784,124.176,1.0,191.799866
1766062094.732253,124.165,1.0,191.799866
1766062097.3837807,124.173,1.0,191.799866
1766062097.9606571,124.167,1.0,191.799866
1766062098.5352156,124.168,1.0,191.799866
1766062099.2513542,124.165,1.0,191.799866
1766062099.8256288,124.164,1.0,191.799866
1766062100.4009247,124.167,1.0,191.799866
1766062100.9784973,124.164,1.0,191.799866
1766062101.5558922,124.164,1.0,191.799866
1766062102.1342237,124.173,1.0,191.799866
1766062102.7132607,124.167,1.0,191.799866
1766062103.2878165,124.173,1.0,191.799866
1766062104.0030608,124.162,1.0,191.799866
1766062104.6585755,124.16,1.0,191.799866
1766062105.2349653,124.16,1.0,191.799866
1766062107.889966,124.162,1.0,191.799866
1766062108.465439,124.158,1.0,191.799866
1766062109.1788728,124.169,1.0,191.799866
1766062109.7569315,124.173,1.0,191.799866
1766062110.336391,124.174,1.0,191.799866
1766062110.9166293,124.171,1.0,191.799866
1766062111.4943135,124.167,1.0,191.799866
1766062112.0732787,124.176,1.0,191.799866
1766062112.64977,124.176,1.0,191.799866
1766062113.224323,124.176,1.0,191.799866
1766062113.7987032,124.176,1.0,191.799866
1766062114.3763926,124.162,1.0,191.799866
1766062115.0304554,124.139,1.0,191.799866
1766062115.7379029,124.139,1.0,191.799866
1766062118.387589,124.145,1.0,191.799866
1766062118.9719107,124.145,1.0,191.799866
1766062119.5488195,124.138,1.0,191.799866
1766062120.1290972,124.138,1.0,191.799866
1766062120.7076297,124.138,1.0,191.799866
1766062121.2841158,124.144,1.0,191.799866
1766062121.8637145,124.144,1.0,191.799866
1766062122.4420164,124.144,1.0,191.799866
1766062123.017483,124.144,1.0,191.799866
1766062123.5933082,124.144,1.0,191.799866
1766062124.1678467,124.144,1.0,191.799866
1766062124.8979943,124.144,1.0,191.799866
1766062125.546475,124.16,1.0,191.799866
1766062126.2633011,124.158,1.0,191.799866
1766062126.971908,124.158,1.0,191.799866
1766062129.625221,124.16,1.0,191.799866
1766062130.2030172,124.172,1.0,191.799866
1766062130.7798142,124.164,1.0,191.799866
1766062131.355484,124.164,1.0,191.799866
1766062131.9323957,124.163,1.0,191.799866
1766062132.5104883,124.163,1.0,191.799866
1766062133.088297,124.165,1.0,191.799866
1766062133.666684,124.165,1.0,191.799866
1766062134.2428954,124.167,1.0,191.799866
1766062134.951772,124.158,1.0,191.799866
1766062135.5998063,124.158,1.0,191.799866
1766062136.1749394,124.158,1.0,191.799866
1766062136.7544503,124.182,1.0,191.799866
1766062139.4087532,124.181,1.0,191.799866
1766062139.984277,124.18,1.0,191.799866
1766062140.5601313,124.186,1.0,191.799866
1766062141.1408832,124.185,1.0,191.799866
1766062141.7189932,124.184,1.0,191.799866
1766062142.4286757,124.184,1.0,191.799866
1766062143.005847,124.171,1.0,191.799866
1766062143.58206,124.171,1.0,191.799866
1766062144.160651,124.154,1.0,191.799866
1766062144.7509594,124.086,1.0,191.799866
1766062145.3277988,124.06,1.0,191.799866
1766062146.1175244,124.024,1.0,191.799866
1766062146.6927366,124.014,1.0,191.799866
1766062147.2700262,124.014,1.0,191.799866
1766062147.980888,124.018,1.0,191.799866
1766062150.630694,124.02,1.0,191.799866
1766062151.3422582,124.024,1.0,191.799866
1766062151.916777,124.024,1.0,191.799866
1766062152.494879,124.014,1.0,191.799866
1766062153.2052824,124.023,1.0,191.799866
1766062153.7852652,124.023,1.0,191.799866
1766062154.4963124,124.012,1.0,191.799866
1766062155.2060437,124.0,1.0,191.799866
1766062155.7821271,124.0,1.0,191.799866
1766062156.4398003,123.973,1.0,191.618866
1766062157.0138316,123.974,1.0,191.618866
1766062159.665646,123.94,1.0,191.618866
1766062160.2402153,123.963,1.0,191.618866
1766062160.8172684,123.963,1.0,191.618866
1766062161.4113297,123.96,1.0,191.618866
1766062161.9869108,123.96,1.0,191.618866
1766062162.5631564,123.957,1.0,191.618866
1766062163.1385198,123.964,1.0,191.618866
1766062163.7122588,123.963,1.0,191.618866
1766062164.2874591,123.964,1.0,191.618866
1766062164.8624847,123.964,1.0,191.618866
1766062165.4377136,123.964,1.0,191.618866
1766062166.0138292,123.964,1.0,191.618866
1766062168.8728528,123.974,1.0,191.618866
1766062169.449875,123.973,1.0,191.618866
1766062170.0265138,123.971,1.0,191.618866
1766062170.601228,123.971,1.0,191.618866
1766062171.1786275,123.971,1.0,191.618866
1766062171.7542396,123.971,1.0,191.618866
1766062172.3385358,123.982,1.0,191.618866
1766062172.9172993,123.985,1.0,191.618866
1766062173.4941804,123.985,1.0,191.618866
1766062174.070227,123.993,1.0,191.618866
1766062174.6468747,123.992,1.0,191.618866
1766062175.2199984,123.995,1.0,191.618866
1766062175.7979114,123.989,1.0,191.618866
1766062178.4576516,123.979,1.0,191.618866
1766062179.124578,123.984,1.0,191.595866
1766062179.7016144,123.978,1.0,191.595866
1766062180.2792165,123.983,1.0,191.595866
1766062180.9946363,123.995,1.0,191.595866
1766062181.5712,123.991,1.0,191.595866
1766062182.1504085,123.95,1.0,191.595866
1766062182.734245,123.95,1.0,191.595866
1766062183.311673,123.955,1.0,191.595866
1766062185.9656014,123.964,1.0,191.595866
1766062186.5559616,123.966,1.0,191.595866
1766062187.1318605,123.965,1.0,191.595866
1766062187.7080197,123.979,1.0,191.595866
1766062188.2838316,123.99,1.0,191.595866
1766062188.860501,123.984,1.0,191.595866
1766062189.5167756,123.986,1.0,191.585866
1766062190.2286468,123.986,1.0,191.585866
1766062190.806009,123.99,1.0,191.585866
1766062193.5908213,123.99,1.0,191.585866
1766062194.1678667,123.988,1.0,191.585866
1766062194.7466297,123.983,1.0,191.585866
1766062195.3218005,123.983,1.0,191.585866
1766062195.8958192,123.983,1.0,191.585866
1766062196.471989,123.983,1.0,191.585866
1766062197.0474083,123.983,1.0,191.585866
1766062197.621108,123.98,1.0,191.585866
1766062198.1985636,123.98,1.0,191.585866
1766062198.7749586,123.981,1.0,191.585866
1766062199.3522475,123.992,1.0,191.585866
1766062200.0019925,123.992,1.0,191.585866
1766062200.582192,123.988,1.0,191.585866
1766062202.185359,123.989,0.0,191.585866
1766062202.765286,123.991,0.0,191.585866
1766062203.3406181,123.991,0.0,191.585866
1766062203.9186275,123.989,0.0,191.585866
1766062204.6288466,123.985,0.0,191.585866
1766062205.2059221,123.985,0.0,191.585866
1766062205.7833204,123.98,0.0,191.585866
1766062208.439538,123.98,0.0,191.585866
1766062209.015678,123.977,0.0,191.585866
1766062209.5910637,123.971,0.0,191.585866
1766062210.3955858,123.946,0.0,191.606866
1766062210.9709952,123.954,0.0,191.606866
1766062211.546633,123.957,0.0,191.606866
1766062212.1215384,123.951,0.0,191.606866
1766062212.8314376,123.944,0.0,191.606866
1766062213.408378,123.945,0.0,191.606866
1766062213.9821634,123.945,0.0,191.606866
1766062216.6349385,123.937,0.0,191.606866
1766062217.2094169,123.941,0.0,191.606866
1766062217.7849813,123.928,0.0,191.606866
1766062218.3605874,123.937,0.0,191.606866
1766062218.9357455,123.937,0.0,191.606866
1766062219.5099788,123.945,0.0,191.606866
1766062220.0846329,123.945,0.0,191.606866
1766062220.741016,123.944,0.0,191.606866
1766062223.3915145,123.948,0.0,191.606866
1766062223.9678836,123.948,0.0,191.606866
1766062224.541467,123.948,0.0,191.606866
1766062225.1166098,123.949,0.0,191.606866
1766062225.691457,123.949,0.0,191.606866
1766062226.2653337,123.954,0.0,191.606866
1766062226.8402421,123.946,0.0,191.606866
1766062227.4172115,123.946,0.0,191.606866
1766062227.9923036,123.948,0.0,191.606866
1766062228.5696046,123.95,0.0,191.606866
1766062229.2851765,123.95,0.0,191.606866
1766062229.8591454,123.949,0.0,191.606866
1766062232.5105453,123.979,0.0,191.606866
1766062233.1715488,123.973,0.0,191.606866
1766062233.7486072,123.973,0.0,191.606866
1766062234.3274004,123.973,0.0,191.606866
1766062234.9044533,123.973,0.0,191.606866
1766062235.495422,123.965,0.0,191.606866
1766062236.0803912,123.978,0.0,191.606866
1766062236.6567473,123.977,0.0,191.606866
1766062237.244476,123.977,0.0,191.606866
1766062239.8976257,123.931,0.0,191.606866
1766062240.4739487,123.93,0.0,191.606866
1766062241.0512228,123.922,0.0,191.606866
1766062241.625166,123.921,0.0,191.606866
1766062242.2024336,123.921,0.0,191.606866
1766062242.784895,123.922,0.0,191.606866
1766062243.5844076,123.921,0.0,191.606866
1766062244.1654384,123.921,0.0,191.606866
1766062244.8801732,123.917,0.0,191.606866
1766062245.458585,123.905,0.0,191.606866
1766062248.11011,123.899,0.0,191.606866
1766062248.6881614,123.9,0.0,191.606866
1766062249.2659702,123.9,0.0,191.606866
1766062249.8493888,123.9,0.0,191.606866
1766062250.4243715,123.893,0.0,191.606866
1766062251.0005038,123.894,0.0,191.606866
1766062251.575795,123.894,0.0,191.606866
1766062252.1525795,123.894,0.0,191.606866
1766062252.7278998,123.894,0.0,191.606866
1766062253.3023455,123.894,0.0,191.606866
1766062253.959506,123.894,0.0,191.606866
1766062254.5339057,123.888,0.0,191.606866
1766062257.186934,123.914,0.0,191.606866
1766062257.7617633,123.913,0.0,191.606866
1766062258.3395863,123.913,0.0,191.606866
1766062259.0455887,123.913,0.0,191.606866
1766062259.6218312,123.913,0.0,191.606866
1766062260.198009,123.924,0.0,191.606866
1766062260.773748,123.913,0.0,191.606866
1766062261.3504767,123.919,0.0,191.606866
1766062261.9252682,123.914,0.0,191.606866
1766062262.5006166,123.914,0.0,191.606866
1766062263.0760996,123.932,0.0,191.606866
1766062263.6542032,123.926,0.0,191.606866
1766062264.305019,123.923,0.0,191.606866
1766062265.0194273,123.929,0.0,191.606866
1766062265.7328577,123.922,0.0,191.606866
1766062268.3856385,123.924,0.0,191.606866
1766062268.961032,123.926,0.0,191.606866
1766062273.9290266,123.917,0.0,191.606866
1766062274.725165,123.917,0.0,191.606866
1766062275.3012972,123.921,0.0,191.606866
1766062275.8749588,123.916,0.0,191.606866
1766062276.4529147,123.919,0.0,191.606866
1766062277.0281126,123.913,0.0,191.606866
1766062277.738025,123.913,0.0,191.606866
1766062278.3137202,123.913,0.0,191.606866
1766062278.8902442,123.929,0.0,191.606866
1766062279.4691653,123.927,0.0,191.606866
1766062280.046522,123.927,0.0,191.606866
1766062280.623363,123.934,0.0,191.606866
1766062281.199451,123.934,0.0,191.606866
1766062281.7758195,123.934,0.0,191.606866
1766062282.4845464,123.934,0.0,191.606866
1766062283.0613768,123.934,0.0,191.606866
1766062283.6369426,123.925,0.0,191.606866
1766062284.2137475,123.928,0.0,191.606866
1766062285.0046494,123.928,0.0,191.606866
1766062285.5824313,123.928,0.0,191.606866
1766062286.157528,123.928,0.0,191.606866
1766062286.7363756,123.934,0.0,191.606866
1766062287.3116937,123.934,0.0,191.606866
1766062287.8865998,123.934,0.0,191.606866
1766062288.4623904,123.934,0.0,191.606866
1766062289.1743042,123.934,0.0,191.606866
1766062289.8849547,123.934,0.0,191.606866
1766062290.460158,123.934,0.0,191.606866
1766062291.0394313,123.934,0.0,191.606866
1766062291.6138375,123.936,0.0,191.606866
1766062292.1897206,123.936,0.0,191.606866
1766062292.7659848,123.934,0.0,191.606866
1766062295.4147098,123.941,0.0,191.606866
1766062296.2101786,123.942,0.0,191.606866
1766062296.7887301,123.934,0.0,191.606866
1766062297.36472,123.93,0.0,191.606866
1766062297.9392784,123.93,0.0,191.606866
1766062298.5146646,123.93,0.0,191.606866
1766062299.0912938,123.929,0.0,191.606866
1766062299.6671658,123.934,0.0,191.606866
1766062300.2426016,123.929,0.0,191.606866
1766062302.8941724,123.94,0.0,191.606866
1766062303.4720623,123.94,0.0,191.606866
1766062304.0682647,123.94,0.0,191.606866
1766062304.644207,123.944,0.0,191.606866
1766062305.221676,123.944,0.0,191.606866
1766062305.7981665,123.927,0.0,191.606866
1766062306.4584515,123.927,0.0,191.606866
1766062307.0355315,123.928,0.0,191.606866
1766062309.6866777,123.927,0.0,191.606866
1766062310.261396,123.921,0.0,191.606866
1766062310.8380802,123.921,0.0,191.606866
1766062311.4128354,123.917,0.0,191.606866
1766062311.9881396,123.917,0.0,191.606866
1766062312.5658665,123.917,0.0,191.606866
1766062313.1419773,123.905,0.0,191.606866
1766062313.8494217,123.905,0.0,191.606866
1766062314.5604768,123.905,0.0,191.606866
1766062315.1348977,123.903,0.0,191.606866
1766062315.7113135,123.905,0.0,191.606866
1766062316.2942936,123.924,0.0,191.606866
1766062316.94904,123.924,0.0,191.606866
1766062317.5238903,123.924,0.0,191.606866
1766062320.1845498,123.924,0.0,191.606866
1766062320.7634356,123.924,0.0,191.606866
1766062321.341254,123.924,0.0,191.606866
1766062322.0634947,123.914,0.0,191.606866
1766062322.6432886,123.894,0.0,191.606866
1766062323.2213566,123.89,0.0,191.606866
1766062323.7973547,123.88,0.0,191.606866
1766062324.3735924,123.88,0.0,191.606866
1766062324.9524186,123.874,0.0,191.606866
1766062325.5261505,123.881,0.0,191.606866
1766062326.1022615,123.881,0.0,191.606866
1766062326.6783576,123.881,0.0,191.606866
1766062327.4670975,123.874,0.0,191.606866
1766062328.0486991,123.839,0.0,191.606866
1766062330.7009385,123.756,0.0,191.606866
1766062331.2750044,123.754,0.0,191.606866
1766062331.8518755,123.753,0.0,191.606866
1766062332.4313068,123.76,0.0,191.606866
1766062333.012128,123.76,0.0,191.606866
1766062333.5882657,123.766,0.0,191.606866
1766062334.162602,123.766,0.0,191.606866
1766062334.7415996,123.764,0.0,191.606866
1766062335.450284,123.769,0.0,191.606866
1766062336.1597056,123.774,0.0,191.606866
1766062336.8879461,123.794,0.0,191.606866
1766062339.7601929,123.801,0.0,191.606866
1766062340.3898885,123.802,0.0,191.606866
1766062340.9646566,123.814,0.0,191.606866
1766062341.5388525,123.814,0.0,191.606866
1766062342.113018,123.814,0.0,191.606866
1766062342.6872554,123.814,0.0,191.606866
1766062343.2640266,123.814,0.0,191.606866
1766062343.839148,123.814,0.0,191.606866
1766062344.41295,123.814,0.0,191.606866
1766062344.9876044,123.842,0.0,191.606866
1766062345.699923,123.842,0.0,191.606866
1766062346.406881,123.823,0.0,191.606866
1766062346.9829872,123.825,0.0,191.606866
1766062347.6344805,123.825,0.0,191.606866
1766062348.210271,123.826,0.0,191.606866
1766062350.8652532,123.847,0.0,191.606866
1766062351.4406044,123.847,0.0,191.606866
1766062352.0157032,123.854,0.0,191.606866
1766062352.589682,123.854,0.0,191.606866
1766062353.1693637,123.854,0.0,191.606866
1766062353.7496412,123.854,0.0,191.606866
1766062354.4602373,123.873,0.0,191.606866
1766062355.0354242,123.873,0.0,191.606866
1766062355.610881,123.869,0.0,191.606866
1766062356.1866255,123.848,0.0,191.606866
1766062356.7629552,123.848,0.0,191.606866
1766062357.3358264,123.848,0.0,191.606866
1766062358.2600646,123.833,0.0,191.606866
1766062358.9724312,123.834,0.0,191.606866
1766062359.547471,123.836,0.0,191.606866
1766062362.2172227,123.823,0.0,191.606866
1766062362.7916887,123.823,0.0,191.606866
1766062363.5040019,123.823,0.0,191.606866
1766062364.077093,123.823,0.0,191.606866
1766062364.6598945,123.823,0.0,191.606866
1766062365.2358537,123.823,0.0,191.606866
1766062365.9471369,123.844,0.0,191.606866
1766062366.5233645,123.844,0.0,191.606866
1766062367.0985475,123.829,0.0,191.606866
1766062367.8120267,123.834,0.0,191.606866
1766062368.6025615,123.834,0.0,191.606866
1766062369.3183355,123.83,0.0,191.606866
1766062371.9688587,123.834,0.0,191.606866
1766062372.5434742,123.834,0.0,191.606866
1766062373.1225014,123.834,0.0,191.606866
1766062373.6973484,123.829,0.0,191.606866
1766062374.2741652,123.841,0.0,191.606866
1766062374.85218,123.842,0.0,191.606866
1766062375.5734751,123.842,0.0,191.606866
1766062376.1514053,123.842,0.0,191.606866
1766062376.728592,123.835,0.0,191.606866
1766062377.305924,123.834,0.0,191.606866
1766062377.8917222,123.834,0.0,191.606866
1766062378.5459738,123.834,0.0,191.606866
1766062379.1245804,123.838,0.0,191.606866
1766062379.6985204,123.839,0.0,191.606866
1766062382.3546546,123.848,0.0,191.606866
1766062382.93643,123.848,0.0,191.606866
1766062383.5137975,123.851,0.0,191.606866
1766062384.2266471,123.849,0.0,191.606866
1766062384.8044853,123.848,0.0,191.606866
1766062385.3797922,123.842,0.0,191.606866
1766062385.9555843,123.842,0.0,191.606866
1766062386.5323744,123.83,0.0,191.606866
1766062387.112275,123.839,0.0,191.606866
1766062387.6898408,123.839,0.0,191.606866
1766062388.2657502,123.858,0.0,191.606866
1766062389.0527515,123.864,0.0,191.606866
1766062389.6267025,123.864,0.0,191.606866
1766062390.2029724,123.864,0.0,191.606866
1766062392.8572946,123.815,0.0,191.606866
1766062393.436086,123.812,0.0,191.606866
1766062394.0128207,123.812,0.0,191.606866
1766062394.590458,123.812,0.0,191.606866
1766062395.3067913,123.812,0.0,191.606866
1766062395.8855097,123.805,0.0,191.606866
1766062396.462751,123.806,0.0,191.606866
1766062397.0377715,123.805,0.0,191.606866
1766062397.613316,123.801,0.0,191.606866
1766062398.1899438,123.801,0.0,191.606866
1766062398.9045308,123.801,0.0,191.606866
1766062399.5576766,123.801,0.0,191.606866
1766062400.1342928,123.807,0.0,191.606866
1766062400.7087271,123.807,0.0,191.606866
1766062403.363724,123.815,0.0,191.606866
1766062403.9376569,123.815,0.0,191.606866
1766062404.5132651,123.815,0.0,191.606866
1766062405.2245216,123.805,0.0,191.606866
1766062405.808903,123.805,0.0,191.606866
1766062406.3856292,123.812,0.0,191.606866
1766062406.962053,123.812,0.0,191.606866
1766062407.5381238,123.812,0.0,191.606866
1766062408.118893,123.812,0.0,191.606866
1766062408.6951606,123.81,0.0,191.606866
1766062409.285311,123.81,0.0,191.606866
1766062410.0748963,123.81,0.0,191.606866
1766062410.6642575,123.801,0.0,191.606866
1766062411.2389328,123.805,0.0,191.606866
1766062413.8983383,123.802,0.0,191.606866
1766062414.4718182,123.802,0.0,191.606866
1766062415.1812549,123.804,0.0,191.606866
1766062415.7578797,123.805,0.0,191.606866
1766062416.333348,123.802,0.0,191.606866
1766062416.9081357,123.802,0.0,191.606866
1766062417.4848323,123.802,0.0,191.606866
1766062418.1973765,123.802,0.0,191.606866
1766062418.7740946,123.802,0.0,191.606866
1766062419.3496697,123.802,0.0,191.606866
1766062422.222848,123.81,0.0,191.606866
1766062422.7991405,123.81,0.0,191.606866
1766062423.3803132,123.81,0.0,191.606866
1766062423.956078,123.81,0.0,191.606866
1766062424.531901,123.808,0.0,191.606866
1766062425.2455168,123.798,0.0,191.606866
1766062425.823661,123.798,0.0,191.606866
1766062426.4007215,123.798,0.0,191.606866
1766062426.9765277,123.798,0.0,191.606866
1766062427.5590951,123.813,0.0,191.606866
1766062428.2750456,123.807,0.0,191.606866
1766062428.849289,123.798,0.0,191.606866
1766062429.4291918,123.798,0.0,191.606866
1766062430.0817103,123.794,0.0,191.606866
1766062430.790228,123.776,0.0,191.606866
1766062433.4425232,123.777,0.0,191.606866
1766062434.0178947,123.777,0.0,191.606866
1766062434.593521,123.777,0.0,191.606866
1766062435.1691253,123.781,0.0,191.606866
1766062435.7460794,123.777,0.0,191.606866
1766062436.3201017,123.782,0.0,191.606866
1766062436.8959768,123.781,0.0,191.606866
1766062437.47207,123.781,0.0,191.606866
1766062438.0486882,123.789,0.0,191.606866
1766062438.6238494,123.787,0.0,191.606866
1766062439.2016368,123.787,0.0,191.606866
1766062439.7768002,123.787,0.0,191.606866
1766062442.5235016,123.744,0.0,191.606866
1766062446.9721525,123.77,-1.0,191.598866
1766062447.549635,123.754,-1.0,191.598866
1766062448.1260397,123.758,-1.0,191.598866
1766062448.7014885,123.758,-1.0,191.598866
1766062449.2780194,123.751,-1.0,191.598866
1766062449.8567514,123.758,-1.0,191.598866
1766062450.5169537,123.756,-1.0,191.608866
1766062451.0924578,123.767,-1.0,191.608866
1766062451.6682558,123.767,-1.0,191.608866
1766062452.2443173,123.767,-1.0,191.608866
1766062452.8240964,123.767,-1.0,191.608866
1766062453.4023404,123.767,-1.0,191.608866
1766062453.9763808,123.766,-1.0,191.608866
1766062454.550931,123.767,-1.0,191.608866
1766062455.265316,123.767,-1.0,191.608866
1766062455.8400605,123.757,-1.0,191.608866
1766062456.5527773,123.766,-1.0,191.608866
1766062457.1285012,123.767,-1.0,191.608866
1766062457.8373885,123.757,-1.0,191.608866
1766062458.413107,123.765,-1.0,191.608866
1766062458.98911,123.763,-1.0,191.608866
1766062459.5652351,123.759,-1.0,191.608866
1766062460.1399603,123.757,-1.0,191.608866
1766062460.7958548,123.757,-1.0,191.603866
1766062463.4540696,123.762,-1.0,191.603866
1766062464.029427,123.762,-1.0,191.603866
1766062464.607506,123.757,-1.0,191.603866
1766062465.318282,123.748,-1.0,191.603866
1766062465.8994386,123.757,-1.0,191.603866
1766062466.4757607,123.757,-1.0,191.603866
1766062467.0494678,123.757,-1.0,191.603866
1766062467.6254728,123.757,-1.0,191.603866
1766062468.200979,123.759,-1.0,191.603866
1766062468.77887,123.759,-1.0,191.603866
1766062469.3540363,123.756,-1.0,191.603866
1766062469.9284837,123.756,-1.0,191.603866
1766062470.5033789,123.738,-1.0,191.603866
1766062471.2900436,123.743,-1.0,191.603866
1766062474.0741048,123.742,-1.0,191.603866
1766062474.652692,123.742,-1.0,191.603866
1766062475.2279546,123.74,-1.0,191.603866
1766062475.8032734,123.74,-1.0,191.603866
1766062476.380523,123.74,-1.0,191.603866
1766062477.0915313,123.74,-1.0,191.603866
1766062477.6689198,123.737,-1.0,191.603866
1766062478.3785346,123.738,-1.0,191.603866
1766062478.9539995,123.738,-1.0,191.603866
1766062479.5290291,123.739,-1.0,191.603866
1766062480.2419145,123.739,-1.0,191.603866
1766062480.8164406,123.739,-1.0,191.603866
1766062481.6019006,123.738,-1.0,191.603866
1766062482.1789262,123.745,-1.0,191.603866
1766062482.7526586,123.751,-1.0,191.603866
1766062483.3294432,123.757,-1.0,191.603866
1766062486.0048103,123.773,-1.0,191.603866
1766062486.5809991,123.767,-1.0,191.603866
1766062487.1573627,123.769,-1.0,191.603866
1766062487.7321813,123.756,-1.0,191.603866
1766062488.3094046,123.763,-1.0,191.603866
1766062489.0194929,123.762,-1.0,191.603866
1766062489.594548,123.763,-1.0,191.603866
1766062490.1715796,123.764,-1.0,191.603866
1766062490.750749,123.764,-1.0,191.603866
1766062491.3273568,123.767,-1.0,191.603866
1766062491.9835045,123.771,-1.0,191.603866
1766062492.5601068,123.77,-1.0,191.603866
1766062493.2719219,123.774,-1.0,191.603866
1766062493.8787944,123.777,-1.0,191.603866
1766062496.529018,123.787,-1.0,191.603866
1766062497.102723,123.787,-1.0,191.603866
1766062497.6779988,123.787,-1.0,191.603866
1766062498.2529793,123.776,-1.0,191.603866
1766062498.8270285,123.776,-1.0,191.603866
1766062499.403737,123.776,-1.0,191.603866
1766062500.1209214,123.778,-1.0,191.603866
1766062500.8335056,123.779,-1.0,191.603866
1766062502.4170735,123.783,0.0,191.603866
1766062503.2168212,123.783,0.0,191.580866
1766062503.7916455,123.783,0.0,191.580866
1766062504.5051577,123.783,0.0,191.580866
1766062505.0908139,123.783,0.0,191.580866
1766062505.666817,123.783,0.0,191.580866
1766062506.2452233,123.783,0.0,191.580866
1766062506.9574795,123.78,0.0,191.580866
1766062507.5335298,123.78,0.0,191.580866
1766062508.1082082,123.783,0.0,191.580866
1766062510.7598858,123.82,0.0,191.580866
1766062511.3368456,123.821,0.0,191.580866
1766062511.9122784,123.821,0.0,191.580866
1766062512.4900525,123.817,0.0,191.580866
1766062513.2887132,123.834,0.0,191.580866
1766062513.865007,123.841,0.0,191.580866
1766062514.5772953,123.849,0.0,191.580866
1766062515.1525505,123.82,0.0,191.580866
1766062515.8630173,123.82,0.0,191.580866
1766062516.4365966,123.816,0.0,191.580866
1766062517.150681,123.815,0.0,191.580866
1766062517.7254221,123.815,0.0,191.580866
1766062520.3767393,123.817,0.0,191.580866
1766062520.9510057,123.812,0.0,191.580866
1766062521.665413,123.811,0.0,191.580866
1766062522.247838,123.802,0.0,191.580866
1766062522.960297,123.785,0.0,191.580866
1766062523.7724526,123.784,0.0,191.580866
1766062524.347414,123.786,0.0,191.580866
1766062525.0606496,123.781,0.0,191.580866
1766062525.6363487,123.781,0.0,191.580866
1766062526.216667,123.778,0.0,191.580866
1766062526.797515,123.773,0.0,191.580866
1766062529.460842,123.779,0.0,191.580866
1766062530.0390124,123.779,0.0,191.580866
1766062530.6142764,123.779,0.0,191.580866
1766062531.191294,123.79,0.0,191.580866
1766062531.768521,123.789,0.0,191.580866
1766062532.3438275,123.79,0.0,191.580866
1766062532.9221067,123.79,0.0,191.580866
1766062533.5812793,123.82,0.0,191.580866
1766062536.235967,123.802,0.0,191.580866
1766062536.8128397,123.804,0.0,191.580866
1766062537.3889685,123.807,0.0,191.580866
1766062537.9641304,123.807,0.0,191.580866
1766062538.541375,123.811,0.0,191.580866
1766062539.2645988,123.812,0.0,191.580866
1766062539.8429933,123.812,0.0,191.580866
1766062540.4179554,123.801,0.0,191.580866
1766062541.007628,123.798,0.0,191.580866
1766062541.6609235,123.798,0.0,191.580866
1766062542.2369509,123.805,0.0,191.580866
1766062542.8170962,123.805,0.0,191.580866
1766062543.3948402,123.807,0.0,191.580866
1766062544.181747,123.806,0.0,191.580866
1766062544.7566705,123.806,0.0,191.580866
1766062547.4147003,123.794,0.0,191.580866
1766062547.9998612,123.794,0.0,191.580866
1766062548.5812871,123.793,0.0,191.580866
1766062549.1665106,123.794,0.0,191.580866
1766062549.7469604,123.794,0.0,191.580866
1766062550.3212361,123.81,0.0,191.580866
1766062550.9047282,123.806,0.0,191.580866
1766062551.483788,123.811,0.0,191.580866
1766062552.0588784,123.811,0.0,191.580866
1766062552.634526,123.811,0.0,191.580866
1766062553.2107704,123.813,0.0,191.580866
1766062553.7861269,123.807,0.0,191.580866
1766062554.5835505,123.813,0.0,191.580866
1766062557.2451096,123.808,0.0,191.580866
1766062557.854281,123.811,0.0,191.580866
1766062558.5659335,123.807,0.0,191.580866
1766062559.141388,123.807,0.0,191.580866
1766062559.715731,123.807,0.0,191.580866
1766062560.293065,123.813,0.0,191.580866
1766062560.8687322,123.813,0.0,191.580866
1766062561.454598,123.813,0.0,191.580866
1766062562.0315604,123.814,0.0,191.580866
1766062562.61907,123.806,0.0,191.580866
1766062563.2029939,123.806,0.0,191.580866
1766062563.7957492,123.806,0.0,191.580866
1766062564.3714788,123.814,0.0,191.580866
1766062565.1568284,123.832,0.0,191.580866
1766062565.738244,123.832,0.0,191.580866
1766062568.403804,123.829,0.0,191.580866
1766062568.9837294,123.84,0.0,191.580866
1766062571.7727537,123.821,0.0,191.580866
1766062572.3475869,123.817,0.0,191.580866
1766062572.9274812,123.817,0.0,191.580866
1766062573.5310566,123.823,0.0,191.580866
1766062574.1142633,123.832,0.0,191.580866
1766062574.691267,123.832,0.0,191.580866
1766062575.353589,123.837,0.0,191.580866
1766062575.9321253,123.832,0.0,191.580866
1766062576.6517391,123.834,0.0,191.580866
1766062577.2285638,123.832,0.0,191.580866
1766062577.8046515,123.825,0.0,191.580866
1766062578.3814166,123.831,0.0,191.580866
1766062578.9557714,123.831,0.0,191.580866
1766062579.6736858,123.836,0.0,191.580866
1766062580.2485769,123.835,0.0,191.580866
1766062580.8295364,123.835,0.0,191.580866
1766062581.537506,123.836,0.0,191.580866
1766062582.1155083,123.836,0.0,191.580866
1766062582.6945853,123.836,0.0,191.580866
1766062583.2751453,123.833,0.0,191.580866
1766062583.859775,123.829,0.0,191.580866
1766062586.655057,123.829,0.0,191.580866
1766062587.3172708,123.832,0.0,191.580866
1766062587.8995962,123.832,0.0,191.580866
1766062588.6223953,123.829,0.0,191.580866
1766062589.3355346,123.831,0.0,191.580866
1766062589.9128706,123.831,0.0,191.580866
1766062590.4969556,123.83,0.0,191.580866
1766062591.2082646,123.829,0.0,191.580866
1766062591.783556,123.83,0.0,191.580866
1766062592.359611,123.829,0.0,191.580866
1766062593.0817895,123.83,0.0,191.580866
1766062593.659752,123.83,0.0,191.580866
1766062594.2348163,123.83,0.0,191.580866
1766062596.8901024,123.826,0.0,191.580866
1766062597.550771,123.809,0.0,191.580866
1766062598.1284945,123.803,0.0,191.580866
1766062598.7028928,123.803,0.0,191.580866
1766062599.2777286,123.806,0.0,191.580866
1766062599.854905,123.806,0.0,191.580866
1766062600.4283717,123.812,0.0,191.580866
1766062601.0032125,123.811,0.0,191.580866
1766062603.6585655,123.821,0.0,191.580866
1766062604.368605,123.82,0.0,191.580866
1766062604.949051,123.82,0.0,191.580866
1766062605.5270376,123.821,0.0,191.580866
1766062606.10301,123.821,0.0,191.580866
1766062606.6810122,123.82,0.0,191.580866
1766062607.2586062,123.821,0.0,191.580866
1766062607.923282,123.821,0.0,191.580866
1766062608.631737,123.82,0.0,191.580866
1766062609.3439112,123.815,0.0,191.580866
1766062612.000681,123.811,0.0,191.580866
1766062612.5787709,123.811,0.0,191.580866
1766062613.1549506,123.815,0.0,191.580866
1766062613.730978,123.814,0.0,191.580866
1766062614.3085475,123.816,0.0,191.580866
1766062614.8842576,123.816,0.0,191.580866
1766062615.6000292,123.816,0.0,191.580866
1766062616.1758354,123.816,0.0,191.580866
1766062616.761274,123.816,0.0,191.580866
1766062617.3368044,123.823,0.0,191.580866
1766062617.986433,123.824,0.0,191.580866
1766062618.5645306,123.824,0.0,191.580866
1766062619.140398,123.819,0.0,191.580866
1766062621.7930858,123.824,0.0,191.580866
1766062622.3703356,123.824,0.0,191.580866
1766062622.944307,123.824,0.0,191.580866
1766062623.528882,123.824,0.0,191.580866
1766062624.1071985,123.824,0.0,191.580866
1766062624.6855874,123.824,0.0,191.580866
1766062625.263359,123.828,0.0,191.580866
1766062625.9729283,123.828,0.0,191.580866
1766062626.5479403,123.828,0.0,191.580866
1766062627.2587461,123.827,0.0,191.580866
1766062627.8331866,123.827,0.0,191.580866
1766062628.4850197,123.841,0.0,191.580866
1766062629.0618334,123.842,0.0,191.580866
1766062629.7710142,123.841,0.0,191.580866
1766062630.348646,123.841,0.0,191.580866
1766062633.0000234,123.825,0.0,191.580866
1766062633.577416,123.825,0.0,191.580866
1766062634.153363,123.825,0.0,191.580866
1766062634.728822,123.828,0.0,191.580866
1766062635.306273,123.831,0.0,191.580866
1766062635.8841813,123.831,0.0,191.580866
1766062636.4620175,123.831,0.0,191.580866
1766062637.041827,123.831,0.0,191.580866
1766062637.6177933,123.831,0.0,191.580866
1766062638.1933136,123.831,0.0,191.580866
1766062638.8428502,123.83,0.0,191.580866
1766062639.4180381,123.835,0.0,191.580866
1766062639.993108,123.839,0.0,191.580866
1766062642.647691,123.839,0.0,191.580866
1766062643.2232797,123.838,0.0,191.580866
1766062643.8024123,123.838,0.0,191.580866
1766062644.3759842,123.842,0.0,191.580866
1766062644.9506786,123.842,0.0,191.580866
1766062645.530068,123.84,0.0,191.580866
1766062646.2413266,123.83,0.0,191.580866
1766062646.8196323,123.83,0.0,191.580866
1766062647.5295525,123.823,0.0,191.580866
1766062648.1055903,123.822,0.0,191.580866
1766062648.6800022,123.828,0.0,191.580866
1766062649.3310356,123.845,0.0,191.580866
1766062649.9095347,123.845,0.0,191.580866
1766062650.4845147,123.845,0.0,191.580866
1766062653.1398656,123.841,0.0,191.580866
1766062653.7189348,123.841,0.0,191.580866
1766062654.2940915,123.834,0.0,191.580866
1766062654.8695896,123.834,0.0,191.580866
1766062655.446023,123.841,0.0,191.580866
1766062656.023844,123.841,0.0,191.580866
1766062656.7338455,123.841,0.0,191.580866
1766062657.3111918,123.847,0.0,191.580866
1766062657.8860538,123.845,0.0,191.580866
1766062658.462742,123.847,0.0,191.580866
1766062659.0396032,123.847,0.0,191.580866
1766062659.6900427,123.846,0.0,191.580866
1766062660.2674747,123.845,0.0,191.580866
1766062660.9767616,123.845,0.0,191.580866
1766062663.630094,123.847,0.0,191.580866
1766062664.208554,123.847,0.0,191.580866
1766062664.78589,123.846,0.0,191.580866
1766062665.362772,123.847,0.0,191.580866
1766062665.939829,123.847,0.0,191.580866
1766062666.5145001,123.847,0.0,191.580866
1766062667.224919,123.84,0.0,191.580866
1766062667.801763,123.846,0.0,191.580866
1766062668.3800216,123.866,0.0,191.580866
1766062668.9553668,123.836,0.0,191.580866
1766062669.6711838,123.837,0.0,191.580866
1766062670.4556787,123.837,0.0,191.580866
1766062671.0313148,123.849,0.0,191.580866
1766062671.6081185,123.849,0.0,191.580866
1766062674.2612948,123.845,0.0,191.580866
1766062674.9742973,123.845,0.0,191.580866
1766062675.6888561,123.845,0.0,191.580866
1766062676.265303,123.845,0.0,191.580866
1766062676.8418,123.846,0.0,191.580866
1766062677.4165356,123.846,0.0,191.580866
1766062677.99918,123.846,0.0,191.580866
1766062678.5744925,123.846,0.0,191.580866
1766062679.1498406,123.846,0.0,191.580866
1766062679.725076,123.845,0.0,191.580866
1766062680.5224621,123.848,0.0,191.580866
1766062683.1750057,123.848,0.0,191.580866
1766062683.752676,123.83,0.0,191.580866
1766062684.3271537,123.83,0.0,191.580866
1766062685.0369325,123.83,0.0,191.580866
1766062685.6180098,123.818,0.0,191.580866
1766062686.328434,123.821,0.0,191.580866
1766062687.041038,123.819,0.0,191.580866
1766062687.6149008,123.819,0.0,191.580866
1766062688.1921518,123.819,0.0,191.580866
1766062688.7698596,123.814,0.0,191.580866
1766062689.346665,123.813,0.0,191.580866
1766062689.92069,123.813,0.0,191.580866
1766062690.5749698,123.809,0.0,191.580866
1766062691.1497655,123.809,0.0,191.580866
1766062691.7264204,123.811,0.0,191.580866
1766062694.3790379,123.816,0.0,191.580866
1766062694.9567187,123.816,0.0,191.580866
1766062695.5308855,123.826,0.0,191.580866
1766062696.1082313,123.826,0.0,191.580866
1766062696.686058,123.826,0.0,191.580866
1766062697.2626033,123.846,0.0,191.580866
1766062697.983115,123.846,0.0,191.580866
1766062698.7053008,123.849,0.0,191.580866
1766062699.2800038,123.849,0.0,191.580866
1766062699.8539822,123.849,0.0,191.580866
1766062700.4290721,123.849,0.0,191.580866
1766062701.2153275,123.849,0.0,191.580866
1766062701.792259,123.849,0.0,191.580866
1766062702.3697085,123.849,0.0,191.580866
1766062703.0834749,123.849,0.0,191.580866
1766062705.7345593,123.856,0.0,191.580866
1766062706.3108864,123.869,0.0,191.580866
1766062706.8854003,123.869,0.0,191.580866
1766062707.484671,123.878,0.0,191.580866
1766062708.059531,123.878,0.0,191.580866
1766062708.6370354,123.878,0.0,191.580866
1766062709.2128525,123.878,0.0,191.580866
1766062709.788848,123.889,0.0,191.580866
1766062710.4945138,123.889,0.0,191.580866
1766062711.0698786,123.889,0.0,191.580866
1766062711.7210867,123.889,0.0,191.580866
1766062712.2943609,123.883,0.0,191.580866
1766062712.8714097,123.89,0.0,191.580866
1766062713.5847085,123.89,0.0,191.580866
1766062716.2376554,123.9,0.0,191.580866
1766062716.8144336,123.928,0.0,191.580866
1766062717.3884745,123.934,0.0,191.580866
1766062717.9652638,123.934,0.0,191.580866
1766062718.5407379,123.928,0.0,191.580866
1766062719.1160583,123.927,0.0,191.580866
1766062719.6907208,123.934,0.0,191.580866
1766062720.266643,123.931,0.0,191.580866
1766062720.8428183,123.928,0.0,191.580866
1766062721.551545,123.928,0.0,191.580866
1766062724.4373758,123.938,0.0,191.580866
1766062725.1486373,123.94,0.0,191.580866
1766062725.7241528,123.94,0.0,191.580866
1766062726.300136,123.928,0.0,191.580866
1766062726.8762817,123.928,0.0,191.580866
1766062727.4519308,123.929,0.0,191.580866
1766062728.028955,123.929,0.0,191.580866
1766062728.6058087,123.929,0.0,191.580866
1766062729.1798203,123.929,0.0,191.580866
1766062729.7574725,123.929,0.0,191.580866
1766062730.334501,123.929,0.0,191.580866
1766062730.909171,123.915,0.0,191.580866
1766062731.4839516,123.919,0.0,191.580866
1766062732.273094,123.919,0.0,191.580866
1766062734.9235678,123.916,0.0,191.580866
1766062735.6339672,123.916,0.0,191.580866
1766062736.2085094,123.916,0.0,191.580866
1766062736.923859,123.916,0.0,191.580866
1766062737.6379797,123.916,0.0,191.580866
1766062738.216888,123.916,0.0,191.580866
1766062738.7921467,123.915,0.0,191.580866
1766062739.5032783,123.915,0.0,191.580866
1766062740.084897,123.915,0.0,191.580866
1766062740.811803,123.915,0.0,191.580866
1766062741.5234194,123.915,0.0,191.580866
1766062742.0992267,123.904,0.0,191.580866
1766062742.7601407,123.907,0.0,191.580866
1766062745.5469522,123.919,0.0,191.580866
1766062746.1214595,123.925,0.0,191.580866
1766062746.6969566,123.925,0.0,191.580866
1766062747.410672,123.927,0.0,191.580866
1766062747.9872775,123.921,0.0,191.580866
1766062748.5618362,123.921,0.0,191.580866
1766062749.138583,123.92,0.0,191.580866
1766062749.8499894,123.92,0.0,191.580866
1766062750.4311895,123.92,0.0,191.580866
1766062751.0064125,123.92,0.0,191.580866
1766062751.5812213,123.922,0.0,191.580866
1766062752.1558592,123.92,0.0,191.580866
1766062752.816104,123.892,0.0,191.580866
1766062753.3919563,123.895,0.0,191.580866
1766062756.056918,123.914,0.0,191.580866
1766062756.6377356,123.911,0.0,191.580866
1766062757.2129571,123.915,0.0,191.580866
1766062757.789036,123.91,0.0,191.580866
1766062758.363055,123.896,0.0,191.580866
1766062758.953145,123.916,0.0,191.580866
1766062759.530531,123.909,0.0,191.580866
1766062760.1119854,123.906,0.0,191.580866
1766062760.6888359,123.906,0.0,191.580866
1766062761.2664578,123.907,0.0,191.580866
1766062761.8422058,123.92,0.0,191.580866
1766062762.4207382,123.925,0.0,191.580866
1766062763.071673,123.919,0.0,191.580866
1766062765.8593159,123.919,0.0,191.580866
1766062766.4360027,123.919,0.0,191.580866
1766062767.1444216,123.922,0.0,191.580866
1766062767.721265,123.922,0.0,191.580866
1766062768.2958312,123.923,0.0,191.580866
1766062768.8897228,123.925,0.0,191.580866
1766062769.4697342,123.925,0.0,191.580866
1766062770.177755,123.923,0.0,191.580866
1766062770.8905764,123.914,0.0,191.580866
1766062771.467504,123.905,0.0,191.580866
1766062772.045553,123.903,0.0,191.580866
1766062772.6233857,123.903,0.0,191.580866
1766062773.2772236,123.903,0.0,191.580866
1766062773.8526027,123.903,0.0,191.580866
1766062774.4311125,123.903,0.0,191.580866
1766062775.008695,123.899,0.0,191.580866
1766062777.6662107,123.875,0.0,191.580866
1766062778.2463987,123.874,0.0,191.580866
1766062778.8230934,123.886,0.0,191.580866
1766062779.3985841,123.877,0.0,191.580866
1766062779.9758344,123.877,0.0,191.580866
1766062780.5511577,123.877,0.0,191.580866
1766062781.1289663,123.882,0.0,191.580866
1766062781.7038448,123.874,0.0,191.580866
1766062782.280828,123.876,0.0,191.580866
1766062782.8555903,123.876,0.0,191.580866
1766062783.50484,123.882,0.0,191.580866
1766062784.078735,123.876,0.0,191.580866
1766062786.7292187,123.876,0.0,191.580866
1766062787.3050504,123.884,0.0,191.580866
1766062787.8802254,123.884,0.0,191.580866
1766062788.4550593,123.883,0.0,191.580866
1766062789.0289416,123.882,0.0,191.580866
1766062789.6067758,123.882,0.0,191.580866
1766062790.1840296,123.884,0.0,191.580866
1766062790.766311,123.887,0.0,191.580866
1766062791.3404832,123.886,0.0,191.580866
1766062791.9171343,123.886,0.0,191.580866
1766062792.4928305,123.886,0.0,191.580866
1766062793.0724823,123.886,0.0,191.580866
1766062793.8552506,123.886,0.0,191.580866
1766062794.5685952,123.886,0.0,191.580866
1766062797.3537052,123.887,0.0,191.580866
1766062797.927756,123.887,0.0,191.580866
1766062798.5049582,123.887,0.0,191.580866
1766062799.0833044,123.886,0.0,191.580866
1766062799.6584492,123.883,0.0,191.580866
1766062800.2366366,123.88,0.0,191.580866
1766062800.814798,123.893,0.0,191.580866
1766062801.3922782,123.898,0.0,191.580866
1766062801.9997227,123.898,0.0,191.580866
1766062802.797457,123.916,0.0,191.580866
1766062803.3938627,123.916,0.0,191.580866
1766062804.3346486,123.898,0.0,191.580866
1766062807.2345603,123.908,0.0,191.580866
1766062807.8131838,123.908,0.0,191.580866
1766062808.3917415,123.92,0.0,191.580866
1766062809.1517243,123.916,0.0,191.580866
1766062809.7321987,123.916,0.0,191.580866
1766062810.3140004,123.916,0.0,191.580866
1766062810.8924096,123.916,0.0,191.580866
1766062811.4729764,123.916,0.0,191.580866
1766062812.0627406,123.926,0.0,191.580866
1766062812.643543,123.911,0.0,191.580866
1766062813.2204804,123.911,0.0,191.580866
1766062813.9294477,123.911,0.0,191.580866
1766062816.6587584,123.912,0.0,191.580866
1766062817.246603,123.912,0.0,191.580866
1766062817.823499,123.918,0.0,191.580866
1766062818.4080741,123.911,0.0,191.580866
1766062818.985071,123.911,0.0,191.580866
1766062819.565897,123.917,0.0,191.580866
1766062820.145741,123.914,0.0,191.580866
1766062820.863448,123.92,0.0,191.580866
1766062821.4430046,123.916,0.0,191.580866
1766062822.0244122,123.916,0.0,191.580866
1766062822.6000063,123.921,0.0,191.580866
1766062823.1770308,123.924,0.0,191.580866
1766062823.7541153,123.924,0.0,191.580866
1766062826.4065058,123.914,0.0,191.580866
1766062827.0711415,123.92,0.0,191.580866
1766062827.6777277,123.92,0.0,191.580866
1766062828.2531471,123.924,0.0,191.580866
1766062828.8289855,123.931,0.0,191.580866
1766062829.4056523,123.935,0.0,191.580866
1766062829.984503,123.948,0.0,191.580866
1766062830.696162,123.948,0.0,191.580866
1766062831.2728715,123.944,0.0,191.580866
1766062833.9953618,123.957,0.0,191.580866
1766062834.572412,123.957,0.0,191.580866
1766062835.148853,123.955,0.0,191.580866
1766062835.8577678,123.955,0.0,191.580866
1766062836.4352381,123.967,0.0,191.580866
1766062837.1593337,123.971,0.0,191.580866
1766062837.7355537,123.983,0.0,191.580866
1766062838.3141124,124.021,0.0,191.580866
1766062838.8892658,124.013,0.0,191.580866
1766062841.6791022,124.013,0.0,191.580866
1766062842.255472,123.997,0.0,191.580866
1766062842.8320105,123.997,0.0,191.580866
1766062843.4071488,124.009,0.0,191.580866
1766062843.9853597,123.999,0.0,191.580866
1766062844.560111,123.999,0.0,191.580866
1766062845.1352627,123.999,0.0,191.580866
1766062845.713109,123.999,0.0,191.580866
1766062846.3101916,123.989,0.0,191.580866
1766062846.885304,123.989,0.0,191.580866
1766062849.894969,123.988,0.0,191.580866
1766062850.4709644,124.002,0.0,191.580866
1766062851.0500324,124.002,0.0,191.580866
1766062851.6266143,124.016,0.0,191.580866
1766062852.2012124,124.014,0.0,191.580866
1766062852.781164,124.014,0.0,191.580866
1766062853.4900653,124.014,0.0,191.580866
1766062854.0670989,124.014,0.0,191.580866
1766062854.6430435,124.014,0.0,191.580866
1766062855.2226584,124.033,0.0,191.580866
1766062855.7968886,124.015,0.0,191.580866
1766062856.3805008,124.015,0.0,191.580866
1766062856.956293,124.017,0.0,191.580866
1766062857.6070235,124.024,0.0,191.580866
1766062860.2598338,123.998,0.0,191.580866
1766062860.8350027,124.01,0.0,191.580866
1766062861.543456,124.002,0.0,191.580866
1766062862.1203294,124.025,0.0,191.580866
1766062862.6969855,124.032,0.0,191.580866
1766062863.273401,124.028,0.0,191.580866
1766062863.987354,124.023,0.0,191.580866
1766062864.6989963,124.023,0.0,191.580866
1766062865.290036,124.035,0.0,191.580866
1766062865.8650343,124.035,0.0,191.580866
1766062866.4416826,124.036,0.0,191.580866
1766062867.0243182,124.031,0.0,191.580866
1766062867.6950097,124.031,0.0,191.580866
1766062868.3187053,124.036,0.0,191.580866
1766062868.8938453,124.036,0.0,191.580866
1766062871.5471728,124.042,0.0,191.580866
1766062873.6600053,124.073,0.0,191.580866
1766062874.2370553,124.1,0.0,191.580866
1766062874.8139408,124.1,0.0,191.580866
1766062875.3884916,124.089,0.0,191.580866
1766062875.9666932,124.066,0.0,191.580866
1766062876.5439825,124.068,0.0,191.580866
1766062877.1192195,124.068,0.0,191.580866
1766062877.777976,124.074,0.0,191.580866
1766062878.3536506,124.09,0.0,191.580866
1766062878.928291,124.09,0.0,191.580866
1766062879.6437638,124.101,0.0,191.580866
1766062880.2195182,124.101,0.0,191.580866
1766062880.7961473,124.101,0.0,191.580866
1766062881.3723853,124.146,0.0,191.580866
1766062881.9520755,124.143,0.0,191.580866
1766062882.6631544,124.144,0.0,191.580866
1766062883.2470877,124.127,0.0,191.580866
1766062883.8218935,124.115,0.0,191.580866
1766062886.4756525,124.144,0.0,191.580866
1766062887.0529163,124.148,0.0,191.580866
1766062887.62675,124.148,0.0,191.580866
1766062888.283411,124.148,0.0,191.580866
1766062888.994244,124.163,0.0,191.580866
1766062889.5734627,124.163,0.0,191.580866
1766062890.283219,124.163,0.0,191.580866
1766062890.8599894,124.163,0.0,191.580866
1766062891.443617,124.163,0.0,191.580866
1766062892.01845,124.213,0.0,191.580866
1766062894.6775894,124.248,0.0,191.580866
1766062895.2552633,124.225,0.0,191.580866
1766062895.8309565,124.223,0.0,191.580866
1766062896.4053543,124.223,0.0,191.580866
1766062896.9814444,124.195,0.0,191.580866
1766062897.5547724,124.196,0.0,191.580866
1766062898.1311698,124.204,0.0,191.580866
1766062898.7950485,124.21,0.0,191.580866
1766062901.447659,124.267,0.0,191.580866
1766062902.1615608,124.286,0.0,191.580866
1766062902.7665627,124.334,0.0,191.580866
1766062903.342824,124.334,0.0,191.580866
1766062903.92164,124.351,0.0,191.580866
1766062904.4974298,124.352,0.0,191.580866
1766062905.079117,124.377,0.0,191.580866
1766062905.6628852,124.375,0.0,191.580866
1766062906.2449265,124.375,0.0,191.580866
1766062906.8211007,124.368,0.0,191.580866
1766062907.39592,124.368,0.0,191.580866
1766062907.9745374,124.359,0.0,191.580866
1766062908.5583413,124.359,0.0,191.580866
1766062911.2917027,124.386,0.0,191.580866
1766062911.8682115,124.404,0.0,191.580866
1766062912.5807362,124.403,0.0,191.580866
1766062913.1703365,124.402,0.0,191.580866
1766062913.7453077,124.402,0.0,191.580866
1766062914.3222656,124.402,0.0,191.580866
1766062914.9068954,124.387,0.0,191.580866
1766062915.4839234,124.407,0.0,191.580866
1766062916.0598772,124.429,0.0,191.580866
1766062916.6360953,124.445,0.0,191.580866
1766062917.223603,124.445,0.0,191.580866
1766062917.8019783,124.496,0.0,191.580866
1766062918.3821008,124.457,0.0,191.580866
1766062921.0359674,124.409,0.0,191.580866
1766062925.6772904,124.567,1.0,191.59586599999997
1766062926.2859185,124.623,1.0,191.59586599999997
1766062926.8619509,124.617,1.0,191.59586599999997
1766062927.438349,124.621,1.0,191.59586599999997
1766062928.0163252,124.677,1.0,191.59586599999997
1766062928.5914922,124.672,1.0,191.59586599999997
1766062929.168903,124.695,1.0,191.59586599999997
1766062929.7489207,124.704,1.0,191.59586599999997
1766062930.3239412,124.726,1.0,191.59586599999997
1766062930.9004686,124.718,1.0,191.59586599999997
1766062931.486804,124.651,1.0,191.59586599999997
1766062932.1489465,124.713,1.0,191.813866
1766062932.7245393,124.721,1.0,191.813866
1766062933.309693,124.712,1.0,191.813866
1766062934.0237029,124.701,1.0,191.813866
1766062934.6040616,124.695,1.0,191.813866
1766062935.1819372,124.679,1.0,191.813866
1766062935.7599602,124.674,1.0,191.813866
1766062936.341111,124.652,1.0,191.813866
1766062936.916587,124.733,1.0,191.813866
1766062937.494913,124.721,1.0,191.813866
1766062938.072074,124.675,1.0,191.813866
1766062938.6513042,124.676,1.0,191.813866
1766062939.2419116,124.656,1.0,191.813866
1766062941.8944187,124.742,1.0,191.813866
1766062942.5628667,124.728,1.0,191.824866
1766062943.2765555,124.725,1.0,191.824866
1766062943.8854735,124.731,1.0,191.824866
1766062944.463475,124.723,1.0,191.824866
1766062945.1773624,124.674,1.0,191.824866
1766062945.7596714,124.654,1.0,191.824866
1766062946.3424823,124.567,1.0,191.824866
1766062946.9207292,124.549,1.0,191.824866
1766062947.4947436,124.482,1.0,191.824866
1766062950.1510537,124.496,1.0,191.824866
1766062950.739594,124.505,1.0,191.824866
1766062951.3155203,124.498,1.0,191.824866
1766062952.0327575,124.483,1.0,191.824866
1766062952.7429237,124.5,1.0,191.824866
1766062953.4020162,124.494,1.0,191.604866
1766062953.9777963,124.507,1.0,191.604866
1766062954.553806,124.506,1.0,191.604866
1766062955.1314387,124.47,1.0,191.604866
1766062957.793745,124.497,1.0,191.604866
1766062958.373966,124.468,1.0,191.604866
1766062958.9507763,124.485,1.0,191.604866
1766062959.5332227,124.516,1.0,191.604866
1766062960.1086287,124.525,1.0,191.604866
1766062960.6861804,124.525,1.0,191.604866
1766062961.2623258,124.501,1.0,191.604866
1766062961.8393173,124.501,1.0,191.604866
1766062962.4167104,124.516,1.0,191.604866
1766062962.9911125,124.523,1.0,191.604866
1766062963.6449482,124.508,1.0,191.604866
1766062964.219609,124.493,1.0,191.604866
1766062964.797584,124.502,1.0,191.604866
1766062967.454869,124.516,1.0,191.604866
1766062968.0321522,124.515,1.0,191.604866
1766062968.6074846,124.515,1.0,191.604866
1766062969.1912022,124.515,1.0,191.604866
1766062969.7654548,124.515,1.0,191.604866
1766062970.4753532,124.501,1.0,191.604866
1766062971.0528917,124.501,1.0,191.604866
1766062971.6310723,124.49,1.0,191.604866
1766062972.2069547,124.49,1.0,191.604866
1766062972.7843084,124.493,1.0,191.604866
1766062973.362966,124.492,1.0,191.604866
1766062974.0113401,124.471,1.0,191.604866
1766062974.587856,124.471,1.0,191.604866
1766062977.2433314,124.471,1.0,191.604866
1766062977.8196557,124.493,1.0,191.604866
1766062978.5364053,124.499,1.0,191.604866
1766062979.1126523,124.499,1.0,191.604866
1766062979.6919706,124.493,1.0,191.604866
1766062980.2732818,124.511,1.0,191.604866
1766062980.851836,124.466,1.0,191.604866
1766062981.432918,124.506,1.0,191.604866
1766062982.0486457,124.535,1.0,191.604866
1766062982.6271393,124.56,1.0,191.604866
1766062983.221052,124.585,1.0,191.604866
1766062984.0033057,124.575,1.0,191.604866
1766062984.658564,124.583,1.0,191.604866
1766062985.234815,124.592,1.0,191.604866
1766062985.8143618,124.578,1.0,191.604866
1766062988.4777966,124.622,1.0,191.604866
1766062989.085835,124.627,1.0,191.604866
1766062989.678499,124.627,1.0,191.604866
1766062990.3413463,124.613,1.0,191.604866
1766062990.9201386,124.613,1.0,191.604866
1766062991.5025764,124.637,1.0,191.604866
1766062992.0782874,124.634,1.0,191.604866
1766062992.6600392,124.638,1.0,191.604866
1766062993.235996,124.648,1.0,191.604866
1766062993.94398,124.62,1.0,191.604866
1766062996.6820462,124.596,1.0,191.74486599999997
1766062997.2598288,124.531,1.0,191.74486599999997
1766062997.835304,124.531,1.0,191.74486599999997
1766062998.4151545,124.513,1.0,191.74486599999997
1766062998.9965854,124.517,1.0,191.74486599999997
1766062999.5719507,124.529,1.0,191.74486599999997
1766063000.1498795,124.526,1.0,191.74486599999997
1766063000.7298338,124.526,1.0,191.74486599999997
1766063001.3967898,124.539,1.0,191.74486599999997
1766063001.9825122,124.539,1.0,191.74486599999997
1766063002.5667825,124.516,1.0,191.74486599999997
1766063003.1497638,124.516,1.0,191.74486599999997
1766063005.8153255,124.571,1.0,191.74486599999997
1766063006.4822772,124.573,1.0,191.640866
1766063007.0651212,124.568,1.0,191.640866
1766063007.6449757,124.568,1.0,191.640866
1766063008.223883,124.573,1.0,191.640866
1766063008.8033385,124.572,1.0,191.640866
1766063009.4113953,124.546,1.0,191.640866
1766063010.016969,124.542,1.0,191.640866
1766063010.6133895,124.542,1.0,191.640866
1766063013.2831268,124.539,1.0,191.640866
1766063013.860799,124.533,1.0,191.640866
1766063014.4427738,124.519,1.0,191.640866
1766063015.0211744,124.5,1.0,191.640866
1766063015.5982864,124.508,1.0,191.640866
1766063016.172977,124.493,1.0,191.640866
1766063016.8334851,124.493,1.0,191.623866
1766063017.4163938,124.483,1.0,191.623866
1766063018.0317328,124.482,1.0,191.623866
1766063020.6901968,124.518,1.0,191.623866
1766063021.2682424,124.514,1.0,191.623866
1766063021.8431568,124.516,1.0,191.623866
1766063022.42181,124.514,1.0,191.623866
1766063022.998022,124.525,1.0,191.623866
1766063023.5843961,124.525,1.0,191.623866
1766063024.1660364,124.536,1.0,191.623866
1766063024.748597,124.536,1.0,191.623866
1766063025.324455,124.491,1.0,191.623866
1766063025.929997,124.488,1.0,191.623866
1766063026.5090523,124.463,1.0,191.623866
1766063027.1694515,124.456,1.0,191.623866
1766063027.7485306,124.444,1.0,191.623866
1766063030.4001112,124.434,1.0,191.623866
1766063030.977007,124.434,1.0,191.623866
1766063031.5842042,124.427,1.0,191.623866
1766063032.1612551,124.428,1.0,191.623866
1766063032.7365851,124.428,1.0,191.623866
1766063033.4760504,124.425,1.0,191.623866
1766063034.134447,124.433,1.0,191.623866
1766063034.711452,124.433,1.0,191.623866
1766063035.2907455,124.433,1.0,191.623866
1766063036.0100055,124.462,1.0,191.623866
1766063036.5877934,124.456,1.0,191.623866
1766063037.269704,124.441,1.0,191.623866
1766063037.980918,124.441,1.0,191.623866
1766063038.5554373,124.463,1.0,191.623866
1766063039.1357198,124.463,1.0,191.623866
1766063041.7938924,124.45,1.0,191.623866
1766063042.373663,124.461,1.0,191.623866
1766063042.9516265,124.461,1.0,191.623866
1766063043.5269454,124.447,1.0,191.623866
1766063044.1039593,124.44,1.0,191.623866
1766063044.8035507,124.448,1.0,191.623866
1766063045.389528,124.46,1.0,191.623866
1766063046.1013741,124.454,1.0,191.623866
1766063046.678229,124.455,1.0,191.623866
1766063047.335074,124.449,1.0,191.56286599999999
1766063050.0101275,124.472,1.0,191.56286599999999
1766063050.7223303,124.491,1.0,191.56286599999999
1766063051.3009555,124.501,1.0,191.56286599999999
1766063051.8802571,124.501,1.0,191.56286599999999
1766063052.4634292,124.487,1.0,191.56286599999999
1766063053.0412664,124.465,1.0,191.56286599999999
1766063053.6176348,124.466,1.0,191.56286599999999
1766063054.211157,124.465,1.0,191.56286599999999
1766063054.7975402,124.467,1.0,191.56286599999999
1766063055.3746772,124.468,1.0,191.56286599999999
1766063056.0870423,124.464,1.0,191.56286599999999
1766063056.666543,124.459,1.0,191.56286599999999
1766063057.2515776,124.46,1.0,191.56286599999999
1766063057.9047542,124.498,1.0,191.56286599999999
1766063060.5594199,124.478,1.0,191.56286599999999
1766063061.1372836,124.478,1.0,191.56286599999999
1766063061.7279594,124.478,1.0,191.56286599999999
1766063062.3203585,124.48,1.0,191.56286599999999
1766063062.901413,124.48,1.0,191.56286599999999
1766063063.4777257,124.495,1.0,191.56286599999999
1766063064.0545805,124.493,1.0,191.56286599999999
1766063064.6340086,124.493,1.0,191.56286599999999
1766063065.2106056,124.493,1.0,191.56286599999999
1766063065.7852092,124.496,1.0,191.56286599999999
1766063066.4959044,124.5,1.0,191.56286599999999
1766063067.069577,124.5,1.0,191.56286599999999
1766063067.6462479,124.504,1.0,191.56286599999999
1766063068.3012815,124.513,1.0,191.56286599999999
1766063070.955089,124.505,1.0,191.56286599999999
1766063071.5382304,124.505,1.0,191.56286599999999
1766063072.113412,124.464,1.0,191.56286599999999
1766063072.688955,124.464,1.0,191.56286599999999
1766063073.2650185,124.464,1.0,191.56286599999999
1766063073.979231,124.478,1.0,191.56286599999999
1766063074.5565524,124.478,1.0,191.56286599999999
1766063075.1341136,124.527,1.0,191.56286599999999
1766063075.7146878,124.527,1.0,191.56286599999999
1766063076.423408,124.52,1.0,191.56286599999999
1766063076.998813,124.526,1.0,191.56286599999999
1766063077.5738158,124.526,1.0,191.56286599999999
1766063078.148626,124.527,1.0,191.56286599999999
1766063078.7976956,124.518,1.0,191.56286599999999
1766063081.462115,124.535,1.0,191.56286599999999
1766063082.0558653,124.535,1.0,191.56286599999999
1766063082.768608,124.528,1.0,191.56286599999999
1766063083.345438,124.525,1.0,191.56286599999999
1766063083.9217687,124.528,1.0,191.56286599999999
1766063084.6331778,124.528,1.0,191.56286599999999
1766063085.2641597,124.528,1.0,191.56286599999999
1766063085.9714699,124.528,1.0,191.56286599999999
1766063086.5464015,124.546,1.0,191.56286599999999
1766063087.1329832,124.552,1.0,191.56286599999999
1766063087.709454,124.55,1.0,191.56286599999999
1766063088.2932823,124.552,1.0,191.56286599999999
1766063088.9473302,124.549,1.0,191.56286599999999
1766063089.523897,124.529,1.0,191.56286599999999
1766063090.1270304,124.529,1.0,191.56286599999999
1766063092.7811997,124.56,1.0,191.56286599999999
1766063093.373835,124.576,1.0,191.56286599999999
1766063093.9536915,124.576,1.0,191.56286599999999
1766063094.5318522,124.58,1.0,191.56286599999999
1766063095.3594563,124.58,1.0,191.56286599999999
1766063096.0727522,124.588,1.0,191.56286599999999
1766063096.653054,124.586,1.0,191.56286599999999
1766063097.2365177,124.558,1.0,191.56286599999999
1766063097.811358,124.582,1.0,191.56286599999999
1766063098.395781,124.584,1.0,191.56286599999999
1766063099.0667672,124.584,1.0,191.689866
1766063101.7480783,124.564,1.0,191.689866
1766063102.9381883,124.573,1.0,191.689866
1766063103.9939885,124.588,1.0,191.689866
1766063104.843127,124.588,1.0,191.689866
1766063105.4376726,124.573,1.0,191.689866
1766063106.261445,124.576,1.0,191.689866
1766063106.8786588,124.573,1.0,191.689866
1766063107.5560977,124.542,1.0,191.689866
1766063108.3714948,124.546,1.0,191.689866
1766063108.9618132,124.522,1.0,191.689866
1766063109.7061439,124.522,1.0,191.641866
1766063110.3714998,124.545,1.0,191.641866
1766063110.9522436,124.565,1.0,191.641866
1766063111.6220486,124.548,1.0,191.641866
1766063112.2514124,124.546,1.0,191.641866
1766063112.8463693,124.546,1.0,191.641866
1766063113.4312687,124.547,1.0,191.641866
1766063114.274335,124.546,1.0,191.641866
1766063115.1455197,124.548,1.0,191.641866
1766063115.7260811,124.548,1.0,191.641866
1766063116.3424993,124.546,1.0,191.641866
1766063117.0861123,124.517,1.0,191.641866
1766063117.6869016,124.543,1.0,191.641866
1766063118.711591,124.527,1.0,191.641866
1766063119.430408,124.524,1.0,191.641866
1766063120.2449257,124.523,1.0,191.63186599999997
1766063120.8261218,124.523,1.0,191.63186599999997
1766063123.4883208,124.496,1.0,191.63186599999997
1766063124.2051868,124.493,1.0,191.63186599999997
1766063124.9917526,124.49,1.0,191.63186599999997
1766063125.5702548,124.49,1.0,191.63186599999997
1766063126.299509,124.46,1.0,191.63186599999997
1766063126.8801477,124.46,1.0,191.63186599999997
1766063127.4650686,124.477,1.0,191.63186599999997
1766063128.0424774,124.46,1.0,191.63186599999997
1766063128.7538695,124.456,1.0,191.63186599999997
1766063129.3347235,124.454,1.0,191.63186599999997
1766063130.0676446,124.455,1.0,191.571866
1766063130.7948923,124.454,1.0,191.571866
1766063131.5111825,124.453,1.0,191.571866
1766063132.0873137,124.467,1.0,191.571866
1766063132.8001006,124.467,1.0,191.571866
1766063135.452759,124.481,1.0,191.571866
1766063136.02769,124.507,1.0,191.571866
1766063136.7348974,124.508,1.0,191.571866
1766063137.3113012,124.497,1.0,191.571866
1766063137.9184313,124.489,1.0,191.571866
1766063138.634144,124.495,1.0,191.571866
1766063139.2114434,124.495,1.0,191.571866
1766063139.7905326,124.476,1.0,191.571866
1766063140.4571512,124.468,1.0,191.60186599999997
1766063141.0318415,124.472,1.0,191.60186599999997
1766063143.869059,124.459,1.0,191.60186599999997
1766063144.4542701,124.447,1.0,191.60186599999997
1766063145.0404587,124.447,1.0,191.60186599999997
1766063145.6162286,124.447,1.0,191.60186599999997
1766063146.1961377,124.434,1.0,191.60186599999997
1766063146.7814548,124.434,1.0,191.60186599999997
1766063147.3589249,124.429,1.0,191.60186599999997
1766063148.0719833,124.428,1.0,191.60186599999997
1766063148.648619,124.4,1.0,191.60186599999997
1766063149.251467,124.339,1.0,191.60186599999997
1766063155.7821076,124.305,0.0,191.452866
1766063156.4478092,124.306,0.0,191.452866
1766063157.1578553,124.306,0.0,191.452866
1766063157.7433677,124.305,0.0,191.452866
1766063158.3206565,124.322,0.0,191.452866
1766063159.0333378,124.328,0.0,191.452866
1766063159.6097791,124.328,0.0,191.452866
1766063160.1870296,124.351,0.0,191.452866
1766063164.3044717,124.344,1.0,191.446866
1766063164.8818643,124.349,1.0,191.446866
1766063165.4589927,124.372,1.0,191.446866
1766063166.038297,124.366,1.0,191.446866
1766063166.8397908,124.366,1.0,191.446866
1766063167.4157617,124.382,1.0,191.446866
1766063167.9916515,124.382,1.0,191.446866
1766063168.5666902,124.382,1.0,191.446866
1766063169.1433084,124.375,1.0,191.446866
1766063169.7193642,124.375,1.0,191.446866
1766063170.294704,124.375,1.0,191.446866
1766063170.8775232,124.375,1.0,191.446866
1766063171.4582615,124.368,1.0,191.446866
1766063172.1676183,124.343,1.0,191.446866
1766063174.3022826,124.354,1.0,191.446866
1766063174.8813798,124.369,1.0,191.446866
1766063175.596123,124.366,1.0,191.446866
1766063176.1766891,124.392,1.0,191.446866
1766063176.8468204,124.392,1.0,191.466866
1766063177.4439077,124.402,1.0,191.466866
1766063178.0186949,124.402,1.0,191.466866
1766063178.5949852,124.402,1.0,191.466866
1766063179.3128228,124.402,1.0,191.466866
1766063179.8897066,124.402,1.0,191.466866
1766063180.4709587,124.402,1.0,191.466866
1766063181.0514963,124.393,1.0,191.466866
1766063181.6308084,124.419,1.0,191.466866
1766063182.2251396,124.419,1.0,191.466866
1766063182.8041036,124.409,1.0,191.466866
1766063183.3812022,124.412,1.0,191.466866
1766063183.963367,124.412,1.0,191.466866
1766063184.5479715,124.41,1.0,191.466866
1766063185.1679866,124.397,1.0,191.466866
1766063185.7455225,124.397,1.0,191.466866
1766063186.3214195,124.41,1.0,191.466866
1766063186.988017,124.393,1.0,191.517866
1766063187.5842974,124.393,1.0,191.517866
1766063188.2991903,124.392,1.0,191.517866
1766063189.0265634,124.387,1.0,191.517866
1766063189.6049232,124.395,1.0,191.517866
1766063190.1840162,124.392,1.0,191.517866
1766063190.766903,124.392,1.0,191.517866
1766063191.4820068,124.392,1.0,191.517866
1766063192.1589959,124.392,1.0,191.517866
1766063194.8137507,124.387,1.0,191.517866
1766063195.389282,124.375,1.0,191.517866
1766063195.96838,124.375,1.0,191.517866
1766063196.557951,124.373,1.0,191.517866
1766063197.2639296,124.373,1.0,191.477866
1766063197.8389647,124.375,1.0,191.477866
1766063198.4147294,124.37,1.0,191.477866
1766063198.989417,124.37,1.0,191.477866
1766063199.5650945,124.37,1.0,191.477866
1766063202.2230272,124.371,1.0,191.477866
1766063202.80063,124.371,1.0,191.477866
1766063203.3870294,124.35,1.0,191.477866
1766063203.9719262,124.322,1.0,191.477866
1766063204.5502918,124.322,1.0,191.477866
1766063205.1268106,124.323,1.0,191.477866
1766063205.71125,124.341,1.0,191.477866
1766063206.2930288,124.341,1.0,191.477866
1766063206.8717215,124.341,1.0,191.477866
1766063207.5329897,124.344,1.0,191.477866
1766063208.2463226,124.32,1.0,191.477866
1766063208.8220704,124.32,1.0,191.477866
1766063209.3983226,124.315,1.0,191.477866
1766063212.0550418,124.315,1.0,191.477866
1766063212.773463,124.315,1.0,191.477866
1766063213.3549826,124.315,1.0,191.477866
1766063213.9602232,124.315,1.0,191.477866
1766063214.5360527,124.315,1.0,191.477866
1766063215.11572,124.315,1.0,191.477866
1766063215.6941307,124.307,1.0,191.477866
1766063216.2737348,124.307,1.0,191.477866
1766063216.8538942,124.307,1.0,191.477866
1766063217.5671356,124.311,1.0,191.477866
1766063220.3319137,124.28,1.0,191.418866
1766063220.9161727,124.305,1.0,191.418866
1766063221.4955406,124.294,1.0,191.418866
1766063222.1291049,124.301,1.0,191.418866
1766063222.7205517,124.301,1.0,191.418866
1766063223.3035116,124.308,1.0,191.418866
1766063223.999622,124.308,1.0,191.418866
1766063224.5760872,124.321,1.0,191.418866
1766063225.1721706,124.309,1.0,191.418866
1766063225.8931751,124.309,1.0,191.418866
1766063226.6294074,124.313,1.0,191.418866
1766063227.2390187,124.313,1.0,191.418866
1766063227.8156588,124.313,1.0,191.418866
1766063228.4739587,124.305,1.0,191.418866
1766063229.0505688,124.315,1.0,191.418866
1766063229.6334562,124.315,1.0,191.418866
1766063232.3200724,124.272,1.0,191.418866
1766063232.949488,124.272,1.0,191.418866
1766063233.539844,124.224,1.0,191.418866
1766063234.2665222,124.117,1.0,191.418866
1766063241.3066616,124.142,0.0,191.235866
1766063241.9654865,124.135,0.0,191.235866
1766063242.5421984,124.134,0.0,191.235866
1766063243.2571576,124.15,0.0,191.235866
1766063243.8366745,124.15,0.0,191.235866
1766063244.432957,124.162,0.0,191.235866
1766063245.0107484,124.162,0.0,191.235866
1766063245.5866742,124.162,0.0,191.235866
1766063246.164017,124.176,0.0,191.235866
1766063246.7508447,124.171,0.0,191.235866
1766063247.4293332,124.191,0.0,191.235866
1766063248.2415795,124.201,0.0,191.235866
1766063248.879176,124.209,0.0,191.235866
1766063249.4850657,124.218,0.0,191.235866
1766063250.076129,124.21,0.0,191.235866
1766063250.7880807,124.212,0.0,191.235866
1766063251.3948605,124.198,0.0,191.235866
1766063252.1963515,124.198,0.0,191.235866
1766063252.7757802,124.198,0.0,191.235866
1766063253.3514953,124.197,0.0,191.235866
1766063253.9485745,124.188,0.0,191.235866
1766063254.5257487,124.192,0.0,191.235866
1766063255.1042476,124.204,0.0,191.235866
1766063255.8293073,124.214,0.0,191.235866
1766063256.409717,124.212,0.0,191.235866
1766063257.1262405,124.198,0.0,191.235866
1766063257.7074761,124.201,0.0,191.235866
1766063258.4631896,124.197,0.0,191.235866
1766063259.6194701,124.201,0.0,191.235866
1766063260.4468677,124.204,0.0,191.235866
1766063261.0344,124.219,0.0,191.235866
1766063261.6198874,124.219,0.0,191.235866
1766063262.4153886,124.21,0.0,191.235866
1766063263.037845,124.213,0.0,191.235866
1766063263.6825764,124.212,0.0,191.235866
1766063264.2655752,124.211,0.0,191.235866
1766063264.9087048,124.211,0.0,191.235866
1766063265.4833932,124.212,0.0,191.235866
1766063266.0604622,124.212,0.0,191.235866
1766063266.6477928,124.213,0.0,191.235866
1766063267.2395856,124.241,0.0,191.235866
1766063267.8242476,124.248,0.0,191.235866
1766063268.4634416,124.262,0.0,191.235866
1766063269.042015,124.257,0.0,191.235866
1766063269.6197653,124.257,0.0,191.235866
1766063270.2006493,124.281,0.0,191.235866
1766063272.855537,124.277,0.0,191.235866
1766063273.6523669,124.28,0.0,191.235866
1766063274.229381,124.28,0.0,191.235866
1766063274.8044844,124.281,0.0,191.235866
1766063275.3807352,124.281,0.0,191.235866
1766063276.096673,124.281,0.0,191.235866
1766063276.672759,124.277,0.0,191.235866
1766063277.2621746,124.277,0.0,191.235866
1766063277.843032,124.277,0.0,191.235866
1766063278.4191937,124.277,0.0,191.235866
1766063281.0806794,124.299,0.0,191.235866
1766063285.5757031,124.292,1.0,191.243866
1766063286.2422159,124.298,1.0,191.243866
1766063286.827321,124.298,1.0,191.243866
1766063287.4079344,124.319,1.0,191.243866
1766063287.9852667,124.308,1.0,191.243866
1766063288.696461,124.301,1.0,191.243866
1766063289.2755053,124.311,1.0,191.243866
1766063289.8968654,124.309,1.0,191.243866
1766063290.4816773,124.312,1.0,191.243866
1766063291.0570083,124.323,1.0,191.243866
1766063291.7204874,124.334,1.0,191.243866
1766063292.4324677,124.343,1.0,191.243866
1766063293.0234816,124.314,1.0,191.243866
1766063293.603927,124.306,1.0,191.243866
1766063294.1886327,124.33,1.0,191.243866
1766063294.7701502,124.33,1.0,191.243866
1766063295.5883718,124.33,1.0,191.243866
1766063296.1646686,124.374,1.0,191.243866
1766063296.9906542,124.373,1.0,191.28086599999997
1766063297.5773718,124.374,1.0,191.28086599999997
1766063298.154976,124.374,1.0,191.28086599999997
1766063298.7330306,124.373,1.0,191.28086599999997
1766063299.3130574,124.374,1.0,191.28086599999997
1766063299.8885438,124.374,1.0,191.28086599999997
1766063300.464856,124.374,1.0,191.28086599999997
1766063301.046739,124.374,1.0,191.28086599999997
1766063301.626236,124.374,1.0,191.28086599999997
1766063304.2842727,124.405,1.0,191.28086599999997
1766063304.859842,124.408,1.0,191.28086599999997
1766063305.4439638,124.4,1.0,191.28086599999997
1766063306.0200653,124.405,1.0,191.28086599999997
1766063306.73672,124.398,1.0,191.28086599999997
1766063307.3965929,124.404,1.0,191.349866
1766063307.9726107,124.404,1.0,191.349866
1766063308.5477748,124.418,1.0,191.349866
1766063309.1256394,124.394,1.0,191.349866
1766063311.9305167,124.412,1.0,191.349866
1766063312.5067499,124.412,1.0,191.349866
1766063313.2285628,124.417,1.0,191.349866
1766063313.8111532,124.4,1.0,191.349866
1766063314.4037926,124.394,1.0,191.349866
1766063315.0318918,124.394,1.0,191.349866
1766063315.9044645,124.413,1.0,191.349866
1766063316.482804,124.43,1.0,191.349866
1766063317.1410341,124.442,1.0,191.349866
1766063317.7996182,124.444,1.0,191.37186599999998
1766063318.374792,124.449,1.0,191.37186599999998
1766063318.980119,124.463,1.0,191.37186599999998
1766063319.5709856,124.488,1.0,191.37186599999998
1766063322.3773396,124.421,1.0,191.37186599999998
1766063322.9669569,124.421,1.0,191.37186599999998
1766063323.5706568,124.401,1.0,191.37186599999998
1766063324.1496017,124.406,1.0,191.37186599999998
1766063324.729735,124.406,1.0,191.37186599999998
1766063325.3436038,124.413,1.0,191.37186599999998
1766063326.0914466,124.441,1.0,191.37186599999998
1766063326.668678,124.441,1.0,191.37186599999998
1766063327.2444184,124.443,1.0,191.37186599999998
1766063327.9081967,124.443,1.0,191.38286599999998
1766063330.5796807,124.443,1.0,191.38286599999998
1766063331.1598792,124.42,1.0,191.38286599999998
1766063331.7338922,124.42,1.0,191.38286599999998
1766063332.3192358,124.42,1.0,191.38286599999998
1766063333.0334637,124.427,1.0,191.38286599999998
1766063333.6104867,124.42,1.0,191.38286599999998
1766063334.1869457,124.42,1.0,191.38286599999998
1766063334.9030423,124.459,1.0,191.38286599999998
1766063335.4819627,124.475,1.0,191.38286599999998
1766063336.0588455,124.475,1.0,191.38286599999998
1766063336.6333246,124.475,1.0,191.38286599999998
1766063337.3473992,124.486,1.0,191.38286599999998
1766063337.927576,124.487,1.0,191.38286599999998
1766063338.5847485,124.487,1.0,191.38286599999998
1766063339.1608598,124.496,1.0,191.38286599999998
1766063341.8121023,124.48,1.0,191.38286599999998
1766063342.3880043,124.484,1.0,191.38286599999998
1766063342.9814243,124.484,1.0,191.38286599999998
1766063343.6520333,124.478,1.0,191.38286599999998
1766063344.2311568,124.481,1.0,191.38286599999998
1766063344.807413,124.477,1.0,191.38286599999998
1766063345.3853743,124.468,1.0,191.38286599999998
1766063345.9709947,124.453,1.0,191.38286599999998
1766063346.573753,124.452,1.0,191.38286599999998
1766063347.155611,124.469,1.0,191.38286599999998
1766063347.733395,124.469,1.0,191.38286599999998
1766063348.31197,124.463,1.0,191.38286599999998
1766063349.1720316,124.478,1.0,191.38286599999998
1766063349.747067,124.478,1.0,191.38286599999998
1766063350.3317378,124.472,1.0,191.38286599999998
1766063352.9921052,124.53,1.0,191.38286599999998
1766063353.5712125,124.53,1.0,191.38286599999998
1766063354.1661878,124.54,1.0,191.38286599999998
1766063354.7480981,124.566,1.0,191.38286599999998
1766063355.3247077,124.57,1.0,191.38286599999998
1766063356.0395758,124.57,1.0,191.38286599999998
1766063356.6225226,124.563,1.0,191.38286599999998
1766063357.1998665,124.558,1.0,191.38286599999998
1766063357.775829,124.554,1.0,191.38286599999998
1766063358.3548942,124.549,1.0,191.38286599999998
1766063359.0154247,124.55,1.0,191.38286599999998
1766063359.6050959,124.593,1.0,191.38286599999998
1766063360.3143172,124.603,1.0,191.38286599999998
1766063360.8904915,124.625,1.0,191.38286599999998
1766063363.5533297,124.69,1.0,191.38286599999998
1766063364.1298423,124.69,1.0,191.38286599999998
1766063364.7183852,124.699,1.0,191.38286599999998
1766063365.4378138,124.718,1.0,191.38286599999998
1766063366.0192385,124.692,1.0,191.38286599999998
1766063366.5955856,124.688,1.0,191.38286599999998
1766063367.1832635,124.688,1.0,191.38286599999998
1766063367.7580857,124.711,1.0,191.38286599999998
1766063368.3344774,124.721,1.0,191.38286599999998
1766063368.9141912,124.7,1.0,191.38286599999998
1766063369.5846424,124.704,1.0,191.38286599999998
1766063370.1941857,124.704,1.0,191.38286599999998
1766063370.7761402,124.699,1.0,191.38286599999998
1766063371.3531327,124.728,1.0,191.38286599999998
1766063374.0206823,124.743,1.0,191.38286599999998
1766063374.597854,124.743,1.0,191.38286599999998
1766063375.172937,124.718,1.0,191.38286599999998
1766063375.7504606,124.717,1.0,191.38286599999998
1766063376.3307316,124.699,1.0,191.38286599999998
1766063377.0274055,124.691,1.0,191.38286599999998
1766063377.6970527,124.699,1.0,191.38286599999998
1766063378.2811618,124.69,1.0,191.38286599999998
1766063378.861149,124.652,1.0,191.38286599999998
1766063379.4428148,124.651,1.0,191.38286599999998
1766063380.2233896,124.637,1.0,191.38286599999998
1766063380.8032267,124.608,1.0,191.38286599999998
1766063381.380346,124.61,1.0,191.38286599999998
1766063382.0980096,124.617,1.0,191.38286599999998
1766063382.8100064,124.617,1.0,191.38286599999998
1766063383.3841615,124.617,1.0,191.38286599999998
1766063386.0498273,124.629,1.0,191.38286599999998
1766063386.6304693,124.629,1.0,191.38286599999998
1766063387.214016,124.625,1.0,191.38286599999998
1766063387.7908664,124.625,1.0,191.38286599999998
1766063388.369948,124.61,1.0,191.38286599999998
1766063388.9467382,124.613,1.0,191.38286599999998
1766063389.5548818,124.615,1.0,191.38286599999998
1766063390.2179697,124.615,1.0,191.56886599999999
1766063390.929777,124.615,1.0,191.56886599999999
1766063393.58403,124.614,1.0,191.56886599999999
1766063394.160705,124.614,1.0,191.56886599999999
1766063394.7406304,124.614,1.0,191.56886599999999
1766063395.3157616,124.603,1.0,191.56886599999999
1766063395.8926096,124.603,1.0,191.56886599999999
1766063396.4704926,124.603,1.0,191.56886599999999
1766063397.0470884,124.606,1.0,191.56886599999999
1766063397.7608798,124.606,1.0,191.56886599999999
1766063398.3520634,124.606,1.0,191.56886599999999
1766063398.9283192,124.606,1.0,191.56886599999999
1766063399.522905,124.607,1.0,191.56886599999999
1766063400.1072528,124.608,1.0,191.56886599999999
1766063400.7857008,124.608,1.0,191.56886599999999
1766063401.3924098,124.636,1.0,191.56886599999999
1766063402.3826506,124.689,1.0,191.56886599999999
1766063403.3289666,124.725,1.0,191.56886599999999
1766063404.1885679,124.68,1.0,191.56886599999999
1766063404.873746,124.645,1.0,191.56886599999999
1766063406.26675,124.636,1.0,191.56886599999999
1766063407.5556571,124.588,1.0,191.56886599999999
1766063408.216879,124.589,1.0,191.56886599999999
1766063409.4199672,124.585,1.0,191.56886599999999
1766063410.883547,124.588,1.0,191.56886599999999
1766063411.6378012,124.594,1.0,191.56886599999999
1766063413.414763,124.572,1.0,191.534866
1766063414.3426998,124.575,1.0,191.534866
1766063415.1769722,124.584,1.0,191.534866
1766063415.9470744,124.584,1.0,191.534866
1766063416.8743556,124.568,1.0,191.534866
1766063417.5176423,124.542,1.0,191.534866
1766063418.269679,124.555,1.0,191.534866
1766063419.515069,124.557,1.0,191.534866
1766063420.502356,124.576,1.0,191.534866
1766063421.7728863,124.601,1.0,191.534866
1766063422.4107301,124.587,1.0,191.534866
1766063423.3535147,124.586,1.0,191.540866
1766063426.1968699,124.563,1.0,191.540866
1766063427.2637007,124.57,1.0,191.540866
1766063428.4246182,124.563,1.0,191.540866
1766063429.0245001,124.562,1.0,191.540866
1766063430.0904782,124.607,1.0,191.540866
1766063430.7798162,124.607,1.0,191.540866
1766063431.8909268,124.626,1.0,191.540866
1766063432.4777908,124.66,1.0,191.540866
1766063433.204272,124.63,1.0,191.563866
1766063433.7838988,124.605,1.0,191.563866
1766063434.4827101,124.605,1.0,191.563866
1766063435.0654647,124.617,1.0,191.563866
1766063435.761907,124.609,1.0,191.563866
1766063436.3481238,124.6,1.0,191.563866
1766063437.1626735,124.59,1.0,191.563866
1766063437.7717083,124.591,1.0,191.563866
1766063438.3863213,124.584,1.0,191.563866
1766063439.1522293,124.59,1.0,191.563866
1766063439.7297995,124.6,1.0,191.563866
1766063440.3610544,124.611,1.0,191.563866
1766063440.9512436,124.612,1.0,191.563866
1766063441.8185632,124.623,1.0,191.563866
1766063442.6346703,124.612,1.0,191.563866
1766063443.3498425,124.637,1.0,191.563866
1766063444.2015312,124.647,1.0,191.565866
1766063444.830732,124.647,1.0,191.565866
1766063445.4095664,124.643,1.0,191.565866
1766063445.9865766,124.62,1.0,191.565866
1766063446.6180794,124.62,1.0,191.565866
1766063447.2038236,124.62,1.0,191.565866
1766063447.7841005,124.62,1.0,191.565866
1766063448.3605545,124.579,1.0,191.565866
1766063448.947259,124.579,1.0,191.565866
1766063449.533272,124.572,1.0,191.565866
1766063450.1090622,124.564,1.0,191.565866
1766063450.7082398,124.556,1.0,191.565866
1766063451.2860377,124.556,1.0,191.565866
1766063451.865203,124.556,1.0,191.565866
1766063452.4421139,124.556,1.0,191.565866
1766063453.025142,124.556,1.0,191.565866
1766063453.614509,124.561,1.0,191.565866
1766063454.3167937,124.563,1.0,191.516866
1766063454.899277,124.563,1.0,191.516866
1766063455.574108,124.559,1.0,191.516866
1766063456.201787,124.559,1.0,191.516866
1766063456.8089242,124.56,1.0,191.516866
1766063457.5254476,124.56,1.0,191.516866
1766063458.4197595,124.553,1.0,191.516866
1766063459.004981,124.536,1.0,191.516866
1766063459.584028,124.553,1.0,191.516866
1766063460.160474,124.543,1.0,191.516866
1766063460.8097744,124.543,1.0,191.516866
1766063461.461788,124.52,1.0,191.516866
1766063462.117059,124.49,1.0,191.516866
1766063464.8068159,124.478,1.0,191.516866
1766063465.4613242,124.486,1.0,191.44286599999998
1766063466.04211,124.497,1.0,191.44286599999998
1766063466.6217973,124.512,1.0,191.44286599999998
1766063467.1996212,124.499,1.0,191.44286599999998
1766063467.7815697,124.522,1.0,191.44286599999998
1766063468.502817,124.514,1.0,191.44286599999998
1766063469.1033802,124.534,1.0,191.44286599999998
1766063469.6839225,124.534,1.0,191.44286599999998
1766063472.366189,124.518,1.0,191.44286599999998
1766063474.4365659,124.504,1.0,191.44286599999998
1766063475.1411028,124.474,1.0,191.44286599999998
1766063475.8161824,124.469,1.0,191.46586599999998
1766063476.398418,124.463,1.0,191.46586599999998
1766063477.0155723,124.418,1.0,191.46586599999998
1766063477.7324052,124.428,1.0,191.46586599999998
1766063478.3249538,124.461,1.0,191.46586599999998
1766063478.9247491,124.461,1.0,191.46586599999998
1766063479.7357419,124.465,1.0,191.46586599999998
1766063480.404445,124.484,1.0,191.46586599999998
1766063481.1131563,124.49,1.0,191.46586599999998
1766063481.735192,124.489,1.0,191.46586599999998
1766063482.3484914,124.472,1.0,191.46586599999998
1766063482.933768,124.466,1.0,191.46586599999998
1766063483.647716,124.466,1.0,191.46586599999998
1766063484.223249,124.466,1.0,191.46586599999998
1766063484.7971282,124.466,1.0,191.46586599999998
1766063485.3769188,124.462,1.0,191.46586599999998
1766063488.2470686,124.493,1.0,191.41786599999998
1766063488.9597359,124.493,1.0,191.41786599999998
1766063489.6383224,124.494,1.0,191.41786599999998
1766063490.2190433,124.488,1.0,191.41786599999998
1766063490.797585,124.488,1.0,191.41786599999998
1766063491.3738651,124.489,1.0,191.41786599999998
1766063491.9519095,124.493,1.0,191.41786599999998
1766063492.530903,124.488,1.0,191.41786599999998
1766063493.1268203,124.483,1.0,191.41786599999998
1766063493.7361445,124.466,1.0,191.41786599999998
1766063494.3099976,124.467,1.0,191.41786599999998
1766063495.0364554,124.467,1.0,191.41786599999998
1766063495.7998128,124.467,1.0,191.41786599999998
1766063498.5795884,124.439,1.0,191.433866
1766063499.1558743,124.45,1.0,191.433866
1766063499.7349162,124.45,1.0,191.433866
1766063500.599242,124.473,1.0,191.433866
1766063501.1792324,124.472,1.0,191.433866
1766063501.7602344,124.466,1.0,191.433866
1766063502.479156,124.466,1.0,191.433866
1766063503.0559847,124.447,1.0,191.433866
1766063503.6327384,124.447,1.0,191.433866
1766063504.2089386,124.453,1.0,191.433866
1766063504.7865648,124.453,1.0,191.433866
1766063505.370302,124.462,1.0,191.433866
1766063505.9752169,124.442,1.0,191.433866
1766063506.645619,124.445,1.0,191.433866
1766063507.2299604,124.441,1.0,191.433866
1766063507.8101711,124.441,1.0,191.433866
1766063510.4641416,124.436,1.0,191.433866
1766063511.0410187,124.437,1.0,191.433866
1766063511.6187844,124.451,1.0,191.433866
1766063512.194824,124.451,1.0,191.433866
1766063512.7703779,124.451,1.0,191.433866
1766063513.344457,124.434,1.0,191.433866
1766063513.920937,124.434,1.0,191.433866
1766063514.5088522,124.434,1.0,191.433866
1766063515.0850174,124.434,1.0,191.433866
1766063515.6688974,124.434,1.0,191.433866
1766063516.2471848,124.428,1.0,191.433866
1766063516.89712,124.39,1.0,191.433866
1766063517.6077678,124.39,1.0,191.433866
1766063520.2619042,124.38,1.0,191.433866
1766063520.972659,124.38,1.0,191.433866
1766063521.6822748,124.377,1.0,191.433866
1766063522.2598262,124.379,1.0,191.433866
1766063522.837477,124.378,1.0,191.433866
1766063523.4147096,124.378,1.0,191.433866
1766063523.9897046,124.367,1.0,191.433866
1766063524.5774717,124.377,1.0,191.433866
1766063525.1548429,124.376,1.0,191.433866
1766063525.7306206,124.376,1.0,191.433866
1766063526.3066516,124.376,1.0,191.433866
1766063526.958358,124.352,1.0,191.433866
1766063527.5383563,124.357,1.0,191.433866
1766063528.1241217,124.362,1.0,191.433866
1766063530.8750763,124.31,1.0,191.433866
1766063531.4626257,124.303,1.0,191.433866
1766063532.045617,124.309,1.0,191.433866
1766063532.6201384,124.373,1.0,191.433866
1766063533.2093349,124.364,1.0,191.433866
1766063533.7860832,124.364,1.0,191.433866
1766063534.4993465,124.378,1.0,191.433866
1766063535.0761962,124.383,1.0,191.433866
1766063535.6554015,124.383,1.0,191.433866
1766063536.2316039,124.364,1.0,191.433866
1766063536.8081331,124.364,1.0,191.433866
1766063537.4639335,124.376,1.0,191.433866
1766063538.0413501,124.375,1.0,191.433866
1766063538.6165884,124.375,1.0,191.433866
1766063541.2793493,124.392,1.0,191.433866
1766063541.8607738,124.393,1.0,191.433866
1766063542.4349577,124.423,1.0,191.433866
1766063543.0166183,124.432,1.0,191.433866
1766063543.6018064,124.432,1.0,191.433866
1766063544.1795092,124.432,1.0,191.433866
1766063544.757875,124.436,1.0,191.433866
1766063545.475317,124.443,1.0,191.433866
1766063546.0542529,124.447,1.0,191.433866
1766063546.6319375,124.451,1.0,191.433866
1766063547.2181368,124.452,1.0,191.433866
1766063547.8762794,124.463,1.0,191.433866
1766063548.6096983,124.471,1.0,191.433866
1766063549.3227608,124.467,1.0,191.433866
1766063549.899633,124.442,1.0,191.433866
1766063552.5510843,124.453,1.0,191.433866
1766063553.129645,124.456,1.0,191.433866
1766063553.7072535,124.453,1.0,191.433866
1766063554.2823303,124.453,1.0,191.433866
1766063554.9937952,124.43,1.0,191.433866
1766063555.569197,124.417,1.0,191.433866
1766063556.1486993,124.422,1.0,191.433866
1766063556.724846,124.423,1.0,191.433866
1766063557.437894,124.423,1.0,191.433866
1766063558.097168,124.415,1.0,191.37186599999998
1766063558.8066916,124.415,1.0,191.37186599999998
1766063561.4587016,124.389,1.0,191.37186599999998
1766063562.0332563,124.389,1.0,191.37186599999998
1766063562.741651,124.399,1.0,191.37186599999998
1766063563.3195803,124.398,1.0,191.37186599999998
1766063563.8957152,124.399,1.0,191.37186599999998
1766063564.4715006,124.393,1.0,191.37186599999998
1766063565.0454514,124.392,1.0,191.37186599999998
1766063565.6202843,124.394,1.0,191.37186599999998
1766063566.195448,124.397,1.0,191.37186599999998
1766063566.7689145,124.397,1.0,191.37186599999998
1766063567.3461037,124.406,1.0,191.37186599999998
1766063567.993239,124.402,1.0,191.37186599999998
1766063568.5683746,124.407,1.0,191.37186599999998
1766063571.219955,124.401,1.0,191.37186599999998
1766063571.7936153,124.405,1.0,191.37186599999998
1766063572.3692248,124.402,1.0,191.37186599999998
1766063572.946113,124.409,1.0,191.37186599999998
1766063573.5221386,124.409,1.0,191.37186599999998
1766063574.2747996,124.412,1.0,191.37186599999998
1766063574.8567674,124.411,1.0,191.37186599999998
1766063575.4325182,124.411,1.0,191.37186599999998
1766063576.0087874,124.409,1.0,191.37186599999998
1766063576.584801,124.408,1.0,191.37186599999998
1766063577.1606586,124.403,1.0,191.37186599999998
1766063577.8708825,124.401,1.0,191.37186599999998
1766063578.6515787,124.393,1.0,191.37186599999998
1766063579.2323787,124.394,1.0,191.37186599999998
1766063579.943499,124.394,1.0,191.37186599999998
1766063582.6028662,124.456,1.0,191.37186599999998
1766063583.3623326,124.458,1.0,191.37186599999998
1766063584.0946207,124.485,1.0,191.37186599999998
1766063584.8316169,124.447,1.0,191.37186599999998
1766063585.5579429,124.439,1.0,191.37186599999998
1766063586.1361978,124.458,1.0,191.37186599999998
1766063586.847789,124.458,1.0,191.37186599999998
1766063587.4233825,124.464,1.0,191.37186599999998
1766063587.9978983,124.47,1.0,191.37186599999998
1766063588.7978394,124.51,1.0,191.41386599999998
1766063589.3744025,124.513,1.0,191.41386599999998
1766063589.950712,124.493,1.0,191.41386599999998
1766063590.5279143,124.482,1.0,191.41386599999998
1766063591.249718,124.484,1.0,191.41386599999998
1766063591.9619937,124.486,1.0,191.41386599999998
1766063592.6711342,124.471,1.0,191.41386599999998
1766063595.3266473,124.517,1.0,191.41386599999998
1766063595.9038978,124.517,1.0,191.41386599999998
1766063596.6162245,124.487,1.0,191.41386599999998
1766063597.1906679,124.5,1.0,191.41386599999998
1766063597.76554,124.499,1.0,191.41386599999998
1766063598.3415058,124.52,1.0,191.41386599999998
1766063599.1339273,124.53,1.0,191.44386599999999
1766063599.710456,124.533,1.0,191.44386599999999
1766063600.4213262,124.557,1.0,191.44386599999999
1766063601.0375528,124.573,1.0,191.44386599999999
1766063601.6144016,124.618,1.0,191.44386599999999
1766063604.2691393,124.723,1.0,191.44386599999999
1766063604.8529856,124.723,1.0,191.44386599999999
1766063605.4326322,124.628,1.0,191.44386599999999
1766063606.0201857,124.636,1.0,191.44386599999999
1766063606.76118,124.581,1.0,191.44386599999999
1766063607.37008,124.565,1.0,191.44386599999999
1766063608.0899265,124.525,1.0,191.44386599999999
1766063608.668669,124.525,1.0,191.44386599999999
1766063609.4585602,124.532,1.0,191.517866
1766063610.032245,124.531,1.0,191.517866
1766063610.7484512,124.531,1.0,191.517866
1766063611.3255389,124.531,1.0,191.517866
1766063613.9872236,124.578,1.0,191.517866
1766063614.5797114,124.563,1.0,191.517866
1766063615.1574373,124.549,1.0,191.517866
1766063615.7381444,124.549,1.0,191.517866
1766063616.3128197,124.614,1.0,191.517866
1766063616.8896377,124.634,1.0,191.517866
1766063617.4708085,124.644,1.0,191.517866
1766063618.0511734,124.673,1.0,191.517866
1766063618.628238,124.707,1.0,191.517866
1766063619.2099721,124.712,1.0,191.517866
1766063619.8633592,124.737,1.0,191.517866
1766063620.5811064,124.721,1.0,191.517866
1766063621.1611166,124.749,1.0,191.517866
1766063623.8429883,124.845,1.0,191.517866
1766063624.560928,124.885,1.0,191.517866
1766063625.1373796,124.894,1.0,191.517866
1766063625.7171288,124.888,1.0,191.517866
1766063626.3015249,124.855,1.0,191.517866
1766063626.8850672,124.831,1.0,191.517866
1766063627.4655747,124.78,1.0,191.517866
1766063628.0422134,124.749,1.0,191.517866
1766063628.622741,124.748,1.0,191.517866
1766063629.1980443,124.707,1.0,191.517866
1766063629.7815626,124.713,1.0,191.517866
1766063630.571701,124.712,1.0,191.517866
1766063631.1478975,124.702,1.0,191.517866
1766063631.7243917,124.717,1.0,191.517866
1766063632.3034954,124.717,1.0,191.517866
1766063634.9662387,124.663,1.0,191.517866
1766063635.547414,124.637,1.0,191.517866
1766063636.1301584,124.637,1.0,191.517866
1766063636.708218,124.611,1.0,191.517866
1766063637.4128954,124.591,1.0,191.517866
1766063637.9900055,124.591,1.0,191.517866
1766063638.58022,124.585,1.0,191.517866
1766063639.1574864,124.585,1.0,191.517866
1766063639.7370028,124.549,1.0,191.517866
1766063640.48424,124.534,1.0,191.517866
1766063643.3679657,124.611,1.0,191.521866
1766063644.0806384,124.596,1.0,191.521866
1766063644.6602085,124.605,1.0,191.521866
1766063645.2393582,124.632,1.0,191.521866
1766063645.817685,124.632,1.0,191.521866
1766063646.4030395,124.623,1.0,191.521866
1766063646.9817069,124.624,1.0,191.521866
1766063647.5557835,124.634,1.0,191.521866
1766063648.1303103,124.634,1.0,191.521866
1766063648.7086482,124.634,1.0,191.521866
1766063649.2928627,124.625,1.0,191.521866
1766063649.9075212,124.625,1.0,191.521866
1766063650.481813,124.623,1.0,191.521866
1766063651.1363103,124.671,1.0,191.521866
1766063653.7891126,124.693,1.0,191.521866
1766063654.3668203,124.711,1.0,191.521866
1766063654.9477942,124.711,1.0,191.521866
1766063655.5267522,124.695,1.0,191.521866
1766063656.1071475,124.7,1.0,191.521866
1766063656.6837883,124.7,1.0,191.521866
1766063657.2616138,124.684,1.0,191.521866
1766063657.8391714,124.684,1.0,191.521866
1766063658.4141936,124.665,1.0,191.521866
1766063658.9902046,124.665,1.0,191.521866
1766063659.6339333,124.665,1.0,191.521866
1766063660.2121627,124.664,1.0,191.521866
1766063662.8728373,124.727,1.0,191.521866
1766063663.5335994,124.726,1.0,191.646866
1766063664.1092658,124.711,1.0,191.646866
1766063664.6900818,124.708,1.0,191.646866
1766063665.4035916,124.667,1.0,191.646866
1766063665.9805276,124.696,1.0,191.646866
1766063666.5601063,124.674,1.0,191.646866
1766063667.1381476,124.645,1.0,191.646866
1766063667.8510923,124.645,1.0,191.646866
1766063668.4286118,124.66,1.0,191.646866
1766063671.1005156,124.62,1.0,191.646866
1766063671.6756976,124.62,1.0,191.646866
1766063672.2506776,124.627,1.0,191.646866
1766063672.8287928,124.641,1.0,191.646866
1766063673.4095309,124.635,1.0,191.646866
1766063674.0827608,124.641,1.0,191.589866
1766063674.660986,124.655,1.0,191.589866
1766063675.3713577,124.63,1.0,191.589866
1766063676.1009026,124.632,1.0,191.589866
1766063676.6773982,124.632,1.0,191.589866
1766063679.4676158,124.602,1.0,191.589866
1766063680.0489004,124.602,1.0,191.589866
1766063680.6229234,124.602,1.0,191.589866
1766063681.340878,124.588,1.0,191.589866
1766063681.9205668,124.588,1.0,191.589866
1766063682.4992514,124.588,1.0,191.589866
1766063683.076023,124.588,1.0,191.589866
1766063683.660473,124.589,1.0,191.589866
1766063684.3236594,124.606,1.0,191.557866
1766063684.9019415,124.6,1.0,191.557866
1766063687.55769,124.625,1.0,191.557866
1766063688.133698,124.615,1.0,191.557866
1766063688.7125604,124.615,1.0,191.557866
1766063689.4290876,124.624,1.0,191.557866
1766063690.137413,124.63,1.0,191.557866
1766063690.7152262,124.636,1.0,191.557866
1766063691.2914906,124.66,1.0,191.557866
1766063691.86726,124.66,1.0,191.557866
1766063692.5216117,124.683,1.0,191.557866
1766063693.0954742,124.678,1.0,191.557866
1766063693.6715903,124.678,1.0,191.557866
1766063696.5491936,124.716,1.0,191.63386599999998
1766063697.1260347,124.717,1.0,191.63386599999998
1766063697.7157042,124.711,1.0,191.63386599999998
1766063698.2974143,124.729,1.0,191.63386599999998
1766063698.8737626,124.734,1.0,191.63386599999998
1766063699.4478974,124.71,1.0,191.63386599999998
1766063700.0223675,124.709,1.0,191.63386599999998
1766063700.6030216,124.701,1.0,191.63386599999998
1766063701.1863494,124.742,1.0,191.63386599999998
1766063701.8999512,124.749,1.0,191.63386599999998
1766063702.517047,124.74,1.0,191.63386599999998
1766063703.095539,124.752,1.0,191.63386599999998
1766063703.8463678,124.763,1.0,191.63386599999998
1766063704.6716685,124.774,1.0,191.63386599999998
1766063705.4338303,124.762,1.0,191.63386599999998
1766063706.3829787,124.76,1.0,191.63386599999998
1766063707.1097615,124.782,1.0,191.63386599999998
1766063707.6865351,124.78,1.0,191.63386599999998
1766063708.261895,124.773,1.0,191.63386599999998
1766063708.8506167,124.773,1.0,191.63386599999998
1766063709.5646331,124.793,1.0,191.63386599999998
1766063712.2337492,124.757,1.0,191.63386599999998
1766063712.8182237,124.757,1.0,191.63386599999998
1766063713.394009,124.749,1.0,191.63386599999998
1766063713.970815,124.739,1.0,191.63386599999998
1766063714.7750363,124.729,1.0,191.72286599999998
1766063715.3507993,124.749,1.0,191.72286599999998
1766063715.9267209,124.749,1.0,191.72286599999998
1766063716.503519,124.772,1.0,191.72286599999998
1766063717.08488,124.772,1.0,191.72286599999998
1766063719.7375658,124.728,1.0,191.72286599999998
1766063720.312718,124.678,1.0,191.72286599999998
1766063720.8912773,124.678,1.0,191.72286599999998
1766063721.468211,124.676,1.0,191.72286599999998
1766063722.047057,124.652,1.0,191.72286599999998
1766063722.623167,124.642,1.0,191.72286599999998
1766063723.204289,124.622,1.0,191.72286599999998
1766063723.7861245,124.61,1.0,191.72286599999998
1766063724.360855,124.607,1.0,191.72286599999998
1766063725.0098617,124.601,1.0,191.72286599999998
1766063725.7217152,124.601,1.0,191.72286599999998
1766063726.297402,124.597,1.0,191.72286599999998
1766063726.8759894,124.585,1.0,191.72286599999998
1766063727.5909972,124.579,1.0,191.72286599999998
1766063730.3809173,124.466,1.0,191.72286599999998
1766063730.9624581,124.463,1.0,191.72286599999998
1766063731.6778939,124.458,1.0,191.72286599999998
1766063732.2545831,124.449,1.0,191.72286599999998
1766063732.8340042,124.449,1.0,191.72286599999998
1766063733.4124608,124.412,1.0,191.72286599999998
1766063733.9886174,124.443,1.0,191.72286599999998
1766063734.5754626,124.46,1.0,191.72286599999998
1766063735.2356513,124.475,1.0,191.41286599999998
1766063735.812482,124.475,1.0,191.41286599999998
1766063738.4644887,124.451,1.0,191.41286599999998
1766063739.0411236,124.45,1.0,191.41286599999998
1766063739.618349,124.45,1.0,191.41286599999998
1766063740.1952033,124.447,1.0,191.41286599999998
1766063740.7724233,124.446,1.0,191.41286599999998
1766063741.3553438,124.451,1.0,191.41286599999998
1766063742.0687356,124.482,1.0,191.41286599999998
1766063742.6455483,124.51,1.0,191.41286599999998
1766063743.2240689,124.487,1.0,191.41286599999998
1766063743.8012748,124.488,1.0,191.41286599999998
1766063744.3757138,124.504,1.0,191.41286599999998
1766063745.0850003,124.478,1.0,191.41286599999998
1766063745.7374313,124.477,1.0,191.41286599999998
1766063746.3256507,124.462,1.0,191.41286599999998
1766063748.9788456,124.464,1.0,191.41286599999998
1766063749.6941268,124.465,1.0,191.41286599999998
1766063750.2698464,124.473,1.0,191.41286599999998
1766063750.8453438,124.485,1.0,191.41286599999998
1766063751.4471343,124.49,1.0,191.41286599999998
1766063752.022732,124.49,1.0,191.41286599999998
1766063752.5974517,124.49,1.0,191.41286599999998
1766063753.1755085,124.49,1.0,191.41286599999998
1766063753.7494473,124.49,1.0,191.41286599999998
1766063754.4614933,124.502,1.0,191.41286599999998
1766063755.0391748,124.502,1.0,191.41286599999998
1766063755.8305025,124.502,1.0,191.41286599999998
1766063756.4069433,124.502,1.0,191.41286599999998
1766063756.9815078,124.482,1.0,191.41286599999998
1766063757.5572164,124.482,1.0,191.41286599999998
1766063760.3460116,124.455,1.0,191.41286599999998
1766063760.9223464,124.455,1.0,191.41286599999998
1766063761.4995704,124.448,1.0,191.41286599999998
1766063762.0754719,124.427,1.0,191.41286599999998
1766063762.6539211,124.441,1.0,191.41286599999998
1766063763.2303457,124.442,1.0,191.41286599999998
1766063763.8081903,124.426,1.0,191.41286599999998
1766063764.3858557,124.406,1.0,191.41286599999998
1766063764.9627635,124.415,1.0,191.41286599999998
1766063765.5393984,124.4,1.0,191.41286599999998
1766063766.1910334,124.4,1.0,191.41286599999998
1766063766.7674122,124.4,1.0,191.41286599999998
1766063767.3403313,124.401,1.0,191.41286599999998
1766063769.9978302,124.41,1.0,191.41286599999998
1766063770.5814397,124.407,1.0,191.41286599999998
1766063771.159675,124.407,1.0,191.41286599999998
1766063771.738297,124.407,1.0,191.41286599999998
1766063772.3139713,124.428,1.0,191.41286599999998
1766063772.8926587,124.434,1.0,191.41286599999998
1766063774.8592927,124.43,1.0,191.41286599999998
1766063775.4355533,124.435,1.0,191.41286599999998
1766063776.012591,124.408,1.0,191.41286599999998
1766063776.8143957,124.4,1.0,191.374866
1766063777.3909557,124.371,1.0,191.374866
1766063777.9662166,124.374,1.0,191.374866
1766063778.5480268,124.378,1.0,191.374866
1766063779.1291423,124.384,1.0,191.374866
1766063779.7051167,124.384,1.0,191.374866
1766063780.4167364,124.339,1.0,191.374866
1766063780.9935045,124.338,1.0,191.374866
1766063781.5703533,124.338,1.0,191.374866
1766063784.2258015,124.396,1.0,191.374866
1766063784.8029084,124.393,1.0,191.374866
1766063785.381454,124.389,1.0,191.374866
1766063785.9573975,124.388,1.0,191.374866
1766063786.5329342,124.403,1.0,191.374866
1766063787.1925552,124.413,1.0,191.34686599999998
1766063787.768234,124.413,1.0,191.34686599999998
1766063788.3453367,124.426,1.0,191.34686599999998
1766063791.131648,124.412,1.0,191.34686599999998
1766063791.707535,124.411,1.0,191.34686599999998
1766063792.282292,124.412,1.0,191.34686599999998
1766063792.8569596,124.411,1.0,191.34686599999998
1766063793.4349437,124.422,1.0,191.34686599999998
1766063794.1550522,124.422,1.0,191.34686599999998
1766063794.7318902,124.431,1.0,191.34686599999998
1766063795.3069706,124.431,1.0,191.34686599999998
1766063796.025283,124.432,1.0,191.34686599999998
1766063796.5998168,124.43,1.0,191.34686599999998
1766063799.346966,124.435,1.0,191.38186599999997
1766063799.9236667,124.435,1.0,191.38186599999997
1766063800.5013018,124.438,1.0,191.38186599999997
1766063801.0796678,124.442,1.0,191.38186599999997
1766063801.6567185,124.442,1.0,191.38186599999997
1766063802.233805,124.442,1.0,191.38186599999997
1766063802.815802,124.451,1.0,191.38186599999997
1766063803.3938155,124.447,1.0,191.38186599999997
1766063804.103752,124.445,1.0,191.38186599999997
1766063804.6786685,124.445,1.0,191.38186599999997
1766063805.2555053,124.442,1.0,191.38186599999997
1766063805.8314764,124.457,1.0,191.38186599999997
1766063806.4091907,124.456,1.0,191.38186599999997
1766063809.0654736,124.454,1.0,191.38186599999997
1766063809.726157,124.474,1.0,191.41986599999998
1766063810.3015535,124.474,1.0,191.41986599999998
1766063810.8784487,124.447,1.0,191.41986599999998
1766063811.4556596,124.447,1.0,191.41986599999998
1766063812.0301092,124.438,1.0,191.41986599999998
1766063812.6051338,124.428,1.0,191.41986599999998
1766063813.181261,124.428,1.0,191.41986599999998
1766063815.8335943,124.422,1.0,191.41986599999998
1766063816.4237857,124.453,1.0,191.41986599999998
1766063817.0012991,124.459,1.0,191.41986599999998
1766063817.580624,124.47,1.0,191.41986599999998
1766063818.157506,124.44,1.0,191.41986599999998
1766063818.736895,124.44,1.0,191.41986599999998
1766063819.3147202,124.44,1.0,191.41986599999998
1766063819.9814012,124.441,1.0,191.391866
1766063820.561693,124.441,1.0,191.391866
1766063823.2176445,124.433,1.0,191.391866
1766063823.8019598,124.44,1.0,191.391866
1766063824.5097892,124.44,1.0,191.391866
1766063825.0923495,124.434,1.0,191.391866
1766063825.6828766,124.437,1.0,191.391866
1766063826.2611673,124.455,1.0,191.391866
1766063826.8379016,124.455,1.0,191.391866
1766063827.4142392,124.479,1.0,191.391866
1766063828.1365724,124.463,1.0,191.391866
1766063828.7129009,124.464,1.0,191.391866
1766063829.2928922,124.464,1.0,191.391866
1766063830.003087,124.458,1.0,191.391866
1766063830.8551333,124.464,1.0,191.391866
1766063831.4353442,124.463,1.0,191.391866
1766063832.0183616,124.466,1.0,191.391866
1766063832.595975,124.445,1.0,191.391866
1766063835.2513912,124.447,1.0,191.391866
1766063835.9696107,124.46,1.0,191.391866
1766063836.5450485,124.46,1.0,191.391866
1766063837.2599883,124.485,1.0,191.391866
1766063837.8409567,124.485,1.0,191.391866
1766063838.5508473,124.485,1.0,191.391866
1766063839.126402,124.468,1.0,191.391866
1766063839.7022192,124.468,1.0,191.391866
1766063840.2769623,124.468,1.0,191.391866
1766063840.9419837,124.473,1.0,191.43186599999999
1766063843.594701,124.454,1.0,191.43186599999999
1766063844.1731844,124.455,1.0,191.43186599999999
1766063844.7510023,124.455,1.0,191.43186599999999
1766063845.3293536,124.457,1.0,191.43186599999999
1766063845.9065506,124.457,1.0,191.43186599999999
1766063846.482616,124.457,1.0,191.43186599999999
1766063847.1914222,124.457,1.0,191.43186599999999
1766063847.9115486,124.462,1.0,191.43186599999999
1766063848.4905574,124.453,1.0,191.43186599999999
1766063849.069969,124.448,1.0,191.43186599999999
1766063849.6449344,124.448,1.0,191.43186599999999
1766063850.222877,124.421,1.0,191.43186599999999
1766063850.805775,124.42,1.0,191.43186599999999
1766063851.4548073,124.407,1.0,191.43186599999999
1766063854.1075299,124.458,1.0,191.43186599999999
1766063854.6833472,124.472,1.0,191.43186599999999
1766063855.2606144,124.472,1.0,191.43186599999999
1766063855.8384874,124.472,1.0,191.43186599999999
1766063856.4196033,124.473,1.0,191.43186599999999
1766063857.127564,124.473,1.0,191.43186599999999
1766063857.7028956,124.491,1.0,191.43186599999999
1766063858.426266,124.505,1.0,191.43186599999999
1766063859.0154214,124.505,1.0,191.43186599999999
1766063859.5928326,124.507,1.0,191.43186599999999
1766063860.1735523,124.507,1.0,191.43186599999999
1766063860.7487254,124.506,1.0,191.43186599999999
1766063861.323642,124.504,1.0,191.43186599999999
1766063862.2490358,124.497,1.0,191.43186599999999
1766063862.8248022,124.497,1.0,191.43186599999999
1766063863.403611,124.497,1.0,191.43186599999999
1766063864.1176374,124.5,1.0,191.43186599999999
1766063866.7678635,124.484,1.0,191.43186599999999
1766063867.3439567,124.493,1.0,191.43186599999999
1766063867.9195042,124.493,1.0,191.43186599999999
1766063868.6313431,124.493,1.0,191.43186599999999
1766063869.2063422,124.493,1.0,191.43186599999999
1766063869.7885888,124.493,1.0,191.43186599999999
1766063870.3640091,124.533,1.0,191.43186599999999
1766063870.9472492,124.558,1.0,191.43186599999999
1766063871.528866,124.574,1.0,191.43186599999999
1766063874.2717917,124.575,1.0,191.511866
1766063874.8454397,124.576,1.0,191.511866
1766063875.4195647,124.564,1.0,191.511866
1766063876.0019844,124.564,1.0,191.511866
1766063876.5804863,124.564,1.0,191.511866
1766063877.1567204,124.564,1.0,191.511866
1766063877.7329624,124.564,1.0,191.511866
1766063878.3104815,124.564,1.0,191.511866
1766063879.0200796,124.592,1.0,191.511866
1766063879.598425,124.592,1.0,191.511866
1766063880.1743288,124.569,1.0,191.511866
1766063880.7591007,124.532,1.0,191.511866
1766063881.3357532,124.532,1.0,191.511866
1766063883.988201,124.543,1.0,191.511866
1766063884.6531973,124.544,1.0,191.48486599999998
1766063885.2283885,124.566,1.0,191.48486599999998
1766063885.941778,124.567,1.0,191.48486599999998
1766063886.5168078,124.567,1.0,191.48486599999998
1766063887.0964289,124.591,1.0,191.48486599999998
1766063887.6743565,124.588,1.0,191.48486599999998
1766063888.2501366,124.587,1.0,191.48486599999998
1766063888.823877,124.599,1.0,191.48486599999998
1766063891.4774582,124.595,1.0,191.48486599999998
1766063892.0523865,124.594,1.0,191.48486599999998
1766063892.6365643,124.594,1.0,191.48486599999998
1766063893.2108214,124.596,1.0,191.48486599999998
1766063893.9239879,124.598,1.0,191.48486599999998
1766063894.4998376,124.598,1.0,191.48486599999998
1766063895.1745224,124.593,1.0,191.546866
1766063895.750078,124.593,1.0,191.546866
1766063896.3257172,124.594,1.0,191.546866
1766063898.9781544,124.592,1.0,191.546866
1766063899.5535853,124.578,1.0,191.546866
1766063900.1291993,124.578,1.0,191.546866
1766063900.7066233,124.578,1.0,191.546866
1766063901.2836952,124.576,1.0,191.546866
1766063901.865575,124.592,1.0,191.546866
1766063902.442837,124.598,1.0,191.546866
1766063903.020037,124.598,1.0,191.546866
1766063903.5961497,124.598,1.0,191.546866
1766063904.1752105,124.566,1.0,191.546866
1766063904.753266,124.546,1.0,191.546866
1766063905.4329,124.546,1.0,191.546866
1766063906.1484225,124.525,1.0,191.546866
1766063908.9360695,124.488,1.0,191.546866
1766063909.5138295,124.499,1.0,191.546866
1766063910.0913186,124.499,1.0,191.546866
1766063910.6690478,124.499,1.0,191.546866
1766063911.2457662,124.52,1.0,191.546866
1766063911.8243296,124.521,1.0,191.546866
1766063912.4075522,124.546,1.0,191.546866
1766063912.9857185,124.57,1.0,191.546866
1766063913.561648,124.577,1.0,191.546866
1766063914.2766333,124.523,1.0,191.546866
1766063914.8537312,124.512,1.0,191.546866
1766063915.5051773,124.485,1.0,191.546866
1766063916.0801363,124.523,1.0,191.546866
1766063916.6604452,124.523,1.0,191.546866
1766063917.3838687,124.521,1.0,191.546866
1766063920.1708534,124.524,1.0,191.546866
1766063920.746887,124.517,1.0,191.546866
1766063921.323224,124.517,1.0,191.546866
1766063921.9006608,124.498,1.0,191.546866
1766063922.4772956,124.492,1.0,191.546866
1766063923.0517795,124.492,1.0,191.546866
1766063923.628972,124.492,1.0,191.546866
1766063924.2061222,124.535,1.0,191.546866
1766063924.7842762,124.533,1.0,191.546866
1766063925.3613212,124.524,1.0,191.546866
1766063928.2589293,124.532,1.0,191.480866
1766063928.8358014,124.532,1.0,191.480866
1766063929.4108331,124.538,1.0,191.480866
1766063929.9863443,124.538,1.0,191.480866
1766063930.5601995,124.538,1.0,191.480866
1766063931.1363664,124.538,1.0,191.480866
1766063931.7129912,124.538,1.0,191.480866
1766063932.2917795,124.534,1.0,191.480866
1766063932.871656,124.567,1.0,191.480866
1766063933.58154,124.558,1.0,191.480866
1766063934.2942355,124.561,1.0,191.480866
1766063934.8696916,124.561,1.0,191.480866
1766063935.45316,124.561,1.0,191.480866
1766063936.1063383,124.561,1.0,191.480866
1766063938.7732253,124.579,1.0,191.480866
1766063939.350646,124.611,1.0,191.480866
1766063939.925902,124.611,1.0,191.480866
1766063940.5013773,124.61,1.0,191.480866
1766063941.0798724,124.593,1.0,191.480866
1766063941.655809,124.598,1.0,191.480866
1766063942.2554905,124.591,1.0,191.480866
1766063942.833323,124.591,1.0,191.480866
1766063943.41075,124.592,1.0,191.480866
1766063943.9867215,124.577,1.0,191.480866
1766063944.560777,124.586,1.0,191.480866
1766063945.1339796,124.586,1.0,191.480866
1766063947.788542,124.605,1.0,191.480866
1766063948.5880542,124.605,1.0,191.559866
1766063949.1648333,124.599,1.0,191.559866
1766063949.740348,124.607,1.0,191.559866
1766063950.3144534,124.613,1.0,191.559866
1766063950.892225,124.631,1.0,191.559866
1766063951.468948,124.631,1.0,191.559866
1766063952.0439987,124.631,1.0,191.559866
1766063952.624488,124.631,1.0,191.559866
1766063953.3343728,124.613,1.0,191.559866
1766063955.9856038,124.611,1.0,191.559866
1766063956.5596569,124.606,1.0,191.559866
1766063957.1380005,124.606,1.0,191.559866
1766063957.8679671,124.607,1.0,191.559866
1766063958.4527783,124.613,1.0,191.559866
1766063959.2770622,124.613,1.0,191.56886599999999
1766063959.8564262,124.613,1.0,191.56886599999999
1766063960.4341254,124.613,1.0,191.56886599999999
1766063961.0181136,124.613,1.0,191.56886599999999
1766063961.665336,124.613,1.0,191.56886599999999
1766063964.453897,124.624,1.0,191.56886599999999
1766063965.0291553,124.624,1.0,191.56886599999999
1766063965.6082656,124.624,1.0,191.56886599999999
1766063966.1870656,124.639,1.0,191.56886599999999
1766063966.7659118,124.644,1.0,191.56886599999999
1766063967.3419156,124.644,1.0,191.56886599999999
1766063967.9235587,124.644,1.0,191.56886599999999
1766063968.499102,124.644,1.0,191.56886599999999
1766063969.2966087,124.638,1.0,191.598866
1766063969.871649,124.638,1.0,191.598866
1766063972.5314155,124.645,1.0,191.598866
1766063973.1110291,124.605,1.0,191.598866
1766063973.6866972,124.605,1.0,191.598866
1766063974.2625723,124.605,1.0,191.598866
1766063974.8382545,124.605,1.0,191.598866
1766063975.4163666,124.615,1.0,191.598866
1766063975.9978018,124.619,1.0,191.598866
1766063976.717067,124.639,1.0,191.598866
1766063977.2948697,124.639,1.0,191.598866
1766063977.8734834,124.639,1.0,191.598866
1766063978.4494016,124.648,1.0,191.598866
1766063979.0260956,124.644,1.0,191.598866
1766063979.6792166,124.634,1.0,191.598866
1766063982.4661803,124.63,1.0,191.598866
1766063983.0437682,124.63,1.0,191.598866
1766063983.6218722,124.631,1.0,191.598866
1766063984.1973991,124.631,1.0,191.598866
1766063984.775494,124.631,1.0,191.598866
1766063985.35127,124.631,1.0,191.598866
1766063985.9294937,124.631,1.0,191.598866
1766063986.504778,124.631,1.0,191.598866
1766063987.0809455,124.629,1.0,191.598866
1766063987.658686,124.629,1.0,191.598866
1766063988.233387,124.633,1.0,191.598866
1766063988.8085103,124.625,1.0,191.598866
1766063989.5177445,124.632,1.0,191.598866
1766063990.1715617,124.632,1.0,191.598866
1766063992.8238528,124.618,1.0,191.598866
1766063993.4049602,124.618,1.0,191.598866
1766063993.982148,124.618,1.0,191.598866
1766063994.5583751,124.618,1.0,191.598866
1766063995.133882,124.618,1.0,191.598866
1766063995.7089818,124.64,1.0,191.598866
1766063996.2846925,124.64,1.0,191.598866
1766063996.9921882,124.64,1.0,191.598866
1766063997.5681746,124.639,1.0,191.598866
1766063998.1521378,124.639,1.0,191.598866
1766063998.7268362,124.639,1.0,191.598866
1766063999.3026373,124.639,1.0,191.598866
1766063999.8907347,124.637,1.0,191.598866
1766064002.6185863,124.642,1.0,191.598866
1766064003.1956477,124.637,1.0,191.598866
1766064003.7790482,124.637,1.0,191.598866
1766064004.3557851,124.63,1.0,191.598866
1766064004.9327042,124.604,1.0,191.598866
1766064005.5082495,124.604,1.0,191.598866
1766064006.084833,124.627,1.0,191.598866
1766064006.6653035,124.627,1.0,191.598866
1766064007.2402565,124.646,1.0,191.598866
1766064007.815463,124.646,1.0,191.598866
1766064008.3901982,124.657,1.0,191.598866
1766064008.9673004,124.657,1.0,191.598866
1766064011.6267273,124.685,1.0,191.598866
1766064012.306102,124.682,1.0,191.62586599999997
1766064012.8803577,124.682,1.0,191.62586599999997
1766064013.5896163,124.683,1.0,191.62586599999997
1766064014.1654506,124.683,1.0,191.62586599999997
1766064014.7414587,124.68,1.0,191.62586599999997
1766064015.3170843,124.682,1.0,191.62586599999997
1766064015.8918748,124.686,1.0,191.62586599999997
1766064016.602365,124.682,1.0,191.62586599999997
1766064017.1789448,124.691,1.0,191.62586599999997
1766064017.911936,124.699,1.0,191.62586599999997
1766064020.5657058,124.713,1.0,191.62586599999997
1766064021.1588268,124.712,1.0,191.62586599999997
1766064021.7356591,124.712,1.0,191.62586599999997
1766064022.4039786,124.722,1.0,191.666866
1766064022.9804783,124.72,1.0,191.666866
1766064023.5566027,124.721,1.0,191.666866
1766064024.1312275,124.723,1.0,191.666866
1766064024.705725,124.683,1.0,191.666866
1766064027.36049,124.706,1.0,191.666866
1766064028.0701833,124.707,1.0,191.666866
1766064028.6461146,124.686,1.0,191.666866
1766064029.2224214,124.692,1.0,191.666866
1766064029.7999356,124.686,1.0,191.666866
1766064030.5085337,124.687,1.0,191.666866
1766064031.0858748,124.687,1.0,191.666866
1766064031.66323,124.686,1.0,191.666866
1766064032.2388058,124.697,1.0,191.666866
1766064032.9141192,124.697,1.0,191.63986599999998
1766064035.5649161,124.714,1.0,191.63986599999998
1766064036.277677,124.707,1.0,191.63986599999998
1766064036.9854252,124.713,1.0,191.63986599999998
1766064037.5654354,124.713,1.0,191.63986599999998
1766064038.141809,124.72,1.0,191.63986599999998
1766064038.7176597,124.718,1.0,191.63986599999998
1766064039.2960062,124.707,1.0,191.63986599999998
1766064039.8720226,124.695,1.0,191.63986599999998
1766064040.4471996,124.694,1.0,191.63986599999998
1766064041.0250096,124.69,1.0,191.63986599999998
1766064041.6026409,124.69,1.0,191.63986599999998
1766064042.312659,124.69,1.0,191.63986599999998
1766064042.8903885,124.69,1.0,191.63986599999998
1766064043.5465498,124.696,1.0,191.63986599999998
1766064044.121157,124.696,1.0,191.63986599999998
1766064044.8359237,124.689,1.0,191.63986599999998
1766064047.6261766,124.677,1.0,191.63986599999998
1766064048.2011895,124.684,1.0,191.63986599999998
1766064048.7765837,124.68,1.0,191.63986599999998
1766064049.485878,124.684,1.0,191.63986599999998
1766064050.063416,124.693,1.0,191.63986599999998
1766064050.6391299,124.693,1.0,191.63986599999998
1766064051.2153847,124.693,1.0,191.63986599999998
1766064051.7911232,124.693,1.0,191.63986599999998
1766064052.3681974,124.713,1.0,191.63986599999998
1766064052.945388,124.713,1.0,191.63986599999998
1766064053.7314465,124.709,1.0,191.63986599999998
1766064054.308359,124.709,1.0,191.63986599999998
1766064055.0200264,124.696,1.0,191.63986599999998
1766064055.5966203,124.696,1.0,191.63986599999998
1766064056.1759195,124.697,1.0,191.63986599999998
1766064058.8379328,124.689,1.0,191.63986599999998
1766064059.414594,124.689,1.0,191.63986599999998
1766064059.9906316,124.677,1.0,191.63986599999998
1766064060.5656435,124.672,1.0,191.63986599999998
1766064061.1416357,124.723,1.0,191.63986599999998
1766064061.7174544,124.717,1.0,191.63986599999998
1766064062.2971826,124.712,1.0,191.63986599999998
1766064063.0128403,124.919,1.0,191.63986599999998
1766064069.6921074,124.862,0.0,191.828866
1766064070.3490942,124.831,0.0,191.828866
1766064070.922854,124.831,0.0,191.828866
1766064071.6348188,124.819,0.0,191.828866
1766064072.2158165,124.83,0.0,191.828866
1766064072.7915988,124.829,0.0,191.828866
1766064073.373908,124.83,0.0,191.828866
1766064074.6856272,124.833,0.0,191.828866
1766064075.4145076,124.834,0.0,191.828866
1766064075.9911542,124.811,0.0,191.828866
1766064076.5679557,124.811,0.0,191.828866
1766064077.142608,124.797,0.0,191.828866
1766064077.7189963,124.795,0.0,191.828866
1766064078.2944553,124.79,0.0,191.828866
1766064078.8699381,124.791,0.0,191.828866
1766064079.4454682,124.78,0.0,191.828866
1766064080.021839,124.783,0.0,191.828866
1766064080.8127987,124.783,0.0,191.828866
1766064081.3878942,124.784,0.0,191.828866
1766064081.9643078,124.784,0.0,191.828866
1766064082.5407572,124.783,0.0,191.828866
1766064083.1168902,124.783,0.0,191.828866
1766064083.8250299,124.725,0.0,191.828866
1766064084.401933,124.725,0.0,191.828866
1766064084.9771354,124.725,0.0,191.828866
1766064085.5535464,124.719,0.0,191.828866
1766064086.1308239,124.719,0.0,191.828866
1766064086.7067904,124.719,0.0,191.828866
1766064087.2826922,124.699,0.0,191.828866
1766064087.993022,124.678,0.0,191.828866
1766064088.7023897,124.731,0.0,191.828866
1766064089.2770336,124.809,0.0,191.828866
1766064089.8565462,124.794,0.0,191.828866
1766064090.4348714,124.792,0.0,191.828866
1766064091.0861297,124.79,0.0,191.828866
1766064091.8011937,124.781,0.0,191.828866
1766064092.374263,124.779,0.0,191.828866
1766064092.9515932,124.778,0.0,191.828866
1766064095.750209,124.802,0.0,191.828866
1766064096.326275,124.767,0.0,191.828866
1766064096.90318,124.763,0.0,191.828866
1766064097.4794097,124.764,0.0,191.828866
1766064098.1914868,124.749,0.0,191.828866
1766064098.9013622,124.751,0.0,191.828866
1766064099.4771261,124.742,0.0,191.828866
1766064100.19282,124.741,0.0,191.828866
1766064100.9057114,124.72,0.0,191.828866
1766064101.714746,124.725,0.0,191.828866
1766064102.290756,124.726,0.0,191.828866
1766064103.0028238,124.698,0.0,191.828866
1766064103.5782773,124.699,0.0,191.828866
1766064104.1541772,124.677,0.0,191.828866
1766064106.8117235,124.678,0.0,191.828866
1766064107.3868382,124.634,0.0,191.828866
1766064107.96375,124.613,0.0,191.828866
1766064108.6721637,124.619,0.0,191.828866
1766064109.3828511,124.62,0.0,191.828866
1766064109.9600062,124.62,0.0,191.828866
1766064110.5350685,124.6,0.0,191.828866
1766064111.1103864,124.6,0.0,191.828866
1766064111.7685063,124.601,0.0,191.828866
1766064112.3425674,124.601,0.0,191.828866
1766064114.9934742,124.593,0.0,191.828866
1766064115.5693836,124.593,0.0,191.828866
1766064116.1440737,124.593,0.0,191.828866
1766064116.7183626,124.593,0.0,191.828866
1766064117.292591,124.593,0.0,191.828866
1766064117.868217,124.603,0.0,191.828866
1766064118.5956626,124.603,0.0,191.828866
1766064119.1716273,124.603,0.0,191.828866
1766064119.902809,124.598,0.0,191.828866
1766064120.4804213,124.598,0.0,191.828866
1766064124.937175,124.585,1.0,191.83203
1766064125.5983777,124.584,1.0,191.83203
1766064126.172628,124.592,1.0,191.83203
1766064126.7471166,124.592,1.0,191.83203
1766064127.3227005,124.594,1.0,191.83203
1766064128.0356376,124.595,1.0,191.83203
1766064128.612962,124.59,1.0,191.83203
1766064129.1877425,124.584,1.0,191.83203
1766064129.7628458,124.589,1.0,191.83203
1766064130.338503,124.575,1.0,191.83203
1766064130.91341,124.592,1.0,191.83203
1766064131.4886231,124.582,1.0,191.83203
1766064132.0647228,124.605,1.0,191.83203
1766064132.6386418,124.611,1.0,191.83203
1766064133.2155662,124.62,1.0,191.83203
1766064133.923648,124.621,1.0,191.83203
1766064134.6381073,124.599,1.0,191.83203
1766064135.2138734,124.599,1.0,191.83203
1766064135.8625908,124.599,1.0,191.83203
1766064136.442733,124.597,1.0,191.83203
1766064139.0945506,124.603,1.0,191.83203
1766064139.6705337,124.603,1.0,191.83203
1766064140.2470698,124.608,1.0,191.83203
1766064140.8279512,124.608,1.0,191.83203
1766064141.4052794,124.615,1.0,191.83203
1766064141.9856982,124.617,1.0,191.83203
1766064142.5602622,124.622,1.0,191.83203
1766064143.13466,124.629,1.0,191.83203
1766064143.8477724,124.617,1.0,191.83203
1766064144.432242,124.613,1.0,191.83203
1766064145.0084703,124.622,1.0,191.83203
1766064145.583429,124.626,1.0,191.83203
1766064146.2358482,124.612,1.0,191.83203
1766064149.0232964,124.596,1.0,191.83203
1766064149.6274676,124.585,1.0,191.83203
1766064150.2032628,124.589,1.0,191.83203
1766064150.7807384,124.591,1.0,191.83203
1766064151.3610506,124.567,1.0,191.83203
1766064151.9369657,124.567,1.0,191.83203
1766064152.5126653,124.563,1.0,191.83203
1766064153.0904796,124.543,1.0,191.83203
1766064153.667004,124.533,1.0,191.83203
1766064154.2416914,124.528,1.0,191.83203
1766064154.8166301,124.547,1.0,191.83203
1766064155.391371,124.541,1.0,191.83203
1766064155.9651463,124.54,1.0,191.83203
1766064156.6197243,124.535,1.0,191.83203
1766064159.2714174,124.544,1.0,191.83203
1766064159.8477724,124.547,1.0,191.83203
1766064160.42327,124.544,1.0,191.83203
1766064160.998893,124.545,1.0,191.83203
1766064161.5741663,124.545,1.0,191.83203
1766064162.1510608,124.528,1.0,191.83203
1766064162.7250051,124.55,1.0,191.83203
1766064163.3029122,124.559,1.0,191.83203
1766064163.8769896,124.563,1.0,191.83203
1766064164.4524744,124.559,1.0,191.83203
1766064165.0329523,124.542,1.0,191.83203
1766064165.7501638,124.542,1.0,191.83203
1766064168.4050808,124.542,1.0,191.83203
1766064169.0666306,124.534,1.0,191.76903000000001
1766064169.641866,124.534,1.0,191.76903000000001
1766064170.2173607,124.512,1.0,191.76903000000001
1766064170.7928681,124.515,1.0,191.76903000000001
1766064171.503226,124.515,1.0,191.76903000000001
1766064172.0794535,124.515,1.0,191.76903000000001
1766064172.6539605,124.524,1.0,191.76903000000001
1766064173.2321355,124.524,1.0,191.76903000000001
1766064173.9521618,124.524,1.0,191.76903000000001
1766064176.603398,124.561,1.0,191.76903000000001
1766064177.1791496,124.561,1.0,191.76903000000001
1766064177.7531168,124.571,1.0,191.76903000000001
1766064178.3327115,124.57,1.0,191.76903000000001
1766064178.9123664,124.57,1.0,191.76903000000001
1766064179.5746875,124.57,1.0,191.79203
1766064180.1489682,124.559,1.0,191.79203
1766064180.7374039,124.559,1.0,191.79203
1766064183.3986766,124.54,1.0,191.79203
1766064183.9756114,124.541,1.0,191.79203
1766064184.6858985,124.564,1.0,191.79203
1766064185.262632,124.546,1.0,191.79203
1766064185.83945,124.546,1.0,191.79203
1766064186.4159946,124.543,1.0,191.79203
1766064186.9927483,124.543,1.0,191.79203
1766064187.567382,124.542,1.0,191.79203
1766064188.279094,124.502,1.0,191.79203
1766064188.8577232,124.502,1.0,191.79203
1766064189.432797,124.546,1.0,191.79203
1766064190.0953565,124.548,1.0,191.79203
1766064190.6729255,124.546,1.0,191.79203
1766064191.2483726,124.547,1.0,191.79203
1766064193.8987532,124.548,1.0,191.79203
1766064194.473838,124.555,1.0,191.79203
1766064195.0516555,124.561,1.0,191.79203
1766064195.6299937,124.58,1.0,191.79203
1766064196.2048528,124.578,1.0,191.79203
1766064196.7793708,124.577,1.0,191.79203
1766064197.354099,124.605,1.0,191.79203
1766064198.0710492,124.603,1.0,191.79203
1766064198.784554,124.605,1.0,191.79203
1766064199.361097,124.601,1.0,191.79203
1766064199.9371076,124.594,1.0,191.79203
1766064200.5894663,124.595,1.0,191.79203
1766064201.164808,124.602,1.0,191.79203
1766064201.7403088,124.602,1.0,191.79203
1766064204.3921378,124.591,1.0,191.79203
1766064204.9682713,124.591,1.0,191.79203
1766064205.5457525,124.592,1.0,191.79203
1766064206.1223137,124.579,1.0,191.79203
1766064206.696076,124.579,1.0,191.79203
1766064207.408378,124.588,1.0,191.79203
1766064207.9844897,124.594,1.0,191.79203
1766064208.5601773,124.587,1.0,191.79203
1766064209.1350958,124.587,1.0,191.79203
1766064209.7133467,124.587,1.0,191.79203
1766064210.286947,124.592,1.0,191.79203
1766064210.9393983,124.592,1.0,191.79203
1766064211.5126915,124.591,1.0,191.79203
1766064212.0886607,124.593,1.0,191.79203
1766064214.744591,124.592,1.0,191.79203
1766064215.3198078,124.614,1.0,191.79203
1766064215.8948083,124.604,1.0,191.79203
1766064216.6046863,124.606,1.0,191.79203
1766064217.1789384,124.613,1.0,191.79203
1766064217.8890812,124.613,1.0,191.79203
1766064218.4661272,124.64,1.0,191.79203
1766064219.0452034,124.642,1.0,191.79203
1766064219.6218975,124.642,1.0,191.79203
1766064220.195813,124.637,1.0,191.79203
1766064220.7704222,124.645,1.0,191.79203
1766064221.4226048,124.647,1.0,191.79203
1766064221.9986656,124.652,1.0,191.79203
1766064224.650714,124.649,1.0,191.79203
1766064225.2271142,124.653,1.0,191.79203
1766064225.8025773,124.652,1.0,191.79203
1766064226.378985,124.657,1.0,191.79203
1766064226.952728,124.657,1.0,191.79203
1766064227.529305,124.655,1.0,191.79203
1766064228.1030667,124.646,1.0,191.79203
1766064228.6791632,124.646,1.0,191.79203
1766064229.2544103,124.647,1.0,191.79203
1766064229.8308969,124.647,1.0,191.79203
1766064230.406352,124.641,1.0,191.79203
1766064230.9816647,124.641,1.0,191.79203
1766064231.6350212,124.63,1.0,191.79203
1766064234.2873902,124.65,1.0,191.79203
1766064234.8636005,124.654,1.0,191.79203
1766064235.4366958,124.654,1.0,191.79203
1766064236.0184247,124.651,1.0,191.79203
1766064236.7345037,124.664,1.0,191.79203
1766064237.3099084,124.665,1.0,191.79203
1766064237.8883822,124.645,1.0,191.79203
1766064238.4654994,124.644,1.0,191.79203
1766064239.0420046,124.633,1.0,191.79203
1766064239.6183114,124.633,1.0,191.79203
1766064240.198609,124.641,1.0,191.79203
1766064240.9151714,124.676,1.0,191.79203
1766064241.4907637,124.682,1.0,191.79203
1766064242.276365,124.666,1.0,191.79203
1766064242.853999,124.688,1.0,191.79203
1766064245.5054693,124.676,1.0,191.79203
1766064246.079629,124.684,1.0,191.79203
1766064246.6574838,124.684,1.0,191.79203
1766064247.2356145,124.688,1.0,191.79203
1766064247.8103473,124.688,1.0,191.79203
1766064248.3874717,124.687,1.0,191.79203
1766064249.0965593,124.67,1.0,191.79203
1766064249.8081048,124.651,1.0,191.79203
1766064250.392093,124.638,1.0,191.79203
1766064250.9685175,124.664,1.0,191.79203
1766064251.5433333,124.663,1.0,191.79203
1766064252.2020237,124.666,1.0,191.79203
1766064252.7787876,124.666,1.0,191.79203
1766064253.3556874,124.67,1.0,191.79203
1766064256.142552,124.661,1.0,191.79203
1766064256.7197688,124.661,1.0,191.79203
1766064257.2959106,124.661,1.0,191.79203
1766064257.8720782,124.661,1.0,191.79203
1766064258.4458137,124.661,1.0,191.79203
1766064259.02586,124.661,1.0,191.79203
1766064259.601484,124.64,1.0,191.79203
1766064260.1770074,124.64,1.0,191.79203
1766064260.7529516,124.64,1.0,191.79203
1766064261.3341224,124.64,1.0,191.79203
1766064261.9109957,124.642,1.0,191.79203
1766064262.558438,124.648,1.0,191.79203
1766064263.13528,124.648,1.0,191.79203
1766064265.922588,124.648,1.0,191.79203
1766064266.5042963,124.648,1.0,191.79203
1766064267.0802917,124.658,1.0,191.79203
1766064267.655561,124.658,1.0,191.79203
1766064268.2314086,124.664,1.0,191.79203
1766064268.8064349,124.677,1.0,191.79203
1766064269.38298,124.677,1.0,191.79203
1766064269.9593117,124.681,1.0,191.79203
1766064270.534767,124.676,1.0,191.79203
1766064271.1096745,124.696,1.0,191.79203
1766064271.6859312,124.724,1.0,191.79203
1766064272.2600768,124.716,1.0,191.79203
1766064273.0489259,124.716,1.0,191.79203
1766064273.6242158,124.713,1.0,191.79203
1766064276.2758925,124.694,1.0,191.79203
1766064276.8521461,124.692,1.0,191.79203
1766064277.4291692,124.689,1.0,191.79203
1766064278.0043006,124.683,1.0,191.79203
1766064278.5829403,124.674,1.0,191.79203
1766064279.1629803,124.674,1.0,191.79203
1766064279.7370532,124.674,1.0,191.79203
1766064280.3124068,124.674,1.0,191.79203
1766064280.8873036,124.674,1.0,191.79203
1766064281.4625263,124.674,1.0,191.79203
1766064282.0392709,124.674,1.0,191.79203
1766064282.617988,124.688,1.0,191.79203
1766064285.3558793,124.597,1.0,191.79203
1766064285.9313633,124.597,1.0,191.79203
1766064286.6408935,124.597,1.0,191.79203
1766064287.2152846,124.598,1.0,191.79203
1766064287.9304397,124.606,1.0,191.79203
1766064288.5043123,124.606,1.0,191.79203
1766064289.0781047,124.596,1.0,191.79203
1766064289.7859077,124.596,1.0,191.79203
1766064290.362534,124.596,1.0,191.79203
1766064290.9370542,124.596,1.0,191.79203
1766064291.534087,124.596,1.0,191.79203
1766064292.116817,124.598,1.0,191.79203
1766064292.8271275,124.561,1.0,191.79203
1766064293.4787803,124.558,1.0,191.79203
1766064294.0526264,124.558,1.0,191.79203
1766064294.626855,124.558,1.0,191.79203
1766064297.416091,124.515,1.0,191.79203
1766064297.9901237,124.515,1.0,191.79203
1766064298.5646398,124.506,1.0,191.79203
1766064299.1390767,124.505,1.0,191.79203
1766064299.7153995,124.506,1.0,191.79203
1766064300.2893622,124.506,1.0,191.79203
1766064300.8660681,124.506,1.0,191.79203
1766064301.4432802,124.508,1.0,191.79203
1766064302.030187,124.481,1.0,191.79203
1766064308.7813354,124.501,0.0,191.74003
1766064309.4425244,124.526,0.0,191.74003
1766064310.0221186,124.533,0.0,191.74003
1766064310.5969293,124.533,0.0,191.74003
1766064311.173589,124.537,0.0,191.74003
1766064311.750789,124.537,0.0,191.74003
1766064312.3270636,124.55,0.0,191.74003
1766064312.9047356,124.553,0.0,191.74003
1766064313.4814196,124.555,0.0,191.74003
1766064314.0595376,124.568,0.0,191.74003
1766064314.7708657,124.568,0.0,191.74003
1766064315.3457012,124.568,0.0,191.74003
1766064315.9196136,124.568,0.0,191.74003
1766064316.496886,124.563,0.0,191.74003
1766064317.214837,124.545,0.0,191.74003
1766064317.7888536,124.545,0.0,191.74003
1766064318.3643222,124.545,0.0,191.74003
1766064318.947021,124.574,0.0,191.74003
1766064319.6100788,124.576,0.0,191.74003
1766064320.185287,124.582,0.0,191.74003
1766064320.761459,124.582,0.0,191.74003
1766064321.3367748,124.582,0.0,191.74003
1766064321.911288,124.582,0.0,191.74003
1766064322.486456,124.56,0.0,191.74003
1766064323.0632792,124.556,0.0,191.74003
1766064323.637832,124.547,0.0,191.74003
1766064324.221549,124.547,0.0,191.74003
1766064324.7961526,124.527,0.0,191.74003
1766064325.3739738,124.527,0.0,191.74003
1766064328.1583364,124.527,0.0,191.74003
1766064328.7363315,124.568,0.0,191.74003
1766064329.3144524,124.568,0.0,191.74003
1766064329.9789107,124.568,0.0,191.74003
1766064330.555351,124.559,0.0,191.74003
1766064331.1324298,124.553,0.0,191.74003
1766064331.707236,124.553,0.0,191.74003
1766064332.4154406,124.554,0.0,191.74003
1766064332.993035,124.554,0.0,191.74003
1766064335.6438777,124.551,0.0,191.74003
1766064336.2188673,124.551,0.0,191.74003
1766064336.7971485,124.551,0.0,191.74003
1766064337.3739724,124.564,0.0,191.74003
1766064337.9486697,124.564,0.0,191.74003
1766064338.5233371,124.564,0.0,191.74003
1766064339.0975482,124.532,0.0,191.74003
1766064339.8058288,124.5,0.0,191.74003
1766064340.743123,124.5,0.0,191.74003
1766064341.3167355,124.5,0.0,191.74003
1766064341.8955662,124.516,0.0,191.74003
1766064344.5467677,124.47,0.0,191.74003
1766064345.1223369,124.466,0.0,191.74003
1766064345.8321004,124.466,0.0,191.74003
1766064346.5449076,124.434,0.0,191.74003
1766064347.122638,124.431,0.0,191.74003
1766064347.6988623,124.425,0.0,191.74003
1766064348.2753012,124.425,0.0,191.74003
1766064348.8522499,124.415,0.0,191.74003
1766064349.430051,124.416,0.0,191.74003
1766064350.0078607,124.412,0.0,191.74003
1766064350.6600876,124.383,0.0,191.74003
1766064351.2411292,124.364,0.0,191.74003
1766064351.8162165,124.35,0.0,191.74003
1766064352.3909395,124.35,0.0,191.74003
1766064355.0468357,124.336,0.0,191.74003
1766064355.6570008,124.336,0.0,191.74003
1766064356.2307272,124.336,0.0,191.74003
1766064356.8052945,124.336,0.0,191.74003
1766064357.3819003,124.336,0.0,191.74003
1766064357.955508,124.336,0.0,191.74003
1766064358.5322642,124.336,0.0,191.74003
1766064359.1074507,124.336,0.0,191.74003
1766064359.6811469,124.336,0.0,191.74003
1766064360.2624607,124.351,0.0,191.74003
1766064361.045851,124.359,0.0,191.74003
1766064361.6215887,124.359,0.0,191.74003
1766064362.1971602,124.385,0.0,191.74003
1766064364.8497248,124.407,0.0,191.74003
1766064365.425852,124.395,0.0,191.74003
1766064366.0011406,124.408,0.0,191.74003
1766064366.5776846,124.397,0.0,191.74003
1766064367.1539795,124.406,0.0,191.74003
1766064367.7302873,124.407,0.0,191.74003
1766064368.3052452,124.41,0.0,191.74003
1766064368.879814,124.411,0.0,191.74003
1766064369.4606538,124.41,0.0,191.74003
1766064370.0394344,124.41,0.0,191.74003
1766064370.6131623,124.41,0.0,191.74003
1766064371.3957589,124.422,0.0,191.74003
1766064371.9719415,124.422,0.0,191.74003
1766064374.6230023,124.412,0.0,191.74003
1766064376.8266394,124.396,0.0,191.74003
1766064377.402229,124.406,0.0,191.74003
1766064377.978331,124.423,0.0,191.74003
1766064378.5541987,124.418,0.0,191.74003
1766064379.1306286,124.415,0.0,191.74003
1766064379.7060783,124.413,0.0,191.74003
1766064380.285849,124.409,0.0,191.74003
1766064380.860744,124.401,0.0,191.74003
1766064381.5237672,124.412,0.0,191.74003
1766064382.1003978,124.42,0.0,191.74003
1766064382.675985,124.419,0.0,191.74003
1766064383.2535448,124.424,0.0,191.74003
1766064383.8304172,124.424,0.0,191.74003
1766064384.5437198,124.42,0.0,191.74003
1766064385.2525582,124.425,0.0,191.74003
1766064385.8285723,124.425,0.0,191.74003
1766064386.4043288,124.435,0.0,191.74003
1766064386.980943,124.445,0.0,191.74003
1766064389.633055,124.436,0.0,191.74003
1766064390.2090108,124.436,0.0,191.74003
1766064390.78443,124.436,0.0,191.74003
1766064391.4944487,124.435,0.0,191.74003
1766064392.1556337,124.436,0.0,191.74003
1766064392.8676488,124.436,0.0,191.74003
1766064393.4426863,124.453,0.0,191.74003
1766064394.1527402,124.462,0.0,191.74003
1766064394.7291842,124.462,0.0,191.74003
1766064395.3104131,124.453,0.0,191.74003
1766064395.8887143,124.453,0.0,191.74003
1766064398.5406315,124.436,0.0,191.74003
1766064399.115282,124.431,0.0,191.74003
1766064399.690316,124.43,0.0,191.74003
1766064400.2654467,124.434,0.0,191.74003
1766064400.8432183,124.434,0.0,191.74003
1766064401.4182687,124.438,0.0,191.74003
1766064402.0722582,124.438,0.0,191.74003
1766064402.6489642,124.438,0.0,191.74003
1766064405.3005726,124.45,0.0,191.74003
1766064405.8762803,124.441,0.0,191.74003
1766064406.4525373,124.446,0.0,191.74003
1766064407.026397,124.449,0.0,191.74003
1766064407.7360327,124.449,0.0,191.74003
1766064408.3132439,124.431,0.0,191.74003
1766064408.8873386,124.429,0.0,191.74003
1766064409.4626486,124.429,0.0,191.74003
1766064410.168289,124.429,0.0,191.74003
1766064410.7429547,124.429,0.0,191.74003
1766064411.3196416,124.429,0.0,191.74003
1766064411.8943155,124.429,0.0,191.74003
1766064412.680419,124.436,0.0,191.74003
1766064413.2595246,124.435,0.0,191.74003
1766064413.9701002,124.435,0.0,191.74003
1766064414.6859503,124.435,0.0,191.74003
1766064417.4789839,124.455,0.0,191.74003
1766064418.0545611,124.455,0.0,191.74003
1766064418.63152,124.462,0.0,191.74003
1766064419.2071636,124.462,0.0,191.74003
1766064419.7830446,124.462,0.0,191.74003
1766064420.3596814,124.474,0.0,191.74003
1766064424.9357636,124.438,1.0,191.72303
1766064425.5985103,124.439,1.0,191.69803
1766064426.1734045,124.443,1.0,191.69803
1766064426.7499073,124.442,1.0,191.69803
1766064427.3241122,124.444,1.0,191.69803
1766064428.0353034,124.429,1.0,191.69803
1766064428.6116507,124.429,1.0,191.69803
1766064429.1856425,124.429,1.0,191.69803
1766064429.76335,124.428,1.0,191.69803
1766064430.3439913,124.426,1.0,191.69803
1766064430.9193702,124.426,1.0,191.69803
1766064431.6302114,124.432,1.0,191.69803
1766064432.205619,124.432,1.0,191.69803
1766064432.9184525,124.462,1.0,191.69803
1766064433.4974182,124.466,1.0,191.69803
1766064434.0843737,124.477,1.0,191.69803
1766064434.6605108,124.477,1.0,191.69803
1766064435.2356615,124.463,1.0,191.69803
1766064435.8938675,124.463,1.0,191.70603
1766064436.4689565,124.463,1.0,191.70603
1766064437.1813056,124.467,1.0,191.70603
1766064439.8468485,124.466,1.0,191.70603
1766064440.4222238,124.463,1.0,191.70603
1766064441.1330523,124.472,1.0,191.70603
1766064441.7112267,124.472,1.0,191.70603
1766064442.2877247,124.475,1.0,191.70603
1766064442.8625872,124.475,1.0,191.70603
1766064443.4369898,124.457,1.0,191.70603
1766064444.0121043,124.444,1.0,191.70603
1766064444.5867822,124.44,1.0,191.70603
1766064445.1613495,124.441,1.0,191.70603
1766064445.7360759,124.441,1.0,191.70603
1766064446.3866882,124.441,1.0,191.70603
1766064446.9620824,124.441,1.0,191.70603
1766064449.748382,124.422,1.0,191.70603
1766064450.3241174,124.422,1.0,191.70603
1766064450.8986592,124.419,1.0,191.70603
1766064451.6102505,124.42,1.0,191.70603
1766064452.1860552,124.427,1.0,191.70603
1766064452.8938198,124.427,1.0,191.70603
1766064453.4686754,124.438,1.0,191.70603
1766064454.045699,124.443,1.0,191.70603
1766064454.7540486,124.445,1.0,191.70603
1766064455.330414,124.46,1.0,191.70603
1766064455.906528,124.46,1.0,191.70603
1766064456.702143,124.473,1.0,191.68803
1766064459.3550048,124.481,1.0,191.68803
1766064459.9352295,124.481,1.0,191.68803
1766064460.5114985,124.479,1.0,191.68803
1766064461.088231,124.479,1.0,191.68803
1766064461.6622088,124.478,1.0,191.68803
1766064462.2373123,124.479,1.0,191.68803
1766064462.8117146,124.476,1.0,191.68803
1766064463.3929408,124.469,1.0,191.68803
1766064463.9669075,124.474,1.0,191.68803
1766064464.5413985,124.474,1.0,191.68803
1766064465.1160848,124.473,1.0,191.68803
1766064465.6914256,124.471,1.0,191.68803
1766064468.4835548,124.418,1.0,191.68803
1766064469.143328,124.42,1.0,191.68803
1766064469.8525999,124.411,1.0,191.68803
1766064470.4269652,124.409,1.0,191.68803
1766064471.0065587,124.4,1.0,191.68803
1766064471.7186663,124.4,1.0,191.68803
1766064472.2960033,124.375,1.0,191.68803
1766064472.8731081,124.375,1.0,191.68803
1766064473.5792687,124.375,1.0,191.68803
1766064474.1552286,124.373,1.0,191.68803
1766064474.8667045,124.387,1.0,191.68803
1766064475.4406319,124.387,1.0,191.68803
1766064478.089397,124.435,1.0,191.68803
1766064478.6631334,124.442,1.0,191.68803
1766064479.3205626,124.441,1.0,191.69303
1766064479.8968828,124.441,1.0,191.69303
1766064480.4739556,124.442,1.0,191.69303
1766064481.0498478,124.442,1.0,191.69303
1766064481.761736,124.442,1.0,191.69303
1766064482.3378816,124.447,1.0,191.69303
1766064482.9143279,124.421,1.0,191.69303
1766064485.5726178,124.411,1.0,191.69303
1766064486.1489444,124.405,1.0,191.69303
1766064486.7263756,124.405,1.0,191.69303
1766064487.3037026,124.435,1.0,191.69303
1766064487.8793309,124.467,1.0,191.69303
1766064488.454667,124.469,1.0,191.69303
1766064489.0277896,124.498,1.0,191.69303
1766064489.6872983,124.498,1.0,191.71803
1766064492.3399148,124.48,1.0,191.71803
1766064492.9170585,124.471,1.0,191.71803
1766064493.4904747,124.466,1.0,191.71803
1766064494.0643654,124.476,1.0,191.71803
1766064494.6385713,124.476,1.0,191.71803
1766064495.2118225,124.486,1.0,191.71803
1766064495.9211571,124.486,1.0,191.71803
1766064496.4969726,124.487,1.0,191.71803
1766064497.0750344,124.487,1.0,191.71803
1766064497.6508045,124.498,1.0,191.71803
1766064498.2260098,124.5,1.0,191.71803
1766064498.8011413,124.5,1.0,191.71803
1766064499.518569,124.5,1.0,191.71803
1766064500.1698096,124.498,1.0,191.71803
1766064500.882535,124.497,1.0,191.71803
1766064503.5340362,124.464,1.0,191.71803
1766064504.1078959,124.464,1.0,191.71803
1766064504.6844962,124.464,1.0,191.71803
1766064505.2622924,124.464,1.0,191.71803
1766064505.8776486,124.465,1.0,191.71803
1766064506.4544492,124.465,1.0,191.71803
1766064507.0306206,124.465,1.0,191.71803
1766064507.6057074,124.473,1.0,191.71803
1766064508.3179975,124.473,1.0,191.71803
1766064508.8928182,124.468,1.0,191.71803
1766064509.605031,124.472,1.0,191.71803
1766064510.3924563,124.472,1.0,191.71803
1766064510.969357,124.478,1.0,191.71803
1766064511.5442035,124.478,1.0,191.71803
1766064512.1182792,124.473,1.0,191.71803
1766064514.9033735,124.468,1.0,191.71803
1766064515.478595,124.468,1.0,191.71803
1766064516.0544622,124.477,1.0,191.71803
1766064516.6319416,124.477,1.0,191.71803
1766064517.207132,124.477,1.0,191.71803
1766064517.7831073,124.477,1.0,191.71803
1766064518.3584948,124.477,1.0,191.71803
1766064518.9339266,124.445,1.0,191.71803
1766064519.5087087,124.445,1.0,191.71803
1766064520.158677,124.444,1.0,191.71803
1766064520.7343073,124.435,1.0,191.71803
1766064521.309361,124.434,1.0,191.71803
1766064521.885186,124.444,1.0,191.71803
1766064524.5384507,124.434,1.0,191.71803
1766064525.1139674,124.434,1.0,191.71803
1766064525.6917672,124.444,1.0,191.71803
1766064526.267053,124.448,1.0,191.71803
1766064526.8421023,124.448,1.0,191.71803
1766064527.4199655,124.448,1.0,191.71803
1766064528.0002148,124.448,1.0,191.71803
1766064528.5769827,124.448,1.0,191.71803
1766064529.1526082,124.439,1.0,191.71803
1766064529.7283142,124.439,1.0,191.71803
1766064530.3796406,124.437,1.0,191.71803
1766064530.9560475,124.437,1.0,191.71803
1766064533.6102605,124.452,1.0,191.71803
1766064534.1908631,124.46,1.0,191.71803
1766064534.767064,124.46,1.0,191.71803
1766064535.34506,124.46,1.0,191.71803
1766064535.9225888,124.46,1.0,191.71803
1766064536.4986699,124.452,1.0,191.71803
1766064537.0774639,124.452,1.0,191.71803
1766064537.6529436,124.439,1.0,191.71803
1766064538.2622874,124.439,1.0,191.71803
1766064538.838638,124.399,1.0,191.71803
1766064539.4158273,124.405,1.0,191.71803
1766064539.9909995,124.405,1.0,191.71803
1766064540.6384082,124.402,1.0,191.71803
1766064543.2913287,124.395,1.0,191.71803
1766064543.8897028,124.394,1.0,191.71803
1766064544.468431,124.389,1.0,191.71803
1766064545.1949098,124.376,1.0,191.71803
1766064545.772855,124.376,1.0,191.71803
1766064546.3494494,124.381,1.0,191.71803
1766064546.924828,124.377,1.0,191.71803
1766064547.5072715,124.375,1.0,191.71803
1766064548.0835385,124.379,1.0,191.71803
1766064548.6606998,124.379,1.0,191.71803
1766064549.2353544,124.373,1.0,191.71803
1766064549.9449735,124.38,1.0,191.71803
1766064550.5208962,124.362,1.0,191.71803
1766064557.111433,124.358,0.0,191.62403
1766064557.6874564,124.357,0.0,191.62403
1766064558.2636678,124.358,0.0,191.62403
1766064558.9720776,124.358,0.0,191.62403
1766064559.5485947,124.358,0.0,191.62403
1766064560.1534097,124.358,0.0,191.62403
1766064560.7502527,124.354,0.0,191.62403
1766064561.5447125,124.354,0.0,191.62403
1766064562.1211946,124.347,0.0,191.62403
1766064562.699711,124.345,0.0,191.62403
1766064563.2734454,124.35,0.0,191.62403
1766064563.8546069,124.349,0.0,191.62403
1766064564.4359121,124.35,0.0,191.62403
1766064565.1548984,124.35,0.0,191.62403
1766064565.7399619,124.349,0.0,191.62403
1766064566.4698977,124.357,0.0,191.62403
1766064567.18807,124.35,0.0,191.62403
1766064567.7654424,124.349,0.0,191.62403
1766064568.35427,124.347,0.0,191.62403
1766064568.9342782,124.346,0.0,191.62403
1766064569.521939,124.34,0.0,191.62403
1766064570.1094213,124.353,0.0,191.62403
1766064570.686037,124.351,0.0,191.62403
1766064571.2886415,124.353,0.0,191.62403
1766064572.086407,124.373,0.0,191.62403
1766064572.6693652,124.373,0.0,191.62403
1766064573.3798642,124.369,0.0,191.62403
1766064573.9938426,124.37,0.0,191.62403
1766064574.571717,124.361,0.0,191.62403
1766064575.16169,124.365,0.0,191.62403
1766064577.83079,124.363,0.0,191.62403
1766064578.4318552,124.363,0.0,191.62403
1766064579.0290473,124.36,0.0,191.62403
1766064579.635227,124.36,0.0,191.62403
1766064580.2242627,124.369,0.0,191.62403
1766064580.8333082,124.38,0.0,191.62403
1766064581.418542,124.379,0.0,191.62403
1766064582.113606,124.388,0.0,191.62403
1766064582.6896186,124.382,0.0,191.62403
1766064585.3487768,124.382,0.0,191.62403
1766064585.92351,124.39,0.0,191.62403
1766064586.5005136,124.435,0.0,191.62403
1766064587.074694,124.46,0.0,191.62403
1766064587.651153,124.456,0.0,191.62403
1766064588.2267053,124.443,0.0,191.62403
1766064588.8019893,124.409,0.0,191.62403
1766064589.3784013,124.409,0.0,191.62403
1766064590.0949266,124.409,0.0,191.62403
1766064590.6697621,124.412,0.0,191.62403
1766064591.246278,124.412,0.0,191.62403
1766064591.8207161,124.412,0.0,191.62403
1766064592.4726264,124.409,0.0,191.62403
1766064595.125583,124.379,0.0,191.62403
1766064595.834764,124.379,0.0,191.62403
1766064596.411706,124.374,0.0,191.62403
1766064596.9921288,124.366,0.0,191.62403
1766064597.571508,124.381,0.0,191.62403
1766064598.284986,124.42,0.0,191.62403
1766064598.996143,124.426,0.0,191.62403
1766064599.7114165,124.437,0.0,191.62403
1766064600.288555,124.446,0.0,191.62403
1766064604.7245154,124.886,1.0,192.11403
1766064605.3857994,124.859,1.0,192.06903
1766064605.9668233,124.893,1.0,192.06903
1766064606.5431178,124.887,1.0,192.06903
1766064607.1207025,124.913,1.0,192.06903
1766064607.6979678,124.941,1.0,192.06903
1766064608.2780826,124.979,1.0,192.06903
1766064608.99047,125.023,1.0,192.06903
1766064609.5665207,125.01,1.0,192.06903
1766064610.1653628,125.069,1.0,192.06903
1766064610.740947,124.971,1.0,192.06903
1766064611.3168385,124.874,1.0,192.06903
1766064611.89397,124.939,1.0,192.06903
1766064612.4697757,124.953,1.0,192.06903
1766064613.0453184,125.049,1.0,192.06903
1766064613.6249006,125.118,1.0,192.06903
1766064620.2450693,124.852,0.0,192.28303
1766064620.9043236,124.83,0.0,192.28303
1766064621.4838045,124.767,0.0,192.28303
1766064622.063504,124.813,0.0,192.28303
1766064622.6392496,124.743,0.0,192.28303
1766064623.2158127,124.72,0.0,192.28303
1766064623.7926118,124.622,0.0,192.28303
1766064624.384179,124.711,0.0,192.28303
1766064624.9623337,124.705,0.0,192.28303
1766064625.5436652,124.701,0.0,192.28303
1766064626.1185749,124.699,0.0,192.28303
1766064626.694467,124.743,0.0,192.28303
1766064627.2744403,124.83,0.0,192.28303
1766064627.8500032,124.853,0.0,192.28303
1766064628.4256814,124.934,0.0,192.28303
1766064629.149737,124.934,0.0,192.28303
1766064629.8599002,124.976,0.0,192.28303
1766064630.4373074,124.996,0.0,192.28303
1766064631.0920603,124.996,0.0,192.28303
1766064631.8042243,124.978,0.0,192.28303
1766064632.3822758,125.033,0.0,192.28303
1766064632.957795,125.033,0.0,192.28303
1766064633.5336728,125.092,0.0,192.28303
1766064634.1102123,125.094,0.0,192.28303
1766064634.684938,125.103,0.0,192.28303
1766064635.267737,125.103,0.0,192.28303
1766064635.844051,125.157,0.0,192.28303
1766064636.435672,125.21,0.0,192.28303
1766064637.161754,125.241,0.0,192.28303
1766064637.739389,125.243,0.0,192.28303
1766064638.3151944,125.31,0.0,192.28303
1766064639.025668,125.328,0.0,192.28303
1766064641.6801648,125.528,0.0,192.28303
1766064642.4783647,125.469,0.0,192.28303
1766064643.0532315,125.463,0.0,192.28303
1766064643.645469,125.432,0.0,192.28303
1766064644.2199035,125.373,0.0,192.28303
1766064644.796981,125.348,0.0,192.28303
1766064645.3718507,125.233,0.0,192.28303
1766064645.95028,125.236,0.0,192.28303
1766064646.527796,125.237,0.0,192.28303
1766064649.1810913,125.115,0.0,192.28303
1766064649.757426,125.115,0.0,192.28303
1766064650.3338091,125.038,0.0,192.28303
1766064651.0441964,124.986,0.0,192.28303
1766064651.6196992,124.953,0.0,192.28303
1766064652.1947453,124.952,0.0,192.28303
1766064652.8617914,125.052,0.0,192.28303
1766064653.4394248,125.047,0.0,192.28303
1766064654.0170586,125.045,0.0,192.28303
1766064656.6713223,125.044,0.0,192.28303
1766064657.2570748,124.967,0.0,192.28303
1766064657.8337224,124.986,0.0,192.28303
1766064658.409429,124.945,0.0,192.28303
1766064659.123167,124.935,0.0,192.28303
1766064659.7002387,124.946,0.0,192.28303
1766064660.2746503,124.893,0.0,192.28303
1766064664.7139812,125.031,1.0,192.33203
1766064665.5226567,125.074,1.0,192.43502999999998
1766064666.1007717,125.151,1.0,192.43502999999998
1766064666.6838598,125.15,1.0,192.43502999999998
1766064667.2603824,125.176,1.0,192.43502999999998
1766064667.9766612,125.145,1.0,192.43502999999998
1766064668.5510967,125.136,1.0,192.43502999999998
1766064669.1276984,125.2,1.0,192.43502999999998
1766064669.8390794,125.19,1.0,192.43502999999998
1766064670.4155672,125.157,1.0,192.43502999999998
1766064670.9908016,125.159,1.0,192.43502999999998
1766064671.5656748,125.211,1.0,192.43502999999998
1766064672.1446075,125.192,1.0,192.43502999999998
1766064672.7751846,125.192,1.0,192.43502999999998
1766064673.350556,125.293,1.0,192.43502999999998
1766064674.0649922,125.36,1.0,192.43502999999998
1766064674.640036,125.289,1.0,192.43502999999998
1766064676.6400073,125.354,1.0,192.43502999999998
1766064677.3018243,125.289,1.0,192.73203
1766064677.8775954,125.333,1.0,192.73203
1766064678.4551249,125.354,1.0,192.73203
1766064679.03138,125.369,1.0,192.73203
1766064679.6136632,125.342,1.0,192.73203
1766064680.1908894,125.297,1.0,192.73203
1766064680.9051266,125.36,1.0,192.73203
1766064681.4831917,125.326,1.0,192.73203
1766064682.0631654,125.363,1.0,192.73203
1766064682.6369302,125.437,1.0,192.73203
1766064683.2169797,125.503,1.0,192.73203
1766064685.8685484,125.511,1.0,192.73203
1766064692.5700176,125.226,0.0,192.748785
1766064693.234911,125.226,0.0,192.748785
1766064693.811127,125.324,0.0,192.748785
1766064694.3909757,125.34,0.0,192.748785
1766064695.112318,125.347,0.0,192.748785
1766064695.6895795,125.29,0.0,192.748785
1766064696.281696,125.185,0.0,192.748785
1766064696.8566191,125.208,0.0,192.748785
1766064697.4347184,125.224,0.0,192.748785
1766064698.0109322,125.233,0.0,192.748785
1766064698.5890853,125.279,0.0,192.748785
1766064699.1712332,125.295,0.0,192.748785
1766064699.7545667,125.264,0.0,192.748785
1766064700.3335264,125.284,0.0,192.748785
1766064700.9092436,125.294,0.0,192.748785
1766064701.4852135,125.369,0.0,192.748785
1766064702.063418,125.392,0.0,192.748785
1766064702.6401057,125.384,0.0,192.748785
1766064703.299587,125.375,0.0,192.748785
1766064703.8742626,125.334,0.0,192.748785
1766064704.4608803,125.336,0.0,192.748785
1766064705.1713977,125.309,0.0,192.748785
1766064705.7531288,125.275,0.0,192.748785
1766064706.327455,125.28,0.0,192.748785
1766064707.0378034,125.273,0.0,192.748785
1766064707.613014,125.215,0.0,192.748785
1766064708.330504,125.223,0.0,192.748785
1766064708.905951,125.223,0.0,192.748785
1766064709.4796038,125.171,0.0,192.748785
1766064710.0594778,125.163,0.0,192.748785
1766064710.634832,125.212,0.0,192.748785
1766064711.3439713,125.163,0.0,192.748785
1766064711.920849,125.099,0.0,192.748785
1766064712.4965744,125.093,0.0,192.748785
1766064713.2071204,125.093,0.0,192.748785
1766064715.9439902,125.181,0.0,192.748785
1766064716.6575584,125.195,0.0,192.748785
1766064717.3693454,125.233,0.0,192.748785
1766064718.0768225,125.283,0.0,192.748785
1766064718.6546562,125.277,0.0,192.748785
1766064719.2294056,125.255,0.0,192.748785
1766064719.8084018,125.255,0.0,192.748785
1766064720.3886323,125.256,0.0,192.748785
1766064724.8427012,125.164,1.0,192.640785
1766064731.3077385,125.006,0.0,192.508785
1766064731.8855565,125.057,0.0,192.508785
1766064732.4612606,125.057,0.0,192.508785
1766064733.057253,125.134,0.0,192.508785
1766064733.635318,125.134,0.0,192.508785
1766064734.2141635,125.134,0.0,192.508785
1766064734.792851,125.094,0.0,192.508785
1766064735.367665,125.094,0.0,192.508785
1766064736.1598477,125.094,0.0,192.508785
1766064736.7369795,125.002,0.0,192.508785
1766064737.3119245,124.97,0.0,192.508785
1766064737.8878381,124.972,0.0,192.508785
1766064738.5989046,125.004,0.0,192.508785
1766064739.1760678,125.013,0.0,192.508785
1766064739.888331,125.018,0.0,192.508785
1766064740.5989919,125.018,0.0,192.508785
1766064741.1742146,125.016,0.0,192.508785
1766064741.8948803,125.018,0.0,192.508785
1766064742.518755,125.092,0.0,192.508785
1766064743.093456,125.095,0.0,192.508785
1766064743.6708355,125.093,0.0,192.508785
1766064744.2479525,125.08,0.0,192.508785
1766064744.8233697,125.151,0.0,192.508785
1766064745.3991966,125.131,0.0,192.508785
1766064746.2005503,125.131,0.0,192.508785
1766064746.780394,125.158,0.0,192.508785
1766064747.3690603,125.182,0.0,192.508785
1766064748.083178,125.158,0.0,192.508785
1766064748.6602304,125.183,0.0,192.508785
1766064749.2364104,125.213,0.0,192.508785
1766064749.8171973,125.215,0.0,192.508785
1766064750.5292327,125.16,0.0,192.508785
1766064751.104777,125.15,0.0,192.508785
1766064751.8210475,125.128,0.0,192.508785
1766064752.3982308,125.189,0.0,192.508785
1766064752.9780962,125.193,0.0,192.508785
1766064753.5657501,125.159,0.0,192.508785
1766064754.2762055,125.162,0.0,192.508785
1766064754.8542995,125.187,0.0,192.508785
1766064755.4383473,125.19,0.0,192.508785
1766064756.2303529,125.253,0.0,192.508785
1766064756.8046803,125.25,0.0,192.508785
1766064757.5164921,125.265,0.0,192.508785
1766064758.2250695,125.265,0.0,192.508785
1766064758.800066,125.265,0.0,192.508785
1766064759.5112307,125.27,0.0,192.508785
1766064760.0866325,125.271,0.0,192.508785
1766064760.662647,125.292,0.0,192.508785
1766064761.3750932,125.292,0.0,192.508785
1766064762.0858312,125.292,0.0,192.508785
1766064764.7386112,125.393,0.0,192.508785
1766064765.447883,125.393,0.0,192.508785
1766064766.0228536,125.393,0.0,192.508785
1766064766.6843312,125.394,0.0,192.508785
1766064767.3925974,125.378,0.0,192.508785
1766064767.969829,125.404,0.0,192.508785
1766064768.680398,125.409,0.0,192.508785
1766064769.2555141,125.378,0.0,192.508785
1766064769.835968,125.374,0.0,192.508785
1766064770.409315,125.354,0.0,192.508785
1766064770.987298,125.354,0.0,192.508785
1766064773.6392663,125.319,0.0,192.508785
1766064774.217019,125.4,0.0,192.508785
1766064774.798901,125.465,0.0,192.508785
1766064775.517636,125.465,0.0,192.508785
1766064776.0926843,125.348,0.0,192.508785
1766064776.7501547,125.353,0.0,192.508785
1766064777.3248858,125.343,0.0,192.508785
1766064777.8997023,125.357,0.0,192.508785
1766064778.4805017,125.357,0.0,192.508785
1766064781.1379116,125.395,0.0,192.508785
1766064785.606561,125.163,1.0,192.43578499999998
1766064791.6183116,125.135,0.0,192.280785
1766064792.2773294,125.135,0.0,192.280785
1766064792.8554492,125.098,0.0,192.280785
1766064793.4309516,125.105,0.0,192.280785
1766064794.0075138,125.108,0.0,192.280785
1766064794.5830297,125.098,0.0,192.280785
1766064795.157418,124.985,0.0,192.280785
1766064795.732862,124.976,0.0,192.280785
1766064796.30817,124.945,0.0,192.280785
1766064796.8935783,124.943,0.0,192.280785
1766064797.4675,124.916,0.0,192.280785
1766064798.0416307,125.002,0.0,192.280785
1766064798.6300476,125.006,0.0,192.280785
1766064799.2128537,125.006,0.0,192.280785
1766064799.923137,124.97,0.0,192.280785
1766064800.4990304,124.97,0.0,192.280785
1766064801.0747344,125.028,0.0,192.280785
1766064801.6498988,125.028,0.0,192.280785
1766064802.3092604,125.028,0.0,192.280785
1766064803.027018,125.039,0.0,192.280785
1766064803.7374,125.035,0.0,192.280785
1766064804.4546094,125.027,0.0,192.280785
1766064805.1622431,125.027,0.0,192.280785
1766064805.7408116,125.035,0.0,192.280785
1766064806.315715,125.032,0.0,192.280785
1766064806.8913646,125.045,0.0,192.280785
1766064807.4654438,125.086,0.0,192.280785
1766064808.042323,125.11,0.0,192.280785
1766064808.6207874,125.081,0.0,192.280785
1766064809.1960502,125.11,0.0,192.280785
1766064809.771938,125.11,0.0,192.280785
1766064810.4851515,125.11,0.0,192.280785
1766064811.059287,125.159,0.0,192.280785
1766064811.7723658,125.159,0.0,192.280785
1766064812.345943,125.163,0.0,192.280785
1766064813.0130267,125.196,0.0,192.280785
1766064813.7274117,125.179,0.0,192.280785
1766064814.4398422,125.18,0.0,192.280785
1766064815.0156696,125.18,0.0,192.280785
1766064815.7271905,125.086,0.0,192.280785
1766064816.4415689,125.167,0.0,192.280785
1766064817.0184772,125.168,0.0,192.280785
1766064817.5935006,125.178,0.0,192.280785
1766064818.1694117,125.144,0.0,192.280785
1766064818.7455628,125.144,0.0,192.280785
1766064819.3233442,125.144,0.0,192.280785
1766064819.9031773,125.154,0.0,192.280785
1766064820.6155536,125.154,0.0,192.280785
1766064821.3274753,125.188,0.0,192.280785
1766064821.907303,125.188,0.0,192.280785
1766064822.4846625,125.174,0.0,192.280785
1766064823.2690837,125.174,0.0,192.280785
1766064823.9825008,125.196,0.0,192.280785
1766064824.5570896,125.184,0.0,192.280785
1766064825.1334953,125.184,0.0,192.280785
1766064827.7903283,125.188,0.0,192.280785
1766064828.3660345,125.127,0.0,192.280785
1766064828.9410076,125.127,0.0,192.280785
1766064829.516518,125.117,0.0,192.280785
1766064830.09365,125.128,0.0,192.280785
1766064830.8085644,125.132,0.0,192.280785
1766064831.3839512,125.132,0.0,192.280785
1766064832.0969307,125.162,0.0,192.280785
1766064832.6703937,125.162,0.0,192.280785
1766064833.3345609,125.186,0.0,192.280785
1766064835.9892313,125.181,0.0,192.280785
1766064836.5649714,125.174,0.0,192.280785
1766064837.1411219,125.18,0.0,192.280785
1766064837.7163737,125.163,0.0,192.280785
1766064838.431445,125.111,0.0,192.280785
1766064839.014328,125.124,0.0,192.280785
1766064839.5892472,125.149,0.0,192.280785
1766064840.172268,125.166,0.0,192.280785
1766064844.6199968,125.172,1.0,192.27078500000002
1766064845.2889874,125.137,1.0,192.27078500000002
1766064845.8635814,125.137,1.0,192.27078500000002
1766064846.4414997,125.153,1.0,192.27078500000002
1766064847.0193145,125.117,1.0,192.27078500000002
1766064847.7277894,125.13,1.0,192.27078500000002
1766064848.4371312,125.114,1.0,192.27078500000002
1766064849.1529524,125.162,1.0,192.27078500000002
1766064849.727267,125.144,1.0,192.27078500000002
1766064850.3022804,125.124,1.0,192.27078500000002
1766064850.8772426,125.124,1.0,192.27078500000002
1766064851.4514043,125.135,1.0,192.27078500000002
1766064852.0340407,125.106,1.0,192.27078500000002
1766064852.7414896,125.106,1.0,192.27078500000002
1766064853.4522588,125.004,1.0,192.27078500000002
1766064860.2451723,124.998,0.0,192.091785
1766064861.0394888,125.017,0.0,192.091785
1766064861.6148932,125.017,0.0,192.091785
1766064862.189481,125.008,0.0,192.091785
1766064862.7645583,125.0,0.0,192.091785
1766064863.3395379,125.042,0.0,192.091785
1766064863.9139342,125.102,0.0,192.091785
1766064864.4937472,125.083,0.0,192.091785
1766064865.0772984,125.078,0.0,192.091785
1766064865.6527865,125.078,0.0,192.091785
1766064866.2347438,125.089,0.0,192.091785
1766064866.9468968,125.09,0.0,192.091785
1766064867.5291085,125.097,0.0,192.091785
1766064868.106223,125.139,0.0,192.091785
1766064868.680035,125.154,0.0,192.091785
1766064869.256786,125.156,0.0,192.091785
1766064869.8315067,125.156,0.0,192.091785
1766064870.4139922,125.162,0.0,192.091785
1766064871.0735624,125.156,0.0,192.091785
1766064871.6509254,125.164,0.0,192.091785
1766064872.2260492,125.181,0.0,192.091785
1766064872.8021855,125.195,0.0,192.091785
1766064873.3776743,125.194,0.0,192.091785
1766064873.9598145,125.208,0.0,192.091785
1766064874.6701374,125.224,0.0,192.091785
1766064875.247155,125.153,0.0,192.091785
1766064875.9652147,125.203,0.0,192.091785
1766064876.5450482,125.215,0.0,192.091785
1766064877.122059,125.244,0.0,192.091785
1766064877.6975634,125.232,0.0,192.091785
1766064878.2724478,125.199,0.0,192.091785
1766064878.8469837,125.195,0.0,192.091785
1766064879.4251444,125.227,0.0,192.091785
1766064880.0008404,125.238,0.0,192.091785
1766064880.7145889,125.237,0.0,192.091785
1766064881.4955018,125.237,0.0,192.091785
1766064882.0731936,125.222,0.0,192.091785
1766064882.779907,125.22,0.0,192.091785
1766064885.6383848,125.176,0.0,192.091785
1766064886.21062,125.194,0.0,192.091785
1766064886.784331,125.21,0.0,192.091785
1766064887.3578935,125.199,0.0,192.091785
1766064887.9309137,125.224,0.0,192.091785
1766064888.5065846,125.252,0.0,192.091785
1766064889.0807393,125.265,0.0,192.091785
1766064889.7880592,125.266,0.0,192.091785
1766064890.5004861,125.21,0.0,192.091785
1766064891.2122333,125.206,0.0,192.091785
1766064892.0009983,125.205,0.0,192.091785
1766064892.5756338,125.208,0.0,192.091785
1766064893.3106954,125.229,0.0,192.091785
1766064896.1042156,125.172,0.0,192.091785
1766064896.8152087,125.173,0.0,192.091785
1766064897.5245998,125.199,0.0,192.091785
1766064898.1008449,125.183,0.0,192.091785
1766064898.8128846,125.173,0.0,192.091785
1766064899.3900228,125.172,0.0,192.091785
1766064899.9640763,125.172,0.0,192.091785
1766064900.540222,125.172,0.0,192.091785
1766064905.0217264,125.072,1.0,191.99978499999997
1766064905.688517,125.072,1.0,192.01278499999998
1766064906.2637722,125.072,1.0,192.01278499999998
1766064906.975631,125.108,1.0,192.01278499999998
1766064907.5501895,125.108,1.0,192.01278499999998
1766064908.1273863,125.123,1.0,192.01278499999998
1766064908.7039056,125.123,1.0,192.01278499999998
1766064909.2806795,125.123,1.0,192.01278499999998
1766064909.8554173,125.123,1.0,192.01278499999998
1766064910.4309154,125.123,1.0,192.01278499999998
1766064911.0112522,125.109,1.0,192.01278499999998
1766064911.5891461,125.109,1.0,192.01278499999998
1766064912.1671667,125.101,1.0,192.01278499999998
1766064912.878304,125.14,1.0,192.01278499999998
1766064913.4535449,125.13,1.0,192.01278499999998
1766064914.0277336,125.123,1.0,192.01278499999998
1766064914.6044617,125.111,1.0,192.01278499999998
1766064915.3205254,125.111,1.0,192.01278499999998
1766064916.1220381,125.16,1.0,192.06578499999998
1766064916.6998672,125.15,1.0,192.06578499999998
1766064919.3521168,125.083,1.0,192.06578499999998
1766064919.9292974,125.08,1.0,192.06578499999998
1766064920.507402,125.08,1.0,192.06578499999998
1766064921.0852263,125.039,1.0,192.06578499999998
1766064921.6604793,125.039,1.0,192.06578499999998
1766064922.2347102,125.003,1.0,192.06578499999998
1766064928.7025647,124.893,0.0,191.875751
1766064929.365486,124.893,0.0,191.875751
1766064929.9410796,124.893,0.0,191.875751
1766064930.5157654,124.892,0.0,191.875751
1766064931.090786,124.892,0.0,191.875751
1766064931.6666765,124.84,0.0,191.875751
1766064932.2438824,124.819,0.0,191.875751
1766064932.8176785,124.813,0.0,191.875751
1766064933.393246,124.714,0.0,191.875751
1766064933.9735756,124.718,0.0,191.875751
1766064934.5482154,124.701,0.0,191.875751
1766064935.1265452,124.701,0.0,191.875751
1766064935.7013137,124.726,0.0,191.875751
1766064936.2766173,124.725,0.0,191.875751
1766064936.858778,124.708,0.0,191.875751
1766064937.435374,124.675,0.0,191.875751
1766064938.1715643,124.615,0.0,191.875751
1766064938.8816023,124.633,0.0,191.875751
1766064939.675528,124.599,0.0,191.875751
1766064940.2500665,124.575,0.0,191.875751
1766064940.8266947,124.628,0.0,191.875751
1766064941.4040756,124.668,0.0,191.875751
1766064941.980316,124.657,0.0,191.875751
1766064942.5569673,124.698,0.0,191.875751
1766064943.1314323,124.697,0.0,191.875751
1766064943.708265,124.697,0.0,191.875751
1766064944.2872634,124.735,0.0,191.875751
1766064945.003382,124.795,0.0,191.875751
1766064945.579453,124.782,0.0,191.875751
1766064946.1560154,124.746,0.0,191.875751
1766064946.733884,124.75,0.0,191.875751
1766064947.4418166,124.743,0.0,191.875751
1766064948.153288,124.747,0.0,191.875751
1766064950.8050249,124.718,0.0,191.875751
1766064951.6123962,124.691,0.0,191.875751
1766064952.195069,124.698,0.0,191.875751
1766064952.771474,124.698,0.0,191.875751
1766064953.34599,124.698,0.0,191.875751
1766064953.9263093,124.728,0.0,191.875751
1766064954.508783,124.708,0.0,191.875751
1766064955.093556,124.713,0.0,191.875751
1766064955.8068626,124.724,0.0,191.875751
1766064956.382657,124.714,0.0,191.875751
1766064957.0910416,124.724,0.0,191.875751
1766064959.750003,124.664,0.0,191.875751
1766064960.3248613,124.666,0.0,191.875751
1766064964.7962773,124.798,1.0,191.941751
1766064965.477325,124.784,1.0,191.941751
1766064966.052673,124.784,1.0,191.941751
1766064966.6278238,124.784,1.0,191.941751
1766064967.3376577,124.765,1.0,191.941751
1766064967.9158657,124.797,1.0,191.941751
1766064968.4930387,124.819,1.0,191.941751
1766064969.0739994,124.827,1.0,191.941751
1766064969.651359,124.809,1.0,191.941751
1766064970.2282279,124.834,1.0,191.941751
1766064970.805685,124.804,1.0,191.941751
1766064971.382733,124.834,1.0,191.941751
1766064971.9603894,124.87,1.0,191.941751
1766064972.669363,124.894,1.0,191.941751
1766064973.2455997,124.908,1.0,191.941751
1766064973.8220367,124.913,1.0,191.941751
1766064974.397762,124.937,1.0,191.941751
1766064974.972819,124.971,1.0,191.941751
1766064977.2261736,124.944,1.0,192.105751
1766064977.8025923,124.981,1.0,192.105751
1766064978.3775373,125.002,1.0,192.105751
1766064978.9523518,124.997,1.0,192.105751
1766064979.5344799,124.998,1.0,192.105751
1766064980.1121485,124.998,1.0,192.105751
1766064980.8246324,124.999,1.0,192.105751
1766064981.4022865,124.979,1.0,192.105751
1766064981.9789255,124.979,1.0,192.105751
1766064982.6938336,124.963,1.0,192.105751
1766064983.275245,124.976,1.0,192.105751
1766064983.8495955,124.986,1.0,192.105751
1766064984.4250293,124.996,1.0,192.105751
1766064985.0018702,124.996,1.0,192.105751
1766064985.7869234,124.967,1.0,192.105751
1766064986.3716383,124.93,1.0,192.105751
1766064989.1631079,124.947,1.0,192.105751
1766064989.871912,124.947,1.0,192.105751
1766064990.4476652,124.922,1.0,192.105751
1766064991.1568825,124.922,1.0,192.105751
1766064991.7392812,124.938,1.0,192.105751
1766064992.3161135,124.954,1.0,192.105751
1766064992.8942745,124.965,1.0,192.105751
1766064993.4760914,124.963,1.0,192.105751
1766064994.0502677,124.963,1.0,192.105751
1766064994.6242676,124.989,1.0,192.105751
1766064995.2111623,124.989,1.0,192.105751
1766064995.8641856,124.969,1.0,192.105751
1766064996.4377537,124.975,1.0,192.105751
1766064997.1499045,124.967,1.0,192.105751
1766064997.8596435,124.967,1.0,192.105751
1766064998.4357991,124.943,1.0,192.105751
1766065001.086635,124.948,1.0,192.105751
1766065001.794645,124.948,1.0,192.105751
1766065002.3704867,124.963,1.0,192.105751
1766065002.9474726,124.986,1.0,192.105751
1766065003.5223792,124.986,1.0,192.105751
1766065004.097632,124.992,1.0,192.105751
1766065004.672253,124.996,1.0,192.105751
1766065005.2478542,124.996,1.0,192.105751
1766065005.9020083,124.97,1.0,192.146751
1766065008.6866932,124.972,1.0,192.146751
1766065009.2612534,124.972,1.0,192.146751
1766065009.8447437,124.972,1.0,192.146751
1766065010.4226155,125.0,1.0,192.146751
1766065011.0070958,125.013,1.0,192.146751
1766065011.586882,125.013,1.0,192.146751
1766065012.162364,125.008,1.0,192.146751
1766065012.870863,124.976,1.0,192.146751
1766065013.4539254,125.0,1.0,192.146751
1766065014.0291417,125.009,1.0,192.146751
1766065014.7614717,125.012,1.0,192.146751
1766065015.3377643,125.013,1.0,192.146751
1766065016.119556,125.013,1.0,192.146751
1766065016.6947024,125.028,1.0,192.146751
1766065017.26958,125.025,1.0,192.146751
1766065017.8430505,125.028,1.0,192.146751
1766065020.6415834,125.047,1.0,192.146751
1766065021.21879,125.056,1.0,192.146751
1766065021.7932508,125.028,1.0,192.146751
1766065022.5754511,125.072,1.0,192.146751
1766065023.3838532,125.069,1.0,192.146751
1766065024.11316,125.069,1.0,192.146751
1766065024.6886935,125.069,1.0,192.146751
1766065025.269251,125.055,1.0,192.146751
1766065025.8437166,125.034,1.0,192.146751
1766065026.500772,125.034,1.0,192.22375100000002
1766065027.076868,125.0,1.0,192.22375100000002
1766065027.6515749,125.014,1.0,192.22375100000002
1766065030.443984,125.093,1.0,192.22375100000002
1766065031.1541414,125.05,1.0,192.22375100000002
1766065031.7310207,125.074,1.0,192.22375100000002
1766065032.3055172,125.08,1.0,192.22375100000002
1766065032.881034,125.08,1.0,192.22375100000002
1766065033.457172,125.08,1.0,192.22375100000002
1766065034.0397122,125.056,1.0,192.22375100000002
1766065034.6279044,125.058,1.0,192.22375100000002
1766065035.2050385,125.047,1.0,192.22375100000002
1766065035.9130635,125.055,1.0,192.22375100000002
1766065036.487835,125.059,1.0,192.22375100000002
1766065037.2874377,125.064,1.0,192.22375100000002
1766065037.863895,125.071,1.0,192.22375100000002
1766065038.4400105,125.093,1.0,192.22375100000002
1766065039.0173872,125.128,1.0,192.22375100000002
1766065039.5977654,125.141,1.0,192.22375100000002
1766065042.2464495,125.13,1.0,192.22375100000002
1766065042.826014,125.098,1.0,192.22375100000002
1766065043.4126575,125.115,1.0,192.22375100000002
1766065043.9896798,125.124,1.0,192.22375100000002
1766065044.5640283,125.124,1.0,192.22375100000002
1766065045.1401906,125.124,1.0,192.22375100000002
1766065045.7180395,125.163,1.0,192.22375100000002
1766065046.4272766,125.196,1.0,192.22375100000002
1766065047.0024738,125.179,1.0,192.22375100000002
1766065049.7360723,125.21,1.0,192.333751
1766065050.318424,125.221,1.0,192.333751
1766065051.0294235,125.232,1.0,192.333751
1766065051.6081443,125.213,1.0,192.333751
1766065052.1844525,125.21,1.0,192.333751
1766065052.8948424,125.222,1.0,192.333751
1766065053.4706478,125.228,1.0,192.333751
1766065054.0471427,125.233,1.0,192.333751
1766065054.6250553,125.26,1.0,192.333751
1766065055.3326955,125.26,1.0,192.333751
1766065055.9082544,125.269,1.0,192.333751
1766065056.484811,125.27,1.0,192.333751
1766065057.1932878,125.286,1.0,192.333751
1766065057.97795,125.275,1.0,192.333751
1766065058.5529494,125.268,1.0,192.333751
1766065059.135988,125.268,1.0,192.333751
1766065061.9408967,125.268,1.0,192.333751
1766065062.5158567,125.27,1.0,192.333751
1766065063.095982,125.27,1.0,192.333751
1766065063.6714966,125.308,1.0,192.333751
1766065064.2474046,125.326,1.0,192.333751
1766065064.9565861,125.322,1.0,192.333751
1766065065.5368989,125.346,1.0,192.333751
1766065071.776149,125.295,0.0,192.505751
1766065072.4487634,125.308,0.0,192.505751
1766065073.0256832,125.316,0.0,192.505751
1766065073.5994284,125.316,0.0,192.505751
1766065074.1846557,125.316,0.0,192.505751
1766065074.7693684,125.311,0.0,192.505751
1766065075.3442838,125.311,0.0,192.505751
1766065076.0543082,125.311,0.0,192.505751
1766065076.6314678,125.304,0.0,192.505751
1766065077.2067807,125.304,0.0,192.505751
1766065077.782442,125.331,0.0,192.505751
1766065078.3569782,125.331,0.0,192.505751
1766065078.9317145,125.32,0.0,192.505751
1766065079.5126495,125.32,0.0,192.505751
1766065080.0891695,125.32,0.0,192.505751
1766065084.793437,125.374,1.0,192.508325
1766065085.5857196,125.214,1.0,192.518325
1766065091.4549174,125.117,0.0,192.332325
1766065092.0344121,125.099,0.0,192.332325
1766065092.609698,125.137,0.0,192.332325
1766065093.1852953,125.118,0.0,192.332325
1766065093.7605212,125.117,0.0,192.332325
1766065094.3371823,125.122,0.0,192.332325
1766065094.9131925,125.094,0.0,192.332325
1766065095.7132668,125.098,0.0,192.332325
1766065096.4238694,125.099,0.0,192.332325
1766065097.1383324,125.099,0.0,192.332325
1766065097.7129517,125.081,0.0,192.332325
1766065098.2896857,125.081,0.0,192.332325
1766065098.8640409,125.08,0.0,192.332325
1766065099.4460433,125.048,0.0,192.332325
1766065100.1586378,125.048,0.0,192.332325
1766065100.7346437,125.056,0.0,192.332325
1766065101.4448168,125.025,0.0,192.332325
1766065102.0198946,125.025,0.0,192.332325
1766065102.594672,125.023,0.0,192.332325
1766065103.3032086,125.023,0.0,192.332325
1766065103.8790326,125.023,0.0,192.332325
1766065104.5894868,125.042,0.0,192.332325
1766065105.1649487,125.042,0.0,192.332325
1766065105.9586318,125.043,0.0,192.332325
1766065106.6677651,125.043,0.0,192.332325
1766065107.2493222,125.043,0.0,192.332325
1766065107.8255732,125.043,0.0,192.332325
1766065108.534352,125.089,0.0,192.332325
1766065109.2447875,125.089,0.0,192.332325
1766065109.8224254,125.095,0.0,192.332325
1766065110.4069865,125.143,0.0,192.332325
1766065110.9845824,125.139,0.0,192.332325
1766065111.7168195,125.139,0.0,192.332325
1766065112.2934868,125.144,0.0,192.332325
1766065112.8774686,125.143,0.0,192.332325
1766065113.451859,125.143,0.0,192.332325
1766065114.0341568,125.138,0.0,192.332325
1766065114.6099305,125.138,0.0,192.332325
1766065115.1867776,125.147,0.0,192.332325
1766065115.9912403,125.162,0.0,192.332325
1766065116.566854,125.181,0.0,192.332325
1766065117.277639,125.181,0.0,192.332325
1766065117.8515522,125.173,0.0,192.332325
1766065118.4256122,125.165,0.0,192.332325
1766065118.9991634,125.181,0.0,192.332325
1766065119.5725415,125.181,0.0,192.332325
1766065120.2826006,125.175,0.0,192.332325
1766065120.9946303,125.175,0.0,192.332325
1766065121.568776,125.187,0.0,192.332325
1766065122.27976,125.187,0.0,192.332325
1766065122.8550136,125.185,0.0,192.332325
1766065123.4325025,125.2,0.0,192.332325
1766065124.1460109,125.185,0.0,192.332325
1766065124.7194395,125.218,0.0,192.332325
1766065125.2957008,125.218,0.0,192.332325
1766065126.1120906,125.232,0.0,192.332325
1766065126.8458505,125.227,0.0,192.332325
1766065127.4206474,125.227,0.0,192.332325
1766065128.1346598,125.227,0.0,192.332325
1766065130.9212,125.211,0.0,192.332325
1766065131.4990282,125.241,0.0,192.332325
1766065132.228954,125.297,0.0,192.332325
1766065132.802803,125.301,0.0,192.332325
1766065133.376378,125.303,0.0,192.332325
1766065133.953008,125.303,0.0,192.332325
1766065134.5292068,125.28,0.0,192.332325
1766065135.1050878,125.316,0.0,192.332325
1766065135.684239,125.312,0.0,192.332325
1766065138.4233038,125.306,0.0,192.332325
1766065138.9979296,125.305,0.0,192.332325
1766065139.5730577,125.26,0.0,192.332325
1766065140.1468349,125.295,0.0,192.332325
1766065144.6044707,125.201,1.0,192.271325
1766065145.3146563,125.204,1.0,192.271325
1766065145.8902106,125.204,1.0,192.271325
1766065146.708701,125.288,1.0,192.281325
1766065147.284995,125.295,1.0,192.281325
1766065147.8587213,125.295,1.0,192.281325
1766065148.4337056,125.295,1.0,192.281325
1766065149.0108535,125.293,1.0,192.281325
1766065149.590633,125.293,1.0,192.281325
1766065150.165701,125.293,1.0,192.281325
1766065150.7572439,125.299,1.0,192.281325
1766065151.3315,125.295,1.0,192.281325
1766065152.041895,125.261,1.0,192.281325
1766065152.6198385,125.261,1.0,192.281325
1766065153.1971855,125.287,1.0,192.281325
1766065153.7718556,125.282,1.0,192.281325
1766065154.3471406,125.284,1.0,192.281325
1766065154.9289186,125.28,1.0,192.281325
1766065155.638553,125.28,1.0,192.281325
1766065156.2128088,125.25,1.0,192.281325
1766065156.8698118,125.25,1.0,192.361325
1766065157.444696,125.246,1.0,192.361325
1766065160.0981762,125.285,1.0,192.361325
1766065160.6728466,125.285,1.0,192.361325
1766065161.2489288,125.286,1.0,192.361325
1766065161.8271503,125.304,1.0,192.361325
1766065162.4008949,125.304,1.0,192.361325
1766065162.9795482,125.315,1.0,192.361325
1766065163.5554683,125.315,1.0,192.361325
1766065164.1307807,125.316,1.0,192.361325
1766065164.7068815,125.327,1.0,192.361325
1766065165.2828636,125.327,1.0,192.361325
1766065165.8573813,125.346,1.0,192.361325
1766065166.4331348,125.346,1.0,192.361325
1766065167.2229269,125.337,1.0,192.361325
1766065167.9547756,125.337,1.0,192.361325
1766065170.6154869,125.37,1.0,192.361325
1766065171.191126,125.373,1.0,192.361325
1766065171.9119744,125.375,1.0,192.361325
1766065172.4868922,125.401,1.0,192.361325
1766065173.1970286,125.384,1.0,192.361325
1766065173.7783985,125.383,1.0,192.361325
1766065174.3535697,125.367,1.0,192.361325
1766065174.9301913,125.367,1.0,192.361325
1766065175.5133758,125.392,1.0,192.361325
1766065176.090409,125.406,1.0,192.361325
1766065176.666626,125.364,1.0,192.361325
1766065177.326831,125.375,1.0,192.361325
1766065177.901718,125.387,1.0,192.361325
1766065178.6135771,125.407,1.0,192.361325
1766065179.1893501,125.401,1.0,192.361325
1766065181.8634045,125.403,1.0,192.361325
1766065182.5744736,125.412,1.0,192.361325
1766065183.3033183,125.419,1.0,192.361325
1766065183.8781257,125.419,1.0,192.361325
1766065184.5905795,125.434,1.0,192.361325
1766065185.1673007,125.427,1.0,192.361325
1766065185.8749478,125.42,1.0,192.361325
1766065186.4523773,125.449,1.0,192.361325
1766065187.1601198,125.472,1.0,192.361325
1766065187.815322,125.479,1.0,192.50832499999999
1766065188.4186869,125.453,1.0,192.50832499999999
1766065189.1434374,125.455,1.0,192.50832499999999
1766065189.7229733,125.455,1.0,192.50832499999999
1766065192.5211825,125.386,1.0,192.50832499999999
1766065193.097876,125.383,1.0,192.50832499999999
1766065193.6724157,125.383,1.0,192.50832499999999
1766065194.2491136,125.383,1.0,192.50832499999999
1766065194.9613473,125.41,1.0,192.50832499999999
1766065195.5387483,125.41,1.0,192.50832499999999
1766065196.1128037,125.41,1.0,192.50832499999999
1766065196.8207266,125.403,1.0,192.50832499999999
1766065197.5337381,125.403,1.0,192.50832499999999
1766065198.184416,125.402,1.0,192.489325
1766065198.7639997,125.381,1.0,192.489325
1766065199.4721792,125.393,1.0,192.489325
1766065200.1831925,125.408,1.0,192.489325
1766065202.834007,125.417,1.0,192.489325
1766065203.5435376,125.388,1.0,192.489325
1766065204.1172698,125.388,1.0,192.489325
1766065204.6918435,125.384,1.0,192.489325
1766065205.2690086,125.385,1.0,192.489325
1766065205.9777815,125.376,1.0,192.489325
1766065206.5534286,125.388,1.0,192.489325
1766065207.127584,125.388,1.0,192.489325
1766065207.8360252,125.395,1.0,192.489325
1766065208.4861922,125.395,1.0,192.468325
1766065211.1379023,125.408,1.0,192.468325
1766065211.8458676,125.426,1.0,192.468325
1766065212.4207428,125.446,1.0,192.468325
1766065213.1367173,125.446,1.0,192.468325
1766065213.7112584,125.439,1.0,192.468325
1766065214.2885802,125.439,1.0,192.468325
1766065214.8736436,125.438,1.0,192.468325
1766065215.4479787,125.438,1.0,192.468325
1766065216.0243046,125.438,1.0,192.468325
1766065216.6003878,125.438,1.0,192.468325
1766065217.1820774,125.417,1.0,192.468325
1766065217.7650867,125.428,1.0,192.468325
1766065218.4155812,125.428,1.0,192.468325
1766065218.9942293,125.448,1.0,192.468325
1766065221.6919508,125.435,1.0,192.468325
1766065222.398216,125.435,1.0,192.468325
1766065222.9722576,125.442,1.0,192.468325
1766065223.5526347,125.442,1.0,192.468325
1766065224.1359768,125.437,1.0,192.468325
1766065224.733266,125.44,1.0,192.468325
1766065225.3082688,125.44,1.0,192.468325
1766065226.016831,125.47,1.0,192.468325
1766065226.5915673,125.47,1.0,192.468325
1766065227.16823,125.469,1.0,192.468325
1766065227.7440817,125.5,1.0,192.468325
1766065228.32691,125.5,1.0,192.468325
1766065229.1350565,125.525,1.0,192.468325
1766065229.7116246,125.529,1.0,192.468325
1766065230.3008637,125.529,1.0,192.468325
1766065231.0116758,125.542,1.0,192.468325
1766065231.7393641,125.542,1.0,192.468325
1766065234.3934004,125.531,1.0,192.468325
1766065234.9676418,125.531,1.0,192.468325
1766065235.5435913,125.509,1.0,192.468325
1766065236.2568069,125.524,1.0,192.468325
1766065236.830408,125.532,1.0,192.468325
1766065237.406016,125.504,1.0,192.468325
1766065238.117311,125.504,1.0,192.468325
1766065238.8266656,125.504,1.0,192.468325
1766065239.6201246,125.527,1.0,192.593325
1766065240.1953545,125.526,1.0,192.593325
1766065240.7704349,125.526,1.0,192.593325
1766065243.4260876,125.496,1.0,192.593325
1766065244.001599,125.484,1.0,192.593325
1766065244.5815575,125.479,1.0,192.593325
1766065245.1585183,125.483,1.0,192.593325
1766065245.7348442,125.491,1.0,192.593325
1766065246.3118372,125.49,1.0,192.593325
1766065247.0249116,125.475,1.0,192.593325
1766065247.7492228,125.475,1.0,192.593325
1766065248.3357122,125.505,1.0,192.593325
1766065248.9125898,125.505,1.0,192.593325
1766065251.7845438,125.485,1.0,192.566325
1766065252.4930177,125.485,1.0,192.566325
1766065253.072097,125.488,1.0,192.566325
1766065253.7866392,125.474,1.0,192.566325
1766065254.3608248,125.524,1.0,192.566325
1766065255.0714943,125.523,1.0,192.566325
1766065255.7819655,125.535,1.0,192.566325
1766065256.3568068,125.535,1.0,192.566325
1766065256.933097,125.535,1.0,192.566325
1766065257.645255,125.535,1.0,192.566325
1766065258.2196763,125.543,1.0,192.566325
1766065258.9312353,125.521,1.0,192.566325
1766065259.5082939,125.506,1.0,192.566325
1766065260.3100216,125.496,1.0,192.608325
1766065261.0190046,125.474,1.0,192.608325
1766065263.8064494,125.442,1.0,192.608325
1766065264.3826833,125.433,1.0,192.608325
1766065264.9598908,125.433,1.0,192.608325
1766065265.5363135,125.48,1.0,192.608325
1766065266.1102872,125.481,1.0,192.608325
1766065266.6855862,125.491,1.0,192.608325
1766065267.392605,125.485,1.0,192.608325
1766065267.968266,125.495,1.0,192.608325
1766065268.5434713,125.524,1.0,192.608325
1766065269.1198163,125.523,1.0,192.608325
1766065269.6957793,125.523,1.0,192.608325
1766065270.3472013,125.523,1.0,192.608325
1766065270.9235046,125.546,1.0,192.608325
1766065271.647412,125.567,1.0,192.608325
1766065272.2241607,125.567,1.0,192.608325
1766065274.8761652,125.579,1.0,192.608325
1766065275.5863144,125.603,1.0,192.608325
1766065277.8893726,125.7,1.0,192.608325
1766065278.4661446,125.701,1.0,192.608325
1766065279.041622,125.688,1.0,192.608325
1766065279.7516928,125.704,1.0,192.608325
1766065280.3288126,125.687,1.0,192.608325
1766065280.9915602,125.686,1.0,192.766325
1766065281.5741904,125.686,1.0,192.766325
1766065282.153703,125.629,1.0,192.766325
1766065282.728194,125.632,1.0,192.766325
1766065283.3103318,125.662,1.0,192.766325
1766065283.8857927,125.629,1.0,192.766325
1766065284.4610493,125.629,1.0,192.766325
1766065285.041344,125.629,1.0,192.766325
1766065285.6176414,125.638,1.0,192.766325
1766065286.1953106,125.644,1.0,192.766325
1766065286.7767358,125.644,1.0,192.766325
1766065287.3562138,125.645,1.0,192.766325
1766065287.9373581,125.651,1.0,192.766325
1766065288.6472843,125.686,1.0,192.766325
1766065291.5759144,125.686,1.0,192.766325
1766065292.2411845,125.686,1.0,192.777325
1766065292.8188543,125.694,1.0,192.777325
1766065293.393281,125.712,1.0,192.777325
1766065294.1078792,125.712,1.0,192.777325
1766065294.821446,125.723,1.0,192.777325
1766065295.3961363,125.732,1.0,192.777325
1766065296.1133766,125.732,1.0,192.777325
1766065296.6910338,125.749,1.0,192.777325
1766065297.2676926,125.749,1.0,192.777325
1766065297.8442576,125.749,1.0,192.777325
1766065298.4223335,125.701,1.0,192.777325
1766065301.0739007,125.77,1.0,192.777325
1766065301.649846,125.77,1.0,192.777325
1766065302.305906,125.763,1.0,192.84132499999998
1766065302.8803558,125.758,1.0,192.84132499999998
1766065303.459005,125.758,1.0,192.84132499999998
1766065304.1686325,125.784,1.0,192.84132499999998
1766065304.8773515,125.788,1.0,192.84132499999998
1766065305.4552815,125.789,1.0,192.84132499999998
1766065306.1919756,125.818,1.0,192.84132499999998
1766065306.9034603,125.824,1.0,192.84132499999998
1766065307.482408,125.803,1.0,192.84132499999998
1766065310.1371481,125.784,1.0,192.84132499999998
1766065310.7108328,125.777,1.0,192.84132499999998
1766065311.425747,125.758,1.0,192.84132499999998
1766065312.0032527,125.766,1.0,192.84132499999998
1766065312.6634629,125.766,1.0,192.848325
1766065313.3732646,125.774,1.0,192.848325
1766065313.957542,125.774,1.0,192.848325
1766065314.5370178,125.717,1.0,192.848325
1766065315.1131833,125.717,1.0,192.848325
1766065315.82505,125.763,1.0,192.848325
1766065316.3993752,125.74,1.0,192.848325
1766065319.0559087,125.741,1.0,192.848325
1766065319.6332312,125.753,1.0,192.848325
1766065320.346047,125.755,1.0,192.848325
1766065320.922077,125.741,1.0,192.848325
1766065321.6324086,125.748,1.0,192.848325
1766065322.2090142,125.732,1.0,192.848325
1766065322.8679392,125.732,1.0,192.820325
1766065323.5787625,125.732,1.0,192.820325
1766065324.1593509,125.746,1.0,192.820325
1766065324.7432678,125.684,1.0,192.820325
1766065325.454383,125.721,1.0,192.820325
1766065328.2391691,125.778,1.0,192.820325
1766065328.8211856,125.778,1.0,192.820325
1766065329.3956254,125.778,1.0,192.820325
1766065329.9697704,125.778,1.0,192.820325
1766065330.5451086,125.841,1.0,192.820325
1766065331.2546544,125.84,1.0,192.820325
1766065331.9955187,125.84,1.0,192.820325
1766065332.569237,125.847,1.0,192.820325
1766065333.3664436,125.824,1.0,192.922325
1766065333.943864,125.785,1.0,192.922325
1766065334.6545384,125.777,1.0,192.922325
1766065335.2298265,125.804,1.0,192.922325
1766065337.881939,125.83,1.0,192.922325
1766065338.5922506,125.91,1.0,192.922325
1766065345.0103009,125.91,0.0,192.988325
1766065345.6669874,125.91,0.0,192.988325
1766065346.2500825,125.91,0.0,192.988325
1766065346.823895,125.91,0.0,192.988325
1766065347.4015026,125.911,0.0,192.988325
1766065347.988111,125.911,0.0,192.988325
1766065348.5656974,125.915,0.0,192.988325
1766065349.1752453,125.915,0.0,192.988325
1766065349.7539246,125.921,0.0,192.988325
1766065350.4651213,125.93,0.0,192.988325
1766065351.067898,125.935,0.0,192.988325
1766065351.6429667,125.935,0.0,192.988325
1766065352.218102,125.935,0.0,192.988325
1766065352.7949302,125.96,0.0,192.988325
1766065353.5074718,125.938,0.0,192.988325
1766065354.2182028,125.939,0.0,192.988325
1766065354.7961879,125.94,0.0,192.988325
1766065355.3725617,125.938,0.0,192.988325
1766065356.1949518,125.938,0.0,192.988325
1766065356.7709692,125.939,0.0,192.988325
1766065357.3567047,125.938,0.0,192.988325
1766065358.0682514,125.938,0.0,192.988325
1766065358.6439457,125.912,0.0,192.988325
1766065359.218513,125.892,0.0,192.988325
1766065359.9275603,125.895,0.0,192.988325
1766065360.5031977,125.896,0.0,192.988325
1766065361.0789528,125.899,0.0,192.988325
1766065361.790735,125.877,0.0,192.988325
1766065362.4993823,125.863,0.0,192.988325
1766065363.0756252,125.863,0.0,192.988325
1766065363.7945058,125.91,0.0,192.988325
1766065364.3696647,125.911,0.0,192.988325
1766065364.9452505,125.915,0.0,192.988325
1766065365.5205169,125.915,0.0,192.988325
1766065366.1840453,125.927,0.0,192.988325
1766065366.7586567,125.971,0.0,192.988325
1766065367.4710832,125.979,0.0,192.988325
1766065370.1196163,125.901,0.0,192.988325
1766065370.6983073,125.901,0.0,192.988325
1766065371.2752504,125.904,0.0,192.988325
1766065371.9877632,125.936,0.0,192.988325
1766065372.6971316,125.938,0.0,192.988325
1766065373.4089696,125.908,0.0,192.988325
1766065373.9865165,125.908,0.0,192.988325
1766065374.5622165,125.845,0.0,192.988325
1766065375.2708473,125.852,0.0,192.988325
1766065375.8475184,125.86,0.0,192.988325
1766065376.511864,125.86,0.0,192.988325
1766065377.2245448,125.86,0.0,192.988325
1766065377.934893,125.848,0.0,192.988325
1766065378.6456199,125.841,0.0,192.988325
1766065381.5786407,125.85,0.0,192.988325
1766065386.0180945,125.969,1.0,193.003325
1766065386.945625,125.957,1.0,193.045325
1766065387.5224857,125.992,1.0,193.045325
1766065388.2324047,125.983,1.0,193.045325
1766065388.8072917,125.983,1.0,193.045325
1766065389.3832617,126.0,1.0,193.045325
1766065389.9604447,126.026,1.0,193.045325
1766065390.6715312,126.063,1.0,193.045325
1766065391.250346,126.062,1.0,193.045325
1766065391.962163,126.085,1.0,193.045325
1766065392.5381203,126.109,1.0,193.045325
1766065393.2511356,126.119,1.0,193.045325
1766065393.8267748,126.158,1.0,193.045325
1766065394.4112208,126.16,1.0,193.045325
1766065394.9876761,126.166,1.0,193.045325
1766065395.56311,126.163,1.0,193.045325
1766065396.2801704,126.177,1.0,193.045325
1766065397.073211,126.177,1.0,193.258325
1766065397.786165,126.101,1.0,193.258325
1766065398.366172,126.127,1.0,193.258325
1766065398.942462,126.141,1.0,193.258325
1766065399.5190191,126.191,1.0,193.258325
1766065400.1031854,126.192,1.0,193.258325
1766065400.679649,126.214,1.0,193.258325
1766065401.2569811,126.216,1.0,193.258325
1766065401.8332663,126.267,1.0,193.258325
1766065402.543626,126.255,1.0,193.258325
1766065403.2538242,126.216,1.0,193.258325
1766065403.831273,126.206,1.0,193.258325
1766065404.406868,126.161,1.0,193.258325
1766065404.9837692,126.129,1.0,193.258325
1766065407.6396134,126.079,1.0,193.258325
1766065408.4985037,126.092,1.0,193.218325
1766065409.0747952,126.096,1.0,193.218325
1766065409.7846508,126.134,1.0,193.218325
1766065410.3619106,126.134,1.0,193.218325
1766065410.9567862,126.134,1.0,193.218325
1766065411.5365,126.16,1.0,193.218325
1766065412.111531,126.16,1.0,193.218325
1766065412.6888883,126.226,1.0,193.218325
1766065413.2658043,126.231,1.0,193.218325
1766065413.9765658,126.234,1.0,193.218325
1766065416.6304028,126.211,1.0,193.218325
1766065417.3620706,126.216,1.0,193.218325
1766065417.939636,126.179,1.0,193.218325
1766065418.8688443,126.087,1.0,193.313325
1766065419.4432123,126.041,1.0,193.313325
1766065420.158489,126.029,1.0,193.313325
1766065420.7374218,126.022,1.0,193.313325
1766065421.447888,126.014,1.0,193.313325
1766065422.0241485,125.982,1.0,193.313325
1766065422.7376812,126.035,1.0,193.313325
1766065423.3212564,126.035,1.0,193.313325
1766065424.032544,126.037,1.0,193.313325
1766065424.610517,126.025,1.0,193.313325
1766065425.3204398,126.017,1.0,193.313325
1766065426.0310214,126.016,1.0,193.313325
1766065428.8324711,125.985,1.0,193.313325
1766065429.6293736,125.985,1.0,193.087325
1766065430.3612554,125.93,1.0,193.087325
1766065431.0758495,125.908,1.0,193.087325
1766065431.6632714,125.921,1.0,193.087325
1766065432.2529972,125.93,1.0,193.087325
1766065432.9638796,125.979,1.0,193.087325
1766065433.5391436,125.979,1.0,193.087325
1766065434.1146905,126.01,1.0,193.087325
1766065434.6914325,126.014,1.0,193.087325
1766065435.2705514,126.013,1.0,193.087325
1766065435.979257,126.043,1.0,193.087325
1766065436.5527859,126.042,1.0,193.087325
1766065439.2063923,126.101,1.0,193.087325
1766065439.8666048,126.105,1.0,193.164325
1766065440.583412,126.089,1.0,193.164325
1766065441.1606019,126.087,1.0,193.164325
1766065441.8715177,126.087,1.0,193.164325
1766065442.4524002,126.087,1.0,193.164325
1766065443.0297356,126.098,1.0,193.164325
1766065443.7403831,126.129,1.0,193.164325
1766065444.3268852,126.139,1.0,193.164325
1766065445.0393264,126.095,1.0,193.164325
1766065445.6176002,126.095,1.0,193.164325
1766065446.1913939,126.068,1.0,193.164325
1766065448.9822106,126.052,1.0,193.164325
1766065449.5625877,126.055,1.0,193.164325
1766065450.3615472,125.997,1.0,193.148325
1766065450.9444294,126.016,1.0,193.148325
1766065451.5194304,126.043,1.0,193.148325
1766065452.096466,126.026,1.0,193.148325
1766065452.6732762,126.051,1.0,193.148325
1766065453.2484763,126.051,1.0,193.148325
1766065453.8245993,126.07,1.0,193.148325
1766065456.4750438,126.088,1.0,193.148325
1766065457.186803,126.067,1.0,193.148325
1766065457.76277,126.077,1.0,193.148325
1766065458.338492,126.112,1.0,193.148325
1766065458.9161549,126.105,1.0,193.148325
1766065459.4934223,126.105,1.0,193.148325
1766065460.0693226,126.114,1.0,193.148325
1766065460.8894618,126.123,1.0,193.20532500000002
1766065461.602131,126.096,1.0,193.20532500000002
1766065462.1763508,126.096,1.0,193.20532500000002
1766065462.752329,126.06,1.0,193.20532500000002
1766065465.433457,126.101,1.0,193.20532500000002
1766065466.1495273,126.085,1.0,193.20532500000002
1766065466.860635,126.068,1.0,193.20532500000002
1766065467.4359024,126.084,1.0,193.20532500000002
1766065468.1511383,126.049,1.0,193.20532500000002
1766065468.7332444,126.052,1.0,193.20532500000002
1766065469.3096094,126.069,1.0,193.20532500000002
1766065469.8850133,126.072,1.0,193.20532500000002
1766065470.463237,126.072,1.0,193.20532500000002
1766065471.1343956,126.069,1.0,193.154325
1766065471.7094288,126.043,1.0,193.154325
1766065472.434708,126.043,1.0,193.154325
1766065475.0894005,126.04,1.0,193.154325
1766065475.665323,126.04,1.0,193.154325
1766065476.2402093,126.04,1.0,193.154325
1766065476.9675663,126.045,1.0,193.154325
1766065477.5447416,126.015,1.0,193.154325
1766065478.1223824,126.015,1.0,193.154325
1766065478.6960952,126.017,1.0,193.154325
1766065479.2725482,126.027,1.0,193.154325
1766065479.9822485,126.032,1.0,193.154325
1766065480.55815,126.032,1.0,193.154325
1766065481.208787,126.032,1.0,193.154325
1766065481.7852015,126.062,1.0,193.154325
1766065482.4937687,126.046,1.0,193.154325
1766065483.2029994,126.042,1.0,193.154325
1766065483.7809107,126.049,1.0,193.154325
1766065486.5672998,126.059,1.0,193.154325
1766065487.1475918,126.059,1.0,193.154325
1766065487.7214339,126.043,1.0,193.154325
1766065488.2992177,126.052,1.0,193.154325
1766065488.8762116,126.047,1.0,193.154325
1766065489.4520705,126.04,1.0,193.154325
1766065490.0275426,126.04,1.0,193.154325
1766065490.6080935,126.04,1.0,193.154325
1766065491.2682145,126.038,1.0,193.144325
1766065493.9236617,126.063,1.0,193.144325
1766065494.498845,126.063,1.0,193.144325
1766065495.0752025,126.063,1.0,193.144325
1766065495.6521442,126.034,1.0,193.144325
1766065496.2271776,126.05,1.0,193.144325
1766065496.802203,126.053,1.0,193.144325
1766065497.3793564,126.05,1.0,193.144325
1766065497.9554057,126.016,1.0,193.144325
1766065498.5293183,126.019,1.0,193.144325
1766065499.107618,126.019,1.0,193.144325
1766065499.6845,126.004,1.0,193.144325
1766065500.2597618,126.004,1.0,193.144325
1766065502.9131923,125.912,1.0,193.144325
1766065503.7150707,125.91,1.0,193.015325
1766065504.2970057,125.933,1.0,193.015325
1766065504.8743668,125.919,1.0,193.015325
1766065505.4508197,125.954,1.0,193.015325
1766065506.1612225,125.954,1.0,193.015325
1766065506.7372007,126.006,1.0,193.015325
1766065507.3190594,126.008,1.0,193.015325
1766065508.0316896,126.047,1.0,193.015325
1766065508.6068444,126.036,1.0,193.015325
1766065509.1830177,126.053,1.0,193.015325
1766065511.8338792,126.043,1.0,193.015325
1766065512.4101186,126.066,1.0,193.015325
1766065512.9857051,126.066,1.0,193.015325
1766065513.6502137,126.04,1.0,193.145325
1766065514.3611133,126.035,1.0,193.145325
1766065514.9401174,126.005,1.0,193.145325
1766065515.516962,126.068,1.0,193.145325
1766065516.094801,126.051,1.0,193.145325
1766065516.6706042,126.035,1.0,193.145325
1766065519.457579,126.028,1.0,193.145325
1766065520.1748137,126.028,1.0,193.145325
1766065520.7508488,126.021,1.0,193.145325
1766065521.3349044,126.027,1.0,193.145325
1766065521.9105556,126.027,1.0,193.145325
1766065522.6213155,125.984,1.0,193.145325
1766065523.204178,125.964,1.0,193.145325
1766065523.8631902,125.963,1.0,193.108325
1766065524.4392653,125.911,1.0,193.108325
1766065525.0156603,125.911,1.0,193.108325
1766065527.8066113,125.878,1.0,193.108325
1766065528.3824725,125.901,1.0,193.108325
1766065528.9586334,125.885,1.0,193.108325
1766065529.5337396,125.863,1.0,193.108325
1766065530.1097646,125.815,1.0,193.108325
1766065530.6875527,125.835,1.0,193.108325
1766065531.3959777,125.853,1.0,193.108325
1766065531.9729156,125.849,1.0,193.108325
1766065532.6862483,125.849,1.0,193.108325
1766065533.2619162,125.881,1.0,193.108325
1766065533.920089,125.901,1.0,192.965325
1766065536.7083657,125.926,1.0,192.965325
1766065537.286565,125.935,1.0,192.965325
1766065537.8614824,125.935,1.0,192.965325
1766065538.437808,125.955,1.0,192.965325
1766065539.0154436,125.971,1.0,192.965325
1766065539.6134303,125.968,1.0,192.965325
1766065540.3272164,125.963,1.0,192.965325
1766065540.9033015,125.963,1.0,192.965325
1766065541.615305,125.961,1.0,192.965325
1766065542.1903017,125.936,1.0,192.965325
1766065542.7648487,125.937,1.0,192.965325
1766065543.474363,125.955,1.0,192.965325
1766065544.1236598,125.962,1.0,192.965325
1766065544.8338308,125.963,1.0,192.965325
1766065545.4109735,126.014,1.0,192.965325
1766065545.9888816,126.001,1.0,192.965325
1766065548.6422162,126.018,1.0,192.965325
1766065549.2171602,126.005,1.0,192.965325
1766065549.7932143,126.004,1.0,192.965325
1766065550.369339,126.004,1.0,192.965325
1766065550.9467072,126.004,1.0,192.965325
1766065551.522299,126.012,1.0,192.965325
1766065552.113926,126.012,1.0,192.965325
1766065552.6904998,126.054,1.0,192.965325
1766065553.2671733,126.062,1.0,192.965325
1766065553.8461413,126.062,1.0,192.965325
1766065554.5006008,126.073,1.0,192.965325
1766065555.0757232,126.063,1.0,192.965325
1766065555.7871637,126.056,1.0,192.965325
1766065558.5704515,126.124,1.0,192.965325
1766065559.1464388,126.124,1.0,192.965325
1766065559.854457,126.104,1.0,192.965325
1766065560.4287684,126.097,1.0,192.965325
1766065561.0038877,126.127,1.0,192.965325
1766065561.578668,126.13,1.0,192.965325
1766065562.1571145,126.129,1.0,192.965325
1766065562.7325938,126.146,1.0,192.965325
1766065563.3091428,126.145,1.0,192.965325
1766065563.8839862,126.142,1.0,192.965325
1766065566.7596188,126.162,1.0,193.216325
1766065567.335238,126.162,1.0,193.216325
1766065567.9114683,126.169,1.0,193.216325
1766065568.6220706,126.216,1.0,193.216325
1766065569.1984844,126.264,1.0,193.216325
1766065569.7751567,126.259,1.0,193.216325
1766065570.3494148,126.267,1.0,193.216325
1766065571.062106,126.267,1.0,193.216325
1766065571.6395013,126.274,1.0,193.216325
1766065572.3678386,126.274,1.0,193.216325
1766065572.9473188,126.282,1.0,193.216325
1766065573.53669,126.259,1.0,193.216325
1766065574.1149163,126.267,1.0,193.216325
1766065574.7685552,126.275,1.0,193.216325
1766065575.3431199,126.282,1.0,193.216325
1766065575.9187791,126.282,1.0,193.216325
1766065578.0407069,126.34,1.0,193.216325
1766065578.6308968,126.328,1.0,193.216325
1766065579.2081852,126.341,1.0,193.216325
1766065579.7829852,126.345,1.0,193.216325
1766065580.4931931,126.345,1.0,193.216325
1766065581.06982,126.352,1.0,193.216325
1766065581.6459663,126.374,1.0,193.216325
1766065582.22888,126.367,1.0,193.216325
1766065582.937349,126.31,1.0,193.216325
1766065583.51582,126.296,1.0,193.216325
1766065586.1665869,126.257,1.0,193.216325
1766065586.8296008,126.236,1.0,193.377325
1766065587.408133,126.241,1.0,193.377325
1766065587.9852486,126.208,1.0,193.377325
1766065588.5595388,126.2,1.0,193.377325
1766065589.2703319,126.169,1.0,193.377325
1766065589.8449407,126.163,1.0,193.377325
1766065590.4210365,126.163,1.0,193.377325
1766065591.0012696,126.197,1.0,193.377325
1766065593.6570013,126.135,1.0,193.377325
1766065594.2338803,126.135,1.0,193.377325
1766065594.9475086,126.203,1.0,193.377325
1766065595.523203,126.181,1.0,193.377325
1766065596.236285,126.182,1.0,193.377325
1766065596.8134477,126.148,1.0,193.377325
1766065597.611117,126.148,1.0,193.277325
1766065598.3214538,126.157,1.0,193.277325
1766065598.8968382,126.157,1.0,193.277325
1766065599.4729354,126.154,1.0,193.277325
1766065600.0466123,126.154,1.0,193.277325
1766065602.7004287,126.135,1.0,193.277325
1766065603.2755344,126.121,1.0,193.277325
1766065603.8515408,126.118,1.0,193.277325
1766065604.4298942,126.109,1.0,193.277325
1766065605.1406863,126.122,1.0,193.277325
1766065605.7219539,126.136,1.0,193.277325
1766065606.299414,126.119,1.0,193.277325
1766065606.8738093,126.131,1.0,193.277325
1766065607.542349,126.156,1.0,193.218325
1766065610.3280535,126.165,1.0,193.218325
1766065611.0392957,126.161,1.0,193.218325
1766065611.614315,126.161,1.0,193.218325
1766065612.1910727,126.183,1.0,193.218325
1766065612.765076,126.19,1.0,193.218325
1766065613.344856,126.203,1.0,193.218325
1766065614.053191,126.193,1.0,193.218325
1766065614.629653,126.218,1.0,193.218325
1766065615.2037416,126.212,1.0,193.218325
1766065615.7790444,126.219,1.0,193.218325
1766065616.4934568,126.218,1.0,193.218325
1766065617.1061165,126.195,1.0,193.218325
1766065619.8513012,126.17,1.0,193.299325
1766065620.434842,126.176,1.0,193.299325
1766065621.1453476,126.243,1.0,193.299325
1766065621.722993,126.238,1.0,193.299325
1766065622.3010833,126.274,1.0,193.299325
1766065622.8769882,126.299,1.0,193.299325
1766065623.4527116,126.282,1.0,193.299325
1766065624.0281348,126.282,1.0,193.299325
1766065624.7380912,126.292,1.0,193.299325
1766065625.4513245,126.292,1.0,193.299325
1766065626.0277321,126.298,1.0,193.299325
1766065626.7380602,126.295,1.0,193.299325
1766065627.3162022,126.299,1.0,193.299325
1766065627.9699278,126.311,1.0,193.299325
1766065628.6789746,126.341,1.0,193.299325
1766065629.2541492,126.331,1.0,193.299325
1766065629.9636967,126.344,1.0,193.299325
1766065630.6774912,126.343,1.0,193.299325
1766065633.33023,126.374,1.0,193.299325
1766065633.9064238,126.354,1.0,193.299325
1766065634.481137,126.375,1.0,193.299325
1766065635.1935513,126.374,1.0,193.299325
1766065635.768506,126.375,1.0,193.299325
1766065636.3434591,126.375,1.0,193.299325
1766065637.0552285,126.363,1.0,193.299325
1766065637.6311748,126.346,1.0,193.299325
1766065638.2891219,126.375,1.0,193.468325
1766065639.0042117,126.374,1.0,193.468325
1766065641.7915897,126.365,1.0,193.468325
1766065642.5097005,126.36,1.0,193.468325
1766065643.0838442,126.367,1.0,193.468325
1766065643.6636128,126.354,1.0,193.468325
1766065644.2410178,126.33,1.0,193.468325
1766065644.8276618,126.312,1.0,193.468325
1766065645.4036894,126.305,1.0,193.468325
1766065645.9790764,126.311,1.0,193.468325
1766065646.5561829,126.311,1.0,193.468325
1766065647.1348553,126.32,1.0,193.468325
1766065647.8483493,126.331,1.0,193.468325
1766065648.7891123,126.316,1.0,193.420325
1766065651.4392226,126.346,1.0,193.420325
1766065652.0137234,126.359,1.0,193.420325
1766065652.7225688,126.37,1.0,193.420325
1766065653.2988403,126.37,1.0,193.420325
1766065653.8768966,126.37,1.0,193.420325
1766065654.5863168,126.371,1.0,193.420325
1766065655.1646225,126.37,1.0,193.420325
1766065655.7410398,126.37,1.0,193.420325
1766065656.3188512,126.369,1.0,193.420325
1766065657.0318203,126.347,1.0,193.420325
1766065657.6103747,126.354,1.0,193.420325
1766065658.186105,126.337,1.0,193.420325
1766065658.8401344,126.341,1.0,193.420325
1766065659.4148903,126.34,1.0,193.420325
1766065659.9893248,126.329,1.0,193.420325
1766065662.6423557,126.352,1.0,193.420325
1766065663.2183843,126.336,1.0,193.420325
1766065663.7955327,126.322,1.0,193.420325
1766065664.5045872,126.32,1.0,193.420325
1766065665.0776482,126.328,1.0,193.420325
1766065665.6555104,126.334,1.0,193.420325
1766065666.232867,126.358,1.0,193.420325
1766065666.8074627,126.348,1.0,193.420325
1766065667.3829823,126.358,1.0,193.420325
1766065667.958726,126.358,1.0,193.420325
1766065668.534785,126.374,1.0,193.420325
1766065669.18693,126.373,1.0,193.420325
1766065669.7664306,126.359,1.0,193.420325
1766065672.4184635,126.375,1.0,193.420325
1766065672.997138,126.374,1.0,193.420325
1766065673.7151089,126.37,1.0,193.420325
1766065674.2910573,126.37,1.0,193.420325
1766065675.0014992,126.37,1.0,193.420325
1766065675.584978,126.365,1.0,193.420325
1766065676.3207915,126.375,1.0,193.420325
1766065676.896207,126.374,1.0,193.420325
1766065677.472933,126.375,1.0,193.420325
1766065678.0500593,126.376,1.0,193.420325
1766065678.6264288,126.394,1.0,193.420325
1766065681.3641326,126.371,1.0,193.506325
1766065681.939972,126.371,1.0,193.506325
1766065682.5164006,126.384,1.0,193.506325
1766065683.0935533,126.394,1.0,193.506325
1766065683.668525,126.394,1.0,193.506325
1766065684.2439687,126.394,1.0,193.506325
1766065684.8169324,126.382,1.0,193.506325
1766065685.5305426,126.384,1.0,193.506325
1766065686.115346,126.383,1.0,193.506325
1766065686.6913733,126.338,1.0,193.506325
1766065687.2667162,126.34,1.0,193.506325
1766065687.8415444,126.353,1.0,193.506325
1766065688.4169219,126.384,1.0,193.506325
1766065691.0821414,126.44,1.0,193.506325
1766065691.7425487,126.441,1.0,193.524325
1766065692.318638,126.441,1.0,193.524325
1766065692.8947728,126.444,1.0,193.524325
1766065693.6069562,126.453,1.0,193.524325
1766065694.3195913,126.452,1.0,193.524325
1766065694.8957129,126.452,1.0,193.524325
1766065695.6086302,126.441,1.0,193.524325
1766065696.1855173,126.441,1.0,193.524325
1766065696.7605066,126.462,1.0,193.524325
1766065697.4696522,126.462,1.0,193.524325
1766065698.1823144,126.484,1.0,193.524325
1766065700.8307204,126.517,1.0,193.524325
1766065707.5535495,126.469,0.0,193.630325
1766065708.3458388,126.439,0.0,193.630325
1766065708.921585,126.446,0.0,193.630325
1766065709.6276011,126.456,0.0,193.630325
1766065710.337811,126.432,0.0,193.630325
1766065710.9148064,126.432,0.0,193.630325
1766065711.4903023,126.429,0.0,193.630325
1766065712.0646954,126.429,0.0,193.630325
1766065712.6393886,126.411,0.0,193.630325
1766065713.2224004,126.409,0.0,193.630325
1766065713.9356709,126.361,0.0,193.630325
1766065714.5105555,126.305,0.0,193.630325
1766065715.2224464,126.305,0.0,193.630325
1766065715.8014317,126.305,0.0,193.630325
1766065716.3759637,126.347,0.0,193.630325
1766065716.9517148,126.353,0.0,193.630325
1766065717.52634,126.346,0.0,193.630325
1766065718.237052,126.36,0.0,193.630325
1766065718.897225,126.409,0.0,193.630325
1766065719.4719505,126.435,0.0,193.630325
1766065720.0476925,126.457,0.0,193.630325
1766065720.631372,126.47,0.0,193.630325
1766065721.211416,126.478,0.0,193.630325
1766065721.7853518,126.478,0.0,193.630325
1766065722.4960382,126.492,0.0,193.630325
1766065723.0727916,126.483,0.0,193.630325
1766065723.7834363,126.493,0.0,193.630325
1766065724.3630228,126.493,0.0,193.630325
1766065724.9382956,126.526,0.0,193.630325
1766065725.6592238,126.505,0.0,193.630325
1766065726.2364576,126.529,0.0,193.630325
1766065726.8116934,126.534,0.0,193.630325
1766065727.387656,126.545,0.0,193.630325
1766065727.9647634,126.545,0.0,193.630325
1766065728.675259,126.546,0.0,193.630325
1766065729.3323264,126.55,0.0,193.630325
1766065730.0432389,126.55,0.0,193.630325
1766065730.6191394,126.507,0.0,193.630325
1766065731.1922204,126.504,0.0,193.630325
1766065733.8443959,126.549,0.0,193.630325
1766065734.574365,126.536,0.0,193.630325
1766065735.1482184,126.536,0.0,193.630325
1766065735.7245271,126.516,0.0,193.630325
1766065736.2997544,126.53,0.0,193.630325
1766065736.877273,126.516,0.0,193.630325
1766065737.5887344,126.515,0.0,193.630325
1766065738.165442,126.525,0.0,193.630325
1766065738.7404232,126.516,0.0,193.630325
1766065739.672894,126.515,0.0,193.630325
1766065740.249812,126.515,0.0,193.630325
1766065744.7469146,126.557,1.0,193.633985
1766065745.321201,126.555,1.0,193.633985
1766065745.8964555,126.599,1.0,193.633985
1766065746.47347,126.607,1.0,193.633985
1766065747.0487683,126.688,1.0,193.633985
1766065747.6229553,126.669,1.0,193.633985
1766065748.197833,126.669,1.0,193.633985
1766065748.7738638,126.67,1.0,193.633985
1766065749.564291,126.663,1.0,193.693985
1766065750.1398206,126.663,1.0,193.693985
1766065750.7158473,126.663,1.0,193.693985
1766065751.2904725,126.663,1.0,193.693985
1766065751.8661757,126.61,1.0,193.693985
1766065752.4467857,126.581,1.0,193.693985
1766065753.0238755,126.589,1.0,193.693985
1766065753.7331483,126.58,1.0,193.693985
1766065756.3842309,126.562,1.0,193.693985
1766065756.958694,126.561,1.0,193.693985
1766065757.6657495,126.552,1.0,193.693985
1766065758.2416985,126.58,1.0,193.693985
1766065758.9637792,126.58,1.0,193.693985
1766065759.6269367,126.549,1.0,193.601985
1766065760.2030373,126.549,1.0,193.601985
1766065760.9173377,126.572,1.0,193.601985
1766065761.4924567,126.582,1.0,193.601985
1766065762.0691268,126.563,1.0,193.601985
1766065764.718222,126.577,1.0,193.601985
1766065765.2949665,126.59,1.0,193.601985
1766065765.8729897,126.59,1.0,193.601985
1766065766.5820706,126.604,1.0,193.601985
1766065767.1590438,126.604,1.0,193.601985
1766065767.8700874,126.581,1.0,193.601985
1766065768.4450924,126.599,1.0,193.601985
1766065769.0204315,126.604,1.0,193.601985
1766065769.8138976,126.61,1.0,193.633985
1766065770.3931012,126.655,1.0,193.633985
1766065770.9711237,126.655,1.0,193.633985
1766065773.6237397,126.638,1.0,193.633985
1766065774.2020094,126.61,1.0,193.633985
1766065774.7905865,126.614,1.0,193.633985
1766065775.3665805,126.627,1.0,193.633985
1766065775.9417415,126.635,1.0,193.633985
1766065776.5201654,126.627,1.0,193.633985
1766065777.0989494,126.627,1.0,193.633985
1766065777.6786685,126.623,1.0,193.633985
1766065778.253366,126.623,1.0,193.633985
1766065778.8288853,126.626,1.0,193.633985
1766065779.409907,126.626,1.0,193.633985
1766065780.1962955,126.62,1.0,193.633985
1766065780.7732372,126.611,1.0,193.633985
1766065783.4273226,126.649,1.0,193.633985
1766065784.003866,126.661,1.0,193.633985
1766065784.5836864,126.624,1.0,193.633985
1766065785.1596222,126.624,1.0,193.633985
1766065785.7343795,126.596,1.0,193.633985
1766065786.44703,126.538,1.0,193.633985
1766065787.025368,126.527,1.0,193.633985
1766065787.5997238,126.507,1.0,193.633985
1766065788.1763008,126.523,1.0,193.633985
1766065788.752365,126.558,1.0,193.633985
1766065789.326818,126.587,1.0,193.633985
1766065789.9036803,126.579,1.0,193.633985
1766065790.5512948,126.566,1.0,193.633985
1766065793.2032568,126.582,1.0,193.633985
1766065793.7780697,126.606,1.0,193.633985
1766065794.3535528,126.602,1.0,193.633985
1766065794.9285054,126.586,1.0,193.633985
1766065795.5023243,126.568,1.0,193.633985
1766065796.0772603,126.569,1.0,193.633985
1766065796.6522636,126.577,1.0,193.633985
1766065797.225795,126.587,1.0,193.633985
1766065797.8009567,126.599,1.0,193.633985
1766065798.375675,126.597,1.0,193.633985
1766065798.9524906,126.582,1.0,193.633985
1766065799.527575,126.596,1.0,193.633985
1766065802.1767185,126.611,1.0,193.633985
1766065802.975253,126.618,1.0,193.612985
1766065803.5627244,126.66,1.0,193.612985
1766065804.1525729,126.688,1.0,193.612985
1766065804.731668,126.674,1.0,193.612985
1766065805.3090527,126.644,1.0,193.612985
1766065805.8853273,126.645,1.0,193.612985
1766065806.4631147,126.643,1.0,193.612985
1766065807.0400543,126.607,1.0,193.612985
1766065809.6945047,126.625,1.0,193.612985
1766065810.407673,126.671,1.0,193.612985
1766065810.9856112,126.671,1.0,193.612985
1766065811.5615673,126.683,1.0,193.612985
1766065812.139596,126.707,1.0,193.612985
1766065812.7157662,126.706,1.0,193.612985
1766065813.3768492,126.692,1.0,193.702985
1766065813.952816,126.692,1.0,193.702985
1766065814.532604,126.664,1.0,193.702985
1766065817.1852977,126.666,1.0,193.702985
1766065817.7609298,126.666,1.0,193.702985
1766065818.3425186,126.666,1.0,193.702985
1766065818.9191556,126.667,1.0,193.702985
1766065819.4955046,126.729,1.0,193.702985
1766065820.0803654,126.721,1.0,193.702985
1766065820.656364,126.749,1.0,193.702985
1766065821.2332444,126.749,1.0,193.702985
1766065821.808515,126.764,1.0,193.702985
1766065822.5223024,126.765,1.0,193.702985
1766065823.0994446,126.764,1.0,193.702985
1766065823.7653887,126.79,1.0,193.702985
1766065824.3432503,126.76,1.0,193.702985
1766065827.1373422,126.753,1.0,193.702985
1766065827.7124345,126.786,1.0,193.702985
1766065828.2876968,126.774,1.0,193.702985
1766065828.8716347,126.801,1.0,193.702985
1766065829.4501376,126.827,1.0,193.702985
1766065830.029212,126.794,1.0,193.702985
1766065830.6062517,126.773,1.0,193.702985
1766065831.3169594,126.806,1.0,193.702985
1766065832.0254383,126.806,1.0,193.702985
1766065832.6020157,126.806,1.0,193.702985
1766065833.1776695,126.809,1.0,193.702985
1766065835.9187171,126.792,1.0,193.820985
1766065836.4956446,126.8,1.0,193.820985
1766065837.0713072,126.792,1.0,193.820985
1766065837.649294,126.787,1.0,193.820985
1766065838.2270846,126.748,1.0,193.820985
1766065838.9414556,126.731,1.0,193.820985
1766065839.5181448,126.731,1.0,193.820985
1766065840.2309146,126.718,1.0,193.820985
1766065840.8066683,126.753,1.0,193.820985
1766065841.3812625,126.768,1.0,193.820985
1766065841.9566255,126.777,1.0,193.820985
1766065842.5328145,126.756,1.0,193.820985
1766065843.1107047,126.756,1.0,193.820985
1766065845.7631192,126.755,1.0,193.820985
1766065846.424677,126.755,1.0,193.783985
1766065847.002886,126.755,1.0,193.783985
1766065847.577097,126.764,1.0,193.783985
1766065848.1546106,126.763,1.0,193.783985
1766065848.7317662,126.76,1.0,193.783985
1766065849.3131266,126.73,1.0,193.783985
1766065850.03607,126.703,1.0,193.783985
1766065850.6315892,126.656,1.0,193.783985
1766065851.2072062,126.643,1.0,193.783985
1766065853.8624525,126.504,1.0,193.783985
1766065854.4382489,126.5,1.0,193.783985
1766065855.0157506,126.5,1.0,193.783985
1766065855.5944614,126.5,1.0,193.783985
1766065856.3064365,126.505,1.0,193.783985
1766065856.969468,126.5,1.0,193.552985
1766065857.5447056,126.445,1.0,193.552985
1766065864.0846598,126.497,0.0,193.489985
1766065868.1775615,126.589,1.0,193.49998499999998
1766065868.8311324,126.589,1.0,193.49998499999998
1766065869.4095476,126.588,1.0,193.49998499999998
1766065869.9856596,126.588,1.0,193.49998499999998
1766065870.5618944,126.6,1.0,193.49998499999998
1766065871.1365116,126.6,1.0,193.49998499999998
1766065871.717845,126.6,1.0,193.49998499999998
1766065872.2954009,126.597,1.0,193.49998499999998
1766065872.8715425,126.578,1.0,193.49998499999998
1766065873.4485364,126.578,1.0,193.49998499999998
1766065874.027951,126.578,1.0,193.49998499999998
1766065874.605472,126.672,1.0,193.49998499999998
1766065875.1882455,126.661,1.0,193.49998499999998
1766065875.763455,126.663,1.0,193.49998499999998
1766065876.3568175,126.677,1.0,193.49998499999998
1766065878.653398,126.641,1.0,193.49998499999998
1766065879.3161979,126.624,1.0,193.557985
1766065880.0283077,126.579,1.0,193.557985
1766065880.6033342,126.58,1.0,193.557985
1766065881.3154902,126.58,1.0,193.557985
1766065881.8909297,126.58,1.0,193.557985
1766065882.465699,126.58,1.0,193.557985
1766065883.1750758,126.623,1.0,193.557985
1766065883.7573717,126.596,1.0,193.557985
1766065884.4680889,126.627,1.0,193.557985
1766065885.180464,126.632,1.0,193.557985
1766065885.7661204,126.639,1.0,193.557985
1766065886.3439472,126.634,1.0,193.557985
1766065886.9221056,126.634,1.0,193.557985
1766065887.632757,126.633,1.0,193.557985
1766065888.2091854,126.633,1.0,193.557985
1766065888.785938,126.622,1.0,193.557985
1766065889.5904818,126.635,1.0,193.537985
1766065890.1653059,126.64,1.0,193.537985
1766065890.8797045,126.631,1.0,193.537985
1766065891.4559538,126.635,1.0,193.537985
1766065892.0310564,126.637,1.0,193.537985
1766065892.743291,126.641,1.0,193.537985
1766065893.3198981,126.641,1.0,193.537985
1766065893.8945234,126.63,1.0,193.537985
1766065894.6056879,126.629,1.0,193.537985
1766065895.2192307,126.63,1.0,193.537985
1766065895.9288397,126.636,1.0,193.537985
1766065896.6386204,126.64,1.0,193.537985
1766065897.213831,126.67,1.0,193.537985
1766065897.789195,126.675,1.0,193.537985
1766065898.3658388,126.675,1.0,193.537985
1766065898.9413192,126.675,1.0,193.537985
1766065899.6012135,126.675,1.0,193.585985
1766065900.178785,126.675,1.0,193.585985
1766065900.7552867,126.675,1.0,193.585985
1766065903.5428314,126.739,1.0,193.585985
1766065904.1186168,126.723,1.0,193.585985
1766065904.693422,126.71,1.0,193.585985
1766065905.2717779,126.71,1.0,193.585985
1766065905.8492386,126.711,1.0,193.585985
1766065906.5595574,126.711,1.0,193.585985
1766065907.2717047,126.732,1.0,193.585985
1766065907.984492,126.742,1.0,193.585985
1766065908.5620077,126.744,1.0,193.585985
1766065909.1395493,126.744,1.0,193.585985
1766065909.9332254,126.715,1.0,193.655985
1766065910.511653,126.706,1.0,193.655985
1766065911.2221694,126.713,1.0,193.655985
1766065914.008228,126.69,1.0,193.655985
1766065914.7225435,126.69,1.0,193.655985
1766065915.2995331,126.689,1.0,193.655985
1766065915.8766816,126.679,1.0,193.655985
1766065916.45323,126.689,1.0,193.655985
1766065917.0298548,126.689,1.0,193.655985
1766065917.6077256,126.704,1.0,193.655985
1766065918.183256,126.699,1.0,193.655985
1766065918.7601337,126.688,1.0,193.655985
1766065919.335541,126.704,1.0,193.655985
1766065920.2835627,126.674,1.0,193.611985
1766065922.937382,126.8,1.0,193.611985
1766065923.6528327,126.81,1.0,193.611985
1766065924.2277973,126.806,1.0,193.611985
1766065924.8037562,126.806,1.0,193.611985
1766065925.3902419,126.807,1.0,193.611985
1766065925.9671223,126.814,1.0,193.611985
1766065926.6813786,126.81,1.0,193.611985
1766065927.2569826,126.832,1.0,193.611985
1766065927.8345892,126.825,1.0,193.611985
1766065928.41328,126.82,1.0,193.611985
1766065928.9878643,126.803,1.0,193.611985
1766065929.5663483,126.8,1.0,193.611985
1766065930.2396188,126.8,1.0,193.611985
1766065930.816791,126.8,1.0,193.611985
1766065931.531515,126.8,1.0,193.611985
1766065934.1916392,126.803,1.0,193.611985
1766065934.7664638,126.804,1.0,193.611985
1766065935.343049,126.804,1.0,193.611985
1766065935.920477,126.8,1.0,193.611985
1766065936.4949086,126.801,1.0,193.611985
1766065937.0711036,126.801,1.0,193.611985
1766065937.64599,126.8,1.0,193.611985
1766065938.2206495,126.8,1.0,193.611985
1766065938.7971137,126.803,1.0,193.611985
1766065939.3728979,126.81,1.0,193.611985
1766065940.0858867,126.811,1.0,193.611985
1766065941.0038943,126.811,1.0,193.611985
1766065941.583577,126.811,1.0,193.611985
1766065942.1596954,126.811,1.0,193.611985
1766065942.7342682,126.826,1.0,193.611985
1766065945.3850107,126.813,1.0,193.611985
1766065946.093212,126.807,1.0,193.611985
1766065946.6694481,126.824,1.0,193.611985
1766065947.2442143,126.8,1.0,193.611985
1766065947.8209152,126.8,1.0,193.611985
1766065948.3996763,126.8,1.0,193.611985
1766065948.9815183,126.8,1.0,193.611985
1766065949.5602803,126.8,1.0,193.611985
1766065950.146161,126.801,1.0,193.611985
1766065953.0174685,126.8,1.0,193.685985
1766065953.5919907,126.8,1.0,193.685985
1766065954.3016052,126.8,1.0,193.685985
1766065954.875665,126.801,1.0,193.685985
1766065955.4504497,126.8,1.0,193.685985
1766065956.024876,126.8,1.0,193.685985
1766065956.60375,126.8,1.0,193.685985
1766065957.182337,126.8,1.0,193.685985
1766065957.7568824,126.8,1.0,193.685985
1766065958.33202,126.8,1.0,193.685985
1766065958.908917,126.8,1.0,193.685985
1766065959.4854844,126.8,1.0,193.685985
1766065960.061555,126.8,1.0,193.685985
1766065962.7213817,126.8,1.0,193.685985
1766065963.3821619,126.8,1.0,193.649985
1766065963.957302,126.8,1.0,193.649985
1766065964.5324478,126.801,1.0,193.649985
1766065965.1080172,126.8,1.0,193.649985
1766065965.6838803,126.8,1.0,193.649985
1766065966.3940341,126.8,1.0,193.649985
1766065966.972054,126.801,1.0,193.649985
1766065967.5474792,126.8,1.0,193.649985
1766065970.1970885,126.8,1.0,193.649985
1766065970.7799199,126.8,1.0,193.649985
1766065971.354687,126.726,1.0,193.649985
1766065971.9297223,126.74,1.0,193.649985
1766065972.507083,126.744,1.0,193.649985
1766065973.0837986,126.743,1.0,193.649985
1766065973.7444596,126.717,1.0,193.615985
1766065974.3232725,126.702,1.0,193.615985
1766065976.9724777,126.624,1.0,193.615985
1766065977.547476,126.61,1.0,193.615985
1766065978.122153,126.565,1.0,193.615985
1766065978.6990137,126.741,1.0,193.615985
1766065979.4073994,126.688,1.0,193.615985
1766065979.983169,126.694,1.0,193.615985
1766065980.6911507,126.693,1.0,193.615985
1766065981.2679825,126.619,1.0,193.615985
1766065981.8441203,126.586,1.0,193.615985
1766065982.4205163,126.584,1.0,193.615985
1766065983.0058281,126.539,1.0,193.615985
1766065983.5866888,126.542,1.0,193.615985
1766065984.2406108,126.538,1.0,193.615985
1766065984.9500074,126.526,1.0,193.615985
1766065985.525368,126.539,1.0,193.615985
1766065988.1775122,126.56,1.0,193.615985
1766065988.7517416,126.568,1.0,193.615985
1766065989.3299854,126.568,1.0,193.615985
1766065989.905919,126.573,1.0,193.615985
1766065990.484973,126.575,1.0,193.615985
1766065991.0597134,126.575,1.0,193.615985
1766065991.6354616,126.581,1.0,193.615985
1766065992.2120998,126.581,1.0,193.615985
1766065992.7891526,126.62,1.0,193.615985
1766065993.3677526,126.63,1.0,193.615985
1766065993.9447534,126.63,1.0,193.615985
1766065994.738746,126.632,1.0,193.615985
1766065995.3144927,126.632,1.0,193.615985
1766065998.1033401,126.598,1.0,193.615985
1766065998.6870356,126.533,1.0,193.615985
1766065999.2636476,126.536,1.0,193.615985
1766065999.8426797,126.536,1.0,193.615985
1766066000.4216533,126.539,1.0,193.615985
1766066000.9970586,126.528,1.0,193.615985
1766066001.7089043,126.507,1.0,193.615985
1766066002.4190648,126.517,1.0,193.615985
1766066002.9950888,126.518,1.0,193.615985
1766066003.5738099,126.518,1.0,193.615985
1766066004.1477008,126.517,1.0,193.615985
1766066006.884936,126.5,1.0,193.41698499999998
1766066007.4617805,126.503,1.0,193.41698499999998
1766066008.0410051,126.501,1.0,193.41698499999998
1766066008.6433966,126.592,1.0,193.41698499999998
1766066009.2175798,126.622,1.0,193.41698499999998
1766066009.7943761,126.646,1.0,193.41698499999998
1766066010.3787992,126.644,1.0,193.41698499999998
1766066010.9538763,126.644,1.0,193.41698499999998
1766066011.5320768,126.652,1.0,193.41698499999998
1766066012.1071515,126.628,1.0,193.41698499999998
1766066012.6827865,126.588,1.0,193.41698499999998
1766066013.2604883,126.595,1.0,193.41698499999998
1766066015.925055,126.551,1.0,193.41698499999998
1766066016.7179272,126.552,1.0,193.47698499999998
1766066017.298021,126.551,1.0,193.47698499999998
1766066017.8785322,126.552,1.0,193.47698499999998
1766066018.4567063,126.552,1.0,193.47698499999998
1766066019.0320914,126.552,1.0,193.47698499999998
1766066019.6088915,126.511,1.0,193.47698499999998
1766066020.1869056,126.5,1.0,193.47698499999998
1766066020.775851,126.5,1.0,193.47698499999998
1766066023.4285486,126.626,1.0,193.47698499999998
1766066024.0064247,126.645,1.0,193.47698499999998
1766066024.5813217,126.637,1.0,193.47698499999998
1766066025.170301,126.637,1.0,193.47698499999998
1766066025.7477446,126.637,1.0,193.47698499999998
1766066026.3292336,126.622,1.0,193.47698499999998
1766066027.1393638,126.627,1.0,193.52898499999998
1766066027.7157469,126.628,1.0,193.52898499999998
1766066028.2905753,126.628,1.0,193.52898499999998
1766066031.0782595,126.631,1.0,193.52898499999998
1766066031.6535811,126.639,1.0,193.52898499999998
1766066032.3632824,126.606,1.0,193.52898499999998
1766066032.938471,126.615,1.0,193.52898499999998
1766066033.5246902,126.616,1.0,193.52898499999998
1766066034.0996153,126.618,1.0,193.52898499999998
1766066034.6766152,126.619,1.0,193.52898499999998
1766066035.2621615,126.618,1.0,193.52898499999998
1766066035.838371,126.618,1.0,193.52898499999998
1766066036.4135256,126.582,1.0,193.52898499999998
1766066039.2848697,126.602,1.0,193.521985
1766066039.8595033,126.609,1.0,193.521985
1766066040.4367511,126.613,1.0,193.521985
1766066041.1675854,126.638,1.0,193.521985
1766066041.8789074,126.615,1.0,193.521985
1766066042.5904436,126.588,1.0,193.521985
1766066043.167034,126.588,1.0,193.521985
1766066043.7469711,126.614,1.0,193.521985
1766066044.3349385,126.601,1.0,193.521985
1766066045.0462046,126.571,1.0,193.521985
1766066045.623476,126.562,1.0,193.521985
1766066046.2005887,126.562,1.0,193.521985
1766066046.7760475,126.5,1.0,193.521985
1766066049.6510158,126.5,1.0,193.447985
1766066050.261235,126.5,1.0,193.447985
1766066050.836455,126.5,1.0,193.447985
1766066051.5575998,126.5,1.0,193.447985
1766066052.2730768,126.511,1.0,193.447985
1766066052.85136,126.511,1.0,193.447985
1766066053.4457872,126.5,1.0,193.447985
1766066054.0210614,126.505,1.0,193.447985
1766066054.6086698,126.525,1.0,193.447985
1766066055.184433,126.58,1.0,193.447985
1766066055.760609,126.589,1.0,193.447985
1766066056.3458133,126.559,1.0,193.447985
1766066056.92171,126.558,1.0,193.447985
1766066057.5790615,126.558,1.0,193.447985
1766066060.2416677,126.542,1.0,193.447985
1766066060.8272166,126.547,1.0,193.447985
1766066061.4049063,126.561,1.0,193.447985
1766066061.9818459,126.561,1.0,193.447985
1766066062.5586064,126.564,1.0,193.447985
1766066063.134962,126.564,1.0,193.447985
1766066063.712004,126.564,1.0,193.447985
1766066064.2951121,126.561,1.0,193.447985
1766066064.8725328,126.56,1.0,193.447985
1766066065.448899,126.56,1.0,193.447985
1766066066.0322163,126.561,1.0,193.447985
1766066066.608096,126.561,1.0,193.447985
1766066069.2613223,126.562,1.0,193.447985
1766066070.0663471,126.562,1.0,193.459985
1766066070.7796626,126.519,1.0,193.459985
1766066071.3562376,126.531,1.0,193.459985
1766066072.0766282,126.531,1.0,193.459985
1766066072.6507006,126.531,1.0,193.459985
1766066073.2281828,126.531,1.0,193.459985
1766066073.8049273,126.531,1.0,193.459985
1766066074.3981924,126.52,1.0,193.459985
1766066074.972753,126.513,1.0,193.459985
1766066075.6834915,126.513,1.0,193.459985
1766066076.3961334,126.513,1.0,193.459985
1766066076.9714522,126.519,1.0,193.459985
1766066079.6242054,126.54,1.0,193.459985
1766066080.4166586,126.539,1.0,193.460985
1766066080.9900682,126.539,1.0,193.460985
1766066081.7024388,126.514,1.0,193.460985
1766066082.278906,126.501,1.0,193.460985
1766066082.8665454,126.5,1.0,193.460985
1766066083.4418058,126.5,1.0,193.460985
1766066084.021457,126.5,1.0,193.460985
1766066084.597394,126.5,1.0,193.460985
1766066085.3064322,126.5,1.0,193.460985
1766066086.0195801,126.483,1.0,193.460985
1766066088.8078873,126.448,1.0,193.460985
1766066089.3854172,126.448,1.0,193.460985
1766066089.9611075,126.406,1.0,193.460985
1766066096.7983592,126.365,0.0,193.349985
1766066097.377284,126.368,0.0,193.349985
1766066097.9554925,126.368,0.0,193.349985
1766066098.6871803,126.359,0.0,193.349985
1766066099.264143,126.574,0.0,193.349985
1766066099.9842377,126.524,0.0,193.349985
1766066100.561058,126.533,0.0,193.349985
1766066104.7603865,126.435,1.0,193.307985
1766066105.3936992,126.412,1.0,193.307985
1766066105.9714835,126.429,1.0,193.307985
1766066106.685032,126.493,1.0,193.307985
1766066107.2615275,126.493,1.0,193.307985
1766066107.8374693,126.495,1.0,193.307985
1766066108.5509021,126.484,1.0,193.307985
1766066109.1357439,126.484,1.0,193.307985
1766066109.712836,126.487,1.0,193.307985
1766066110.290122,126.484,1.0,193.307985
1766066110.8665931,126.484,1.0,193.307985
1766066111.6573503,126.5,1.0,193.314985
1766066112.3703656,126.5,1.0,193.314985
1766066112.9466975,126.5,1.0,193.314985
1766066113.5216272,126.5,1.0,193.314985
1766066114.2307384,126.487,1.0,193.314985
1766066114.942376,126.493,1.0,193.314985
1766066115.5202048,126.489,1.0,193.314985
1766066116.2292578,126.468,1.0,193.314985
1766066116.8057714,126.468,1.0,193.314985
1766066117.384913,126.459,1.0,193.314985
1766066117.963535,126.459,1.0,193.314985
1766066118.6740756,126.43,1.0,193.314985
1766066119.2502613,126.43,1.0,193.314985
1766066119.826693,126.43,1.0,193.314985
1766066120.4018002,126.43,1.0,193.314985
1766066120.9797373,126.429,1.0,193.314985
1766066121.6415617,126.429,1.0,193.246985
1766066122.2192364,126.429,1.0,193.246985
1766066122.7963607,126.392,1.0,193.246985
1766066129.0992486,126.384,0.0,193.249985
1766066129.6870656,126.374,0.0,193.249985
1766066130.2624826,126.374,0.0,193.249985
1766066130.8387873,126.366,0.0,193.249985
1766066131.4122877,126.367,0.0,193.249985
1766066132.072359,126.355,0.0,193.249985
1766066132.650416,126.355,0.0,193.249985
1766066133.2256494,126.354,0.0,193.249985
1766066133.8004572,126.354,0.0,193.249985
1766066134.3790636,126.323,0.0,193.249985
1766066134.9531896,126.323,0.0,193.249985
1766066135.5301714,126.324,0.0,193.249985
1766066136.104983,126.308,0.0,193.249985
1766066136.8167353,126.3,0.0,193.249985
1766066137.3924484,126.3,0.0,193.249985
1766066137.9696658,126.264,0.0,193.249985
1766066138.5458128,126.297,0.0,193.249985
1766066139.1217253,126.361,0.0,193.249985
1766066139.6997356,126.362,0.0,193.249985
1766066140.2754176,126.362,0.0,193.249985
1766066140.8492393,126.389,0.0,193.249985
1766066141.4263098,126.431,0.0,193.249985
1766066142.2208548,126.412,0.0,193.249985
1766066142.794553,126.417,0.0,193.249985
1766066143.3693497,126.417,0.0,193.249985
1766066143.9528284,126.421,0.0,193.249985
1766066144.5267613,126.402,0.0,193.249985
1766066145.1030943,126.402,0.0,193.249985
1766066145.6773615,126.402,0.0,193.249985
1766066146.2538388,126.402,0.0,193.249985
1766066146.8300228,126.441,0.0,193.249985
1766066147.4058788,126.439,0.0,193.249985
1766066147.980565,126.456,0.0,193.249985
1766066148.5571375,126.47,0.0,193.249985
1766066149.1339004,126.469,0.0,193.249985
1766066149.846365,126.464,0.0,193.249985
1766066152.4994247,126.429,0.0,193.249985
1766066153.2952344,126.412,0.0,193.249985
1766066154.005608,126.412,0.0,193.249985
1766066154.5815644,126.412,0.0,193.249985
1766066155.157037,126.408,0.0,193.249985
1766066155.7336607,126.394,0.0,193.249985
1766066156.3112273,126.394,0.0,193.249985
1766066157.027417,126.398,0.0,193.249985
1766066157.6184921,126.426,0.0,193.249985
1766066158.1953716,126.426,0.0,193.249985
1766066158.7752118,126.399,0.0,193.249985
1766066161.4330826,126.502,0.0,193.249985
1766066166.1175683,126.527,1.0,193.24229400000002
1766066166.7714133,126.505,1.0,193.251294
1766066167.485588,126.489,1.0,193.251294
1766066168.061286,126.464,1.0,193.251294
1766066168.649239,126.464,1.0,193.251294
1766066169.225146,126.459,1.0,193.251294
1766066169.8002257,126.466,1.0,193.251294
1766066170.5082252,126.462,1.0,193.251294
1766066171.0838516,126.462,1.0,193.251294
1766066171.6578789,126.451,1.0,193.251294
1766066172.2330644,126.429,1.0,193.251294
1766066172.8107955,126.429,1.0,193.251294
1766066173.3869603,126.429,1.0,193.251294
1766066173.9633954,126.429,1.0,193.251294
1766066174.5401835,126.42,1.0,193.251294
1766066175.1146863,126.423,1.0,193.251294
1766066175.6902776,126.423,1.0,193.251294
1766066176.399861,126.422,1.0,193.251294
1766066178.630253,126.474,1.0,193.143294
1766066179.2066736,126.468,1.0,193.143294
1766066179.9195383,126.469,1.0,193.143294
1766066180.4946904,126.469,1.0,193.143294
1766066181.2054083,126.469,1.0,193.143294
1766066181.91657,126.444,1.0,193.143294
1766066182.4916832,126.444,1.0,193.143294
1766066183.067354,126.444,1.0,193.143294
1766066183.6476097,126.444,1.0,193.143294
1766066184.2227871,126.445,1.0,193.143294
1766066184.7987957,126.4,1.0,193.143294
1766066191.4102366,126.346,0.0,193.096294
1766066192.0750465,126.346,0.0,193.096294
1766066192.6490934,126.346,0.0,193.096294
1766066193.224763,126.347,0.0,193.096294
1766066193.8003008,126.347,0.0,193.096294
1766066194.512547,126.434,0.0,193.096294
1766066195.0898602,126.44,0.0,193.096294
1766066195.6643512,126.401,0.0,193.096294
1766066196.242666,126.397,0.0,193.096294
1766066196.817874,126.423,0.0,193.096294
1766066197.525435,126.423,0.0,193.096294
1766066198.102407,126.424,0.0,193.096294
1766066198.815383,126.424,0.0,193.096294
1766066199.3919067,126.424,0.0,193.096294
1766066199.9747787,126.424,0.0,193.096294
1766066200.5503764,126.424,0.0,193.096294
1766066201.124589,126.442,0.0,193.096294
1766066201.7007217,126.442,0.0,193.096294
1766066202.3651643,126.464,0.0,193.096294
1766066202.9416137,126.476,0.0,193.096294
1766066203.6557288,126.473,0.0,193.096294
1766066204.2320132,126.473,0.0,193.096294
1766066204.9434092,126.5,0.0,193.096294
1766066205.6543474,126.484,0.0,193.096294
1766066206.3642766,126.484,0.0,193.096294
1766066206.938389,126.483,0.0,193.096294
1766066207.5126777,126.493,0.0,193.096294
1766066208.0889251,126.5,0.0,193.096294
1766066208.66445,126.5,0.0,193.096294
1766066209.2399988,126.5,0.0,193.096294
1766066209.8160298,126.5,0.0,193.096294
1766066210.3921607,126.5,0.0,193.096294
1766066210.9718235,126.523,0.0,193.096294
1766066211.5472317,126.523,0.0,193.096294
1766066212.1213894,126.523,0.0,193.096294
1766066212.904945,126.527,0.0,193.096294
1766066215.6955125,126.507,0.0,193.096294
1766066216.2713678,126.507,0.0,193.096294
1766066216.8473208,126.514,0.0,193.096294
1766066217.5646517,126.52,0.0,193.096294
1766066218.1418333,126.52,0.0,193.096294
1766066218.715797,126.524,0.0,193.096294
1766066219.2903738,126.528,0.0,193.096294
1766066219.866805,126.528,0.0,193.096294
1766066220.444569,126.538,0.0,193.096294
1766066225.0291626,126.588,1.0,193.100294
1766066225.8507764,126.611,1.0,193.112294
1766066226.4289546,126.611,1.0,193.112294
1766066227.0065389,126.618,1.0,193.112294
1766066227.5809543,126.617,1.0,193.112294
1766066228.159861,126.559,1.0,193.112294
1766066228.7507682,126.557,1.0,193.112294
1766066229.3298516,126.564,1.0,193.112294
1766066229.9055996,126.564,1.0,193.112294
1766066230.4818013,126.564,1.0,193.112294
1766066231.0625157,126.578,1.0,193.112294
1766066231.7825346,126.578,1.0,193.112294
1766066232.358659,126.565,1.0,193.112294
1766066232.9363165,126.541,1.0,193.112294
1766066233.6523602,126.518,1.0,193.112294
1766066234.3646028,126.537,1.0,193.112294
1766066234.9400434,126.531,1.0,193.112294
1766066235.515965,126.531,1.0,193.112294
1766066236.1760702,126.531,1.0,193.091294
1766066238.988232,126.618,1.0,193.091294
1766066239.5650635,126.621,1.0,193.091294
1766066240.1423903,126.581,1.0,193.091294
1766066240.7185662,126.581,1.0,193.091294
1766066241.432939,126.575,1.0,193.091294
1766066242.0116136,126.575,1.0,193.091294
1766066242.5869393,126.57,1.0,193.091294
1766066243.297901,126.573,1.0,193.091294
1766066243.8745458,126.573,1.0,193.091294
1766066244.4479158,126.573,1.0,193.091294
1766066245.0244148,126.573,1.0,193.091294
1766066245.6028924,126.573,1.0,193.091294
1766066246.2599328,126.571,1.0,193.091294
1766066246.9748464,126.618,1.0,193.091294
1766066247.5513515,126.632,1.0,193.091294
1766066248.1257422,126.65,1.0,193.091294
1766066248.8327491,126.637,1.0,193.091294
1766066251.489743,126.562,1.0,193.091294
1766066252.0648003,126.556,1.0,193.091294
1766066252.641333,126.58,1.0,193.091294
1766066253.217125,126.598,1.0,193.091294
1766066253.7934716,126.602,1.0,193.091294
1766066254.392013,126.602,1.0,193.091294
1766066255.1042275,126.594,1.0,193.091294
1766066255.680042,126.602,1.0,193.091294
1766066256.3375988,126.602,1.0,193.150294
1766066258.99181,126.602,1.0,193.150294
1766066259.7023094,126.602,1.0,193.150294
1766066260.2783852,126.627,1.0,193.150294
1766066260.854192,126.641,1.0,193.150294
1766066261.4352016,126.636,1.0,193.150294
1766066262.0152447,126.63,1.0,193.150294
1766066262.599604,126.62,1.0,193.150294
1766066263.1778557,126.62,1.0,193.150294
1766066263.7550516,126.62,1.0,193.150294
1766066264.330514,126.582,1.0,193.150294
1766066264.907317,126.584,1.0,193.150294
1766066265.4860156,126.584,1.0,193.150294
1766066266.061183,126.561,1.0,193.150294
1766066266.8471353,126.561,1.0,193.150294
1766066269.4972541,126.561,1.0,193.150294
1766066270.0729132,126.576,1.0,193.150294
1766066270.6492934,126.56,1.0,193.150294
1766066271.22453,126.548,1.0,193.150294
1766066271.7995505,126.548,1.0,193.150294
1766066272.5164144,126.547,1.0,193.150294
1766066273.0931404,126.517,1.0,193.150294
1766066273.670227,126.476,1.0,193.150294
1766066274.2492204,126.474,1.0,193.150294
1766066274.8264065,126.477,1.0,193.150294
1766066275.5367177,126.48,1.0,193.150294
1766066276.1134017,126.447,1.0,193.150294
1766066276.7637885,126.452,1.0,193.150294
1766066277.341673,126.453,1.0,193.150294
1766066279.9995532,126.422,1.0,193.150294
1766066280.5761814,126.42,1.0,193.150294
1766066281.1601067,126.447,1.0,193.150294
1766066281.8724024,126.446,1.0,193.150294
1766066282.459627,126.446,1.0,193.150294
1766066283.0693736,126.481,1.0,193.150294
1766066283.645883,126.47,1.0,193.150294
1766066284.2245002,126.47,1.0,193.150294
1766066284.8005145,126.442,1.0,193.150294
1766066285.3764822,126.435,1.0,193.150294
1766066285.9734933,126.435,1.0,193.150294
1766066286.548457,126.44,1.0,193.150294
1766066287.3366063,126.44,1.0,193.150294
1766066287.917692,126.489,1.0,193.150294
1766066290.578239,126.492,1.0,193.150294
1766066291.173795,126.452,1.0,193.150294
1766066291.7598724,126.467,1.0,193.150294
1766066292.3485005,126.467,1.0,193.150294
1766066292.9236681,126.473,1.0,193.150294
1766066293.5030513,126.461,1.0,193.150294
1766066294.0787797,126.473,1.0,193.150294
1766066294.7950249,126.476,1.0,193.150294
1766066295.5071123,126.451,1.0,193.150294
1766066296.08584,126.451,1.0,193.150294
1766066296.6673067,126.429,1.0,193.150294
1766066297.3172739,126.433,1.0,193.150294
1766066297.9080946,126.458,1.0,193.150294
1766066298.4854677,126.458,1.0,193.150294
1766066299.0636764,126.429,1.0,193.150294
1766066301.7160578,126.427,1.0,193.150294
1766066302.2936804,126.431,1.0,193.150294
1766066302.8724375,126.419,1.0,193.150294
1766066303.4495642,126.419,1.0,193.150294
1766066304.0255644,126.399,1.0,193.150294
1766066310.9328396,126.429,0.0,192.894061
1766066311.589734,126.404,0.0,192.894061
1766066312.1648936,126.404,0.0,192.894061
1766066312.8746405,126.411,0.0,192.894061
1766066313.5916994,126.406,0.0,192.894061
1766066314.1712177,126.393,0.0,192.894061
1766066314.745044,126.393,0.0,192.894061
1766066315.32894,126.393,0.0,192.894061
1766066315.9049587,126.393,0.0,192.894061
1766066316.6130626,126.384,0.0,192.894061
1766066317.3217828,126.384,0.0,192.894061
1766066318.035566,126.395,0.0,192.894061
1766066318.6144502,126.401,0.0,192.894061
1766066319.2185235,126.401,0.0,192.894061
1766066319.7949312,126.401,0.0,192.894061
1766066320.370464,126.391,0.0,192.894061
1766066320.9470596,126.412,0.0,192.894061
1766066321.6061292,126.406,0.0,192.894061
1766066322.1823785,126.41,0.0,192.894061
1766066322.7598302,126.41,0.0,192.894061
1766066323.4681804,126.41,0.0,192.894061
1766066324.0455713,126.381,0.0,192.894061
1766066324.6208024,126.388,0.0,192.894061
1766066325.1996922,126.388,0.0,192.894061
1766066325.808785,126.392,0.0,192.894061
1766066326.3835118,126.392,0.0,192.894061
1766066326.959737,126.392,0.0,192.894061
1766066327.537254,126.405,0.0,192.894061
1766066328.1116223,126.392,0.0,192.894061
1766066328.687053,126.392,0.0,192.894061
1766066329.2634964,126.392,0.0,192.894061
1766066329.9728334,126.392,0.0,192.894061
1766066330.6830208,126.392,0.0,192.894061
1766066331.262761,126.397,0.0,192.894061
1766066334.137382,126.388,0.0,192.894061
1766066334.8471646,126.388,0.0,192.894061
1766066335.4264615,126.349,0.0,192.894061
1766066336.1362517,126.358,0.0,192.894061
1766066336.7129123,126.358,0.0,192.894061
1766066337.2882586,126.357,0.0,192.894061
1766066337.862861,126.357,0.0,192.894061
1766066338.4381652,126.369,0.0,192.894061
1766066339.1638324,126.363,0.0,192.894061
1766066339.738765,126.363,0.0,192.894061
1766066340.318093,126.36,0.0,192.894061
1766066344.7488,126.38,1.0,192.869061
1766066345.43131,126.396,1.0,192.875061
1766066346.01501,126.402,1.0,192.875061
1766066346.5907702,126.402,1.0,192.875061
1766066347.1655736,126.402,1.0,192.875061
1766066347.8789299,126.4,1.0,192.875061
1766066348.4576194,126.396,1.0,192.875061
1766066349.0440621,126.396,1.0,192.875061
1766066349.6196618,126.379,1.0,192.875061
1766066350.1938314,126.371,1.0,192.875061
1766066350.7727768,126.359,1.0,192.875061
1766066351.350966,126.359,1.0,192.875061
1766066351.927556,126.359,1.0,192.875061
1766066352.6420949,126.367,1.0,192.875061
1766066353.2231252,126.367,1.0,192.875061
1766066353.9325926,126.361,1.0,192.875061
1766066354.5106778,126.335,1.0,192.875061
1766066355.0867405,126.335,1.0,192.875061
1766066355.7378414,126.36,1.0,192.875061
1766066356.3127983,126.366,1.0,192.875061
1766066356.8891068,126.366,1.0,192.875061
1766066359.548903,126.366,1.0,192.875061
1766066360.125854,126.379,1.0,192.875061
1766066360.7057307,126.379,1.0,192.875061
1766066361.4215167,126.379,1.0,192.875061
1766066361.9988577,126.379,1.0,192.875061
1766066362.576,126.379,1.0,192.875061
1766066363.286851,126.399,1.0,192.875061
1766066363.8663592,126.385,1.0,192.875061
1766066364.442338,126.399,1.0,192.875061
1766066365.021752,126.392,1.0,192.875061
1766066365.5976045,126.375,1.0,192.875061
1766066366.2467248,126.374,1.0,192.875061
1766066366.8200536,126.374,1.0,192.875061
1766066367.396904,126.374,1.0,192.875061
1766066370.05058,126.391,1.0,192.875061
1766066370.7631624,126.377,1.0,192.875061
1766066371.3467104,126.379,1.0,192.875061
1766066371.92655,126.385,1.0,192.875061
1766066372.502835,126.386,1.0,192.875061
1766066373.0791585,126.386,1.0,192.875061
1766066373.6589139,126.386,1.0,192.875061
1766066374.2347114,126.382,1.0,192.875061
1766066374.8135006,126.382,1.0,192.875061
1766066375.3885272,126.382,1.0,192.875061
1766066375.9641144,126.384,1.0,192.875061
1766066376.6194935,126.377,1.0,192.875061
1766066377.3346093,126.377,1.0,192.875061
1766066378.0453587,126.379,1.0,192.875061
1766066378.6230395,126.38,1.0,192.875061
1766066381.4092715,126.352,1.0,192.875061
1766066381.9847379,126.371,1.0,192.875061
1766066382.5599499,126.371,1.0,192.875061
1766066383.1409745,126.371,1.0,192.875061
1766066383.7173824,126.371,1.0,192.875061
1766066384.2969196,126.379,1.0,192.875061
1766066384.8752553,126.394,1.0,192.875061
1766066385.5864792,126.394,1.0,192.875061
1766066386.1611578,126.391,1.0,192.875061
1766066386.9606824,126.396,1.0,192.893061
1766066389.61473,126.392,1.0,192.893061
1766066390.1928685,126.392,1.0,192.893061
1766066390.7705216,126.392,1.0,192.893061
1766066391.346052,126.392,1.0,192.893061
1766066391.9232535,126.396,1.0,192.893061
1766066392.5007834,126.399,1.0,192.893061
1766066393.212424,126.38,1.0,192.893061
1766066393.7891314,126.38,1.0,192.893061
1766066394.3640063,126.357,1.0,192.893061
1766066394.938733,126.358,1.0,192.893061
1766066395.5171702,126.358,1.0,192.893061
1766066396.2686102,126.358,1.0,192.893061
1766066396.8655467,126.352,1.0,192.893061
1766066397.6512692,126.352,1.0,192.893061
1766066398.2317748,126.352,1.0,192.893061
1766066400.884754,126.353,1.0,192.893061
1766066401.4624584,126.393,1.0,192.893061
1766066402.385134,126.428,1.0,192.893061
1766066403.0270822,126.447,1.0,192.893061
1766066403.6148734,126.459,1.0,192.893061
1766066404.3785458,126.459,1.0,192.893061
1766066404.974264,126.468,1.0,192.893061
1766066405.6930768,126.468,1.0,192.893061
1766066406.2772748,126.501,1.0,192.893061
1766066406.901692,126.501,1.0,192.893061
1766066407.6019468,126.501,1.0,192.99354399999999
1766066408.1816034,126.533,1.0,192.99354399999999
1766066408.9669528,126.52,1.0,192.99354399999999
1766066409.547324,126.52,1.0,192.99354399999999
1766066410.129548,126.52,1.0,192.99354399999999
1766066412.9215372,126.524,1.0,192.99354399999999
1766066413.5000863,126.524,1.0,192.99354399999999
1766066414.2146285,126.538,1.0,192.99354399999999
1766066414.791319,126.547,1.0,192.99354399999999
1766066415.3727343,126.547,1.0,192.99354399999999
1766066416.0960298,126.564,1.0,192.99354399999999
1766066416.6728852,126.58,1.0,192.99354399999999
1766066417.2505164,126.58,1.0,192.99354399999999
1766066418.0476737,126.582,1.0,193.053544
1766066418.7639704,126.611,1.0,193.053544
1766066419.3412306,126.612,1.0,193.053544
1766066419.9259958,126.612,1.0,193.053544
1766066422.7141125,126.622,1.0,193.053544
1766066423.2913277,126.589,1.0,193.053544
1766066423.892169,126.565,1.0,193.053544
1766066424.4744294,126.566,1.0,193.053544
1766066425.0506508,126.566,1.0,193.053544
1766066425.7681186,126.576,1.0,193.053544
1766066426.3548265,126.576,1.0,193.053544
1766066426.930739,126.576,1.0,193.053544
1766066427.509349,126.576,1.0,193.053544
1766066428.1719272,126.602,1.0,193.102544
1766066428.881363,126.612,1.0,193.102544
1766066431.6760936,126.61,1.0,193.102544
1766066432.3888373,126.623,1.0,193.102544
1766066433.1059022,126.659,1.0,193.102544
1766066433.6808944,126.633,1.0,193.102544
1766066434.2603638,126.624,1.0,193.102544
1766066434.8412075,126.624,1.0,193.102544
1766066435.416158,126.632,1.0,193.102544
1766066435.9977286,126.633,1.0,193.102544
1766066436.5737355,126.639,1.0,193.102544
1766066437.1492097,126.639,1.0,193.102544
1766066437.862859,126.659,1.0,193.102544
1766066440.5970387,126.686,1.0,193.137544
1766066441.3114634,126.686,1.0,193.137544
1766066441.8875337,126.685,1.0,193.137544
1766066442.4623523,126.685,1.0,193.137544
1766066443.1722808,126.675,1.0,193.137544
1766066443.7505703,126.675,1.0,193.137544
1766066444.3268428,126.659,1.0,193.137544
1766066444.9031594,126.659,1.0,193.137544
1766066445.4810138,126.659,1.0,193.137544
1766066446.056136,126.659,1.0,193.137544
1766066446.7682667,126.659,1.0,193.137544
1766066447.3458748,126.659,1.0,193.137544
1766066448.0569708,126.659,1.0,193.137544
1766066448.8501897,126.673,1.0,193.137544
1766066449.424861,126.673,1.0,193.137544
1766066450.0027604,126.676,1.0,193.137544
1766066452.796929,126.699,1.0,193.137544
1766066453.373268,126.699,1.0,193.137544
1766066453.9496515,126.699,1.0,193.137544
1766066454.5254748,126.702,1.0,193.137544
1766066455.101245,126.702,1.0,193.137544
1766066455.8101153,126.678,1.0,193.137544
1766066456.3862655,126.68,1.0,193.137544
1766066456.9625745,126.68,1.0,193.137544
1766066457.5401294,126.702,1.0,193.137544
1766066458.1237872,126.702,1.0,193.137544
1766066458.9520028,126.722,1.0,193.193544
1766066461.7415695,126.722,1.0,193.193544
1766066462.322866,126.737,1.0,193.193544
1766066462.898936,126.758,1.0,193.193544
1766066463.478539,126.741,1.0,193.193544
1766066464.0577152,126.741,1.0,193.193544
1766066464.7697818,126.741,1.0,193.193544
1766066465.3606074,126.741,1.0,193.193544
1766066465.9370663,126.741,1.0,193.193544
1766066466.659389,126.741,1.0,193.193544
1766066467.2383296,126.734,1.0,193.193544
1766066467.8152316,126.708,1.0,193.193544
1766066468.3929062,126.756,1.0,193.193544
1766066471.5363505,126.873,1.0,193.246544
1766066472.1134927,126.879,1.0,193.246544
1766066472.6906903,126.914,1.0,193.246544
1766066473.2669978,126.914,1.0,193.246544
1766066473.8415496,126.896,1.0,193.246544
1766066474.418521,126.897,1.0,193.246544
1766066475.130858,126.919,1.0,193.246544
1766066475.8413103,126.915,1.0,193.246544
1766066476.4180818,126.958,1.0,193.246544
1766066478.3883903,126.959,1.0,193.246544
1766066478.963368,126.973,1.0,193.246544
1766066479.7627394,126.973,1.0,193.444544
1766066480.337743,126.973,1.0,193.444544
1766066480.9137635,126.992,1.0,193.444544
1766066481.4943905,126.98,1.0,193.444544
1766066482.0863144,126.989,1.0,193.444544
1766066482.6629035,126.989,1.0,193.444544
1766066483.3709848,127.011,1.0,193.444544
1766066484.0818048,127.013,1.0,193.444544
1766066484.7964134,127.033,1.0,193.444544
1766066491.5167131,127.333,0.0,193.566544
1766066492.1789436,127.335,0.0,193.566544
1766066492.7530975,127.369,0.0,193.566544
1766066493.3311193,127.369,0.0,193.566544
1766066493.927982,127.389,0.0,193.566544
1766066494.5048127,127.414,0.0,193.566544
1766066495.2198253,127.473,0.0,193.566544
1766066495.7957964,127.482,0.0,193.566544
1766066496.3775194,127.52,0.0,193.566544
1766066496.954532,127.528,0.0,193.566544
1766066497.5322585,127.516,0.0,193.566544
1766066498.1072364,127.498,0.0,193.566544
1766066498.6831112,127.46,0.0,193.566544
1766066499.2611454,127.453,0.0,193.566544
1766066499.8390465,127.461,0.0,193.566544
1766066500.5585477,127.467,0.0,193.566544
1766066501.1344347,127.48,0.0,193.566544
1766066501.7099047,127.467,0.0,193.566544
1766066502.3893337,127.453,0.0,193.566544
1766066502.9698029,127.4,0.0,193.566544
1766066503.546643,127.35,0.0,193.566544
1766066504.1221795,127.352,0.0,193.566544
1766066504.712456,127.351,0.0,193.566544
1766066505.291676,127.334,0.0,193.566544
1766066505.8671088,127.303,0.0,193.566544
1766066506.4430337,127.344,0.0,193.566544
1766066507.0214484,127.342,0.0,193.566544
1766066509.6752443,127.345,0.0,193.566544
1766066510.2524962,127.343,0.0,193.566544
1766066510.8299894,127.341,0.0,193.566544
1766066511.4082665,127.34,0.0,193.566544
1766066511.9834297,127.345,0.0,193.566544
1766066512.7764723,127.311,0.0,193.566544
1766066513.3563254,127.263,0.0,193.566544
1766066513.9344552,127.263,0.0,193.566544
1766066514.5149958,127.235,0.0,193.566544
1766066517.1682396,127.157,0.0,193.566544
1766066517.7658954,127.197,0.0,193.566544
1766066518.3420205,127.2,0.0,193.566544
1766066518.9259026,127.178,0.0,193.566544
1766066519.5017598,127.178,0.0,193.566544
1766066520.0830836,127.211,0.0,193.566544
1766066524.8040018,127.269,1.0,193.554544
1766066525.4700067,127.269,1.0,193.573544
1766066526.0473242,127.236,1.0,193.573544
1766066526.6233313,127.202,1.0,193.573544
1766066527.3389008,127.189,1.0,193.573544
1766066527.9152923,127.182,1.0,193.573544
1766066528.4979746,127.178,1.0,193.573544
1766066529.0779579,127.21,1.0,193.573544
1766066529.660701,127.198,1.0,193.573544
1766066530.2371554,127.196,1.0,193.573544
1766066530.8117886,127.178,1.0,193.573544
1766066531.527841,127.201,1.0,193.573544
1766066532.1036546,127.201,1.0,193.573544
1766066532.6800213,127.231,1.0,193.573544
1766066533.2566462,127.231,1.0,193.573544
1766066533.8329365,127.261,1.0,193.573544
1766066534.4091856,127.276,1.0,193.573544
1766066534.9853044,127.288,1.0,193.573544
1766066535.6467433,127.305,1.0,193.59354399999998
1766066536.359786,127.314,1.0,193.59354399999998
1766066536.9461765,127.308,1.0,193.59354399999998
1766066539.599278,127.322,1.0,193.59354399999998
1766066540.1828322,127.32,1.0,193.59354399999998
1766066540.75852,127.322,1.0,193.59354399999998
1766066541.341613,127.369,1.0,193.59354399999998
1766066542.0504148,127.305,1.0,193.59354399999998
1766066542.632815,127.311,1.0,193.59354399999998
1766066543.2097237,127.297,1.0,193.59354399999998
1766066543.9264717,127.302,1.0,193.59354399999998
1766066544.5019548,127.303,1.0,193.59354399999998
1766066545.077742,127.297,1.0,193.59354399999998
1766066545.9022365,127.279,1.0,193.643544
1766066548.5698614,127.259,1.0,193.643544
1766066549.1660085,127.249,1.0,193.643544
1766066549.7734091,127.23,1.0,193.643544
1766066550.353846,127.262,1.0,193.643544
1766066550.9314296,127.237,1.0,193.643544
1766066551.5177946,127.179,1.0,193.643544
1766066552.0950925,127.18,1.0,193.643544
1766066552.674638,127.218,1.0,193.643544
1766066553.2530177,127.204,1.0,193.643544
1766066553.8308098,127.2,1.0,193.643544
1766066554.407704,127.2,1.0,193.643544
1766066554.9994571,127.182,1.0,193.643544
1766066555.6421812,127.15,1.0,193.643544
1766066558.378545,127.128,1.0,193.643544
1766066558.95332,127.152,1.0,193.643544
1766066559.532915,127.173,1.0,193.643544
1766066560.1232238,127.19,1.0,193.643544
1766066560.8365014,127.19,1.0,193.643544
1766066561.4144883,127.179,1.0,193.643544
1766066561.9906766,127.192,1.0,193.643544
1766066562.5710003,127.192,1.0,193.643544
1766066563.1491795,127.19,1.0,193.643544
1766066563.7257771,127.195,1.0,193.643544
1766066564.304444,127.195,1.0,193.643544
1766066564.8818128,127.173,1.0,193.643544
1766066565.460542,127.195,1.0,193.643544
1766066566.1764555,127.202,1.0,193.643544
1766066568.9251456,127.236,1.0,193.643544
1766066569.5009084,127.243,1.0,193.643544
1766066570.0852711,127.264,1.0,193.643544
1766066570.6663566,127.259,1.0,193.643544
1766066571.244373,127.261,1.0,193.643544
1766066571.8244908,127.265,1.0,193.643544
1766066572.4080985,127.261,1.0,193.643544
1766066572.9901452,127.279,1.0,193.643544
1766066573.5682924,127.279,1.0,193.643544
1766066574.2866418,127.285,1.0,193.643544
1766066574.8645644,127.3,1.0,193.643544
1766066575.4478076,127.306,1.0,193.643544
1766066576.0239549,127.306,1.0,193.643544
1766066578.6903644,127.227,1.0,193.643544
1766066579.3703365,127.221,1.0,193.585544
1766066580.0833917,127.25,1.0,193.585544
1766066580.662994,127.231,1.0,193.585544
1766066581.2460852,127.232,1.0,193.585544
1766066581.8290553,127.287,1.0,193.585544
1766066582.4140239,127.307,1.0,193.585544
1766066583.1505306,127.306,1.0,193.585544
1766066583.7967303,127.306,1.0,193.585544
1766066584.3941574,127.306,1.0,193.585544
1766066585.0272627,127.279,1.0,193.585544
1766066587.7041588,127.208,1.0,193.585544
1766066588.2932122,127.207,1.0,193.585544
1766066588.8854413,127.187,1.0,193.585544
1766066589.6736798,127.178,1.0,193.541544
1766066590.2530417,127.178,1.0,193.541544
1766066590.832046,127.122,1.0,193.541544
1766066591.4103506,127.122,1.0,193.541544
1766066591.987122,127.151,1.0,193.541544
1766066592.5665612,127.159,1.0,193.541544
1766066593.2811904,127.159,1.0,193.541544
1766066595.9373856,127.159,1.0,193.541544
1766066596.5164254,127.167,1.0,193.541544
1766066597.091828,127.168,1.0,193.541544
1766066597.6740534,127.168,1.0,193.541544
1766066598.2514107,127.168,1.0,193.541544
1766066598.9671118,127.118,1.0,193.541544
1766066599.5451791,127.086,1.0,193.541544
1766066605.916856,127.113,0.0,193.427544
1766066606.4961696,127.093,0.0,193.427544
1766066607.0761592,127.118,0.0,193.427544
1766066607.6533558,127.108,0.0,193.427544
1766066608.2333684,127.108,0.0,193.427544
1766066608.8097112,127.115,0.0,193.427544
1766066609.523886,127.115,0.0,193.427544
1766066610.1025934,127.116,0.0,193.427544
1766066610.7745948,127.089,0.0,193.427544
1766066611.3509307,127.083,0.0,193.427544
1766066611.9309711,127.07,0.0,193.427544
1766066612.5074174,127.078,0.0,193.427544
1766066613.0849519,127.082,0.0,193.427544
1766066613.7971516,127.082,0.0,193.427544
1766066614.3769894,127.077,0.0,193.427544
1766066614.9565449,127.077,0.0,193.427544
1766066615.5327332,127.077,0.0,193.427544
1766066616.108079,127.077,0.0,193.427544
1766066616.8282897,127.089,0.0,193.427544
1766066617.4066944,127.064,0.0,193.427544
1766066618.077514,127.062,0.0,193.427544
1766066618.656439,127.053,0.0,193.427544
1766066619.4547088,127.006,0.0,193.427544
1766066620.0324836,127.005,0.0,193.427544
1766066620.6186438,127.007,0.0,193.427544
1766066621.2870884,127.007,0.0,193.427544
1766066621.8630803,127.005,0.0,193.427544
1766066622.4463983,127.0,0.0,193.427544
1766066623.1590028,127.0,0.0,193.427544
1766066625.8241858,127.001,0.0,193.427544
1766066626.402736,127.015,0.0,193.427544
1766066627.0207803,127.001,0.0,193.427544
1766066627.6153798,127.014,0.0,193.427544
1766066628.1934507,127.021,0.0,193.427544
1766066628.7713044,127.021,0.0,193.427544
1766066629.485115,127.061,0.0,193.427544
1766066630.0630932,127.066,0.0,193.427544
1766066630.7808826,127.055,0.0,193.427544
1766066631.4538376,127.063,0.0,193.427544
1766066634.110314,127.108,0.0,193.427544
1766066634.6873758,127.108,0.0,193.427544
1766066635.4016595,127.108,0.0,193.427544
1766066635.9764502,127.148,0.0,193.427544
1766066636.5534394,127.163,0.0,193.427544
1766066637.1339219,127.165,0.0,193.427544
1766066637.7132194,127.165,0.0,193.427544
1766066638.2897995,127.184,0.0,193.427544
1766066638.869858,127.179,0.0,193.427544
1766066639.4468453,127.172,0.0,193.427544
1766066640.0305157,127.172,0.0,193.427544
1766066640.6082377,127.186,0.0,193.427544
1766066645.1401958,127.178,1.0,193.42854400000002
1766066645.8168197,127.175,1.0,193.408544
1766066646.3940601,127.103,1.0,193.408544
1766066646.971793,127.087,1.0,193.408544
1766066647.6940067,127.077,1.0,193.408544
1766066648.2701647,127.077,1.0,193.408544
1766066648.9849257,127.077,1.0,193.408544
1766066649.5695705,127.077,1.0,193.408544
1766066650.28207,127.077,1.0,193.408544
1766066650.8753662,127.077,1.0,193.408544
1766066651.4577854,127.048,1.0,193.408544
1766066658.1561844,127.09,0.0,193.276544
1766066659.094106,127.083,0.0,193.276544
1766066659.6724107,127.091,0.0,193.276544
1766066660.2509692,127.091,0.0,193.276544
1766066660.8292015,127.081,0.0,193.276544
1766066661.403628,127.081,0.0,193.276544
1766066661.9785807,127.081,0.0,193.276544
1766066662.6910071,127.113,0.0,193.276544
1766066663.4056935,127.087,0.0,193.276544
1766066663.9857838,127.087,0.0,193.276544
1766066664.5630229,127.087,0.0,193.276544
1766066665.2913055,127.092,0.0,193.276544
1766066666.005416,127.076,0.0,193.276544
1766066666.584797,127.076,0.0,193.276544
1766066667.1619978,127.076,0.0,193.276544
1766066667.738045,127.075,0.0,193.276544
1766066668.4511652,127.075,0.0,193.276544
1766066669.1123195,127.046,0.0,193.276544
1766066669.6902936,127.065,0.0,193.276544
1766066670.4032328,127.067,0.0,193.276544
1766066671.1211956,127.067,0.0,193.276544
1766066671.7002623,127.077,0.0,193.276544
1766066672.2791505,127.077,0.0,193.276544
1766066672.8536563,127.099,0.0,193.276544
1766066673.5637014,127.177,0.0,193.276544
1766066674.274502,127.161,0.0,193.276544
1766066674.851766,127.164,0.0,193.276544
1766066675.4325576,127.193,0.0,193.276544
1766066676.0084743,127.274,0.0,193.276544
1766066676.7191749,127.286,0.0,193.276544
1766066677.3021715,127.242,0.0,193.276544
1766066677.8786275,127.233,0.0,193.276544
1766066678.454367,127.226,0.0,193.276544
1766066679.135638,127.227,0.0,193.276544
1766066679.7147713,127.218,0.0,193.276544
1766066680.435188,127.205,0.0,193.276544
1766066681.155314,127.202,0.0,193.276544
1766066681.7372446,127.202,0.0,193.276544
1766066684.5266852,127.284,0.0,193.276544
1766066685.2474864,127.309,0.0,193.276544
1766066685.8466287,127.333,0.0,193.276544
1766066686.5581098,127.356,0.0,193.276544
1766066687.155808,127.359,0.0,193.276544
1766066687.7342165,127.357,0.0,193.276544
1766066688.3125424,127.369,0.0,193.276544
1766066689.0233095,127.352,0.0,193.276544
1766066689.8198779,127.373,0.0,193.276544
1766066690.4106114,127.409,0.0,193.276544
1766066690.9857094,127.389,0.0,193.276544
1766066691.5608149,127.363,0.0,193.276544
1766066694.3532987,127.511,0.0,193.276544
1766066694.9431348,127.498,0.0,193.276544
1766066695.5225065,127.48,0.0,193.276544
1766066696.1006749,127.481,0.0,193.276544
1766066696.6774035,127.48,0.0,193.276544
1766066697.3858676,127.442,0.0,193.276544
1766066697.9636028,127.386,0.0,193.276544
1766066698.5476353,127.387,0.0,193.276544
1766066699.1250298,127.383,0.0,193.276544
1766066699.7864707,127.375,0.0,193.276544
1766066702.6059206,127.393,0.0,193.276544
1766066708.3388796,127.496,1.0,193.284544
1766066708.9222085,127.504,1.0,193.284544
1766066709.5171828,127.504,1.0,193.284544
1766066710.1962578,127.504,1.0,193.376544
1766066710.772089,127.504,1.0,193.376544
1766066711.3475845,127.541,1.0,193.376544
1766066711.9242616,127.526,1.0,193.376544
1766066712.5088708,127.526,1.0,193.376544
1766066713.1168387,127.543,1.0,193.376544
1766066713.69342,127.544,1.0,193.376544
1766066714.2721577,127.56,1.0,193.376544
1766066714.8521872,127.55,1.0,193.376544
1766066715.585559,127.552,1.0,193.376544
1766066716.2017422,127.548,1.0,193.376544
1766066716.7850566,127.548,1.0,193.376544
1766066717.3918607,127.688,1.0,193.376544
1766066717.9751515,127.744,1.0,193.376544
1766066718.555167,127.707,1.0,193.376544
1766066719.2684743,127.719,1.0,193.376544
1766066719.8486347,127.719,1.0,193.376544
1766066720.6564558,127.753,1.0,193.578544
1766066721.2326748,127.751,1.0,193.578544
1766066721.8087616,127.791,1.0,193.578544
1766066722.3850057,127.785,1.0,193.578544
1766066722.96186,127.796,1.0,193.578544
1766066723.5464015,127.791,1.0,193.578544
1766066724.2804525,127.765,1.0,193.578544
1766066724.8580718,127.73,1.0,193.578544
1766066725.438967,127.73,1.0,193.578544
1766066726.0134897,127.718,1.0,193.578544
1766066726.5900388,127.738,1.0,193.578544
1766066727.1668775,127.732,1.0,193.578544
1766066727.7417917,127.742,1.0,193.578544
1766066728.4532046,127.742,1.0,193.578544
1766066729.164764,127.727,1.0,193.578544
1766066729.7410893,127.7,1.0,193.578544
1766066732.397165,127.638,1.0,193.578544
1766066733.2005572,127.62,1.0,193.545544
1766066733.776802,127.663,1.0,193.545544
1766066734.355862,127.646,1.0,193.545544
1766066734.9323645,127.647,1.0,193.545544
1766066735.509688,127.647,1.0,193.545544
1766066736.2241886,127.647,1.0,193.545544
1766066736.9575431,127.718,1.0,193.545544
1766066737.5384932,127.726,1.0,193.545544
1766066738.2490897,127.814,1.0,193.545544
1766066738.8693588,127.836,1.0,193.545544
1766066739.4443653,127.848,1.0,193.545544
1766066742.1018434,127.836,1.0,193.545544
1766066742.676673,127.836,1.0,193.545544
1766066743.470945,127.834,1.0,193.727544
1766066744.0534003,127.836,1.0,193.727544
1766066744.6303065,127.836,1.0,193.727544
1766066745.3413768,127.822,1.0,193.727544
1766066745.9261456,127.823,1.0,193.727544
1766066746.502433,127.821,1.0,193.727544
1766066747.0784788,127.821,1.0,193.727544
1766066749.7345374,127.731,1.0,193.727544
1766066750.3155828,127.731,1.0,193.727544
1766066750.9284964,127.731,1.0,193.727544
1766066751.654534,127.731,1.0,193.727544
1766066752.3680668,127.715,1.0,193.727544
1766066752.948431,127.715,1.0,193.727544
1766066753.6185675,127.722,1.0,193.626544
1766066754.343761,127.723,1.0,193.626544
1766066754.9264,127.723,1.0,193.626544
1766066755.5048294,127.694,1.0,193.626544
1766066756.0812056,127.683,1.0,193.626544
1766066758.7395155,127.686,1.0,193.626544
1766066759.3150473,127.686,1.0,193.626544
1766066759.8901632,127.68,1.0,193.626544
1766066760.4679084,127.675,1.0,193.626544
1766066761.0470161,127.68,1.0,193.626544
1766066761.6287138,127.691,1.0,193.626544
1766066762.2033784,127.704,1.0,193.626544
1766066762.918223,127.704,1.0,193.626544
1766066763.5154,127.719,1.0,193.626544
1766066764.3225362,127.737,1.0,193.605544
1766066766.982713,127.794,1.0,193.605544
1766066767.5872107,127.794,1.0,193.605544
1766066768.1663527,127.819,1.0,193.605544
1766066768.9019248,127.797,1.0,193.605544
1766066769.479267,127.782,1.0,193.605544
1766066770.1960258,127.787,1.0,193.605544
1766066770.8510447,127.81,1.0,193.605544
1766066771.432897,127.811,1.0,193.605544
1766066772.0089478,127.803,1.0,193.605544
1766066772.7816324,127.804,1.0,193.605544
1766066773.3639302,127.822,1.0,193.605544
1766066773.97833,127.82,1.0,193.605544
1766066774.7928164,127.823,1.0,193.705544
1766066775.5060697,127.823,1.0,193.705544
1766066778.1716597,127.797,1.0,193.705544
1766066780.4349766,127.727,1.0,193.705544
1766066781.1460848,127.628,1.0,193.705544
1766066781.7322304,127.629,1.0,193.705544
1766066782.308788,127.577,1.0,193.705544
1766066782.8847978,127.605,1.0,193.705544
1766066783.5976574,127.605,1.0,193.705544
1766066784.1748788,127.6,1.0,193.705544
1766066785.1143034,127.6,1.0,193.496544
1766066785.8365018,127.593,1.0,193.496544
1766066786.5507488,127.582,1.0,193.496544
1766066787.1255696,127.592,1.0,193.496544
1766066787.839121,127.599,1.0,193.496544
1766066788.5516958,127.586,1.0,193.496544
1766066789.2603843,127.576,1.0,193.496544
1766066789.9718733,127.63,1.0,193.496544
1766066790.6912503,127.63,1.0,193.496544
1766066791.2665236,127.629,1.0,193.496544
1766066791.9761975,127.653,1.0,193.496544
1766066792.6922443,127.683,1.0,193.496544
1766066793.4024172,127.666,1.0,193.496544
1766066793.979666,127.666,1.0,193.496544
1766066794.6934924,127.666,1.0,193.496544
1766066795.3596365,127.666,1.0,193.555544
1766066796.0711603,127.678,1.0,193.555544
1766066796.650376,127.668,1.0,193.555544
1766066797.3676767,127.668,1.0,193.555544
1766066797.9456668,127.668,1.0,193.555544
1766066800.6063998,127.683,1.0,193.555544
1766066801.324217,127.683,1.0,193.555544
1766066801.9089236,127.617,1.0,193.555544
1766066802.4861076,127.617,1.0,193.555544
1766066803.2038438,127.617,1.0,193.555544
1766066803.920113,127.617,1.0,193.555544
1766066804.6310413,127.607,1.0,193.555544
1766066805.21086,127.599,1.0,193.555544
1766066806.0449505,127.593,1.0,193.486544
1766066806.756375,127.607,1.0,193.486544
1766066807.335908,127.595,1.0,193.486544
1766066807.911798,127.58,1.0,193.486544
1766066808.489899,127.573,1.0,193.486544
1766066809.2074268,127.564,1.0,193.486544
1766066811.8688235,127.588,1.0,193.486544
1766066812.4443643,127.5,1.0,193.486544
1766066813.1581986,127.433,1.0,193.486544
1766066813.7993145,127.433,1.0,193.486544
1766066814.3777735,127.429,1.0,193.486544
1766066814.9578018,127.444,1.0,193.486544
1766066815.5489316,127.486,1.0,193.486544
1766066816.3451078,127.461,1.0,193.349544
1766066816.922135,127.444,1.0,193.349544
1766066817.5094924,127.431,1.0,193.349544
1766066818.2245724,127.431,1.0,193.349544
1766066818.9384344,127.431,1.0,193.349544
1766066821.5955484,127.478,1.0,193.349544
1766066822.1830156,127.472,1.0,193.349544
1766066822.7643242,127.472,1.0,193.349544
1766066823.3427262,127.513,1.0,193.349544
1766066823.919321,127.518,1.0,193.349544
1766066824.4957561,127.518,1.0,193.349544
1766066825.214797,127.478,1.0,193.349544
1766066825.924069,127.468,1.0,193.349544
1766066826.7272313,127.483,1.0,193.366544
1766066827.3050814,127.489,1.0,193.366544
1766066830.0997846,127.532,1.0,193.366544
1766066830.687206,127.532,1.0,193.366544
1766066831.3998,127.553,1.0,193.366544
1766066831.9766088,127.568,1.0,193.366544
1766066832.687038,127.581,1.0,193.366544
1766066833.2655516,127.56,1.0,193.366544
1766066833.8399024,127.56,1.0,193.366544
1766066834.4174314,127.561,1.0,193.366544
1766066834.996362,127.557,1.0,193.366544
1766066835.57888,127.545,1.0,193.366544
1766066836.286644,127.497,1.0,193.366544
1766066837.0872793,127.497,1.0,193.438544
1766066837.8015091,127.491,1.0,193.438544
1766066838.5146573,127.479,1.0,193.438544
1766066839.2329366,127.479,1.0,193.438544
1766066841.885083,127.439,1.0,193.438544
1766066842.5960233,127.434,1.0,193.438544
1766066843.173328,127.429,1.0,193.438544
1766066843.7543838,127.429,1.0,193.438544
1766066844.3296468,127.429,1.0,193.438544
1766066844.9067595,127.429,1.0,193.438544
1766066845.6172545,127.438,1.0,193.438544
1766066846.1925268,127.377,1.0,193.438544
1766066846.8582816,127.356,1.0,193.308544
1766066847.4360564,127.249,1.0,193.308544
1766066853.8806126,127.241,0.0,193.115544
1766066854.4593976,127.172,0.0,193.115544
1766066855.0422065,127.172,0.0,193.115544
1766066855.6160965,127.15,0.0,193.115544
1766066856.1905732,127.15,0.0,193.115544
1766066856.902528,127.15,0.0,193.115544
1766066857.5712936,127.202,0.0,193.115544
1766066858.2823176,127.201,0.0,193.115544
1766066858.8580537,127.198,0.0,193.115544
1766066859.432092,127.192,0.0,193.115544
1766066860.008734,127.184,0.0,193.115544
1766066860.5853791,127.183,0.0,193.115544
1766066861.1649134,127.261,0.0,193.115544
1766066861.740086,127.244,0.0,193.115544
1766066862.3169835,127.229,0.0,193.115544
1766066862.893588,127.229,0.0,193.115544
1766066863.528078,127.229,0.0,193.115544
1766066864.1045718,127.229,0.0,193.115544
1766066864.6810775,127.227,0.0,193.115544
1766066865.2564445,127.211,0.0,193.115544
1766066865.832292,127.211,0.0,193.115544
1766066866.409118,127.247,0.0,193.115544
1766066866.9856923,127.247,0.0,193.115544
1766066869.722795,127.293,0.0,193.115544
1766066870.3008537,127.293,0.0,193.115544
1766066870.8761683,127.28,0.0,193.115544
1766066871.4513416,127.292,0.0,193.115544
1766066872.1635084,127.283,0.0,193.115544
1766066872.8756971,127.271,0.0,193.115544
1766066873.4514036,127.281,0.0,193.115544
1766066874.0273829,127.3,0.0,193.115544
1766066874.6047244,127.292,0.0,193.115544
1766066875.1793437,127.292,0.0,193.115544
1766066875.758866,127.292,0.0,193.115544
1766066876.3419032,127.305,0.0,193.115544
1766066876.919652,127.305,0.0,193.115544
1766066877.496256,127.305,0.0,193.115544
1766066878.2868435,127.305,0.0,193.115544
1766066878.9959803,127.27,0.0,193.115544
1766066881.6494365,127.246,0.0,193.115544
1766066886.094972,127.272,1.0,193.131544
1766066886.6726136,127.261,1.0,193.131544
1766066887.2487361,127.261,1.0,193.131544
1766066887.824369,127.249,1.0,193.131544
1766066888.4878554,127.249,1.0,193.139544
1766066889.074723,127.26,1.0,193.139544
1766066889.6508665,127.28,1.0,193.139544
1766066890.2269044,127.271,1.0,193.139544
1766066890.9328957,127.287,1.0,193.139544
1766066891.5104308,127.269,1.0,193.139544
1766066892.0830264,127.269,1.0,193.139544
1766066892.6585112,127.269,1.0,193.139544
1766066893.2334874,127.269,1.0,193.139544
1766066893.8095183,127.297,1.0,193.139544
1766066894.3841035,127.302,1.0,193.139544
1766066894.960975,127.32,1.0,193.139544
1766066895.537756,127.32,1.0,193.139544
1766066896.113229,127.299,1.0,193.139544
1766066896.847114,127.299,1.0,193.139544
1766066897.5572104,127.313,1.0,193.139544
1766066898.130649,127.313,1.0,193.139544
1766066898.788441,127.313,1.0,193.174544
1766066899.3654428,127.301,1.0,193.174544
1766066902.0183492,127.291,1.0,193.174544
1766066902.5935578,127.291,1.0,193.174544
1766066903.1702712,127.292,1.0,193.174544
1766066903.7531168,127.292,1.0,193.174544
1766066904.4618983,127.291,1.0,193.174544
1766066905.0391133,127.27,1.0,193.174544
1766066905.6231475,127.27,1.0,193.174544
1766066906.198741,127.276,1.0,193.174544
1766066906.7744524,127.276,1.0,193.174544
1766066907.3580768,127.287,1.0,193.174544
1766066907.9398618,127.326,1.0,193.174544
1766066908.5142875,127.333,1.0,193.174544
1766066909.1645968,127.368,1.0,193.174544
1766066909.7409964,127.365,1.0,193.174544
1766066912.3929584,127.256,1.0,193.174544
1766066912.9766786,127.28,1.0,193.174544
1766066913.5588307,127.277,1.0,193.174544
1766066914.1417398,127.277,1.0,193.174544
1766066914.716366,127.278,1.0,193.174544
1766066915.4281642,127.264,1.0,193.174544
1766066916.0051281,127.264,1.0,193.174544
1766066916.5823665,127.277,1.0,193.174544
1766066917.2923293,127.268,1.0,193.174544
1766066917.867034,127.268,1.0,193.174544
1766066918.577422,127.281,1.0,193.174544
1766066919.1519926,127.309,1.0,193.174544
1766066919.8024423,127.304,1.0,193.174544
1766066920.3862913,127.29,1.0,193.174544
1766066920.9664252,127.289,1.0,193.174544
1766066923.7494678,127.284,1.0,193.174544
1766066924.3259037,127.327,1.0,193.174544
1766066924.9145381,127.309,1.0,193.174544
1766066925.521551,127.306,1.0,193.174544
1766066926.2578645,127.306,1.0,193.174544
1766066926.8520486,127.3,1.0,193.174544
1766066927.5604057,127.297,1.0,193.174544
1766066928.143042,127.297,1.0,193.174544
1766066928.7192929,127.296,1.0,193.174544
1766066929.3036425,127.296,1.0,193.174544
1766066929.959151,127.296,1.0,193.167544
1766066932.6112432,127.245,1.0,193.167544
1766066933.1895177,127.255,1.0,193.167544
1766066933.7648945,127.255,1.0,193.167544
1766066934.3393035,127.261,1.0,193.167544
1766066934.9153905,127.261,1.0,193.167544
1766066935.4909124,127.255,1.0,193.167544
1766066936.0649197,127.255,1.0,193.167544
1766066936.6408565,127.255,1.0,193.167544
1766066937.2164648,127.253,1.0,193.167544
1766066937.7927926,127.237,1.0,193.167544
1766066938.3687959,127.237,1.0,193.167544
1766066941.020645,127.213,1.0,193.167544
1766066941.6842341,127.212,1.0,193.071544
1766066942.2677023,127.2,1.0,193.071544
1766066942.8431575,127.2,1.0,193.071544
1766066943.419724,127.2,1.0,193.071544
1766066943.9977753,127.2,1.0,193.071544
1766066944.5735595,127.2,1.0,193.071544
1766066945.1485722,127.2,1.0,193.071544
1766066945.7276232,127.2,1.0,193.071544
1766066948.3812876,127.206,1.0,193.071544
1766066948.9569557,127.222,1.0,193.071544
1766066949.5318668,127.241,1.0,193.071544
1766066950.1069307,127.241,1.0,193.071544
1766066950.81657,127.238,1.0,193.071544
1766066951.5354958,127.225,1.0,193.071544
1766066952.3306773,127.229,1.0,193.082544
1766066952.9067295,127.229,1.0,193.082544
1766066953.6396632,127.229,1.0,193.082544
1766066954.3472807,127.229,1.0,193.082544
1766066954.925627,127.228,1.0,193.082544
1766066955.5018747,127.237,1.0,193.082544
1766066958.156729,127.237,1.0,193.082544
1766066958.743427,127.224,1.0,193.082544
1766066959.3226242,127.2,1.0,193.082544
1766066960.0339196,127.2,1.0,193.082544
1766066960.6121895,127.21,1.0,193.082544
1766066961.1898139,127.21,1.0,193.082544
1766066961.9026859,127.2,1.0,193.082544
1766066962.7009218,127.193,1.0,193.075544
1766066963.289182,127.165,1.0,193.075544
1766066963.8657465,127.18,1.0,193.075544
1766066966.5178823,127.189,1.0,193.075544
1766066967.0938778,127.192,1.0,193.075544
1766066967.6700137,127.192,1.0,193.075544
1766066968.3811452,127.192,1.0,193.075544
1766066968.9568152,127.203,1.0,193.075544
1766066969.5343072,127.204,1.0,193.075544
1766066970.1102586,127.204,1.0,193.075544
1766066970.693274,127.204,1.0,193.075544
1766066971.268307,127.204,1.0,193.075544
1766066971.977939,127.204,1.0,193.075544
1766066974.7193577,127.186,1.0,193.071544
1766066975.2954783,127.186,1.0,193.071544
1766066975.8781228,127.182,1.0,193.071544
1766066976.461799,127.182,1.0,193.071544
1766066977.040033,127.188,1.0,193.071544
1766066977.6191514,127.232,1.0,193.071544
1766066978.2065513,127.232,1.0,193.071544
1766066978.7845397,127.232,1.0,193.071544
1766066979.3618088,127.216,1.0,193.071544
1766066979.9365418,127.207,1.0,193.071544
1766066980.5124192,127.207,1.0,193.071544
1766066981.0922081,127.223,1.0,193.071544
1766066983.7472892,127.187,1.0,193.071544
1766066984.40529,127.185,1.0,193.061544
1766066984.9814613,127.167,1.0,193.061544
1766066985.5553284,127.171,1.0,193.061544
1766066986.1321423,127.171,1.0,193.061544
1766066986.8722944,127.171,1.0,193.061544
1766066987.592506,127.154,1.0,193.061544
1766066988.3033671,127.154,1.0,193.061544
1766066988.8821676,127.158,1.0,193.061544
1766066989.458951,127.145,1.0,193.061544
1766066990.0365498,127.154,1.0,193.061544
1766066992.8223484,127.142,1.0,193.061544
1766066993.3989975,127.123,1.0,193.061544
1766066993.9745548,127.101,1.0,193.061544
1766067000.8722377,127.097,0.0,192.940544
1766067004.9984052,127.046,1.0,192.93854399999998
1766067005.9616058,127.038,1.0,192.93854399999998
1766067006.5741842,127.038,1.0,192.93854399999998
1766067007.2341673,127.032,1.0,192.93854399999998
1766067007.833964,127.029,1.0,192.93854399999998
1766067008.449857,127.029,1.0,192.93854399999998
1766067009.0400407,127.055,1.0,192.93854399999998
1766067009.6162527,127.051,1.0,192.93854399999998
1766067010.1927059,127.051,1.0,192.93854399999998
1766067010.7702632,127.054,1.0,192.93854399999998
1766067011.3477404,127.054,1.0,192.93854399999998
1766067011.9249377,127.054,1.0,192.93854399999998
1766067012.504522,127.063,1.0,192.93854399999998
1766067013.0820937,127.05,1.0,192.93854399999998
1766067013.6601427,127.05,1.0,192.93854399999998
1766067014.239435,127.092,1.0,192.93854399999998
1766067014.8195074,127.099,1.0,192.93854399999998
1766067015.3991776,127.091,1.0,192.93854399999998
1766067016.076045,127.091,1.0,192.96754399999998
1766067016.7869809,127.082,1.0,192.96754399999998
1766067017.3619769,127.082,1.0,192.96754399999998
1766067017.9437099,127.088,1.0,192.96754399999998
1766067018.5208406,127.088,1.0,192.96754399999998
1766067019.1015751,127.073,1.0,192.96754399999998
1766067019.6783476,127.11,1.0,192.96754399999998
1766067020.2563267,127.085,1.0,192.96754399999998
1766067020.9703317,127.085,1.0,192.96754399999998
1766067021.6817653,127.102,1.0,192.96754399999998
1766067022.2656245,127.093,1.0,192.96754399999998
1766067022.842755,127.087,1.0,192.96754399999998
1766067023.41829,127.087,1.0,192.96754399999998
1766067023.9944017,127.087,1.0,192.96754399999998
1766067024.7291327,127.099,1.0,192.96754399999998
1766067025.3037264,127.1,1.0,192.96754399999998
1766067025.8793783,127.1,1.0,192.96754399999998
1766067026.6835058,127.108,1.0,192.976544
1766067027.3946462,127.111,1.0,192.976544
1766067028.1070054,127.111,1.0,192.976544
1766067028.8503835,127.129,1.0,192.976544
1766067029.5580773,127.119,1.0,192.976544
1766067030.2742596,127.086,1.0,192.976544
1766067030.9841886,127.086,1.0,192.976544
1766067031.5613704,127.058,1.0,192.976544
1766067032.138169,127.058,1.0,192.976544
1766067032.7150936,127.065,1.0,192.976544
1766067033.2906532,127.065,1.0,192.976544
1766067033.865617,127.062,1.0,192.976544
1766067034.4395323,127.062,1.0,192.976544
1766067035.013791,127.062,1.0,192.976544
1766067035.6014416,127.062,1.0,192.976544
1766067036.179937,127.062,1.0,192.976544
1766067036.829252,127.052,1.0,192.976544
1766067037.4055119,127.061,1.0,192.976544
1766067040.1914804,127.047,1.0,192.976544
1766067040.7697291,127.039,1.0,192.976544
1766067041.4799693,127.045,1.0,192.976544
1766067042.055954,127.045,1.0,192.976544
1766067042.7660904,127.032,1.0,192.976544
1766067043.3425794,127.032,1.0,192.976544
1766067044.0537164,127.036,1.0,192.976544
1766067044.6425142,127.036,1.0,192.976544
1766067045.2251804,127.056,1.0,192.976544
1766067045.934508,127.056,1.0,192.976544
1766067046.647673,127.101,1.0,192.976544
1766067047.3095021,127.088,1.0,192.958544
1766067047.8856027,127.088,1.0,192.958544
1766067048.6192122,127.078,1.0,192.958544
1766067051.4337769,127.065,1.0,192.958544
1766067052.1437926,127.056,1.0,192.958544
1766067052.7198207,127.056,1.0,192.958544
1766067053.3013716,127.056,1.0,192.958544
1766067053.8772242,127.056,1.0,192.958544
1766067054.4611337,127.07,1.0,192.958544
1766067055.0357976,127.02,1.0,192.958544
1766067055.6106548,127.02,1.0,192.958544
1766067056.1868439,127.028,1.0,192.958544
1766067056.7634642,127.038,1.0,192.958544
1766067059.5003953,126.896,1.0,192.92054399999998
1766067066.2247264,126.836,0.0,192.801544
1766067070.3235018,126.807,1.0,192.816544
1766067070.9897263,126.785,1.0,192.79754400000002
1766067071.5669572,126.787,1.0,192.79754400000002
1766067072.1426113,126.773,1.0,192.79754400000002
1766067072.7169366,126.773,1.0,192.79754400000002
1766067073.2993314,126.738,1.0,192.79754400000002
1766067073.8741426,126.738,1.0,192.79754400000002
1766067074.4481854,126.674,1.0,192.79754400000002
1766067081.8668482,126.589,0.0,192.685544
1766067082.5357182,126.589,0.0,192.685544
1766067083.1163282,126.546,0.0,192.685544
1766067083.6919305,126.516,0.0,192.685544
1766067084.2695973,126.537,0.0,192.685544
1766067084.8525674,126.51,0.0,192.685544
1766067085.5635843,126.534,0.0,192.685544
1766067086.1398654,126.39,0.0,192.685544
1766067086.7156954,126.39,0.0,192.685544
1766067087.2923608,126.39,0.0,192.685544
1766067087.8689477,126.39,0.0,192.685544
1766067088.4442296,126.39,0.0,192.685544
1766067089.0200932,126.39,0.0,192.685544
1766067089.596194,126.387,0.0,192.685544
1766067090.1734104,126.379,0.0,192.685544
1766067090.8846986,126.35,0.0,192.685544
1766067091.4604523,126.373,0.0,192.685544
1766067092.172774,126.375,0.0,192.685544
1766067092.8274243,126.316,0.0,192.685544
1766067093.4048834,126.336,0.0,192.685544
1766067093.980232,126.358,0.0,192.685544
1766067094.555758,126.318,0.0,192.685544
1766067095.1315348,126.32,0.0,192.685544
1766067095.7054281,126.306,0.0,192.685544
1766067096.4202843,126.291,0.0,192.685544
1766067097.0071795,126.293,0.0,192.685544
1766067097.582827,126.231,0.0,192.685544
1766067098.159259,126.243,0.0,192.685544
1766067098.7363234,126.243,0.0,192.685544
1766067099.4512944,126.225,0.0,192.685544
1766067100.031834,126.243,0.0,192.685544
1766067100.6068752,126.298,0.0,192.685544
1766067101.1821492,126.315,0.0,192.685544
1766067101.7610745,126.318,0.0,192.685544
1766067102.335783,126.314,0.0,192.685544
1766067103.138841,126.228,0.0,192.685544
1766067103.7145977,126.225,0.0,192.685544
1766067104.4234316,126.204,0.0,192.685544
1766067105.1372924,126.218,0.0,192.685544
1766067105.7142618,126.223,0.0,192.685544
1766067106.2945514,126.223,0.0,192.685544
1766067106.8720763,126.214,0.0,192.685544
1766067107.4504411,126.214,0.0,192.685544
1766067108.028889,126.169,0.0,192.685544
1766067108.6051571,126.169,0.0,192.685544
1766067109.179047,126.112,0.0,192.685544
1766067109.7558918,126.139,0.0,192.685544
1766067110.3346112,126.137,0.0,192.685544
1766067110.9099686,126.127,0.0,192.685544
1766067111.4852314,126.121,0.0,192.685544
1766067112.1959612,126.105,0.0,192.685544
1766067112.771349,126.064,0.0,192.685544
1766067113.4291775,126.069,0.0,192.685544
1766067114.0071642,126.082,0.0,192.685544
1766067114.7193022,126.185,0.0,192.685544
1766067115.2965877,126.164,0.0,192.685544
1766067115.879885,126.148,0.0,192.685544
1766067116.5897493,126.148,0.0,192.685544
1766067117.164202,126.117,0.0,192.685544
1766067117.8761334,126.115,0.0,192.685544
1766067118.458188,126.114,0.0,192.685544
1766067119.0341978,126.097,0.0,192.685544
1766067119.610824,126.097,0.0,192.685544
1766067120.1889012,126.097,0.0,192.685544
1766067120.7654238,126.133,0.0,192.685544
1766067121.3425393,126.121,0.0,192.685544
1766067121.9169967,126.122,0.0,192.685544
1766067122.6273682,126.072,0.0,192.685544
1766067123.3407595,126.082,0.0,192.685544
1766067124.0047498,126.084,0.0,192.685544
1766067124.5822153,126.084,0.0,192.685544
1766067125.1582491,126.054,0.0,192.685544
1766067127.8191123,125.763,0.0,192.685544
1766067128.3972719,125.745,0.0,192.685544
1766067129.1139066,125.854,0.0,192.685544
1766067129.689859,125.836,0.0,192.685544
1766067130.2656205,125.854,0.0,192.685544
1766067130.840967,125.758,0.0,192.685544
1766067131.4220717,125.724,0.0,192.685544
1766067131.998662,125.667,0.0,192.685544
1766067132.5735836,125.59,0.0,192.685544
1766067133.1513395,125.611,0.0,192.685544
1766067133.8626175,125.633,0.0,192.685544
1766067134.513942,125.64,0.0,192.685544
1766067135.0906959,125.616,0.0,192.685544
1766067135.6676319,125.615,0.0,192.685544
1766067138.3240857,125.584,0.0,192.685544
1766067138.9177165,125.68,0.0,192.685544
1766067139.4954445,125.66,0.0,192.685544
1766067140.070855,125.637,0.0,192.685544
1766067140.653423,125.646,0.0,192.685544
1766067141.2283745,125.675,0.0,192.685544
1766067141.804583,125.594,0.0,192.685544
1766067142.3896728,125.526,0.0,192.685544
1766067142.9676232,125.444,0.0,192.685544
1766067143.545299,125.497,0.0,192.685544
1766067144.122825,125.618,0.0,192.685544
1766067144.922514,125.59,0.0,192.685544
1766067145.499485,125.506,0.0,192.685544
1766067146.0813527,125.476,0.0,192.685544
1766067148.7361383,125.368,0.0,192.685544
1766067149.3109562,125.438,0.0,192.685544
1766067150.0224414,125.429,0.0,192.685544
1766067150.5979145,125.403,0.0,192.685544
1766067151.17355,125.338,0.0,192.685544
1766067151.7480838,125.314,0.0,192.685544
1766067152.324461,125.33,0.0,192.685544
1766067152.901471,125.331,0.0,192.685544
1766067153.4766366,125.259,0.0,192.685544
1766067154.0511904,125.249,0.0,192.685544
1766067154.7646167,125.233,0.0,192.685544
1766067155.4121037,125.064,0.0,192.685544
1766067155.9889991,125.173,0.0,192.685544
1766067156.564769,125.273,0.0,192.685544
1766067159.2148206,125.304,0.0,192.685544
1766067159.7913647,125.335,0.0,192.685544
1766067160.3773108,125.427,0.0,192.685544
1766067160.9606369,125.425,0.0,192.685544
1766067161.5687919,125.432,0.0,192.685544
1766067162.1516256,125.473,0.0,192.685544
1766067162.7275214,125.404,0.0,192.685544
1766067163.3039916,125.4,0.0,192.685544
1766067163.878335,125.425,0.0,192.685544
1766067164.453414,125.427,0.0,192.685544
1766067165.1658728,125.417,0.0,192.685544
1766067165.9554458,125.417,0.0,192.685544
1766067166.6675336,125.392,0.0,192.685544
1766067167.3825772,125.422,0.0,192.685544
1766067167.9649193,125.422,0.0,192.685544
1766067168.542649,125.44,0.0,192.685544
1766067171.1959882,125.609,0.0,192.685544
1766067171.7711506,125.634,0.0,192.685544
1766067172.3477488,125.634,0.0,192.685544
1766067172.922327,125.619,0.0,192.685544
1766067173.5003715,125.542,0.0,192.685544
1766067174.0770867,125.543,0.0,192.685544
1766067174.651739,125.543,0.0,192.685544
1766067175.228238,125.571,0.0,192.685544
1766067177.9610415,125.527,0.0,192.685544
1766067178.5397396,125.476,0.0,192.685544
1766067179.1170695,125.542,0.0,192.685544
1766067179.6939707,125.554,0.0,192.685544
1766067180.4045198,125.493,0.0,192.685544
1766067180.9837277,125.447,0.0,192.685544
1766067181.5599165,125.396,0.0,192.685544
1766067182.1357176,125.396,0.0,192.685544
1766067182.715168,125.419,0.0,192.685544
1766067183.2906475,125.424,0.0,192.685544
1766067183.868841,125.441,0.0,192.685544
1766067184.5791562,125.431,0.0,192.685544
1766067185.293284,125.459,0.0,192.685544
1766067185.8695273,125.501,0.0,192.685544
1766067186.6648064,125.521,0.0,192.685544
1766067189.3224182,125.688,0.0,192.685544
1766067189.9018974,125.706,0.0,192.685544
1766067190.4807885,125.723,0.0,192.685544
1766067191.0575843,125.767,0.0,192.685544
1766067191.634489,125.768,0.0,192.685544
1766067192.2125561,125.793,0.0,192.685544
1766067192.788189,125.792,0.0,192.685544
1766067193.5025501,125.792,0.0,192.685544
1766067194.0822215,125.764,0.0,192.685544
1766067194.6606462,125.754,0.0,192.685544
1766067195.3726683,125.678,0.0,192.685544
1766067195.9504662,125.683,0.0,192.685544
1766067196.6024182,125.698,0.0,192.685544
1766067197.1805553,125.683,0.0,192.685544
1766067199.839331,125.629,0.0,192.685544
1766067200.414702,125.641,0.0,192.685544
1766067201.1257887,125.656,0.0,192.685544
1766067201.709614,125.677,0.0,192.685544
1766067202.2911742,125.677,0.0,192.685544
1766067202.8675306,125.704,0.0,192.685544
1766067203.581845,125.709,0.0,192.685544
1766067204.2930005,125.741,0.0,192.685544
1766067204.8697574,125.741,0.0,192.685544
1766067205.4503715,125.71,0.0,192.685544
1766067206.0303802,125.73,0.0,192.685544
1766067206.8286848,125.696,0.0,192.685544
1766067207.5399199,125.702,0.0,192.685544
1766067210.1941874,125.698,0.0,192.685544
1766067210.7711089,125.699,0.0,192.685544
1766067211.347932,125.698,0.0,192.685544
1766067211.9247856,125.625,0.0,192.685544
1766067212.5186646,125.625,0.0,192.685544
1766067213.2291036,125.624,0.0,192.685544
1766067213.8048599,125.625,0.0,192.685544
1766067214.5146677,125.671,0.0,192.685544
1766067215.228603,125.686,0.0,192.685544
1766067215.80593,125.722,0.0,192.685544
1766067216.5158358,125.722,0.0,192.685544
1766067219.249587,125.663,0.0,192.685544
1766067219.8242207,125.584,0.0,192.685544
1766067220.401185,125.637,0.0,192.685544
1766067221.1095238,125.648,0.0,192.685544
1766067221.6855228,125.668,0.0,192.685544
1766067222.2596169,125.668,0.0,192.685544
1766067222.8365605,125.673,0.0,192.685544
1766067223.5434496,125.704,0.0,192.685544
1766067224.252556,125.714,0.0,192.685544
1766067224.83686,125.717,0.0,192.685544
1766067225.4122064,125.713,0.0,192.685544
1766067225.9878945,125.737,0.0,192.685544
1766067226.5637505,125.737,0.0,192.685544
1766067227.2521615,125.761,0.0,192.685544
1766067227.828743,125.783,0.0,192.685544
1766067230.4831083,125.833,0.0,192.685544
1766067231.0640802,125.807,0.0,192.685544
1766067231.6390424,125.807,0.0,192.685544
1766067232.21563,125.749,0.0,192.685544
1766067232.7906165,125.737,0.0,192.685544
1766067233.5044577,125.741,0.0,192.685544
1766067234.0824978,125.736,0.0,192.685544
1766067234.6688724,125.725,0.0,192.685544
1766067235.2463205,125.725,0.0,192.685544
1766067235.8494892,125.728,0.0,192.685544
1766067236.4241917,125.728,0.0,192.685544
1766067236.9998744,125.731,0.0,192.685544
1766067237.6518078,125.731,0.0,192.685544
1766067238.3622231,125.731,0.0,192.685544
1766067241.1467946,125.715,0.0,192.685544
1766067241.7253873,125.706,0.0,192.685544
1766067242.311216,125.706,0.0,192.685544
1766067243.0248754,125.717,0.0,192.685544
1766067243.6075158,125.717,0.0,192.685544
1766067244.1823955,125.739,0.0,192.685544
1766067244.7592645,125.73,0.0,192.685544
1766067245.348584,125.729,0.0,192.685544
1766067245.9244509,125.74,0.0,192.685544
1766067246.5020473,125.74,0.0,192.685544
1766067247.2141712,125.709,0.0,192.685544
1766067248.057575,125.709,0.0,192.685544
1766067250.9811158,125.531,0.0,192.685544
1766067251.557935,125.514,0.0,192.685544
1766067252.1458893,125.513,0.0,192.685544
1766067252.721029,125.575,0.0,192.685544
1766067253.2999613,125.609,0.0,192.685544
1766067253.883334,125.614,0.0,192.685544
1766067254.4572024,125.633,0.0,192.685544
1766067255.1721542,125.668,0.0,192.685544
1766067255.746565,125.68,0.0,192.685544
1766067256.32532,125.673,0.0,192.685544
1766067257.0202959,125.673,0.0,192.685544
1766067257.5974247,125.673,0.0,192.685544
1766067258.4000618,125.645,0.0,192.685544
1766067259.1104922,125.607,0.0,192.685544
1766067259.6855254,125.607,0.0,192.685544
1766067260.2700725,125.594,0.0,192.685544
1766067260.848306,125.595,0.0,192.685544
1766067261.5579195,125.595,0.0,192.685544
1766067264.3489592,125.608,0.0,192.685544
1766067264.9361758,125.59,0.0,192.685544
1766067265.5220068,125.529,0.0,192.685544
1766067266.0967972,125.53,0.0,192.685544
1766067266.8124895,125.549,0.0,192.685544
1766067267.390771,125.541,0.0,192.685544
1766067267.972156,125.549,0.0,192.685544
1766067268.92279,125.5,0.0,192.685544
1766067269.5000002,125.501,0.0,192.685544
1766067270.210693,125.509,0.0,192.685544
1766067270.7858999,125.509,0.0,192.685544
1766067271.499206,125.538,0.0,192.685544
1766067272.07556,125.506,0.0,192.685544
1766067274.7282603,125.5,0.0,192.685544
1766067275.3030145,125.5,0.0,192.685544
1766067276.0124712,125.5,0.0,192.685544
1766067276.5899243,125.5,0.0,192.685544
1766067277.3280454,125.5,0.0,192.685544
1766067277.9054332,125.484,0.0,192.685544
1766067278.480273,125.485,0.0,192.685544
1766067279.1437151,125.486,0.0,192.685544
1766067279.7221246,125.464,0.0,192.685544
1766067280.4326086,125.493,0.0,192.685544
1766067283.1261547,125.487,0.0,192.685544
1766067283.7049477,125.493,0.0,192.685544
1766067284.28679,125.489,0.0,192.685544
1766067284.863995,125.487,0.0,192.685544
1766067285.4477203,125.443,0.0,192.685544
1766067286.0273836,125.475,0.0,192.685544
1766067286.6053958,125.475,0.0,192.685544
1766067287.180107,125.48,0.0,192.685544
1766067287.7625694,125.48,0.0,192.685544
1766067288.341657,125.46,0.0,192.685544
1766067288.9196017,125.444,0.0,192.685544
1766067289.851177,125.44,0.0,192.685544
1766067290.4289277,125.432,0.0,192.685544
1766067291.011002,125.401,0.0,192.685544
1766067291.59457,125.375,0.0,192.685544
1766067294.2517447,125.365,0.0,192.685544
1766067294.827131,125.339,0.0,192.685544
1766067295.4039395,125.369,0.0,192.685544
1766067295.9809895,125.373,0.0,192.685544
1766067296.555383,125.366,0.0,192.685544
1766067297.1304343,125.333,0.0,192.685544
1766067297.7051134,125.314,0.0,192.685544
1766067298.2815924,125.304,0.0,192.685544
1766067298.8576698,125.31,0.0,192.685544
1766067299.4338171,125.365,0.0,192.685544
1766067300.3579364,125.363,0.0,192.685544
1766067300.9344728,125.38,0.0,192.685544
1766067301.5215816,125.38,0.0,192.685544
1766067302.3882642,125.417,0.0,192.685544
1766067302.9648602,125.321,0.0,192.685544
1766067303.5456161,125.343,0.0,192.685544
1766067306.202662,125.485,0.0,192.685544
1766067306.7899044,125.487,0.0,192.685544
1766067307.372907,125.514,0.0,192.685544
1766067307.94934,125.592,0.0,192.685544
1766067308.5274181,125.634,0.0,192.685544
1766067309.1036012,125.633,0.0,192.685544
1766067309.6878133,125.661,0.0,192.685544
1766067310.4821284,125.65,0.0,192.685544
1766067311.1960473,125.68,0.0,192.685544
1766067313.8575566,125.642,0.0,192.685544
1766067314.4324114,125.673,0.0,192.685544
1766067315.0084615,125.673,0.0,192.685544
1766067315.5876691,125.687,0.0,192.685544
1766067316.1726418,125.687,0.0,192.685544
1766067316.753967,125.675,0.0,192.685544
1766067317.3352816,125.661,0.0,192.685544
1766067317.9128718,125.654,0.0,192.685544
1766067318.4882853,125.652,0.0,192.685544
1766067319.0639174,125.637,0.0,192.685544
1766067319.641112,125.635,0.0,192.685544
1766067320.216985,125.617,0.0,192.685544
1766067320.8712082,125.625,0.0,192.685544
1766067323.524363,125.651,0.0,192.685544
1766067324.09819,125.641,0.0,192.685544
1766067324.6755712,125.634,0.0,192.685544
1766067325.3878493,125.658,0.0,192.685544
1766067325.963324,125.658,0.0,192.685544
1766067326.5660467,125.678,0.0,192.685544
1766067327.1436503,125.638,0.0,192.685544
1766067327.862926,125.632,0.0,192.685544
1766067328.4377966,125.626,0.0,192.685544
1766067329.0162432,125.627,0.0,192.685544
1766067329.6064982,125.649,0.0,192.685544
1766067330.1836765,125.647,0.0,192.685544
1766067330.764755,125.682,0.0,192.685544
1766067331.5654056,125.687,0.0,192.685544
1766067332.2922869,125.681,0.0,192.685544
1766067333.0060573,125.705,0.0,192.685544
1766067333.581271,125.715,0.0,192.685544
1766067336.244648,125.796,0.0,192.685544
1766067336.9549296,125.796,0.0,192.685544
1766067337.6683023,125.797,0.0,192.685544
1766067338.2464411,125.787,0.0,192.685544
1766067338.8274179,125.666,0.0,192.685544
1766067339.4032543,125.694,0.0,192.685544
1766067339.9814816,125.73,0.0,192.685544
1766067340.6999779,125.694,0.0,192.685544
1766067341.276549,125.718,0.0,192.685544
1766067342.071647,125.715,0.0,192.685544
1766067342.6577122,125.738,0.0,192.685544
1766067345.31188,125.729,0.0,192.685544
1766067345.8863194,125.722,0.0,192.685544
1766067346.4636042,125.722,0.0,192.685544
1766067347.0425642,125.738,0.0,192.685544
1766067347.800593,125.738,0.0,192.685544
1766067348.5114105,125.738,0.0,192.685544
1766067349.089004,125.738,0.0,192.685544
1766067349.6667306,125.743,0.0,192.685544
1766067350.3124237,125.767,0.0,192.685544
1766067351.0630424,125.794,0.0,192.685544
1766067351.7748077,125.782,0.0,192.685544
1766067352.4362535,125.775,0.0,192.685544
1766067355.0929856,125.749,0.0,192.685544
1766067355.6689036,125.742,0.0,192.685544
1766067356.378044,125.746,0.0,192.685544
1766067356.9570968,125.746,0.0,192.685544
1766067357.535367,125.744,0.0,192.685544
1766067358.2560139,125.755,0.0,192.685544
1766067358.8315494,125.765,0.0,192.685544
1766067359.4077728,125.765,0.0,192.685544
1766067359.9831886,125.765,0.0,192.685544
1766067360.5586944,125.765,0.0,192.685544
1766067361.1391928,125.776,0.0,192.685544
1766067361.7204819,125.787,0.0,192.685544
1766067362.5544126,125.769,0.0,192.685544
1766067363.270075,125.755,0.0,192.685544
1766067363.84817,125.895,0.0,192.685544
1766067364.426076,125.941,0.0,192.685544
1766067367.229718,125.997,0.0,192.685544
1766067367.9804127,125.997,0.0,192.685544
1766067368.5550466,125.997,0.0,192.685544
1766067369.270568,125.997,0.0,192.685544
1766067369.846931,125.992,0.0,192.685544
1766067370.4243157,125.992,0.0,192.685544
1766067371.1391838,125.968,0.0,192.685544
1766067371.7138486,125.958,0.0,192.685544
1766067372.3751202,125.951,0.0,192.685544
1766067372.9519424,125.968,0.0,192.685544
1766067373.5316074,125.956,0.0,192.685544
1766067374.1123185,125.948,0.0,192.685544
1766067374.825263,125.976,0.0,192.685544
1766067377.5254366,125.998,0.0,192.685544
1766067378.238681,125.97,0.0,192.685544
1766067378.815785,125.97,0.0,192.685544
1766067379.5306473,126.02,0.0,192.685544
1766067380.1064363,125.995,0.0,192.685544
1766067380.6847656,125.996,0.0,192.685544
1766067382.684244,126.043,0.0,192.685544
1766067383.5094464,126.043,0.0,192.685544
1766067384.0884378,126.035,0.0,192.685544
1766067384.6817517,126.021,0.0,192.685544
1766067385.264101,126.083,0.0,192.685544
1766067385.8655672,126.055,0.0,192.685544
1766067386.443589,126.039,0.0,192.685544
1766067387.0224857,126.039,0.0,192.685544
1766067387.733172,126.04,0.0,192.685544
1766067388.460263,126.036,0.0,192.685544
1766067389.0401819,126.05,0.0,192.685544
1766067389.6261902,126.064,0.0,192.685544
1766067390.2430966,126.052,0.0,192.685544
1766067391.0987148,126.049,0.0,192.685544
1766067391.7014384,126.049,0.0,192.685544
1766067392.3085773,126.049,0.0,192.685544
1766067392.9359152,126.055,0.0,192.685544
1766067393.6439202,126.055,0.0,192.685544
1766067394.310846,126.055,0.0,192.685544
1766067397.0892437,126.155,0.0,192.685544
1766067397.7255194,126.109,0.0,192.685544
1766067398.350871,126.109,0.0,192.685544
1766067398.963708,126.098,0.0,192.685544
1766067399.5778759,126.098,0.0,192.685544
1766067400.1928315,126.098,0.0,192.685544
1766067400.7882369,126.084,0.0,192.685544
1766067401.382884,126.106,0.0,192.685544
1766067401.960182,126.111,0.0,192.685544
1766067402.687694,126.132,0.0,192.685544
1766067403.2801607,126.135,0.0,192.685544
1766067404.0743828,126.138,0.0,192.685544
1766067406.7634506,126.156,0.0,192.685544
1766067407.4036076,126.162,0.0,192.685544
1766067408.0796342,126.153,0.0,192.685544
1766067408.65778,126.179,0.0,192.685544
1766067409.2339907,126.178,0.0,192.685544
1766067409.9495313,126.179,0.0,192.685544
1766067410.5356529,126.188,0.0,192.685544
1766067411.1332297,126.188,0.0,192.685544
1766067411.7337954,126.188,0.0,192.685544
1766067412.3183208,126.196,0.0,192.685544
1766067412.8967483,126.189,0.0,192.685544
1766067413.4753408,126.199,0.0,192.685544
1766067414.1307256,126.199,0.0,192.685544
1766067414.844661,126.18,0.0,192.685544
1766067415.4396217,126.154,0.0,192.685544
1766067416.1510668,126.164,0.0,192.685544
1766067416.7866964,126.171,0.0,192.685544
1766067419.576983,126.15,0.0,192.685544
1766067420.1555998,126.153,0.0,192.685544
1766067424.6447954,126.165,1.0,192.680544
1766067425.3058324,126.155,1.0,192.680544
1766067425.884251,126.198,1.0,192.680544
1766067426.4594111,126.213,1.0,192.680544
1766067427.1734464,126.193,1.0,192.680544
1766067427.7485945,126.193,1.0,192.680544
1766067428.3271804,126.123,1.0,192.680544
1766067428.907596,126.083,1.0,192.680544
1766067429.4858627,126.073,1.0,192.680544
1766067435.994562,126.122,0.0,192.620544
1766067436.658208,126.105,0.0,192.620544
1766067437.2360544,126.105,0.0,192.620544
1766067437.8146904,126.069,0.0,192.620544
1766067438.3901134,126.069,0.0,192.620544
1766067438.9760942,126.122,0.0,192.620544
1766067439.5557303,126.069,0.0,192.620544
1766067440.1396065,126.088,0.0,192.620544
1766067440.7184303,126.086,0.0,192.620544
1766067441.2976727,126.133,0.0,192.620544
1766067441.8766649,126.14,0.0,192.620544
1766067442.4518924,126.14,0.0,192.620544
1766067443.0272748,126.14,0.0,192.620544
1766067443.6021547,126.157,0.0,192.620544
1766067444.1788754,126.167,0.0,192.620544
1766067444.755609,126.167,0.0,192.620544
1766067445.3313959,126.167,0.0,192.620544
1766067445.906529,126.175,0.0,192.620544
1766067446.483067,126.171,0.0,192.620544
1766067447.284908,126.156,0.0,192.620544
1766067447.8668277,126.156,0.0,192.620544
1766067448.4454765,126.156,0.0,192.620544
1766067449.0256822,126.122,0.0,192.620544
1766067449.7387931,126.127,0.0,192.620544
1766067450.3170497,126.134,0.0,192.620544
1766067450.8970387,126.143,0.0,192.620544
1766067451.6077724,126.143,0.0,192.620544
1766067452.3215175,126.114,0.0,192.620544
1766067452.9038665,126.114,0.0,192.620544
1766067453.6135483,126.149,0.0,192.620544
1766067454.1927412,126.149,0.0,192.620544
1766067454.9025111,126.128,0.0,192.620544
1766067455.4795222,126.151,0.0,192.620544
1766067456.058259,126.172,0.0,192.620544
1766067456.7704551,126.16,0.0,192.620544
1766067457.427993,126.136,0.0,192.620544
1766067458.1444206,126.134,0.0,192.620544
1766067458.8628936,126.137,0.0,192.620544
1766067459.4468644,126.137,0.0,192.620544
1766067460.1618128,126.137,0.0,192.620544
1766067460.749009,126.186,0.0,192.620544
1766067461.4627182,126.168,0.0,192.620544
1766067462.0386891,126.17,0.0,192.620544
1766067462.6204698,126.17,0.0,192.620544
1766067465.4129372,126.168,0.0,192.620544
1766067465.9905865,126.168,0.0,192.620544
1766067466.5769668,126.168,0.0,192.620544
1766067467.1518714,126.169,0.0,192.620544
1766067467.814433,126.17,0.0,192.620544
1766067468.3930054,126.158,0.0,192.620544
1766067468.9830546,126.148,0.0,192.620544
1766067469.559858,126.148,0.0,192.620544
1766067470.1418715,126.151,0.0,192.620544
1766067472.9327548,126.17,0.0,192.620544
1766067473.508992,126.162,0.0,192.620544
1766067474.092001,126.17,0.0,192.620544
1766067474.8013566,126.169,0.0,192.620544
1766067475.3949714,126.17,0.0,192.620544
1766067475.9712791,126.17,0.0,192.620544
1766067476.550975,126.17,0.0,192.620544
1766067477.1288562,126.17,0.0,192.620544
1766067477.8431547,126.17,0.0,192.620544
1766067478.5159636,126.163,0.0,192.620544
1766067479.0996902,126.162,0.0,192.620544
1766067481.7547834,126.164,0.0,192.620544
1766067486.2293203,126.169,1.0,192.617544
1766067486.8071413,126.17,1.0,192.617544
1766067487.3829322,126.166,1.0,192.617544
1766067487.9676573,126.13,1.0,192.617544
1766067488.6659155,126.132,1.0,192.637544
1766067489.2415195,126.17,1.0,192.637544
1766067489.8205688,126.169,1.0,192.637544
1766067490.4107099,126.17,1.0,192.637544
1766067490.9876728,126.17,1.0,192.637544
1766067491.5676727,126.17,1.0,192.637544
1766067492.14152,126.17,1.0,192.637544
1766067492.7273443,126.17,1.0,192.637544
1766067493.4390194,126.17,1.0,192.637544
1766067494.0174553,126.17,1.0,192.637544
1766067494.594439,126.17,1.0,192.637544
1766067495.1738703,126.17,1.0,192.637544
1766067495.8840122,126.17,1.0,192.637544
1766067496.519784,126.17,1.0,192.637544
1766067497.0967004,126.17,1.0,192.637544
1766067497.8114135,126.17,1.0,192.637544
1766067498.393191,126.192,1.0,192.637544
1766067499.1715689,126.267,1.0,192.696544
1766067499.887755,126.289,1.0,192.696544
1766067500.4650223,126.291,1.0,192.696544
1766067501.1820645,126.357,1.0,192.696544
1766067501.7675717,126.376,1.0,192.696544
1766067502.342078,126.397,1.0,192.696544
1766067505.0110521,126.465,1.0,192.696544
1766067505.7254288,126.564,1.0,192.696544
1766067506.301037,126.553,1.0,192.696544
1766067506.8778834,126.535,1.0,192.696544
1766067507.4528198,126.536,1.0,192.696544
1766067508.033743,126.514,1.0,192.696544
1766067508.6096368,126.476,1.0,192.696544
1766067509.2734826,126.461,1.0,192.995544
1766067509.850902,126.423,1.0,192.995544
1766067512.5028858,126.391,1.0,192.995544
1766067513.0815399,126.391,1.0,192.995544
1766067513.6692286,126.391,1.0,192.995544
1766067514.2462223,126.345,1.0,192.995544
1766067514.9565096,126.349,1.0,192.995544
1766067515.5424771,126.349,1.0,192.995544
1766067516.157682,126.347,1.0,192.995544
1766067516.7341235,126.366,1.0,192.995544
1766067517.3122258,126.368,1.0,192.995544
1766067517.9045148,126.367,1.0,192.995544
1766067518.48123,126.333,1.0,192.995544
1766067519.0650342,126.354,1.0,192.995544
1766067519.715313,126.354,1.0,192.995544
1766067522.5246978,126.354,1.0,192.995544
1766067523.1049275,126.343,1.0,192.995544
1766067523.6847165,126.341,1.0,192.995544
1766067524.2620354,126.317,1.0,192.995544
1766067524.846463,126.317,1.0,192.995544
1766067525.5820808,126.317,1.0,192.995544
1766067526.1574855,126.339,1.0,192.995544
1766067526.7587383,126.354,1.0,192.995544
1766067527.3842895,126.357,1.0,192.995544
1766067527.9595258,126.352,1.0,192.995544
1766067528.8771822,126.342,1.0,192.995544
1766067529.5066156,126.312,1.0,192.995544
1766067530.3032472,126.296,1.0,192.803544
1766067531.014273,126.298,1.0,192.803544
1766067531.724996,126.309,1.0,192.803544
1766067534.3820133,126.307,1.0,192.803544
1766067534.957035,126.307,1.0,192.803544
1766067535.5417705,126.268,1.0,192.803544
1766067536.119927,126.221,1.0,192.803544
1766067536.696154,126.221,1.0,192.803544
1766067537.295876,126.222,1.0,192.803544
1766067537.876029,126.218,1.0,192.803544
1766067538.5924625,126.214,1.0,192.803544
1766067539.1696477,126.214,1.0,192.803544
1766067539.7557366,126.213,1.0,192.803544
1766067542.5154712,126.23,1.0,192.694544
1766067543.0950594,126.242,1.0,192.694544
1766067543.6714303,126.282,1.0,192.694544
1766067544.2492318,126.272,1.0,192.694544
1766067544.8266656,126.272,1.0,192.694544
1766067545.4036465,126.295,1.0,192.694544
1766067545.9810302,126.295,1.0,192.694544
1766067546.5630336,126.311,1.0,192.694544
1766067547.1426048,126.334,1.0,192.694544
1766067547.7258177,126.366,1.0,192.694544
1766067548.3077953,126.378,1.0,192.694544
1766067548.8980362,126.372,1.0,192.694544
1766067551.549462,126.358,1.0,192.694544
1766067552.3507805,126.358,1.0,192.824544
1766067552.9287925,126.35,1.0,192.824544
1766067553.5091312,126.359,1.0,192.824544
1766067554.0916715,126.359,1.0,192.824544
1766067554.6691196,126.368,1.0,192.824544
1766067555.2708786,126.383,1.0,192.824544
1766067555.8518298,126.383,1.0,192.824544
1766067556.4276738,126.383,1.0,192.824544
1766067559.1170416,126.382,1.0,192.824544
1766067559.7421756,126.398,1.0,192.824544
1766067560.4527495,126.371,1.0,192.824544
1766067561.031212,126.371,1.0,192.824544
1766067561.61042,126.385,1.0,192.824544
1766067562.2697792,126.402,1.0,192.842544
1766067562.848295,126.413,1.0,192.842544
1766067563.424728,126.408,1.0,192.842544
1766067564.000064,126.427,1.0,192.842544
1766067566.671542,126.431,1.0,192.842544
1766067567.249579,126.431,1.0,192.842544
1766067567.8337245,126.431,1.0,192.842544
1766067568.4099746,126.431,1.0,192.842544
1766067569.1214502,126.416,1.0,192.842544
1766067569.6975534,126.372,1.0,192.842544
1766067570.407607,126.345,1.0,192.842544
1766067570.9861336,126.378,1.0,192.842544
1766067571.697699,126.377,1.0,192.842544
1766067572.273721,126.362,1.0,192.842544
1766067573.0734522,126.362,1.0,192.837544
1766067573.650814,126.343,1.0,192.837544
1766067576.3047345,126.365,1.0,192.837544
1766067576.8806229,126.364,1.0,192.837544
1766067577.4559705,126.353,1.0,192.837544
1766067578.0330877,126.344,1.0,192.837544
1766067578.6088815,126.354,1.0,192.837544
1766067579.1846757,126.369,1.0,192.837544
1766067579.7596884,126.362,1.0,192.837544
1766067580.4733427,126.314,1.0,192.837544
1766067581.0494401,126.313,1.0,192.837544
1766067581.6265447,126.299,1.0,192.837544
1766067582.2043035,126.299,1.0,192.837544
1766067582.7790105,126.299,1.0,192.837544
1766067583.4326873,126.298,1.0,192.837544
1766067584.1424584,126.305,1.0,192.837544
1766067586.9312348,126.409,1.0,192.837544
1766067587.508543,126.395,1.0,192.837544
1766067588.095971,126.395,1.0,192.837544
1766067588.6718938,126.374,1.0,192.837544
1766067589.3846748,126.393,1.0,192.837544
1766067589.961889,126.414,1.0,192.837544
1766067590.5383778,126.439,1.0,192.837544
1766067591.1144223,126.429,1.0,192.837544
1766067591.6887624,126.429,1.0,192.837544
1766067592.2644968,126.429,1.0,192.837544
1766067592.9736617,126.429,1.0,192.837544
1766067593.759577,126.429,1.0,192.837544
1766067594.3364172,126.428,1.0,192.837544
1766067595.0478146,126.428,1.0,192.837544
1766067595.632462,126.428,1.0,192.837544
1766067596.209749,126.428,1.0,192.837544
1766067596.9202137,126.445,1.0,192.837544
1766067599.5748022,126.424,1.0,192.837544
1766067600.1520588,126.423,1.0,192.837544
1766067600.7372425,126.423,1.0,192.837544
1766067601.3127205,126.424,1.0,192.837544
1766067602.025592,126.424,1.0,192.837544
1766067602.6022363,126.424,1.0,192.837544
1766067603.1809657,126.409,1.0,192.837544
1766067603.8433876,126.409,1.0,192.882544
1766067604.4194407,126.377,1.0,192.882544
1766067605.130451,126.376,1.0,192.882544
1766067607.7834623,126.442,1.0,192.882544
1766067608.5028994,126.442,1.0,192.882544
1766067609.0822659,126.478,1.0,192.882544
1766067609.6580644,126.478,1.0,192.882544
1766067610.2355785,126.524,1.0,192.882544
1766067610.8104527,126.569,1.0,192.882544
1766067611.3836513,126.581,1.0,192.882544
1766067612.0934358,126.644,1.0,192.882544
1766067612.6686418,126.644,1.0,192.882544
1766067613.254587,126.618,1.0,192.882544
1766067616.1377203,126.698,1.0,193.102544
1766067616.714975,126.682,1.0,193.102544
1766067617.291195,126.669,1.0,193.102544
1766067617.867219,126.661,1.0,193.102544
1766067618.4588811,126.648,1.0,193.102544
1766067619.0361376,126.642,1.0,193.102544
1766067619.612783,126.642,1.0,193.102544
1766067620.329058,126.642,1.0,193.102544
1766067620.9054265,126.646,1.0,193.102544
1766067621.4840217,126.647,1.0,193.102544
1766067622.0595188,126.66,1.0,193.102544
1766067622.6370673,126.671,1.0,193.102544
1766067623.2115464,126.677,1.0,193.102544
1766067626.0004275,126.647,1.0,193.102544
1766067626.676173,126.65,1.0,193.132544
1766067627.2639132,126.649,1.0,193.132544
1766067627.8407145,126.675,1.0,193.132544
1766067628.4186506,126.636,1.0,193.132544
1766067628.9944942,126.639,1.0,193.132544
1766067629.5701134,126.637,1.0,193.132544
1766067630.1478875,126.637,1.0,193.132544
1766067630.7237725,126.633,1.0,193.132544
1766067633.378699,126.683,1.0,193.132544
1766067633.9551413,126.683,1.0,193.132544
1766067634.5305853,126.666,1.0,193.132544
1766067635.1112027,126.667,1.0,193.132544
1766067635.6894052,126.667,1.0,193.132544
1766067636.2702966,126.667,1.0,193.132544
1766067637.064219,126.681,1.0,193.133544
1766067637.639468,126.681,1.0,193.133544
1766067638.216322,126.691,1.0,193.133544
1766067640.879905,126.69,1.0,193.133544
1766067641.4554377,126.691,1.0,193.133544
1766067642.1744664,126.691,1.0,193.133544
1766067642.7511158,126.681,1.0,193.133544
1766067643.3325934,126.681,1.0,193.133544
1766067643.9083304,126.669,1.0,193.133544
1766067644.4874296,126.669,1.0,193.133544
1766067645.0638568,126.653,1.0,193.133544
1766067645.6492727,126.654,1.0,193.133544
1766067646.2251427,126.658,1.0,193.133544
1766067646.8010309,126.652,1.0,193.133544
1766067647.5166113,126.669,1.0,193.133544
1766067648.0938833,126.669,1.0,193.133544
1766067648.824988,126.691,1.0,193.133544
1766067649.5351622,126.691,1.0,193.133544
1766067650.2511704,126.691,1.0,193.133544
1766067650.8302631,126.691,1.0,193.133544
1766067653.6179533,126.605,1.0,193.133544
1766067654.2007394,126.602,1.0,193.133544
1766067654.7865415,126.578,1.0,193.133544
1766067655.4964325,126.52,1.0,193.133544
1766067656.0745966,126.562,1.0,193.133544
1766067656.650728,126.536,1.0,193.133544
1766067657.2267673,126.536,1.0,193.133544
1766067658.1569128,126.514,1.0,193.019544
1766067658.7316415,126.538,1.0,193.019544
1766067659.3088007,126.538,1.0,193.019544
1766067659.886296,126.531,1.0,193.019544
1766067662.5394409,126.422,1.0,193.019544
1766067663.1169987,126.458,1.0,193.019544
1766067663.6954083,126.425,1.0,193.019544
1766067664.2711978,126.42,1.0,193.019544
1766067664.9838336,126.389,1.0,193.019544
1766067665.56022,126.38,1.0,193.019544
1766067666.1368992,126.374,1.0,193.019544
1766067666.7120674,126.353,1.0,193.019544
1766067667.2890782,126.319,1.0,193.019544
1766067670.0252912,126.306,1.0,192.810544
1766067670.6004286,126.301,1.0,192.810544
1766067671.177018,126.301,1.0,192.810544
1766067671.75296,126.334,1.0,192.810544
1766067672.3327315,126.375,1.0,192.810544
1766067672.9094465,126.326,1.0,192.810544
1766067673.4845376,126.325,1.0,192.810544
1766067674.0609086,126.345,1.0,192.810544
1766067674.6356993,126.34,1.0,192.810544
1766067675.3505688,126.34,1.0,192.810544
1766067675.926484,126.294,1.0,192.810544
1766067676.5029423,126.301,1.0,192.810544
1766067677.0789878,126.301,1.0,192.810544
1766067679.8643267,126.296,1.0,192.810544
1766067680.5221741,126.293,1.0,192.738544
1766067681.098333,126.27,1.0,192.738544
1766067683.12645,126.256,1.0,192.738544
1766067683.701579,126.271,1.0,192.738544
1766067684.413996,126.275,1.0,192.738544
1766067684.9886587,126.272,1.0,192.738544
1766067685.5698187,126.275,1.0,192.738544
1766067686.1459484,126.251,1.0,192.738544
1766067686.7227175,126.251,1.0,192.738544
1766067687.3005967,126.294,1.0,192.738544
1766067687.877606,126.294,1.0,192.738544
1766067688.4531503,126.294,1.0,192.738544
1766067689.0360599,126.284,1.0,192.738544
1766067689.613768,126.317,1.0,192.738544
1766067690.1895463,126.316,1.0,192.738544
1766067690.842833,126.316,1.0,192.738544
1766067691.4220204,126.284,1.0,192.738544
1766067694.075644,126.317,1.0,192.738544
1766067694.6508882,126.317,1.0,192.738544
1766067695.2286518,126.317,1.0,192.738544
1766067695.8037875,126.316,1.0,192.738544
1766067696.3802927,126.316,1.0,192.738544
1766067696.961532,126.316,1.0,192.738544
1766067697.5374005,126.311,1.0,192.738544
1766067698.1120439,126.311,1.0,192.738544
1766067698.687823,126.311,1.0,192.738544
1766067699.3998027,126.291,1.0,192.738544
1766067700.1123996,126.297,1.0,192.738544
1766067700.8259847,126.226,1.0,192.738544
1766067701.4773736,126.241,1.0,192.738544
1766067702.0552373,126.241,1.0,192.738544
1766067702.6320145,126.268,1.0,192.738544
1766067705.303003,126.254,1.0,192.738544
1766067705.879381,126.214,1.0,192.738544
1766067706.4574409,126.214,1.0,192.738544
1766067707.169657,126.212,1.0,192.738544
1766067707.7592103,126.229,1.0,192.738544
1766067708.336092,126.228,1.0,192.738544
1766067708.9109008,126.228,1.0,192.738544
1766067709.4889333,126.228,1.0,192.738544
1766067710.20129,126.223,1.0,192.738544
1766067710.7791915,126.209,1.0,192.738544
1766067713.6512375,126.167,1.0,192.706544
1766067714.2266142,126.147,1.0,192.706544
1766067714.9488764,126.12,1.0,192.706544
1766067715.6593928,126.163,1.0,192.706544
1766067716.235807,126.163,1.0,192.706544
1766067716.8118246,126.161,1.0,192.706544
1766067717.3886287,126.128,1.0,192.706544
1766067717.9656098,126.128,1.0,192.706544
1766067718.675933,126.157,1.0,192.706544
1766067719.252743,126.157,1.0,192.706544
1766067719.8290246,126.162,1.0,192.706544
1766067720.537488,126.153,1.0,192.706544
1766067721.113503,126.123,1.0,192.706544
1766067722.0440166,126.158,1.0,192.706544
1766067722.764516,126.183,1.0,192.706544
1766067723.342405,126.181,1.0,192.706544
1766067723.919707,126.192,1.0,192.706544
1766067724.4953861,126.186,1.0,192.706544
1766067727.146419,126.267,1.0,192.706544
1766067727.7211564,126.27,1.0,192.706544
1766067728.2978508,126.236,1.0,192.706544
1766067728.8736985,126.215,1.0,192.706544
1766067729.4511404,126.181,1.0,192.706544
1766067730.0272064,126.181,1.0,192.706544
1766067730.6024733,126.181,1.0,192.706544
1766067731.1774771,126.171,1.0,192.706544
1766067731.9746635,126.177,1.0,192.656544
1766067734.632365,126.172,1.0,192.656544
1766067735.2088492,126.167,1.0,192.656544
1766067735.7857437,126.169,1.0,192.656544
1766067736.3630104,126.169,1.0,192.656544
1766067736.9433167,126.169,1.0,192.656544
1766067737.6741202,126.169,1.0,192.656544
1766067738.251125,126.184,1.0,192.656544
1766067738.83569,126.177,1.0,192.656544
1766067739.411176,126.177,1.0,192.656544
1766067739.9863884,126.177,1.0,192.656544
1766067740.6953926,126.171,1.0,192.656544
1766067741.272023,126.171,1.0,192.656544
1766067742.0606499,126.181,1.0,192.656544
1766067742.7730803,126.182,1.0,192.656544
1766067743.351083,126.204,1.0,192.656544
1766067743.9283178,126.204,1.0,192.656544
1766067746.7258995,126.147,1.0,192.656544
1766067747.304308,126.132,1.0,192.656544
1766067748.0159976,126.132,1.0,192.656544
1766067748.729516,126.123,1.0,192.656544
1766067749.3060007,126.123,1.0,192.656544
1766067749.8850186,126.123,1.0,192.656544
1766067750.4615102,126.123,1.0,192.656544
1766067751.171522,126.123,1.0,192.656544
1766067751.7456872,126.123,1.0,192.656544
1766067752.5520074,126.123,1.0,192.604544
1766067753.2646525,126.136,1.0,192.604544
1766067753.9767797,126.122,1.0,192.604544
1766067754.688415,126.115,1.0,192.604544
1766067755.2734532,126.116,1.0,192.604544
1766067755.8503847,126.115,1.0,192.604544
1766067758.5165672,126.064,1.0,192.604544
1766067759.0931764,126.066,1.0,192.604544
1766067759.823475,126.056,1.0,192.604544
1766067760.4044924,126.056,1.0,192.604544
1766067760.980784,126.044,1.0,192.604544
1766067761.6958704,126.044,1.0,192.604544
1766067762.2703242,126.043,1.0,192.604544
1766067763.0742776,126.043,1.0,192.520544
1766067763.6509466,126.044,1.0,192.520544
1766067764.2273567,126.067,1.0,192.520544
1766067766.8789806,126.073,1.0,192.520544
1766067767.465712,126.073,1.0,192.520544
1766067768.0402186,126.073,1.0,192.520544
1766067768.6264443,126.073,1.0,192.520544
1766067769.2018392,126.0,1.0,192.520544
1766067775.8037755,126.03,0.0,192.499544
1766067776.4639294,126.036,0.0,192.499544
1766067777.0410707,126.062,0.0,192.499544
1766067777.7504044,126.062,0.0,192.499544
1766067778.3243191,126.062,0.0,192.499544
1766067779.0405252,126.081,0.0,192.499544
1766067779.6155012,126.081,0.0,192.499544
1766067780.1924417,126.081,0.0,192.499544
1766067780.9013965,126.059,0.0,192.499544
1766067781.6169915,126.06,0.0,192.499544
1766067782.1907248,126.079,0.0,192.499544
1766067782.7668285,126.09,0.0,192.499544
1766067783.4769664,126.089,0.0,192.499544
1766067784.0559008,126.112,0.0,192.499544
1766067784.6300545,126.113,0.0,192.499544
1766067785.3429666,126.114,0.0,192.499544
1766067786.0552733,126.143,0.0,192.499544
1766067786.717806,126.143,0.0,192.499544
1766067787.3039563,126.143,0.0,192.499544
1766067787.882164,126.153,0.0,192.499544
1766067788.594038,126.153,0.0,192.499544
1766067789.1735528,126.153,0.0,192.499544
1766067789.8827267,126.153,0.0,192.499544
1766067790.5989788,126.152,0.0,192.499544
1766067791.1751046,126.108,0.0,192.499544
1766067791.7504082,126.096,0.0,192.499544
1766067792.326977,126.096,0.0,192.499544
1766067792.9042528,126.088,0.0,192.499544
1766067793.479327,126.088,0.0,192.499544
1766067794.0547578,126.088,0.0,192.499544
1766067794.7670155,126.095,0.0,192.499544
1766067795.3421462,126.09,0.0,192.499544
1766067795.917018,126.09,0.0,192.499544
1766067796.4908752,126.098,0.0,192.499544
1766067797.1457715,126.098,0.0,192.499544
1766067799.8131084,126.076,0.0,192.499544
1766067800.3904908,126.076,0.0,192.499544
1766067800.9651256,126.072,0.0,192.499544
1766067801.6755567,126.072,0.0,192.499544
1766067802.250981,126.074,0.0,192.499544
1766067802.829225,126.074,0.0,192.499544
1766067803.4062917,126.074,0.0,192.499544
1766067804.026581,126.074,0.0,192.499544
1766067804.7589555,126.059,0.0,192.499544
1766067805.333719,126.051,0.0,192.499544
1766067805.9325027,126.051,0.0,192.499544
1766067806.6415951,126.051,0.0,192.499544
1766067807.4285927,126.051,0.0,192.499544
1766067808.0067172,126.051,0.0,192.499544
1766067808.5848017,126.053,0.0,192.499544
1766067809.1605089,126.043,0.0,192.499544
1766067809.8706348,126.054,0.0,192.499544
1766067812.6659274,126.076,0.0,192.499544
1766067813.242093,126.076,0.0,192.499544
1766067813.8171115,126.076,0.0,192.499544
1766067814.392632,126.076,0.0,192.499544
1766067814.9706848,126.079,0.0,192.499544
1766067815.5469656,126.079,0.0,192.499544
1766067816.1263545,126.074,0.0,192.499544
1766067816.7027755,126.074,0.0,192.499544
1766067817.3599825,126.079,0.0,192.499544
1766067820.0165167,126.066,0.0,192.499544
1766067820.5928276,126.066,0.0,192.499544
1766067821.169219,126.066,0.0,192.499544
1766067821.8853436,126.077,0.0,192.499544
1766067822.462466,126.08,0.0,192.499544
1766067823.0397902,126.08,0.0,192.499544
1766067823.6158698,126.08,0.0,192.499544
1766067824.1906228,126.08,0.0,192.499544
1766067824.7684553,126.109,0.0,192.499544
1766067825.3484392,126.106,0.0,192.499544
1766067826.0586622,126.106,0.0,192.499544
1766067826.633922,126.106,0.0,192.499544
1766067827.2103865,126.069,0.0,192.499544
1766067827.8598235,126.051,0.0,192.499544
1766067830.6523924,126.052,0.0,192.499544
1766067831.2267106,126.091,0.0,192.499544
1766067831.802476,126.082,0.0,192.499544
1766067832.3794227,126.072,0.0,192.499544
1766067833.090786,126.072,0.0,192.499544
1766067833.669415,126.072,0.0,192.499544
1766067834.2463796,126.072,0.0,192.499544
1766067834.820804,126.069,0.0,192.499544
1766067835.412349,126.07,0.0,192.499544
1766067835.9872065,126.074,0.0,192.499544
1766067836.5626352,126.073,0.0,192.499544
1766067837.1384046,126.074,0.0,192.499544
1766067837.7155304,126.065,0.0,192.499544
1766067838.3655798,126.056,0.0,192.499544
1766067841.0208285,126.079,0.0,192.499544
1766067841.6101503,126.109,0.0,192.499544
1766067842.1879425,126.153,0.0,192.499544
1766067842.7647018,126.153,0.0,192.499544
1766067843.4758995,126.147,0.0,192.499544
1766067844.187747,126.15,0.0,192.499544
1766067844.7615228,126.15,0.0,192.499544
1766067845.48674,126.149,0.0,192.499544
1766067846.0623896,126.146,0.0,192.499544
1766067846.6400778,126.146,0.0,192.499544
1766067847.2159958,126.153,0.0,192.499544
1766067847.792702,126.152,0.0,192.499544
1766067848.5179539,126.148,0.0,192.499544
1766067849.0953805,126.147,0.0,192.499544
1766067849.8052547,126.126,0.0,192.499544
1766067850.3840935,126.126,0.0,192.499544
1766067851.0945258,126.151,0.0,192.499544
1766067853.8817215,126.15,0.0,192.499544
1766067854.4589448,126.153,0.0,192.499544
1766067855.0359504,126.151,0.0,192.499544
1766067855.6235895,126.151,0.0,192.499544
1766067856.1978602,126.152,0.0,192.499544
1766067856.7716842,126.153,0.0,192.499544
1766067857.3828921,126.152,0.0,192.499544
1766067857.958567,126.152,0.0,192.499544
1766067858.6211963,126.152,0.0,192.499544
1766067861.275119,126.151,0.0,192.499544
1766067861.850883,126.153,0.0,192.499544
1766067862.4278963,126.152,0.0,192.499544
1766067863.0121963,126.148,0.0,192.499544
1766067863.5877051,126.152,0.0,192.499544
1766067864.162969,126.152,0.0,192.499544
1766067864.7381115,126.153,0.0,192.499544
1766067865.313749,126.153,0.0,192.499544
1766067865.8903162,126.18,0.0,192.499544
1766067866.4657922,126.169,0.0,192.499544
1766067867.0427167,126.169,0.0,192.499544
1766067867.6189811,126.169,0.0,192.499544
1766067870.4113894,126.192,0.0,192.499544
1766067871.0783854,126.203,0.0,192.499544
1766067871.6539612,126.203,0.0,192.499544
1766067872.228193,126.203,0.0,192.499544
1766067872.9794548,126.203,0.0,192.499544
1766067873.5556006,126.2,0.0,192.499544
1766067874.1296015,126.2,0.0,192.499544
1766067874.7051113,126.2,0.0,192.499544
1766067875.282118,126.19,0.0,192.499544
1766067875.9973366,126.189,0.0,192.499544
1766067878.650328,126.19,0.0,192.499544
1766067879.2299929,126.176,0.0,192.499544
1766067879.8083763,126.175,0.0,192.499544
1766067880.3820124,126.175,0.0,192.499544
1766067881.092412,126.169,0.0,192.499544
1766067881.7603927,126.169,0.0,192.499544
1766067882.3352814,126.188,0.0,192.499544
1766067882.9112382,126.188,0.0,192.499544
1766067883.621598,126.173,0.0,192.499544
1766067884.1959355,126.174,0.0,192.499544
1766067886.8471532,126.145,0.0,192.499544
1766067887.4224076,126.145,0.0,192.499544
1766067887.998729,126.145,0.0,192.499544
1766067888.5756197,126.145,0.0,192.499544
1766067889.2847793,126.159,0.0,192.499544
1766067889.8606846,126.159,0.0,192.499544
1766067890.4386735,126.169,0.0,192.499544
1766067891.013373,126.169,0.0,192.499544
1766067891.6737304,126.186,0.0,192.499544
1766067894.326797,126.208,0.0,192.499544
1766067894.9039648,126.253,0.0,192.499544
1766067895.4801264,126.223,0.0,192.499544
1766067896.18894,126.223,0.0,192.499544
1766067896.7652967,126.223,0.0,192.499544
1766067897.3415778,126.223,0.0,192.499544
1766067897.9186063,126.237,0.0,192.499544
1766067898.5184224,126.237,0.0,192.499544
1766067899.094449,126.237,0.0,192.499544
1766067899.6709204,126.237,0.0,192.499544
1766067900.3843613,126.237,0.0,192.499544
1766067904.8513522,126.173,1.0,192.517544
1766067905.517527,126.173,1.0,192.517544
1766067906.094009,126.113,1.0,192.517544
1766067906.6718524,126.094,1.0,192.517544
1766067907.3800685,126.101,1.0,192.517544
1766067907.9559171,126.095,1.0,192.517544
1766067908.5416737,126.095,1.0,192.517544
1766067909.117948,126.095,1.0,192.517544
1766067909.6919754,126.093,1.0,192.517544
1766067910.2674668,126.082,1.0,192.517544
1766067910.8437288,126.076,1.0,192.517544
1766067911.4204032,126.076,1.0,192.517544
1766067912.0001755,126.076,1.0,192.517544
1766067912.5760093,126.085,1.0,192.517544
1766067913.153478,126.096,1.0,192.517544
1766067913.7357237,126.096,1.0,192.517544
1766067914.3101053,126.096,1.0,192.517544
1766067914.8870459,126.097,1.0,192.517544
1766067917.615302,126.098,1.0,192.517544
1766067918.193831,126.098,1.0,192.517544
1766067918.7705753,126.098,1.0,192.517544
1766067919.347913,126.103,1.0,192.517544
1766067919.9241168,126.119,1.0,192.517544
1766067920.4987268,126.118,1.0,192.517544
1766067921.0809748,126.117,1.0,192.517544
1766067921.794834,126.117,1.0,192.517544
1766067922.3701363,126.117,1.0,192.517544
1766067923.0820675,126.117,1.0,192.517544
1766067923.799405,126.117,1.0,192.517544
1766067924.4035456,126.117,1.0,192.517544
1766067924.9808853,126.117,1.0,192.517544
1766067925.636217,126.117,1.0,192.517544
1766067926.2126155,126.116,1.0,192.517544
1766067928.8667548,126.117,1.0,192.517544
1766067929.4439468,126.117,1.0,192.517544
1766067930.0196362,126.117,1.0,192.517544
1766067930.6047516,126.116,1.0,192.517544
1766067931.3145995,126.116,1.0,192.517544
1766067931.8905911,126.116,1.0,192.517544
1766067932.5995667,126.112,1.0,192.517544
1766067933.1760876,126.117,1.0,192.517544
1766067933.753678,126.117,1.0,192.517544
1766067934.3289838,126.127,1.0,192.517544
1766067935.0375588,126.101,1.0,192.517544
1766067935.6288574,126.097,1.0,192.517544
1766067936.2812486,126.073,1.0,192.517544
1766067936.8569212,126.066,1.0,192.517544
1766067937.4317598,126.067,1.0,192.517544
1766067940.2192097,126.071,1.0,192.517544
1766067940.793605,126.071,1.0,192.517544
1766067941.3718505,126.064,1.0,192.517544
1766067942.141051,126.057,1.0,192.517544
1766067942.851453,126.07,1.0,192.517544
1766067943.426204,126.063,1.0,192.517544
1766067944.1376295,126.055,1.0,192.517544
1766067944.7147906,126.044,1.0,192.517544
1766067951.3240519,126.138,0.0,192.391544
1766067952.1188185,126.161,0.0,192.391544
1766067952.8310525,126.154,0.0,192.391544
1766067953.4079652,126.155,0.0,192.391544
1766067953.9887867,126.158,0.0,192.391544
1766067954.562778,126.176,0.0,192.391544
1766067955.275301,126.17,0.0,192.391544
1766067955.9884028,126.17,0.0,192.391544
1766067956.5676963,126.188,0.0,192.391544
1766067957.1455846,126.168,0.0,192.391544
1766067957.726922,126.19,0.0,192.391544
1766067958.3020868,126.19,0.0,192.391544
1766067959.0216327,126.19,0.0,192.391544
1766067959.5977013,126.19,0.0,192.391544
1766067960.1747148,126.189,0.0,192.391544
1766067964.7065904,126.224,1.0,192.427544
1766067965.3676453,126.224,1.0,192.443544
1766067965.9430268,126.225,1.0,192.443544
1766067966.540971,126.216,1.0,192.443544
1766067967.2508302,126.216,1.0,192.443544
1766067967.82821,126.217,1.0,192.443544
1766067968.4036355,126.217,1.0,192.443544
1766067968.9788976,126.217,1.0,192.443544
1766067969.5591528,126.217,1.0,192.443544
1766067970.270421,126.216,1.0,192.443544
1766067970.8496122,126.201,1.0,192.443544
1766067971.5823157,126.201,1.0,192.443544
1766067972.1674163,126.15,1.0,192.443544
1766067972.7471378,126.15,1.0,192.443544
1766067973.3285942,126.139,1.0,192.443544
1766067973.9049926,126.139,1.0,192.443544
1766067974.4840956,126.139,1.0,192.443544
1766067975.2003586,126.138,1.0,192.443544
1766067976.1347466,126.138,1.0,192.373544
1766067976.7164059,126.138,1.0,192.373544
1766067977.2916174,126.129,1.0,192.373544
1766067977.872236,126.129,1.0,192.373544
1766067978.4657533,126.129,1.0,192.373544
1766067979.0403576,126.127,1.0,192.373544
1766067979.6165545,126.132,1.0,192.373544
1766067980.1981585,126.161,1.0,192.373544
1766067980.7764251,126.161,1.0,192.373544
1766067981.490143,126.161,1.0,192.373544
1766067983.7355084,126.201,1.0,192.373544
1766067984.3160033,126.201,1.0,192.373544
1766067984.890559,126.208,1.0,192.373544
1766067985.4673944,126.21,1.0,192.373544
1766067986.4004002,126.209,1.0,192.43454400000002
1766067986.975214,126.21,1.0,192.43454400000002
1766067987.5528307,126.21,1.0,192.43454400000002
1766067988.1315439,126.199,1.0,192.43454400000002
1766067988.7102523,126.199,1.0,192.43454400000002
1766067989.4179757,126.199,1.0,192.43454400000002
1766067989.9938345,126.199,1.0,192.43454400000002
1766067990.5694032,126.199,1.0,192.43454400000002
1766067991.147288,126.2,1.0,192.43454400000002
1766067991.8928893,126.2,1.0,192.43454400000002
1766067992.4679053,126.211,1.0,192.43454400000002
1766067993.0463476,126.211,1.0,192.43454400000002
1766067993.6319408,126.201,1.0,192.43454400000002
1766067994.2097907,126.198,1.0,192.43454400000002
1766067994.786091,126.168,1.0,192.43454400000002
1766067995.3626308,126.153,1.0,192.43454400000002
1766067995.939102,126.13,1.0,192.43454400000002
1766067996.7230792,126.112,1.0,192.43454400000002
1766067999.3811502,126.108,1.0,192.43454400000002
1766067999.9591215,126.108,1.0,192.43454400000002
1766068000.5376348,126.108,1.0,192.43454400000002
1766068001.1145117,126.116,1.0,192.43454400000002
1766068001.6924214,126.125,1.0,192.43454400000002
1766068002.2764046,126.144,1.0,192.43454400000002
1766068002.8525233,126.127,1.0,192.43454400000002
1766068003.5626519,126.127,1.0,192.43454400000002
1766068004.1406708,126.137,1.0,192.43454400000002
1766068004.7205653,126.132,1.0,192.43454400000002
1766068005.296805,126.101,1.0,192.43454400000002
1766068006.0113227,126.103,1.0,192.43454400000002
1766068006.5905528,126.102,1.0,192.43454400000002
1766068007.4036734,126.103,1.0,192.43454400000002
1766068007.9816444,126.103,1.0,192.43454400000002
1766068010.6348004,126.103,1.0,192.43454400000002
1766068011.2131224,126.103,1.0,192.43454400000002
1766068011.7902565,126.111,1.0,192.43454400000002
1766068012.3677638,126.111,1.0,192.43454400000002
1766068013.103839,126.109,1.0,192.43454400000002
1766068013.683008,125.876,1.0,192.43454400000002
1766068019.882077,125.795,0.0,192.083544
1766068020.6813135,125.818,0.0,192.083544
1766068021.2577274,125.827,0.0,192.083544
1766068021.8521492,125.825,0.0,192.083544
1766068022.4298694,125.819,0.0,192.083544
1766068023.136057,125.817,0.0,192.083544
1766068023.7175694,125.811,0.0,192.083544
1766068024.2946243,125.804,0.0,192.083544
1766068025.0092442,125.804,0.0,192.083544
1766068025.5873992,125.843,0.0,192.083544
1766068026.165783,125.851,0.0,192.083544
1766068026.7444055,125.914,0.0,192.083544
1766068027.4556897,125.968,0.0,192.083544
1766068028.0321927,125.977,0.0,192.083544
1766068028.6092844,125.974,0.0,192.083544
1766068029.1952717,125.97,0.0,192.083544
1766068029.774385,125.965,0.0,192.083544
1766068030.3533664,125.964,0.0,192.083544
1766068031.1519196,125.902,0.0,192.083544
1766068031.737222,125.902,0.0,192.083544
1766068032.3135257,125.897,0.0,192.083544
1766068032.8916116,125.891,0.0,192.083544
1766068033.4697373,125.89,0.0,192.083544
1766068034.046951,125.88,0.0,192.083544
1766068034.6264215,125.907,0.0,192.083544
1766068035.267998,125.909,0.0,192.083544
1766068035.843811,125.909,0.0,192.083544
1766068036.4212239,125.925,0.0,192.083544
1766068037.0054288,125.915,0.0,192.083544
1766068037.585113,125.919,0.0,192.083544
1766068038.1729043,125.918,0.0,192.083544
1766068038.7493722,125.918,0.0,192.083544
1766068041.4117055,125.948,0.0,192.083544
1766068042.074771,125.948,0.0,192.083544
1766068042.6524618,125.977,0.0,192.083544
1766068043.2300613,125.977,0.0,192.083544
1766068043.8074207,125.976,0.0,192.083544
1766068044.5194457,125.906,0.0,192.083544
1766068045.2401636,125.898,0.0,192.083544
1766068045.8159533,125.89,0.0,192.083544
1766068046.3976336,125.919,0.0,192.083544
1766068046.9736533,125.919,0.0,192.083544
1766068047.6860728,125.918,0.0,192.083544
1766068050.3402493,125.919,0.0,192.083544
1766068050.9160705,125.919,0.0,192.083544
1766068051.4914763,125.919,0.0,192.083544
1766068052.15487,125.919,0.0,192.083544
1766068052.7303874,125.911,0.0,192.083544
1766068053.305706,125.911,0.0,192.083544
1766068053.8823526,125.911,0.0,192.083544
1766068054.458685,125.91,0.0,192.083544
1766068057.1148303,126.015,0.0,192.083544
1766068057.690625,126.015,0.0,192.083544
1766068058.4073553,126.006,0.0,192.083544
1766068058.9820492,126.014,0.0,192.083544
1766068059.5576391,126.014,0.0,192.083544
1766068060.2685199,126.016,0.0,192.083544
1766068060.8474667,126.024,0.0,192.083544
1766068061.4240465,126.024,0.0,192.083544
1766068062.1361525,126.023,0.0,192.083544
1766068062.9328735,126.042,0.0,192.083544
1766068063.6447093,126.043,0.0,192.083544
1766068064.228821,126.065,0.0,192.083544
1766068066.8807619,126.124,0.0,192.083544
1766068067.4601638,126.13,0.0,192.083544
1766068068.0402012,126.124,0.0,192.083544
1766068068.616842,126.072,0.0,192.083544
1766068069.1932127,126.08,0.0,192.083544
1766068069.7706723,126.083,0.0,192.083544
1766068070.4808855,126.072,0.0,192.083544
1766068071.0590017,126.062,0.0,192.083544
1766068071.633618,126.031,0.0,192.083544
1766068072.2082345,126.028,0.0,192.083544
1766068072.8565848,126.03,0.0,192.083544
1766068073.4385023,126.031,0.0,192.083544
1766068074.0126352,126.032,0.0,192.083544
1766068074.724071,126.065,0.0,192.083544
1766068077.5077212,126.035,0.0,192.083544
1766068078.0874643,126.036,0.0,192.083544
1766068078.663161,126.036,0.0,192.083544
1766068079.3756337,126.036,0.0,192.083544
1766068079.9505718,126.036,0.0,192.083544
1766068080.5355546,126.058,0.0,192.083544
1766068081.2684433,126.058,0.0,192.083544
1766068081.9801354,126.034,0.0,192.083544
1766068082.5577664,126.033,0.0,192.083544
1766068083.2165205,126.016,0.0,192.083544
1766068083.7928374,126.016,0.0,192.083544
1766068086.4517066,126.129,0.0,192.083544
1766068087.0382614,126.129,0.0,192.083544
1766068087.612808,126.173,0.0,192.083544
1766068088.3259885,126.185,0.0,192.083544
1766068088.902948,126.208,0.0,192.083544
1766068089.4787211,126.222,0.0,192.083544
1766068090.0792668,126.214,0.0,192.083544
1766068090.66613,126.218,0.0,192.083544
1766068091.243589,126.248,0.0,192.083544
1766068091.965166,126.235,0.0,192.083544
1766068092.5431821,126.242,0.0,192.083544
1766068093.1228838,126.242,0.0,192.083544
1766068093.777473,126.212,0.0,192.083544
1766068094.353245,126.212,0.0,192.083544
1766068094.929604,126.195,0.0,192.083544
1766068097.5864723,126.218,0.0,192.083544
1766068098.217688,126.231,0.0,192.083544
1766068098.9344223,126.231,0.0,192.083544
1766068099.5091033,126.25,0.0,192.083544
1766068100.0866733,126.276,0.0,192.083544
1766068100.6635106,126.276,0.0,192.083544
1766068101.265964,126.276,0.0,192.083544
1766068101.8481605,126.273,0.0,192.083544
1766068102.4255898,126.265,0.0,192.083544
1766068103.001969,126.265,0.0,192.083544
1766068103.5764942,126.26,0.0,192.083544
1766068104.3769946,126.236,0.0,192.083544
1766068104.9554493,126.226,0.0,192.083544
1766068105.56261,126.218,0.0,192.083544
1766068108.2165568,126.227,0.0,192.083544
1766068108.7935972,126.221,0.0,192.083544
1766068109.3697536,126.226,0.0,192.083544
1766068110.0811725,126.233,0.0,192.083544
1766068110.6567817,126.23,0.0,192.083544
1766068111.233762,126.23,0.0,192.083544
1766068111.818201,126.266,0.0,192.083544
1766068112.5295506,126.266,0.0,192.083544
1766068113.1086264,126.265,0.0,192.083544
1766068113.686756,126.282,0.0,192.083544
1766068114.4875157,126.283,0.0,192.083544
1766068115.1985579,126.282,0.0,192.083544
1766068117.8615732,126.3,0.0,192.083544
1766068118.4405673,126.3,0.0,192.083544
1766068119.0162425,126.327,0.0,192.083544
1766068119.5913706,126.327,0.0,192.083544
1766068120.1664069,126.327,0.0,192.083544
1766068120.7435546,126.327,0.0,192.083544
1766068121.3209388,126.323,0.0,192.083544
1766068121.8975837,126.323,0.0,192.083544
1766068122.5092497,126.323,0.0,192.083544
1766068123.0881863,126.309,0.0,192.083544
1766068123.685602,126.316,0.0,192.083544
1766068124.2701025,126.321,0.0,192.083544
1766068124.9210029,126.309,0.0,192.083544
1766068127.7118511,126.307,0.0,192.083544
1766068128.2900336,126.307,0.0,192.083544
1766068128.8650692,126.3,0.0,192.083544
1766068129.440518,126.3,0.0,192.083544
1766068130.015601,126.278,0.0,192.083544
1766068130.5987837,126.294,0.0,192.083544
1766068131.217891,126.288,0.0,192.083544
1766068131.9495244,126.295,0.0,192.083544
1766068132.5273373,126.292,0.0,192.083544
1766068133.1065638,126.269,0.0,192.083544
1766068133.6835833,126.268,0.0,192.083544
1766068134.2626896,126.26,0.0,192.083544
1766068134.9738884,126.26,0.0,192.083544
1766068135.6241548,126.26,0.0,192.083544
1766068136.2023265,126.284,0.0,192.083544
1766068138.8582897,126.285,0.0,192.083544
1766068139.4384365,126.271,0.0,192.083544
1766068140.0274022,126.271,0.0,192.083544
1766068140.604729,126.286,0.0,192.083544
1766068145.0448644,126.256,1.0,192.080544
1766068145.7069757,126.278,1.0,192.080544
1766068146.2847188,126.279,1.0,192.080544
1766068146.8651452,126.279,1.0,192.080544
1766068147.440549,126.279,1.0,192.080544
1766068148.0256264,126.279,1.0,192.080544
1766068148.7646759,126.265,1.0,192.080544
1766068149.3405514,126.265,1.0,192.080544
1766068149.9169698,126.265,1.0,192.080544
1766068150.497668,126.241,1.0,192.080544
1766068151.0751228,126.241,1.0,192.080544
1766068151.6513402,126.248,1.0,192.080544
1766068152.3633285,126.248,1.0,192.080544
1766068152.94209,126.248,1.0,192.080544
1766068153.5428336,126.22,1.0,192.080544
1766068154.119937,126.163,1.0,192.080544
1766068154.6948917,126.162,1.0,192.080544
1766068155.273352,126.161,1.0,192.080544
1766068156.0745418,126.157,1.0,191.98154399999999
1766068156.6507041,126.157,1.0,191.98154399999999
1766068157.2303832,126.167,1.0,191.98154399999999
1766068159.882866,126.202,1.0,191.98154399999999
1766068160.4576008,126.214,1.0,191.98154399999999
1766068161.0365896,126.219,1.0,191.98154399999999
1766068161.612236,126.213,1.0,191.98154399999999
1766068162.1908834,126.213,1.0,191.98154399999999
1766068162.7675352,126.188,1.0,191.98154399999999
1766068163.3417685,126.188,1.0,191.98154399999999
1766068163.9251382,126.211,1.0,191.98154399999999
1766068164.5017684,126.211,1.0,191.98154399999999
1766068165.076619,126.207,1.0,191.98154399999999
1766068165.6512,126.207,1.0,191.98154399999999
1766068166.435688,126.216,1.0,191.98154399999999
1766068167.011615,126.22,1.0,191.98154399999999
1766068167.7215583,126.22,1.0,191.98154399999999
1766068170.3794434,126.21,1.0,191.98154399999999
1766068171.0919516,126.229,1.0,191.98154399999999
1766068171.6664329,126.229,1.0,191.98154399999999
1766068172.2441194,126.24,1.0,191.98154399999999
1766068172.8224242,126.247,1.0,191.98154399999999
1766068173.3980632,126.247,1.0,191.98154399999999
1766068173.9744701,126.283,1.0,191.98154399999999
1766068174.6812875,126.287,1.0,191.98154399999999
1766068175.2617898,126.304,1.0,191.98154399999999
1766068175.837786,126.312,1.0,191.98154399999999
1766068178.7134469,126.31,1.0,192.120544
1766068179.2898464,126.277,1.0,192.120544
1766068179.8659859,126.267,1.0,192.120544
1766068180.4412572,126.261,1.0,192.120544
1766068181.1539295,126.261,1.0,192.120544
1766068181.7296953,126.244,1.0,192.120544
1766068182.4395995,126.26,1.0,192.120544
1766068183.0182931,126.257,1.0,192.120544
1766068183.5987856,126.28,1.0,192.120544
1766068184.17418,126.28,1.0,192.120544
1766068184.7486222,126.28,1.0,192.120544
1766068185.3221788,126.274,1.0,192.120544
1766068185.8971965,126.28,1.0,192.120544
1766068186.5448442,126.271,1.0,192.120544
1766068189.1975894,126.279,1.0,192.120544
1766068189.7738304,126.275,1.0,192.120544
1766068190.350327,126.276,1.0,192.120544
1766068190.9267547,126.276,1.0,192.120544
1766068191.5030758,126.275,1.0,192.120544
1766068192.0801723,126.277,1.0,192.120544
1766068192.7969205,126.275,1.0,192.120544
1766068193.3729808,126.267,1.0,192.120544
1766068193.9527643,126.283,1.0,192.120544
1766068194.5311053,126.269,1.0,192.120544
1766068195.242702,126.269,1.0,192.120544
1766068195.9506526,126.275,1.0,192.120544
1766068196.525141,126.275,1.0,192.120544
1766068197.3114703,126.258,1.0,192.120544
1766068197.8866665,126.256,1.0,192.120544
1766068198.4632936,126.263,1.0,192.120544
1766068199.1731522,126.263,1.0,192.120544
1766068201.8300693,126.317,1.0,192.120544
1766068202.4412,126.286,1.0,192.120544
1766068203.0164037,126.289,1.0,192.120544
1766068203.5921426,126.302,1.0,192.120544
1766068204.3057437,126.233,1.0,192.120544
1766068205.041534,126.22,1.0,192.120544
1766068205.6198754,126.213,1.0,192.120544
1766068206.2030253,126.204,1.0,192.120544
1766068206.7767916,126.196,1.0,192.120544
1766068207.441538,126.213,1.0,192.03354399999998
1766068210.2319977,126.214,1.0,192.03354399999998
1766068210.8092096,126.199,1.0,192.03354399999998
1766068211.3925853,126.165,1.0,192.03354399999998
1766068211.9668694,126.164,1.0,192.03354399999998
1766068212.542908,126.176,1.0,192.03354399999998
1766068213.1181793,126.176,1.0,192.03354399999998
1766068213.6929607,126.264,1.0,192.03354399999998
1766068214.2703834,126.303,1.0,192.03354399999998
1766068214.845984,126.326,1.0,192.03354399999998
1766068215.4222136,126.31,1.0,192.03354399999998
1766068215.997425,126.293,1.0,192.03354399999998
1766068216.7207553,126.293,1.0,192.03354399999998
1766068217.2987413,126.255,1.0,192.03354399999998
1766068217.950147,126.231,1.0,192.03354399999998
1766068220.73721,126.354,1.0,192.03354399999998
1766068221.314139,126.349,1.0,192.03354399999998
1766068221.8897698,126.365,1.0,192.03354399999998
1766068222.5987375,126.4,1.0,192.03354399999998
1766068223.186654,126.316,1.0,192.03354399999998
1766068223.7619584,126.314,1.0,192.03354399999998
1766068224.3375683,126.297,1.0,192.03354399999998
1766068224.9147563,126.253,1.0,192.03354399999998
1766068225.4900165,126.269,1.0,192.03354399999998
1766068226.0643036,126.336,1.0,192.03354399999998
1766068226.6471875,126.359,1.0,192.03354399999998
1766068227.224874,126.361,1.0,192.03354399999998
1766068227.8024533,126.327,1.0,192.03354399999998
1766068228.4532945,126.317,1.0,192.03354399999998
1766068231.1058698,126.318,1.0,192.03354399999998
1766068231.6836,126.306,1.0,192.03354399999998
1766068232.2605054,126.337,1.0,192.03354399999998
1766068232.8357837,126.308,1.0,192.03354399999998
1766068233.4123642,126.308,1.0,192.03354399999998
1766068234.1302476,126.308,1.0,192.03354399999998
1766068234.7087345,126.325,1.0,192.03354399999998
1766068235.286724,126.311,1.0,192.03354399999998
1766068235.863817,126.311,1.0,192.03354399999998
1766068236.4393475,126.383,1.0,192.03354399999998
1766068237.023825,126.411,1.0,192.03354399999998
1766068237.5981894,126.411,1.0,192.03354399999998
1766068238.173861,126.411,1.0,192.03354399999998
1766068240.9032347,126.42,1.0,192.03354399999998
1766068241.480876,126.366,1.0,192.03354399999998
1766068242.0609257,126.352,1.0,192.03354399999998
1766068242.6366537,126.364,1.0,192.03354399999998
1766068243.2146616,126.4,1.0,192.03354399999998
1766068243.790854,126.387,1.0,192.03354399999998
1766068244.500721,126.435,1.0,192.03354399999998
1766068245.2163033,126.437,1.0,192.03354399999998
1766068245.792673,126.496,1.0,192.03354399999998
1766068246.36938,126.492,1.0,192.03354399999998
1766068247.0872324,126.496,1.0,192.03354399999998
1766068247.6648977,126.531,1.0,192.03354399999998
1766068248.2407522,126.526,1.0,192.03354399999998
1766068248.8924377,126.562,1.0,192.03354399999998
1766068249.4928067,126.603,1.0,192.03354399999998
1766068252.1571856,126.65,1.0,192.03354399999998
1766068252.7351584,126.649,1.0,192.03354399999998
1766068253.3372219,126.669,1.0,192.03354399999998
1766068253.914605,126.66,1.0,192.03354399999998
1766068254.4906712,126.658,1.0,192.03354399999998
1766068255.065848,126.64,1.0,192.03354399999998
1766068255.6439815,126.64,1.0,192.03354399999998
1766068256.220464,126.618,1.0,192.03354399999998
1766068256.8419564,126.666,1.0,192.03354399999998
1766068257.4205737,126.666,1.0,192.03354399999998
1766068257.996805,126.671,1.0,192.03354399999998
1766068258.5712621,126.665,1.0,192.03354399999998
1766068259.493523,126.587,1.0,192.03354399999998
1766068260.0797331,126.588,1.0,192.03354399999998
1766068260.790074,126.645,1.0,192.03354399999998
1766068261.51233,126.671,1.0,192.03354399999998
1766068264.2218719,126.79,1.0,192.03354399999998
1766068264.8050408,126.88,1.0,192.03354399999998
1766068265.4064054,126.92,1.0,192.03354399999998
1766068271.6390646,127.119,0.0,192.710544
1766068272.3002539,127.146,0.0,192.710544
1766068272.8790846,127.146,0.0,192.710544
1766068273.605117,127.248,0.0,192.710544
1766068274.1790745,127.3,0.0,192.710544
1766068274.757005,127.23,0.0,192.710544
1766068275.344147,127.217,0.0,192.710544
1766068275.9257789,127.237,0.0,192.710544
1766068276.509649,127.217,0.0,192.710544
1766068277.0878873,127.079,0.0,192.710544
1766068277.6657162,127.166,0.0,192.710544
1766068278.249526,127.099,0.0,192.710544
1766068278.826995,127.064,0.0,192.710544
1766068279.4116497,127.05,0.0,192.710544
1766068279.9894247,127.015,0.0,192.710544
1766068280.565842,127.0,0.0,192.710544
1766068281.1432238,127.0,0.0,192.710544
1766068281.8520126,127.007,0.0,192.710544
1766068284.3966,126.965,0.0,192.710544
1766068284.9732919,126.964,0.0,192.710544
1766068285.5504718,126.964,0.0,192.710544
1766068286.1274157,126.958,0.0,192.710544
1766068286.7040515,126.936,0.0,192.710544
1766068287.2844813,126.913,0.0,192.710544
1766068287.8634958,126.843,0.0,192.710544
1766068288.4447753,126.747,0.0,192.710544
1766068289.0222132,126.765,0.0,192.710544
1766068289.5980227,126.719,0.0,192.710544
1766068290.174654,126.719,0.0,192.710544
1766068290.7509239,126.728,0.0,192.710544
1766068291.4609504,126.659,0.0,192.710544
1766068292.0425916,126.633,0.0,192.710544
1766068292.7013452,126.66,0.0,192.710544
1766068293.288659,126.684,0.0,192.710544
1766068294.0105639,126.718,0.0,192.710544
1766068294.5890918,126.696,0.0,192.710544
1766068295.1673586,126.779,0.0,192.710544
1766068295.7445223,126.771,0.0,192.710544
1766068296.3214529,126.743,0.0,192.710544
1766068296.8967965,126.752,0.0,192.710544
1766068297.6076393,126.744,0.0,192.710544
1766068298.3194194,126.725,0.0,192.710544
1766068300.9711154,126.643,0.0,192.710544
1766068301.6822276,126.627,0.0,192.710544
1766068302.2633617,126.653,0.0,192.710544
1766068303.060253,126.645,0.0,192.710544
1766068303.7727256,126.645,0.0,192.710544
1766068304.3502386,126.631,0.0,192.710544
1766068304.9259863,126.624,0.0,192.710544
1766068305.6364923,126.646,0.0,192.710544
1766068306.346783,126.566,0.0,192.710544
1766068306.9211998,126.581,0.0,192.710544
1766068307.6349888,126.613,0.0,192.710544
1766068308.2130535,126.573,0.0,192.710544
1766068308.819505,126.564,0.0,192.710544
1766068311.471992,126.612,0.0,192.710544
1766068312.0481958,126.638,0.0,192.710544
1766068312.6245217,126.596,0.0,192.710544
1766068313.4188395,126.616,0.0,192.710544
1766068314.1309345,126.583,0.0,192.710544
1766068314.8445153,126.577,0.0,192.710544
1766068315.5514936,126.588,0.0,192.710544
1766068316.265537,126.606,0.0,192.710544
1766068316.841641,126.599,0.0,192.710544
1766068317.554496,126.584,0.0,192.710544
1766068318.166979,126.515,0.0,192.710544
1766068318.7426133,126.503,0.0,192.710544
1766068319.4523785,126.5,0.0,192.710544
1766068320.0282035,126.493,0.0,192.710544
1766068320.739526,126.467,0.0,192.710544
1766068325.1902003,126.608,1.0,192.810544
1766068325.9932966,126.602,1.0,192.828544
1766068326.5740027,126.628,1.0,192.828544
1766068327.1521761,126.627,1.0,192.828544
1766068327.7282872,126.68,1.0,192.828544
1766068328.3047283,126.703,1.0,192.828544
1766068328.8820047,126.749,1.0,192.828544
1766068329.5914218,126.773,1.0,192.828544
1766068330.1717072,126.811,1.0,192.828544
1766068330.7484367,126.818,1.0,192.828544
1766068331.457967,126.807,1.0,192.828544
1766068332.0343285,126.828,1.0,192.828544
1766068332.6119025,126.794,1.0,192.828544
1766068333.3255851,126.794,1.0,192.828544
1766068333.9021246,126.794,1.0,192.828544
1766068334.4786594,126.839,1.0,192.828544
1766068335.2014568,126.867,1.0,192.828544
1766068335.7775393,126.87,1.0,192.828544
1766068336.5668514,126.91,1.0,192.828544
1766068339.2317982,126.865,1.0,192.828544
1766068339.8066921,126.803,1.0,192.828544
1766068340.3847377,126.861,1.0,192.828544
1766068340.960058,126.861,1.0,192.828544
1766068341.537011,126.816,1.0,192.828544
1766068342.1126378,126.817,1.0,192.828544
1766068342.689672,126.85,1.0,192.828544
1766068343.2649767,126.837,1.0,192.828544
1766068343.8415663,126.837,1.0,192.828544
1766068344.4173179,126.904,1.0,192.828544
1766068345.136368,126.866,1.0,192.828544
1766068345.7133496,126.833,1.0,192.828544
1766068346.2939742,126.818,1.0,192.828544
1766068347.236314,126.8,1.0,192.828544
1766068347.8115506,126.819,1.0,192.828544
1766068348.538009,126.803,1.0,192.828544
1766068351.192223,126.719,1.0,192.828544
1766068351.7684708,126.676,1.0,192.828544
1766068352.344863,126.75,1.0,192.828544
1766068352.9218605,126.731,1.0,192.828544
1766068353.4979074,126.731,1.0,192.828544
1766068354.0749376,126.731,1.0,192.828544
1766068354.6533432,126.628,1.0,192.828544
1766068355.377912,126.736,1.0,192.828544
1766068355.9556842,126.736,1.0,192.828544
1766068356.529987,126.676,1.0,192.828544
1766068357.179111,126.72,1.0,192.828544
1766068357.7547107,126.747,1.0,192.828544
1766068358.3318598,126.747,1.0,192.828544
1766068360.987539,126.691,1.0,192.828544
1766068361.5660646,126.68,1.0,192.828544
1766068362.1412003,126.742,1.0,192.828544
1766068362.7180262,126.762,1.0,192.828544
1766068363.2953722,126.714,1.0,192.828544
1766068363.8706453,126.706,1.0,192.828544
1766068364.4465253,126.698,1.0,192.828544
1766068365.156263,126.703,1.0,192.828544
1766068365.73341,126.722,1.0,192.828544
1766068366.3086774,126.763,1.0,192.828544
1766068366.88365,126.771,1.0,192.828544
1766068367.5355585,126.771,1.0,192.828544
1766068368.1149163,126.775,1.0,192.828544
1766068370.7672124,126.572,1.0,192.828544
1766068371.4772236,126.563,1.0,192.828544
1766068372.0529027,126.511,1.0,192.828544
1766068372.7628386,126.453,1.0,192.828544
1766068379.5209808,126.515,0.0,192.532544
1766068380.1851485,126.511,0.0,192.532544
1766068384.317924,126.46,1.0,192.581544
1766068384.8934398,126.478,1.0,192.581544
1766068385.4715846,126.462,1.0,192.581544
1766068386.04593,126.447,1.0,192.581544
1766068386.6230118,126.358,1.0,192.581544
1766068387.1983852,126.354,1.0,192.581544
1766068387.773825,126.291,1.0,192.581544
1766068394.4626205,126.094,0.0,192.317544
1766068395.1203694,126.094,0.0,192.317544
1766068395.6988606,126.073,0.0,192.317544
1766068396.276726,126.114,0.0,192.317544
1766068396.8518047,126.086,0.0,192.317544
1766068397.4283576,126.043,0.0,192.317544
1766068398.0154054,126.043,0.0,192.317544
1766068398.5919363,126.034,0.0,192.317544
1766068399.1686366,126.025,0.0,192.317544
1766068399.7448752,126.013,0.0,192.317544
1766068400.3203135,126.013,0.0,192.317544
1766068400.9004538,126.013,0.0,192.317544
1766068401.476984,126.013,0.0,192.317544
1766068402.0538049,125.889,0.0,192.317544
1766068402.631971,125.854,0.0,192.317544
1766068403.20985,125.859,0.0,192.317544
1766068403.9366367,125.869,0.0,192.317544
1766068404.512799,125.89,0.0,192.317544
1766068405.1718879,125.944,0.0,192.317544
1766068405.7489479,125.955,0.0,192.317544
1766068406.324292,125.966,0.0,192.317544
1766068406.9000907,126.134,0.0,192.317544
1766068407.4753423,126.061,0.0,192.317544
1766068408.053115,126.077,0.0,192.317544
1766068408.6614432,126.052,0.0,192.317544
1766068409.2392268,126.065,0.0,192.317544
1766068409.8165853,126.055,0.0,192.317544
1766068410.407205,125.993,0.0,192.317544
1766068411.1179702,126.032,0.0,192.317544
1766068411.829,126.084,0.0,192.317544
1766068412.4030297,126.062,0.0,192.317544
1766068412.9831212,126.001,0.0,192.317544
1766068413.694105,126.019,0.0,192.317544
1766068414.2756634,126.123,0.0,192.317544
1766068414.8570366,126.143,0.0,192.317544
1766068415.5212955,126.18,0.0,192.317544
1766068416.1037438,126.186,0.0,192.317544
1766068416.6793926,126.186,0.0,192.317544
1766068417.261952,126.116,0.0,192.317544
1766068417.889216,126.079,0.0,192.317544
1766068418.4814022,126.109,0.0,192.317544
1766068419.0576355,126.092,0.0,192.317544
1766068419.6332724,126.141,0.0,192.317544
1766068420.2079718,126.152,0.0,192.317544
1766068420.7845623,126.119,0.0,192.317544
1766068421.507381,126.113,0.0,192.317544
1766068422.085233,126.113,0.0,192.317544
1766068422.6640117,126.081,0.0,192.317544
1766068423.2422276,126.062,0.0,192.317544
1766068423.8284597,126.067,0.0,192.317544
1766068424.540145,126.089,0.0,192.317544
1766068425.1182837,126.122,0.0,192.317544
1766068425.7828305,126.107,0.0,192.317544
1766068426.4939625,126.058,0.0,192.317544
1766068427.2048879,126.014,0.0,192.317544
1766068427.781283,126.003,0.0,192.317544
1766068428.3985293,126.004,0.0,192.317544
1766068429.1177156,125.977,0.0,192.317544
1766068429.6941936,125.977,0.0,192.317544
1766068430.2711496,125.981,0.0,192.317544
1766068430.8479493,126.005,0.0,192.317544
1766068431.424439,126.004,0.0,192.317544
1766068431.998902,126.065,0.0,192.317544
1766068432.709182,126.057,0.0,192.317544
1766068433.2927032,126.049,0.0,192.317544
1766068434.0020695,126.049,0.0,192.317544
1766068434.5780063,125.957,0.0,192.317544
1766068435.153857,125.97,0.0,192.317544
1766068436.0749395,125.96,0.0,192.317544
1766068436.785756,125.959,0.0,192.317544
1766068437.3613625,125.915,0.0,192.317544
1766068438.0718412,125.915,0.0,192.317544
1766068438.6493871,125.919,0.0,192.317544
1766068439.3624535,125.921,0.0,192.317544
1766068442.0338366,125.822,0.0,192.317544
1766068442.7512546,125.868,0.0,192.317544
1766068443.4652214,125.921,0.0,192.317544
1766068444.0441701,125.957,0.0,192.317544
1766068444.753493,125.967,0.0,192.317544
1766068445.3321018,125.984,0.0,192.317544
1766068445.9929745,125.971,0.0,192.317544
1766068446.5681922,125.986,0.0,192.317544
1766068447.2792883,125.983,0.0,192.317544
1766068447.855862,125.982,0.0,192.317544
1766068448.5769267,125.982,0.0,192.317544
1766068449.1549957,125.888,0.0,192.317544
1766068451.814948,125.793,0.0,192.317544
1766068452.3920422,125.805,0.0,192.317544
1766068453.1069279,125.805,0.0,192.317544
1766068453.6848361,125.843,0.0,192.317544
1766068454.2609925,125.845,0.0,192.317544
1766068454.8372238,125.797,0.0,192.317544
1766068455.413715,125.778,0.0,192.317544
1766068456.0755894,125.784,0.0,192.317544
1766068456.6525586,125.784,0.0,192.317544
1766068459.4385839,125.981,0.0,192.317544
1766068460.0161738,125.966,0.0,192.317544
1766068460.7281642,125.954,0.0,192.317544
1766068461.30493,125.955,0.0,192.317544
1766068461.88148,125.939,0.0,192.317544
1766068462.4560275,125.939,0.0,192.317544
1766068463.0315282,125.94,0.0,192.317544
1766068463.60538,125.938,0.0,192.317544
1766068464.1825264,125.962,0.0,192.317544
1766068464.7576575,126.047,0.0,192.317544
1766068465.3399704,126.038,0.0,192.317544
1766068465.9151363,126.038,0.0,192.317544
1766068466.7000875,126.112,0.0,192.317544
1766068467.4161777,126.055,0.0,192.317544
1766068467.9929435,126.055,0.0,192.317544
1766068468.5674124,126.042,0.0,192.317544
1766068469.281834,126.014,0.0,192.317544
1766068472.0709662,125.984,0.0,192.317544
1766068472.7809587,126.012,0.0,192.317544
1766068473.494945,126.012,0.0,192.317544
1766068474.069641,126.049,0.0,192.317544
1766068474.6475415,126.049,0.0,192.317544
1766068475.2247639,126.068,0.0,192.317544
1766068475.8023188,126.068,0.0,192.317544
1766068476.378104,126.068,0.0,192.317544
1766068477.0347912,126.063,0.0,192.317544
1766068477.613948,126.059,0.0,192.317544
1766068480.275269,126.078,0.0,192.317544
1766068480.9861245,126.078,0.0,192.317544
1766068481.6970859,126.094,0.0,192.317544
1766068482.277492,126.094,0.0,192.317544
1766068482.852714,126.075,0.0,192.317544
1766068483.5671182,126.054,0.0,192.317544
1766068484.278172,126.049,0.0,192.317544
1766068484.8610756,126.044,0.0,192.317544
1766068485.4394405,126.094,0.0,192.317544
1766068486.0167098,126.094,0.0,192.317544
1766068486.7267818,126.094,0.0,192.317544
1766068487.3917208,126.14,0.0,192.317544
1766068490.0463245,126.163,0.0,192.317544
1766068490.6236389,126.184,0.0,192.317544
1766068491.199306,126.184,0.0,192.317544
1766068491.7795894,126.163,0.0,192.317544
1766068492.3572986,126.156,0.0,192.317544
1766068493.0680969,126.143,0.0,192.317544
1766068493.6455312,126.144,0.0,192.317544
1766068494.219963,126.123,0.0,192.317544
1766068494.798146,126.131,0.0,192.317544
1766068495.3826447,126.129,0.0,192.317544
1766068495.9588752,126.129,0.0,192.317544
1766068496.5348082,126.129,0.0,192.317544
1766068497.2436948,126.082,0.0,192.317544
1766068497.9115484,126.091,0.0,192.317544
1766068500.5629888,126.189,0.0,192.317544
1766068501.1423612,126.223,0.0,192.317544
1766068501.7179883,126.202,0.0,192.317544
1766068502.2927785,126.183,0.0,192.317544
1766068503.0037282,126.256,0.0,192.317544
1766068503.578326,126.228,0.0,192.317544
1766068504.1534283,126.16,0.0,192.317544
1766068504.7289956,126.1,0.0,192.317544
1766068505.3063178,126.031,0.0,192.317544
1766068505.8830848,126.014,0.0,192.317544
1766068506.459407,125.989,0.0,192.317544
1766068507.036984,125.985,0.0,192.317544
1766068507.613326,125.944,0.0,192.317544
1766068508.4150267,125.944,0.0,192.317544
1766068511.0913365,125.866,0.0,192.317544
1766068511.6720536,125.878,0.0,192.317544
1766068512.2492037,125.99,0.0,192.317544
1766068512.825989,125.976,0.0,192.317544
1766068513.4071054,125.976,0.0,192.317544
1766068513.9840872,125.965,0.0,192.317544
1766068514.560826,125.974,0.0,192.317544
1766068515.1370811,125.999,0.0,192.317544
1766068515.8546965,126.002,0.0,192.317544
1766068516.4357545,126.016,0.0,192.317544
1766068517.1509757,125.939,0.0,192.317544
1766068517.7262967,125.929,0.0,192.317544
1766068518.377922,125.953,0.0,192.317544
1766068518.9556365,125.936,0.0,192.317544
1766068519.6752868,125.94,0.0,192.317544
1766068520.2507057,126.019,0.0,192.317544
1766068522.9053028,126.051,0.0,192.317544
1766068523.6247678,126.012,0.0,192.317544
1766068524.199478,125.978,0.0,192.317544
1766068524.7745562,125.978,0.0,192.317544
1766068525.3518639,125.978,0.0,192.317544
1766068525.9297993,125.978,0.0,192.317544
1766068526.641172,125.937,0.0,192.317544
1766068527.2188482,125.962,0.0,192.317544
1766068527.7949588,125.941,0.0,192.317544
1766068528.5850515,125.897,0.0,192.317544
1766068529.2979405,125.875,0.0,192.317544
1766068531.9497755,125.916,0.0,192.317544
1766068532.5281703,125.909,0.0,192.317544
1766068533.2414072,125.885,0.0,192.317544
1766068533.817276,125.883,0.0,192.317544
1766068534.3937457,125.895,0.0,192.317544
1766068534.9734037,125.908,0.0,192.317544
1766068535.5597103,125.917,0.0,192.317544
1766068536.2737536,125.917,0.0,192.317544
1766068536.8558228,125.839,0.0,192.317544
1766068537.5719774,125.833,0.0,192.317544
1766068538.2849529,125.863,0.0,192.317544
1766068541.0229278,125.794,0.0,192.317544
1766068541.6028864,125.762,0.0,192.317544
1766068542.3146548,125.802,0.0,192.317544
1766068542.8938997,125.802,0.0,192.317544
1766068543.4778252,125.763,0.0,192.317544
1766068544.0590796,125.761,0.0,192.317544
1766068544.7705464,125.766,0.0,192.317544
1766068545.4827595,125.76,0.0,192.317544
1766068546.1941345,125.714,0.0,192.317544
1766068546.768717,125.678,0.0,192.317544
1766068547.3498394,125.712,0.0,192.317544
1766068547.9259634,125.712,0.0,192.317544
1766068548.501484,125.694,0.0,192.317544
1766068549.1501856,125.747,0.0,192.317544
1766068549.7295513,125.747,0.0,192.317544
1766068550.3065302,125.713,0.0,192.317544
1766068551.0175462,125.687,0.0,192.317544
1766068553.8197076,125.545,0.0,192.317544
1766068554.393011,125.585,0.0,192.317544
1766068555.1067636,125.568,0.0,192.317544
1766068555.6843767,125.539,0.0,192.317544
1766068556.2651968,125.577,0.0,192.317544
1766068556.9758232,125.558,0.0,192.317544
1766068557.554865,125.557,0.0,192.317544
1766068558.1332436,125.581,0.0,192.317544
1766068558.8478434,125.56,0.0,192.317544
1766068559.5080864,125.56,0.0,192.317544
1766068560.2190835,125.606,0.0,192.317544
1766068560.7958722,125.659,0.0,192.317544
1766068563.4483507,125.626,0.0,192.317544
1766068564.025499,125.548,0.0,192.317544
1766068564.60304,125.618,0.0,192.317544
1766068565.1804833,125.616,0.0,192.317544
1766068565.8958664,125.605,0.0,192.317544
1766068566.4724412,125.535,0.0,192.317544
1766068567.0504427,125.53,0.0,192.317544
1766068567.6257014,125.505,0.0,192.317544
1766068568.2040193,125.483,0.0,192.317544
1766068568.7834163,125.432,0.0,192.317544
1766068569.4384694,125.432,0.0,192.317544
1766068570.0166728,125.388,0.0,192.317544
1766068570.5930688,125.388,0.0,192.317544
1766068573.2478724,125.371,0.0,192.317544
1766068573.8228097,125.339,0.0,192.317544
1766068574.399422,125.377,0.0,192.317544
1766068575.1120238,125.35,0.0,192.317544
1766068575.6894956,125.398,0.0,192.317544
1766068576.2661686,125.398,0.0,192.317544
1766068576.84322,125.337,0.0,192.317544
1766068577.42693,125.334,0.0,192.317544
1766068578.0038488,125.333,0.0,192.317544
1766068578.5818117,125.272,0.0,192.317544
1766068579.1591043,125.269,0.0,192.317544
1766068579.8107026,125.245,0.0,192.317544
1766068580.3891246,125.339,0.0,192.317544
1766068581.1003623,125.373,0.0,192.317544
1766068581.8129537,125.395,0.0,192.317544
1766068582.529765,125.49,0.0,192.317544
1766068584.7607036,125.555,0.0,192.317544
1766068585.3369503,125.518,0.0,192.317544
1766068585.9234858,125.468,0.0,192.317544
1766068586.5030007,125.5,0.0,192.317544
1766068587.2128718,125.526,0.0,192.317544
1766068587.7913396,125.531,0.0,192.317544
1766068588.3691254,125.585,0.0,192.317544
1766068588.9477482,125.561,0.0,192.317544
1766068589.534852,125.561,0.0,192.317544
1766068590.3342006,125.575,0.0,192.317544
1766068590.919588,125.594,0.0,192.317544
1766068591.4978094,125.594,0.0,192.317544
1766068594.1509857,125.535,0.0,192.317544
1766068594.7253177,125.542,0.0,192.317544
1766068595.4348595,125.537,0.0,192.317544
1766068596.0134,125.537,0.0,192.317544
1766068596.5893855,125.537,0.0,192.317544
1766068597.1668015,125.53,0.0,192.317544
1766068597.8829534,125.523,0.0,192.317544
1766068598.4598126,125.484,0.0,192.317544
1766068599.035009,125.484,0.0,192.317544
1766068599.618307,125.517,0.0,192.317544
1766068600.4024844,125.475,0.0,192.317544
1766068601.1171243,125.482,0.0,192.317544
1766068601.6911864,125.49,0.0,192.317544
1766068602.266892,125.49,0.0,192.317544
1766068602.8449235,125.558,0.0,192.317544
1766068605.5010664,125.578,0.0,192.317544
1766068606.0789697,125.585,0.0,192.317544
1766068606.65379,125.57,0.0,192.317544
1766068607.2295184,125.656,0.0,192.317544
1766068607.8050706,125.664,0.0,192.317544
1766068608.381662,125.667,0.0,192.317544
1766068608.9633605,125.636,0.0,192.317544
1766068609.566738,125.643,0.0,192.317544
1766068610.141641,125.686,0.0,192.317544
1766068613.0107632,125.648,0.0,192.317544
1766068613.72241,125.565,0.0,192.317544
1766068614.2975276,125.571,0.0,192.317544
1766068614.8759663,125.571,0.0,192.317544
1766068615.4559634,125.582,0.0,192.317544
1766068616.0320663,125.603,0.0,192.317544
1766068616.616475,125.65,0.0,192.317544
1766068617.19101,125.628,0.0,192.317544
1766068617.7682285,125.628,0.0,192.317544
1766068618.347691,125.623,0.0,192.317544
1766068618.9253442,125.598,0.0,192.317544
1766068619.501397,125.613,0.0,192.317544
1766068620.0775235,125.558,0.0,192.317544
1766068622.7279794,125.653,0.0,192.317544
1766068623.5820405,125.668,0.0,192.317544
1766068624.1598985,125.647,0.0,192.317544
1766068624.7375565,125.488,0.0,192.317544
1766068625.3130417,125.496,0.0,192.317544
1766068625.8928404,125.514,0.0,192.317544
1766068626.6049616,125.492,0.0,192.317544
1766068627.1835327,125.501,0.0,192.317544
1766068627.7590382,125.501,0.0,192.317544
1766068628.3337376,125.544,0.0,192.317544
1766068630.9838543,125.529,0.0,192.317544
1766068631.5673509,125.499,0.0,192.317544
1766068632.1435227,125.518,0.0,192.317544
1766068632.732396,125.541,0.0,192.317544
1766068633.3121777,125.511,0.0,192.317544
1766068633.9883857,125.585,0.0,192.317544
1766068634.5714319,125.563,0.0,192.317544
1766068635.1490214,125.542,0.0,192.317544
1766068635.8631527,125.557,0.0,192.317544
1766068638.5143683,125.644,0.0,192.317544
1766068639.0900347,125.609,0.0,192.317544
1766068639.6670067,125.601,0.0,192.317544
1766068640.2440982,125.601,0.0,192.317544
1766068640.8204374,125.559,0.0,192.317544
1766068641.4021542,125.559,0.0,192.317544
1766068641.9781125,125.576,0.0,192.317544
1766068642.5554338,125.576,0.0,192.317544
1766068643.1311805,125.556,0.0,192.317544
1766068643.71513,125.556,0.0,192.317544
1766068644.3661766,125.634,0.0,192.317544
1766068645.0757403,125.648,0.0,192.317544
1766068645.6583693,125.674,0.0,192.317544
1766068648.310306,125.687,0.0,192.317544
1766068648.8945107,125.697,0.0,192.317544
1766068649.4694257,125.676,0.0,192.317544
1766068650.1767585,125.668,0.0,192.317544
1766068650.8906178,125.668,0.0,192.317544
1766068651.4679773,125.649,0.0,192.317544
1766068652.0428207,125.701,0.0,192.317544
1766068652.6216571,125.701,0.0,192.317544
1766068653.2002707,125.626,0.0,192.317544
1766068653.776566,125.636,0.0,192.317544
1766068656.510857,125.579,0.0,192.317544
1766068657.0950227,125.579,0.0,192.317544
1766068657.6757565,125.571,0.0,192.317544
1766068658.2523646,125.585,0.0,192.317544
1766068658.827938,125.585,0.0,192.317544
1766068659.4036841,125.558,0.0,192.317544
1766068659.9813652,125.558,0.0,192.317544
1766068660.7557993,125.558,0.0,192.317544
1766068661.331536,125.563,0.0,192.317544
1766068661.9131248,125.559,0.0,192.317544
1766068662.506028,125.558,0.0,192.317544
1766068663.0815036,125.558,0.0,192.317544
1766068663.6600318,125.57,0.0,192.317544
1766068666.3153143,125.573,0.0,192.317544
1766068666.9742196,125.558,0.0,192.317544
1766068667.5490868,125.558,0.0,192.317544
1766068668.258617,125.533,0.0,192.317544
1766068668.8418398,125.515,0.0,192.317544
1766068669.4209497,125.513,0.0,192.317544
1766068670.1299412,125.539,0.0,192.317544
1766068670.842977,125.52,0.0,192.317544
1766068671.4191816,125.591,0.0,192.317544
1766068671.9955647,125.605,0.0,192.317544
1766068672.571816,125.614,0.0,192.317544
1766068675.2260108,125.671,0.0,192.317544
1766068675.801881,125.661,0.0,192.317544
1766068676.5117548,125.668,0.0,192.317544
1766068677.3082886,125.689,0.0,192.317544
1766068677.8838289,125.689,0.0,192.317544
1766068678.465087,125.714,0.0,192.317544
1766068679.1814857,125.815,0.0,192.317544
1766068679.7575295,125.905,0.0,192.317544
1766068680.3331106,125.865,0.0,192.317544
1766068680.9095783,125.906,0.0,192.317544
1766068683.566117,125.928,0.0,192.317544
1766068684.149601,125.853,0.0,192.317544
1766068684.726152,125.839,0.0,192.317544
1766068685.3045163,125.73,0.0,192.317544
1766068685.8810456,125.75,0.0,192.317544
1766068686.5950794,125.726,0.0,192.317544
1766068687.2567594,125.746,0.0,192.317544
1766068687.967292,125.73,0.0,192.317544
1766068688.5445302,125.715,0.0,192.317544
1766068689.1206355,125.715,0.0,192.317544
1766068691.7748666,125.704,0.0,192.317544
1766068692.3547635,125.704,0.0,192.317544
1766068692.9325747,125.712,0.0,192.317544
1766068693.5088496,125.698,0.0,192.317544
1766068694.0844312,125.697,0.0,192.317544
1766068694.6601415,125.721,0.0,192.317544
1766068695.23861,125.721,0.0,192.317544
1766068695.814792,125.652,0.0,192.317544
1766068696.3920853,125.642,0.0,192.317544
1766068696.9679096,125.648,0.0,192.317544
1766068697.622444,125.631,0.0,192.317544
1766068698.2047143,125.584,0.0,192.317544
1766068698.7821095,125.563,0.0,192.317544
1766068701.4361863,125.52,0.0,192.317544
1766068702.0121925,125.52,0.0,192.317544
1766068702.591535,125.578,0.0,192.317544
1766068703.1675003,125.599,0.0,192.317544
1766068703.7445083,125.59,0.0,192.317544
1766068704.3213387,125.567,0.0,192.317544
1766068705.0302968,125.576,0.0,192.317544
1766068705.605133,125.594,0.0,192.317544
1766068706.1855826,125.574,0.0,192.317544
1766068706.7818053,125.576,0.0,192.317544
1766068707.4931517,125.594,0.0,192.317544
1766068708.1471636,125.602,0.0,192.317544
1766068708.725231,125.602,0.0,192.317544
1766068709.4399278,125.605,0.0,192.317544
1766068710.1508577,125.605,0.0,192.317544
1766068712.808303,125.608,0.0,192.317544
1766068713.3858993,125.62,0.0,192.317544
1766068713.9620144,125.679,0.0,192.317544
1766068714.5377584,125.679,0.0,192.317544
1766068715.1127412,125.699,0.0,192.317544
1766068715.689821,125.684,0.0,192.317544
1766068716.2658591,125.684,0.0,192.317544
1766068716.850136,125.666,0.0,192.317544
1766068717.5652874,125.616,0.0,192.317544
1766068720.3231566,125.598,0.0,192.317544
1766068720.8989494,125.598,0.0,192.317544
1766068721.4760973,125.598,0.0,192.317544
1766068722.0545387,125.576,0.0,192.317544
1766068722.6309247,125.529,0.0,192.317544
1766068723.3451414,125.514,0.0,192.317544
1766068723.9237878,125.511,0.0,192.317544
1766068724.6352327,125.519,0.0,192.317544
1766068725.2135084,125.515,0.0,192.317544
1766068725.804617,125.507,0.0,192.317544
1766068726.3816795,125.507,0.0,192.317544
1766068726.9594755,125.507,0.0,192.317544
1766068727.5384803,125.507,0.0,192.317544
1766068728.19327,125.507,0.0,192.317544
1766068728.7697356,125.519,0.0,192.317544
1766068731.5639658,125.533,0.0,192.317544
1766068732.1485956,125.533,0.0,192.317544
1766068732.7256455,125.533,0.0,192.317544
1766068733.3046746,125.533,0.0,192.317544
1766068733.880719,125.523,0.0,192.317544
1766068734.593585,125.547,0.0,192.317544
1766068735.1702602,125.589,0.0,192.317544
1766068735.7594352,125.601,0.0,192.317544
1766068736.3371587,125.638,0.0,192.317544
1766068736.913472,125.63,0.0,192.317544
1766068737.4984,125.613,0.0,192.317544
1766068738.074567,125.601,0.0,192.317544
1766068738.7291336,125.613,0.0,192.317544
1766068739.3085368,125.613,0.0,192.317544
1766068742.1376193,125.585,0.0,192.317544
1766068742.7385736,125.552,0.0,192.317544
1766068743.3279808,125.557,0.0,192.317544
1766068743.904632,125.557,0.0,192.317544
1766068744.4819784,125.588,0.0,192.317544
1766068745.0585124,125.588,0.0,192.317544
1766068745.6644754,125.549,0.0,192.317544
1766068746.244241,125.549,0.0,192.317544
1766068746.8190532,125.568,0.0,192.317544
1766068747.3946028,125.568,0.0,192.317544
1766068747.9699798,125.568,0.0,192.317544
1766068748.5470302,125.568,0.0,192.317544
1766068749.1983461,125.583,0.0,192.317544
1766068749.778735,125.583,0.0,192.317544
1766068752.5681612,125.492,0.0,192.317544
1766068753.153558,125.492,0.0,192.317544
1766068753.7295957,125.492,0.0,192.317544
1766068754.3045797,125.492,0.0,192.317544
1766068754.8824859,125.517,0.0,192.317544
1766068755.4599836,125.517,0.0,192.317544
1766068756.0347464,125.488,0.0,192.317544
1766068756.6198068,125.461,0.0,192.317544
1766068757.198089,125.444,0.0,192.317544
1766068757.78602,125.416,0.0,192.317544
1766068758.3697953,125.36,0.0,192.317544
1766068758.94474,125.327,0.0,192.317544
1766068759.8736086,125.346,0.0,192.317544
1766068760.4506652,125.3,0.0,192.317544
1766068761.1633158,125.294,0.0,192.317544
1766068761.8770008,125.302,0.0,192.317544
1766068764.5308893,125.24,0.0,192.317544
1766068765.2461061,125.233,0.0,192.317544
1766068765.9551988,125.2,0.0,192.317544
1766068766.5341423,125.18,0.0,192.317544
1766068767.1177948,125.119,0.0,192.317544
1766068767.6938875,125.122,0.0,192.317544
1766068768.3016613,125.135,0.0,192.317544
1766068768.9023237,125.133,0.0,192.317544
1766068769.4785366,125.142,0.0,192.317544
1766068770.2791016,125.197,0.0,192.317544
1766068770.8610983,125.175,0.0,192.317544
1766068771.57165,125.158,0.0,192.317544
1766068774.2310677,125.221,0.0,192.317544
1766068774.813071,125.235,0.0,192.317544
1766068775.3941386,125.201,0.0,192.317544
1766068775.9710221,125.201,0.0,192.317544
1766068776.6833062,125.201,0.0,192.317544
1766068777.2605271,125.201,0.0,192.317544
1766068777.8369887,125.198,0.0,192.317544
1766068778.5466359,125.181,0.0,192.317544
1766068779.122429,125.18,0.0,192.317544
1766068779.838894,125.147,0.0,192.317544
1766068780.499542,125.147,0.0,192.317544
1766068783.1545136,125.219,0.0,192.317544
1766068783.7520316,125.219,0.0,192.317544
1766068784.4657736,125.219,0.0,192.317544
1766068785.1824381,125.302,0.0,192.317544
1766068785.7624469,125.325,0.0,192.317544
1766068786.338581,125.287,0.0,192.317544
1766068787.07222,125.279,0.0,192.317544
1766068787.651954,125.281,0.0,192.317544
1766068788.230096,125.281,0.0,192.317544
1766068788.8044777,125.333,0.0,192.317544
1766068789.384642,125.4,0.0,192.317544
1766068790.0970557,125.412,0.0,192.317544
1766068790.7507968,125.433,0.0,192.317544
1766068791.4610052,125.411,0.0,192.317544
1766068792.1727822,125.433,0.0,192.317544
1766068792.8847327,125.433,0.0,192.317544
1766068793.5971408,125.444,0.0,192.317544
1766068794.3131802,125.444,0.0,192.317544
1766068794.8899832,125.478,0.0,192.317544
1766068797.6881933,125.51,0.0,192.317544
1766068798.2645257,125.51,0.0,192.317544
1766068798.8500848,125.51,0.0,192.317544
1766068799.4376304,125.51,0.0,192.317544
1766068800.0138175,125.546,0.0,192.317544
1766068800.8099413,125.583,0.0,192.317544
1766068801.3862789,125.612,0.0,192.317544
1766068802.0605977,125.648,0.0,192.317544
1766068802.6865406,125.635,0.0,192.317544
1766068803.3275845,125.588,0.0,192.317544
1766068804.0540571,125.539,0.0,192.317544
1766068804.6306937,125.487,0.0,192.317544
1766068805.3456588,125.487,0.0,192.317544
1766068807.9984756,125.444,0.0,192.317544
1766068808.5756361,125.438,0.0,192.317544
1766068809.1537762,125.438,0.0,192.317544
1766068809.868092,125.438,0.0,192.317544
1766068810.449014,125.41,0.0,192.317544
1766068811.2701414,125.321,0.0,192.317544
1766068811.8555865,125.349,0.0,192.317544
1766068812.5674903,125.371,0.0,192.317544
1766068813.1495447,125.372,0.0,192.317544
1766068813.8669002,125.372,0.0,192.317544
1766068814.4446647,125.346,0.0,192.317544
1766068815.0214498,125.353,0.0,192.317544
1766068817.6768374,125.415,0.0,192.317544
1766068818.26061,125.407,0.0,192.317544
1766068818.8376284,125.407,0.0,192.317544
1766068819.4163573,125.384,0.0,192.317544
1766068819.995292,125.404,0.0,192.317544
1766068820.5709894,125.424,0.0,192.317544
1766068821.2665308,125.377,0.0,192.317544
1766068821.8464038,125.373,0.0,192.317544
1766068824.4991605,125.355,0.0,192.317544
1766068825.0773768,125.355,0.0,192.317544
1766068825.656551,125.358,0.0,192.317544
1766068826.2340715,125.367,0.0,192.317544
1766068826.8169143,125.416,0.0,192.317544
1766068827.3930585,125.448,0.0,192.317544
1766068827.9696631,125.484,0.0,192.317544
1766068828.682671,125.483,0.0,192.317544
1766068829.4007418,125.483,0.0,192.317544
1766068829.9775712,125.461,0.0,192.317544
1766068830.6996734,125.431,0.0,192.317544
1766068831.2825904,125.437,0.0,192.317544
1766068834.160779,125.603,0.0,192.317544
1766068834.7374458,125.613,0.0,192.317544
1766068835.313676,125.578,0.0,192.317544
1766068835.8962092,125.558,0.0,192.317544
1766068836.4730115,125.532,0.0,192.317544
1766068837.0495114,125.532,0.0,192.317544
1766068837.6351268,125.532,0.0,192.317544
1766068838.2117765,125.497,0.0,192.317544
1766068838.7881618,125.499,0.0,192.317544
1766068839.362622,125.478,0.0,192.317544
1766068839.9401317,125.485,0.0,192.317544
1766068840.5163257,125.48,0.0,192.317544
1766068843.1681638,125.443,0.0,192.317544
1766068843.9745407,125.443,0.0,192.317544
1766068844.55071,125.374,0.0,192.317544
1766068845.259291,125.374,0.0,192.317544
1766068845.8351772,125.389,0.0,192.317544
1766068846.5671422,125.374,0.0,192.317544
1766068847.1498454,125.378,0.0,192.317544
1766068847.729949,125.406,0.0,192.317544
1766068848.3061662,125.421,0.0,192.317544
1766068848.8857446,125.421,0.0,192.317544
1766068851.5497172,125.452,0.0,192.317544
1766068852.129795,125.457,0.0,192.317544
1766068852.8424392,125.497,0.0,192.317544
1766068853.4213068,125.502,0.0,192.317544
1766068854.0796008,125.553,0.0,192.317544
1766068854.6572485,125.558,0.0,192.317544
1766068855.2334578,125.565,0.0,192.317544
1766068855.8097675,125.565,0.0,192.317544
1766068856.5409331,125.565,0.0,192.317544
1766068857.1161206,125.585,0.0,192.317544
1766068859.7683086,125.594,0.0,192.317544
1766068860.343185,125.59,0.0,192.317544
1766068860.9367166,125.581,0.0,192.317544
1766068861.5237458,125.547,0.0,192.317544
1766068862.1332698,125.549,0.0,192.317544
1766068862.7131581,125.549,0.0,192.317544
1766068863.294065,125.481,0.0,192.317544
1766068863.8703647,125.567,0.0,192.317544
1766068864.7389867,125.592,0.0,192.317544
1766068865.3221242,125.591,0.0,192.317544
1766068868.013991,125.573,0.0,192.317544
1766068868.5909011,125.535,0.0,192.317544
1766068869.1730294,125.537,0.0,192.317544
1766068869.752431,125.504,0.0,192.317544
1766068870.3344972,125.504,0.0,192.317544
1766068870.9115584,125.549,0.0,192.317544
1766068871.4942305,125.549,0.0,192.317544
1766068872.2094932,125.553,0.0,192.317544
1766068872.7877305,125.529,0.0,192.317544
1766068873.3647687,125.529,0.0,192.317544
1766068873.955934,125.529,0.0,192.317544
1766068874.7808986,125.547,0.0,192.317544
1766068875.359182,125.547,0.0,192.317544
1766068875.9374845,125.555,0.0,192.317544
1766068876.6497636,125.555,0.0,192.317544
1766068879.3053896,125.488,0.0,192.317544
1766068879.8820229,125.51,0.0,192.317544
1766068880.4583905,125.51,0.0,192.317544
1766068881.2039208,125.486,0.0,192.317544
1766068881.7835512,125.472,0.0,192.317544
1766068882.3617144,125.469,0.0,192.317544
1766068882.9496355,125.479,0.0,192.317544
1766068885.1154459,125.499,0.0,192.317544
1766068885.778663,125.516,0.0,192.317544
1766068886.3575592,125.516,0.0,192.317544
1766068887.0671573,125.554,0.0,192.317544
1766068887.6438003,125.554,0.0,192.317544
1766068888.3589072,125.498,0.0,192.317544
1766068888.9344392,125.502,0.0,192.317544
1766068889.512446,125.502,0.0,192.317544
1766068890.2282078,125.502,0.0,192.317544
1766068890.8050818,125.529,0.0,192.317544
1766068891.5168421,125.529,0.0,192.317544
1766068892.0948713,125.519,0.0,192.317544
1766068892.6726346,125.519,0.0,192.317544
1766068893.2765875,125.507,0.0,192.317544
1766068893.853376,125.503,0.0,192.317544
1766068896.5198526,125.555,0.0,192.317544
1766068897.1818926,125.569,0.0,192.317544
1766068897.893868,125.584,0.0,192.317544
1766068898.469602,125.605,0.0,192.317544
1766068899.0581033,125.603,0.0,192.317544
1766068899.6389477,125.611,0.0,192.317544
1766068900.2156687,125.611,0.0,192.317544
1766068900.7927086,125.685,0.0,192.317544
1766068901.3762836,125.652,0.0,192.317544
1766068904.0300112,125.645,0.0,192.317544
1766068904.6103704,125.595,0.0,192.317544
1766068905.194682,125.595,0.0,192.317544
1766068905.7744472,125.585,0.0,192.317544
1766068906.3538423,125.59,0.0,192.317544
1766068906.928332,125.59,0.0,192.317544
1766068907.725978,125.59,0.0,192.317544
1766068908.3031561,125.65,0.0,192.317544
1766068908.885845,125.64,0.0,192.317544
1766068911.5438247,125.601,0.0,192.317544
1766068912.1271439,125.601,0.0,192.317544
1766068912.705146,125.601,0.0,192.317544
1766068913.2819946,125.621,0.0,192.317544
1766068913.8572884,125.621,0.0,192.317544
1766068914.4352527,125.621,0.0,192.317544
1766068915.0160923,125.605,0.0,192.317544
1766068915.595922,125.605,0.0,192.317544
1766068916.1730266,125.6,0.0,192.317544
1766068916.7477164,125.6,0.0,192.317544
1766068917.325317,125.6,0.0,192.317544
1766068917.9986887,125.594,0.0,192.317544
1766068918.575968,125.594,0.0,192.317544
1766068919.286794,125.619,0.0,192.317544
1766068921.9770648,125.701,0.0,192.317544
1766068922.557656,125.701,0.0,192.317544
1766068923.1363738,125.799,0.0,192.317544
1766068923.7208426,125.8,0.0,192.317544
1766068924.2995641,125.764,0.0,192.317544
1766068925.016367,125.626,0.0,192.317544
1766068925.5995743,125.632,0.0,192.317544
1766068926.1780243,125.613,0.0,192.317544
1766068926.754503,125.599,0.0,192.317544
1766068927.3301687,125.599,0.0,192.317544
1766068927.9798684,125.531,0.0,192.317544
1766068928.6964643,125.531,0.0,192.317544
1766068929.2710683,125.565,0.0,192.317544
1766068929.848436,125.565,0.0,192.317544
1766068932.5054095,125.642,0.0,192.317544
1766068933.2169893,125.651,0.0,192.317544
1766068933.9295814,125.651,0.0,192.317544
1766068934.5174618,125.663,0.0,192.317544
1766068935.2537122,125.666,0.0,192.317544
1766068935.8333097,125.68,0.0,192.317544
1766068936.414904,125.675,0.0,192.317544
1766068936.9932418,125.714,0.0,192.317544
1766068937.7022245,125.727,0.0,192.317544
1766068938.3805678,125.707,0.0,192.317544
1766068938.9576757,125.708,0.0,192.317544
1766068939.5355978,125.671,0.0,192.317544
1766068942.324135,125.684,0.0,192.317544
1766068942.8987362,125.664,0.0,192.317544
1766068943.475011,125.675,0.0,192.317544
1766068944.0516744,125.662,0.0,192.317544
1766068944.629315,125.632,0.0,192.317544
1766068945.206333,125.597,0.0,192.317544
1766068945.7851717,125.595,0.0,192.317544
1766068946.361523,125.583,0.0,192.317544
1766068946.939901,125.583,0.0,192.317544
1766068947.528317,125.583,0.0,192.317544
1766068948.24688,125.583,0.0,192.317544
1766068948.8993368,125.576,0.0,192.317544
1766068949.493409,125.576,0.0,192.317544
1766068950.0721176,125.576,0.0,192.317544
1766068952.7385004,125.55,0.0,192.317544
1766068953.3179576,125.513,0.0,192.317544
1766068953.9151423,125.504,0.0,192.317544
1766068954.6218984,125.504,0.0,192.317544
1766068955.2044694,125.48,0.0,192.317544
1766068955.9147773,125.471,0.0,192.317544
1766068956.4892964,125.458,0.0,192.317544
1766068957.0726023,125.445,0.0,192.317544
1766068957.647538,125.439,0.0,192.317544
1766068958.224559,125.405,0.0,192.317544
1766068960.9843946,125.465,0.0,192.317544
1766068961.5613394,125.465,0.0,192.317544
1766068962.1377354,125.481,0.0,192.317544
1766068962.7167282,125.464,0.0,192.317544
1766068963.2918487,125.498,0.0,192.317544
1766068963.87111,125.506,0.0,192.317544
1766068964.456501,125.516,0.0,192.317544
1766068965.032945,125.516,0.0,192.317544
1766068965.607425,125.518,0.0,192.317544
1766068966.1858983,125.518,0.0,192.317544
1766068966.76154,125.56,0.0,192.317544
1766068967.3397357,125.557,0.0,192.317544
1766068968.0532465,125.53,0.0,192.317544
1766068968.7667568,125.53,0.0,192.317544
1766068969.5528743,125.511,0.0,192.317544
1766068972.2062216,125.471,0.0,192.317544
1766068972.781504,125.471,0.0,192.317544
1766068973.361947,125.471,0.0,192.317544
1766068973.9373128,125.464,0.0,192.317544
1766068974.517288,125.456,0.0,192.317544
1766068975.1093316,125.48,0.0,192.317544
1766068975.6968927,125.48,0.0,192.317544
1766068976.2794554,125.491,0.0,192.317544
1766068976.990623,125.491,0.0,192.317544
1766068977.699924,125.491,0.0,192.317544
1766068978.2843065,125.46,0.0,192.317544
1766068978.874623,125.46,0.0,192.317544
1766068979.530191,125.456,0.0,192.317544
1766068980.113254,125.37,0.0,192.317544
1766068980.8652182,125.362,0.0,192.317544
1766068983.5236506,125.312,0.0,192.317544
1766068984.2404788,125.356,0.0,192.317544
1766068984.8225338,125.33,0.0,192.317544
1766068985.402319,125.34,0.0,192.317544
1766068986.1265388,125.292,0.0,192.317544
1766068986.7068055,125.286,0.0,192.317544
1766068987.2974727,125.293,0.0,192.317544
1766068987.8732975,125.384,0.0,192.317544
1766068988.4596272,125.352,0.0,192.317544
1766068989.0407012,125.337,0.0,192.317544
1766068991.9218476,125.415,0.0,192.317544
1766068992.6384025,125.367,0.0,192.317544
1766068993.2313533,125.367,0.0,192.317544
1766068993.8136208,125.394,0.0,192.317544
1766068994.3970585,125.436,0.0,192.317544
1766068995.1194212,125.442,0.0,192.317544
1766068995.700309,125.407,0.0,192.317544
1766068996.2777333,125.407,0.0,192.317544
1766068996.8585646,125.396,0.0,192.317544
1766068997.5819533,125.375,0.0,192.317544
1766068998.2996953,125.383,0.0,192.317544
1766068998.8818998,125.383,0.0,192.317544
1766068999.4666564,125.347,0.0,192.317544
1766069002.2129939,125.246,0.0,192.317544
1766069002.7945702,125.262,0.0,192.317544
1766069003.372383,125.261,0.0,192.317544
1766069003.9486408,125.262,0.0,192.317544
1766069004.533334,125.299,0.0,192.317544
1766069005.1097395,125.289,0.0,192.317544
1766069005.6907978,125.279,0.0,192.317544
1766069006.404751,125.281,0.0,192.317544
1766069006.9822328,125.282,0.0,192.317544
1766069007.5581245,125.269,0.0,192.317544
1766069008.2690854,125.176,0.0,192.317544
1766069008.8489666,125.174,0.0,192.317544
1766069009.4288824,125.164,0.0,192.317544
1766069010.0045452,125.166,0.0,192.317544
1766069010.9317083,125.167,0.0,192.317544
1766069011.5088928,125.199,0.0,192.317544
1766069014.2987392,125.119,0.0,192.317544
1766069014.8750973,125.13,0.0,192.317544
1766069015.455842,125.131,0.0,192.317544
1766069016.0335693,125.131,0.0,192.317544
1766069016.7467103,125.19,0.0,192.317544
1766069017.460115,125.143,0.0,192.317544
1766069018.036423,125.128,0.0,192.317544
1766069018.6149423,125.118,0.0,192.317544
1766069019.190588,125.142,0.0,192.317544
1766069019.7657995,125.145,0.0,192.317544
1766069020.3504887,125.135,0.0,192.317544
1766069021.145244,125.155,0.0,192.317544
1766069021.7228775,125.155,0.0,192.317544
1766069022.305363,125.157,0.0,192.317544
1766069022.8826058,125.121,0.0,192.317544
1766069025.7138126,125.125,0.0,192.317544
1766069026.2941844,125.125,0.0,192.317544
1766069027.0033858,125.129,0.0,192.317544
1766069027.5878434,125.129,0.0,192.317544
1766069028.3029525,125.17,0.0,192.317544
1766069029.0154698,125.167,0.0,192.317544
1766069029.5924501,125.169,0.0,192.317544
1766069030.1675575,125.146,0.0,192.317544
1766069030.743568,125.182,0.0,192.317544
1766069031.406897,125.151,0.0,192.317544
1766069031.9849477,125.141,0.0,192.317544
1766069032.5598588,125.161,0.0,192.317544
1766069035.3589787,125.165,0.0,192.317544
1766069035.9395401,125.165,0.0,192.317544
1766069036.5169783,125.176,0.0,192.317544
1766069037.1034658,125.141,0.0,192.317544
1766069037.678524,125.141,0.0,192.317544
1766069038.2569678,125.141,0.0,192.317544
1766069038.8324296,125.141,0.0,192.317544
1766069039.4074328,125.141,0.0,192.317544
1766069039.9825766,125.177,0.0,192.317544
1766069040.6930366,125.168,0.0,192.317544
1766069041.4025784,125.158,0.0,192.317544
1766069042.0522277,125.139,0.0,192.317544
1766069042.6279612,125.136,0.0,192.317544
1766069043.3440807,125.122,0.0,192.317544
1766069043.9299977,125.082,0.0,192.317544
1766069044.5103803,125.062,0.0,192.317544
1766069047.3043258,125.002,0.0,192.317544
1766069047.880002,125.018,0.0,192.317544
1766069048.5920708,125.022,0.0,192.317544
1766069049.1664598,125.073,0.0,192.317544
1766069049.7431073,125.014,0.0,192.317544
1766069050.3287742,125.014,0.0,192.317544
1766069050.9064434,125.014,0.0,192.317544
1766069051.4823542,125.014,0.0,192.317544
1766069052.151291,124.927,0.0,192.317544
1766069052.8655453,124.939,0.0,192.317544
1766069053.575711,124.878,0.0,192.317544
1766069056.2470262,124.753,0.0,192.317544
1766069056.8369408,124.769,0.0,192.317544
1766069057.4131143,124.822,0.0,192.317544
1766069057.988322,124.827,0.0,192.317544
1766069058.5666084,124.848,0.0,192.317544
1766069059.1415627,124.796,0.0,192.317544
1766069059.850928,124.796,0.0,192.317544
1766069060.4265573,124.796,0.0,192.317544
1766069061.0034428,124.758,0.0,192.317544
1766069061.5797915,124.759,0.0,192.317544
1766069062.3693428,124.797,0.0,192.317544
1766069062.9472418,124.797,0.0,192.317544
1766069063.5217934,124.815,0.0,192.317544
1766069064.2374945,124.811,0.0,192.317544
1766069064.9459026,124.845,0.0,192.317544
1766069065.6606483,124.79,0.0,192.317544
1766069068.319705,124.797,0.0,192.317544
1766069068.8950546,124.797,0.0,192.317544
1766069069.4724197,124.797,0.0,192.317544
1766069070.0522969,124.833,0.0,192.317544
1766069070.62805,124.833,0.0,192.317544
1766069071.2028654,124.836,0.0,192.317544
1766069071.7782133,124.954,0.0,192.317544
1766069072.5821352,124.957,0.0,192.317544
1766069073.2916577,124.948,0.0,192.317544
1766069073.8679898,124.955,0.0,192.317544
1766069076.5250254,124.8,0.0,192.317544
1766069077.1015506,124.914,0.0,192.317544
1766069077.6778078,124.879,0.0,192.317544
1766069078.3882368,124.902,0.0,192.317544
1766069078.9632576,124.897,0.0,192.317544
1766069079.6753106,124.897,0.0,192.317544
1766069080.2501698,124.889,0.0,192.317544
1766069080.8269331,124.905,0.0,192.317544
1766069081.4029207,124.905,0.0,192.317544
1766069081.9797108,124.91,0.0,192.317544
1766069084.7373042,124.761,0.0,192.317544
1766069085.4588573,124.761,0.0,192.317544
1766069086.0652447,124.831,0.0,192.317544
1766069086.642033,124.797,0.0,192.317544
1766069087.2163134,124.829,0.0,192.317544
1766069087.7900305,124.829,0.0,192.317544
1766069088.3672256,124.862,0.0,192.317544
1766069088.9475634,124.843,0.0,192.317544
1766069089.6595669,124.838,0.0,192.317544
1766069090.2380328,124.859,0.0,192.317544
1766069090.8164454,124.891,0.0,192.317544
1766069091.3934069,124.858,0.0,192.317544
1766069091.9770048,124.895,0.0,192.317544
1766069092.5532162,124.895,0.0,192.317544
1766069093.4744976,124.862,0.0,192.317544
1766069094.0538452,124.863,0.0,192.317544
1766069096.71666,124.834,0.0,192.317544
1766069097.292567,124.833,0.0,192.317544
1766069097.8803272,124.838,0.0,192.317544
1766069098.4590154,124.825,0.0,192.317544
1766069099.1744032,124.861,0.0,192.317544
1766069099.754543,124.856,0.0,192.317544
1766069100.3361998,124.863,0.0,192.317544
1766069104.9065423,125.091,-1.0,192.382744
1766069105.5718386,125.135,-1.0,192.382744
1766069106.1496053,125.169,-1.0,192.382744
1766069106.8613384,125.16,-1.0,192.382744
1766069107.4395123,125.167,-1.0,192.382744
1766069108.015577,125.125,-1.0,192.382744
1766069108.5957482,125.121,-1.0,192.382744
1766069109.1705031,125.126,-1.0,192.382744
1766069109.8813741,125.17,-1.0,192.382744
1766069110.4646497,125.133,-1.0,192.382744
1766069111.0491865,125.1,-1.0,192.382744
1766069111.6288514,125.101,-1.0,192.382744
1766069112.2101982,125.137,-1.0,192.382744
1766069112.7964122,125.171,-1.0,192.382744
1766069113.5182571,125.159,-1.0,192.382744
1766069114.0925634,125.181,-1.0,192.382744
1766069114.6800394,125.143,-1.0,192.382744
1766069115.258772,125.143,-1.0,192.382744
1766069115.9192464,125.143,-1.0,192.228744
1766069118.586393,125.08,-1.0,192.228744
1766069119.1659195,125.064,-1.0,192.228744
1766069119.757058,125.064,-1.0,192.228744
1766069120.3578632,125.059,-1.0,192.228744
1766069120.9328296,125.029,-1.0,192.228744
1766069121.5126731,125.073,-1.0,192.228744
1766069122.087977,125.12,-1.0,192.228744
1766069122.7987216,125.12,-1.0,192.228744
1766069123.376694,125.019,-1.0,192.228744
1766069123.9538774,125.042,-1.0,192.228744
1766069124.530885,125.116,-1.0,192.228744
1766069125.111683,125.116,-1.0,192.228744
1766069125.694443,125.074,-1.0,192.228744
1766069126.3513951,125.059,-1.0,192.228744
1766069129.0279996,125.051,-1.0,192.228744
1766069129.6088898,125.092,-1.0,192.228744
1766069130.1852052,125.092,-1.0,192.228744
1766069130.8946896,125.106,-1.0,192.228744
1766069131.4730587,125.095,-1.0,192.228744
1766069132.0530365,125.112,-1.0,192.228744
1766069132.6288047,125.112,-1.0,192.228744
1766069133.2060921,125.108,-1.0,192.228744
1766069133.9153428,125.155,-1.0,192.228744
1766069134.4948208,125.155,-1.0,192.228744
1766069135.072917,125.14,-1.0,192.228744
1766069135.6474688,125.079,-1.0,192.228744
1766069136.232304,125.112,-1.0,192.228744
1766069137.0435164,125.112,-1.0,192.228744
1766069137.6194372,125.16,-1.0,192.228744
1766069140.276477,125.133,-1.0,192.228744
1766069140.8537107,125.104,-1.0,192.228744
1766069141.4351857,125.104,-1.0,192.228744
1766069142.011281,125.07,-1.0,192.228744
1766069142.5872488,125.07,-1.0,192.228744
1766069143.1650486,125.074,-1.0,192.228744
1766069143.894796,125.09,-1.0,192.228744
1766069144.4725993,125.079,-1.0,192.228744
1766069145.059189,125.079,-1.0,192.228744
1766069145.6369195,125.093,-1.0,192.228744
1766069146.2177858,125.058,-1.0,192.228744
1766069146.8227892,125.11,-1.0,192.228744
1766069147.5168262,125.089,-1.0,192.228744
1766069148.092351,125.089,-1.0,192.228744
1766069150.7498105,125.094,-1.0,192.228744
1766069151.3495185,125.081,-1.0,192.228744
1766069151.9264297,125.081,-1.0,192.228744
1766069152.6413987,125.075,-1.0,192.228744
1766069153.2368214,125.075,-1.0,192.228744
1766069153.8192565,125.075,-1.0,192.228744
1766069154.3971558,125.094,-1.0,192.228744
1766069155.108832,125.112,-1.0,192.228744
1766069155.6851428,125.112,-1.0,192.228744
1766069156.4071374,125.139,-1.0,192.228744
1766069156.983823,125.197,-1.0,192.228744
1766069159.719591,125.222,-1.0,192.255744
1766069166.3856468,125.203,0.0,192.183744
1766069167.1015167,125.258,0.0,192.183744
1766069167.6795568,125.358,0.0,192.183744
1766069168.393043,125.329,0.0,192.183744
1766069168.9695613,125.329,0.0,192.183744
1766069169.5462282,125.281,0.0,192.183744
1766069170.2703843,125.27,0.0,192.183744
1766069170.848653,125.235,0.0,192.183744
1766069171.4334984,125.251,0.0,192.183744
1766069172.1460521,125.192,0.0,192.183744
1766069172.7291086,125.193,0.0,192.183744
1766069173.3314967,125.191,0.0,192.183744
1766069173.9092543,125.141,0.0,192.183744
1766069174.4849286,125.152,0.0,192.183744
1766069175.061965,125.165,0.0,192.183744
1766069175.6434615,125.184,0.0,192.183744
1766069176.3558104,125.195,0.0,192.183744
1766069176.9326224,125.21,0.0,192.183744
1766069177.6438572,125.246,0.0,192.183744
1766069178.2187812,125.19,0.0,192.183744
1766069179.016151,125.18,0.0,192.183744
1766069179.5955617,125.18,0.0,192.183744
1766069180.1728992,125.151,0.0,192.183744
1766069180.7764323,125.151,0.0,192.183744
1766069181.355606,125.106,0.0,192.183744
1766069181.932918,125.11,0.0,192.183744
1766069182.508239,125.103,0.0,192.183744
1766069183.0860088,125.116,0.0,192.183744
1766069185.0256512,125.105,0.0,192.183744
1766069185.757316,125.084,0.0,192.183744
1766069186.3352425,125.084,0.0,192.183744
1766069187.0523796,125.084,0.0,192.183744
1766069187.6296217,125.055,0.0,192.183744
1766069188.3414347,125.055,0.0,192.183744
1766069188.920693,125.036,0.0,192.183744
1766069189.7178175,125.072,0.0,192.183744
1766069190.2937167,125.072,0.0,192.183744
1766069191.0028307,125.088,0.0,192.183744
1766069191.5876021,125.169,0.0,192.183744
1766069192.3012865,125.169,0.0,192.183744
1766069192.8820367,125.227,0.0,192.183744
1766069193.5951166,125.228,0.0,192.183744
1766069194.1716528,125.218,0.0,192.183744
1766069194.7471898,125.218,0.0,192.183744
1766069195.4796104,125.218,0.0,192.183744
1766069196.0555682,125.223,0.0,192.183744
1766069196.6324852,125.232,0.0,192.183744
1766069197.2120998,125.193,0.0,192.183744
1766069197.7873614,125.212,0.0,192.183744
1766069198.3641372,125.232,0.0,192.183744
1766069201.0373425,125.238,0.0,192.183744
1766069201.7185686,125.26,0.0,192.183744
1766069202.2932708,125.292,0.0,192.183744
1766069202.8715231,125.303,0.0,192.183744
1766069203.4522958,125.303,0.0,192.183744
1766069204.0319128,125.332,0.0,192.183744
1766069204.6086245,125.326,0.0,192.183744
1766069205.1885953,125.323,0.0,192.183744
1766069205.901491,125.331,0.0,192.183744
1766069208.5596194,125.393,0.0,192.183744
1766069209.1371264,125.411,0.0,192.183744
1766069209.7262378,125.43,0.0,192.183744
1766069210.3005433,125.447,0.0,192.183744
1766069210.903751,125.478,0.0,192.183744
1766069211.4795787,125.558,0.0,192.183744
1766069212.1409824,125.522,0.0,192.183744
1766069212.7186034,125.521,0.0,192.183744
1766069213.3000429,125.521,0.0,192.183744
1766069215.9598439,125.52,0.0,192.183744
1766069216.5359137,125.52,0.0,192.183744
1766069217.245177,125.508,0.0,192.183744
1766069217.820711,125.556,0.0,192.183744
1766069218.5349774,125.531,0.0,192.183744
1766069219.112849,125.531,0.0,192.183744
1766069219.6890092,125.531,0.0,192.183744
1766069220.2650197,125.554,0.0,192.183744
1766069220.8432612,125.554,0.0,192.183744
1766069221.422703,125.622,0.0,192.183744
1766069222.002414,125.614,0.0,192.183744
1766069222.8218508,125.6,0.0,192.183744
1766069223.3983395,125.634,0.0,192.183744
1766069223.9765072,125.645,0.0,192.183744
1766069224.689586,125.653,0.0,192.183744
1766069227.3492005,125.658,0.0,192.183744
1766069228.0645676,125.672,0.0,192.183744
1766069228.654078,125.693,0.0,192.183744
1766069229.2450373,125.714,0.0,192.183744
1766069229.8239746,125.671,0.0,192.183744
1766069230.4055974,125.643,0.0,192.183744
1766069230.99124,125.643,0.0,192.183744
1766069231.567837,125.614,0.0,192.183744
1766069232.1444416,125.634,0.0,192.183744
1766069232.8113422,125.618,0.0,192.183744
1766069235.4746046,125.613,0.0,192.183744
1766069236.0506284,125.661,0.0,192.183744
1766069236.6280282,125.667,0.0,192.183744
1766069237.338022,125.667,0.0,192.183744
1766069237.9188695,125.678,0.0,192.183744
1766069238.4968798,125.678,0.0,192.183744
1766069239.0728626,125.649,0.0,192.183744
1766069239.6487887,125.651,0.0,192.183744
1766069240.2258894,125.65,0.0,192.183744
1766069240.801778,125.666,0.0,192.183744
1766069241.3781235,125.686,0.0,192.183744
1766069242.0877573,125.686,0.0,192.183744
1766069242.6633904,125.686,0.0,192.183744
1766069243.3169239,125.633,0.0,192.183744
1766069245.9888353,125.581,0.0,192.183744
1766069246.6973839,125.581,0.0,192.183744
1766069247.2740734,125.547,0.0,192.183744
1766069247.8588455,125.553,0.0,192.183744
1766069248.4390123,125.567,0.0,192.183744
1766069249.015486,125.566,0.0,192.183744
1766069249.7276003,125.547,0.0,192.183744
1766069250.443668,125.471,0.0,192.183744
1766069251.165671,125.421,0.0,192.183744
1766069251.8801303,125.413,0.0,192.183744
1766069252.5065603,125.413,0.0,192.183744
1766069253.0836484,125.451,0.0,192.183744
1766069253.892893,125.474,0.0,192.183744
1766069256.550699,125.517,0.0,192.183744
1766069257.1278756,125.499,0.0,192.183744
1766069257.705606,125.514,0.0,192.183744
1766069258.2858078,125.514,0.0,192.183744
1766069258.8632429,125.521,0.0,192.183744
1766069259.4406626,125.512,0.0,192.183744
1766069260.1532872,125.515,0.0,192.183744
1766069260.73051,125.515,0.0,192.183744
1766069261.3080125,125.544,0.0,192.183744
1766069261.9015992,125.518,0.0,192.183744
1766069262.478445,125.531,0.0,192.183744
1766069263.0638735,125.53,0.0,192.183744
1766069263.6525085,125.514,0.0,192.183744
1766069264.441377,125.512,0.0,192.183744
1766069265.1509163,125.512,0.0,192.183744
1766069267.8116665,125.47,0.0,192.183744
1766069268.552571,125.447,0.0,192.183744
1766069269.1297867,125.419,0.0,192.183744
1766069269.705153,125.406,0.0,192.183744
1766069270.2807806,125.407,0.0,192.183744
1766069270.9895062,125.407,0.0,192.183744
1766069271.5666964,125.407,0.0,192.183744
1766069272.1423726,125.448,0.0,192.183744
1766069272.8544123,125.47,0.0,192.183744
1766069273.4331641,125.479,0.0,192.183744
1766069274.012125,125.469,0.0,192.183744
1766069276.7572258,125.47,0.0,192.183744
1766069277.3348615,125.47,0.0,192.183744
1766069277.909938,125.447,0.0,192.183744
1766069278.493859,125.487,0.0,192.183744
1766069279.2039278,125.489,0.0,192.183744
1766069279.9227204,125.495,0.0,192.183744
1766069280.6361594,125.564,0.0,192.183744
1766069281.2155266,125.533,0.0,192.183744
1766069281.7988558,125.49,0.0,192.183744
1766069282.3753476,125.478,0.0,192.183744
1766069282.9628675,125.478,0.0,192.183744
1766069283.551647,125.483,0.0,192.183744
1766069284.1264353,125.483,0.0,192.183744
1766069284.7734845,125.483,0.0,192.183744
1766069285.3509593,125.483,0.0,192.183744
1766069288.02773,125.518,0.0,192.183744
1766069288.6043844,125.497,0.0,192.183744
1766069289.180779,125.497,0.0,192.183744
1766069289.7622507,125.501,0.0,192.183744
1766069290.3524864,125.501,0.0,192.183744
1766069291.0696523,125.507,0.0,192.183744
1766069291.6464229,125.505,0.0,192.183744
1766069292.3575363,125.505,0.0,192.183744
1766069293.0703235,125.496,0.0,192.183744
1766069293.6522958,125.493,0.0,192.183744
1766069294.234217,125.493,0.0,192.183744
1766069295.0339308,125.458,0.0,192.183744
1766069297.694789,125.437,0.0,192.183744
1766069298.4060302,125.446,0.0,192.183744
1766069298.9822102,125.394,0.0,192.183744
1766069299.5571802,125.386,0.0,192.183744
1766069300.2766924,125.427,0.0,192.183744
1766069300.8519797,125.427,0.0,192.183744
1766069301.427771,125.429,0.0,192.183744
1766069302.1430838,125.452,0.0,192.183744
1766069302.717618,125.462,0.0,192.183744
1766069303.293925,125.481,0.0,192.183744
1766069303.8701286,125.48,0.0,192.183744
1766069304.580957,125.48,0.0,192.183744
1766069305.2332633,125.273,0.0,192.183744
1766069305.8157618,125.252,0.0,192.183744
1766069306.3921301,125.252,0.0,192.183744
1766069307.100969,125.313,0.0,192.183744
1766069309.752018,125.224,0.0,192.183744
1766069310.3279018,125.239,0.0,192.183744
1766069310.9028368,125.26,0.0,192.183744
1766069311.4791675,125.27,0.0,192.183744
1766069312.0565367,125.294,0.0,192.183744
1766069312.6375756,125.301,0.0,192.183744
1766069313.2137988,125.301,0.0,192.183744
1766069313.7999175,125.26,0.0,192.183744
1766069314.3775342,125.26,0.0,192.183744
1766069314.953442,125.251,0.0,192.183744
1766069315.670671,125.251,0.0,192.183744
1766069316.2450314,125.251,0.0,192.183744
1766069316.8204787,125.229,0.0,192.183744
1766069317.5315506,125.251,0.0,192.183744
1766069320.1863058,125.214,0.0,192.183744
1766069320.7614782,125.214,0.0,192.183744
1766069321.4722035,125.214,0.0,192.183744
1766069322.0472224,125.214,0.0,192.183744
1766069322.6234193,125.242,0.0,192.183744
1766069323.334179,125.242,0.0,192.183744
1766069323.9090002,125.242,0.0,192.183744
1766069324.4848576,125.242,0.0,192.183744
1766069325.1945133,125.265,0.0,192.183744
1766069325.858626,125.233,0.0,192.183744
1766069326.568688,125.195,0.0,192.183744
1766069329.2229228,125.198,0.0,192.183744
1766069329.7985835,125.178,0.0,192.183744
1766069330.5090497,125.121,0.0,192.183744
1766069331.0920143,125.121,0.0,192.183744
1766069331.671904,125.142,0.0,192.183744
1766069332.2477763,125.124,0.0,192.183744
1766069332.8252158,125.124,0.0,192.183744
1766069333.5474193,125.125,0.0,192.183744
1766069334.1228545,125.12,0.0,192.183744
1766069334.7030005,125.12,0.0,192.183744
1766069335.277434,125.119,0.0,192.183744
1766069335.9283135,125.096,0.0,192.183744
1766069336.5056567,125.096,0.0,192.183744
1766069337.081354,125.089,0.0,192.183744
1766069339.741702,125.065,0.0,192.183744
1766069340.4540884,125.024,0.0,192.183744
1766069344.9179215,124.912,-1.0,192.17834399999998
1766069345.4928565,124.883,-1.0,192.17834399999998
1766069346.170578,124.834,-1.0,192.241344
1766069346.7463958,124.849,-1.0,192.241344
1766069347.3218648,124.849,-1.0,192.241344
1766069348.0326731,124.904,-1.0,192.241344
1766069348.607937,124.916,-1.0,192.241344
1766069349.1845832,124.91,-1.0,192.241344
1766069349.7612042,124.91,-1.0,192.241344
1766069350.4769945,124.87,-1.0,192.241344
1766069351.2169793,124.821,-1.0,192.241344
1766069351.7935562,124.801,-1.0,192.241344
1766069352.3695416,124.813,-1.0,192.241344
1766069352.9465199,124.829,-1.0,192.241344
1766069353.658064,124.79,-1.0,192.241344
1766069354.2325702,124.788,-1.0,192.241344
1766069354.809605,124.792,-1.0,192.241344
1766069355.3856206,124.808,-1.0,192.241344
1766069355.9629676,124.795,-1.0,192.241344
1766069356.6213288,124.777,-1.0,192.341344
1766069357.1974719,124.771,-1.0,192.341344
1766069357.7733123,124.676,-1.0,192.341344
1766069358.3564055,124.676,-1.0,192.341344
1766069358.9363995,124.679,-1.0,192.341344
1766069359.646762,124.774,-1.0,192.341344
1766069360.362539,124.776,-1.0,192.341344
1766069363.0226703,124.808,-1.0,192.341344
1766069363.5979965,124.837,-1.0,192.341344
1766069364.1736128,124.898,-1.0,192.341344
1766069364.7493436,124.898,-1.0,192.341344
1766069365.331924,124.91,-1.0,192.341344
1766069366.0475848,124.889,-1.0,192.341344
1766069366.624712,124.88,-1.0,192.341344
1766069367.4294171,124.886,-1.0,192.236344
1766069368.1384373,124.873,-1.0,192.236344
1766069368.7186568,124.873,-1.0,192.236344
1766069369.2963135,124.871,-1.0,192.236344
1766069371.9501827,124.948,-1.0,192.236344
1766069372.6612906,124.978,-1.0,192.236344
1766069373.237965,124.971,-1.0,192.236344
1766069373.8155694,124.962,-1.0,192.236344
1766069374.391214,124.957,-1.0,192.236344
1766069374.9657357,124.957,-1.0,192.236344
1766069375.6748545,124.909,-1.0,192.236344
1766069376.3852048,124.909,-1.0,192.236344
1766069376.9618523,124.946,-1.0,192.236344
1766069377.6256683,124.959,-1.0,192.191344
1766069380.2789123,124.972,-1.0,192.191344
1766069380.9874759,124.977,-1.0,192.191344
1766069381.5629256,124.977,-1.0,192.191344
1766069382.2714674,124.977,-1.0,192.191344
1766069382.8490107,125.014,-1.0,192.191344
1766069383.4261656,125.015,-1.0,192.191344
1766069384.1348817,125.056,-1.0,192.191344
1766069384.7110708,125.056,-1.0,192.191344
1766069385.284872,125.028,-1.0,192.191344
1766069385.8602717,125.021,-1.0,192.191344
1766069386.4363866,124.999,-1.0,192.191344
1766069387.0132475,124.975,-1.0,192.191344
1766069387.6659482,125.018,-1.0,192.191344
1766069388.2417896,125.008,-1.0,192.191344
1766069388.8156903,125.009,-1.0,192.191344
1766069391.4929314,124.999,-1.0,192.191344
1766069392.0673563,124.999,-1.0,192.191344
1766069392.7774816,125.038,-1.0,192.191344
1766069393.3544335,125.037,-1.0,192.191344
1766069394.0640187,125.077,-1.0,192.191344
1766069394.641921,125.096,-1.0,192.191344
1766069401.373931,125.197,0.0,191.975344
1766069402.034952,125.3,0.0,191.975344
1766069402.6110632,125.25,0.0,191.975344
1766069403.1891406,125.255,0.0,191.975344
1766069403.9120014,125.221,0.0,191.975344
1766069404.489161,125.229,0.0,191.975344
1766069405.066601,125.232,0.0,191.975344
1766069405.6435208,125.232,0.0,191.975344
1766069406.2217298,125.227,0.0,191.975344
1766069406.9356866,125.251,0.0,191.975344
1766069407.5153244,125.256,0.0,191.975344
1766069408.0927966,125.256,0.0,191.975344
1766069408.6739905,125.246,0.0,191.975344
1766069409.2502549,125.264,0.0,191.975344
1766069409.8268876,125.264,0.0,191.975344
1766069410.4042583,125.24,0.0,191.975344
1766069410.9805832,125.267,0.0,191.975344
1766069411.5579574,125.267,0.0,191.975344
1766069412.2212188,125.288,0.0,191.975344
1766069412.7957408,125.263,0.0,191.975344
1766069413.3791194,125.228,0.0,191.975344
1766069414.093417,125.17,0.0,191.975344
1766069414.674047,125.17,0.0,191.975344
1766069415.2493663,125.17,0.0,191.975344
1766069415.8326492,125.163,0.0,191.975344
1766069416.4139235,125.23,0.0,191.975344
1766069416.990759,125.23,0.0,191.975344
1766069417.698929,125.241,0.0,191.975344
1766069418.2762194,125.241,0.0,191.975344
1766069418.8520842,125.241,0.0,191.975344
1766069419.4305465,125.225,0.0,191.975344
1766069420.0059307,125.225,0.0,191.975344
1766069420.580698,125.227,0.0,191.975344
1766069421.155663,125.219,0.0,191.975344
1766069421.8696558,125.219,0.0,191.975344
1766069422.6594326,125.234,0.0,191.975344
1766069425.3106105,125.344,0.0,191.975344
1766069426.0321531,125.335,0.0,191.975344
1766069426.6076736,125.349,0.0,191.975344
1766069427.1869037,125.349,0.0,191.975344
1766069427.7652884,125.35,0.0,191.975344
1766069428.3410175,125.32,0.0,191.975344
1766069428.9220283,125.32,0.0,191.975344
1766069429.5030472,125.295,0.0,191.975344
1766069430.0804605,125.311,0.0,191.975344
1766069430.6555533,125.289,0.0,191.975344
1766069431.3687727,125.289,0.0,191.975344
1766069432.0808487,125.305,0.0,191.975344
1766069432.8777819,125.294,0.0,191.975344
1766069433.4602246,125.288,0.0,191.975344
1766069434.0387266,125.288,0.0,191.975344
1766069434.772848,125.274,0.0,191.975344
1766069435.3605518,125.252,0.0,191.975344
1766069436.0724964,125.279,0.0,191.975344
1766069438.7417588,125.28,0.0,191.975344
1766069439.3198266,125.303,0.0,191.975344
1766069439.8997328,125.314,0.0,191.975344
1766069440.47938,125.323,0.0,191.975344
1766069441.0558631,125.323,0.0,191.975344
1766069441.7682283,125.323,0.0,191.975344
1766069442.3459032,125.308,0.0,191.975344
1766069443.012349,125.319,0.0,191.975344
1766069443.5895972,125.319,0.0,191.975344
1766069444.3042278,125.314,0.0,191.975344
1766069446.96124,125.289,0.0,191.975344
1766069447.5375671,125.305,0.0,191.975344
1766069448.1249592,125.305,0.0,191.975344
1766069448.7136602,125.318,0.0,191.975344
1766069449.2888837,125.315,0.0,191.975344
1766069449.8691225,125.318,0.0,191.975344
1766069450.4441113,125.323,0.0,191.975344
1766069451.024113,125.323,0.0,191.975344
1766069451.737938,125.34,0.0,191.975344
1766069452.3145273,125.354,0.0,191.975344
1766069452.8965096,125.354,0.0,191.975344
1766069453.6915479,125.326,0.0,191.975344
1766069454.2693117,125.326,0.0,191.975344
1766069454.8513505,125.343,0.0,191.975344
1766069457.5501456,125.358,0.0,191.975344
1766069458.261298,125.372,0.0,191.975344
1766069458.8401942,125.372,0.0,191.975344
1766069459.4202445,125.343,0.0,191.975344
1766069460.1373537,125.324,0.0,191.975344
1766069460.7152991,125.324,0.0,191.975344
1766069461.2960684,125.362,0.0,191.975344
1766069461.8754783,125.343,0.0,191.975344
1766069462.454558,125.333,0.0,191.975344
1766069463.0323148,125.378,0.0,191.975344
1766069463.8676493,125.367,0.0,191.975344
1766069466.53423,125.369,0.0,191.975344
1766069467.1146245,125.354,0.0,191.975344
1766069467.8292122,125.333,0.0,191.975344
1766069468.4047718,125.333,0.0,191.975344
1766069468.9808843,125.333,0.0,191.975344
1766069469.7008677,125.374,0.0,191.975344
1766069470.280369,125.374,0.0,191.975344
1766069470.8569407,125.379,0.0,191.975344
1766069471.4322233,125.379,0.0,191.975344
1766069472.0095437,125.407,0.0,191.975344
1766069472.7220004,125.407,0.0,191.975344
1766069473.437607,125.426,0.0,191.975344
1766069474.093489,125.422,0.0,191.975344
1766069474.6699848,125.432,0.0,191.975344
1766069475.2655783,125.432,0.0,191.975344
1766069476.03002,125.447,0.0,191.975344
1766069476.6080184,125.471,0.0,191.975344
1766069479.2640922,125.456,0.0,191.975344
1766069479.8397264,125.493,0.0,191.975344
1766069480.4207723,125.493,0.0,191.975344
1766069481.130799,125.48,0.0,191.975344
1766069481.7095177,125.506,0.0,191.975344
1766069482.2902052,125.497,0.0,191.975344
1766069482.8813248,125.497,0.0,191.975344
1766069483.4772239,125.523,0.0,191.975344
1766069485.5550375,125.564,0.0,191.975344
1766069486.13019,125.564,0.0,191.975344
1766069486.7081141,125.564,0.0,191.975344
1766069487.2897098,125.542,0.0,191.975344
1766069488.0015666,125.6,0.0,191.975344
1766069488.5767956,125.622,0.0,191.975344
1766069489.1543047,125.621,0.0,191.975344
1766069489.7312753,125.582,0.0,191.975344
1766069490.454359,125.571,0.0,191.975344
1766069491.0361514,125.56,0.0,191.975344
1766069491.74917,125.56,0.0,191.975344
1766069492.3370738,125.559,0.0,191.975344
1766069494.9945006,125.561,0.0,191.975344
1766069495.7891922,125.553,0.0,191.975344
1766069496.4989002,125.567,0.0,191.975344
1766069497.076699,125.582,0.0,191.975344
1766069497.6542015,125.559,0.0,191.975344
1766069498.2454224,125.548,0.0,191.975344
1766069498.820878,125.548,0.0,191.975344
1766069499.532003,125.548,0.0,191.975344
1766069500.246656,125.564,0.0,191.975344
1766069500.8303056,125.569,0.0,191.975344
1766069501.40713,125.596,0.0,191.975344
1766069502.1181831,125.592,0.0,191.975344
1766069504.769659,125.584,0.0,191.975344
1766069505.3463302,125.577,0.0,191.975344
1766069506.155627,125.579,0.0,191.975344
1766069506.730353,125.579,0.0,191.975344
1766069507.4399197,125.579,0.0,191.975344
1766069508.0169425,125.579,0.0,191.975344
1766069508.5933092,125.579,0.0,191.975344
1766069509.317718,125.568,0.0,191.975344
1766069510.0279362,125.568,0.0,191.975344
1766069510.7443905,125.549,0.0,191.975344
1766069511.4553692,125.483,0.0,191.975344
1766069512.1876895,125.476,0.0,191.975344
1766069512.8958075,125.492,0.0,191.975344
1766069513.4728281,125.492,0.0,191.975344
1766069514.185193,125.493,0.0,191.975344
1766069514.8997526,125.508,0.0,191.975344
1766069515.6139197,125.518,0.0,191.975344
1766069518.345229,125.545,0.0,191.975344
1766069518.934006,125.491,0.0,191.975344
1766069519.512374,125.483,0.0,191.975344
1766069520.2247887,125.461,0.0,191.975344
1766069520.8073337,125.434,0.0,191.975344
1766069521.3863666,125.431,0.0,191.975344
1766069521.9673157,125.401,0.0,191.975344
1766069522.5459733,125.418,0.0,191.975344
1766069523.1273413,125.432,0.0,191.975344
1766069523.7063496,125.443,0.0,191.975344
1766069524.2841005,125.456,0.0,191.975344
1766069524.8603868,125.468,0.0,191.975344
1766069525.5722036,125.472,0.0,191.975344
1766069526.2809567,125.472,0.0,191.975344
1766069527.0698931,125.472,0.0,191.975344
1766069527.64745,125.477,0.0,191.975344
1766069528.3634355,125.512,0.0,191.975344
1766069531.0441258,125.55,0.0,191.975344
1766069531.7645478,125.545,0.0,191.975344
1766069532.343523,125.552,0.0,191.975344
1766069532.919359,125.552,0.0,191.975344
1766069533.5019188,125.552,0.0,191.975344
1766069534.2128453,125.514,0.0,191.975344
1766069534.7898123,125.514,0.0,191.975344
1766069535.3666618,125.513,0.0,191.975344
1766069536.079361,125.512,0.0,191.975344
1766069536.65402,125.49,0.0,191.975344
1766069537.313024,125.497,0.0,191.975344
1766069539.9671435,125.552,0.0,191.975344
1766069540.541432,125.564,0.0,191.975344
1766069541.1254098,125.566,0.0,191.975344
1766069541.7021215,125.597,0.0,191.975344
1766069542.4159715,125.633,0.0,191.975344
1766069542.9927776,125.633,0.0,191.975344
1766069543.7062514,125.629,0.0,191.975344
1766069544.4157379,125.629,0.0,191.975344
1766069545.003703,125.629,0.0,191.975344
1766069545.581678,125.642,0.0,191.975344
1766069546.2966049,125.647,0.0,191.975344
1766069547.0184789,125.647,0.0,191.975344
1766069547.8132484,125.647,0.0,191.975344
1766069550.4676185,125.649,0.0,191.975344
1766069551.0464413,125.602,0.0,191.975344
1766069551.6227317,125.534,0.0,191.975344
1766069552.2875986,125.543,0.0,191.975344
1766069552.8629963,125.543,0.0,191.975344
1766069553.4393144,125.556,0.0,191.975344
1766069554.1507351,125.556,0.0,191.975344
1766069554.72537,125.581,0.0,191.975344
1766069555.3020544,125.572,0.0,191.975344
1766069555.8802133,125.534,0.0,191.975344
1766069556.456354,125.534,0.0,191.975344
1766069557.033264,125.564,0.0,191.975344
1766069557.6914392,125.564,0.0,191.975344
1766069560.3427956,125.585,0.0,191.975344
1766069560.9204535,125.571,0.0,191.975344
1766069561.6710138,125.587,0.0,191.975344
1766069562.2475915,125.572,0.0,191.975344
1766069562.964474,125.579,0.0,191.975344
1766069563.678278,125.579,0.0,191.975344
1766069564.2541306,125.586,0.0,191.975344
1766069564.8275614,125.605,0.0,191.975344
1766069565.4042227,125.605,0.0,191.975344
1766069566.1147983,125.626,0.0,191.975344
1766069566.6912546,125.626,0.0,191.975344
1766069567.2704287,125.632,0.0,191.975344
1766069570.0080054,125.614,0.0,191.975344
1766069570.583071,125.606,0.0,191.975344
1766069571.1605024,125.645,0.0,191.975344
1766069571.7368972,125.645,0.0,191.975344
1766069572.449115,125.636,0.0,191.975344
1766069573.027572,125.643,0.0,191.975344
1766069573.6074429,125.649,0.0,191.975344
1766069574.1826217,125.663,0.0,191.975344
1766069574.756958,125.663,0.0,191.975344
1766069575.3346918,125.673,0.0,191.975344
1766069575.9129465,125.685,0.0,191.975344
1766069576.489039,125.688,0.0,191.975344
1766069577.0637608,125.729,0.0,191.975344
1766069579.7276285,125.711,0.0,191.975344
1766069580.5284414,125.786,0.0,191.975344
1766069581.1035607,125.798,0.0,191.975344
1766069581.7009609,125.781,0.0,191.975344
1766069582.2854993,125.758,0.0,191.975344
1766069582.8676143,125.716,0.0,191.975344
1766069583.4431624,125.71,0.0,191.975344
1766069584.0252717,125.746,0.0,191.975344
1766069584.6000183,125.73,0.0,191.975344
1766069587.2606516,125.653,0.0,191.975344
1766069587.8452785,125.662,0.0,191.975344
1766069588.4201362,125.668,0.0,191.975344
1766069588.9981928,125.668,0.0,191.975344
1766069589.5737963,125.689,0.0,191.975344
1766069590.148287,125.752,0.0,191.975344
1766069590.9480867,125.744,0.0,191.975344
1766069591.6601648,125.728,0.0,191.975344
1766069592.2429886,125.746,0.0,191.975344
1766069592.957831,125.766,0.0,191.975344
1766069593.6712327,125.766,0.0,191.975344
1766069596.326115,125.773,0.0,191.975344
1766069597.05868,125.775,0.0,191.975344
1766069597.6348858,125.775,0.0,191.975344
1766069598.2109115,125.763,0.0,191.975344
1766069598.787289,125.785,0.0,191.975344
1766069599.3688498,125.829,0.0,191.975344
1766069599.947181,125.838,0.0,191.975344
1766069600.5246892,125.814,0.0,191.975344
1766069601.1856859,125.848,0.0,191.975344
1766069601.9077554,125.857,0.0,191.975344
1766069604.5607164,125.863,0.0,191.975344
1766069605.2795393,125.875,0.0,191.975344
1766069605.990492,125.85,0.0,191.975344
1766069606.5780346,125.85,0.0,191.975344
1766069607.1554909,125.85,0.0,191.975344
1766069607.7307053,125.85,0.0,191.975344
1766069608.3069873,125.85,0.0,191.975344
1766069608.8895352,125.812,0.0,191.975344
1766069609.4675014,125.812,0.0,191.975344
1766069610.044923,125.792,0.0,191.975344
1766069610.632466,125.798,0.0,191.975344
1766069613.5107412,125.78,0.0,191.975344
1766069614.2218394,125.784,0.0,191.975344
1766069614.9337366,125.812,0.0,191.975344
1766069615.509667,125.812,0.0,191.975344
1766069616.2236862,125.812,0.0,191.975344
1766069616.7996926,125.84,0.0,191.975344
1766069617.3763633,125.839,0.0,191.975344
1766069617.9520128,125.844,0.0,191.975344
1766069618.6633425,125.844,0.0,191.975344
1766069619.3759162,125.837,0.0,191.975344
1766069619.954563,125.82,0.0,191.975344
1766069620.5304806,125.821,0.0,191.975344
1766069621.110159,125.794,0.0,191.975344
1766069621.8972359,125.788,0.0,191.975344
1766069622.4754345,125.788,0.0,191.975344
1766069623.050992,125.788,0.0,191.975344
1766069623.6287515,125.788,0.0,191.975344
1766069626.2851033,125.763,0.0,191.975344
1766069626.8610632,125.763,0.0,191.975344
1766069627.4360933,125.756,0.0,191.975344
1766069628.1704068,125.749,0.0,191.975344
1766069628.7445467,125.734,0.0,191.975344
1766069629.3280158,125.732,0.0,191.975344
1766069629.9158747,125.732,0.0,191.975344
1766069630.4911482,125.745,0.0,191.975344
1766069631.2014956,125.784,0.0,191.975344
1766069631.7884147,125.79,0.0,191.975344
1766069634.5295079,125.735,0.0,191.975344
1766069635.1040888,125.73,0.0,191.975344
1766069635.682154,125.73,0.0,191.975344
1766069636.269593,125.707,0.0,191.975344
1766069636.8468657,125.725,0.0,191.975344
1766069637.4351985,125.736,0.0,191.975344
1766069638.0147502,125.715,0.0,191.975344
1766069638.5925734,125.715,0.0,191.975344
1766069639.1684315,125.715,0.0,191.975344
1766069639.7456834,125.715,0.0,191.975344
1766069640.329994,125.715,0.0,191.975344
1766069640.9242628,125.71,0.0,191.975344
1766069641.641786,125.692,0.0,191.975344
1766069644.295657,125.737,0.0,191.975344
1766069645.0993273,125.732,0.0,191.975344
1766069645.8260891,125.738,0.0,191.975344
1766069646.4039836,125.776,0.0,191.975344
1766069646.980418,125.776,0.0,191.975344
1766069647.5579367,125.771,0.0,191.975344
1766069648.1560416,125.765,0.0,191.975344
1766069648.8985283,125.809,0.0,191.975344
1766069649.4752264,125.809,0.0,191.975344
1766069650.0697742,125.819,0.0,191.975344
1766069650.6525834,125.819,0.0,191.975344
1766069653.3125362,125.808,0.0,191.975344
1766069653.8985295,125.802,0.0,191.975344
1766069654.606059,125.8,0.0,191.975344
1766069655.5406036,125.785,0.0,191.975344
1766069656.1203635,125.781,0.0,191.975344
1766069656.6972694,125.781,0.0,191.975344
1766069657.275956,125.788,0.0,191.975344
1766069657.8513696,125.781,0.0,191.975344
1766069658.427937,125.783,0.0,191.975344
1766069659.0032084,125.78,0.0,191.975344
1766069659.5786264,125.78,0.0,191.975344
1766069662.3695626,125.819,0.0,191.975344
1766069662.9465706,125.819,0.0,191.975344
1766069663.5221035,125.807,0.0,191.975344
1766069664.0995584,125.787,0.0,191.975344
1766069664.675899,125.778,0.0,191.975344
1766069665.3447297,125.787,0.0,191.975344
1766069665.9325044,125.792,0.0,191.975344
1766069666.645094,125.792,0.0,191.975344
1766069667.3755145,125.806,0.0,191.975344
1766069668.088759,125.806,0.0,191.975344
1766069668.666818,125.842,0.0,191.975344
1766069671.3184822,125.841,0.0,191.975344
1766069671.8953116,125.841,0.0,191.975344
1766069672.4790332,125.841,0.0,191.975344
1766069673.0572927,125.818,0.0,191.975344
1766069673.6339648,125.818,0.0,191.975344
1766069674.3451533,125.835,0.0,191.975344
1766069675.064669,125.827,0.0,191.975344
1766069675.7235036,125.822,0.0,191.975344
1766069676.299021,125.822,0.0,191.975344
1766069677.012609,125.81,0.0,191.975344
1766069677.5905743,125.781,0.0,191.975344
1766069680.2470403,125.811,0.0,191.975344
1766069680.824586,125.798,0.0,191.975344
1766069681.4042604,125.819,0.0,191.975344
1766069681.981449,125.834,0.0,191.975344
1766069682.6934066,125.838,0.0,191.975344
1766069683.2765217,125.854,0.0,191.975344
1766069683.8583584,125.848,0.0,191.975344
1766069684.4344435,125.848,0.0,191.975344
1766069685.0106642,125.841,0.0,191.975344
1766069687.7523868,125.823,0.0,191.975344
1766069688.329625,125.814,0.0,191.975344
1766069688.9057515,125.825,0.0,191.975344
1766069689.4819095,125.832,0.0,191.975344
1766069690.1940079,125.843,0.0,191.975344
1766069690.900981,125.842,0.0,191.975344
1766069691.4758425,125.842,0.0,191.975344
1766069692.05294,125.852,0.0,191.975344
1766069692.7654827,125.863,0.0,191.975344
1766069693.3449175,125.863,0.0,191.975344
1766069694.0538883,125.863,0.0,191.975344
1766069694.6273317,125.918,0.0,191.975344
1766069695.203449,125.889,0.0,191.975344
1766069695.992676,125.894,0.0,191.975344
1766069696.5679498,125.942,0.0,191.975344
1766069697.1438265,125.942,0.0,191.975344
1766069699.932184,125.983,0.0,191.975344
1766069700.510987,125.938,0.0,191.975344
1766069706.0685575,125.968,1.0,192.020344
1766069706.7292671,125.968,1.0,192.020344
1766069707.306954,125.968,1.0,192.020344
1766069707.8835247,125.927,1.0,192.020344
1766069708.4687755,125.886,1.0,192.020344
1766069709.1424274,125.878,1.0,192.020344
1766069709.8575525,125.861,1.0,192.020344
1766069710.4666846,125.871,1.0,192.020344
1766069711.0456789,125.871,1.0,192.020344
1766069711.6228638,125.876,1.0,192.020344
1766069712.2001896,125.88,1.0,192.020344
1766069712.7790434,125.876,1.0,192.020344
1766069713.3577807,125.876,1.0,192.020344
1766069713.9356663,125.876,1.0,192.020344
1766069714.512054,125.854,1.0,192.020344
1766069715.0906055,125.815,1.0,192.020344
1766069715.6797028,125.815,1.0,192.020344
1766069716.2636068,125.814,1.0,192.020344
1766069716.9294322,125.814,1.0,191.879344
1766069717.6398952,125.799,1.0,191.879344
1766069718.2268353,125.791,1.0,191.879344
1766069724.91764,125.668,0.0,191.776439
1766069725.4945085,125.71,0.0,191.776439
1766069726.0741115,125.71,0.0,191.776439
1766069726.6508753,125.71,0.0,191.776439
1766069727.312031,125.69,0.0,191.776439
1766069727.8924158,125.69,0.0,191.776439
1766069728.4771314,125.679,0.0,191.776439
1766069729.055426,125.679,0.0,191.776439
1766069729.6328807,125.697,0.0,191.776439
1766069730.2185097,125.697,0.0,191.776439
1766069730.7981374,125.697,0.0,191.776439
1766069731.3817492,125.704,0.0,191.776439
1766069731.9589705,125.713,0.0,191.776439
1766069732.5355997,125.704,0.0,191.776439
1766069733.1130784,125.714,0.0,191.776439
1766069733.834643,125.766,0.0,191.776439
1766069734.4110122,125.758,0.0,191.776439
1766069734.9875948,125.758,0.0,191.776439
1766069735.697595,125.736,0.0,191.776439
1766069736.2778018,125.752,0.0,191.776439
1766069736.8529682,125.763,0.0,191.776439
1766069737.5223672,125.747,0.0,191.776439
1766069738.2374442,125.772,0.0,191.776439
1766069738.8139617,125.772,0.0,191.776439
1766069739.3915775,125.772,0.0,191.776439
1766069739.9691627,125.817,0.0,191.776439
1766069740.5447617,125.855,0.0,191.776439
1766069741.1214797,125.855,0.0,191.776439
1766069741.6992955,125.843,0.0,191.776439
1766069742.2775111,125.854,0.0,191.776439
1766069742.8550088,125.869,0.0,191.776439
1766069743.431102,125.869,0.0,191.776439
1766069744.0092983,125.859,0.0,191.776439
1766069744.588961,125.84,0.0,191.776439
1766069745.167484,125.852,0.0,191.776439
1766069745.8800745,125.853,0.0,191.776439
1766069748.5349047,125.844,0.0,191.776439
1766069749.1952057,125.844,0.0,191.776439
1766069749.771034,125.844,0.0,191.776439
1766069750.3478956,125.858,0.0,191.776439
1766069750.9310932,125.876,0.0,191.776439
1766069751.6432383,125.909,0.0,191.776439
1766069752.2211397,125.924,0.0,191.776439
1766069752.7957995,125.918,0.0,191.776439
1766069753.3728158,125.918,0.0,191.776439
1766069756.0432947,125.89,0.0,191.776439
1766069756.7524877,125.871,0.0,191.776439
1766069757.3298824,125.871,0.0,191.776439
1766069757.906032,125.914,0.0,191.776439
1766069758.6163497,125.914,0.0,191.776439
1766069759.191264,125.908,0.0,191.776439
1766069759.850196,125.908,0.0,191.776439
1766069760.5651178,125.963,0.0,191.776439
1766069765.0153012,125.955,1.0,191.779439
1766069765.5924237,125.964,1.0,191.779439
1766069766.1692343,125.963,1.0,191.779439
1766069766.7466836,125.978,1.0,191.779439
1766069767.3237402,125.978,1.0,191.779439
1766069767.9020767,125.978,1.0,191.779439
1766069768.478083,125.957,1.0,191.779439
1766069769.0639915,125.957,1.0,191.779439
1766069769.7747092,125.969,1.0,191.779439
1766069770.4482038,125.969,1.0,191.799439
1766069771.1619015,125.941,1.0,191.799439
1766069771.7406304,125.941,1.0,191.799439
1766069772.3189614,125.941,1.0,191.799439
1766069773.0822256,125.941,1.0,191.799439
1766069773.9609175,125.941,1.0,191.799439
1766069774.55199,125.95,1.0,191.799439
1766069775.1324034,125.941,1.0,191.799439
1766069775.7078831,125.911,1.0,191.799439
1766069776.2950063,125.911,1.0,191.799439
1766069776.8743021,125.931,1.0,191.799439
1766069777.4598954,125.931,1.0,191.799439
1766069780.2492893,125.894,1.0,191.799439
1766069781.0474117,125.894,1.0,191.734439
1766069781.6244981,125.909,1.0,191.734439
1766069782.200858,125.906,1.0,191.734439
1766069782.777589,125.906,1.0,191.734439
1766069783.360048,125.904,1.0,191.734439
1766069783.9470828,125.899,1.0,191.734439
1766069786.0973423,125.917,1.0,191.734439
1766069786.6808963,125.91,1.0,191.734439
1766069787.2605379,125.91,1.0,191.734439
1766069787.9760342,125.91,1.0,191.734439
1766069788.5535145,125.91,1.0,191.734439
1766069789.130062,125.91,1.0,191.734439
1766069789.707176,125.885,1.0,191.734439
1766069790.2865748,125.871,1.0,191.734439
1766069790.9477885,125.864,1.0,191.723439
1766069793.6063128,125.838,1.0,191.723439
1766069794.3229187,125.83,1.0,191.723439
1766069794.9002423,125.83,1.0,191.723439
1766069795.4773972,125.83,1.0,191.723439
1766069796.0549426,125.891,1.0,191.723439
1766069796.632366,125.891,1.0,191.723439
1766069797.3519278,125.891,1.0,191.723439
1766069797.9312963,125.891,1.0,191.723439
1766069798.515237,125.891,1.0,191.723439
1766069799.2280989,125.891,1.0,191.723439
1766069799.8060405,125.821,1.0,191.723439
1766069806.5984476,125.767,0.0,191.603428
1766069807.2596047,125.767,0.0,191.603428
1766069807.8374007,125.767,0.0,191.603428
1766069808.4131658,125.763,0.0,191.603428
1766069808.9906375,125.814,0.0,191.603428
1766069809.569465,125.823,0.0,191.603428
1766069810.1472757,125.822,0.0,191.603428
1766069810.72443,125.823,0.0,191.603428
1766069811.2987638,125.822,0.0,191.603428
1766069811.876705,125.814,0.0,191.603428
1766069812.5935318,125.814,0.0,191.603428
1766069813.307352,125.814,0.0,191.603428
1766069814.0244472,125.836,0.0,191.603428
1766069814.6008399,125.858,0.0,191.603428
1766069815.1762652,125.857,0.0,191.603428
1766069815.967833,125.857,0.0,191.603428
1766069816.5530431,125.827,0.0,191.603428
1766069817.1300395,125.827,0.0,191.603428
1766069817.8158224,125.797,0.0,191.603428
1766069818.393396,125.796,0.0,191.603428
1766069818.9759212,125.796,0.0,191.603428
1766069819.6903706,125.773,0.0,191.603428
1766069820.2712364,125.773,0.0,191.603428
1766069820.9934986,125.785,0.0,191.603428
1766069821.568751,125.784,0.0,191.603428
1766069822.14995,125.823,0.0,191.603428
1766069822.7356749,125.848,0.0,191.603428
1766069823.3132365,125.869,0.0,191.603428
1766069823.8905144,125.869,0.0,191.603428
1766069824.6175625,125.863,0.0,191.603428
1766069825.3322709,125.864,0.0,191.603428
1766069825.9141083,125.864,0.0,191.603428
1766069826.6321929,125.864,0.0,191.603428
1766069827.2104144,125.84,0.0,191.603428
1766069827.870586,125.86,0.0,191.603428
1766069828.4610376,125.84,0.0,191.603428
1766069829.173662,125.839,0.0,191.603428
1766069831.9760878,125.891,0.0,191.603428
1766069832.6940682,125.901,0.0,191.603428
1766069833.2692595,125.868,0.0,191.603428
1766069833.9839108,125.845,0.0,191.603428
1766069834.69765,125.836,0.0,191.603428
1766069835.4185884,125.827,0.0,191.603428
1766069836.044461,125.828,0.0,191.603428
1766069836.7653668,125.857,0.0,191.603428
1766069837.3631873,125.857,0.0,191.603428
1766069838.1749196,125.857,0.0,191.603428
1766069839.032103,125.826,0.0,191.603428
1766069839.8276424,125.834,0.0,191.603428
1766069840.5689495,125.842,0.0,191.603428
1766069841.305096,125.847,0.0,191.603428
1766069841.8828404,125.851,0.0,191.603428
1766069842.4648502,125.851,0.0,191.603428
1766069843.0425491,125.851,0.0,191.603428
1766069843.6296895,125.848,0.0,191.603428
1766069844.32423,125.87,0.0,191.603428
1766069844.9094052,125.87,0.0,191.603428
1766069847.6151817,125.896,0.0,191.603428
1766069848.2819178,125.894,0.0,191.603428
1766069849.0194678,125.888,0.0,191.603428
1766069849.6641293,125.89,0.0,191.603428
1766069850.2495263,125.89,0.0,191.603428
1766069851.0511253,125.857,0.0,191.603428
1766069851.7691138,125.858,0.0,191.603428
1766069852.3568747,125.857,0.0,191.603428
1766069853.1818159,125.857,0.0,191.603428
1766069853.8991241,125.851,0.0,191.603428
1766069854.4847183,125.849,0.0,191.603428
1766069855.086361,125.849,0.0,191.603428
1766069855.6830952,125.852,0.0,191.603428
1766069856.2665997,125.893,0.0,191.603428
1766069856.987717,125.893,0.0,191.603428
1766069857.70168,125.914,0.0,191.603428
1766069860.3701975,125.906,0.0,191.603428
1766069861.0554037,125.906,0.0,191.603428
1766069861.8296115,125.897,0.0,191.603428
1766069862.4248054,125.866,0.0,191.603428
1766069863.2254033,125.866,0.0,191.603428
1766069863.8241038,125.861,0.0,191.603428
1766069864.5471203,125.861,0.0,191.603428
1766069865.1562486,125.872,0.0,191.603428
1766069866.0004601,125.903,0.0,191.603428
1766069866.6740744,125.892,0.0,191.603428
1766069867.3179126,125.906,0.0,191.603428
1766069868.056997,125.906,0.0,191.603428
1766069868.6421237,125.906,0.0,191.603428
1766069869.2321205,125.896,0.0,191.603428
1766069869.8943844,125.909,0.0,191.603428
1766069870.612461,125.906,0.0,191.603428
1766069871.5544086,125.924,0.0,191.603428
1766069872.1326506,125.924,0.0,191.603428
1766069872.7109847,125.924,0.0,191.603428
1766069875.4199326,125.907,0.0,191.603428
1766069876.1716342,125.896,0.0,191.603428
1766069876.8885028,125.884,0.0,191.603428
1766069877.480161,125.882,0.0,191.603428
1766069878.0997248,125.876,0.0,191.603428
1766069878.702451,125.876,0.0,191.603428
1766069879.29893,125.876,0.0,191.603428
1766069879.874898,125.876,0.0,191.603428
1766069880.4585128,125.883,0.0,191.603428
1766069881.2070014,125.872,0.0,191.603428
1766069882.1638427,125.872,0.0,191.603428
1766069883.4136634,125.872,0.0,191.603428
1766069884.1497815,125.828,0.0,191.603428
1766069884.781502,125.828,0.0,191.603428
1766069885.3588316,125.831,0.0,191.603428
1766069886.0423803,125.842,0.0,191.603428
1766069886.6274328,125.823,0.0,191.603428
1766069887.3468697,125.823,0.0,191.603428
1766069888.0510213,125.787,0.0,191.603428
1766069888.682619,125.755,0.0,191.603428
1766069889.2941177,125.759,0.0,191.603428
1766069890.3301935,125.774,0.0,191.603428
1766069891.0016356,125.774,0.0,191.603428
1766069891.7645407,125.774,0.0,191.603428
1766069892.5024478,125.768,0.0,191.603428
1766069893.1206276,125.767,0.0,191.603428
1766069893.7019792,125.744,0.0,191.603428
1766069896.5850255,125.793,0.0,191.603428
1766069897.865995,125.809,0.0,191.603428
1766069898.581792,125.809,0.0,191.603428
1766069899.310553,125.801,0.0,191.603428
1766069899.8934846,125.809,0.0,191.603428
1766069900.5060046,125.809,0.0,191.603428
1766069901.3060036,125.808,0.0,191.603428
1766069901.9179907,125.809,0.0,191.603428
1766069902.6387079,125.812,0.0,191.603428
1766069903.443668,125.805,0.0,191.603428
1766069904.1299102,125.805,0.0,191.603428
1766069904.81557,125.805,0.0,191.603428
1766069905.5598643,125.805,0.0,191.603428
1766069906.3119037,125.825,0.0,191.603428
1766069907.0479276,125.782,0.0,191.603428
1766069907.682559,125.801,0.0,191.603428
1766069908.480421,125.832,0.0,191.603428
1766069909.1572676,125.832,0.0,191.603428
1766069909.7547536,125.844,0.0,191.603428
1766069910.405529,125.844,0.0,191.603428
1766069911.0223758,125.844,0.0,191.603428
1766069911.6052966,125.844,0.0,191.603428
1766069912.182488,125.844,0.0,191.603428
1766069912.8508813,125.864,0.0,191.603428
1766069913.5682006,125.861,0.0,191.603428
1766069914.144977,125.868,0.0,191.603428
1766069914.7561362,125.846,0.0,191.603428
1766069915.4788165,125.828,0.0,191.603428
1766069916.1962893,125.841,0.0,191.603428
1766069918.9861197,125.827,0.0,191.603428
1766069919.702126,125.823,0.0,191.603428
1766069920.287861,125.824,0.0,191.603428
1766069920.8657286,125.818,0.0,191.603428
1766069921.4526293,125.818,0.0,191.603428
1766069922.0309935,125.818,0.0,191.603428
1766069922.6099627,125.818,0.0,191.603428
1766069923.2709563,125.814,0.0,191.603428
1766069923.8469317,125.815,0.0,191.603428
1766069924.4283876,125.814,0.0,191.603428
1766069925.2152576,125.811,0.0,191.603428
1766069927.9051955,125.814,0.0,191.603428
1766069928.4812,125.838,0.0,191.603428
1766069929.0596812,125.806,0.0,191.603428
1766069929.6431544,125.806,0.0,191.603428
1766069930.2281947,125.796,0.0,191.603428
1766069930.8089685,125.796,0.0,191.603428
1766069931.3848748,125.796,0.0,191.603428
1766069931.9671738,125.788,0.0,191.603428
1766069932.6835916,125.782,0.0,191.603428
1766069933.354516,125.781,0.0,191.603428
1766069936.1607416,125.785,0.0,191.603428
1766069936.7519608,125.79,0.0,191.603428
1766069937.465059,125.78,0.0,191.603428
1766069938.1812694,125.77,0.0,191.603428
1766069938.7744455,125.77,0.0,191.603428
1766069939.3548284,125.745,0.0,191.603428
1766069939.9352803,125.726,0.0,191.603428
1766069940.521814,125.714,0.0,191.603428
1766069941.1018913,125.712,0.0,191.603428
1766069941.8217185,125.723,0.0,191.603428
1766069942.4458117,125.7,0.0,191.603428
1766069943.033964,125.689,0.0,191.603428
1766069943.6671708,125.669,0.0,191.603428
1766069944.5442502,125.645,0.0,191.603428
1766069945.1279025,125.645,0.0,191.603428
1766069945.7071185,125.63,0.0,191.603428
1766069946.452874,125.63,0.0,191.603428
1766069947.0297995,125.619,0.0,191.603428
1766069947.621624,125.619,0.0,191.603428
1766069950.2857304,125.619,0.0,191.603428
1766069950.8873055,125.595,0.0,191.603428
1766069951.5162437,125.606,0.0,191.603428
1766069952.0954406,125.598,0.0,191.603428
1766069952.6732905,125.589,0.0,191.603428
1766069953.247967,125.588,0.0,191.603428
1766069953.9688401,125.593,0.0,191.603428
1766069954.7822387,125.606,0.0,191.603428
1766069955.4938412,125.588,0.0,191.603428
1766069956.0707514,125.592,0.0,191.603428
1766069956.650541,125.592,0.0,191.603428
1766069959.4376817,125.604,0.0,191.603428
1766069960.0146215,125.617,0.0,191.603428
1766069960.6016839,125.617,0.0,191.603428
1766069961.177943,125.617,0.0,191.603428
1766069961.7621474,125.617,0.0,191.603428
1766069962.3400958,125.617,0.0,191.603428
1766069962.9176316,125.617,0.0,191.603428
1766069963.4973392,125.632,0.0,191.603428
1766069964.0933902,125.604,0.0,191.603428
1766069966.9344912,125.616,0.0,191.603428
1766069967.5141456,125.618,0.0,191.603428
1766069968.0937626,125.618,0.0,191.603428
1766069968.697507,125.611,0.0,191.603428
1766069969.284666,125.609,0.0,191.603428
1766069969.8634224,125.608,0.0,191.603428
1766069970.4567466,125.649,0.0,191.603428
1766069971.0344236,125.685,0.0,191.603428
1766069971.6156664,125.691,0.0,191.603428
1766069972.1927059,125.701,0.0,191.603428
1766069972.767046,125.701,0.0,191.603428
1766069973.3905165,125.701,0.0,191.603428
1766069973.9676237,125.671,0.0,191.603428
1766069976.6256542,125.673,0.0,191.603428
1766069977.295432,125.669,0.0,191.603428
1766069977.8817992,125.667,0.0,191.603428
1766069978.4593768,125.668,0.0,191.603428
1766069979.0365465,125.681,0.0,191.603428
1766069979.6198626,125.679,0.0,191.603428
1766069980.3330843,125.698,0.0,191.603428
1766069981.0451865,125.698,0.0,191.603428
1766069981.7569752,125.712,0.0,191.603428
1766069982.3345637,125.712,0.0,191.603428
1766069982.9233189,125.711,0.0,191.603428
1766069985.7167063,125.711,0.0,191.603428
1766069986.3063858,125.719,0.0,191.603428
1766069986.882398,125.719,0.0,191.603428
1766069987.6788907,125.723,0.0,191.603428
1766069988.2563686,125.729,0.0,191.603428
1766069988.9659805,125.745,0.0,191.603428
1766069989.6768212,125.748,0.0,191.603428
1766069990.3895478,125.746,0.0,191.603428
1766069991.104888,125.745,0.0,191.603428
1766069991.680128,125.772,0.0,191.603428
1766069992.3904011,125.777,0.0,191.603428
1766069992.9684384,125.767,0.0,191.603428
1766069993.5499995,125.766,0.0,191.603428
1766069994.2627003,125.767,0.0,191.603428
1766069994.9761095,125.766,0.0,191.603428
1766069997.6300137,125.778,0.0,191.603428
1766069998.2893026,125.781,0.0,191.603428
1766069999.0015826,125.783,0.0,191.603428
1766069999.584578,125.782,0.0,191.603428
1766070000.1627254,125.782,0.0,191.603428
1766070000.8085816,125.81,0.0,191.603428
1766070001.4262133,125.778,0.0,191.603428
1766070002.2268152,125.748,0.0,191.603428
1766070002.9074767,125.737,0.0,191.603428
1766070003.6524334,125.754,0.0,191.603428
1766070004.4698822,125.762,0.0,191.603428
1766070005.1987987,125.76,0.0,191.603428
1766070005.9210575,125.781,0.0,191.603428
1766070006.4989274,125.752,0.0,191.603428
1766070007.0876746,125.752,0.0,191.603428
1766070007.953638,125.774,0.0,191.603428
1766070009.2601917,125.789,0.0,191.603428
1766070009.8555796,125.773,0.0,191.603428
1766070010.4393911,125.766,0.0,191.603428
1766070011.015253,125.756,0.0,191.603428
1766070011.5958939,125.756,0.0,191.603428
1766070012.2804177,125.787,0.0,191.603428
1766070012.8969345,125.787,0.0,191.603428
1766070015.6453412,125.789,0.0,191.603428
1766070016.222439,125.795,0.0,191.603428
1766070016.7994363,125.795,0.0,191.603428
1766070017.3798902,125.795,0.0,191.603428
1766070018.094909,125.781,0.0,191.603428
1766070018.9202323,125.763,0.0,191.603428
1766070019.6544986,125.76,0.0,191.603428
1766070020.231548,125.768,0.0,191.603428
1766070020.8079362,125.768,0.0,191.603428
1766070021.3932414,125.768,0.0,191.603428
1766070022.105066,125.746,0.0,191.603428
1766070022.8202446,125.753,0.0,191.603428
1766070023.4041722,125.735,0.0,191.603428
1766070026.194003,125.696,0.0,191.603428
1766070026.9047246,125.722,0.0,191.603428
1766070027.6162717,125.723,0.0,191.603428
1766070028.2017732,125.723,0.0,191.603428
1766070029.1252017,125.705,0.0,191.603428
1766070029.7012115,125.72,0.0,191.603428
1766070030.2775407,125.708,0.0,191.603428
1766070030.8539157,125.708,0.0,191.603428
1766070031.4314048,125.731,0.0,191.603428
1766070032.0698435,125.763,0.0,191.603428
1766070032.7820241,125.749,0.0,191.603428
1766070033.4947002,125.729,0.0,191.603428
1766070034.07991,125.729,0.0,191.603428
1766070034.7972937,125.751,0.0,191.603428
1766070035.5117831,125.742,0.0,191.603428
1766070036.2260542,125.73,0.0,191.603428
1766070038.8776062,125.753,0.0,191.603428
1766070039.5341618,125.754,0.0,191.603428
1766070040.242674,125.742,0.0,191.603428
1766070040.8237324,125.742,0.0,191.603428
1766070041.5361695,125.742,0.0,191.603428
1766070042.1160831,125.742,0.0,191.603428
1766070042.6905916,125.752,0.0,191.603428
1766070043.2911255,125.752,0.0,191.603428
1766070044.0029569,125.752,0.0,191.603428
1766070044.577093,125.749,0.0,191.603428
1766070045.1515164,125.746,0.0,191.603428
1766070047.802895,125.714,0.0,191.603428
1766070048.3796623,125.714,0.0,191.603428
1766070048.962072,125.708,0.0,191.603428
1766070049.7528129,125.713,0.0,191.603428
1766070050.4637647,125.713,0.0,191.603428
1766070051.1748402,125.728,0.0,191.603428
1766070051.8851774,125.771,0.0,191.603428
1766070052.4677024,125.771,0.0,191.603428
1766070053.1806965,125.762,0.0,191.603428
1766070053.758108,125.751,0.0,191.603428
1766070054.3628578,125.754,0.0,191.603428
1766070054.93983,125.754,0.0,191.603428
1766070057.5917253,125.749,0.0,191.603428
1766070058.1692767,125.743,0.0,191.603428
1766070058.7441318,125.743,0.0,191.603428
1766070059.455829,125.738,0.0,191.603428
1766070060.2108054,125.74,0.0,191.603428
1766070060.8025289,125.777,0.0,191.603428
1766070061.382005,125.79,0.0,191.603428
1766070061.9576473,125.795,0.0,191.603428
1766070062.533816,125.795,0.0,191.603428
1766070065.1888227,125.824,0.0,191.603428
1766070065.7646036,125.813,0.0,191.603428
1766070066.476239,125.814,0.0,191.603428
1766070067.1628034,125.788,0.0,191.603428
1766070067.7387645,125.797,0.0,191.603428
1766070068.4510367,125.798,0.0,191.603428
1766070069.027578,125.805,0.0,191.603428
1766070069.6072967,125.801,0.0,191.603428
1766070070.277274,125.772,0.0,191.603428
1766070070.8582616,125.772,0.0,191.603428
1766070071.4377377,125.786,0.0,191.603428
1766070072.15031,125.786,0.0,191.603428
1766070074.8033137,125.869,0.0,191.603428
1766070075.3788486,125.891,0.0,191.603428
1766070075.9549782,125.944,0.0,191.603428
1766070076.531937,125.921,0.0,191.603428
1766070077.109992,125.921,0.0,191.603428
1766070077.6856287,125.893,0.0,191.603428
1766070078.2682054,125.894,0.0,191.603428
1766070078.8441458,125.926,0.0,191.603428
1766070079.420983,125.918,0.0,191.603428
1766070079.9978087,125.918,0.0,191.603428
1766070080.6537373,125.918,0.0,191.603428
1766070081.2308075,125.918,0.0,191.603428
1766070083.884015,125.924,0.0,191.603428
1766070084.4667184,125.889,0.0,191.603428
1766070086.6078804,125.879,0.0,191.603428
1766070087.1851108,125.885,0.0,191.603428
1766070087.762495,125.885,0.0,191.603428
1766070088.3384776,125.909,0.0,191.603428
1766070088.9146903,125.909,0.0,191.603428
1766070089.490649,125.924,0.0,191.603428
1766070090.0673242,125.941,0.0,191.603428
1766070090.7364566,125.941,0.0,191.603428
1766070091.446257,125.941,0.0,191.603428
1766070092.0200982,125.941,0.0,191.603428
1766070092.5969317,125.941,0.0,191.603428
1766070093.3086913,125.895,0.0,191.603428
1766070093.8843746,125.895,0.0,191.603428
1766070094.4599757,125.906,0.0,191.603428
1766070095.0366201,125.907,0.0,191.603428
1766070095.6120384,125.907,0.0,191.603428
1766070096.1872723,125.907,0.0,191.603428
1766070098.8398676,125.807,0.0,191.603428
1766070099.4162436,125.806,0.0,191.603428
1766070099.9920063,125.803,0.0,191.603428
1766070100.5720248,125.795,0.0,191.603428
1766070101.232579,125.768,0.0,191.603428
1766070101.8085785,125.783,0.0,191.603428
1766070102.385305,125.783,0.0,191.603428
1766070103.1004436,125.777,0.0,191.603428
1766070103.6781595,125.767,0.0,191.603428
1766070106.3401546,125.648,0.0,191.603428
1766070106.9156282,125.62,0.0,191.603428
1766070107.49014,125.634,0.0,191.603428
1766070108.0776954,125.587,0.0,191.603428
1766070108.6555567,125.608,0.0,191.603428
1766070109.3669305,125.653,0.0,191.603428
1766070109.9423578,125.636,0.0,191.603428
1766070110.5174177,125.639,0.0,191.603428
1766070111.0953543,125.643,0.0,191.603428
1766070113.8347802,125.666,0.0,191.603428
1766070114.411444,125.644,0.0,191.603428
1766070114.9898736,125.632,0.0,191.603428
1766070115.5763133,125.61,0.0,191.603428
1766070116.15169,125.61,0.0,191.603428
1766070116.7277598,125.61,0.0,191.603428
1766070117.3045394,125.607,0.0,191.603428
1766070118.0201323,125.598,0.0,191.603428
1766070118.5968595,125.598,0.0,191.603428
1766070119.173887,125.559,0.0,191.603428
1766070119.7498236,125.557,0.0,191.603428
1766070120.3296974,125.556,0.0,191.603428
1766070120.9051297,125.528,0.0,191.603428
1766070123.699064,125.609,0.0,191.603428
1766070124.3676453,125.609,0.0,191.603428
1766070124.9494317,125.609,0.0,191.603428
1766070125.526552,125.596,0.0,191.603428
1766070126.100524,125.569,0.0,191.603428
1766070126.677823,125.569,0.0,191.603428
1766070127.255961,125.551,0.0,191.603428
1766070127.9701002,125.549,0.0,191.603428
1766070128.5462234,125.549,0.0,191.603428
1766070129.1223717,125.555,0.0,191.603428
1766070131.7907064,125.625,0.0,191.603428
1766070132.3662674,125.638,0.0,191.603428
1766070132.9421403,125.682,0.0,191.603428
1766070133.6531162,125.694,0.0,191.603428
1766070134.2310028,125.694,0.0,191.603428
1766070134.8907466,125.671,0.0,191.603428
1766070135.4663293,125.671,0.0,191.603428
1766070136.0457995,125.671,0.0,191.603428
1766070136.621011,125.669,0.0,191.603428
1766070139.273219,125.656,0.0,191.603428
1766070139.8500922,125.656,0.0,191.603428
1766070140.4266217,125.663,0.0,191.603428
1766070141.002526,125.663,0.0,191.603428
1766070141.5786355,125.614,0.0,191.603428
1766070142.1568048,125.62,0.0,191.603428
1766070142.8662539,125.62,0.0,191.603428
1766070143.576035,125.654,0.0,191.603428
1766070144.1517699,125.654,0.0,191.603428
1766070144.7262738,125.639,0.0,191.603428
1766070145.3821597,125.614,0.0,191.603428
1766070145.9609041,125.591,0.0,191.603428
1766070146.536764,125.559,0.0,191.603428
1766070147.2466037,125.56,0.0,191.603428
1766070149.9600992,125.554,0.0,191.603428
1766070150.5358675,125.556,0.0,191.603428
1766070151.2470832,125.556,0.0,191.603428
1766070151.8317907,125.551,0.0,191.603428
1766070152.407436,125.542,0.0,191.603428
1766070153.1163073,125.523,0.0,191.603428
1766070153.6917489,125.515,0.0,191.603428
1766070154.2670617,125.52,0.0,191.603428
1766070154.8476117,125.523,0.0,191.603428
1766070155.5154831,125.554,0.0,191.603428
1766070158.1705463,125.533,0.0,191.603428
1766070158.7484984,125.533,0.0,191.603428
1766070159.3244624,125.533,0.0,191.603428
1766070159.9006917,125.556,0.0,191.603428
1766070160.4770062,125.609,0.0,191.603428
1766070161.0601566,125.615,0.0,191.603428
1766070161.7693324,125.615,0.0,191.603428
1766070162.4817936,125.659,0.0,191.603428
1766070163.057379,125.663,0.0,191.603428
1766070163.7710564,125.667,0.0,191.603428
1766070164.4857903,125.808,0.0,191.603428
1766070165.0629153,125.922,0.0,191.603428
1766070165.8706064,125.859,0.0,191.603428
1766070168.5375347,125.926,0.0,191.603428
1766070169.2481828,126.079,0.0,191.603428
1766070169.9634492,126.142,0.0,191.603428
1766070170.672824,126.108,0.0,191.603428
1766070171.2495875,126.108,0.0,191.603428
1766070171.828392,126.039,0.0,191.603428
1766070172.405511,126.036,0.0,191.603428
1766070173.1155295,126.097,0.0,191.603428
1766070173.8268144,126.196,0.0,191.603428
1766070174.4019237,126.224,0.0,191.603428
1766070174.9773107,126.225,0.0,191.603428
1766070175.5529277,126.255,0.0,191.603428
1766070178.2895215,126.174,0.0,191.603428
1766070178.8760746,126.144,0.0,191.603428
1766070179.4529004,126.142,0.0,191.603428
1766070180.0300965,126.142,0.0,191.603428
1766070180.6077256,126.111,0.0,191.603428
1766070185.280816,125.987,1.0,191.56342800000002
1766070185.8562312,125.987,1.0,191.56342800000002
1766070186.5449803,125.987,1.0,191.559428
1766070187.121124,126.004,1.0,191.559428
1766070187.8347743,126.004,1.0,191.559428
1766070188.4118721,125.996,1.0,191.559428
1766070188.989656,125.995,1.0,191.559428
1766070189.565684,125.995,1.0,191.559428
1766070190.2781982,125.971,1.0,191.559428
1766070190.9923918,125.947,1.0,191.559428
1766070191.5689604,125.948,1.0,191.559428
1766070192.1449504,125.933,1.0,191.559428
1766070192.8552957,125.915,1.0,191.559428
1766070199.7329915,126.026,0.0,191.519428
1766070200.5326064,126.163,0.0,191.519428
1766070201.1107957,126.185,0.0,191.519428
1766070201.6922417,126.144,0.0,191.519428
1766070202.269606,126.157,0.0,191.519428
1766070202.8481114,126.192,0.0,191.519428
1766070203.4245384,126.193,0.0,191.519428
1766070204.0009265,126.213,0.0,191.519428
1766070204.5821364,126.213,0.0,191.519428
1766070205.15782,126.241,0.0,191.519428
1766070205.7325342,126.154,0.0,191.519428
1766070206.3070238,126.127,0.0,191.519428
1766070206.8882904,126.127,0.0,191.519428
1766070207.4684231,126.073,0.0,191.519428
1766070208.0441055,126.073,0.0,191.519428
1766070208.6193044,126.073,0.0,191.519428
1766070209.19523,126.15,0.0,191.519428
1766070209.7714968,126.173,0.0,191.519428
1766070210.4307191,126.155,0.0,191.519428
1766070211.1451561,126.157,0.0,191.519428
1766070211.7200828,126.198,0.0,191.519428
1766070212.4306395,126.198,0.0,191.519428
1766070213.0101106,126.196,0.0,191.519428
1766070213.5851853,126.199,0.0,191.519428
1766070214.1618283,126.199,0.0,191.519428
1766070214.7385774,126.199,0.0,191.519428
1766070215.3170068,126.29,0.0,191.519428
1766070215.8925653,126.315,0.0,191.519428
1766070216.468329,126.335,0.0,191.519428
1766070217.0478888,126.265,0.0,191.519428
1766070217.6253886,126.297,0.0,191.519428
1766070218.2035098,126.29,0.0,191.519428
1766070218.780651,126.294,0.0,191.519428
1766070219.3559866,126.304,0.0,191.519428
1766070219.93679,126.304,0.0,191.519428
1766070220.734582,126.293,0.0,191.519428
1766070223.3961616,126.359,0.0,191.519428
1766070223.9739332,126.343,0.0,191.519428
1766070224.5506802,126.326,0.0,191.519428
1766070225.264521,126.296,0.0,191.519428
1766070226.0006838,126.301,0.0,191.519428
1766070226.5753584,126.307,0.0,191.519428
1766070227.1511,126.38,0.0,191.519428
1766070227.727457,126.371,0.0,191.519428
1766070228.3033016,126.37,0.0,191.519428
1766070228.8812363,126.355,0.0,191.519428
1766070229.4588535,126.355,0.0,191.519428
1766070230.037676,126.296,0.0,191.519428
1766070230.8219025,126.209,0.0,191.519428
1766070231.4009554,126.186,0.0,191.519428
1766070231.9812028,126.181,0.0,191.519428
1766070234.6334932,126.22,0.0,191.519428
1766070235.211252,126.229,0.0,191.519428
1766070235.788237,126.23,0.0,191.519428
1766070236.5021305,126.225,0.0,191.519428
1766070237.0775862,126.219,0.0,191.519428
1766070237.7897074,126.19,0.0,191.519428
1766070238.3655224,126.195,0.0,191.519428
1766070238.9411376,126.195,0.0,191.519428
1766070239.517762,126.166,0.0,191.519428
1766070240.0930948,126.146,0.0,191.519428
1766070244.6171508,126.11,1.0,191.517428
1766070245.19385,126.114,1.0,191.517428
1766070245.7706106,126.112,1.0,191.517428
1766070246.3498912,126.11,1.0,191.517428
1766070246.9276798,126.098,1.0,191.517428
1766070247.504317,126.081,1.0,191.517428
1766070248.083851,126.065,1.0,191.517428
1766070248.6599398,126.081,1.0,191.517428
1766070249.2364545,126.066,1.0,191.517428
1766070249.8121138,126.057,1.0,191.517428
1766070250.3877518,126.063,1.0,191.517428
1766070251.0448225,126.057,1.0,191.490428
1766070251.757656,126.057,1.0,191.490428
1766070252.3380384,126.141,1.0,191.490428
1766070252.9129667,126.142,1.0,191.490428
1766070255.5658343,126.195,1.0,191.490428
1766070256.1427982,126.196,1.0,191.490428
1766070256.718252,126.196,1.0,191.490428
1766070257.2932527,126.196,1.0,191.490428
1766070257.870268,126.196,1.0,191.490428
1766070258.451206,126.202,1.0,191.490428
1766070259.1590295,126.196,1.0,191.490428
1766070259.8693204,126.197,1.0,191.490428
1766070260.4438975,126.209,1.0,191.490428
1766070261.2391324,126.209,1.0,191.618428
1766070263.8910248,126.24,1.0,191.618428
1766070264.4665096,126.23,1.0,191.618428
1766070265.087938,126.209,1.0,191.618428
1766070265.6657417,126.212,1.0,191.618428
1766070266.2418997,126.208,1.0,191.618428
1766070266.95548,126.208,1.0,191.618428
1766070267.5332313,126.208,1.0,191.618428
1766070268.112076,126.239,1.0,191.618428
1766070268.6893616,126.3,1.0,191.618428
1766070269.2638361,126.232,1.0,191.618428
1766070269.8426988,126.292,1.0,191.618428
1766070270.4181435,126.292,1.0,191.618428
1766070271.1312976,126.224,1.0,191.618428
1766070271.7816072,126.205,1.0,191.618428
1766070274.432246,126.091,1.0,191.618428
1766070275.0078351,126.073,1.0,191.618428
1766070275.5852265,126.074,1.0,191.618428
1766070276.1597283,126.074,1.0,191.618428
1766070276.74426,126.074,1.0,191.618428
1766070277.318991,126.085,1.0,191.618428
1766070277.894404,126.085,1.0,191.618428
1766070278.4700181,126.095,1.0,191.618428
1766070279.0466692,126.119,1.0,191.618428
1766070279.6213627,126.114,1.0,191.618428
1766070280.1967366,126.114,1.0,191.618428
1766070280.773359,126.115,1.0,191.618428
1766070283.4273188,126.055,1.0,191.618428
1766070284.0813975,126.053,1.0,191.479428
1766070284.7936075,126.057,1.0,191.479428
1766070285.3696713,126.058,1.0,191.479428
1766070285.9456093,126.058,1.0,191.479428
1766070286.5219293,126.058,1.0,191.479428
1766070287.0965865,126.09,1.0,191.479428
1766070287.671118,126.113,1.0,191.479428
1766070288.2460382,126.118,1.0,191.479428
1766070288.9606607,126.118,1.0,191.479428
1766070291.6113966,126.232,1.0,191.479428
1766070292.187011,126.232,1.0,191.479428
1766070292.7628489,126.226,1.0,191.479428
1766070293.4740872,126.226,1.0,191.479428
1766070294.0496082,126.226,1.0,191.479428
1766070294.7050643,126.21,1.0,191.630428
1766070295.2818513,126.21,1.0,191.630428
1766070295.8570507,126.21,1.0,191.630428
1766070296.43283,126.208,1.0,191.630428
1766070299.2202058,126.303,1.0,191.630428
1766070299.932133,126.303,1.0,191.630428
1766070300.506814,126.35,1.0,191.630428
1766070301.0855284,126.35,1.0,191.630428
1766070301.6601734,126.333,1.0,191.630428
1766070302.2441733,126.333,1.0,191.630428
1766070302.8239946,126.331,1.0,191.630428
1766070303.3998163,126.238,1.0,191.630428
1766070303.980675,126.288,1.0,191.630428
1766070304.7001362,126.288,1.0,191.630428
1766070305.6349044,126.255,1.0,191.702428
1766070306.344946,126.325,1.0,191.702428
1766070307.0585222,126.325,1.0,191.702428
1766070309.8441443,126.333,1.0,191.702428
1766070310.4261448,126.333,1.0,191.702428
1766070311.0035331,126.321,1.0,191.702428
1766070311.5802393,126.321,1.0,191.702428
1766070312.1576066,126.35,1.0,191.702428
1766070312.8690066,126.351,1.0,191.702428
1766070313.4467397,126.359,1.0,191.702428
1766070314.0231304,126.357,1.0,191.702428
1766070314.5989063,126.357,1.0,191.702428
1766070315.2571273,126.387,1.0,191.772428
1766070317.9097247,126.36,1.0,191.772428
1766070318.4850652,126.36,1.0,191.772428
1766070319.204493,126.339,1.0,191.772428
1766070319.915204,126.365,1.0,191.772428
1766070320.627003,126.384,1.0,191.772428
1766070321.3361857,126.384,1.0,191.772428
1766070321.9124098,126.379,1.0,191.772428
1766070322.4977932,126.362,1.0,191.772428
1766070323.073576,126.362,1.0,191.772428
1766070323.649154,126.353,1.0,191.772428
1766070324.224752,126.384,1.0,191.772428
1766070324.8007445,126.384,1.0,191.772428
1766070325.4570363,126.463,1.0,191.772428
1766070326.0313313,126.505,1.0,191.772428
1766070326.6070807,126.556,1.0,191.772428
1766070327.3188279,126.555,1.0,191.772428
1766070330.1124325,126.457,1.0,191.772428
1766070330.68793,126.521,1.0,191.772428
1766070331.4003553,126.521,1.0,191.772428
1766070332.1271803,126.521,1.0,191.772428
1766070332.7021873,126.638,1.0,191.772428
1766070333.2836003,126.615,1.0,191.772428
1766070333.8597207,126.586,1.0,191.772428
1766070334.4345407,126.579,1.0,191.772428
1766070335.0111299,126.647,1.0,191.772428
1766070335.6669662,126.621,1.0,192.011428
1766070336.2425103,126.601,1.0,192.011428
1766070338.8949482,126.566,1.0,192.011428
1766070339.4716716,126.566,1.0,192.011428
1766070340.048679,126.566,1.0,192.011428
1766070340.6254675,126.566,1.0,192.011428
1766070341.2000318,126.572,1.0,192.011428
1766070341.7750356,126.572,1.0,192.011428
1766070342.3502514,126.572,1.0,192.011428
1766070342.9274504,126.533,1.0,192.011428
1766070343.5037766,126.543,1.0,192.011428
1766070344.0795534,126.543,1.0,192.011428
1766070344.6562681,126.611,1.0,192.011428
1766070345.2320466,126.611,1.0,192.011428
1766070346.1477215,126.575,1.0,192.011428
1766070346.8608954,126.573,1.0,192.011428
1766070347.4381025,126.609,1.0,192.011428
1766070350.0910802,126.607,1.0,192.011428
1766070350.6660392,126.639,1.0,192.011428
1766070351.2406974,126.655,1.0,192.011428
1766070351.9507415,126.623,1.0,192.011428
1766070352.5263097,126.71,1.0,192.011428
1766070353.1025608,126.711,1.0,192.011428
1766070353.6772954,126.71,1.0,192.011428
1766070354.2523165,126.71,1.0,192.011428
1766070354.8268354,126.71,1.0,192.011428
1766070355.4047143,126.71,1.0,192.011428
1766070356.3251028,126.71,1.0,192.011428
1766070356.9013827,126.754,1.0,192.011428
1766070363.6043797,126.717,0.0,192.199428
1766070367.71075,126.71,1.0,192.198428
1766070368.3691313,126.71,1.0,192.168428
1766070368.9460216,126.714,1.0,192.168428
1766070369.521804,126.719,1.0,192.168428
1766070370.0983238,126.72,1.0,192.168428
1766070370.67334,126.725,1.0,192.168428
1766070371.2519698,126.725,1.0,192.168428
1766070371.9663277,126.724,1.0,192.168428
1766070372.5418282,126.724,1.0,192.168428
1766070373.1175742,126.735,1.0,192.168428
1766070373.8267312,126.765,1.0,192.168428
1766070374.5411494,126.765,1.0,192.168428
1766070375.2545638,126.764,1.0,192.168428
1766070375.8310943,126.762,1.0,192.168428
1766070376.4086347,126.762,1.0,192.168428
1766070376.9841843,126.753,1.0,192.168428
1766070377.5666513,126.765,1.0,192.168428
1766070378.1417985,126.788,1.0,192.168428
1766070378.9356728,126.766,1.0,192.256428
1766070379.5141387,126.769,1.0,192.256428
1766070380.2283149,126.775,1.0,192.256428
1766070380.8035917,126.775,1.0,192.256428
1766070381.382133,126.775,1.0,192.256428
1766070381.9583056,126.767,1.0,192.256428
1766070382.5366676,126.767,1.0,192.256428
1766070383.1184447,126.77,1.0,192.256428
1766070383.6949193,126.769,1.0,192.256428
1766070384.2702477,126.77,1.0,192.256428
1766070384.8468359,126.733,1.0,192.256428
1766070386.9771185,126.761,1.0,192.256428
1766070387.5594509,126.761,1.0,192.256428
1766070388.1330416,126.795,1.0,192.256428
1766070388.7085707,126.779,1.0,192.256428
1766070389.3785033,126.741,1.0,192.268428
1766070389.9555686,126.741,1.0,192.268428
1766070390.5317495,126.739,1.0,192.268428
1766070391.107596,126.728,1.0,192.268428
1766070391.6885715,126.725,1.0,192.268428
1766070392.2646184,126.715,1.0,192.268428
1766070392.8423977,126.739,1.0,192.268428
1766070393.4172354,126.752,1.0,192.268428
1766070394.1277483,126.792,1.0,192.268428
1766070394.7039695,126.777,1.0,192.268428
1766070395.2815518,126.779,1.0,192.268428
1766070395.8584592,126.78,1.0,192.268428
1766070396.43556,126.793,1.0,192.268428
1766070397.0127153,126.818,1.0,192.268428
1766070397.5914876,126.818,1.0,192.268428
1766070398.1676283,126.824,1.0,192.268428
1766070398.74291,126.824,1.0,192.268428
1766070399.3953435,126.814,1.0,192.268428
1766070399.970018,126.83,1.0,192.268428
1766070402.620557,126.834,1.0,192.268428
1766070403.196735,126.87,1.0,192.268428
1766070403.7731626,126.854,1.0,192.268428
1766070404.3723607,126.855,1.0,192.268428
1766070405.0842085,126.855,1.0,192.268428
1766070405.6601264,126.849,1.0,192.268428
1766070406.239721,126.849,1.0,192.268428
1766070406.8170795,126.856,1.0,192.268428
1766070407.3928351,126.856,1.0,192.268428
1766070408.106077,126.85,1.0,192.268428
1766070408.6825435,126.854,1.0,192.268428
1766070409.2590656,126.882,1.0,192.268428
1766070409.908436,126.882,1.0,192.268428
1766070410.4851565,126.878,1.0,192.268428
1766070413.1401114,126.898,1.0,192.268428
1766070413.7162895,126.896,1.0,192.268428
1766070414.2960823,126.894,1.0,192.268428
1766070414.8720953,126.899,1.0,192.268428
1766070415.4490168,126.845,1.0,192.268428
1766070416.0248153,126.801,1.0,192.268428
1766070416.733132,126.811,1.0,192.268428
1766070417.3081372,126.823,1.0,192.268428
1766070417.9082077,126.845,1.0,192.268428
1766070418.485445,126.847,1.0,192.268428
1766070419.0601132,126.85,1.0,192.268428
1766070419.6368103,126.886,1.0,192.268428
1766070420.5628695,126.895,1.0,192.268428
1766070421.2761939,126.887,1.0,192.268428
1766070421.8525743,126.9,1.0,192.268428
1766070424.5076814,126.87,1.0,192.268428
1766070425.2200756,126.866,1.0,192.268428
1766070425.7963963,126.858,1.0,192.268428
1766070426.5076847,126.859,1.0,192.268428
1766070427.0836363,126.859,1.0,192.268428
1766070427.6619503,126.864,1.0,192.268428
1766070428.238456,126.866,1.0,192.268428
1766070428.8146775,126.866,1.0,192.268428
1766070429.3896313,126.911,1.0,192.268428
1766070430.0989604,126.911,1.0,192.268428
1766070430.89268,126.911,1.0,192.39842800000002
1766070431.469458,126.923,1.0,192.39842800000002
1766070434.1487288,126.894,1.0,192.39842800000002
1766070434.7276783,126.912,1.0,192.39842800000002
1766070435.3091822,126.959,1.0,192.39842800000002
1766070435.885356,126.965,1.0,192.39842800000002
1766070436.4613266,126.939,1.0,192.39842800000002
1766070437.045695,126.942,1.0,192.39842800000002
1766070437.6225166,126.943,1.0,192.39842800000002
1766070438.198813,126.974,1.0,192.39842800000002
1766070438.9102595,127.029,1.0,192.39842800000002
1766070439.4870048,126.998,1.0,192.39842800000002
1766070440.063827,126.932,1.0,192.39842800000002
1766070440.8508916,126.95,1.0,192.39842800000002
1766070441.4303982,126.944,1.0,192.39842800000002
1766070442.0097384,126.936,1.0,192.39842800000002
1766070444.6612062,126.977,1.0,192.39842800000002
1766070445.2360933,126.976,1.0,192.39842800000002
1766070445.8108206,127.007,1.0,192.39842800000002
1766070446.387414,127.001,1.0,192.39842800000002
1766070446.9660654,127.011,1.0,192.39842800000002
1766070447.542387,127.013,1.0,192.39842800000002
1766070448.1177742,127.014,1.0,192.39842800000002
1766070448.7076612,127.005,1.0,192.39842800000002
1766070449.421554,126.991,1.0,192.39842800000002
1766070449.9966109,126.927,1.0,192.39842800000002
1766070450.7099524,126.919,1.0,192.39842800000002
1766070451.3618033,126.892,1.0,192.39842800000002
1766070451.9386628,126.892,1.0,192.39842800000002
1766070452.6490104,126.892,1.0,192.39842800000002
1766070453.2263145,126.892,1.0,192.39842800000002
1766070456.0106611,127.005,1.0,192.39842800000002
1766070456.588267,127.041,1.0,192.39842800000002
1766070457.1696558,126.98,1.0,192.39842800000002
1766070457.879338,126.996,1.0,192.39842800000002
1766070458.4557502,127.003,1.0,192.39842800000002
1766070459.0318933,127.032,1.0,192.39842800000002
1766070459.6217651,127.032,1.0,192.39842800000002
1766070460.335342,127.001,1.0,192.39842800000002
1766070460.929843,127.01,1.0,192.39842800000002
1766070461.7353482,127.033,1.0,192.491428
1766070462.314006,127.033,1.0,192.491428
1766070463.0331256,127.0,1.0,192.491428
1766070465.6879256,127.031,1.0,192.491428
1766070466.2641213,127.032,1.0,192.491428
1766070466.8380053,127.032,1.0,192.491428
1766070467.41427,127.021,1.0,192.491428
1766070467.991846,127.024,1.0,192.491428
1766070468.7017589,127.017,1.0,192.491428
1766070469.2786274,127.01,1.0,192.491428
1766070469.860162,127.003,1.0,192.491428
1766070470.438024,127.01,1.0,192.491428
1766070471.018673,127.025,1.0,192.491428
1766070471.8029256,127.025,1.0,192.491428
1766070472.3789854,127.001,1.0,192.491428
1766070472.956977,127.001,1.0,192.491428
1766070473.535015,127.001,1.0,192.491428
1766070476.1864212,127.06,1.0,192.491428
1766070476.7611594,127.067,1.0,192.491428
1766070477.473136,127.086,1.0,192.491428
1766070478.048421,127.086,1.0,192.491428
1766070478.630083,127.121,1.0,192.491428
1766070479.3450625,127.108,1.0,192.491428
1766070479.9186783,127.117,1.0,192.491428
1766070480.494229,127.2,1.0,192.491428
1766070481.0691345,127.2,1.0,192.491428
1766070481.7366376,127.2,1.0,192.61842800000002
1766070482.44984,127.201,1.0,192.61842800000002
1766070485.100949,127.201,1.0,192.61842800000002
1766070485.6756687,127.204,1.0,192.61842800000002
1766070486.2503092,127.2,1.0,192.61842800000002
1766070486.8253195,127.2,1.0,192.61842800000002
1766070487.4000654,127.2,1.0,192.61842800000002
1766070487.9767008,127.2,1.0,192.61842800000002
1766070488.6873925,127.2,1.0,192.61842800000002
1766070489.2682104,127.2,1.0,192.61842800000002
1766070489.844316,127.2,1.0,192.61842800000002
1766070490.4228587,127.2,1.0,192.61842800000002
1766070490.9983559,127.2,1.0,192.61842800000002
1766070491.572692,127.2,1.0,192.61842800000002
1766070492.2206006,127.2,1.0,192.61842800000002
1766070495.0158982,127.2,1.0,192.61842800000002
1766070495.7320685,127.2,1.0,192.61842800000002
1766070496.4441957,127.2,1.0,192.61842800000002
1766070497.0207887,127.2,1.0,192.61842800000002
1766070497.5984137,127.201,1.0,192.61842800000002
1766070498.1739244,127.2,1.0,192.61842800000002
1766070498.750808,127.2,1.0,192.61842800000002
1766070499.3270178,127.2,1.0,192.61842800000002
1766070499.901812,127.2,1.0,192.61842800000002
1766070500.6134543,127.201,1.0,192.61842800000002
1766070501.2001383,127.2,1.0,192.61842800000002
1766070501.9148355,127.201,1.0,192.61842800000002
1766070504.64929,127.202,1.0,192.64842800000002
1766070505.2244325,127.2,1.0,192.64842800000002
1766070505.799553,127.2,1.0,192.64842800000002
1766070506.5111766,127.2,1.0,192.64842800000002
1766070507.0856795,127.2,1.0,192.64842800000002
1766070507.7997026,127.2,1.0,192.64842800000002
1766070508.3750348,127.211,1.0,192.64842800000002
1766070508.9519885,127.211,1.0,192.64842800000002
1766070509.5274885,127.204,1.0,192.64842800000002
1766070510.103235,127.2,1.0,192.64842800000002
1766070510.6793168,127.18,1.0,192.64842800000002
1766070511.25601,127.196,1.0,192.64842800000002
1766070511.8423424,127.199,1.0,192.64842800000002
1766070512.6314669,127.196,1.0,192.64842800000002
1766070513.3647282,127.195,1.0,192.64842800000002
1766070514.0734704,127.162,1.0,192.64842800000002
1766070516.7271173,127.088,1.0,192.64842800000002
1766070517.3025916,127.046,1.0,192.64842800000002
1766070517.8800714,127.091,1.0,192.64842800000002
1766070518.4779415,127.102,1.0,192.64842800000002
1766070519.192368,127.081,1.0,192.64842800000002
1766070519.7666585,127.089,1.0,192.64842800000002
1766070520.345657,127.081,1.0,192.64842800000002
1766070520.9213126,127.067,1.0,192.64842800000002
1766070521.49756,127.066,1.0,192.64842800000002
1766070522.0759232,127.063,1.0,192.64842800000002
1766070522.7272098,127.064,1.0,192.64842800000002
1766070523.4371781,127.063,1.0,192.64842800000002
1766070524.017095,127.068,1.0,192.64842800000002
1766070524.7305257,127.068,1.0,192.64842800000002
1766070525.307189,127.068,1.0,192.64842800000002
1766070527.962886,127.081,1.0,192.64842800000002
1766070528.5383008,127.089,1.0,192.64842800000002
1766070529.11948,127.078,1.0,192.64842800000002
1766070529.8315284,127.076,1.0,192.64842800000002
1766070530.5433753,127.074,1.0,192.64842800000002
1766070531.1194894,127.054,1.0,192.64842800000002
1766070531.6971648,127.054,1.0,192.64842800000002
1766070532.274852,127.064,1.0,192.64842800000002
1766070532.9365373,127.064,1.0,192.54742800000002
1766070533.5153,127.077,1.0,192.54742800000002
1766070536.167104,127.057,1.0,192.54742800000002
1766070536.742783,127.058,1.0,192.54742800000002
1766070537.4546576,127.075,1.0,192.54742800000002
1766070538.0306928,127.065,1.0,192.54742800000002
1766070538.745325,127.102,1.0,192.54742800000002
1766070539.3196244,127.102,1.0,192.54742800000002
1766070540.0295174,127.093,1.0,192.54742800000002
1766070540.6070635,127.131,1.0,192.54742800000002
1766070541.184739,127.117,1.0,192.54742800000002
1766070541.8955424,127.103,1.0,192.54742800000002
1766070542.4718118,127.106,1.0,192.54742800000002
1766070543.269999,127.063,1.0,192.59442800000002
1766070545.9238117,127.068,1.0,192.59442800000002
1766070546.6365619,127.076,1.0,192.59442800000002
1766070547.2126784,127.054,1.0,192.59442800000002
1766070547.7967181,127.054,1.0,192.59442800000002
1766070548.3728213,127.057,1.0,192.59442800000002
1766070549.0892346,127.063,1.0,192.59442800000002
1766070549.6657236,127.057,1.0,192.59442800000002
1766070550.245076,127.058,1.0,192.59442800000002
1766070550.957495,127.061,1.0,192.59442800000002
1766070551.5368357,127.058,1.0,192.59442800000002
1766070552.1118808,127.057,1.0,192.59442800000002
1766070552.8241947,127.057,1.0,192.59442800000002
1766070553.4756534,127.022,1.0,192.59442800000002
1766070554.0518157,127.01,1.0,192.59442800000002
1766070554.6295693,127.049,1.0,192.59442800000002
1766070555.3400557,127.049,1.0,192.59442800000002
1766070557.9929032,127.052,1.0,192.59442800000002
1766070558.5742888,127.039,1.0,192.59442800000002
1766070559.1508954,127.05,1.0,192.59442800000002
1766070559.727369,127.04,1.0,192.59442800000002
1766070560.4368458,127.042,1.0,192.59442800000002
1766070561.0131319,127.053,1.0,192.59442800000002
1766070561.7239704,127.085,1.0,192.59442800000002
1766070562.3014193,127.011,1.0,192.59442800000002
1766070563.012026,126.949,1.0,192.59442800000002
1766070563.6862,126.969,1.0,192.520428
1766070564.262503,126.969,1.0,192.520428
1766070564.9775178,126.946,1.0,192.520428
1766070565.6898022,126.901,1.0,192.520428
1766070568.3464255,126.79,1.0,192.520428
1766070568.9271357,126.785,1.0,192.520428
1766070569.5033503,126.762,1.0,192.520428
1766070570.0801609,126.764,1.0,192.520428
1766070570.6546957,126.769,1.0,192.520428
1766070571.3628445,126.769,1.0,192.520428
1766070571.9392014,126.737,1.0,192.520428
1766070572.52167,126.738,1.0,192.520428
1766070573.0966218,126.712,1.0,192.520428
1766070575.980939,126.677,1.0,192.22542800000002
1766070576.558062,126.677,1.0,192.22542800000002
1766070577.1341,126.658,1.0,192.22542800000002
1766070577.7095218,126.659,1.0,192.22542800000002
1766070578.3123138,126.634,1.0,192.22542800000002
1766070578.8872182,126.685,1.0,192.22542800000002
1766070579.602301,126.742,1.0,192.22542800000002
1766070580.1789215,126.745,1.0,192.22542800000002
1766070580.7542846,126.769,1.0,192.22542800000002
1766070581.3298295,126.769,1.0,192.22542800000002
1766070581.9050891,126.77,1.0,192.22542800000002
1766070582.481758,126.77,1.0,192.22542800000002
1766070583.0604584,126.77,1.0,192.22542800000002
1766070583.7724323,126.782,1.0,192.22542800000002
1766070586.4994862,126.798,1.0,192.22542800000002
1766070587.0762014,126.783,1.0,192.22542800000002
1766070587.6536314,126.761,1.0,192.22542800000002
1766070588.2284987,126.741,1.0,192.22542800000002
1766070588.9411976,126.749,1.0,192.22542800000002
1766070589.5171812,126.76,1.0,192.22542800000002
1766070590.094818,126.76,1.0,192.22542800000002
1766070590.6701233,126.698,1.0,192.22542800000002
1766070591.247318,126.698,1.0,192.22542800000002
1766070591.821071,126.695,1.0,192.22542800000002
1766070592.395249,126.69,1.0,192.22542800000002
1766070592.9761996,126.69,1.0,192.22542800000002
1766070593.552779,126.667,1.0,192.22542800000002
1766070596.204811,126.722,1.0,192.22542800000002
1766070597.0062973,126.756,1.0,192.17642800000002
1766070597.5809789,126.756,1.0,192.17642800000002
1766070598.1618953,126.756,1.0,192.17642800000002
1766070598.737612,126.774,1.0,192.17642800000002
1766070599.454164,126.766,1.0,192.17642800000002
1766070600.0303867,126.766,1.0,192.17642800000002
1766070600.762922,126.776,1.0,192.17642800000002
1766070601.3393364,126.812,1.0,192.17642800000002
1766070602.0592492,126.84,1.0,192.17642800000002
1766070602.6357934,126.84,1.0,192.17642800000002
1766070603.3501587,126.779,1.0,192.17642800000002
1766070606.0049012,126.643,1.0,192.17642800000002
1766070606.5811465,126.635,1.0,192.17642800000002
1766070607.3102906,126.578,1.0,192.11242800000002
1766070614.0806286,126.561,0.0,192.03965
1766070614.7940776,126.561,0.0,192.03965
1766070615.3725123,126.561,0.0,192.03965
1766070615.948292,126.586,0.0,192.03965
1766070616.5262296,126.618,0.0,192.03965
1766070617.103693,126.618,0.0,192.03965
1766070617.762958,126.618,0.0,192.03965
1766070618.4757254,126.633,0.0,192.03965
1766070619.186591,126.62,0.0,192.03965
1766070619.7627656,126.62,0.0,192.03965
1766070620.338732,126.633,0.0,192.03965
1766070620.9176428,126.633,0.0,192.03965
1766070621.4951715,126.633,0.0,192.03965
1766070622.0765524,126.637,0.0,192.03965
1766070622.6536715,126.611,0.0,192.03965
1766070623.2306035,126.611,0.0,192.03965
1766070623.8076305,126.611,0.0,192.03965
1766070624.3855884,126.611,0.0,192.03965
1766070624.9629493,126.6,0.0,192.03965
1766070625.5407925,126.571,0.0,192.03965
1766070626.1185637,126.571,0.0,192.03965
1766070626.8303764,126.545,0.0,192.03965
1766070627.547336,126.562,0.0,192.03965
1766070628.3413858,126.562,0.0,192.03965
1766070628.9181292,126.562,0.0,192.03965
1766070629.4936798,126.562,0.0,192.03965
1766070630.205466,126.574,0.0,192.03965
1766070630.7794724,126.574,0.0,192.03965
1766070631.3561702,126.574,0.0,192.03965
1766070631.9976206,126.574,0.0,192.03965
1766070632.5846236,126.574,0.0,192.03965
1766070633.161672,126.593,0.0,192.03965
1766070633.8733993,126.593,0.0,192.03965
1766070634.4487135,126.584,0.0,192.03965
1766070635.0264332,126.561,0.0,192.03965
1766070635.6027963,126.561,0.0,192.03965
1766070638.2555132,126.523,0.0,192.03965
1766070638.9159572,126.53,0.0,192.03965
1766070639.4909601,126.523,0.0,192.03965
1766070640.0651028,126.523,0.0,192.03965
1766070640.6412814,126.523,0.0,192.03965
1766070641.216317,126.519,0.0,192.03965
1766070641.7984347,126.437,0.0,192.03965
1766070642.3729877,126.449,0.0,192.03965
1766070645.0256507,126.403,0.0,192.03965
1766070645.7386773,126.459,0.0,192.03965
1766070646.3148348,126.459,0.0,192.03965
1766070646.8911765,126.498,0.0,192.03965
1766070647.6032221,126.488,0.0,192.03965
1766070648.1799138,126.49,0.0,192.03965
1766070648.8910174,126.457,0.0,192.03965
1766070649.690003,126.457,0.0,192.03965
1766070650.265371,126.415,0.0,192.03965
1766070650.8430483,126.483,0.0,192.03965
1766070651.4181538,126.483,0.0,192.03965
1766070651.9962397,126.483,0.0,192.03965
1766070654.663439,126.454,0.0,192.03965
1766070655.2401109,126.429,0.0,192.03965
1766070655.9532995,126.429,0.0,192.03965
1766070656.6664956,126.447,0.0,192.03965
1766070657.3791785,126.428,0.0,192.03965
1766070657.9570749,126.428,0.0,192.03965
1766070658.533541,126.428,0.0,192.03965
1766070659.1099806,126.428,0.0,192.03965
1766070659.7694464,126.428,0.0,192.03965
1766070660.3468826,126.427,0.0,192.03965
1766070664.7930133,126.386,1.0,192.02865
1766070665.3680344,126.369,1.0,192.02865
1766070666.0781734,126.376,1.0,192.02865
1766070666.654339,126.376,1.0,192.02865
1766070667.2305908,126.347,1.0,192.02865
1766070667.8205886,126.347,1.0,192.02865
1766070668.3963282,126.421,1.0,192.02865
1766070668.9705193,126.392,1.0,192.02865
1766070669.5546107,126.429,1.0,192.02865
1766070670.215171,126.362,1.0,192.02665
1766070670.79211,126.355,1.0,192.02665
1766070671.3688247,126.393,1.0,192.02665
1766070672.0810356,126.384,1.0,192.02665
1766070672.6562436,126.358,1.0,192.02665
1766070673.3689606,126.358,1.0,192.02665
1766070674.081022,126.358,1.0,192.02665
1766070674.6637151,126.382,1.0,192.02665
1766070675.2649143,126.344,1.0,192.02665
1766070677.918303,126.288,1.0,192.02665
1766070678.4975367,126.292,1.0,192.02665
1766070679.0715547,126.292,1.0,192.02665
1766070679.6485436,126.281,1.0,192.02665
1766070687.0622425,126.429,0.0,191.97365
1766070687.637644,126.429,0.0,191.97365
1766070688.3480504,126.429,0.0,191.97365
1766070688.9232347,126.429,0.0,191.97365
1766070689.4993706,126.429,0.0,191.97365
1766070690.0755436,126.427,0.0,191.97365
1766070690.8601584,126.371,0.0,191.97365
1766070691.4347804,126.366,0.0,191.97365
1766070692.0179386,126.367,0.0,191.97365
1766070692.7289236,126.286,0.0,191.97365
1766070693.3047693,126.282,0.0,191.97365
1766070693.8892233,126.28,0.0,191.97365
1766070694.4647613,126.28,0.0,191.97365
1766070695.0408573,126.28,0.0,191.97365
1766070695.6211348,126.289,0.0,191.97365
1766070696.2085912,126.289,0.0,191.97365
1766070696.7844212,126.289,0.0,191.97365
1766070697.49683,126.297,0.0,191.97365
1766070698.0731242,126.279,0.0,191.97365
1766070698.7898297,126.262,0.0,191.97365
1766070699.3632233,126.233,0.0,191.97365
1766070699.9383504,126.233,0.0,191.97365
1766070700.5138886,126.233,0.0,191.97365
1766070701.1776106,126.237,0.0,191.97365
1766070701.7528625,126.217,0.0,191.97365
1766070702.3290834,126.213,0.0,191.97365
1766070702.904001,126.213,0.0,191.97365
1766070703.615218,126.186,0.0,191.97365
1766070704.190556,126.186,0.0,191.97365
1766070704.7824945,126.169,0.0,191.97365
1766070705.3632703,126.169,0.0,191.97365
1766070706.0740216,126.174,0.0,191.97365
1766070706.6492085,126.174,0.0,191.97365
1766070707.2266355,126.132,0.0,191.97365
1766070707.9362583,126.119,0.0,191.97365
1766070708.5146427,126.122,0.0,191.97365
1766070709.2272446,126.107,0.0,191.97365
1766070709.8038993,126.127,0.0,191.97365
1766070712.4522347,126.152,0.0,191.97365
1766070713.1138308,126.121,0.0,191.97365
1766070713.824588,126.153,0.0,191.97365
1766070714.538357,126.156,0.0,191.97365
1766070715.246652,126.206,0.0,191.97365
1766070715.9606018,126.206,0.0,191.97365
1766070716.5346699,126.212,0.0,191.97365
1766070717.1092334,126.222,0.0,191.97365
1766070717.8170357,126.21,0.0,191.97365
1766070718.5292232,126.222,0.0,191.97365
1766070719.1052318,126.213,0.0,191.97365
1766070719.8181527,126.212,0.0,191.97365
1766070720.395683,126.166,0.0,191.97365
1766070724.9638174,126.189,1.0,191.96564999999998
1766070725.6214938,126.186,1.0,191.98364999999998
1766070726.196942,126.186,1.0,191.98364999999998
1766070726.7712831,126.198,1.0,191.98364999999998
1766070727.3499608,126.197,1.0,191.98364999999998
1766070727.9266627,126.208,1.0,191.98364999999998
1766070728.500595,126.208,1.0,191.98364999999998
1766070729.0764792,126.201,1.0,191.98364999999998
1766070729.6525905,126.187,1.0,191.98364999999998
1766070730.2306888,126.187,1.0,191.98364999999998
1766070730.8061156,126.185,1.0,191.98364999999998
1766070731.5155015,126.169,1.0,191.98364999999998
1766070732.2261763,126.169,1.0,191.98364999999998
1766070732.801728,126.169,1.0,191.98364999999998
1766070733.3782916,126.182,1.0,191.98364999999998
1766070733.954901,126.22,1.0,191.98364999999998
1766070734.5284908,126.211,1.0,191.98364999999998
1766070737.181413,126.169,1.0,191.98364999999998
1766070738.0146837,126.169,1.0,191.94764999999998
1766070738.5979128,126.186,1.0,191.94764999999998
1766070739.1744614,126.186,1.0,191.94764999999998
1766070739.7563136,126.184,1.0,191.94764999999998
1766070740.3315434,126.215,1.0,191.94764999999998
1766070741.0427,126.202,1.0,191.94764999999998
1766070741.753234,126.226,1.0,191.94764999999998
1766070742.336478,126.187,1.0,191.94764999999998
1766070742.9108412,126.19,1.0,191.94764999999998
1766070743.5025876,126.19,1.0,191.94764999999998
1766070746.1556249,126.161,1.0,191.94764999999998
1766070746.8676987,126.125,1.0,191.94764999999998
1766070747.4437385,126.11,1.0,191.94764999999998
1766070748.2377791,126.104,1.0,191.91665
1766070748.8184414,126.104,1.0,191.91665
1766070749.401742,126.104,1.0,191.91665
1766070749.9792025,126.104,1.0,191.91665
1766070750.5551217,126.063,1.0,191.91665
1766070756.9850364,126.042,0.0,191.73165
1766070757.5618098,126.026,0.0,191.73165
1766070758.218091,126.027,0.0,191.73165
1766070758.8009005,126.027,0.0,191.73165
1766070759.5119853,126.086,0.0,191.73165
1766070760.0878992,126.086,0.0,191.73165
1766070760.6650274,126.086,0.0,191.73165
1766070761.241261,126.086,0.0,191.73165
1766070761.9526746,126.07,0.0,191.73165
1766070762.5305338,126.07,0.0,191.73165
1766070763.1085742,126.07,0.0,191.73165
1766070763.6842086,126.036,0.0,191.73165
1766070764.2613888,126.051,0.0,191.73165
1766070764.9733462,126.077,0.0,191.73165
1766070765.5512052,126.076,0.0,191.73165
1766070766.1325097,126.081,0.0,191.73165
1766070766.7432442,126.075,0.0,191.73165
1766070767.3198018,126.075,0.0,191.73165
1766070767.8961792,126.073,0.0,191.73165
1766070768.5582447,126.079,0.0,191.73165
1766070769.1339397,126.087,0.0,191.73165
1766070769.7087593,126.087,0.0,191.73165
1766070770.2856197,126.073,0.0,191.73165
1766070770.8617253,126.073,0.0,191.73165
1766070771.5756812,126.073,0.0,191.73165
1766070772.1538782,126.096,0.0,191.73165
1766070774.8031132,126.07,0.0,191.73165
1766070775.3790963,126.054,0.0,191.73165
1766070775.9546733,126.054,0.0,191.73165
1766070776.5305452,126.054,0.0,191.73165
1766070777.1071022,126.054,0.0,191.73165
1766070777.813258,126.055,0.0,191.73165
1766070778.3882422,126.032,0.0,191.73165
1766070779.055654,126.032,0.0,191.73165
1766070779.6309886,126.034,0.0,191.73165
1766070782.2850938,125.963,0.0,191.73165
1766070782.8619006,125.943,0.0,191.73165
1766070783.439905,125.943,0.0,191.73165
1766070784.0152526,125.943,0.0,191.73165
1766070784.7252903,125.972,0.0,191.73165
1766070785.4340029,125.98,0.0,191.73165
1766070786.0183873,125.986,0.0,191.73165
1766070786.7286837,125.991,0.0,191.73165
1766070787.303031,125.991,0.0,191.73165
1766070787.8792565,125.92,0.0,191.73165
1766070788.4559588,125.92,0.0,191.73165
1766070791.1887138,125.901,0.0,191.73165
1766070791.76661,125.901,0.0,191.73165
1766070792.3422446,125.809,0.0,191.73165
1766070792.9172654,125.833,0.0,191.73165
1766070793.4938915,125.833,0.0,191.73165
1766070794.070215,125.85,0.0,191.73165
1766070794.6450675,125.85,0.0,191.73165
1766070795.220548,125.834,0.0,191.73165
1766070795.7955153,125.834,0.0,191.73165
1766070796.5037558,125.834,0.0,191.73165
1766070797.2138937,125.86,0.0,191.73165
1766070797.790696,125.887,0.0,191.73165
1766070798.3679063,125.887,0.0,191.73165
1766070801.0172808,125.949,0.0,191.73165
1766070801.8089306,125.931,0.0,191.73165
1766070802.3840387,125.931,0.0,191.73165
1766070802.9623697,125.899,0.0,191.73165
1766070803.538428,125.897,0.0,191.73165
1766070804.114077,125.897,0.0,191.73165
1766070804.6904566,125.899,0.0,191.73165
1766070805.2665927,125.899,0.0,191.73165
1766070805.8448806,125.877,0.0,191.73165
1766070806.5558994,125.875,0.0,191.73165
1766070809.2065911,125.902,0.0,191.73165
1766070809.78257,125.902,0.0,191.73165
1766070810.3570108,125.902,0.0,191.73165
1766070811.065142,125.894,0.0,191.73165
1766070811.7787647,125.894,0.0,191.73165
1766070812.4453635,125.934,0.0,191.73165
1766070813.024566,125.938,0.0,191.73165
1766070813.6006002,125.938,0.0,191.73165
1766070814.3140428,125.948,0.0,191.73165
1766070814.891221,125.937,0.0,191.73165
1766070817.5433726,125.914,0.0,191.73165
1766070818.1202652,125.908,0.0,191.73165
1766070818.6957188,125.908,0.0,191.73165
1766070819.2715125,125.908,0.0,191.73165
1766070819.849712,125.892,0.0,191.73165
1766070820.5621858,125.891,0.0,191.73165
1766070821.1381767,125.848,0.0,191.73165
1766070821.713926,125.853,0.0,191.73165
1766070822.3714223,125.854,0.0,191.73165
1766070825.0279243,125.84,0.0,191.73165
1766070825.6157923,125.812,0.0,191.73165
1766070826.1923828,125.784,0.0,191.73165
1766070826.7686021,125.781,0.0,191.73165
1766070827.4993463,125.781,0.0,191.73165
1766070828.075855,125.805,0.0,191.73165
1766070828.6518261,125.805,0.0,191.73165
1766070829.2273743,125.76,0.0,191.73165
1766070829.80209,125.768,0.0,191.73165
1766070830.3777463,125.762,0.0,191.73165
1766070831.0891438,125.754,0.0,191.73165
1766070831.6648152,125.754,0.0,191.73165
1766070832.239046,125.76,0.0,191.73165
1766070832.8960056,125.76,0.0,191.73165
1766070835.545966,125.759,0.0,191.73165
1766070836.1239424,125.759,0.0,191.73165
1766070836.8383315,125.759,0.0,191.73165
1766070837.4141133,125.798,0.0,191.73165
1766070837.9897249,125.783,0.0,191.73165
1766070838.564942,125.783,0.0,191.73165
1766070839.1424031,125.782,0.0,191.73165
1766070839.7196088,125.798,0.0,191.73165
1766070840.2971234,125.809,0.0,191.73165
1766070840.8737888,125.837,0.0,191.73165
1766070841.449947,125.826,0.0,191.73165
1766070842.0252445,125.826,0.0,191.73165
1766070842.5997598,125.826,0.0,191.73165
1766070843.559719,125.802,0.0,191.73165
1766070844.1350708,125.81,0.0,191.73165
1766070846.7861924,125.822,0.0,191.73165
1766070847.3610551,125.793,0.0,191.73165
1766070847.9354744,125.793,0.0,191.73165
1766070848.5093207,125.793,0.0,191.73165
1766070849.086669,125.793,0.0,191.73165
1766070849.795359,125.76,0.0,191.73165
1766070850.3703535,125.772,0.0,191.73165
1766070850.9529197,125.737,0.0,191.73165
1766070851.6658528,125.74,0.0,191.73165
1766070852.240026,125.742,0.0,191.73165
1766070852.8147972,125.76,0.0,191.73165
1766070853.4621012,125.788,0.0,191.73165
1766070854.0371144,125.788,0.0,191.73165
1766070854.6141112,125.788,0.0,191.73165
1766070857.2634492,125.751,0.0,191.73165
1766070857.974903,125.777,0.0,191.73165
1766070858.5572996,125.738,0.0,191.73165
1766070859.265392,125.74,0.0,191.73165
1766070859.8425786,125.74,0.0,191.73165
1766070860.4192743,125.761,0.0,191.73165
1766070860.9955168,125.744,0.0,191.73165
1766070861.704179,125.743,0.0,191.73165
1766070862.281042,125.717,0.0,191.73165
1766070862.8600082,125.714,0.0,191.73165
1766070863.5165555,125.725,0.0,191.73165
1766070866.167786,125.723,0.0,191.73165
1766070866.7436063,125.728,0.0,191.73165
1766070867.4533956,125.76,0.0,191.73165
1766070868.0280874,125.774,0.0,191.73165
1766070868.738872,125.774,0.0,191.73165
1766070869.4491825,125.788,0.0,191.73165
1766070870.0271585,125.788,0.0,191.73165
1766070870.6204808,125.788,0.0,191.73165
1766070871.1946533,125.788,0.0,191.73165
1766070871.7689705,125.788,0.0,191.73165
1766070872.3456552,125.771,0.0,191.73165
1766070873.052751,125.792,0.0,191.73165
1766070873.7006745,125.792,0.0,191.73165
1766070874.2753966,125.792,0.0,191.73165
1766070874.9855986,125.799,0.0,191.73165
1766070875.5615392,125.78,0.0,191.73165
1766070878.214152,125.801,0.0,191.73165
1766070878.924333,125.801,0.0,191.73165
1766070879.6346958,125.798,0.0,191.73165
1766070880.217112,125.839,0.0,191.73165
1766070880.790188,125.848,0.0,191.73165
1766070881.505949,125.835,0.0,191.73165
1766070882.0821152,125.835,0.0,191.73165
1766070882.656776,125.865,0.0,191.73165
1766070883.2323892,125.865,0.0,191.73165
1766070883.9054477,125.932,0.0,191.73165
1766070884.613267,125.963,0.0,191.73165
1766070887.266185,125.977,0.0,191.73165
1766070887.8406966,125.942,0.0,191.73165
1766070888.4152408,125.942,0.0,191.73165
1766070888.9983711,125.952,0.0,191.73165
1766070889.573868,125.952,0.0,191.73165
1766070890.1484568,125.952,0.0,191.73165
1766070890.8577435,125.94,0.0,191.73165
1766070891.4316497,125.941,0.0,191.73165
1766070892.0083642,125.94,0.0,191.73165
1766070892.5832574,125.94,0.0,191.73165
1766070893.1585653,125.91,0.0,191.73165
1766070893.8706307,125.915,0.0,191.73165
1766070894.523488,125.932,0.0,191.73165
1766070895.104599,125.932,0.0,191.73165
1766070897.7548783,125.914,0.0,191.73165
1766070898.3286939,125.914,0.0,191.73165
1766070898.905202,125.918,0.0,191.73165
1766070899.4793198,125.927,0.0,191.73165
1766070900.0557692,125.927,0.0,191.73165
1766070900.6306581,125.927,0.0,191.73165
1766070901.2127972,125.928,0.0,191.73165
1766070901.7898018,125.934,0.0,191.73165
1766070902.498262,125.886,0.0,191.73165
1766070903.0786765,125.87,0.0,191.73165
1766070903.6560512,125.891,0.0,191.73165
1766070904.233135,125.901,0.0,191.73165
1766070904.882472,125.87,0.0,191.73165
1766070907.5357754,125.903,0.0,191.73165
1766070908.2476168,125.917,0.0,191.73165
1766070908.8236275,125.917,0.0,191.73165
1766070909.4007423,125.922,0.0,191.73165
1766070909.978214,125.905,0.0,191.73165
1766070910.5531626,125.923,0.0,191.73165
1766070911.1297581,125.923,0.0,191.73165
1766070911.705509,125.907,0.0,191.73165
1766070912.2813454,125.914,0.0,191.73165
1766070912.857382,125.914,0.0,191.73165
1766070913.5680442,125.931,0.0,191.73165
1766070914.1432571,125.931,0.0,191.73165
1766070914.7172565,125.931,0.0,191.73165
1766070915.368744,125.931,0.0,191.73165
1766070918.022573,125.885,0.0,191.73165
1766070918.5981886,125.885,0.0,191.73165
1766070919.3102207,125.899,0.0,191.73165
1766070919.8864892,125.899,0.0,191.73165
1766070920.6000085,125.886,0.0,191.73165
1766070921.176896,125.894,0.0,191.73165
1766070921.754234,125.887,0.0,191.73165
1766070922.4647865,125.887,0.0,191.73165
1766070923.0427449,125.879,0.0,191.73165
1766070923.6179357,125.883,0.0,191.73165
1766070924.1943583,125.883,0.0,191.73165
1766070924.947763,125.852,0.0,191.73165
1766070927.8325827,125.887,0.0,191.73165
1766070928.4092171,125.887,0.0,191.73165
1766070928.9870398,125.866,0.0,191.73165
1766070929.5627959,125.87,0.0,191.73165
1766070930.1385465,125.87,0.0,191.73165
1766070930.7157705,125.892,0.0,191.73165
1766070931.292015,125.909,0.0,191.73165
1766070931.866083,125.946,0.0,191.73165
1766070932.4414775,125.91,0.0,191.73165
1766070933.018955,125.915,0.0,191.73165
1766070933.5942698,125.915,0.0,191.73165
1766070934.1684105,125.915,0.0,191.73165
1766070936.819949,125.901,0.0,191.73165
1766070937.6233068,125.945,0.0,191.73165
1766070938.1988397,125.953,0.0,191.73165
1766070938.7746687,125.97,0.0,191.73165
1766070939.3505566,125.972,0.0,191.73165
1766070940.0598302,125.974,0.0,191.73165
1766070940.6426623,125.985,0.0,191.73165
1766070941.353092,125.996,0.0,191.73165
1766070941.9287562,125.981,0.0,191.73165
1766070942.6396198,125.972,0.0,191.73165
1766070943.2172787,125.972,0.0,191.73165
1766070943.7949822,125.972,0.0,191.73165
1766070946.604896,126.073,0.0,191.73165
1766070947.1788447,126.088,0.0,191.73165
1766070947.9704385,126.088,0.0,191.73165
1766070948.5506897,126.082,0.0,191.73165
1766070949.262757,126.07,0.0,191.73165
1766070949.9746854,126.083,0.0,191.73165
1766070950.5503297,126.105,0.0,191.73165
1766070951.1388104,126.052,0.0,191.73165
1766070951.8466136,126.052,0.0,191.73165
1766070952.4226372,126.094,0.0,191.73165
1766070952.9977963,126.095,0.0,191.73165
1766070953.705385,126.143,0.0,191.73165
1766070954.2828906,126.165,0.0,191.73165
1766070956.9347634,126.173,0.0,191.73165
1766070957.5086854,126.173,0.0,191.73165
1766070958.1650758,126.197,0.0,191.73165
1766070958.7417362,126.197,0.0,191.73165
1766070959.3188078,126.191,0.0,191.73165
1766070959.8939114,126.197,0.0,191.73165
1766070960.4703217,126.197,0.0,191.73165
1766070964.9039142,126.18,1.0,191.743974
1766070965.4814768,126.196,1.0,191.743974
1766070966.05801,126.196,1.0,191.743974
1766070966.6398823,126.198,1.0,191.743974
1766070967.2161283,126.198,1.0,191.743974
1766070967.926152,126.2,1.0,191.743974
1766070968.7247932,126.201,1.0,191.79897400000002
1766070969.3006566,126.201,1.0,191.79897400000002
1766070969.877859,126.21,1.0,191.79897400000002
1766070970.4542656,126.21,1.0,191.79897400000002
1766070971.031157,126.143,1.0,191.79897400000002
1766070971.6061676,126.141,1.0,191.79897400000002
1766070972.1809168,126.154,1.0,191.79897400000002
1766070972.757713,126.154,1.0,191.79897400000002
1766070973.335275,126.207,1.0,191.79897400000002
1766070973.9097424,126.201,1.0,191.79897400000002
1766070976.5596945,126.178,1.0,191.79897400000002
1766070977.1348794,126.178,1.0,191.79897400000002
1766070977.709917,126.21,1.0,191.79897400000002
1766070978.420654,126.248,1.0,191.79897400000002
1766070979.084902,126.239,1.0,191.819974
1766070979.6614387,126.229,1.0,191.819974
1766070980.2361794,126.266,1.0,191.819974
1766070980.9434154,126.265,1.0,191.819974
1766070981.5322032,126.249,1.0,191.819974
1766070982.142926,126.253,1.0,191.819974
1766070984.9271839,126.235,1.0,191.819974
1766070985.5036259,126.235,1.0,191.819974
1766070986.0791337,126.243,1.0,191.819974
1766070988.0473766,126.212,1.0,191.819974
1766070988.6239164,126.212,1.0,191.819974
1766070989.279146,126.25,1.0,191.829974
1766070989.8544528,126.248,1.0,191.829974
1766070990.4300673,126.232,1.0,191.829974
1766070991.1434543,126.183,1.0,191.829974
1766070991.8559074,126.175,1.0,191.829974
1766070992.4317343,126.181,1.0,191.829974
1766070993.1427763,126.177,1.0,191.829974
1766070993.7186007,126.031,1.0,191.829974
1766070994.2940986,126.044,1.0,191.829974
1766070994.8710203,126.047,1.0,191.829974
1766070995.4468544,126.058,1.0,191.829974
1766070996.0250373,126.038,1.0,191.829974
1766070996.6009111,126.038,1.0,191.829974
1766070997.3156204,126.038,1.0,191.829974
1766070997.893705,126.038,1.0,191.829974
1766071000.5475237,126.003,1.0,191.829974
1766071001.2087965,126.078,1.0,191.604974
1766071001.7854223,126.067,1.0,191.604974
1766071002.360874,126.063,1.0,191.604974
1766071002.9349918,126.051,1.0,191.604974
1766071003.5087366,126.021,1.0,191.604974
1766071004.0841932,126.026,1.0,191.604974
1766071004.6623044,126.026,1.0,191.604974
1766071007.3192098,126.024,1.0,191.604974
1766071007.8962665,126.024,1.0,191.604974
1766071008.5043695,126.024,1.0,191.604974
1766071009.0799081,126.024,1.0,191.604974
1766071009.7880156,126.015,1.0,191.604974
1766071010.3620918,126.015,1.0,191.604974
1766071010.9371712,126.016,1.0,191.604974
1766071011.5977619,126.018,1.0,191.613974
1766071012.1735477,126.018,1.0,191.613974
1766071014.8286731,126.019,1.0,191.613974
1766071015.4057493,126.028,1.0,191.613974
1766071015.983578,126.028,1.0,191.613974
1766071016.557267,126.029,1.0,191.613974
1766071017.134144,126.004,1.0,191.613974
1766071017.8403943,125.962,1.0,191.613974
1766071024.3961637,125.817,0.0,191.517974
1766071025.0670373,125.817,0.0,191.517974
1766071025.6470604,125.895,0.0,191.517974
1766071026.2274182,125.921,0.0,191.517974
1766071026.9384587,125.921,0.0,191.517974
1766071027.514862,125.921,0.0,191.517974
1766071028.0942357,125.909,0.0,191.517974
1766071028.8065455,125.911,0.0,191.517974
1766071029.3826795,125.917,0.0,191.517974
1766071029.9594383,125.917,0.0,191.517974
1766071030.5406654,125.924,0.0,191.517974
1766071031.1163738,125.927,0.0,191.517974
1766071031.6920478,125.888,0.0,191.517974
1766071032.2680705,125.888,0.0,191.517974
1766071032.8433523,125.888,0.0,191.517974
1766071033.4234946,125.943,0.0,191.517974
1766071033.997793,125.996,0.0,191.517974
1766071034.577322,126.009,0.0,191.517974
1766071035.2333646,126.047,0.0,191.517974
1766071035.807285,126.045,0.0,191.517974
1766071036.3833914,126.046,0.0,191.517974
1766071036.9575386,126.069,0.0,191.517974
1766071037.5348475,126.073,0.0,191.517974
1766071038.112711,126.073,0.0,191.517974
1766071038.688443,126.073,0.0,191.517974
1766071039.2664514,126.062,0.0,191.517974
1766071039.979206,126.084,0.0,191.517974
1766071040.5551972,126.085,0.0,191.517974
1766071041.1392455,126.085,0.0,191.517974
1766071041.7142725,126.051,0.0,191.517974
1766071042.289111,126.041,0.0,191.517974
1766071042.8636687,126.066,0.0,191.517974
1766071045.515224,126.077,0.0,191.517974
1766071046.1725185,126.06,0.0,191.517974
1766071046.7467294,126.069,0.0,191.517974
1766071047.3212934,126.069,0.0,191.517974
1766071047.895909,126.03,0.0,191.517974
1766071048.606328,126.035,0.0,191.517974
1766071049.1823366,126.037,0.0,191.517974
1766071049.7577932,126.013,0.0,191.517974
1766071050.333181,126.017,0.0,191.517974
1766071053.006121,125.963,0.0,191.517974
1766071053.5826263,125.963,0.0,191.517974
1766071054.1573293,125.963,0.0,191.517974
1766071054.7350984,125.993,0.0,191.517974
1766071055.3110728,125.995,0.0,191.517974
1766071055.8858433,125.995,0.0,191.517974
1766071056.810188,125.991,0.0,191.517974
1766071057.3840163,125.987,0.0,191.517974
1766071057.9611104,125.987,0.0,191.517974
1766071058.6705787,125.987,0.0,191.517974
1766071061.3218925,126.07,0.0,191.517974
1766071061.8978934,126.065,0.0,191.517974
1766071062.4750264,126.058,0.0,191.517974
1766071063.052246,126.062,0.0,191.517974
1766071063.7665758,126.062,0.0,191.517974
1766071064.3427236,126.149,0.0,191.517974
1766071064.917481,126.243,0.0,191.517974
1766071065.4912329,126.283,0.0,191.517974
1766071066.068381,126.3,0.0,191.517974
1766071066.8586276,126.458,0.0,191.517974
1766071069.5128298,126.64,0.0,191.517974
1766071070.0869296,126.68,0.0,191.517974
1766071070.6612396,126.716,0.0,191.517974
1766071071.2368464,126.725,0.0,191.517974
1766071071.8137786,126.725,0.0,191.517974
1766071072.3894937,126.717,0.0,191.517974
1766071072.9653716,126.777,0.0,191.517974
1766071073.5426908,126.74,0.0,191.517974
1766071074.2560065,126.657,0.0,191.517974
1766071074.964743,126.634,0.0,191.517974
1766071075.672678,126.633,0.0,191.517974
1766071076.2469978,126.649,0.0,191.517974
1766071077.053388,126.61,0.0,191.517974
1766071077.6291842,126.615,0.0,191.517974
1766071078.204575,126.615,0.0,191.517974
1766071080.9896247,126.553,0.0,191.517974
1766071085.5585551,126.552,1.0,191.45497400000002
1766071086.1401446,126.551,1.0,191.45497400000002
1766071086.7173643,126.548,1.0,191.45497400000002
1766071087.3781672,126.54,1.0,191.517974
1766071087.9527445,126.541,1.0,191.517974
1766071088.529321,126.554,1.0,191.517974
1766071089.1049457,126.465,1.0,191.517974
1766071089.8346574,126.456,1.0,191.517974
1766071090.5464745,126.435,1.0,191.517974
1766071091.122736,126.412,1.0,191.517974
1766071097.8757777,126.536,0.0,191.378974
1766071098.5358667,126.536,0.0,191.378974
1766071099.1109023,126.571,0.0,191.378974
1766071099.6873715,126.661,0.0,191.378974
1766071100.2614276,126.647,0.0,191.378974
1766071100.8364167,126.636,0.0,191.378974
1766071101.544205,126.636,0.0,191.378974
1766071102.1207445,126.639,0.0,191.378974
1766071102.6964045,126.71,0.0,191.378974
1766071103.2795448,126.698,0.0,191.378974
1766071103.856224,126.711,0.0,191.378974
1766071104.4344065,126.72,0.0,191.378974
1766071105.011948,126.716,0.0,191.378974
1766071105.587759,126.663,0.0,191.378974
1766071106.299621,126.685,0.0,191.378974
1766071106.8770442,126.685,0.0,191.378974
1766071107.4550107,126.664,0.0,191.378974
1766071108.0306108,126.713,0.0,191.378974
1766071108.8286967,126.714,0.0,191.378974
1766071109.4032364,126.735,0.0,191.378974
1766071109.9772184,126.773,0.0,191.378974
1766071110.5521595,126.783,0.0,191.378974
1766071111.126993,126.783,0.0,191.378974
1766071111.840116,126.783,0.0,191.378974
1766071112.4180217,126.71,0.0,191.378974
1766071112.9936526,126.709,0.0,191.378974
1766071113.5701597,126.701,0.0,191.378974
1766071114.1452074,126.71,0.0,191.378974
1766071114.7189956,126.71,0.0,191.378974
1766071115.4339666,126.71,0.0,191.378974
1766071116.1481342,126.776,0.0,191.378974
1766071116.7247717,126.776,0.0,191.378974
1766071117.436091,126.789,0.0,191.378974
1766071118.013623,126.843,0.0,191.378974
1766071118.5897865,126.886,0.0,191.378974
1766071119.2471416,126.886,0.0,191.378974
1766071119.9783318,126.832,0.0,191.378974
1766071120.6897898,126.823,0.0,191.378974
1766071121.2639577,126.832,0.0,191.378974
1766071121.8414533,126.862,0.0,191.378974
1766071122.4248626,126.873,0.0,191.378974
1766071123.1338787,126.873,0.0,191.378974
1766071123.712633,126.873,0.0,191.378974
1766071124.446284,126.9,0.0,191.378974
1766071125.0199819,126.913,0.0,191.378974
1766071125.5965853,126.899,0.0,191.378974
1766071126.314336,126.896,0.0,191.378974
1766071126.8960164,126.896,0.0,191.378974
1766071127.6088538,126.896,0.0,191.378974
1766071130.3956304,126.914,0.0,191.378974
1766071131.3222005,126.942,0.0,191.378974
1766071132.0370338,126.939,0.0,191.378974
1766071132.7468565,126.97,0.0,191.378974
1766071133.4590216,126.97,0.0,191.378974
1766071134.03372,126.982,0.0,191.378974
1766071134.6099365,126.982,0.0,191.378974
1766071135.1850982,126.939,0.0,191.378974
1766071135.762482,126.929,0.0,191.378974
1766071136.3396523,126.929,0.0,191.378974
1766071136.9144986,126.928,0.0,191.378974
1766071137.4904468,126.928,0.0,191.378974
1766071138.2008743,126.892,0.0,191.378974
1766071140.8639834,126.812,0.0,191.378974
1766071145.4089992,126.815,1.0,191.410974
1766071145.9850624,126.849,1.0,191.410974
1766071146.6933637,126.849,1.0,191.410974
1766071147.270264,126.849,1.0,191.410974
1766071147.847937,126.815,1.0,191.410974
1766071148.424638,126.794,1.0,191.410974
1766071148.9995544,126.794,1.0,191.410974
1766071149.575077,126.819,1.0,191.410974
1766071150.1523128,126.795,1.0,191.410974
1766071150.7313511,126.792,1.0,191.410974
1766071151.3063433,126.783,1.0,191.410974
1766071151.9757106,126.775,1.0,191.349974
1766071152.5521677,126.809,1.0,191.349974
1766071153.1281772,126.827,1.0,191.349974
1766071153.7039995,126.834,1.0,191.349974
1766071154.414863,126.834,1.0,191.349974
1766071154.9906867,126.834,1.0,191.349974
1766071155.5676396,126.834,1.0,191.349974
1766071156.1445136,126.834,1.0,191.349974
1766071156.7212374,126.777,1.0,191.349974
1766071157.4322493,126.777,1.0,191.349974
1766071158.0084999,126.763,1.0,191.349974
1766071158.586036,126.763,1.0,191.349974
1766071159.2995062,126.827,1.0,191.349974
1766071159.8853128,126.827,1.0,191.349974
1766071160.5968742,126.857,1.0,191.349974
1766071163.385913,126.878,1.0,191.349974
1766071164.3316045,126.885,1.0,191.407974
1766071164.905912,126.908,1.0,191.407974
1766071165.4808285,126.908,1.0,191.407974
1766071166.0586903,126.888,1.0,191.407974
1766071166.63459,126.883,1.0,191.407974
1766071167.3425252,126.85,1.0,191.407974
1766071167.9201412,126.85,1.0,191.407974
1766071168.4961946,126.866,1.0,191.407974
1766071169.0730774,126.866,1.0,191.407974
1766071169.6523943,126.866,1.0,191.407974
1766071170.3687406,126.866,1.0,191.407974
1766071173.1550453,126.872,1.0,191.407974
1766071173.730501,126.877,1.0,191.407974
1766071174.3925443,126.877,1.0,191.425974
1766071174.9741251,126.883,1.0,191.425974
1766071175.5483015,126.883,1.0,191.425974
1766071176.1261888,126.979,1.0,191.425974
1766071176.7013907,127.0,1.0,191.425974
1766071177.2772734,127.076,1.0,191.425974
1766071177.8531835,127.109,1.0,191.425974
1766071180.5036416,126.986,1.0,191.425974
1766071181.0802002,126.986,1.0,191.425974
1766071181.7896917,126.988,1.0,191.425974
1766071182.365292,127.029,1.0,191.425974
1766071182.9392958,127.034,1.0,191.425974
1766071183.5163248,127.034,1.0,191.425974
1766071184.0926602,127.034,1.0,191.425974
1766071184.752281,127.061,1.0,191.577974
1766071187.4037411,127.057,1.0,191.577974
1766071187.981493,127.081,1.0,191.577974
1766071188.5569954,127.084,1.0,191.577974
1766071189.133141,127.08,1.0,191.577974
1766071189.7081196,127.12,1.0,191.577974
1766071190.284699,127.152,1.0,191.577974
1766071190.8618345,127.146,1.0,191.577974
1766071191.4358473,127.146,1.0,191.577974
1766071192.1492825,127.137,1.0,191.577974
1766071192.7287824,127.137,1.0,191.577974
1766071193.304363,127.128,1.0,191.577974
1766071193.8790185,127.121,1.0,191.577974
1766071194.462818,127.122,1.0,191.577974
1766071195.1133385,127.08,1.0,191.577974
1766071198.0352995,127.035,1.0,191.577974
1766071198.612161,127.036,1.0,191.577974
1766071199.189107,127.036,1.0,191.577974
1766071199.7659686,127.036,1.0,191.577974
1766071200.4823728,127.036,1.0,191.577974
1766071201.0590494,127.06,1.0,191.577974
1766071201.7698283,127.016,1.0,191.577974
1766071202.4845467,127.016,1.0,191.577974
1766071203.0597243,127.083,1.0,191.577974
1766071203.642617,127.056,1.0,191.577974
1766071204.218607,127.065,1.0,191.577974
1766071204.7939885,127.065,1.0,191.577974
1766071207.5578268,127.15,1.0,191.606974
1766071208.1330688,127.141,1.0,191.606974
1766071208.7101207,127.155,1.0,191.606974
1766071209.419361,127.151,1.0,191.606974
1766071209.997875,127.166,1.0,191.606974
1766071210.573338,127.212,1.0,191.606974
1766071211.1505265,127.192,1.0,191.606974
1766071211.7258334,127.212,1.0,191.606974
1766071212.3021684,127.212,1.0,191.606974
1766071213.018838,127.241,1.0,191.606974
1766071213.5966609,127.232,1.0,191.606974
1766071214.171811,127.232,1.0,191.606974
1766071214.7472901,127.236,1.0,191.606974
1766071217.5314584,127.21,1.0,191.606974
1766071218.1932096,127.228,1.0,191.776974
1766071218.775972,127.228,1.0,191.776974
1766071219.3515801,127.217,1.0,191.776974
1766071219.927472,127.22,1.0,191.776974
1766071220.502246,127.2,1.0,191.776974
1766071221.2078762,127.19,1.0,191.776974
1766071221.7829537,127.148,1.0,191.776974
1766071222.3586576,127.143,1.0,191.776974
1766071222.9334264,127.051,1.0,191.776974
1766071225.5842726,126.971,1.0,191.776974
1766071226.1611874,127.013,1.0,191.776974
1766071226.7480679,127.014,1.0,191.776974
1766071227.3226507,127.073,1.0,191.776974
1766071227.9007056,127.073,1.0,191.776974
1766071228.5610895,127.046,1.0,191.547974
1766071229.1447237,127.046,1.0,191.547974
1766071229.7222655,127.046,1.0,191.547974
1766071232.509474,127.018,1.0,191.547974
1766071233.0863829,127.017,1.0,191.547974
1766071233.6607623,127.017,1.0,191.547974
1766071234.3730514,127.01,1.0,191.547974
1766071234.9511042,127.01,1.0,191.547974
1766071235.5260234,127.087,1.0,191.547974
1766071236.102038,127.109,1.0,191.547974
1766071236.814253,127.097,1.0,191.547974
1766071237.389421,127.1,1.0,191.547974
1766071237.9649904,127.1,1.0,191.547974
1766071238.6255274,127.134,1.0,191.645974
1766071241.2782617,127.234,1.0,191.645974
1766071241.8521714,127.221,1.0,191.645974
1766071242.428919,127.203,1.0,191.645974
1766071243.0039277,127.182,1.0,191.645974
1766071243.7171338,127.214,1.0,191.645974
1766071244.3052278,127.208,1.0,191.645974
1766071244.8807242,127.208,1.0,191.645974
1766071245.4559448,127.21,1.0,191.645974
1766071246.0340087,127.21,1.0,191.645974
1766071246.6086986,127.202,1.0,191.645974
1766071247.1852806,127.202,1.0,191.645974
1766071247.7591903,127.202,1.0,191.645974
1766071250.4134874,127.263,1.0,191.645974
1766071251.071647,127.262,1.0,191.804974
1766071251.6509435,127.263,1.0,191.804974
1766071252.2270672,127.276,1.0,191.804974
1766071252.8034785,127.27,1.0,191.804974
1766071253.5106423,127.271,1.0,191.804974
1766071254.0841112,127.271,1.0,191.804974
1766071254.6618023,127.274,1.0,191.804974
1766071255.2370071,127.274,1.0,191.804974
1766071255.948827,127.274,1.0,191.804974
1766071258.6245754,127.285,1.0,191.804974
1766071259.201069,127.3,1.0,191.804974
1766071259.7769885,127.3,1.0,191.804974
1766071260.3515215,127.3,1.0,191.804974
1766071260.9283807,127.223,1.0,191.804974
1766071261.5887835,127.262,1.0,191.836974
1766071262.1649032,127.266,1.0,191.836974
1766071262.7431412,127.238,1.0,191.836974
1766071265.3946807,127.235,1.0,191.836974
1766071265.970692,127.204,1.0,191.836974
1766071266.5485976,127.215,1.0,191.836974
1766071267.131475,127.22,1.0,191.836974
1766071267.7090452,127.256,1.0,191.836974
1766071268.2870276,127.292,1.0,191.836974
1766071268.8625772,127.275,1.0,191.836974
1766071269.4369822,127.27,1.0,191.836974
1766071270.1554766,127.261,1.0,191.836974
1766071270.7316182,127.258,1.0,191.836974
1766071271.307317,127.258,1.0,191.836974
1766071271.9578207,127.257,1.0,191.836974
1766071272.5349386,127.253,1.0,191.836974
1766071273.1124988,127.253,1.0,191.836974
1766071275.7645693,127.209,1.0,191.836974
1766071276.3489034,127.227,1.0,191.836974
1766071276.92676,127.227,1.0,191.836974
1766071277.5217671,127.227,1.0,191.836974
1766071278.0970223,127.227,1.0,191.836974
1766071278.6725242,127.227,1.0,191.836974
1766071279.2525597,127.204,1.0,191.836974
1766071279.826514,127.205,1.0,191.836974
1766071280.402389,127.205,1.0,191.836974
1766071280.9778676,127.205,1.0,191.836974
1766071281.5538812,127.205,1.0,191.836974
1766071282.2076108,127.207,1.0,191.836974
1766071284.8611467,127.103,1.0,191.836974
1766071285.4339614,127.102,1.0,191.836974
1766071286.0072873,127.096,1.0,191.836974
1766071286.5846007,127.078,1.0,191.836974
1766071288.637214,127.116,1.0,191.836974
1766071289.3435752,127.127,1.0,191.836974
1766071289.9171014,127.178,1.0,191.836974
1766071290.490906,127.216,1.0,191.836974
1766071291.06627,127.237,1.0,191.836974
1766071291.64121,127.237,1.0,191.836974
1766071292.2981718,127.22,1.0,191.770974
1766071292.8744798,127.198,1.0,191.770974
1766071293.4500813,127.198,1.0,191.770974
1766071294.0252614,127.225,1.0,191.770974
1766071294.6014535,127.264,1.0,191.770974
1766071295.316677,127.249,1.0,191.770974
1766071295.892842,127.249,1.0,191.770974
1766071296.4698832,127.292,1.0,191.770974
1766071299.125285,127.273,1.0,191.770974
1766071299.700267,127.281,1.0,191.770974
1766071300.2770877,127.281,1.0,191.770974
1766071300.8508513,127.281,1.0,191.770974
1766071301.4290109,127.281,1.0,191.770974
1766071302.004207,127.252,1.0,191.770974
1766071302.8033502,127.252,1.0,191.817974
1766071303.3781648,127.294,1.0,191.817974
1766071303.9529212,127.294,1.0,191.817974
1766071306.6047933,127.257,1.0,191.817974
1766071307.1801515,127.257,1.0,191.817974
1766071307.7553344,127.257,1.0,191.817974
1766071308.339358,127.274,1.0,191.817974
1766071308.915484,127.274,1.0,191.817974
1766071309.4998732,127.333,1.0,191.817974
1766071310.078411,127.377,1.0,191.817974
1766071310.6588874,127.405,1.0,191.817974
1766071311.242413,127.368,1.0,191.817974
1766071311.818528,127.45,1.0,191.817974
1766071312.393887,127.435,1.0,191.817974
1766071313.0430255,127.435,1.0,191.817974
1766071313.6179197,127.374,1.0,191.817974
1766071316.2690334,127.333,1.0,191.817974
1766071316.8431747,127.341,1.0,191.817974
1766071317.4201558,127.335,1.0,191.817974
1766071317.9945295,127.336,1.0,191.817974
1766071318.5690923,127.323,1.0,191.817974
1766071319.1443806,127.323,1.0,191.817974
1766071319.7188945,127.322,1.0,191.817974
1766071320.4292731,127.316,1.0,191.817974
1766071321.005314,127.277,1.0,191.817974
1766071321.579763,127.272,1.0,191.817974
1766071322.289146,127.272,1.0,191.817974
1766071322.866098,127.295,1.0,191.817974
1766071323.5156007,127.294,1.0,191.817974
1766071324.0909312,127.294,1.0,191.817974
1766071326.885809,127.239,1.0,191.817974
1766071327.4598444,127.258,1.0,191.817974
1766071328.0341294,127.258,1.0,191.817974
1766071328.6122987,127.269,1.0,191.817974
1766071329.1892443,127.269,1.0,191.817974
1766071329.7642617,127.254,1.0,191.817974
1766071330.4971383,127.254,1.0,191.817974
1766071331.0738513,127.314,1.0,191.817974
1766071331.7838163,127.311,1.0,191.817974
1766071332.357232,127.312,1.0,191.817974
1766071332.932132,127.312,1.0,191.817974
1766071335.8091018,127.368,1.0,191.847974
1766071336.3843834,127.368,1.0,191.847974
1766071336.9589567,127.371,1.0,191.847974
1766071337.5349975,127.37,1.0,191.847974
1766071338.110593,127.371,1.0,191.847974
1766071338.7032568,127.371,1.0,191.847974
1766071339.2769983,127.371,1.0,191.847974
1766071339.854167,127.371,1.0,191.847974
1766071340.434596,127.4,1.0,191.847974
1766071341.147894,127.395,1.0,191.847974
1766071341.7244658,127.395,1.0,191.847974
1766071342.300635,127.383,1.0,191.847974
1766071342.8773108,127.374,1.0,191.847974
1766071345.5323966,127.292,1.0,191.847974
1766071346.1930463,127.292,1.0,191.869974
1766071346.7705255,127.27,1.0,191.869974
1766071347.347332,127.269,1.0,191.869974
1766071347.9231014,127.268,1.0,191.869974
1766071348.4988213,127.287,1.0,191.869974
1766071349.0797381,127.287,1.0,191.869974
1766071349.655806,127.308,1.0,191.869974
1766071352.314053,127.221,1.0,191.869974
1766071352.8899205,127.233,1.0,191.869974
1766071353.4723537,127.247,1.0,191.869974
1766071354.0502486,127.257,1.0,191.869974
1766071354.634379,127.267,1.0,191.869974
1766071355.2119098,127.291,1.0,191.869974
1766071355.7882488,127.296,1.0,191.869974
1766071356.4555774,127.383,1.0,191.829974
1766071359.1164103,127.268,1.0,191.829974
1766071359.6937554,127.288,1.0,191.829974
1766071360.2726967,127.288,1.0,191.829974
1766071360.8476706,127.259,1.0,191.829974
1766071361.4217749,127.232,1.0,191.829974
1766071361.9969208,127.232,1.0,191.829974
1766071362.578064,127.232,1.0,191.829974
1766071363.1534436,127.232,1.0,191.829974
1766071363.731522,127.257,1.0,191.829974
1766071364.3223941,127.257,1.0,191.829974
1766071364.898042,127.257,1.0,191.829974
1766071365.4787068,127.245,1.0,191.829974
1766071368.1331658,127.294,1.0,191.829974
1766071368.7910662,127.292,1.0,191.837974
1766071369.5025856,127.292,1.0,191.837974
1766071370.078412,127.331,1.0,191.837974
1766071370.6565115,127.293,1.0,191.837974
1766071371.234838,127.3,1.0,191.837974
1766071371.812893,127.3,1.0,191.837974
1766071372.3877673,127.329,1.0,191.837974
1766071372.9640052,127.353,1.0,191.837974
1766071375.6214795,127.384,1.0,191.837974
1766071376.1953115,127.312,1.0,191.837974
1766071376.77289,127.326,1.0,191.837974
1766071377.3481076,127.322,1.0,191.837974
1766071377.9219167,127.333,1.0,191.837974
1766071378.4985683,127.333,1.0,191.837974
1766071379.168415,127.345,1.0,191.888974
1766071379.8772318,127.336,1.0,191.888974
1766071380.5932705,127.349,1.0,191.888974
1766071381.1689196,127.359,1.0,191.888974
1766071383.8314114,127.287,1.0,191.888974
1766071384.4114857,127.322,1.0,191.888974
1766071384.9876606,127.322,1.0,191.888974
1766071385.5682602,127.322,1.0,191.888974
1766071386.1466002,127.36,1.0,191.888974
1766071386.8574471,127.338,1.0,191.888974
1766071387.4356925,127.326,1.0,191.888974
1766071388.0121632,127.297,1.0,191.888974
1766071388.5940719,127.292,1.0,191.888974
1766071391.3324378,127.321,1.0,191.868974
1766071391.9110112,127.331,1.0,191.868974
1766071392.486725,127.331,1.0,191.868974
1766071393.0642233,127.323,1.0,191.868974
1766071393.638953,127.313,1.0,191.868974
1766071394.2147765,127.305,1.0,191.868974
1766071394.7937372,127.314,1.0,191.868974
1766071395.368633,127.314,1.0,191.868974
1766071395.9452834,127.34,1.0,191.868974
1766071396.5208852,127.315,1.0,191.868974
1766071397.2336156,127.348,1.0,191.868974
1766071397.9426203,127.325,1.0,191.868974
1766071398.5164616,127.325,1.0,191.868974
1766071399.0899084,127.325,1.0,191.868974
1766071399.8746812,127.307,1.0,191.868974
1766071402.5406277,127.363,1.0,191.868974
1766071403.117493,127.363,1.0,191.868974
1766071403.693055,127.363,1.0,191.868974
1766071404.2698553,127.419,1.0,191.868974
1766071404.8456147,127.423,1.0,191.868974
1766071405.4216537,127.415,1.0,191.868974
1766071406.0095506,127.385,1.0,191.868974
1766071406.586065,127.385,1.0,191.868974
1766071407.161774,127.399,1.0,191.868974
1766071407.7395983,127.396,1.0,191.868974
1766071408.3182907,127.408,1.0,191.868974
1766071408.8961556,127.408,1.0,191.868974
1766071411.548471,127.4,1.0,191.868974
1766071412.2089946,127.4,1.0,191.933974
1766071412.7836533,127.357,1.0,191.933974
1766071413.3611515,127.365,1.0,191.933974
1766071413.93703,127.39,1.0,191.933974
1766071414.51325,127.371,1.0,191.933974
1766071415.0886788,127.371,1.0,191.933974
1766071415.7985175,127.371,1.0,191.933974
1766071416.374788,127.368,1.0,191.933974
1766071419.0262089,127.324,1.0,191.933974
1766071419.5999317,127.332,1.0,191.933974
1766071420.174931,127.344,1.0,191.933974
1766071420.7491267,127.352,1.0,191.933974
1766071421.3247712,127.361,1.0,191.933974
1766071421.8996828,127.36,1.0,191.933974
1766071422.5522852,127.36,1.0,191.889974
1766071423.132256,127.36,1.0,191.889974
1766071423.8411243,127.295,1.0,191.889974
1766071426.4967403,127.219,1.0,191.889974
1766071427.073779,127.219,1.0,191.889974
1766071427.6499443,127.248,1.0,191.889974
1766071428.2264893,127.223,1.0,191.889974
1766071428.8020995,127.223,1.0,191.889974
1766071429.3773127,127.223,1.0,191.889974
1766071430.0907235,127.173,1.0,191.889974
1766071430.6688719,127.173,1.0,191.889974
1766071431.2458456,127.176,1.0,191.889974
1766071431.822428,127.176,1.0,191.889974
1766071432.3975086,127.176,1.0,191.889974
1766071433.0464692,127.176,1.0,191.889974
1766071433.621849,127.159,1.0,191.889974
1766071436.2739615,127.162,1.0,191.889974
1766071436.8537233,127.179,1.0,191.889974
1766071437.4285572,127.147,1.0,191.889974
1766071438.004158,127.157,1.0,191.889974
1766071438.579012,127.136,1.0,191.889974
1766071439.2914388,127.136,1.0,191.889974
1766071439.8653538,127.124,1.0,191.889974
1766071440.4422014,127.085,1.0,191.889974
1766071441.0268073,127.07,1.0,191.889974
1766071441.6267042,127.068,1.0,191.889974
1766071442.2238462,127.068,1.0,191.889974
1766071442.9362261,127.087,1.0,191.889974
1766071443.5869484,127.087,1.0,191.889974
1766071444.1613922,127.097,1.0,191.889974
1766071446.8107574,127.186,1.0,191.889974
1766071447.386947,127.161,1.0,191.889974
1766071447.9616714,127.161,1.0,191.889974
1766071448.5404444,127.161,1.0,191.889974
1766071449.1156855,127.161,1.0,191.889974
1766071449.6923707,127.126,1.0,191.889974
1766071450.400884,127.158,1.0,191.889974
1766071450.977836,127.158,1.0,191.889974
1766071451.5541167,127.203,1.0,191.889974
1766071452.1291676,127.215,1.0,191.889974
1766071452.7053895,127.2,1.0,191.889974
1766071453.2804534,127.202,1.0,191.889974
1766071453.9410002,127.178,1.0,191.889974
1766071456.5941033,127.121,1.0,191.889974
1766071457.30989,127.121,1.0,191.889974
1766071457.885977,127.121,1.0,191.889974
1766071458.4598384,127.154,1.0,191.889974
1766071459.0370452,127.154,1.0,191.889974
1766071459.613868,127.169,1.0,191.889974
1766071460.2125082,127.133,1.0,191.889974
1766071460.7858016,127.148,1.0,191.889974
1766071461.3625243,127.146,1.0,191.889974
1766071461.9372582,127.146,1.0,191.889974
1766071462.5144496,127.145,1.0,191.889974
1766071463.0908105,127.148,1.0,191.889974
1766071463.667131,127.131,1.0,191.889974
1766071466.3947453,127.118,1.0,191.889974
1766071466.9707007,127.118,1.0,191.889974
1766071467.5473251,127.12,1.0,191.889974
1766071468.2568636,127.136,1.0,191.889974
1766071468.8340228,127.136,1.0,191.889974
1766071469.4105265,127.136,1.0,191.889974
1766071469.9917667,127.09,1.0,191.889974
1766071470.5677273,127.09,1.0,191.889974
1766071471.1428318,127.099,1.0,191.889974
1766071471.7204347,127.116,1.0,191.889974
1766071472.2951717,127.12,1.0,191.889974
1766071472.871317,127.108,1.0,191.889974
1766071473.4460845,127.089,1.0,191.889974
1766071476.0969856,127.013,1.0,191.889974
1766071476.762733,127.041,1.0,191.590974
1766071477.336586,127.041,1.0,191.590974
1766071477.9121974,127.026,1.0,191.590974
1766071478.4880426,127.034,1.0,191.590974
1766071479.064217,127.034,1.0,191.590974
1766071479.6403036,127.048,1.0,191.590974
1766071480.218709,127.041,1.0,191.590974
1766071482.8707,127.066,1.0,191.590974
1766071483.5807738,127.085,1.0,191.590974
1766071484.156086,127.085,1.0,191.590974
1766071484.7321415,127.085,1.0,191.590974
1766071485.3089807,127.085,1.0,191.590974
1766071485.8853624,127.087,1.0,191.590974
1766071486.5974774,127.103,1.0,191.590974
1766071487.389566,127.108,1.0,191.648974
1766071487.965685,127.108,1.0,191.648974
1766071488.5401933,127.108,1.0,191.648974
1766071489.1162653,127.109,1.0,191.648974
1766071491.9042768,127.168,1.0,191.648974
1766071492.4781952,127.175,1.0,191.648974
1766071493.055234,127.175,1.0,191.648974
1766071493.6369076,127.142,1.0,191.648974
1766071494.2098832,127.142,1.0,191.648974
1766071494.9206085,127.138,1.0,191.648974
1766071495.6278765,127.138,1.0,191.648974
1766071496.202604,127.161,1.0,191.648974
1766071496.9177952,127.162,1.0,191.648974
1766071497.5784013,127.152,1.0,191.698974
1766071498.1517158,127.152,1.0,191.698974
1766071500.8034458,127.086,1.0,191.698974
1766071501.3793511,127.083,1.0,191.698974
1766071501.9544785,127.098,1.0,191.698974
1766071502.5294273,127.098,1.0,191.698974
1766071503.1082997,127.127,1.0,191.698974
1766071503.8171988,127.127,1.0,191.698974
1766071504.392793,127.103,1.0,191.698974
1766071504.9710197,127.114,1.0,191.698974
1766071505.5469909,127.114,1.0,191.698974
1766071506.1224325,127.114,1.0,191.698974
1766071506.696715,127.118,1.0,191.698974
1766071507.2779036,127.135,1.0,191.698974
1766071507.9268095,127.165,1.0,191.698974
1766071510.5780056,127.227,1.0,191.698974
1766071511.1510983,127.165,1.0,191.698974
1766071511.7248154,127.184,1.0,191.698974
1766071512.299143,127.18,1.0,191.698974
1766071512.8863058,127.183,1.0,191.698974
1766071513.4618661,127.234,1.0,191.698974
1766071514.0402722,127.234,1.0,191.698974
1766071514.6178405,127.234,1.0,191.698974
1766071515.3278122,127.209,1.0,191.698974
1766071516.0407364,127.209,1.0,191.698974
1766071516.6163309,127.209,1.0,191.698974
1766071517.1940432,127.285,1.0,191.698974
1766071517.7847161,127.325,1.0,191.698974
1766071518.4332259,127.323,1.0,191.698974
1766071521.0823545,127.344,1.0,191.698974
1766071521.657946,127.344,1.0,191.698974
1766071522.2360497,127.344,1.0,191.698974
1766071522.8101203,127.344,1.0,191.698974
1766071523.3857608,127.362,1.0,191.698974
1766071523.961922,127.362,1.0,191.698974
1766071524.538078,127.353,1.0,191.698974
1766071525.114599,127.375,1.0,191.698974
1766071525.7102213,127.387,1.0,191.698974
1766071526.2839363,127.402,1.0,191.698974
1766071526.8670583,127.412,1.0,191.698974
1766071527.4439042,127.419,1.0,191.698974
1766071530.0991058,127.461,1.0,191.698974
1766071530.7692194,127.427,1.0,192.00697399999999
1766071531.3441236,127.454,1.0,192.00697399999999
1766071531.9209058,127.439,1.0,192.00697399999999
1766071532.6326277,127.439,1.0,192.00697399999999
1766071533.22066,127.424,1.0,192.00697399999999
1766071533.7953148,127.427,1.0,192.00697399999999
1766071534.5054476,127.391,1.0,192.00697399999999
1766071535.0793357,127.381,1.0,192.00697399999999
1766071535.6600628,127.399,1.0,192.00697399999999
1766071538.3131473,127.405,1.0,192.00697399999999
1766071538.8886747,127.406,1.0,192.00697399999999
1766071539.4652505,127.407,1.0,192.00697399999999
1766071540.0394692,127.407,1.0,192.00697399999999
1766071540.6155612,127.407,1.0,192.00697399999999
1766071541.2738411,127.407,1.0,191.967974
1766071541.847095,127.433,1.0,191.967974
1766071542.4223013,127.446,1.0,191.967974
1766071545.0793493,127.47,1.0,191.967974
1766071552.055019,127.379,0.0,192.008974
1766071552.8523583,127.38,0.0,192.008974
1766071553.430583,127.5,0.0,192.008974
1766071554.0085657,127.494,0.0,192.008974
1766071554.5819786,127.494,0.0,192.008974
1766071555.1570916,127.539,0.0,192.008974
1766071555.736229,127.554,0.0,192.008974
1766071556.3138402,127.569,0.0,192.008974
1766071556.8905962,127.568,0.0,192.008974
1766071557.4744768,127.572,0.0,192.008974
1766071558.0491278,127.573,0.0,192.008974
1766071558.6278868,127.552,0.0,192.008974
1766071559.2056594,127.499,0.0,192.008974
1766071559.7833784,127.495,0.0,192.008974
1766071560.3580267,127.466,0.0,192.008974
1766071564.9395278,127.483,1.0,192.008974
1766071565.6026235,127.483,1.0,192.018974
1766071566.1778982,127.496,1.0,192.018974
1766071566.7579257,127.498,1.0,192.018974
1766071567.3338747,127.446,1.0,192.018974
1766071567.9094524,127.465,1.0,192.018974
1766071568.4862304,127.473,1.0,192.018974
1766071569.0623243,127.473,1.0,192.018974
1766071569.638426,127.47,1.0,192.018974
1766071570.2151625,127.476,1.0,192.018974
1766071570.7885754,127.47,1.0,192.018974
1766071571.3647418,127.472,1.0,192.018974
1766071571.9400687,127.477,1.0,192.018974
1766071572.5164661,127.566,1.0,192.018974
1766071573.0939372,127.59,1.0,192.018974
1766071573.6711981,127.586,1.0,192.018974
1766071574.249318,127.569,1.0,192.018974
1766071574.8247445,127.569,1.0,192.018974
1766071575.5352266,127.588,1.0,192.018974
1766071576.3272338,127.59,1.0,192.110974
1766071576.9012861,127.632,1.0,192.110974
1766071577.4864688,127.632,1.0,192.110974
1766071578.064025,127.624,1.0,192.110974
1766071578.638502,127.617,1.0,192.110974
1766071579.379303,127.594,1.0,192.110974
1766071579.9571908,127.607,1.0,192.110974
1766071580.533272,127.641,1.0,192.110974
1766071581.1131885,127.676,1.0,192.110974
1766071581.68922,127.672,1.0,192.110974
1766071582.2646782,127.68,1.0,192.110974
1766071582.9732504,127.67,1.0,192.110974
1766071583.5486495,127.679,1.0,192.110974
1766071584.1277587,127.677,1.0,192.110974
1766071584.8393729,127.647,1.0,192.110974
1766071585.4129674,127.683,1.0,192.110974
1766071586.2111793,127.689,1.0,192.200974
1766071586.786793,127.69,1.0,192.200974
1766071588.9112532,127.653,1.0,192.200974
1766071589.4905434,127.662,1.0,192.200974
1766071590.0679138,127.673,1.0,192.200974
1766071590.6441953,127.673,1.0,192.200974
1766071591.2210279,127.673,1.0,192.200974
1766071591.951232,127.678,1.0,192.200974
1766071592.5282562,127.665,1.0,192.200974
1766071593.1215868,127.685,1.0,192.200974
1766071593.6960962,127.685,1.0,192.200974
1766071594.269836,127.72,1.0,192.200974
1766071594.9841013,127.703,1.0,192.200974
1766071595.694419,127.705,1.0,192.200974
1766071598.460297,127.7,1.0,192.200974
1766071599.0354204,127.7,1.0,192.200974
1766071599.6098928,127.708,1.0,192.200974
1766071600.3232625,127.703,1.0,192.200974
1766071600.8982317,127.703,1.0,192.200974
1766071601.608019,127.667,1.0,192.200974
1766071602.1852264,127.667,1.0,192.200974
1766071602.7596679,127.667,1.0,192.200974
1766071603.3423634,127.669,1.0,192.200974
1766071604.0522852,127.682,1.0,192.200974
1766071604.6273854,127.688,1.0,192.200974
1766071605.2018075,127.688,1.0,192.200974
1766071605.7796686,127.688,1.0,192.200974
1766071606.4284983,127.688,1.0,192.200974
1766071607.0036178,127.634,1.0,192.200974
1766071609.7927651,127.584,1.0,192.200974
1766071610.3659532,127.568,1.0,192.200974
1766071611.0841796,127.557,1.0,192.200974
1766071611.6611671,127.557,1.0,192.200974
1766071612.3709404,127.557,1.0,192.200974
1766071612.9481342,127.557,1.0,192.200974
1766071613.524897,127.557,1.0,192.200974
1766071614.1029208,127.557,1.0,192.200974
1766071614.67595,127.558,1.0,192.200974
1766071615.2509909,127.556,1.0,192.200974
1766071615.8263905,127.568,1.0,192.200974
1766071616.6165786,127.57,1.0,192.091974
1766071619.4329457,127.586,1.0,192.091974
1766071620.009492,127.586,1.0,192.091974
1766071620.584762,127.585,1.0,192.091974
1766071621.161187,127.599,1.0,192.091974
1766071621.7393732,127.605,1.0,192.091974
1766071622.3151834,127.605,1.0,192.091974
1766071622.8938744,127.587,1.0,192.091974
1766071623.6804636,127.578,1.0,192.091974
1766071624.2561696,127.641,1.0,192.091974
1766071624.8346863,127.641,1.0,192.091974
1766071625.4266226,127.64,1.0,192.091974
1766071626.1368382,127.638,1.0,192.091974
1766071626.7964003,127.671,1.0,192.091974
1766071627.514692,127.671,1.0,192.091974
1766071628.0903795,127.671,1.0,192.091974
1766071628.665743,127.671,1.0,192.091974
1766071631.3190124,127.622,1.0,192.091974
1766071631.9023643,127.646,1.0,192.091974
1766071632.6141388,127.661,1.0,192.091974
1766071633.3244817,127.661,1.0,192.091974
1766071633.9007676,127.661,1.0,192.091974
1766071634.478018,127.712,1.0,192.091974
1766071635.0553021,127.7,1.0,192.091974
1766071635.6304882,127.71,1.0,192.091974
1766071636.209407,127.71,1.0,192.091974
1766071636.875358,127.704,1.0,192.242974
1766071639.5254133,127.706,1.0,192.242974
1766071640.101713,127.691,1.0,192.242974
1766071640.8100288,127.691,1.0,192.242974
1766071641.384541,127.704,1.0,192.242974
1766071641.9603047,127.707,1.0,192.242974
1766071642.5342674,127.724,1.0,192.242974
1766071643.1086009,127.724,1.0,192.242974
1766071643.6843266,127.724,1.0,192.242974
1766071644.2619267,127.724,1.0,192.242974
1766071644.8391066,127.724,1.0,192.242974
1766071645.4161224,127.724,1.0,192.242974
1766071645.9922175,127.734,1.0,192.242974
1766071646.7034068,127.736,1.0,192.242974
1766071649.429101,127.763,1.0,192.242974
1766071650.00354,127.763,1.0,192.242974
1766071650.5780025,127.746,1.0,192.242974
1766071651.1613712,127.747,1.0,192.242974
1766071651.891573,127.744,1.0,192.242974
1766071652.4672801,127.721,1.0,192.242974
1766071653.0437095,127.707,1.0,192.242974
1766071653.620387,127.707,1.0,192.242974
1766071654.3341644,127.694,1.0,192.242974
1766071654.909169,127.751,1.0,192.242974
1766071655.4840443,127.75,1.0,192.242974
1766071656.059122,127.75,1.0,192.242974
1766071656.634194,127.75,1.0,192.242974
1766071657.2810683,127.762,1.0,192.242974
1766071659.9382887,127.749,1.0,192.242974
1766071660.647073,127.765,1.0,192.242974
1766071661.223473,127.76,1.0,192.242974
1766071661.8024418,127.799,1.0,192.242974
1766071662.3775363,127.826,1.0,192.242974
1766071663.0903409,127.825,1.0,192.242974
1766071663.6672325,127.824,1.0,192.242974
1766071664.3790588,127.823,1.0,192.242974
1766071665.0908055,127.803,1.0,192.242974
1766071665.6669443,127.753,1.0,192.242974
1766071666.2459757,127.753,1.0,192.242974
1766071666.8212311,127.722,1.0,192.242974
1766071669.5576668,127.701,1.0,192.302974
1766071670.132372,127.695,1.0,192.302974
1766071670.7077203,127.692,1.0,192.302974
1766071671.2833748,127.692,1.0,192.302974
1766071671.8593242,127.733,1.0,192.302974
1766071672.434103,127.772,1.0,192.302974
1766071673.0110064,127.736,1.0,192.302974
1766071673.5888958,127.752,1.0,192.302974
1766071674.1647575,127.752,1.0,192.302974
1766071674.7391903,127.719,1.0,192.302974
1766071675.4505098,127.706,1.0,192.302974
1766071676.0258946,127.685,1.0,192.302974
1766071678.675957,127.685,1.0,192.302974
1766071679.3334281,127.685,1.0,192.215974
1766071679.9089868,127.685,1.0,192.215974
1766071680.4849625,127.686,1.0,192.215974
1766071681.0595238,127.697,1.0,192.215974
1766071681.6334956,127.695,1.0,192.215974
1766071682.2097845,127.695,1.0,192.215974
1766071682.7864385,127.734,1.0,192.215974
1766071685.5696619,127.736,1.0,192.215974
1766071686.1456764,127.704,1.0,192.215974
1766071686.7233562,127.704,1.0,192.215974
1766071687.299497,127.704,1.0,192.215974
1766071687.875252,127.702,1.0,192.215974
1766071688.4496365,127.702,1.0,192.215974
1766071689.0275598,127.701,1.0,192.215974
1766071689.8237581,127.699,1.0,192.241974
1766071690.3977516,127.699,1.0,192.241974
1766071690.971375,127.699,1.0,192.241974
1766071693.6207554,127.667,1.0,192.241974
1766071694.2004995,127.66,1.0,192.241974
1766071694.7744672,127.66,1.0,192.241974
1766071695.4833853,127.684,1.0,192.241974
1766071696.0571413,127.684,1.0,192.241974
1766071696.632833,127.675,1.0,192.241974
1766071697.2107978,127.675,1.0,192.241974
1766071697.7862227,127.673,1.0,192.241974
1766071698.3664887,127.673,1.0,192.241974
1766071698.942409,127.638,1.0,192.241974
1766071699.5187454,127.652,1.0,192.241974
1766071700.1661248,127.664,1.0,192.241974
1766071700.741322,127.664,1.0,192.241974
1766071703.3906462,127.651,1.0,192.241974
1766071703.9664996,127.667,1.0,192.241974
1766071704.5481977,127.671,1.0,192.241974
1766071705.1218357,127.681,1.0,192.241974
1766071705.6972706,127.681,1.0,192.241974
1766071706.2712536,127.666,1.0,192.241974
1766071707.003089,127.666,1.0,192.241974
1766071707.57826,127.666,1.0,192.241974
1766071708.1537454,127.671,1.0,192.241974
1766071708.8626919,127.669,1.0,192.241974
1766071709.5746837,127.639,1.0,192.241974
1766071710.1489522,127.639,1.0,192.241974
1766071710.936497,127.628,1.0,192.241974
1766071711.510516,127.628,1.0,192.241974
1766071712.2309809,127.628,1.0,192.241974
1766071712.8062935,127.635,1.0,192.241974
1766071713.3834832,127.69,1.0,192.241974
1766071716.0484905,127.651,1.0,192.241974
1766071716.6237197,127.651,1.0,192.241974
1766071717.3366063,127.642,1.0,192.241974
1766071717.9137485,127.656,1.0,192.241974
1766071718.4914792,127.672,1.0,192.241974
1766071719.2014048,127.661,1.0,192.241974
1766071719.9109542,127.661,1.0,192.241974
1766071720.4881704,127.666,1.0,192.241974
1766071721.1522517,127.677,1.0,192.20297399999998
1766071721.7320123,127.673,1.0,192.20297399999998
1766071724.4013855,127.685,1.0,192.20297399999998
1766071724.9760156,127.69,1.0,192.20297399999998
1766071725.5538824,127.702,1.0,192.20297399999998
1766071726.1303868,127.721,1.0,192.20297399999998
1766071726.8402703,127.72,1.0,192.20297399999998
1766071727.5510888,127.719,1.0,192.20297399999998
1766071728.1281626,127.721,1.0,192.20297399999998
1766071728.7033684,127.721,1.0,192.20297399999998
1766071729.2875025,127.721,1.0,192.20297399999998
1766071729.865243,127.704,1.0,192.20297399999998
1766071730.4414656,127.712,1.0,192.20297399999998
1766071731.0239742,127.712,1.0,192.20297399999998
1766071731.892743,127.728,1.0,192.20297399999998
1766071732.6485665,127.766,1.0,192.20297399999998
1766071733.2300632,127.774,1.0,192.20297399999998
1766071733.8054922,127.772,1.0,192.20297399999998
1766071734.3810153,127.772,1.0,192.20297399999998
1766071737.167442,127.759,1.0,192.20297399999998
1766071737.752275,127.76,1.0,192.20297399999998
1766071738.3278928,127.776,1.0,192.20297399999998
1766071738.9009967,127.806,1.0,192.20297399999998
1766071739.4759245,127.806,1.0,192.20297399999998
1766071740.0532255,127.811,1.0,192.20297399999998
1766071740.6317844,127.811,1.0,192.20297399999998
1766071741.345341,127.798,1.0,192.20297399999998
1766071742.0025556,127.798,1.0,192.341974
1766071742.7228673,127.773,1.0,192.341974
1766071745.379414,127.78,1.0,192.341974
1766071745.953514,127.78,1.0,192.341974
1766071746.5305986,127.734,1.0,192.341974
1766071747.112657,127.711,1.0,192.341974
1766071747.6895363,127.725,1.0,192.341974
1766071748.2631762,127.718,1.0,192.341974
1766071748.839309,127.711,1.0,192.341974
1766071749.413637,127.719,1.0,192.341974
1766071749.988156,127.713,1.0,192.341974
1766071750.5649045,127.707,1.0,192.341974
1766071751.1460292,127.704,1.0,192.341974
1766071751.8565319,127.709,1.0,192.341974
1766071752.505589,127.709,1.0,192.341974
1766071753.2492735,127.709,1.0,192.341974
1766071755.9091825,127.719,1.0,192.341974
1766071756.4862726,127.719,1.0,192.341974
1766071757.1957538,127.717,1.0,192.341974
1766071757.7717903,127.717,1.0,192.341974
1766071758.3490884,127.728,1.0,192.341974
1766071758.9258826,127.727,1.0,192.341974
1766071759.5009232,127.727,1.0,192.341974
1766071760.0762346,127.727,1.0,192.341974
1766071760.649725,127.727,1.0,192.341974
1766071761.2248218,127.702,1.0,192.341974
1766071761.8004682,127.715,1.0,192.341974
1766071762.5836983,127.795,1.0,192.341974
1766071763.158576,127.806,1.0,192.341974
1766071763.7341607,127.814,1.0,192.341974
1766071766.520067,127.804,1.0,192.341974
1766071767.0956938,127.798,1.0,192.341974
1766071767.672284,127.787,1.0,192.341974
1766071768.2482855,127.787,1.0,192.341974
1766071768.823355,127.787,1.0,192.341974
1766071769.3984468,127.825,1.0,192.341974
1766071769.9738176,127.848,1.0,192.341974
1766071770.5495245,127.855,1.0,192.341974
1766071771.1254418,127.838,1.0,192.341974
1766071771.834829,127.847,1.0,192.341974
1766071772.410364,127.823,1.0,192.341974
1766071775.281725,127.821,1.0,192.382974
1766071775.9927614,127.821,1.0,192.382974
1766071776.6989563,127.826,1.0,192.382974
1766071777.404491,127.826,1.0,192.382974
1766071777.9795234,127.826,1.0,192.382974
1766071778.5548162,127.826,1.0,192.382974
1766071779.130065,127.826,1.0,192.382974
1766071779.7040763,127.83,1.0,192.382974
1766071780.2839074,127.828,1.0,192.382974
1766071780.8571386,127.816,1.0,192.382974
1766071781.4308195,127.804,1.0,192.382974
1766071782.0075972,127.807,1.0,192.382974
1766071782.5820026,127.798,1.0,192.382974
1766071783.232763,127.814,1.0,192.382974
1766071785.8820043,127.81,1.0,192.382974
1766071786.4578316,127.81,1.0,192.382974
1766071787.0332267,127.81,1.0,192.382974
1766071787.610162,127.81,1.0,192.382974
1766071788.185348,127.806,1.0,192.382974
1766071788.76074,127.827,1.0,192.382974
1766071789.338268,127.832,1.0,192.382974
1766071789.9143152,127.832,1.0,192.382974
1766071790.6266642,127.832,1.0,192.382974
1766071791.2023027,127.832,1.0,192.382974
1766071791.7778845,127.847,1.0,192.382974
1766071792.3553982,127.847,1.0,192.382974
1766071793.067932,127.847,1.0,192.382974
1766071793.9874077,127.844,1.0,192.382974
1766071794.562571,127.847,1.0,192.382974
1766071795.137661,127.833,1.0,192.382974
1766071797.7904146,127.943,1.0,192.382974
1766071798.3658023,128.011,1.0,192.382974
1766071798.9409168,128.049,1.0,192.382974
1766071799.5162838,128.282,1.0,192.382974
1766071806.227722,128.683,0.0,192.953974
1766071810.4540584,128.641,1.0,192.91697399999998
1766071811.0378637,128.652,1.0,192.91697399999998
1766071811.6147542,128.643,1.0,192.91697399999998
1766071812.1916873,128.688,1.0,192.91697399999998
1766071812.7670584,128.667,1.0,192.91697399999998
1766071813.3422635,128.647,1.0,192.91697399999998
1766071813.9161096,128.627,1.0,192.91697399999998
1766071814.4909892,128.648,1.0,192.91697399999998
1766071815.065431,128.669,1.0,192.91697399999998
1766071815.6382596,128.635,1.0,192.91697399999998
1766071816.213821,128.637,1.0,192.91697399999998
1766071816.7920835,128.638,1.0,192.91697399999998
1766071817.4544039,128.627,1.0,192.91697399999998
1766071818.0339592,128.613,1.0,192.91697399999998
1766071818.6075833,128.554,1.0,192.91697399999998
1766071819.1814098,128.543,1.0,192.91697399999998
1766071825.6126964,128.49,0.0,192.729974
1766071826.1885345,128.493,0.0,192.729974
1766071826.7655096,128.455,0.0,192.729974
1766071827.3428185,128.464,0.0,192.729974
1766071827.9997365,128.416,0.0,192.729974
1766071828.5772922,128.374,0.0,192.729974
1766071829.1521852,128.353,0.0,192.729974
1766071829.7265985,128.33,0.0,192.729974
1766071830.3005435,128.28,0.0,192.729974
1766071830.875661,128.255,0.0,192.729974
1766071831.45189,128.243,0.0,192.729974
1766071832.0266967,128.243,0.0,192.729974
1766071832.6029112,128.243,0.0,192.729974
1766071833.1805449,128.248,0.0,192.729974
1766071833.7554107,128.265,0.0,192.729974
1766071834.3384197,128.267,0.0,192.729974
1766071835.0464938,128.267,0.0,192.729974
1766071835.6224692,128.255,0.0,192.729974
1766071836.199553,128.255,0.0,192.729974
1766071836.9083703,128.222,0.0,192.729974
1766071837.483162,128.222,0.0,192.729974
1766071838.1418757,128.187,0.0,192.729974
1766071838.7182474,128.192,0.0,192.729974
1766071839.2916236,128.211,0.0,192.729974
1766071839.8675919,128.211,0.0,192.729974
1766071840.4420004,128.19,0.0,192.729974
1766071841.0182416,128.16,0.0,192.729974
1766071841.5952482,128.13,0.0,192.729974
1766071842.1699653,128.053,0.0,192.729974
1766071842.8791764,128.061,0.0,192.729974
1766071843.455128,128.072,0.0,192.729974
1766071844.028168,128.075,0.0,192.729974
1766071844.6034565,128.086,0.0,192.729974
1766071845.312873,128.098,0.0,192.729974
1766071845.8898196,128.085,0.0,192.729974
1766071846.4635825,128.076,0.0,192.729974
1766071847.0449834,128.086,0.0,192.729974
1766071847.62076,128.073,0.0,192.729974
1766071848.4182277,128.071,0.0,192.729974
1766071848.992997,128.071,0.0,192.729974
1766071849.5688288,128.071,0.0,192.729974
1766071850.1436152,128.069,0.0,192.729974
1766071850.7251327,128.061,0.0,192.729974
1766071851.2992926,128.066,0.0,192.729974
1766071851.8759007,128.06,0.0,192.729974
1766071852.4521976,128.048,0.0,192.729974
1766071853.0292664,128.057,0.0,192.729974
1766071853.6046753,128.057,0.0,192.729974
1766071854.1805108,128.06,0.0,192.729974
1766071854.8928297,128.069,0.0,192.729974
1766071855.4678607,128.069,0.0,192.729974
1766071856.0423207,128.069,0.0,192.729974
1766071858.6951425,127.953,0.0,192.729974
1766071859.4905288,127.939,0.0,192.729974
1766071860.207513,127.958,0.0,192.729974
1766071860.7827396,127.961,0.0,192.729974
1766071865.245961,127.961,1.0,192.708974
1766071865.8214223,127.997,1.0,192.708974
1766071866.398602,127.979,1.0,192.708974
1766071866.9723318,128.005,1.0,192.708974
1766071867.5468032,127.991,1.0,192.708974
1766071868.1217053,128.025,1.0,192.708974
1766071868.6981344,128.02,1.0,192.708974
1766071869.35935,128.029,1.0,192.716974
1766071869.9352164,128.029,1.0,192.716974
1766071870.5130742,128.046,1.0,192.716974
1766071871.0884616,128.055,1.0,192.716974
1766071871.6643622,128.074,1.0,192.716974
1766071872.3746443,128.086,1.0,192.716974
1766071872.9497817,128.086,1.0,192.716974
1766071873.5255642,128.103,1.0,192.716974
1766071874.1014206,128.102,1.0,192.716974
1766071874.6788821,128.119,1.0,192.716974
1766071875.386664,128.13,1.0,192.716974
1766071875.9638798,128.126,1.0,192.716974
1766071876.540999,128.143,1.0,192.716974
1766071877.1155798,128.125,1.0,192.716974
1766071877.6926,128.125,1.0,192.716974
1766071880.3465524,128.261,1.0,192.716974
1766071881.0030997,128.313,1.0,192.885974
1766071881.579972,128.314,1.0,192.885974
1766071882.1575513,128.323,1.0,192.885974
1766071882.7328975,128.329,1.0,192.885974
1766071883.308027,128.349,1.0,192.885974
1766071883.8861592,128.348,1.0,192.885974
1766071884.462824,128.319,1.0,192.885974
1766071887.1204915,128.236,1.0,192.885974
1766071889.326929,128.241,1.0,192.885974
1766071889.9036658,128.276,1.0,192.885974
1766071890.4792433,128.253,1.0,192.885974
1766071891.1353412,128.255,1.0,192.997974
1766071891.7119734,128.255,1.0,192.997974
1766071892.2896135,128.266,1.0,192.997974
1766071893.0000513,128.289,1.0,192.997974
1766071893.576019,128.27,1.0,192.997974
1766071894.152266,128.27,1.0,192.997974
1766071894.727397,128.258,1.0,192.997974
1766071895.3026564,128.258,1.0,192.997974
1766071895.8779573,128.243,1.0,192.997974
1766071896.4614697,128.236,1.0,192.997974
1766071897.0368354,128.206,1.0,192.997974
1766071897.6128688,128.213,1.0,192.997974
1766071898.188415,128.195,1.0,192.997974
1766071898.7628438,128.194,1.0,192.997974
1766071901.4220781,128.159,1.0,192.997974
1766071902.0859208,128.175,1.0,192.916974
1766071902.6614182,128.182,1.0,192.916974
1766071903.2378023,128.181,1.0,192.916974
1766071903.813232,128.184,1.0,192.916974
1766071904.3871663,128.184,1.0,192.916974
1766071904.9623916,128.184,1.0,192.916974
1766071905.5362928,128.184,1.0,192.916974
1766071908.188024,128.312,1.0,192.916974
1766071908.76531,128.317,1.0,192.916974
1766071909.340498,128.322,1.0,192.916974
1766071909.91561,128.296,1.0,192.916974
1766071910.4903233,128.242,1.0,192.916974
1766071911.0668404,128.221,1.0,192.916974
1766071911.641795,128.221,1.0,192.916974
1766071912.4646664,128.221,1.0,192.98897399999998
1766071913.0429904,128.234,1.0,192.98897399999998
1766071915.6968546,128.27,1.0,192.98897399999998
1766071916.2722034,128.27,1.0,192.98897399999998
1766071916.8499463,128.26,1.0,192.98897399999998
1766071917.424904,128.294,1.0,192.98897399999998
1766071917.998535,128.294,1.0,192.98897399999998
1766071918.714449,128.268,1.0,192.98897399999998
1766071919.2915447,128.26,1.0,192.98897399999998
1766071919.8689587,128.26,1.0,192.98897399999998
1766071920.4464512,128.293,1.0,192.98897399999998
1766071921.0240967,128.333,1.0,192.98897399999998
1766071921.59848,128.301,1.0,192.98897399999998
1766071922.1738634,128.334,1.0,192.98897399999998
1766071922.8216796,128.352,1.0,192.98897399999998
1766071925.4780295,128.375,1.0,192.98897399999998
1766071926.0542872,128.375,1.0,192.98897399999998
1766071926.6349072,128.354,1.0,192.98897399999998
1766071927.21016,128.305,1.0,192.98897399999998
1766071927.7860644,128.305,1.0,192.98897399999998
1766071928.3633647,128.305,1.0,192.98897399999998
1766071928.9394994,128.317,1.0,192.98897399999998
1766071929.51324,128.32,1.0,192.98897399999998
1766071930.0900166,128.311,1.0,192.98897399999998
1766071930.8031971,128.311,1.0,192.98897399999998
1766071931.3811388,128.311,1.0,192.98897399999998
1766071931.9575493,128.311,1.0,192.98897399999998
1766071932.533192,128.322,1.0,192.98897399999998
1766071933.1861274,128.294,1.0,192.98897399999998
1766071935.994854,128.232,1.0,192.98897399999998
1766071936.5726073,128.232,1.0,192.98897399999998
1766071937.2834384,128.124,1.0,192.98897399999998
1766071937.8595126,128.134,1.0,192.98897399999998
1766071938.4999645,128.134,1.0,192.98897399999998
1766071939.07791,128.147,1.0,192.98897399999998
1766071939.6537476,128.137,1.0,192.98897399999998
1766071940.229833,128.14,1.0,192.98897399999998
1766071940.8046281,128.088,1.0,192.98897399999998
1766071941.3810902,128.088,1.0,192.98897399999998
1766071942.0892422,128.185,1.0,192.98897399999998
1766071942.6668131,128.236,1.0,192.98897399999998
1766071943.3182178,128.257,1.0,192.98897399999998
1766071944.0315518,128.245,1.0,192.98897399999998
1766071944.60559,128.245,1.0,192.98897399999998
1766071945.1827333,128.211,1.0,192.98897399999998
1766071947.8328905,128.218,1.0,192.98897399999998
1766071948.4071078,128.223,1.0,192.98897399999998
1766071948.9810078,128.223,1.0,192.98897399999998
1766071949.557449,128.21,1.0,192.98897399999998
1766071950.1324708,128.21,1.0,192.98897399999998
1766071950.71107,128.21,1.0,192.98897399999998
1766071951.4219759,128.181,1.0,192.98897399999998
1766071951.99751,128.252,1.0,192.98897399999998
1766071952.7162652,128.273,1.0,192.98897399999998
1766071953.291035,128.273,1.0,192.98897399999998
1766071956.176051,128.201,1.0,192.993974
1766071956.8855755,128.198,1.0,192.993974
1766071957.4616044,128.198,1.0,192.993974
1766071958.0367153,128.199,1.0,192.993974
1766071958.613436,128.195,1.0,192.993974
1766071959.1890304,128.217,1.0,192.993974
1766071959.7657318,128.216,1.0,192.993974
1766071960.4767709,128.229,1.0,192.993974
1766071961.0544853,128.283,1.0,192.993974
1766071961.6299424,128.282,1.0,192.993974
1766071962.2056935,128.282,1.0,192.993974
1766071962.7814944,128.284,1.0,192.993974
1766071963.3577464,128.312,1.0,192.993974
1766071964.0055869,128.298,1.0,192.993974
1766071966.794668,128.255,1.0,192.993974
1766071967.3700125,128.05,1.0,192.993974
1766071968.0757146,128.03,1.0,192.993974
1766071968.6538467,128.03,1.0,192.993974
1766071969.2278419,128.018,1.0,192.993974
1766071969.802624,128.072,1.0,192.993974
1766071970.3882387,128.074,1.0,192.993974
1766071970.9655075,128.071,1.0,192.993974
1766071971.5465353,128.072,1.0,192.993974
1766071972.1207376,128.072,1.0,192.993974
1766071972.6976936,128.074,1.0,192.993974
1766071973.4067247,128.061,1.0,192.993974
1766071973.9812086,128.061,1.0,192.993974
1766071974.6320736,128.054,1.0,192.993974
1766071975.2082016,128.054,1.0,192.993974
1766071977.8608496,128.038,1.0,192.993974
1766071978.436853,128.073,1.0,192.993974
1766071979.0114222,128.073,1.0,192.993974
1766071979.586815,128.078,1.0,192.993974
1766071980.16268,128.078,1.0,192.993974
1766071980.740464,128.117,1.0,192.993974
1766071981.4511824,128.112,1.0,192.993974
1766071982.0286486,128.093,1.0,192.993974
1766071982.7593195,128.093,1.0,192.993974
1766071983.3350296,128.046,1.0,192.993974
1766071983.913781,128.053,1.0,192.993974
1766071984.637014,128.052,1.0,192.993974
1766071985.4222298,128.052,1.0,192.993974
1766071986.001767,128.049,1.0,192.993974
1766071986.5839434,128.049,1.0,192.993974
1766071989.2364109,128.094,1.0,192.993974
1766071989.811855,128.098,1.0,192.993974
1766071990.389672,128.093,1.0,192.993974
1766071990.9669821,128.093,1.0,192.993974
1766071991.544954,128.094,1.0,192.993974
1766071992.1202204,128.094,1.0,192.993974
1766071992.7042904,128.094,1.0,192.993974
1766071993.279401,128.07,1.0,192.993974
1766071993.9903307,128.058,1.0,192.993974
1766071994.5677714,128.028,1.0,192.993974
1766071995.2207386,128.01,1.0,192.993974
1766071995.7962463,128.013,1.0,192.993974
1766071996.3735237,128.013,1.0,192.993974
1766071996.949738,128.039,1.0,192.993974
1766071999.8789985,127.969,1.0,192.993974
1766072000.455186,127.981,1.0,192.993974
1766072001.032032,127.958,1.0,192.993974
1766072001.6094239,127.957,1.0,192.993974
1766072002.1850936,127.957,1.0,192.993974
1766072002.761173,127.918,1.0,192.993974
1766072003.3385086,127.8,1.0,192.993974
1766072010.2099442,127.91,0.0,192.619974
1766072010.865869,127.904,0.0,192.619974
1766072011.4412658,127.893,0.0,192.619974
1766072012.0164456,127.904,0.0,192.619974
1766072012.591601,127.904,0.0,192.619974
1766072013.167274,127.879,0.0,192.619974
1766072013.7414098,127.879,0.0,192.619974
1766072014.317959,127.894,0.0,192.619974
1766072014.8947694,127.894,0.0,192.619974
1766072015.469832,127.894,0.0,192.619974
1766072016.0525832,127.894,0.0,192.619974
1766072016.6281285,127.921,0.0,192.619974
1766072017.2026017,127.921,0.0,192.619974
1766072017.7787595,127.921,0.0,192.619974
1766072018.3544495,127.919,0.0,192.619974
1766072018.9332166,127.917,0.0,192.619974
1766072019.5153995,127.917,0.0,192.619974
1766072020.0900183,127.901,0.0,192.619974
1766072020.7454293,127.853,0.0,192.619974
1766072021.3200088,127.865,0.0,192.619974
1766072021.8944767,127.864,0.0,192.619974
1766072022.4699292,127.864,0.0,192.619974
1766072023.0481193,127.864,0.0,192.619974
1766072023.7622924,127.864,0.0,192.619974
1766072024.3379712,127.864,0.0,192.619974
1766072024.9137156,127.851,0.0,192.619974
1766072025.4901457,127.845,0.0,192.619974
1766072026.0661461,127.845,0.0,192.619974
1766072026.6431909,127.845,0.0,192.619974
1766072027.2197134,127.838,0.0,192.619974
1766072027.793949,127.838,0.0,192.619974
1766072030.4465406,127.826,0.0,192.619974
1766072031.1025326,127.826,0.0,192.619974
1766072031.6848822,127.826,0.0,192.619974
1766072032.2590933,127.826,0.0,192.619974
1766072032.8356643,127.874,0.0,192.619974
1766072033.412074,127.875,0.0,192.619974
1766072033.9884155,127.875,0.0,192.619974
1766072034.5632768,127.875,0.0,192.619974
1766072037.2160494,127.905,0.0,192.619974
1766072037.7890744,127.905,0.0,192.619974
1766072038.363591,127.904,0.0,192.619974
1766072038.9402342,127.904,0.0,192.619974
1766072039.6491444,127.877,0.0,192.619974
1766072040.2256725,127.877,0.0,192.619974
1766072044.6795032,127.909,1.0,192.630974
1766072045.4713135,127.903,1.0,192.631974
1766072046.047217,127.884,1.0,192.631974
1766072046.6209545,127.884,1.0,192.631974
1766072047.1971056,127.898,1.0,192.631974
1766072047.7725987,127.898,1.0,192.631974
1766072048.3483841,127.892,1.0,192.631974
1766072048.9254172,127.837,1.0,192.631974
1766072049.5093517,127.835,1.0,192.631974
1766072050.08343,127.834,1.0,192.631974
1766072050.6597362,127.834,1.0,192.631974
1766072051.2339115,127.813,1.0,192.631974
1766072051.8094919,127.805,1.0,192.631974
1766072052.3832393,127.8,1.0,192.631974
1766072052.9568603,127.801,1.0,192.631974
1766072053.5327313,127.801,1.0,192.631974
1766072054.1066337,127.8,1.0,192.631974
1766072054.685635,127.8,1.0,192.631974
1766072057.4365625,127.855,1.0,192.53197400000002
1766072058.0123854,127.855,1.0,192.53197400000002
1766072058.5879776,127.886,1.0,192.53197400000002
1766072059.2006397,127.886,1.0,192.53197400000002
1766072059.7768648,127.897,1.0,192.53197400000002
1766072060.3512604,127.944,1.0,192.53197400000002
1766072060.9263232,127.944,1.0,192.53197400000002
1766072061.502545,127.976,1.0,192.53197400000002
1766072062.0777855,127.976,1.0,192.53197400000002
1766072062.7877328,127.981,1.0,192.53197400000002
1766072063.3620548,128.049,1.0,192.53197400000002
1766072063.9362876,128.043,1.0,192.53197400000002
1766072064.5277903,128.039,1.0,192.53197400000002
1766072065.2371774,128.039,1.0,192.53197400000002
1766072067.9898915,127.996,1.0,192.53197400000002
1766072068.5739102,127.8,1.0,192.53197400000002
1766072069.1488216,127.838,1.0,192.53197400000002
1766072069.7238922,127.87,1.0,192.53197400000002
1766072070.2985802,127.88,1.0,192.53197400000002
1766072070.873717,127.88,1.0,192.53197400000002
1766072071.448086,127.88,1.0,192.53197400000002
1766072072.023405,127.907,1.0,192.53197400000002
1766072072.5987966,127.907,1.0,192.53197400000002
1766072073.1741743,127.905,1.0,192.53197400000002
1766072073.7522125,127.923,1.0,192.53197400000002
1766072074.4635577,127.936,1.0,192.53197400000002
1766072075.0398667,127.936,1.0,192.53197400000002
1766072077.6920936,127.934,1.0,192.53197400000002
1766072078.3454263,127.934,1.0,192.660974
1766072079.0784116,127.934,1.0,192.660974
1766072079.6536334,127.96,1.0,192.660974
1766072080.3638246,127.962,1.0,192.660974
1766072080.9391165,127.962,1.0,192.660974
1766072081.5157678,127.923,1.0,192.660974
1766072082.0925941,127.909,1.0,192.660974
1766072082.669069,127.909,1.0,192.660974
1766072083.2433379,127.914,1.0,192.660974
1766072085.8977115,127.904,1.0,192.660974
1766072086.4753094,127.898,1.0,192.660974
1766072087.0513031,127.899,1.0,192.660974
1766072087.6269543,127.915,1.0,192.660974
1766072088.2014112,127.927,1.0,192.660974
1766072088.8602014,127.955,1.0,192.62197400000002
1766072089.436215,127.956,1.0,192.62197400000002
1766072090.0127108,127.989,1.0,192.62197400000002
1766072092.6668117,128.003,1.0,192.62197400000002
1766072093.379406,128.033,1.0,192.62197400000002
1766072094.0917876,128.059,1.0,192.62197400000002
1766072094.6672595,128.098,1.0,192.62197400000002
1766072095.2418113,128.112,1.0,192.62197400000002
1766072095.8255537,128.112,1.0,192.62197400000002
1766072096.4005623,128.111,1.0,192.62197400000002
1766072096.9782572,128.103,1.0,192.62197400000002
1766072097.6929982,128.103,1.0,192.62197400000002
1766072098.269076,128.102,1.0,192.62197400000002
1766072101.1531894,128.163,1.0,192.82997400000002
1766072101.7283301,128.175,1.0,192.82997400000002
1766072102.3050668,128.202,1.0,192.82997400000002
1766072102.8815637,128.182,1.0,192.82997400000002
1766072103.4580898,128.187,1.0,192.82997400000002
1766072104.0326445,128.162,1.0,192.82997400000002
1766072104.6098313,128.155,1.0,192.82997400000002
1766072105.1878688,128.155,1.0,192.82997400000002
1766072105.764944,128.155,1.0,192.82997400000002
1766072106.4742222,128.135,1.0,192.82997400000002
1766072107.181417,128.124,1.0,192.82997400000002
1766072107.7564936,128.133,1.0,192.82997400000002
1766072108.3326988,128.133,1.0,192.82997400000002
1766072108.990586,128.11,1.0,192.82997400000002
1766072109.5657976,128.124,1.0,192.82997400000002
1766072112.3710182,128.133,1.0,192.82997400000002
1766072112.9472635,128.133,1.0,192.82997400000002
1766072113.5229185,128.13,1.0,192.82997400000002
1766072114.1288924,128.086,1.0,192.82997400000002
1766072114.7050538,128.171,1.0,192.82997400000002
1766072115.2898562,128.195,1.0,192.82997400000002
1766072115.866932,128.223,1.0,192.82997400000002
1766072116.579344,128.224,1.0,192.82997400000002
1766072117.1535404,128.247,1.0,192.82997400000002
1766072117.7327783,128.269,1.0,192.82997400000002
1766072118.306747,128.269,1.0,192.82997400000002
1766072119.0142214,128.288,1.0,192.82997400000002
1766072119.6648946,128.313,1.0,192.82997400000002
1766072120.243251,128.312,1.0,192.82997400000002
1766072120.9535708,128.324,1.0,192.82997400000002
1766072121.5295146,128.285,1.0,192.82997400000002
1766072124.182466,128.3,1.0,192.82997400000002
1766072124.7585437,128.3,1.0,192.82997400000002
1766072125.3338113,128.276,1.0,192.82997400000002
1766072126.043836,128.275,1.0,192.82997400000002
1766072126.618111,128.275,1.0,192.82997400000002
1766072127.330784,128.292,1.0,192.82997400000002
1766072128.0432205,128.304,1.0,192.82997400000002
1766072128.6211495,128.331,1.0,192.82997400000002
1766072129.2366664,128.316,1.0,192.82997400000002
1766072129.8963044,128.316,1.0,193.047974
1766072130.472224,128.293,1.0,193.047974
1766072133.12466,128.282,1.0,193.047974
1766072133.7007902,128.282,1.0,193.047974
1766072134.277318,128.282,1.0,193.047974
1766072134.8588073,128.283,1.0,193.047974
1766072135.4352841,128.267,1.0,193.047974
1766072136.0120015,128.27,1.0,193.047974
1766072136.5850189,128.281,1.0,193.047974
1766072137.1620016,128.296,1.0,193.047974
1766072137.742422,128.309,1.0,193.047974
1766072138.3192267,128.307,1.0,193.047974
1766072138.8955874,128.299,1.0,193.047974
1766072139.4717693,128.3,1.0,193.047974
1766072140.2580993,128.3,1.0,193.047974
1766072140.9705858,128.3,1.0,193.047974
1766072143.6257067,128.286,1.0,193.047974
1766072144.200955,128.283,1.0,193.047974
1766072144.911152,128.314,1.0,193.047974
1766072145.6224189,128.319,1.0,193.047974
1766072146.2000644,128.33,1.0,193.047974
1766072146.7774153,128.333,1.0,193.047974
1766072147.35267,128.321,1.0,193.047974
1766072148.0616782,128.33,1.0,193.047974
1766072148.6364975,128.336,1.0,193.047974
1766072149.212383,128.362,1.0,193.047974
1766072149.8035638,128.362,1.0,193.047974
1766072150.4641159,128.353,1.0,193.047974
1766072151.0484943,128.348,1.0,193.047974
1766072151.6313682,128.344,1.0,193.047974
1766072152.2375462,128.366,1.0,193.047974
1766072154.9207036,128.376,1.0,193.047974
1766072155.4969769,128.422,1.0,193.047974
1766072156.0728462,128.399,1.0,193.047974
1766072156.647808,128.362,1.0,193.047974
1766072157.223121,128.292,1.0,193.047974
1766072157.8012435,128.24,1.0,193.047974
1766072158.3760157,128.131,1.0,193.047974
1766072158.9525497,128.221,1.0,193.047974
1766072159.5277517,128.232,1.0,193.047974
1766072160.113583,128.234,1.0,193.047974
1766072160.927133,128.364,1.0,193.047974
1766072161.639208,128.363,1.0,193.047974
1766072162.3533008,128.411,1.0,193.047974
1766072162.9348981,128.386,1.0,193.047974
1766072163.5094807,128.376,1.0,193.047974
1766072166.2982404,128.348,1.0,193.047974
1766072166.872921,128.343,1.0,193.047974
1766072167.5895276,128.348,1.0,193.047974
1766072168.164704,128.363,1.0,193.047974
1766072168.7408812,128.359,1.0,193.047974
1766072169.3160784,128.389,1.0,193.047974
1766072169.8947399,128.385,1.0,193.047974
1766072170.4689927,128.385,1.0,193.047974
1766072171.1444025,128.385,1.0,193.10497400000003
1766072171.723609,128.404,1.0,193.10497400000003
1766072174.374816,128.406,1.0,193.10497400000003
1766072174.9511924,128.413,1.0,193.10497400000003
1766072175.5274084,128.413,1.0,193.10497400000003
1766072176.112582,128.413,1.0,193.10497400000003
1766072176.6886797,128.412,1.0,193.10497400000003
1766072177.2650814,128.412,1.0,193.10497400000003
1766072177.8462255,128.412,1.0,193.10497400000003
1766072178.4223132,128.355,1.0,193.10497400000003
1766072178.9981196,128.38,1.0,193.10497400000003
1766072179.575834,128.38,1.0,193.10497400000003
1766072180.1517217,128.356,1.0,193.10497400000003
1766072180.72684,128.356,1.0,193.10497400000003
1766072181.5113645,128.369,1.0,193.10497400000003
1766072184.1605222,128.386,1.0,193.10497400000003
1766072184.7362566,128.386,1.0,193.10497400000003
1766072185.314007,128.362,1.0,193.10497400000003
1766072185.9009452,128.362,1.0,193.10497400000003
1766072186.4921224,128.355,1.0,193.10497400000003
1766072187.0680006,128.342,1.0,193.10497400000003
1766072187.644827,128.342,1.0,193.10497400000003
1766072189.8368278,128.343,1.0,193.10497400000003
1766072190.428839,128.35,1.0,193.10497400000003
1766072191.003605,128.358,1.0,193.10497400000003
1766072191.7957191,128.358,1.0,193.09197400000002
1766072192.373477,128.358,1.0,193.09197400000002
1766072192.9614167,128.318,1.0,193.09197400000002
1766072193.5383148,128.294,1.0,193.09197400000002
1766072194.1152008,128.293,1.0,193.09197400000002
1766072194.692218,128.33,1.0,193.09197400000002
1766072195.2680433,128.398,1.0,193.09197400000002
1766072195.8463929,128.398,1.0,193.09197400000002
1766072198.4984434,128.405,1.0,193.09197400000002
1766072199.0730171,128.412,1.0,193.09197400000002
1766072199.6499321,128.401,1.0,193.09197400000002
1766072200.2255557,128.411,1.0,193.09197400000002
1766072200.8027759,128.414,1.0,193.09197400000002
1766072201.3773272,128.414,1.0,193.09197400000002
1766072202.170965,128.447,1.0,193.130974
1766072202.7450569,128.447,1.0,193.130974
1766072203.3201144,128.419,1.0,193.130974
1766072205.9759963,128.452,1.0,193.130974
1766072206.552756,128.453,1.0,193.130974
1766072207.128408,128.49,1.0,193.130974
1766072207.7237005,128.5,1.0,193.130974
1766072208.29794,128.555,1.0,193.130974
1766072214.8721604,128.693,0.0,193.358974
1766072215.5289848,128.667,0.0,193.358974
1766072216.1071591,128.667,0.0,193.358974
1766072216.6907399,128.666,0.0,193.358974
1766072217.2671967,128.683,0.0,193.358974
1766072217.8410952,128.687,0.0,193.358974
1766072218.4168072,128.687,0.0,193.358974
1766072219.0004678,128.687,0.0,193.358974
1766072219.5767317,128.687,0.0,193.358974
1766072220.1525588,128.687,0.0,193.358974
1766072224.6108842,128.66,1.0,193.28607399999999
1766072225.185652,128.679,1.0,193.28607399999999
1766072225.8438766,128.677,1.0,193.29807399999999
1766072226.553279,128.626,1.0,193.29807399999999
1766072227.1311705,128.619,1.0,193.29807399999999
1766072227.7060113,128.646,1.0,193.29807399999999
1766072228.4173448,128.595,1.0,193.29807399999999
1766072234.9980273,128.599,0.0,193.188074
1766072235.5733721,128.591,0.0,193.188074
1766072236.236879,128.591,0.0,193.188074
1766072236.81302,128.557,0.0,193.188074
1766072237.396763,128.557,0.0,193.188074
1766072237.9725595,128.567,0.0,193.188074
1766072238.5490148,128.567,0.0,193.188074
1766072239.1243918,128.567,0.0,193.188074
1766072239.7043223,128.567,0.0,193.188074
1766072240.301986,128.57,0.0,193.188074
1766072240.8769388,128.655,0.0,193.188074
1766072241.4546404,128.651,0.0,193.188074
1766072242.0442572,128.656,0.0,193.188074
1766072242.6243205,128.668,0.0,193.188074
1766072243.1997063,128.668,0.0,193.188074
1766072243.7807634,128.685,0.0,193.188074
1766072244.4952736,128.676,0.0,193.188074
1766072245.0707867,128.682,0.0,193.188074
1766072245.6454034,128.682,0.0,193.188074
1766072246.304258,128.704,0.0,193.188074
1766072246.8818386,128.702,0.0,193.188074
1766072247.4620101,128.695,0.0,193.188074
1766072248.1702256,128.826,0.0,193.188074
1766072248.7454705,128.853,0.0,193.188074
1766072249.3212254,128.864,0.0,193.188074
1766072249.897772,128.88,0.0,193.188074
1766072250.6080449,128.9,0.0,193.188074
1766072251.1845908,128.914,0.0,193.188074
1766072251.7597826,128.935,0.0,193.188074
1766072252.3365445,128.935,0.0,193.188074
1766072252.9125192,128.938,0.0,193.188074
1766072253.623675,128.906,0.0,193.188074
1766072254.199072,128.969,0.0,193.188074
1766072254.7945695,128.975,0.0,193.188074
1766072255.505562,128.966,0.0,193.188074
1766072256.0833244,128.966,0.0,193.188074
1766072256.8765519,128.918,0.0,193.188074
1766072257.4530528,128.882,0.0,193.188074
1766072258.0289168,128.842,0.0,193.188074
1766072258.6061683,128.931,0.0,193.188074
1766072259.3165631,128.904,0.0,193.188074
1766072259.8902512,128.875,0.0,193.188074
1766072260.4656038,128.844,0.0,193.188074
1766072261.0430346,128.833,0.0,193.188074
1766072261.6191602,128.754,0.0,193.188074
1766072262.3496127,128.752,0.0,193.188074
1766072262.9301457,128.77,0.0,193.188074
1766072263.5039296,128.801,0.0,193.188074
1766072264.0883572,128.798,0.0,193.188074
1766072264.6637883,128.779,0.0,193.188074
1766072265.236741,128.774,0.0,193.188074
1766072265.8128958,128.774,0.0,193.188074
1766072266.3887446,128.774,0.0,193.188074
1766072267.1864388,128.773,0.0,193.188074
1766072267.7621636,128.776,0.0,193.188074
1766072270.4133074,128.775,0.0,193.188074
1766072270.9898398,128.794,0.0,193.188074
1766072271.5647087,128.793,0.0,193.188074
1766072272.1408062,128.793,0.0,193.188074
1766072272.717654,128.783,0.0,193.188074
1766072273.2976806,128.783,0.0,193.188074
1766072273.8729079,128.765,0.0,193.188074
1766072274.4485557,128.792,0.0,193.188074
1766072275.02287,128.793,0.0,193.188074
1766072275.5993059,128.798,0.0,193.188074
1766072276.1744237,128.808,0.0,193.188074
1766072278.9613698,128.798,0.0,193.188074
1766072279.7559528,128.798,0.0,193.188074
1766072280.3323882,128.798,0.0,193.188074
1766072284.7716076,128.711,1.0,193.133074
1766072285.349746,128.711,1.0,193.133074
1766072285.9251747,128.739,1.0,193.133074
1766072286.4995613,128.739,1.0,193.133074
1766072287.0783248,128.749,1.0,193.133074
1766072287.655596,128.734,1.0,193.133074
1766072288.2318306,128.744,1.0,193.133074
1766072288.8463533,128.744,1.0,193.133074
1766072289.4212182,128.727,1.0,193.133074
1766072290.0852206,128.766,1.0,193.145074
1766072290.662798,128.766,1.0,193.145074
1766072291.2390463,128.748,1.0,193.145074
1766072291.9516761,128.773,1.0,193.145074
1766072292.531788,128.77,1.0,193.145074
1766072293.1167216,128.742,1.0,193.145074
1766072293.6934958,128.772,1.0,193.145074
1766072294.2711484,128.794,1.0,193.145074
1766072294.8475437,128.852,1.0,193.145074
1766072295.4277709,128.911,1.0,193.145074
1766072296.1417987,128.911,1.0,193.145074
1766072296.7180057,128.91,1.0,193.145074
1766072297.29179,128.872,1.0,193.145074
1766072297.8659651,128.872,1.0,193.145074
1766072300.5184727,128.802,1.0,193.145074
1766072301.175567,128.764,1.0,193.216074
1766072301.8848953,128.765,1.0,193.216074
1766072302.5943096,128.765,1.0,193.216074
1766072303.3080359,128.79,1.0,193.216074
1766072303.883326,128.733,1.0,193.216074
1766072304.5912716,128.73,1.0,193.216074
1766072305.1714823,128.73,1.0,193.216074
1766072305.7476683,128.73,1.0,193.216074
1766072306.3333516,128.698,1.0,193.216074
1766072307.0435002,128.698,1.0,193.216074
1766072307.7514913,128.694,1.0,193.216074
1766072308.3336952,128.694,1.0,193.216074
1766072310.9828703,128.694,1.0,193.216074
1766072311.6389196,128.713,1.0,193.097074
1766072312.215678,128.732,1.0,193.097074
1766072312.7903876,128.676,1.0,193.097074
1766072313.3668573,128.676,1.0,193.097074
1766072313.9427214,128.691,1.0,193.097074
1766072314.5201616,128.691,1.0,193.097074
1766072315.0945997,128.691,1.0,193.097074
1766072317.7493618,128.679,1.0,193.097074
1766072318.460184,128.698,1.0,193.097074
1766072319.0414183,128.702,1.0,193.097074
1766072319.6166961,128.726,1.0,193.097074
1766072320.1905591,128.72,1.0,193.097074
1766072320.7655425,128.698,1.0,193.097074
1766072321.3428695,128.698,1.0,193.097074
1766072322.1593297,128.709,1.0,193.114074
1766072322.7328806,128.711,1.0,193.114074
1766072323.3086963,128.727,1.0,193.114074
1766072326.095598,128.615,1.0,193.114074
1766072332.8207035,128.664,0.0,193.035074
1766072333.4770238,128.711,0.0,193.035074
1766072334.0595355,128.716,0.0,193.035074
1766072334.6373248,128.695,0.0,193.035074
1766072335.219887,128.702,0.0,193.035074
1766072335.8034735,128.71,0.0,193.035074
1766072336.378753,128.714,0.0,193.035074
1766072337.0917296,128.695,0.0,193.035074
1766072337.8023868,128.695,0.0,193.035074
1766072338.376252,128.672,0.0,193.035074
1766072338.949509,128.662,0.0,193.035074
1766072339.5242002,128.662,0.0,193.035074
1766072340.1004183,128.662,0.0,193.035074
1766072344.536135,128.671,1.0,193.004074
1766072345.201941,128.679,1.0,192.974074
1766072345.8085737,128.749,1.0,192.974074
1766072346.3823338,128.733,1.0,192.974074
1766072347.0956655,128.73,1.0,192.974074
1766072347.6710024,128.691,1.0,192.974074
1766072348.2489903,128.691,1.0,192.974074
1766072348.8251262,128.717,1.0,192.974074
1766072349.5392015,128.748,1.0,192.974074
1766072350.1162589,128.747,1.0,192.974074
1766072350.6905923,128.735,1.0,192.974074
1766072351.2658772,128.735,1.0,192.974074
1766072351.8485436,128.742,1.0,192.974074
1766072352.4233916,128.758,1.0,192.974074
1766072353.0025842,128.769,1.0,192.974074
1766072353.715497,128.802,1.0,192.974074
1766072354.4294631,128.906,1.0,192.974074
1766072355.0048475,128.936,1.0,192.974074
1766072355.6645427,128.95,1.0,193.100074
1766072356.381302,128.942,1.0,193.100074
1766072356.9580057,128.91,1.0,193.100074
1766072357.5347009,128.867,1.0,193.100074
1766072358.1088676,128.872,1.0,193.100074
1766072358.6848783,128.872,1.0,193.100074
1766072359.2615037,128.872,1.0,193.100074
1766072359.8371513,128.877,1.0,193.100074
1766072360.4146492,128.881,1.0,193.100074
1766072360.992405,128.88,1.0,193.100074
1766072361.5687575,128.88,1.0,193.100074
1766072362.2808537,128.94,1.0,193.100074
1766072362.8579376,128.947,1.0,193.100074
1766072363.5687168,128.947,1.0,193.100074
1766072364.14616,128.947,1.0,193.100074
1766072364.8546162,128.93,1.0,193.100074
1766072365.4307814,128.934,1.0,193.100074
1766072366.0882163,128.917,1.0,193.211074
1766072366.81855,128.92,1.0,193.211074
1766072367.3934693,128.914,1.0,193.211074
1766072367.969641,128.915,1.0,193.211074
1766072368.5428348,128.921,1.0,193.211074
1766072369.1160064,128.918,1.0,193.211074
1766072371.7677038,128.91,1.0,193.211074
1766072372.3438935,128.875,1.0,193.211074
1766072372.9203522,128.903,1.0,193.211074
1766072373.5041077,128.903,1.0,193.211074
1766072374.216898,128.897,1.0,193.211074
1766072374.7924128,128.894,1.0,193.211074
1766072375.369884,128.894,1.0,193.211074
1766072375.9456036,128.839,1.0,193.211074
1766072376.7402537,128.837,1.0,193.175074
1766072377.317326,128.846,1.0,193.175074
1766072379.9719834,128.85,1.0,193.175074
1766072380.546999,128.852,1.0,193.175074
1766072381.12182,128.858,1.0,193.175074
1766072381.6957982,128.87,1.0,193.175074
1766072382.270815,128.87,1.0,193.175074
1766072382.8497493,128.875,1.0,193.175074
1766072383.4242878,128.85,1.0,193.175074
1766072383.9993415,128.851,1.0,193.175074
1766072384.573884,128.851,1.0,193.175074
1766072385.1504352,128.851,1.0,193.175074
1766072385.724863,128.849,1.0,193.175074
1766072386.2988234,128.912,1.0,193.175074
1766072389.0304494,128.895,1.0,193.175074
1766072389.739541,128.882,1.0,193.175074
1766072390.3146167,128.881,1.0,193.175074
1766072390.889579,128.865,1.0,193.175074
1766072391.4650342,128.865,1.0,193.175074
1766072392.0411456,128.878,1.0,193.175074
1766072392.6162145,128.878,1.0,193.175074
1766072393.1990032,128.878,1.0,193.175074
1766072393.7747588,128.888,1.0,193.175074
1766072394.3510022,128.883,1.0,193.175074
1766072394.924524,128.883,1.0,193.175074
1766072395.5014982,128.883,1.0,193.175074
1766072396.078482,128.883,1.0,193.175074
1766072398.7307532,128.872,1.0,193.175074
1766072399.3872151,128.852,1.0,193.154074
1766072399.9611998,128.852,1.0,193.154074
1766072400.5373313,128.856,1.0,193.154074
1766072401.1126382,128.858,1.0,193.154074
1766072401.823603,128.891,1.0,193.154074
1766072402.398443,128.824,1.0,193.154074
1766072402.9743826,128.84,1.0,193.154074
1766072403.5488794,128.84,1.0,193.154074
1766072406.2013576,128.881,1.0,193.154074
1766072406.777065,128.838,1.0,193.154074
1766072407.3530874,128.803,1.0,193.154074
1766072407.928201,128.795,1.0,193.154074
1766072408.5035813,128.797,1.0,193.154074
1766072409.0793548,128.792,1.0,193.154074
1766072409.7432044,128.762,1.0,193.08407400000002
1766072410.318885,128.734,1.0,193.08407400000002
1766072412.9728773,128.699,1.0,193.08407400000002
1766072413.5580108,128.657,1.0,193.08407400000002
1766072414.1366088,128.657,1.0,193.08407400000002
1766072414.7144284,128.604,1.0,193.08407400000002
1766072421.5510864,128.57,0.0,192.868994
1766072422.215974,128.57,0.0,192.868994
1766072422.7943678,128.575,0.0,192.868994
1766072423.370086,128.528,0.0,192.868994
1766072423.9448967,128.539,0.0,192.868994
1766072424.522521,128.538,0.0,192.868994
1766072425.2344368,128.521,0.0,192.868994
1766072425.811842,128.521,0.0,192.868994
1766072426.4346545,128.521,0.0,192.868994
1766072427.0114112,128.549,0.0,192.868994
1766072427.5925734,128.549,0.0,192.868994
1766072428.3266685,128.549,0.0,192.868994
1766072428.9023824,128.533,0.0,192.868994
1766072429.6142714,128.534,0.0,192.868994
1766072430.198455,128.589,0.0,192.868994
1766072430.77499,128.589,0.0,192.868994
1766072431.349623,128.589,0.0,192.868994
1766072431.9245415,128.611,0.0,192.868994
1766072432.7164776,128.594,0.0,192.868994
1766072433.293054,128.581,0.0,192.868994
1766072433.867843,128.586,0.0,192.868994
1766072434.4452782,128.594,0.0,192.868994
1766072435.0235927,128.594,0.0,192.868994
1766072435.5991392,128.594,0.0,192.868994
1766072436.1992002,128.608,0.0,192.868994
1766072436.7935934,128.608,0.0,192.868994
1766072437.3707702,128.608,0.0,192.868994
1766072437.9461007,128.602,0.0,192.868994
1766072438.5229027,128.578,0.0,192.868994
1766072439.1069689,128.578,0.0,192.868994
1766072439.685517,128.582,0.0,192.868994
1766072440.3953412,128.582,0.0,192.868994
1766072441.1061032,128.582,0.0,192.868994
1766072441.6888475,128.6,0.0,192.868994
1766072442.2628438,128.6,0.0,192.868994
1766072442.917026,128.588,0.0,192.868994
1766072443.4989715,128.561,0.0,192.868994
1766072444.2175093,128.548,0.0,192.868994
1766072446.8704884,128.57,0.0,192.868994
1766072447.446002,128.57,0.0,192.868994
1766072448.0202985,128.543,0.0,192.868994
1766072448.5997388,128.533,0.0,192.868994
1766072449.1758578,128.533,0.0,192.868994
1766072449.7532172,128.54,0.0,192.868994
1766072450.3289104,128.529,0.0,192.868994
1766072450.907971,128.547,0.0,192.868994
1766072451.4839232,128.545,0.0,192.868994
1766072452.0650475,128.545,0.0,192.868994
1766072452.6404417,128.563,0.0,192.868994
1766072453.2934623,128.563,0.0,192.868994
1766072453.8712618,128.571,0.0,192.868994
1766072456.5244823,128.589,0.0,192.868994
1766072457.1002696,128.575,0.0,192.868994
1766072457.6747408,128.576,0.0,192.868994
1766072458.2586558,128.576,0.0,192.868994
1766072458.833617,128.576,0.0,192.868994
1766072459.4130287,128.574,0.0,192.868994
1766072459.9896805,128.574,0.0,192.868994
1766072460.5670047,128.574,0.0,192.868994
1766072465.2078364,128.383,1.0,192.773994
1766072471.4944131,128.407,0.0,192.753994
1766072472.0785308,128.421,0.0,192.753994
1766072472.6545713,128.45,0.0,192.753994
1766072473.2383525,128.423,0.0,192.753994
1766072473.814368,128.4,0.0,192.753994
1766072474.549675,128.4,0.0,192.753994
1766072475.1255374,128.4,0.0,192.753994
1766072475.7018206,128.403,0.0,192.753994
1766072476.3577669,128.395,0.0,192.753994
1766072476.935026,128.39,0.0,192.753994
1766072477.5114791,128.39,0.0,192.753994
1766072478.0865314,128.42,0.0,192.753994
1766072478.6652648,128.44,0.0,192.753994
1766072479.2399375,128.425,0.0,192.753994
1766072479.8142989,128.426,0.0,192.753994
1766072480.390888,128.426,0.0,192.753994
1766072480.968177,128.442,0.0,192.753994
1766072481.6795297,128.477,0.0,192.753994
1766072482.2551315,128.477,0.0,192.753994
1766072482.836689,128.477,0.0,192.753994
1766072483.412676,128.477,0.0,192.753994
1766072484.0016775,128.425,0.0,192.753994
1766072484.5841362,128.425,0.0,192.753994
1766072485.2954319,128.48,0.0,192.753994
1766072485.8708913,128.486,0.0,192.753994
1766072486.5332034,128.639,0.0,192.753994
1766072487.1079438,128.614,0.0,192.753994
1766072487.682856,128.609,0.0,192.753994
1766072489.790108,128.609,0.0,192.753994
1766072490.366456,128.612,0.0,192.753994
1766072490.9474657,128.619,0.0,192.753994
1766072491.5335982,128.619,0.0,192.753994
1766072492.1075377,128.616,0.0,192.753994
1766072492.684838,128.612,0.0,192.753994
1766072493.2590182,128.611,0.0,192.753994
1766072493.836861,128.584,0.0,192.753994
1766072494.4165962,128.56,0.0,192.753994
1766072494.9936945,128.56,0.0,192.753994
1766072495.569791,128.617,0.0,192.753994
1766072496.1457083,128.617,0.0,192.753994
1766072496.9398782,128.617,0.0,192.753994
1766072497.51658,128.619,0.0,192.753994
1766072498.2298598,128.614,0.0,192.753994
1766072498.804048,128.613,0.0,192.753994
1766072499.3800175,128.604,0.0,192.753994
1766072499.9586606,128.603,0.0,192.753994
1766072500.536446,128.603,0.0,192.753994
1766072501.1106932,128.591,0.0,192.753994
1766072503.7703803,128.576,0.0,192.753994
1766072504.4822574,128.576,0.0,192.753994
1766072505.0585713,128.569,0.0,192.753994
1766072505.6345344,128.569,0.0,192.753994
1766072506.2113972,128.542,0.0,192.753994
1766072506.8712823,128.521,0.0,192.753994
1766072507.4468389,128.53,0.0,192.753994
1766072508.0226865,128.552,0.0,192.753994
1766072508.5987148,128.552,0.0,192.753994
1766072511.5258,128.566,0.0,192.753994
1766072512.101674,128.566,0.0,192.753994
1766072512.676311,128.549,0.0,192.753994
1766072513.2527237,128.548,0.0,192.753994
1766072513.8293154,128.553,0.0,192.753994
1766072514.4027228,128.553,0.0,192.753994
1766072514.9777174,128.54,0.0,192.753994
1766072515.5530756,128.54,0.0,192.753994
1766072516.2183285,128.58,0.0,192.753994
1766072516.7953997,128.58,0.0,192.753994
1766072519.5288682,128.55,0.0,192.753994
1766072520.106219,128.544,0.0,192.753994
1766072524.573435,128.572,1.0,192.783994
1766072525.1500962,128.559,1.0,192.783994
1766072525.7251148,128.536,1.0,192.783994
1766072526.3005471,128.533,1.0,192.783994
1766072526.8753352,128.573,1.0,192.783994
1766072527.5469136,128.576,1.0,192.745994
1766072528.1222918,128.576,1.0,192.745994
1766072528.7021046,128.592,1.0,192.745994
1766072529.2790651,128.656,1.0,192.745994
1766072529.8601809,128.635,1.0,192.745994
1766072530.5698366,128.594,1.0,192.745994
1766072531.1455138,128.619,1.0,192.745994
1766072531.7223327,128.638,1.0,192.745994
1766072532.4309251,128.648,1.0,192.745994
1766072533.1408286,128.619,1.0,192.745994
1766072533.7166429,128.619,1.0,192.745994
1766072534.2937999,128.619,1.0,192.745994
1766072535.0046778,128.619,1.0,192.745994
1766072535.580555,128.588,1.0,192.745994
1766072536.1559367,128.6,1.0,192.745994
1766072536.734,128.583,1.0,192.745994
1766072537.4432175,128.579,1.0,192.745994
1766072538.2362359,128.579,1.0,192.786994
1766072538.8107262,128.579,1.0,192.786994
1766072539.3854282,128.571,1.0,192.786994
1766072542.1698685,128.554,1.0,192.786994
1766072542.7446113,128.569,1.0,192.786994
1766072543.3218243,128.573,1.0,192.786994
1766072544.035119,128.573,1.0,192.786994
1766072544.7486348,128.544,1.0,192.786994
1766072545.3253813,128.544,1.0,192.786994
1766072545.9002454,128.502,1.0,192.786994
1766072546.4826663,128.502,1.0,192.786994
1766072547.0584111,128.497,1.0,192.786994
1766072547.634597,128.497,1.0,192.786994
1766072550.3786814,128.514,1.0,192.695994
1766072550.952908,128.551,1.0,192.695994
1766072551.5290523,128.551,1.0,192.695994
1766072552.1036286,128.551,1.0,192.695994
1766072552.6788132,128.551,1.0,192.695994
1766072553.2560985,128.555,1.0,192.695994
1766072553.831539,128.568,1.0,192.695994
1766072554.4132864,128.568,1.0,192.695994
1766072554.989427,128.568,1.0,192.695994
1766072555.5716279,128.558,1.0,192.695994
1766072556.1454096,128.558,1.0,192.695994
1766072556.721035,128.557,1.0,192.695994
1766072559.3737388,128.538,1.0,192.695994
1766072560.0312145,128.538,1.0,192.754994
1766072560.6060934,128.538,1.0,192.754994
1766072561.1820035,128.538,1.0,192.754994
1766072561.8892071,128.508,1.0,192.754994
1766072562.4645793,128.509,1.0,192.754994
1766072563.0409372,128.516,1.0,192.754994
1766072563.616649,128.516,1.0,192.754994
1766072564.1928697,128.55,1.0,192.754994
1766072566.8457198,128.586,1.0,192.754994
1766072567.4222834,128.586,1.0,192.754994
1766072567.9977233,128.581,1.0,192.754994
1766072568.5745265,128.572,1.0,192.754994
1766072569.1515071,128.609,1.0,192.754994
1766072569.7279305,128.639,1.0,192.754994
1766072570.3885903,128.639,1.0,192.769994
1766072570.9633102,128.642,1.0,192.769994
1766072573.6216717,128.644,1.0,192.769994
1766072574.2008018,128.644,1.0,192.769994
1766072574.774985,128.656,1.0,192.769994
1766072575.3519313,128.655,1.0,192.769994
1766072575.9362466,128.655,1.0,192.769994
1766072576.6444635,128.643,1.0,192.769994
1766072577.2200954,128.626,1.0,192.769994
1766072577.7948549,128.626,1.0,192.769994
1766072578.3708553,128.63,1.0,192.769994
1766072578.9460363,128.63,1.0,192.769994
1766072579.5264826,128.598,1.0,192.769994
1766072580.102508,128.591,1.0,192.769994
1766072580.759245,128.574,1.0,192.769994
1766072581.471527,128.58,1.0,192.769994
1766072584.1226952,128.665,1.0,192.769994
1766072584.700019,128.665,1.0,192.769994
1766072585.4098258,128.688,1.0,192.769994
1766072586.1257572,128.709,1.0,192.769994
1766072586.7037396,128.624,1.0,192.769994
1766072587.2800407,128.624,1.0,192.769994
1766072587.8602822,128.606,1.0,192.769994
1766072588.436564,128.606,1.0,192.769994
1766072589.0107386,128.606,1.0,192.769994
1766072589.5879512,128.619,1.0,192.769994
1766072590.1642094,128.619,1.0,192.769994
1766072590.8111353,128.645,1.0,192.769994
1766072591.3852265,128.688,1.0,192.769994
1766072591.9673696,128.65,1.0,192.769994
1766072594.629853,128.653,1.0,192.769994
1766072595.2047455,128.653,1.0,192.769994
1766072595.7821436,128.653,1.0,192.769994
1766072596.3607469,128.585,1.0,192.769994
1766072596.9406106,128.59,1.0,192.769994
1766072597.5143974,128.623,1.0,192.769994
1766072598.0900357,128.616,1.0,192.769994
1766072598.667421,128.616,1.0,192.769994
1766072599.2442236,128.635,1.0,192.769994
1766072599.8210373,128.635,1.0,192.769994
1766072600.4034135,128.635,1.0,192.769994
1766072601.1898613,128.587,1.0,192.769994
1766072601.767483,128.576,1.0,192.769994
1766072604.428813,128.567,1.0,192.769994
1766072605.0033782,128.567,1.0,192.769994
1766072605.71927,128.567,1.0,192.769994
1766072606.2936735,128.568,1.0,192.769994
1766072607.0042365,128.602,1.0,192.769994
1766072607.5832174,128.602,1.0,192.769994
1766072608.1606693,128.602,1.0,192.769994
1766072608.7359195,128.593,1.0,192.769994
1766072609.310434,128.595,1.0,192.769994
1766072609.885845,128.614,1.0,192.769994
1766072610.4607685,128.655,1.0,192.769994
1766072611.1135247,128.654,1.0,192.769994
1766072611.6892588,128.615,1.0,192.769994
1766072612.2659526,128.615,1.0,192.769994
1766072614.9159818,128.644,1.0,192.769994
1766072615.4930642,128.654,1.0,192.769994
1766072616.0751371,128.654,1.0,192.769994
1766072616.6509404,128.654,1.0,192.769994
1766072617.2259095,128.631,1.0,192.769994
1766072617.8008776,128.639,1.0,192.769994
1766072618.376187,128.639,1.0,192.769994
1766072618.9524653,128.639,1.0,192.769994
1766072619.5340743,128.655,1.0,192.769994
1766072620.1111357,128.655,1.0,192.769994
1766072620.686016,128.657,1.0,192.769994
1766072621.3495328,128.637,1.0,192.769994
1766072621.9250028,128.636,1.0,192.769994
1766072622.6334255,128.636,1.0,192.769994
1766072625.2917361,128.569,1.0,192.769994
1766072625.8711646,128.569,1.0,192.769994
1766072626.4458663,128.569,1.0,192.769994
1766072627.0204232,128.583,1.0,192.769994
1766072627.5944679,128.583,1.0,192.769994
1766072628.1693907,128.588,1.0,192.769994
1766072628.7429194,128.585,1.0,192.769994
1766072629.3176901,128.585,1.0,192.769994
1766072629.8949192,128.584,1.0,192.769994
1766072630.610656,128.584,1.0,192.769994
1766072631.187115,128.576,1.0,192.769994
1766072632.1054206,128.562,1.0,192.769994
1766072632.6823664,128.562,1.0,192.769994
1766072633.2590559,128.562,1.0,192.769994
1766072635.9095867,128.552,1.0,192.769994
1766072636.627172,128.576,1.0,192.769994
1766072637.209034,128.589,1.0,192.769994
1766072637.9205985,128.605,1.0,192.769994
1766072638.4948761,128.61,1.0,192.769994
1766072639.0701666,128.613,1.0,192.769994
1766072639.6481655,128.613,1.0,192.769994
1766072640.2221658,128.58,1.0,192.769994
1766072640.9340568,128.585,1.0,192.769994
1766072641.5082994,128.585,1.0,192.769994
1766072642.1653905,128.585,1.0,192.793994
1766072644.8150666,128.588,1.0,192.793994
1766072645.389443,128.559,1.0,192.793994
1766072645.971515,128.562,1.0,192.793994
1766072646.5479636,128.581,1.0,192.793994
1766072647.1250901,128.547,1.0,192.793994
1766072647.7030404,128.524,1.0,192.793994
1766072648.285377,128.499,1.0,192.793994
1766072648.8594196,128.484,1.0,192.793994
1766072649.4335961,128.447,1.0,192.793994
1766072650.1435668,128.433,1.0,192.793994
1766072650.7322164,128.403,1.0,192.793994
1766072657.6061478,128.382,0.0,192.560994
1766072658.264111,128.382,0.0,192.560994
1766072658.8399596,128.364,0.0,192.560994
1766072659.414208,128.364,0.0,192.560994
1766072659.9922018,128.364,0.0,192.560994
1766072660.5660088,128.368,0.0,192.560994
1766072661.139681,128.351,0.0,192.560994
1766072661.7221665,128.353,0.0,192.560994
1766072662.2967496,128.37,0.0,192.560994
1766072662.873393,128.373,0.0,192.560994
1766072663.4486353,128.373,0.0,192.560994
1766072664.1568248,128.355,0.0,192.560994
1766072664.7333946,128.333,0.0,192.560994
1766072665.4453046,128.286,0.0,192.560994
1766072666.0215974,128.271,0.0,192.560994
1766072666.5959854,128.261,0.0,192.560994
1766072667.172472,128.247,0.0,192.560994
1766072667.74681,128.208,0.0,192.560994
1766072668.5403247,128.217,0.0,192.560994
1766072669.124368,128.244,0.0,192.560994
1766072669.7105956,128.191,0.0,192.560994
1766072670.2864227,128.201,0.0,192.560994
1766072670.8634539,128.206,0.0,192.560994
1766072671.4407911,128.21,0.0,192.560994
1766072672.0161805,128.21,0.0,192.560994
1766072672.589897,128.204,0.0,192.560994
1766072673.1665094,128.177,0.0,192.560994
1766072673.7441647,128.192,0.0,192.560994
1766072676.3947666,128.23,0.0,192.560994
1766072676.9703028,128.222,0.0,192.560994
1766072677.5472536,128.231,0.0,192.560994
1766072678.1242044,128.239,0.0,192.560994
1766072678.7762392,128.239,0.0,192.560994
1766072679.3497458,128.233,0.0,192.560994
1766072679.9253953,128.237,0.0,192.560994
1766072680.5000024,128.237,0.0,192.560994
1766072683.1516025,128.31,0.0,192.560994
1766072683.7356913,128.312,0.0,192.560994
1766072684.310827,128.312,0.0,192.560994
1766072684.886879,128.259,0.0,192.560994
1766072685.4651756,128.201,0.0,192.560994
1766072686.0398493,128.218,0.0,192.560994
1766072686.6151881,128.218,0.0,192.560994
1766072687.325077,128.227,0.0,192.560994
1766072688.032359,128.224,0.0,192.560994
1766072688.7421708,128.224,0.0,192.560994
1766072689.4014454,128.203,0.0,192.560994
1766072692.0547166,128.181,0.0,192.560994
1766072692.6398466,128.172,0.0,192.560994
1766072693.2161837,128.18,0.0,192.560994
1766072693.7907417,128.166,0.0,192.560994
1766072694.3677838,128.166,0.0,192.560994
1766072694.9416287,128.166,0.0,192.560994
1766072695.5168903,128.189,0.0,192.560994
1766072696.0913332,128.22,0.0,192.560994
1766072696.6663225,128.22,0.0,192.560994
1766072697.2425027,128.22,0.0,192.560994
1766072697.8168142,128.253,0.0,192.560994
1766072698.3945937,128.253,0.0,192.560994
1766072701.1823452,128.229,0.0,192.560994
1766072706.2467315,128.206,1.0,192.572994
1766072706.8242571,128.218,1.0,192.572994
1766072707.4002306,128.23,1.0,192.572994
1766072707.9771223,128.253,1.0,192.572994
1766072708.5556116,128.271,1.0,192.572994
1766072709.1310773,128.271,1.0,192.572994
1766072709.714695,128.272,1.0,192.572994
1766072710.290007,128.251,1.0,192.572994
1766072710.8652585,128.251,1.0,192.572994
1766072711.4456937,128.224,1.0,192.572994
1766072712.2411048,128.215,1.0,192.674994
1766072712.8556273,128.173,1.0,192.674994
1766072713.4322014,128.19,1.0,192.674994
1766072714.0087116,128.196,1.0,192.674994
1766072714.586223,128.202,1.0,192.674994
1766072715.164393,128.202,1.0,192.674994
1766072715.7409036,128.202,1.0,192.674994
1766072716.3159943,128.228,1.0,192.674994
1766072716.8910866,128.228,1.0,192.674994
1766072717.466549,128.228,1.0,192.674994
1766072718.1760178,128.229,1.0,192.674994
1766072718.750751,128.225,1.0,192.674994
1766072719.3268564,128.225,1.0,192.674994
1766072719.9053044,128.215,1.0,192.674994
1766072720.4838717,128.226,1.0,192.674994
1766072721.0607433,128.231,1.0,192.674994
1766072721.6422448,128.225,1.0,192.674994
1766072722.5610273,128.225,1.0,192.674994
1766072725.2154918,128.107,1.0,192.674994
1766072725.7941186,128.098,1.0,192.674994
1766072726.368836,128.098,1.0,192.674994
1766072726.943999,128.087,1.0,192.674994
1766072727.522436,128.08,1.0,192.674994
1766072728.0991623,128.08,1.0,192.674994
1766072728.675917,128.08,1.0,192.674994
1766072729.389384,128.08,1.0,192.674994
1766072729.9654887,128.148,1.0,192.674994
1766072730.6798568,128.174,1.0,192.674994
1766072731.2568672,128.169,1.0,192.674994
1766072731.83405,128.169,1.0,192.674994
1766072732.4832072,128.163,1.0,192.674994
1766072733.0666168,128.161,1.0,192.674994
1766072733.6452613,128.161,1.0,192.674994
1766072736.2976367,128.144,1.0,192.674994
1766072736.874464,128.144,1.0,192.674994
1766072737.4516442,128.152,1.0,192.674994
1766072738.027017,128.147,1.0,192.674994
1766072738.6012628,128.128,1.0,192.674994
1766072739.1772735,128.128,1.0,192.674994
1766072739.7544966,128.119,1.0,192.674994
1766072740.3318453,128.119,1.0,192.674994
1766072740.9077458,128.121,1.0,192.674994
1766072741.4823895,128.105,1.0,192.674994
1766072742.058184,128.103,1.0,192.674994
1766072742.984057,128.103,1.0,192.674994
1766072743.5583262,128.086,1.0,192.674994
1766072746.2115817,128.08,1.0,192.674994
1766072746.791552,128.08,1.0,192.674994
1766072747.5025482,128.114,1.0,192.674994
1766072748.2122817,128.082,1.0,192.674994
1766072748.788289,128.048,1.0,192.674994
1766072749.5029538,128.049,1.0,192.674994
1766072750.0794494,128.068,1.0,192.674994
1766072750.654531,128.068,1.0,192.674994
1766072751.232717,128.049,1.0,192.674994
1766072751.80874,128.049,1.0,192.674994
1766072752.3852255,128.02,1.0,192.674994
1766072753.1857014,128.02,1.0,192.465994
1766072755.848376,128.013,1.0,192.465994
1766072762.4845219,128.064,0.0,192.383329
1766072766.6891627,128.125,1.0,192.381329
1766072767.2639427,128.109,1.0,192.381329
1766072767.8406281,128.109,1.0,192.381329
1766072768.4162803,128.109,1.0,192.381329
1766072768.991518,128.109,1.0,192.381329
1766072769.5678003,128.115,1.0,192.381329
1766072770.1456394,128.126,1.0,192.381329
1766072770.7197711,128.126,1.0,192.381329
1766072771.293462,128.132,1.0,192.381329
1766072771.8687289,128.132,1.0,192.381329
1766072772.4433935,128.132,1.0,192.381329
1766072773.0179133,128.132,1.0,192.381329
1766072773.677287,128.132,1.0,192.398329
1766072774.251218,128.123,1.0,192.398329
1766072774.8277473,128.135,1.0,192.398329
1766072775.5384827,128.107,1.0,192.398329
1766072776.1144257,128.107,1.0,192.398329
1766072776.6902018,128.107,1.0,192.398329
1766072777.403808,128.107,1.0,192.398329
1766072777.9798973,128.093,1.0,192.398329
1766072778.5566003,128.143,1.0,192.398329
1766072779.1325192,128.256,1.0,192.398329
1766072779.7217858,128.241,1.0,192.398329
1766072780.3055441,128.202,1.0,192.398329
1766072780.8816566,128.201,1.0,192.398329
1766072781.4564943,128.174,1.0,192.398329
1766072782.0325093,128.164,1.0,192.398329
1766072782.613839,128.164,1.0,192.398329
1766072783.1889195,128.128,1.0,192.398329
1766072783.852243,128.11,1.0,192.419329
1766072784.426128,128.169,1.0,192.419329
1766072785.000663,128.169,1.0,192.419329
1766072785.731499,128.212,1.0,192.419329
1766072786.4415507,128.212,1.0,192.419329
1766072787.1506522,128.18,1.0,192.419329
1766072787.8808107,128.147,1.0,192.419329
1766072790.1640296,128.229,1.0,192.419329
1766072790.7409525,128.191,1.0,192.419329
1766072791.315627,128.191,1.0,192.419329
1766072791.8913088,128.228,1.0,192.419329
1766072792.466555,128.228,1.0,192.419329
1766072793.0440488,128.2,1.0,192.419329
1766072793.6190321,128.2,1.0,192.419329
1766072794.4153047,128.2,1.0,192.471329
1766072795.1272469,128.227,1.0,192.471329
1766072795.8431118,128.214,1.0,192.471329
1766072796.4183905,128.2,1.0,192.471329
1766072796.9949484,128.2,1.0,192.471329
1766072797.5708637,128.226,1.0,192.471329
1766072798.2814147,128.227,1.0,192.471329
1766072798.8582463,128.213,1.0,192.471329
1766072799.4335237,128.208,1.0,192.471329
1766072800.0108197,128.188,1.0,192.471329
1766072800.5854278,128.19,1.0,192.471329
1766072801.161009,128.19,1.0,192.471329
1766072801.7383711,128.203,1.0,192.471329
1766072802.3135066,128.218,1.0,192.471329
1766072802.888742,128.205,1.0,192.471329
1766072803.46536,128.205,1.0,192.471329
1766072806.1186197,128.181,1.0,192.471329
1766072806.7785773,128.181,1.0,192.461329
1766072807.3542674,128.181,1.0,192.461329
1766072807.9295816,128.173,1.0,192.461329
1766072808.5061333,128.173,1.0,192.461329
1766072809.0802865,128.18,1.0,192.461329
1766072809.6658616,128.175,1.0,192.461329
1766072810.243757,128.2,1.0,192.461329
1766072812.898402,128.246,1.0,192.461329
1766072813.6112678,128.252,1.0,192.461329
1766072814.1885245,128.252,1.0,192.461329
1766072814.8993616,128.236,1.0,192.461329
1766072815.4755268,128.236,1.0,192.461329
1766072816.053319,128.182,1.0,192.461329
1766072816.7640584,128.182,1.0,192.461329
1766072817.4281662,128.155,1.0,192.45732900000002
1766072818.0032482,128.148,1.0,192.45732900000002
1766072818.5808263,128.148,1.0,192.45732900000002
1766072821.2338626,128.158,1.0,192.45732900000002
1766072821.8085039,128.161,1.0,192.45732900000002
1766072822.3841186,128.148,1.0,192.45732900000002
1766072822.9605165,128.143,1.0,192.45732900000002
1766072823.5352192,128.141,1.0,192.45732900000002
1766072824.109489,128.11,1.0,192.45732900000002
1766072824.6868172,128.11,1.0,192.45732900000002
1766072825.263703,128.104,1.0,192.45732900000002
1766072825.8381596,128.104,1.0,192.45732900000002
1766072826.5463004,128.046,1.0,192.45732900000002
1766072827.2567263,128.051,1.0,192.45732900000002
1766072827.9062712,128.046,1.0,192.45732900000002
1766072828.481668,128.046,1.0,192.45732900000002
1766072829.069742,128.046,1.0,192.45732900000002
1766072829.7774172,128.078,1.0,192.45732900000002
1766072832.42753,128.038,1.0,192.45732900000002
1766072833.0013776,128.038,1.0,192.45732900000002
1766072833.5763001,127.999,1.0,192.45732900000002
1766072840.4014816,128.036,0.0,192.304329
1766072841.0626822,128.036,0.0,192.304329
1766072841.6371927,128.026,0.0,192.304329
1766072842.219468,128.031,0.0,192.304329
1766072842.7955718,128.033,0.0,192.304329
1766072843.3717487,128.03,0.0,192.304329
1766072843.9481587,128.024,0.0,192.304329
1766072844.5227833,128.005,0.0,192.304329
1766072845.1006992,128.018,0.0,192.304329
1766072845.6789124,128.021,0.0,192.304329
1766072846.2538102,128.017,0.0,192.304329
1766072846.8290956,128.017,0.0,192.304329
1766072847.4077024,127.997,0.0,192.304329
1766072847.9839385,127.997,0.0,192.304329
1766072848.5594978,127.963,0.0,192.304329
1766072849.1348944,127.959,0.0,192.304329
1766072849.7123194,127.958,0.0,192.304329
1766072850.2888827,127.93,0.0,192.304329
1766072850.8658583,127.93,0.0,192.304329
1766072851.5316284,127.954,0.0,192.304329
1766072852.1086335,127.99,0.0,192.304329
1766072852.6826713,127.99,0.0,192.304329
1766072853.424874,127.996,0.0,192.304329
1766072854.0004685,127.997,0.0,192.304329
1766072854.575508,127.984,0.0,192.304329
1766072855.1519055,127.984,0.0,192.304329
1766072855.7270508,127.971,0.0,192.304329
1766072856.3040676,127.959,0.0,192.304329
1766072856.8807068,127.959,0.0,192.304329
1766072857.4565928,127.944,0.0,192.304329
1766072858.033684,127.944,0.0,192.304329
1766072858.6082587,127.944,0.0,192.304329
1766072859.1827486,127.941,0.0,192.304329
1766072859.7611907,127.939,0.0,192.304329
1766072862.4173727,127.861,0.0,192.304329
1766072863.080151,127.921,0.0,192.304329
1766072863.6546257,127.945,0.0,192.304329
1766072864.231038,127.937,0.0,192.304329
1766072864.808701,127.937,0.0,192.304329
1766072865.3835776,127.946,0.0,192.304329
1766072865.9583902,127.954,0.0,192.304329
1766072866.5319016,127.943,0.0,192.304329
1766072869.1866379,127.881,0.0,192.304329
1766072869.7608366,127.873,0.0,192.304329
1766072870.3343642,127.873,0.0,192.304329
1766072871.0473769,127.871,0.0,192.304329
1766072871.6230855,127.87,0.0,192.304329
1766072872.1994462,127.87,0.0,192.304329
1766072872.7749026,127.9,0.0,192.304329
1766072873.4373798,127.9,0.0,192.304329
1766072874.0173445,127.925,0.0,192.304329
1766072874.7309613,127.895,0.0,192.304329
1766072877.3826306,127.97,0.0,192.304329
1766072877.959009,127.97,0.0,192.304329
1766072878.5354333,127.926,0.0,192.304329
1766072879.1120043,127.926,0.0,192.304329
1766072879.8174493,127.926,0.0,192.304329
1766072880.3924956,127.926,0.0,192.304329
1766072884.8250651,127.981,1.0,192.308329
1766072885.486771,127.982,1.0,192.308329
1766072886.061402,127.978,1.0,192.308329
1766072886.637261,127.954,1.0,192.308329
1766072887.2130964,127.98,1.0,192.308329
1766072888.0723271,127.986,1.0,192.308329
1766072888.65051,127.992,1.0,192.308329
1766072889.362819,127.976,1.0,192.308329
1766072889.938863,127.976,1.0,192.308329
1766072890.512658,127.976,1.0,192.308329
1766072891.0879047,127.976,1.0,192.308329
1766072891.6665063,127.963,1.0,192.308329
1766072892.3784022,127.974,1.0,192.308329
1766072892.9555724,127.984,1.0,192.308329
1766072893.5301678,127.984,1.0,192.308329
1766072894.2390182,127.999,1.0,192.308329
1766072894.9524395,127.989,1.0,192.308329
1766072895.6632779,127.989,1.0,192.308329
1766072896.327382,127.989,1.0,192.338329
1766072896.9017348,127.989,1.0,192.338329
1766072897.616169,127.989,1.0,192.338329
1766072898.1924815,127.971,1.0,192.338329
1766072898.7730036,127.971,1.0,192.338329
1766072901.4302604,127.968,1.0,192.338329
1766072902.0481327,127.978,1.0,192.338329
1766072902.6232176,127.978,1.0,192.338329
1766072903.2004483,127.978,1.0,192.338329
1766072903.7762218,127.913,1.0,192.338329
1766072904.4889958,127.866,1.0,192.338329
1766072905.0651445,127.866,1.0,192.338329
1766072905.6397493,127.876,1.0,192.338329
1766072906.2967286,127.879,1.0,192.234329
1766072908.9482248,127.894,1.0,192.234329
1766072909.524905,127.894,1.0,192.234329
1766072910.0999196,127.894,1.0,192.234329
1766072910.675377,127.894,1.0,192.234329
1766072911.2525382,127.905,1.0,192.234329
1766072911.8291798,127.879,1.0,192.234329
1766072912.5421915,127.879,1.0,192.234329
1766072913.2515454,127.891,1.0,192.234329
1766072913.82848,127.891,1.0,192.234329
1766072914.4061403,127.873,1.0,192.234329
1766072915.1134415,127.873,1.0,192.234329
1766072915.6892407,127.894,1.0,192.234329
1766072916.3385777,127.883,1.0,192.234329
1766072916.9168894,127.889,1.0,192.234329
1766072917.4929333,127.893,1.0,192.234329
1766072920.144651,127.901,1.0,192.234329
1766072920.8543515,127.892,1.0,192.234329
1766072921.5646234,127.901,1.0,192.234329
1766072922.1409278,127.901,1.0,192.234329
1766072922.7197127,127.901,1.0,192.234329
1766072923.296741,127.912,1.0,192.234329
1766072923.8753555,127.933,1.0,192.234329
1766072924.4516866,127.952,1.0,192.234329
1766072925.0413435,127.939,1.0,192.234329
1766072925.6185474,127.947,1.0,192.234329
1766072926.2174027,127.974,1.0,192.234329
1766072926.8659163,127.991,1.0,192.234329
1766072927.442223,128.014,1.0,192.234329
1766072928.0200512,128.014,1.0,192.234329
1766072928.731742,128.014,1.0,192.234329
1766072931.517546,127.994,1.0,192.234329
1766072932.2267208,127.994,1.0,192.234329
1766072932.8024876,128.033,1.0,192.234329
1766072933.3788965,128.032,1.0,192.234329
1766072933.9570956,128.023,1.0,192.234329
1766072934.5340233,128.04,1.0,192.234329
1766072935.113729,128.036,1.0,192.234329
1766072935.826066,128.017,1.0,192.234329
1766072936.4008968,128.018,1.0,192.234329
1766072937.073976,128.023,1.0,192.384329
1766072939.7266462,128.024,1.0,192.384329
1766072940.302055,128.024,1.0,192.384329
1766072940.8785465,128.024,1.0,192.384329
1766072941.4541993,128.013,1.0,192.384329
1766072942.0301888,128.016,1.0,192.384329
1766072942.6066582,128.028,1.0,192.384329
1766072943.1819432,128.026,1.0,192.384329
1766072943.7588353,128.026,1.0,192.384329
1766072944.3334403,128.026,1.0,192.384329
1766072944.9091654,128.054,1.0,192.384329
1766072945.6183398,128.054,1.0,192.384329
1766072946.193353,128.054,1.0,192.384329
1766072946.914761,128.047,1.0,192.384329
1766072947.5656898,128.047,1.0,192.384329
1766072950.2202668,128.004,1.0,192.384329
1766072950.7962348,127.991,1.0,192.384329
1766072951.3760047,127.991,1.0,192.384329
1766072951.9609344,127.978,1.0,192.384329
1766072952.5387256,127.935,1.0,192.384329
1766072953.113503,127.948,1.0,192.384329
1766072953.689106,127.948,1.0,192.384329
1766072954.4012063,127.95,1.0,192.384329
1766072954.9786172,127.937,1.0,192.384329
1766072955.6910074,127.897,1.0,192.384329
1766072956.2685544,127.895,1.0,192.384329
1766072956.8476532,127.881,1.0,192.384329
1766072957.6327763,127.896,1.0,192.384329
1766072958.3420622,127.896,1.0,192.384329
1766072958.9181573,127.866,1.0,192.384329
1766072959.4942305,127.866,1.0,192.384329
1766072960.2099926,127.857,1.0,192.384329
1766072962.8651824,127.824,1.0,192.384329
1766072969.1539202,127.807,0.0,192.160329
1766072969.818673,127.832,0.0,192.160329
1766072970.395418,127.832,0.0,192.160329
1766072970.9727576,127.829,0.0,192.160329
1766072971.5492787,127.855,0.0,192.160329
1766072972.1475823,127.855,0.0,192.160329
1766072972.878423,127.823,0.0,192.160329
1766072973.454144,127.814,0.0,192.160329
1766072974.1721249,127.814,0.0,192.160329
1766072974.748009,127.814,0.0,192.160329
1766072975.3229594,127.817,0.0,192.160329
1766072975.898409,127.817,0.0,192.160329
1766072976.472532,127.817,0.0,192.160329
1766072977.0468767,127.804,0.0,192.160329
1766072977.6207688,127.816,0.0,192.160329
1766072978.1978242,127.817,0.0,192.160329
1766072978.7759285,127.812,0.0,192.160329
1766072979.3507946,127.812,0.0,192.160329
1766072980.141463,127.811,0.0,192.160329
1766072980.7154992,127.812,0.0,192.160329
1766072981.291478,127.811,0.0,192.160329
1766072981.8674493,127.8,0.0,192.160329
1766072982.4450436,127.8,0.0,192.160329
1766072983.1592467,127.815,0.0,192.160329
1766072983.73571,127.816,0.0,192.160329
1766072984.311851,127.814,0.0,192.160329
1766072984.8852494,127.8,0.0,192.160329
1766072985.5959744,127.8,0.0,192.160329
1766072986.1772213,127.8,0.0,192.160329
1766072986.7530675,127.8,0.0,192.160329
1766072987.3299768,127.8,0.0,192.160329
1766072988.041514,127.8,0.0,192.160329
1766072988.6170385,127.815,0.0,192.160329
1766072989.1997018,127.815,0.0,192.160329
1766072989.775185,127.815,0.0,192.160329
1766072990.4250135,127.827,0.0,192.160329
1766072990.99942,127.828,0.0,192.160329
1766072993.6520834,127.834,0.0,192.160329
1766072994.233218,127.834,0.0,192.160329
1766072994.9425538,127.855,0.0,192.160329
1766072995.5204742,127.855,0.0,192.160329
1766072996.0962088,127.821,0.0,192.160329
1766072996.6709948,127.821,0.0,192.160329
1766072997.2471306,127.824,0.0,192.160329
1766072997.8206325,127.824,0.0,192.160329
1766072998.3948183,127.824,0.0,192.160329
1766072998.9706836,127.82,0.0,192.160329
1766072999.6825495,127.82,0.0,192.160329
1766073000.2628975,127.84,0.0,192.160329
1766073004.8151608,127.822,1.0,192.124329
1766073005.39162,127.829,1.0,192.124329
1766073005.9675658,127.829,1.0,192.124329
1766073006.5428689,127.828,1.0,192.124329
1766073007.2512743,127.829,1.0,192.124329
1766073007.9702904,127.829,1.0,192.124329
1766073008.6785386,127.872,1.0,192.124329
1766073009.2553906,127.856,1.0,192.124329
1766073009.8429713,127.845,1.0,192.124329
1766073010.4190698,127.845,1.0,192.124329
1766073011.2131093,127.848,1.0,192.154329
1766073011.7908607,127.851,1.0,192.154329
1766073012.3702362,127.851,1.0,192.154329
1766073013.080126,127.851,1.0,192.154329
1766073013.6542017,127.828,1.0,192.154329
1766073014.2299035,127.829,1.0,192.154329
1766073014.8051982,127.829,1.0,192.154329
1766073015.5159533,127.828,1.0,192.154329
1766073016.092268,127.828,1.0,192.154329
1766073016.6695938,127.823,1.0,192.154329
1766073017.2441423,127.823,1.0,192.154329
1766073019.903081,127.856,1.0,192.154329
1766073020.4769058,127.856,1.0,192.154329
1766073021.4102309,127.838,1.0,192.15832899999998
1766073021.986662,127.838,1.0,192.15832899999998
1766073022.5627036,127.838,1.0,192.15832899999998
1766073023.1388984,127.855,1.0,192.15832899999998
1766073023.7168612,127.84,1.0,192.15832899999998
1766073024.2945127,127.84,1.0,192.15832899999998
1766073025.002531,127.831,1.0,192.15832899999998
1766073025.5788074,127.819,1.0,192.15832899999998
1766073026.2890196,127.819,1.0,192.15832899999998
1766073028.942134,127.832,1.0,192.15832899999998
1766073029.64977,127.831,1.0,192.15832899999998
1766073030.2234883,127.831,1.0,192.15832899999998
1766073030.8048148,127.845,1.0,192.15832899999998
1766073031.4665456,127.845,1.0,192.143329
1766073032.0433338,127.858,1.0,192.143329
1766073032.6214228,127.889,1.0,192.143329
1766073033.1990879,127.885,1.0,192.143329
1766073033.9230797,127.885,1.0,192.143329
1766073034.6556146,127.893,1.0,192.143329
1766073035.2302475,127.893,1.0,192.143329
1766073037.8817232,127.873,1.0,192.143329
1766073038.4557488,127.853,1.0,192.143329
1766073039.0314505,127.853,1.0,192.143329
1766073039.6063445,127.854,1.0,192.143329
1766073040.1824303,127.864,1.0,192.143329
1766073040.7560039,127.864,1.0,192.143329
1766073041.33113,127.874,1.0,192.143329
1766073041.9881382,127.874,1.0,192.173329
1766073044.6376717,127.864,1.0,192.173329
1766073045.2133625,127.866,1.0,192.173329
1766073045.7907395,127.866,1.0,192.173329
1766073046.367424,127.889,1.0,192.173329
1766073046.9433398,127.879,1.0,192.173329
1766073047.5187523,127.863,1.0,192.173329
1766073048.0942922,127.872,1.0,192.173329
1766073048.6733646,127.872,1.0,192.173329
1766073049.2484808,127.878,1.0,192.173329
1766073049.8220294,127.889,1.0,192.173329
1766073050.4003556,127.929,1.0,192.173329
1766073051.1144242,127.911,1.0,192.173329
1766073053.771559,127.928,1.0,192.173329
1766073054.4316278,127.928,1.0,192.22432899999998
1766073055.0063682,127.928,1.0,192.22432899999998
1766073055.5846205,127.928,1.0,192.22432899999998
1766073056.158455,127.928,1.0,192.22432899999998
1766073056.7334714,127.91,1.0,192.22432899999998
1766073057.313442,127.919,1.0,192.22432899999998
1766073057.8880322,127.919,1.0,192.22432899999998
1766073060.5392659,127.929,1.0,192.22432899999998
1766073061.1196337,127.9,1.0,192.22432899999998
1766073061.694152,127.9,1.0,192.22432899999998
1766073062.268814,127.9,1.0,192.22432899999998
1766073062.8454273,127.899,1.0,192.22432899999998
1766073063.4215271,127.899,1.0,192.22432899999998
1766073063.99611,127.894,1.0,192.22432899999998
1766073064.6485784,127.894,1.0,192.22432899999998
1766073065.2314014,127.887,1.0,192.22432899999998
1766073067.887563,127.885,1.0,192.22432899999998
1766073068.4619784,127.885,1.0,192.22432899999998
1766073069.0420177,127.885,1.0,192.22432899999998
1766073069.6268508,127.868,1.0,192.22432899999998
1766073070.2067246,127.858,1.0,192.22432899999998
1766073070.7894757,127.858,1.0,192.22432899999998
1766073071.363894,127.846,1.0,192.22432899999998
1766073071.9412625,127.847,1.0,192.22432899999998
1766073072.525826,127.858,1.0,192.22432899999998
1766073073.251062,127.857,1.0,192.22432899999998
1766073073.8279288,127.857,1.0,192.22432899999998
1766073074.4039116,127.857,1.0,192.22432899999998
1766073075.0606382,127.847,1.0,192.22432899999998
1766073077.7233665,127.8,1.0,192.22432899999998
1766073078.298049,127.8,1.0,192.22432899999998
1766073078.8807864,127.8,1.0,192.22432899999998
1766073079.456068,127.801,1.0,192.22432899999998
1766073080.0388877,127.801,1.0,192.22432899999998
1766073080.6148822,127.8,1.0,192.22432899999998
1766073081.1968913,127.8,1.0,192.22432899999998
1766073081.7715065,127.739,1.0,192.22432899999998
1766073082.3465867,127.713,1.0,192.22432899999998
1766073089.842432,127.735,0.0,192.041329
1766073090.5015311,127.722,0.0,192.041329
1766073091.0758984,127.722,0.0,192.041329
1766073091.6532054,127.722,0.0,192.041329
1766073092.3623903,127.714,0.0,192.041329
1766073093.0741963,127.715,0.0,192.041329
1766073093.650244,127.715,0.0,192.041329
1766073094.2294662,127.715,0.0,192.041329
1766073094.8035748,127.728,0.0,192.041329
1766073095.378082,127.735,0.0,192.041329
1766073095.954122,127.735,0.0,192.041329
1766073096.529124,127.724,0.0,192.041329
1766073097.1025834,127.718,0.0,192.041329
1766073097.6785545,127.718,0.0,192.041329
1766073098.2527647,127.735,0.0,192.041329
1766073098.8272626,127.72,0.0,192.041329
1766073099.4017384,127.728,0.0,192.041329
1766073099.9773195,127.728,0.0,192.041329
1766073100.7708797,127.743,0.0,192.041329
1766073101.3454401,127.743,0.0,192.041329
1766073101.9213793,127.723,0.0,192.041329
1766073102.4977045,127.736,0.0,192.041329
1766073103.073638,127.736,0.0,192.041329
1766073103.651284,127.736,0.0,192.041329
1766073104.2255466,127.727,0.0,192.041329
1766073104.8030176,127.71,0.0,192.041329
1766073105.3774302,127.71,0.0,192.041329
1766073105.9504273,127.703,0.0,192.041329
1766073106.5280786,127.722,0.0,192.041329
1766073107.1019404,127.722,0.0,192.041329
1766073107.679528,127.722,0.0,192.041329
1766073108.2559714,127.725,0.0,192.041329
1766073108.8311179,127.725,0.0,192.041329
1766073111.481972,127.87,0.0,192.041329
1766073112.1432896,127.833,0.0,192.041329
1766073112.7190907,127.833,0.0,192.041329
1766073113.2981474,127.879,0.0,192.041329
1766073113.8725228,127.868,0.0,192.041329
1766073114.4464955,127.869,0.0,192.041329
1766073115.022547,127.859,0.0,192.041329
1766073115.597391,127.859,0.0,192.041329
1766073118.3830283,127.825,0.0,192.041329
1766073118.9587379,127.825,0.0,192.041329
1766073119.5338128,127.825,0.0,192.041329
1766073120.1085496,127.811,0.0,192.041329
1766073124.5482955,127.857,1.0,192.088329
1766073125.2070692,127.858,1.0,192.09832899999998
1766073125.7847176,127.895,1.0,192.09832899999998
1766073126.3598847,127.895,1.0,192.09832899999998
1766073126.93603,127.889,1.0,192.09832899999998
1766073127.5174105,127.877,1.0,192.09832899999998
1766073128.0943084,127.877,1.0,192.09832899999998
1766073128.8036523,127.863,1.0,192.09832899999998
1766073129.3796504,127.875,1.0,192.09832899999998
1766073129.9608781,127.875,1.0,192.09832899999998
1766073130.5364285,127.891,1.0,192.09832899999998
1766073131.1129801,127.888,1.0,192.09832899999998
1766073131.688201,127.888,1.0,192.09832899999998
1766073132.2638826,127.882,1.0,192.09832899999998
1766073132.8453636,127.904,1.0,192.09832899999998
1766073133.430348,127.899,1.0,192.09832899999998
1766073134.0067859,127.885,1.0,192.09832899999998
1766073134.5825312,127.885,1.0,192.09832899999998
1766073135.2403564,127.885,1.0,192.137329
1766073135.8156362,127.892,1.0,192.137329
1766073138.4693522,127.889,1.0,192.137329
1766073139.04458,127.889,1.0,192.137329
1766073139.620292,127.889,1.0,192.137329
1766073140.1953373,127.889,1.0,192.137329
1766073140.7708,127.889,1.0,192.137329
1766073141.347439,127.862,1.0,192.137329
1766073141.9221542,127.862,1.0,192.137329
1766073142.4988477,127.864,1.0,192.137329
1766073143.0743277,127.867,1.0,192.137329
1766073143.7884657,127.867,1.0,192.137329
1766073144.366361,127.868,1.0,192.137329
1766073144.9415228,127.89,1.0,192.137329
1766073145.60442,127.882,1.0,192.137329
1766073148.2542598,127.941,1.0,192.137329
1766073148.9648867,127.918,1.0,192.137329
1766073149.5409977,127.918,1.0,192.137329
1766073150.1158073,127.913,1.0,192.137329
1766073150.6909986,127.869,1.0,192.137329
1766073151.2676833,127.887,1.0,192.137329
1766073151.8448293,127.887,1.0,192.137329
1766073152.4196045,127.87,1.0,192.137329
1766073152.9958375,127.869,1.0,192.137329
1766073153.571282,127.869,1.0,192.137329
1766073154.1477985,127.88,1.0,192.137329
1766073154.7232394,127.88,1.0,192.137329
1766073155.2993023,127.915,1.0,192.137329
1766073156.0871158,127.915,1.0,192.137329
1766073158.735855,127.922,1.0,192.137329
1766073159.3096213,127.93,1.0,192.137329
1766073159.8857515,127.942,1.0,192.137329
1766073160.461994,127.963,1.0,192.137329
1766073161.0374436,127.964,1.0,192.137329
1766073161.6118855,127.955,1.0,192.137329
1766073162.1854486,127.973,1.0,192.137329
1766073162.7604995,127.973,1.0,192.137329
1766073163.3379848,127.996,1.0,192.137329
1766073163.921481,127.996,1.0,192.137329
1766073164.496352,127.995,1.0,192.137329
1766073165.0728061,128.003,1.0,192.137329
1766073167.7494092,128.005,1.0,192.137329
1766073168.4103613,128.005,1.0,192.24232899999998
1766073168.986498,127.982,1.0,192.24232899999998
1766073169.5622606,127.988,1.0,192.24232899999998
1766073170.1393921,127.988,1.0,192.24232899999998
1766073170.7140412,127.988,1.0,192.24232899999998
1766073171.2915154,127.967,1.0,192.24232899999998
1766073171.874732,127.974,1.0,192.24232899999998
1766073174.5259724,127.982,1.0,192.24232899999998
1766073175.101985,127.954,1.0,192.24232899999998
1766073175.6822135,127.949,1.0,192.24232899999998
1766073176.399207,127.938,1.0,192.24232899999998
1766073176.9744015,127.919,1.0,192.24232899999998
1766073177.548458,127.918,1.0,192.24232899999998
1766073178.2617514,127.908,1.0,192.24232899999998
1766073178.9185185,127.908,1.0,192.161329
1766073179.4955041,127.908,1.0,192.161329
1766073180.0720844,127.892,1.0,192.161329
1766073182.7238872,127.88,1.0,192.161329
1766073183.3004487,127.908,1.0,192.161329
1766073183.8755264,127.912,1.0,192.161329
1766073184.5848255,127.932,1.0,192.161329
1766073185.1626654,127.932,1.0,192.161329
1766073185.7389734,127.923,1.0,192.161329
1766073186.3136544,127.923,1.0,192.161329
1766073186.88881,127.934,1.0,192.161329
1766073187.532898,127.934,1.0,192.161329
1766073188.1084912,127.942,1.0,192.161329
1766073188.6884403,127.965,1.0,192.161329
1766073189.3444583,127.983,1.0,192.161329
1766073189.919903,127.983,1.0,192.161329
1766073192.5720139,127.996,1.0,192.161329
1766073193.1487014,127.996,1.0,192.161329
1766073193.7255197,128.01,1.0,192.161329
1766073194.3011942,128.01,1.0,192.161329
1766073194.8763084,127.974,1.0,192.161329
1766073195.4562068,127.971,1.0,192.161329
1766073196.0312417,127.993,1.0,192.161329
1766073196.6091735,127.989,1.0,192.161329
1766073197.1863673,127.988,1.0,192.161329
1766073197.7633827,127.991,1.0,192.161329
1766073198.345976,127.983,1.0,192.161329
1766073198.921497,127.964,1.0,192.161329
1766073199.5777285,127.965,1.0,192.161329
1766073202.2305803,127.939,1.0,192.161329
1766073202.807084,127.939,1.0,192.161329
1766073203.3837254,127.931,1.0,192.161329
1766073203.9592636,127.926,1.0,192.161329
1766073204.5345762,127.926,1.0,192.161329
1766073205.1092687,127.909,1.0,192.161329
1766073205.6855583,127.909,1.0,192.161329
1766073206.263316,127.909,1.0,192.161329
1766073206.8401282,127.908,1.0,192.161329
1766073207.4231663,127.918,1.0,192.161329
1766073207.9987447,127.903,1.0,192.161329
1766073208.574764,127.903,1.0,192.161329
1766073211.3612242,127.876,1.0,192.161329
1766073212.0253365,127.876,1.0,192.12932899999998
1766073212.6008372,127.86,1.0,192.12932899999998
1766073213.176436,127.857,1.0,192.12932899999998
1766073213.7521515,127.858,1.0,192.12932899999998
1766073214.3272383,127.875,1.0,192.12932899999998
1766073214.9043026,127.875,1.0,192.12932899999998
1766073215.4863439,127.875,1.0,192.12932899999998
1766073216.0641637,127.871,1.0,192.12932899999998
1766073218.7225378,127.869,1.0,192.12932899999998
1766073219.3007743,127.875,1.0,192.12932899999998
1766073219.875156,127.869,1.0,192.12932899999998
1766073220.583756,127.864,1.0,192.12932899999998
1766073221.300926,127.864,1.0,192.12932899999998
1766073222.0306609,127.864,1.0,192.12932899999998
1766073222.6881752,127.875,1.0,192.11132899999998
1766073223.399353,127.873,1.0,192.11132899999998
1766073223.9745178,127.85,1.0,192.11132899999998
1766073224.5508235,127.85,1.0,192.11132899999998
1766073225.1272373,127.855,1.0,192.11132899999998
1766073227.7791142,127.84,1.0,192.11132899999998
1766073228.354908,127.841,1.0,192.11132899999998
1766073228.9293845,127.841,1.0,192.11132899999998
1766073229.5029461,127.853,1.0,192.11132899999998
1766073230.0794373,127.853,1.0,192.11132899999998
1766073230.65818,127.853,1.0,192.11132899999998
1766073231.2337081,127.849,1.0,192.11132899999998
1766073231.8102531,127.849,1.0,192.11132899999998
1766073232.386358,127.849,1.0,192.11132899999998
1766073233.0362523,127.849,1.0,192.11132899999998
1766073233.6154509,127.849,1.0,192.11132899999998
1766073234.1910093,127.883,1.0,192.11132899999998
1766073234.7663138,127.883,1.0,192.11132899999998
1766073237.418212,127.847,1.0,192.11132899999998
1766073238.1273887,127.827,1.0,192.11132899999998
1766073238.7052796,127.827,1.0,192.11132899999998
1766073239.2907867,127.831,1.0,192.11132899999998
1766073239.8661578,127.831,1.0,192.11132899999998
1766073240.4474125,127.841,1.0,192.11132899999998
1766073241.0243728,127.843,1.0,192.11132899999998
1766073241.6000857,127.837,1.0,192.11132899999998
1766073242.1745236,127.816,1.0,192.11132899999998
1766073242.8855016,127.816,1.0,192.11132899999998
1766073245.7557013,127.83,1.0,192.077329
1766073246.329824,127.83,1.0,192.077329
1766073246.9041662,127.815,1.0,192.077329
1766073247.4858873,127.815,1.0,192.077329
1766073248.0620296,127.813,1.0,192.077329
1766073248.6409743,127.82,1.0,192.077329
1766073249.2153828,127.814,1.0,192.077329
1766073249.9261756,127.797,1.0,192.077329
1766073250.501044,127.797,1.0,192.077329
1766073251.084192,127.774,1.0,192.077329
1766073251.659795,127.773,1.0,192.077329
1766073252.2345102,127.773,1.0,192.077329
1766073252.810646,127.773,1.0,192.077329
1766073255.5380957,127.766,1.0,192.077329
1766073256.1232555,127.769,1.0,192.077329
1766073256.6988912,127.766,1.0,192.077329
1766073257.2767606,127.766,1.0,192.077329
1766073257.8537292,127.766,1.0,192.077329
1766073258.430444,127.768,1.0,192.077329
1766073259.0075507,127.703,1.0,192.077329
1766073259.5882037,127.695,1.0,192.077329
1766073260.163924,127.657,1.0,192.077329
1766073267.253252,127.639,0.0,191.843429
1766073267.9122536,127.635,0.0,191.843429
1766073268.4902074,127.635,0.0,191.843429
1766073269.06559,127.617,0.0,191.843429
1766073269.641072,127.617,0.0,191.843429
1766073270.2161644,127.587,0.0,191.843429
1766073270.7933452,127.543,0.0,191.843429
1766073271.3713114,127.573,0.0,191.843429
1766073271.9448087,127.568,0.0,191.843429
1766073272.518435,127.568,0.0,191.843429
1766073273.226631,127.519,0.0,191.843429
1766073273.9373744,127.503,0.0,191.843429
1766073274.5205915,127.503,0.0,191.843429
1766073275.0962949,127.503,0.0,191.843429
1766073275.672133,127.503,0.0,191.843429
1766073276.2469778,127.502,0.0,191.843429
1766073276.823679,127.503,0.0,191.843429
1766073277.5353894,127.469,0.0,191.843429
1766073278.3272696,127.528,0.0,191.843429
1766073278.9056532,127.556,0.0,191.843429
1766073279.4812174,127.595,0.0,191.843429
1766073280.0592854,127.613,0.0,191.843429
1766073280.6391664,127.609,0.0,191.843429
1766073281.2137156,127.612,0.0,191.843429
1766073281.7875185,127.607,0.0,191.843429
1766073282.3618758,127.604,0.0,191.843429
1766073282.9388874,127.599,0.0,191.843429
1766073283.6517732,127.578,0.0,191.843429
1766073284.2565064,127.592,0.0,191.843429
1766073284.8316052,127.592,0.0,191.843429
1766073285.4063363,127.597,0.0,191.843429
1766073285.9822004,127.597,0.0,191.843429
1766073286.5610044,127.629,0.0,191.843429
1766073289.2164364,127.658,0.0,191.843429
1766073289.8751113,127.682,0.0,191.843429
1766073290.4605145,127.667,0.0,191.843429
1766073291.0355873,127.667,0.0,191.843429
1766073291.6102264,127.668,0.0,191.843429
1766073292.1841676,127.668,0.0,191.843429
1766073292.7625089,127.667,0.0,191.843429
1766073293.3710544,127.67,0.0,191.843429
1766073296.0309782,127.678,0.0,191.843429
1766073296.6048357,127.7,0.0,191.843429
1766073297.1814868,127.7,0.0,191.843429
1766073297.7568398,127.7,0.0,191.843429
1766073298.3296103,127.7,0.0,191.843429
1766073298.9054463,127.682,0.0,191.843429
1766073299.481588,127.693,0.0,191.843429
1766073300.2771397,127.691,0.0,191.843429
1766073304.7197344,127.696,1.0,191.860469
1766073305.2959118,127.7,1.0,191.860469
1766073305.8705738,127.7,1.0,191.860469
1766073306.4471536,127.7,1.0,191.860469
1766073307.0205872,127.7,1.0,191.860469
1766073307.5966692,127.7,1.0,191.860469
1766073308.1725688,127.7,1.0,191.860469
1766073308.7474887,127.7,1.0,191.860469
1766073309.3232756,127.747,1.0,191.860469
1766073309.9006367,127.799,1.0,191.860469
1766073310.5643284,127.799,1.0,191.930469
1766073311.1398926,127.793,1.0,191.930469
1766073311.7160223,127.795,1.0,191.930469
1766073312.2915425,127.802,1.0,191.930469
1766073312.8682506,127.802,1.0,191.930469
1766073313.5832636,127.822,1.0,191.930469
1766073316.3759892,127.782,1.0,191.930469
1766073316.9521236,127.782,1.0,191.930469
1766073317.5290549,127.782,1.0,191.930469
1766073318.242482,127.782,1.0,191.930469
1766073318.8221328,127.748,1.0,191.930469
1766073319.3994298,127.707,1.0,191.930469
1766073319.9752007,127.707,1.0,191.930469
1766073320.772713,127.709,1.0,191.91046899999998
1766073321.3512871,127.724,1.0,191.91046899999998
1766073321.935678,127.724,1.0,191.91046899999998
1766073324.5895352,127.727,1.0,191.91046899999998
1766073325.165521,127.732,1.0,191.91046899999998
1766073325.7411244,127.728,1.0,191.91046899999998
1766073326.4550822,127.733,1.0,191.91046899999998
1766073327.0300033,127.736,1.0,191.91046899999998
1766073327.6062949,127.736,1.0,191.91046899999998
1766073328.1815944,127.736,1.0,191.91046899999998
1766073328.7576883,127.736,1.0,191.91046899999998
1766073329.4670074,127.749,1.0,191.91046899999998
1766073330.043362,127.749,1.0,191.91046899999998
1766073331.0373096,127.737,1.0,191.91646899999998
1766073331.7472427,127.734,1.0,191.91646899999998
1766073332.4559941,127.734,1.0,191.91646899999998
1766073335.1073751,127.69,1.0,191.91646899999998
1766073335.685479,127.69,1.0,191.91646899999998
1766073336.2616498,127.691,1.0,191.91646899999998
1766073336.838753,127.691,1.0,191.91646899999998
1766073337.4151285,127.675,1.0,191.91646899999998
1766073337.9910085,127.674,1.0,191.91646899999998
1766073338.5672631,127.674,1.0,191.91646899999998
1766073339.1432683,127.674,1.0,191.91646899999998
1766073339.7189832,127.681,1.0,191.91646899999998
1766073340.429109,127.681,1.0,191.91646899999998
1766073341.0765955,127.678,1.0,191.91646899999998
1766073341.6535637,127.679,1.0,191.91646899999998
1766073342.229044,127.679,1.0,191.91646899999998
1766073342.8053098,127.675,1.0,191.91646899999998
1766073345.4573567,127.666,1.0,191.91646899999998
1766073346.0328588,127.666,1.0,191.91646899999998
1766073346.6064312,127.666,1.0,191.91646899999998
1766073347.1821938,127.653,1.0,191.91646899999998
1766073347.7602806,127.653,1.0,191.91646899999998
1766073348.334804,127.653,1.0,191.91646899999998
1766073348.909887,127.69,1.0,191.91646899999998
1766073349.485934,127.692,1.0,191.91646899999998
1766073350.0596185,127.692,1.0,191.91646899999998
1766073350.634843,127.692,1.0,191.91646899999998
1766073351.285395,127.706,1.0,191.91646899999998
1766073351.8608863,127.698,1.0,191.91646899999998
1766073354.5135422,127.662,1.0,191.91646899999998
1766073355.089245,127.662,1.0,191.91646899999998
1766073355.6677983,127.644,1.0,191.91646899999998
1766073356.2441845,127.625,1.0,191.91646899999998
1766073356.952995,127.628,1.0,191.91646899999998
1766073357.529474,127.627,1.0,191.91646899999998
1766073358.1057491,127.627,1.0,191.91646899999998
1766073358.688248,127.622,1.0,191.91646899999998
1766073359.3063226,127.605,1.0,191.91646899999998
1766073359.88514,127.591,1.0,191.91646899999998
1766073360.460607,127.591,1.0,191.91646899999998
1766073361.0401723,127.591,1.0,191.91646899999998
1766073361.6943316,127.59,1.0,191.91646899999998
1766073362.406706,127.511,1.0,191.91646899999998
1766073369.0619943,127.433,0.0,191.685469
1766073369.6345172,127.436,0.0,191.685469
1766073370.20937,127.436,0.0,191.685469
1766073370.78266,127.436,0.0,191.685469
1766073371.3589816,127.474,0.0,191.685469
1766073372.016086,127.469,0.0,191.685469
1766073372.5912251,127.463,0.0,191.685469
1766073373.169295,127.463,0.0,191.685469
1766073373.8820362,127.463,0.0,191.685469
1766073374.4562433,127.504,0.0,191.685469
1766073375.031931,127.504,0.0,191.685469
1766073375.6080306,127.511,0.0,191.685469
1766073376.1828759,127.497,0.0,191.685469
1766073376.762026,127.493,0.0,191.685469
1766073377.3390734,127.493,0.0,191.685469
1766073377.9144788,127.541,0.0,191.685469
1766073378.490074,127.545,0.0,191.685469
1766073379.0653174,127.587,0.0,191.685469
1766073379.6484544,127.586,0.0,191.685469
1766073380.2212923,127.586,0.0,191.685469
1766073380.7980242,127.577,0.0,191.685469
1766073381.37432,127.579,0.0,191.685469
1766073382.164567,127.576,0.0,191.685469
1766073382.7405984,127.576,0.0,191.685469
1766073383.4499595,127.576,0.0,191.685469
1766073386.103316,127.658,0.0,191.685469
1766073386.6808994,127.648,0.0,191.685469
1766073387.2550905,127.641,0.0,191.685469
1766073387.8324184,127.648,0.0,191.685469
1766073388.4091916,127.667,0.0,191.685469
1766073388.9830768,127.666,0.0,191.685469
1766073391.4088402,127.683,0.0,191.685469
1766073392.0651662,127.681,0.0,191.685469
1766073392.6398726,127.683,0.0,191.685469
1766073393.2154577,127.694,0.0,191.685469
1766073393.789543,127.694,0.0,191.685469
1766073394.498341,127.724,0.0,191.685469
1766073395.0726671,127.724,0.0,191.685469
1766073395.6484194,127.724,0.0,191.685469
1766073396.2255316,127.731,0.0,191.685469
1766073396.7997568,127.731,0.0,191.685469
1766073397.3737125,127.708,0.0,191.685469
1766073398.0841193,127.708,0.0,191.685469
1766073398.6586106,127.712,0.0,191.685469
1766073399.234278,127.719,0.0,191.685469
1766073399.8085992,127.714,0.0,191.685469
1766073402.7275708,127.691,0.0,191.685469
1766073403.386938,127.702,0.0,191.685469
1766073403.960314,127.702,0.0,191.685469
1766073404.536379,127.701,0.0,191.685469
1766073405.111584,127.679,0.0,191.685469
1766073405.6893213,127.679,0.0,191.685469
1766073406.2633164,127.679,0.0,191.685469
1766073406.8374581,127.679,0.0,191.685469
1766073407.4151092,127.691,0.0,191.685469
1766073410.0630744,127.695,0.0,191.685469
1766073410.6401997,127.695,0.0,191.685469
1766073411.2161062,127.704,0.0,191.685469
1766073411.7898374,127.712,0.0,191.685469
1766073412.363976,127.712,0.0,191.685469
1766073413.0762703,127.666,0.0,191.685469
1766073413.7356527,127.643,0.0,191.685469
1766073414.3110933,127.63,0.0,191.685469
1766073414.8869374,127.63,0.0,191.685469
1766073415.5949464,127.629,0.0,191.685469
1766073418.2483773,127.607,0.0,191.685469
1766073418.8251057,127.606,0.0,191.685469
1766073419.4055655,127.61,0.0,191.685469
1766073419.9844582,127.61,0.0,191.685469
1766073420.5601416,127.61,0.0,191.685469
1766073425.0169382,127.568,1.0,191.631469
1766073425.6863332,127.565,1.0,191.623469
1766073426.2616065,127.549,1.0,191.623469
1766073426.8360283,127.521,1.0,191.623469
1766073427.5469317,127.55,1.0,191.623469
1766073428.1285455,127.55,1.0,191.623469
1766073428.703855,127.55,1.0,191.623469
1766073429.28239,127.56,1.0,191.623469
1766073429.9958494,127.541,1.0,191.623469
1766073430.5727386,127.541,1.0,191.623469
1766073431.147902,127.554,1.0,191.623469
1766073431.7420964,127.559,1.0,191.623469
1766073432.3175454,127.559,1.0,191.623469
1766073432.8928351,127.559,1.0,191.623469
1766073433.469027,127.561,1.0,191.623469
1766073434.0442896,127.561,1.0,191.623469
1766073434.617051,127.561,1.0,191.623469
1766073435.1922271,127.562,1.0,191.623469
1766073435.985198,127.562,1.0,191.61046900000002
1766073438.6387622,127.509,1.0,191.61046900000002
1766073439.2126617,127.509,1.0,191.61046900000002
1766073439.925025,127.516,1.0,191.61046900000002
1766073440.6324496,127.512,1.0,191.61046900000002
1766073441.2076066,127.513,1.0,191.61046900000002
1766073441.7842288,127.521,1.0,191.61046900000002
1766073442.3603957,127.523,1.0,191.61046900000002
1766073442.9361708,127.523,1.0,191.61046900000002
1766073443.5123856,127.523,1.0,191.61046900000002
1766073444.0881689,127.523,1.0,191.61046900000002
1766073444.6625068,127.523,1.0,191.61046900000002
1766073445.2380574,127.499,1.0,191.61046900000002
1766073452.087574,127.471,0.0,191.524469
1766073452.6618528,127.448,0.0,191.524469
1766073453.2373958,127.448,0.0,191.524469
1766073453.813161,127.448,0.0,191.524469
1766073454.3889434,127.442,0.0,191.524469
1766073454.9652767,127.442,0.0,191.524469
1766073455.5399046,127.442,0.0,191.524469
1766073456.1967342,127.434,0.0,191.524469
1766073456.773478,127.42,0.0,191.524469
1766073457.4823143,127.413,0.0,191.524469
1766073458.0559404,127.392,0.0,191.524469
1766073458.6289804,127.406,0.0,191.524469
1766073459.2035148,127.406,0.0,191.524469
1766073459.8367052,127.405,0.0,191.524469
1766073460.4113925,127.392,0.0,191.524469
1766073460.987703,127.391,0.0,191.524469
1766073461.564777,127.387,0.0,191.524469
1766073462.140674,127.387,0.0,191.524469
1766073462.7168694,127.387,0.0,191.524469
1766073463.2940283,127.378,0.0,191.524469
1766073463.87131,127.361,0.0,191.524469
1766073464.4480906,127.342,0.0,191.524469
1766073465.0236306,127.343,0.0,191.524469
1766073465.5996847,127.343,0.0,191.524469
1766073466.2583728,127.343,0.0,191.524469
1766073466.9665112,127.393,0.0,191.524469
1766073467.5440044,127.393,0.0,191.524469
1766073468.121968,127.391,0.0,191.524469
1766073470.7762043,127.359,0.0,191.524469
1766073471.3534334,127.337,0.0,191.524469
1766073471.929385,127.337,0.0,191.524469
1766073472.5051532,127.334,0.0,191.524469
1766073473.0882425,127.332,0.0,191.524469
1766073473.7994454,127.332,0.0,191.524469
1766073474.3764596,127.332,0.0,191.524469
1766073475.0859272,127.337,0.0,191.524469
1766073475.661542,127.337,0.0,191.524469
1766073478.3980405,127.345,0.0,191.524469
1766073478.9742477,127.308,0.0,191.524469
1766073479.5508697,127.308,0.0,191.524469
1766073480.1257896,127.308,0.0,191.524469
1766073480.7016623,127.308,0.0,191.524469
1766073481.2855396,127.308,0.0,191.524469
1766073481.8622708,127.376,0.0,191.524469
1766073482.439804,127.376,0.0,191.524469
1766073483.0158002,127.366,0.0,191.524469
1766073483.5897274,127.368,0.0,191.524469
1766073484.3012948,127.363,0.0,191.524469
1766073484.876542,127.368,0.0,191.524469
1766073485.4517822,127.368,0.0,191.524469
1766073488.1039104,127.368,0.0,191.524469
1766073488.7615573,127.368,0.0,191.524469
1766073489.3383226,127.359,0.0,191.524469
1766073489.9128034,127.358,0.0,191.524469
1766073490.621405,127.369,0.0,191.524469
1766073491.3350317,127.368,0.0,191.524469
1766073491.9099252,127.368,0.0,191.524469
1766073492.4907625,127.368,0.0,191.524469
1766073493.0741785,127.368,0.0,191.524469
1766073493.6489913,127.368,0.0,191.524469
1766073496.3086724,127.301,0.0,191.524469
1766073496.8830957,127.3,0.0,191.524469
1766073497.5909772,127.3,0.0,191.524469
1766073498.1798434,127.294,0.0,191.524469
1766073498.8420544,127.3,0.0,191.524469
1766073499.552586,127.296,0.0,191.524469
1766073500.1278312,127.296,0.0,191.524469
1766073500.7030041,127.296,0.0,191.524469
1766073501.2777882,127.296,0.0,191.524469
1766073501.9905708,127.219,0.0,191.524469
1766073502.7003863,127.287,0.0,191.524469
1766073505.362296,127.209,0.0,191.524469
1766073505.936802,127.231,0.0,191.524469
1766073506.513036,127.231,0.0,191.524469
1766073507.090195,127.252,0.0,191.524469
1766073507.6666696,127.252,0.0,191.524469
1766073508.2497149,127.265,0.0,191.524469
1766073508.9074333,127.267,0.0,191.524469
1766073509.4814122,127.267,0.0,191.524469
1766073512.1318183,127.252,0.0,191.524469
1766073512.7079022,127.252,0.0,191.524469
1766073513.418138,127.283,0.0,191.524469
1766073514.1317759,127.282,0.0,191.524469
1766073514.7075953,127.254,0.0,191.524469
1766073515.2828803,127.254,0.0,191.524469
1766073515.860617,127.271,0.0,191.524469
1766073516.4364235,127.277,0.0,191.524469
1766073517.0108106,127.302,0.0,191.524469
1766073517.7202485,127.3,0.0,191.524469
1766073518.4290824,127.3,0.0,191.524469
1766073519.0880344,127.3,0.0,191.524469
1766073521.8759754,127.302,0.0,191.524469
1766073522.4528437,127.31,0.0,191.524469
1766073523.0289724,127.31,0.0,191.524469
1766073523.6040645,127.31,0.0,191.524469
1766073524.1782146,127.333,0.0,191.524469
1766073524.7517724,127.333,0.0,191.524469
1766073525.3268228,127.338,0.0,191.524469
1766073525.9023294,127.337,0.0,191.524469
1766073526.4773118,127.38,0.0,191.524469
1766073527.0546467,127.362,0.0,191.524469
1766073527.6293404,127.362,0.0,191.524469
1766073528.2027223,127.362,0.0,191.524469
1766073530.8555973,127.401,0.0,191.524469
1766073531.5168507,127.353,0.0,191.524469
1766073532.0917537,127.341,0.0,191.524469
1766073532.6676257,127.345,0.0,191.524469
1766073533.2450094,127.359,0.0,191.524469
1766073533.820999,127.359,0.0,191.524469
1766073534.3968432,127.352,0.0,191.524469
1766073534.9741256,127.352,0.0,191.524469
1766073537.6412604,127.345,0.0,191.524469
1766073538.2169883,127.32,0.0,191.524469
1766073538.7951388,127.332,0.0,191.524469
1766073539.3700745,127.337,0.0,191.524469
1766073539.9451344,127.337,0.0,191.524469
1766073540.6545687,127.337,0.0,191.524469
1766073541.3684587,127.327,0.0,191.524469
1766073542.0334814,127.327,0.0,191.524469
1766073542.608592,127.327,0.0,191.524469
1766073543.1833265,127.326,0.0,191.524469
1766073545.834924,127.326,0.0,191.524469
1766073546.410357,127.326,0.0,191.524469
1766073546.984433,127.326,0.0,191.524469
1766073547.5609145,127.333,0.0,191.524469
1766073548.137384,127.333,0.0,191.524469
1766073548.7135746,127.343,0.0,191.524469
1766073549.2898068,127.347,0.0,191.524469
1766073549.86455,127.347,0.0,191.524469
1766073550.4404721,127.333,0.0,191.524469
1766073551.0139291,127.333,0.0,191.524469
1766073551.588522,127.332,0.0,191.524469
1766073552.2380984,127.332,0.0,191.524469
1766073554.8909671,127.326,0.0,191.524469
1766073555.4665475,127.326,0.0,191.524469
1766073556.0426297,127.308,0.0,191.524469
1766073556.6174445,127.308,0.0,191.524469
1766073557.19215,127.308,0.0,191.524469
1766073557.7685685,127.276,0.0,191.524469
1766073558.343682,127.277,0.0,191.524469
1766073558.9184265,127.278,0.0,191.524469
1766073559.6280718,127.278,0.0,191.524469
1766073560.203679,127.277,0.0,191.524469
1766073560.7782824,127.277,0.0,191.524469
1766073561.35353,127.263,0.0,191.524469
1766073561.9290686,127.263,0.0,191.524469
1766073564.6533651,127.264,0.0,191.524469
1766073565.2292821,127.236,0.0,191.524469
1766073565.8043733,127.236,0.0,191.524469
1766073566.3788805,127.236,0.0,191.524469
1766073566.9545486,127.237,0.0,191.524469
1766073567.5299122,127.237,0.0,191.524469
1766073568.1045535,127.236,0.0,191.524469
1766073568.8143091,127.236,0.0,191.524469
1766073569.3895798,127.225,0.0,191.524469
1766073569.9644864,127.225,0.0,191.524469
1766073570.5384514,127.225,0.0,191.524469
1766073571.2481995,127.225,0.0,191.524469
1766073571.8220744,127.225,0.0,191.524469
1766073572.3983824,127.2,0.0,191.524469
1766073575.1227548,127.22,0.0,191.524469
1766073575.6974065,127.22,0.0,191.524469
1766073576.2711456,127.22,0.0,191.524469
1766073576.8441434,127.206,0.0,191.524469
1766073577.5562465,127.206,0.0,191.524469
1766073578.130418,127.216,0.0,191.524469
1766073578.842053,127.215,0.0,191.524469
1766073579.55141,127.214,0.0,191.524469
1766073580.1268039,127.244,0.0,191.524469
1766073580.701207,127.232,0.0,191.524469
1766073581.2798784,127.232,0.0,191.524469
1766073581.853107,127.267,0.0,191.524469
1766073582.428262,127.267,0.0,191.524469
1766073583.2121491,127.283,0.0,191.524469
1766073583.7905004,127.283,0.0,191.524469
1766073584.501723,127.275,0.0,191.524469
1766073587.1517286,127.258,0.0,191.524469
1766073587.8621016,127.277,0.0,191.524469
1766073588.576886,127.277,0.0,191.524469
1766073589.1512947,127.283,0.0,191.524469
1766073589.7271783,127.291,0.0,191.524469
1766073590.3034055,127.291,0.0,191.524469
1766073590.8801095,127.291,0.0,191.524469
1766073591.4557147,127.307,0.0,191.524469
1766073592.030202,127.296,0.0,191.524469
1766073592.6053057,127.297,0.0,191.524469
1766073593.3996131,127.297,0.0,191.524469
1766073596.0547597,127.298,0.0,191.524469
1766073596.6379676,127.311,0.0,191.524469
1766073597.2124424,127.312,0.0,191.524469
1766073597.7893057,127.312,0.0,191.524469
1766073598.4995704,127.312,0.0,191.524469
1766073599.0767848,127.342,0.0,191.524469
1766073599.6502938,127.342,0.0,191.524469
