timestamp,datetime_utc,datetime_bj,action,price,size,position_before,position_after,equity,pnl,reason,ema_fast,ema_slow,gap_bps,signal
1765623000.4556868,2025-12-13 10:50:00,2025-12-13 18:50:00,BarData,134.095,0,0.0,0.0,194.737102,0.0,❌ 震荡 (Gap 0.0 < 10),134.095,134.095,0.0,0
1765623300.1749542,2025-12-13 10:55:00,2025-12-13 18:55:00,BarData,133.883,0,0.0,0.0,194.737102,0.0,❌ 震荡 (Gap 1.9 < 10),134.062,134.088,1.9,0
1765623601.3990104,2025-12-13 11:00:01,2025-12-13 19:00:01,BarData,133.948,0,0.0,0.0,194.737102,0.0,❌ 震荡 (Gap 2.9 < 10),134.045,134.083,2.9,0
1765623900.5578165,2025-12-13 11:05:00,2025-12-13 19:05:00,BarData,133.962,0,0.0,0.0,194.737102,0.0,❌ 震荡 (Gap 3.5 < 10),134.032,134.079,3.5,0
1765624200.6125052,2025-12-13 11:10:00,2025-12-13 19:10:00,BarData,133.83,0,0.0,0.0,194.737102,0.0,❌ 震荡 (Gap 5.3 < 10),134.001,134.071,5.3,0
1765624500.2731493,2025-12-13 11:15:00,2025-12-13 19:15:00,BarData,133.941,0,0.0,0.0,194.737102,0.0,❌ 震荡 (Gap 5.6 < 10),133.992,134.067,5.6,0
1765624801.4716208,2025-12-13 11:20:01,2025-12-13 19:20:01,BarData,133.91,0,0.0,0.0,194.737102,0.0,❌ 震荡 (Gap 6.2 < 10),133.979,134.062,6.2,0
1765625100.5337946,2025-12-13 11:25:00,2025-12-13 19:25:00,BarData,133.68,0,0.0,0.0,194.737102,0.0,❌ 震荡 (Gap 8.7 < 10),133.933,134.049,8.7,0
1765625400.5225992,2025-12-13 11:30:00,2025-12-13 19:30:00,BarData,133.694,0,0.0,0.0,194.737102,0.0,✅ 触发交易,133.896,134.038,10.6,-1
1765625404.602145,2025-12-13 11:30:04,2025-12-13 19:30:04,Strategy_Open,133.694,1.0,0,-1.0,194.729245,0.0,Strategy_Signal,133.896,134.038,10.6,-1
1765625700.6572618,2025-12-13 11:35:00,2025-12-13 19:35:00,BarData,133.597,0,-1.0,-1.0,194.830245,0.0,✅ 触发交易,133.850,134.023,12.9,-1
1765626000.222723,2025-12-13 11:40:00,2025-12-13 19:40:00,BarData,133.672,0,-1.0,-1.0,194.737245,0.0,❌ 快线向上,133.823,134.012,14.1,0
1765626000.9064727,2025-12-13 11:40:00,2025-12-13 19:40:00,PnlRecord,133.672,0,0,0,194.737245,0.13463983843219898,空,133.823,134.012,14.1,0
1765626002.0901258,2025-12-13 11:40:02,2025-12-13 19:40:02,CloseSignal,133.672,1.0,-1.0,0,194.737245,0.0,Strategy_TrendEnd,133.823,134.012,14.1,0
1765626300.4961972,2025-12-13 11:45:00,2025-12-13 19:45:00,BarData,133.375,0,0.0,0.0,194.733245,0.0,❌ 快线向上,133.754,133.991,17.8,0
1765626601.492615,2025-12-13 11:50:01,2025-12-13 19:50:01,BarData,133.343,0,0.0,0.0,194.733245,0.0,✅ 触发交易,133.691,133.970,20.9,-1
1765626605.5583527,2025-12-13 11:50:05,2025-12-13 19:50:05,Strategy_Open,133.343,1.0,0,-1.0,194.719245,0.0,Strategy_Signal,133.691,133.970,20.9,-1
1765626900.2737978,2025-12-13 11:55:00,2025-12-13 19:55:00,BarData,133.419,0,-1.0,-1.0,194.666245,0.0,✅ 触发交易,133.649,133.952,22.7,-1
1765627200.6284397,2025-12-13 12:00:00,2025-12-13 20:00:00,BarData,133.221,0,-1.0,-1.0,194.844245,0.0,❌ 快线向上,133.583,133.928,25.9,0
1765627201.3336518,2025-12-13 12:00:01,2025-12-13 20:00:01,PnlRecord,133.221,0,0,0,194.844245,0.9374109459601339,空,133.583,133.928,25.9,0
1765627201.8474452,2025-12-13 12:00:01,2025-12-13 20:00:01,CloseSignal,133.221,1.0,-1.0,0,194.844245,0.0,Strategy_TrendEnd,133.583,133.928,25.9,0
1765627500.7572446,2025-12-13 12:05:00,2025-12-13 20:05:00,BarData,133.355,0,0.0,0.0,194.845578,0.0,❌ 快线向上,133.548,133.909,27.1,0
1765627800.6252532,2025-12-13 12:10:00,2025-12-13 20:10:00,BarData,133.504,0,0.0,0.0,194.845578,0.0,✅ 触发交易,133.541,133.896,26.5,-1
1765627804.6996403,2025-12-13 12:10:04,2025-12-13 20:10:04,Strategy_Open,133.504,1.0,0,-1.0,194.846578,0.0,Strategy_Signal,133.541,133.896,26.5,-1
1765628100.8130531,2025-12-13 12:15:00,2025-12-13 20:15:00,BarData,133.549,0,-1.0,-1.0,194.809578,0.0,✅ 触发交易,133.542,133.884,25.6,-1
1765628400.1522117,2025-12-13 12:20:00,2025-12-13 20:20:00,BarData,133.514,0,-1.0,-1.0,194.86657799999998,0.0,❌ 快线向上,133.538,133.872,25.0,0
1765628400.8778844,2025-12-13 12:20:00,2025-12-13 20:20:00,PnlRecord,133.514,0,0,0,194.86657799999998,-0.07490412272305945,空,133.538,133.872,25.0,0
1765628401.411535,2025-12-13 12:20:01,2025-12-13 20:20:01,CloseSignal,133.514,1.0,-1.0,0,194.86657799999998,0.0,Strategy_TrendEnd,133.538,133.872,25.0,0
1765628700.093107,2025-12-13 12:25:00,2025-12-13 20:25:00,BarData,133.27,0,0.0,0.0,194.843578,0.0,❌ 快线向上,133.497,133.852,26.7,0
1765629000.2147768,2025-12-13 12:30:00,2025-12-13 20:30:00,BarData,132.865,0,0.0,0.0,194.843578,0.0,✅ 触发交易,133.400,133.820,31.6,-1
1765629004.2695153,2025-12-13 12:30:04,2025-12-13 20:30:04,Strategy_Open,132.865,1.0,0,-1.0,194.805578,0.0,Strategy_Signal,133.400,133.820,31.6,-1
1765629306.415009,2025-12-13 12:35:06,2025-12-13 20:35:06,SL,133.009,1.0,-1.0,0.0,194.697578,0.0,🛡️ 止损 (-1.11%),133.400,133.820,31.6,-1
1765629306.4153056,2025-12-13 12:35:06,2025-12-13 20:35:06,PnlRecord,133.009,0,0,0,194.700578,-1.1139461542514069,空,133.400,133.820,31.6,-1
1765629308.7863271,2025-12-13 12:35:08,2025-12-13 20:35:08,BarData,133.009,0,0.0,0.0,194.697578,0.0,✅ 触发交易,133.340,133.793,34.1,-1
1765629312.3042274,2025-12-13 12:35:12,2025-12-13 20:35:12,Strategy_Open,133.009,1.0,0,-1.0,194.690578,0.0,Strategy_Signal,133.340,133.793,34.1,-1
1765629600.3604524,2025-12-13 12:40:00,2025-12-13 20:40:00,BarData,133.036,0,-1.0,-1.0,194.688578,0.0,✅ 触发交易,133.293,133.769,35.8,-1
1765629900.3530679,2025-12-13 12:45:00,2025-12-13 20:45:00,BarData,132.642,0,-1.0,-1.0,195.11857799999999,0.0,❌ 快线向上,133.193,133.732,40.6,0
1765629901.066225,2025-12-13 12:45:01,2025-12-13 20:45:01,PnlRecord,132.642,0,0,0,195.11857799999999,2.9091401123063427,空,133.193,133.732,40.6,0
1765629901.7019746,2025-12-13 12:45:01,2025-12-13 20:45:01,CloseSignal,132.642,1.0,-1.0,0,195.11857799999999,0.0,Strategy_TrendEnd,133.193,133.732,40.6,0
1765630200.3149247,2025-12-13 12:50:00,2025-12-13 20:50:00,BarData,132.777,0,0.0,0.0,195.097578,0.0,❌ 快线向上,133.129,133.700,43.0,0
1765630500.5042562,2025-12-13 12:55:00,2025-12-13 20:55:00,BarData,132.845,0,0.0,0.0,195.097578,0.0,✅ 触发交易,133.085,133.672,44.2,-1
1765630504.5747144,2025-12-13 12:55:04,2025-12-13 20:55:04,Strategy_Open,132.845,1.0,0,-1.0,195.099578,0.0,Strategy_Signal,133.085,133.672,44.2,-1
1765630800.2758546,2025-12-13 13:00:00,2025-12-13 21:00:00,BarData,132.912,0,-1.0,-1.0,195.035578,0.0,✅ 触发交易,133.058,133.647,44.3,-1
1765631104.6367197,2025-12-13 13:05:04,2025-12-13 21:05:04,SL,133.076,1.0,-1.0,0.0,194.851977,0.0,🛡️ 止损 (-1.74%),133.058,133.647,44.3,-1
1765631104.637025,2025-12-13 13:05:04,2025-12-13 21:05:04,PnlRecord,133.076,0,0,0,194.859976,-1.7388686062704246,空,133.058,133.647,44.3,-1
1765631107.1851087,2025-12-13 13:05:07,2025-12-13 21:05:07,BarData,133.076,0,0.0,0.0,194.851977,0.0,❌ 价格 > 快线,133.061,133.629,42.6,0
1765631400.1636844,2025-12-13 13:10:00,2025-12-13 21:10:00,BarData,133.024,0,0.0,0.0,194.851977,0.0,✅ 触发交易,133.055,133.609,41.6,-1
1765631404.20623,2025-12-13 13:10:04,2025-12-13 21:10:04,Strategy_Open,133.024,1.0,0,-1.0,194.858977,0.0,Strategy_Signal,133.055,133.609,41.6,-1
1765631700.3169851,2025-12-13 13:15:00,2025-12-13 21:15:00,BarData,132.906,0,-1.0,-1.0,194.980977,0.0,✅ 触发交易,133.032,133.586,41.6,-1
1765632000.1122558,2025-12-13 13:20:00,2025-12-13 21:20:00,BarData,133.128,0,-1.0,-1.0,194.78297700000002,0.0,❌ 价格 > 快线,133.047,133.571,39.3,0
1765632000.8247752,2025-12-13 13:20:00,2025-12-13 21:20:00,PnlRecord,133.128,0,0,0,194.78297700000002,-0.7141085294626062,空,133.047,133.571,39.3,0
1765632001.3036268,2025-12-13 13:20:01,2025-12-13 21:20:01,CloseSignal,133.128,1.0,-1.0,0,194.78297700000002,0.0,Strategy_TrendEnd,133.047,133.571,39.3,0
1765632302.3650262,2025-12-13 13:25:02,2025-12-13 21:25:02,BarData,133.058,0,0.0,0.0,194.739977,0.0,❌ 价格 > 快线,133.049,133.554,38.0,0
1765632600.863807,2025-12-13 13:30:00,2025-12-13 21:30:00,BarData,132.638,0,0.0,0.0,194.739977,0.0,✅ 触发交易,132.986,133.524,40.6,-1
1765632604.9491072,2025-12-13 13:30:04,2025-12-13 21:30:04,Strategy_Open,132.638,1.0,0,-1.0,194.733977,0.0,Strategy_Signal,132.986,133.524,40.6,-1
1765632904.4946089,2025-12-13 13:35:04,2025-12-13 21:35:04,SL,133.002,1.0,-1.0,0.0,194.314705,0.0,🛡️ 止损 (-2.88%),132.986,133.524,40.6,-1
1765632904.4951472,2025-12-13 13:35:04,2025-12-13 21:35:04,PnlRecord,133.002,0,0,0,194.357977,-2.880410194540831,空,132.986,133.524,40.6,-1
1765632906.8147197,2025-12-13 13:35:06,2025-12-13 21:35:06,BarData,133.002,0,0.0,0.0,194.314705,0.0,✅ 触发交易,132.988,133.507,39.0,-1
1765632910.3616743,2025-12-13 13:35:10,2025-12-13 21:35:10,Strategy_Open,133.002,1.0,0,-1.0,194.303705,0.0,Strategy_Signal,132.988,133.507,39.0,-1
1765633200.5544662,2025-12-13 13:40:00,2025-12-13 21:40:00,BarData,132.959,0,-1.0,-1.0,194.391705,0.0,✅ 触发交易,132.984,133.489,38.0,-1
1765633501.7257838,2025-12-13 13:45:01,2025-12-13 21:45:01,BarData,132.929,0,-1.0,-1.0,194.426705,0.0,❌ 快线向上,132.975,133.470,37.3,0
1765633502.433067,2025-12-13 13:45:02,2025-12-13 21:45:02,PnlRecord,132.929,0,0,0,194.426705,0.9244505907464032,空,132.975,133.470,37.3,0
1765633502.9897602,2025-12-13 13:45:02,2025-12-13 21:45:02,CloseSignal,132.929,1.0,-1.0,0,194.426705,0.0,Strategy_TrendEnd,132.975,133.470,37.3,0
1765633800.1120996,2025-12-13 13:50:00,2025-12-13 21:50:00,BarData,132.882,0,0.0,0.0,194.431705,0.0,❌ 快线向上,132.961,133.451,36.9,0
1765634101.0477023,2025-12-13 13:55:01,2025-12-13 21:55:01,BarData,132.967,0,0.0,0.0,194.431705,0.0,✅ 触发交易,132.962,133.435,35.6,-1
1765634105.1031651,2025-12-13 13:55:05,2025-12-13 21:55:05,Strategy_Open,132.967,1.0,0,-1.0,194.43570499999998,0.0,Strategy_Signal,132.962,133.435,35.6,-1
1765634400.3681636,2025-12-13 14:00:00,2025-12-13 22:00:00,BarData,133.092,0,-1.0,-1.0,194.342705,0.0,✅ 触发交易,132.982,133.424,33.2,-1
1765634700.515715,2025-12-13 14:05:00,2025-12-13 22:05:00,BarData,133.045,0,-1.0,-1.0,194.359903,0.0,❌ 价格 > 快线,132.992,133.412,31.6,0
1765634701.2647138,2025-12-13 14:05:01,2025-12-13 22:05:01,PnlRecord,133.045,0,0,0,194.359903,-0.5339389655120397,空,132.992,133.412,31.6,0
1765634701.7818098,2025-12-13 14:05:01,2025-12-13 22:05:01,CloseSignal,133.045,1.0,-1.0,0,194.359903,0.0,Strategy_TrendEnd,132.992,133.412,31.6,0
1765635001.0253778,2025-12-13 14:10:01,2025-12-13 22:10:01,BarData,133.07,0,0.0,0.0,194.357904,0.0,❌ 价格 > 快线,133.004,133.400,29.8,0
1765635300.4048994,2025-12-13 14:15:00,2025-12-13 22:15:00,BarData,133.336,0,0.0,0.0,194.357904,0.0,✅ 触发交易,133.055,133.398,25.8,-1
1765635304.492493,2025-12-13 14:15:04,2025-12-13 22:15:04,Strategy_Open,133.336,1.0,0,-1.0,194.364904,0.0,Strategy_Signal,133.055,133.398,25.8,-1
1765635600.9878905,2025-12-13 14:20:00,2025-12-13 22:20:00,BarData,133.193,0,-1.0,-1.0,194.554904,0.0,✅ 触发交易,133.076,133.392,23.7,-1
1765635900.2579079,2025-12-13 14:25:00,2025-12-13 22:25:00,BarData,132.977,0,-1.0,-1.0,194.728904,0.0,❌ 快线向上,133.061,133.378,23.9,0
1765635900.9561694,2025-12-13 14:25:00,2025-12-13 22:25:00,PnlRecord,132.977,0,0,0,194.728904,2.7747155916518893,空,133.061,133.378,23.9,0
1765635901.470859,2025-12-13 14:25:01,2025-12-13 22:25:01,CloseSignal,132.977,1.0,-1.0,0,194.728904,0.0,Strategy_TrendEnd,133.061,133.378,23.9,0
1765636201.850426,2025-12-13 14:30:01,2025-12-13 22:30:01,BarData,132.653,0,0.0,0.0,194.714904,0.0,❌ 快线向上,132.998,133.354,26.8,0
1765636500.4726737,2025-12-13 14:35:00,2025-12-13 22:35:00,BarData,132.892,0,0.0,0.0,194.714904,0.0,✅ 触发交易,132.982,133.339,26.9,-1
1765636504.6055844,2025-12-13 14:35:04,2025-12-13 22:35:04,Strategy_Open,132.892,1.0,0,-1.0,194.70690399999998,0.0,Strategy_Signal,132.982,133.339,26.9,-1
1765636804.4853885,2025-12-13 14:40:04,2025-12-13 22:40:04,SL,133.12,1.0,-1.0,0.0,194.357268,0.0,🛡️ 止损 (-1.91%),132.982,133.339,26.9,-1
1765636804.4857185,2025-12-13 14:40:04,2025-12-13 22:40:04,PnlRecord,133.12,0,0,0,194.541904,-1.9117005102884912,空,132.982,133.339,26.9,-1
1765636807.011935,2025-12-13 14:40:07,2025-12-13 22:40:07,BarData,133.12,0,0.0,0.0,194.357268,0.0,✅ 触发交易,133.003,133.332,24.7,-1
1765636810.5481257,2025-12-13 14:40:10,2025-12-13 22:40:10,Strategy_Open,133.12,1.0,0,-1.0,194.345268,0.0,Strategy_Signal,133.003,133.332,24.7,-1
1765637100.2304978,2025-12-13 14:45:00,2025-12-13 22:45:00,BarData,133.035,0,-1.0,-1.0,194.576268,0.0,✅ 触发交易,133.008,133.322,23.6,-1
1765637400.584647,2025-12-13 14:50:00,2025-12-13 22:50:00,BarData,133.205,0,-1.0,-1.0,194.410268,0.0,❌ 价格 > 快线,133.038,133.318,21.0,0
1765637401.3841255,2025-12-13 14:50:01,2025-12-13 22:50:01,PnlRecord,133.205,0,0,0,194.410268,0.4127269998497554,空,133.038,133.318,21.0,0
1765637401.9731472,2025-12-13 14:50:01,2025-12-13 22:50:01,CloseSignal,133.205,1.0,-1.0,0,194.410268,0.0,Strategy_TrendEnd,133.038,133.318,21.0,0
1765637700.3865626,2025-12-13 14:55:00,2025-12-13 22:55:00,BarData,133.159,0,0.0,0.0,194.411268,0.0,❌ 价格 > 快线,133.057,133.313,19.2,0
1765638000.1778316,2025-12-13 15:00:00,2025-12-13 23:00:00,BarData,133.131,0,0.0,0.0,194.411268,0.0,✅ 触发交易,133.068,133.307,17.9,-1
1765638004.282539,2025-12-13 15:00:04,2025-12-13 23:00:04,Strategy_Open,133.131,1.0,0,-1.0,194.404268,0.0,Strategy_Signal,133.068,133.307,17.9,-1
1765638306.7296429,2025-12-13 15:05:06,2025-12-13 23:05:06,SL,133.333,1.0,-1.0,0.0,194.20142,0.0,🛡️ 止损 (-1.59%),133.068,133.307,17.9,-1
1765638306.7299929,2025-12-13 15:05:06,2025-12-13 23:05:06,PnlRecord,133.333,0,0,0,194.164268,-1.5850122444072676,空,133.068,133.307,17.9,-1
1765638310.2461672,2025-12-13 15:05:10,2025-12-13 23:05:10,BarData,133.333,0,0.0,0.0,194.20142,0.0,✅ 触发交易,133.109,133.308,14.9,-1
1765638314.1695921,2025-12-13 15:05:14,2025-12-13 23:05:14,Strategy_Open,133.333,1.0,0,-1.0,194.20342000000002,0.0,Strategy_Signal,133.109,133.308,14.9,-1
1765638601.1712391,2025-12-13 15:10:01,2025-12-13 23:10:01,BarData,133.3,0,-1.0,-1.0,194.27142,0.0,✅ 触发交易,133.138,133.308,12.7,-1
1765638901.8063111,2025-12-13 15:15:01,2025-12-13 23:15:01,BarData,133.303,0,-1.0,-1.0,194.24042,0.0,❌ 价格 > 快线,133.164,133.308,10.8,0
1765638902.4904227,2025-12-13 15:15:02,2025-12-13 23:15:02,PnlRecord,133.303,0,0,0,194.24042,0.442404882950147,空,133.164,133.308,10.8,0
1765638902.9937332,2025-12-13 15:15:02,2025-12-13 23:15:02,CloseSignal,133.303,1.0,-1.0,0,194.24042,0.0,Strategy_TrendEnd,133.164,133.308,10.8,0
1765639200.4913657,2025-12-13 15:20:00,2025-12-13 23:20:00,BarData,133.328,0,0.0,0.0,194.25342,0.0,❌ 震荡 (Gap 8.9 < 10),133.189,133.308,8.9,0
1765639500.1704972,2025-12-13 15:25:00,2025-12-13 23:25:00,BarData,133.28,0,0.0,0.0,194.25342,0.0,❌ 震荡 (Gap 7.8 < 10),133.203,133.307,7.8,0
1765639801.093958,2025-12-13 15:30:01,2025-12-13 23:30:01,BarData,133.201,0,0.0,0.0,194.25342,0.0,❌ 震荡 (Gap 7.6 < 10),133.203,133.304,7.6,0
1765640100.616045,2025-12-13 15:35:00,2025-12-13 23:35:00,BarData,133.389,0,0.0,0.0,194.25342,0.0,❌ 震荡 (Gap 5.6 < 10),133.231,133.307,5.6,0
1765640400.2664127,2025-12-13 15:40:00,2025-12-13 23:40:00,BarData,133.557,0,0.0,0.0,194.25342,0.0,❌ 震荡 (Gap 2.5 < 10),133.281,133.315,2.5,0
1765640700.3342123,2025-12-13 15:45:00,2025-12-13 23:45:00,BarData,133.385,0,0.0,0.0,194.25342,0.0,❌ 震荡 (Gap 1.5 < 10),133.297,133.317,1.5,0
1765641000.3888166,2025-12-13 15:50:00,2025-12-13 23:50:00,BarData,133.102,0,0.0,0.0,194.25342,0.0,❌ 震荡 (Gap 3.2 < 10),133.267,133.310,3.2,0
1765641302.5591457,2025-12-13 15:55:02,2025-12-13 23:55:02,BarData,133.273,0,0.0,0.0,194.25342,0.0,❌ 震荡 (Gap 3.0 < 10),133.268,133.309,3.0,0
1765641600.5203784,2025-12-13 16:00:00,2025-12-14 00:00:00,BarData,133.235,0,0.0,0.0,194.25342,0.0,❌ 震荡 (Gap 3.3 < 10),133.263,133.306,3.3,0
1765641900.2758596,2025-12-13 16:05:00,2025-12-14 00:05:00,BarData,133.683,0,0.0,0.0,194.25342,0.0,❌ 震荡 (Gap 0.7 < 10),133.328,133.319,0.7,0
1765642200.468535,2025-12-13 16:10:00,2025-12-14 00:10:00,BarData,133.51,0,0.0,0.0,194.25342,0.0,❌ 震荡 (Gap 2.3 < 10),133.356,133.325,2.3,0
1765642500.5337422,2025-12-13 16:15:00,2025-12-14 00:15:00,BarData,133.483,0,0.0,0.0,194.25342,0.0,❌ 震荡 (Gap 3.4 < 10),133.375,133.330,3.4,0
1765642802.689901,2025-12-13 16:20:02,2025-12-14 00:20:02,BarData,133.176,0,0.0,0.0,194.25342,0.0,❌ 震荡 (Gap 1.5 < 10),133.345,133.325,1.5,0
1765643100.075701,2025-12-13 16:25:00,2025-12-14 00:25:00,BarData,133.099,0,0.0,0.0,194.25342,0.0,❌ 震荡 (Gap 0.8 < 10),133.307,133.318,0.8,0
1765643400.5587723,2025-12-13 16:30:00,2025-12-14 00:30:00,BarData,133.034,0,0.0,0.0,194.25342,0.0,❌ 震荡 (Gap 3.3 < 10),133.265,133.308,3.3,0
1765643701.8809743,2025-12-13 16:35:01,2025-12-14 00:35:01,BarData,133.033,0,0.0,0.0,194.25342,0.0,❌ 震荡 (Gap 5.3 < 10),133.229,133.299,5.3,0
1765644001.8882883,2025-12-13 16:40:01,2025-12-14 00:40:01,BarData,133.063,0,0.0,0.0,194.25342,0.0,❌ 震荡 (Gap 6.6 < 10),133.204,133.292,6.6,0
1765644300.509587,2025-12-13 16:45:00,2025-12-14 00:45:00,BarData,133.001,0,0.0,0.0,194.25342,0.0,❌ 震荡 (Gap 8.2 < 10),133.172,133.282,8.2,0
1765644601.9803967,2025-12-13 16:50:01,2025-12-14 00:50:01,BarData,133.051,0,0.0,0.0,194.25342,0.0,❌ 震荡 (Gap 9.1 < 10),133.154,133.275,9.1,0
1765644900.1671417,2025-12-13 16:55:00,2025-12-14 00:55:00,BarData,133.151,0,0.0,0.0,194.25342,0.0,❌ 震荡 (Gap 8.8 < 10),133.153,133.270,8.8,0
1765645200.1815553,2025-12-13 17:00:00,2025-12-14 01:00:00,BarData,133.103,0,0.0,0.0,194.25342,0.0,❌ 震荡 (Gap 9.0 < 10),133.146,133.265,9.0,0
1765645500.5495915,2025-12-13 17:05:00,2025-12-14 01:05:00,BarData,132.8,0,0.0,0.0,194.25342,0.0,✅ 触发交易,133.092,133.250,11.8,-1
1765645504.6065507,2025-12-13 17:05:04,2025-12-14 01:05:04,Strategy_Open,132.8,1.0,0,-1.0,194.25542000000002,0.0,Strategy_Signal,133.092,133.250,11.8,-1
1765645800.1735904,2025-12-13 17:10:00,2025-12-14 01:10:00,BarData,132.6,0,-1.0,-1.0,194.42742,0.0,✅ 触发交易,133.017,133.228,16.0,-1
1765646101.1775181,2025-12-13 17:15:01,2025-12-14 01:15:01,BarData,132.619,0,-1.0,-1.0,194.41742,0.0,❌ 快线向上,132.955,133.208,19.1,0
1765646103.0793142,2025-12-13 17:15:03,2025-12-14 01:15:03,PnlRecord,132.619,0,0,0,194.41742,1.347911866142578,空,132.955,133.208,19.1,0
1765646103.579703,2025-12-13 17:15:03,2025-12-14 01:15:03,CloseSignal,132.619,1.0,-1.0,0,194.41742,0.0,Strategy_TrendEnd,132.955,133.208,19.1,0
1765646400.2676895,2025-12-13 17:20:00,2025-12-14 01:20:00,BarData,132.329,0,0.0,0.0,194.44642,0.0,❌ 快线向上,132.859,133.180,24.2,0
1765646700.501861,2025-12-13 17:25:00,2025-12-14 01:25:00,BarData,132.201,0,0.0,0.0,194.44642,0.0,✅ 触发交易,132.758,133.148,29.5,-1
1765646704.5687811,2025-12-13 17:25:04,2025-12-14 01:25:04,Strategy_Open,132.201,1.0,0,-1.0,194.43341999999998,0.0,Strategy_Signal,132.758,133.148,29.5,-1
1765647000.403417,2025-12-13 17:30:00,2025-12-14 01:30:00,BarData,132.299,0,-1.0,-1.0,194.34341999999998,0.0,✅ 触发交易,132.687,133.120,32.7,-1
1765647300.2083597,2025-12-13 17:35:00,2025-12-14 01:35:00,BarData,132.264,0,-1.0,-1.0,194.39342,0.0,❌ 快线向上,132.622,133.092,35.5,0
1765647305.9560328,2025-12-13 17:35:05,2025-12-14 01:35:05,PnlRecord,132.264,0,0,0,194.39342,-0.438709287021929,空,132.622,133.092,35.5,0
1765647306.4466903,2025-12-13 17:35:06,2025-12-14 01:35:06,CloseSignal,132.264,1.0,-1.0,0,194.39342,0.0,Strategy_TrendEnd,132.622,133.092,35.5,0
1765647600.1092067,2025-12-13 17:40:00,2025-12-14 01:40:00,BarData,132.433,0,0.0,0.0,194.38742,0.0,❌ 快线向上,132.593,133.070,36.0,0
1765647900.5701172,2025-12-13 17:45:00,2025-12-14 01:45:00,BarData,132.469,0,0.0,0.0,194.38742,0.0,✅ 触发交易,132.574,133.050,36.0,-1
1765647904.643783,2025-12-13 17:45:04,2025-12-14 01:45:04,Strategy_Open,132.469,1.0,0,-1.0,194.381572,0.0,Strategy_Signal,132.574,133.050,36.0,-1
1765648200.154407,2025-12-13 17:50:00,2025-12-14 01:50:00,BarData,132.266,0,-1.0,-1.0,194.538572,0.0,✅ 触发交易,132.527,133.025,37.7,-1
1765648501.2685564,2025-12-13 17:55:01,2025-12-14 01:55:01,BarData,132.097,0,-1.0,-1.0,194.73357199999998,0.0,❌ 快线向上,132.460,132.994,40.4,0
1765648501.9483232,2025-12-13 17:55:01,2025-12-14 01:55:01,PnlRecord,132.097,0,0,0,194.73357199999998,2.612444598808571,空,132.460,132.994,40.4,0
1765648502.4407096,2025-12-13 17:55:02,2025-12-14 01:55:02,CloseSignal,132.097,1.0,-1.0,0,194.73357199999998,0.0,Strategy_TrendEnd,132.460,132.994,40.4,0
1765648801.2145336,2025-12-13 18:00:01,2025-12-14 02:00:01,BarData,132.173,0,0.0,0.0,194.673572,0.0,❌ 快线向上,132.416,132.967,41.7,0
1765649100.3111212,2025-12-13 18:05:00,2025-12-14 02:05:00,BarData,132.116,0,0.0,0.0,194.673572,0.0,✅ 触发交易,132.370,132.939,43.1,-1
1765649104.3958974,2025-12-13 18:05:04,2025-12-14 02:05:04,Strategy_Open,132.116,1.0,0,-1.0,194.669724,0.0,Strategy_Signal,132.370,132.939,43.1,-1
1765649405.4051962,2025-12-13 18:10:05,2025-12-14 02:10:05,SL,132.309,1.0,-1.0,0.0,194.450724,0.0,🛡️ 止损 (-1.69%),132.370,132.939,43.1,-1
1765649405.4059694,2025-12-13 18:10:05,2025-12-14 02:10:05,PnlRecord,132.309,0,0,0,194.449724,-1.6882939902789453,空,132.370,132.939,43.1,-1
1765649407.7473,2025-12-13 18:10:07,2025-12-14 02:10:07,BarData,132.309,0,0.0,0.0,194.450724,0.0,✅ 触发交易,132.361,132.919,42.2,-1
1765649411.297274,2025-12-13 18:10:11,2025-12-14 02:10:11,Strategy_Open,132.309,1.0,0,-1.0,194.454724,0.0,Strategy_Signal,132.361,132.919,42.2,-1
1765649705.3899317,2025-12-13 18:15:05,2025-12-14 02:15:05,SL,132.473,1.0,-1.0,0.0,194.282724,0.0,🛡️ 止损 (-1.23%),132.361,132.919,42.2,-1
1765649705.3902488,2025-12-13 18:15:05,2025-12-14 02:15:05,PnlRecord,132.473,0,0,0,194.275724,-1.231955256594444,空,132.361,132.919,42.2,-1
1765649707.6415355,2025-12-13 18:15:07,2025-12-14 02:15:07,BarData,132.473,0,0.0,0.0,194.282724,0.0,✅ 触发交易,132.378,132.904,39.7,-1
1765649711.1636188,2025-12-13 18:15:11,2025-12-14 02:15:11,Strategy_Open,132.473,1.0,0,-1.0,194.274724,0.0,Strategy_Signal,132.378,132.904,39.7,-1
1765650000.0842164,2025-12-13 18:20:00,2025-12-14 02:20:00,BarData,132.343,0,-1.0,-1.0,194.421724,0.0,✅ 触发交易,132.373,132.886,38.8,-1
1765650300.2478657,2025-12-13 18:25:00,2025-12-14 02:25:00,BarData,132.585,0,-1.0,-1.0,194.181724,0.0,❌ 价格 > 快线,132.405,132.876,35.5,0
1765650300.9563067,2025-12-13 18:25:00,2025-12-14 02:25:00,PnlRecord,132.585,0,0,0,194.181724,-0.8227905431927963,空,132.405,132.876,35.5,0
1765650301.4459035,2025-12-13 18:25:01,2025-12-14 02:25:01,CloseSignal,132.585,1.0,-1.0,0,194.181724,0.0,Strategy_TrendEnd,132.405,132.876,35.5,0
1765650600.6363916,2025-12-13 18:30:00,2025-12-14 02:30:00,BarData,132.543,0,0.0,0.0,194.170724,0.0,❌ 价格 > 快线,132.426,132.865,33.1,0
1765650900.3298304,2025-12-13 18:35:00,2025-12-14 02:35:00,BarData,132.574,0,0.0,0.0,194.170724,0.0,✅ 触发交易,132.449,132.855,30.6,-1
1765650904.3903742,2025-12-13 18:35:04,2025-12-14 02:35:04,Strategy_Open,132.574,1.0,0,-1.0,194.169724,0.0,Strategy_Signal,132.449,132.855,30.6,-1
1765651200.3477156,2025-12-13 18:40:00,2025-12-14 02:40:00,BarData,132.626,0,-1.0,-1.0,194.116724,0.0,✅ 触发交易,132.476,132.848,28.0,-1
1765651504.4109755,2025-12-13 18:45:04,2025-12-14 02:45:04,SL,132.681,1.0,-1.0,0.0,194.041724,0.0,🛡️ 止损 (-1.00%),132.476,132.848,28.0,-1
1765651504.411302,2025-12-13 18:45:04,2025-12-14 02:45:04,PnlRecord,132.681,0,0,0,194.037724,-1.0034100854030976,空,132.476,132.848,28.0,-1
1765651506.5019681,2025-12-13 18:45:06,2025-12-14 02:45:06,BarData,132.681,0,0.0,0.0,194.041724,0.0,❌ 价格 > 快线,132.508,132.842,25.2,0
1765651802.122185,2025-12-13 18:50:02,2025-12-14 02:50:02,BarData,132.467,0,0.0,0.0,194.041724,0.0,✅ 触发交易,132.502,132.830,24.8,-1
1765651806.1758826,2025-12-13 18:50:06,2025-12-14 02:50:06,Strategy_Open,132.467,1.0,0,-1.0,194.03472399999998,0.0,Strategy_Signal,132.502,132.830,24.8,-1
1765652100.2521856,2025-12-13 18:55:00,2025-12-14 02:55:00,BarData,132.402,0,-1.0,-1.0,194.10672399999999,0.0,✅ 触发交易,132.486,132.816,24.9,-1
1765652400.6815705,2025-12-13 19:00:00,2025-12-14 03:00:00,BarData,132.291,0,-1.0,-1.0,194.218311,0.0,❌ 快线向上,132.456,132.799,25.9,0
1765652401.3650913,2025-12-13 19:00:01,2025-12-14 03:00:01,PnlRecord,132.291,0,0,0,194.218311,1.245696684181857,空,132.456,132.799,25.9,0
1765652401.93722,2025-12-13 19:00:01,2025-12-14 03:00:01,CloseSignal,132.291,1.0,-1.0,0,194.218311,0.0,Strategy_TrendEnd,132.456,132.799,25.9,0
1765652700.7622237,2025-12-13 19:05:00,2025-12-14 03:05:00,BarData,132.282,0,0.0,0.0,194.235311,0.0,❌ 快线向上,132.429,132.782,26.6,0
1765653000.6035128,2025-12-13 19:10:00,2025-12-14 03:10:00,BarData,132.385,0,0.0,0.0,194.235311,0.0,✅ 触发交易,132.423,132.769,26.2,-1
1765653004.6654358,2025-12-13 19:10:04,2025-12-14 03:10:04,Strategy_Open,132.385,1.0,0,-1.0,194.241311,0.0,Strategy_Signal,132.423,132.769,26.2,-1
1765653304.5777225,2025-12-13 19:15:04,2025-12-14 03:15:04,SL,132.582,1.0,-1.0,0.0,194.018311,0.0,🛡️ 止损 (-1.65%),132.423,132.769,26.2,-1
1765653304.578069,2025-12-13 19:15:04,2025-12-14 03:15:04,PnlRecord,132.582,0,0,0,194.019311,-1.6469734973254762,空,132.423,132.769,26.2,-1
1765653306.8313346,2025-12-13 19:15:06,2025-12-14 03:15:06,BarData,132.582,0,0.0,0.0,194.018311,0.0,✅ 触发交易,132.447,132.763,23.8,-1
1765653310.358267,2025-12-13 19:15:10,2025-12-14 03:15:10,Strategy_Open,132.582,1.0,0,-1.0,194.018311,0.0,Strategy_Signal,132.447,132.763,23.8,-1
1765653600.4878151,2025-12-13 19:20:00,2025-12-14 03:20:00,BarData,132.531,0,-1.0,-1.0,194.084311,0.0,✅ 触发交易,132.460,132.755,22.3,-1
1765653902.1516838,2025-12-13 19:25:02,2025-12-14 03:25:02,BarData,132.625,0,-1.0,-1.0,193.98931100000001,0.0,❌ 价格 > 快线,132.485,132.751,20.0,0
1765653902.8341482,2025-12-13 19:25:02,2025-12-14 03:25:02,PnlRecord,132.625,0,0,0,193.98931100000001,-0.24134004057537495,空,132.485,132.751,20.0,0
1765653903.3459988,2025-12-13 19:25:03,2025-12-14 03:25:03,CloseSignal,132.625,1.0,-1.0,0,193.98931100000001,0.0,Strategy_TrendEnd,132.485,132.751,20.0,0
1765654200.096328,2025-12-13 19:30:00,2025-12-14 03:30:00,BarData,132.394,0,0.0,0.0,193.998311,0.0,❌ 快线向上,132.471,132.739,20.2,0
1765654500.4626217,2025-12-13 19:35:00,2025-12-14 03:35:00,BarData,132.616,0,0.0,0.0,193.998311,0.0,✅ 触发交易,132.494,132.735,18.2,-1
1765654504.5467129,2025-12-13 19:35:04,2025-12-14 03:35:04,Strategy_Open,132.616,1.0,0,-1.0,194.009311,0.0,Strategy_Signal,132.494,132.735,18.2,-1
1765654800.143426,2025-12-13 19:40:00,2025-12-14 03:40:00,BarData,132.69,0,-1.0,-1.0,193.924311,0.0,✅ 触发交易,132.524,132.734,15.8,-1
1765655104.4205163,2025-12-13 19:45:04,2025-12-14 03:45:04,SL,132.838,1.0,-1.0,0.0,193.755311,0.0,🛡️ 止损 (-1.83%),132.524,132.734,15.8,-1
1765655104.4208312,2025-12-13 19:45:04,2025-12-14 03:45:04,PnlRecord,132.838,0,0,0,193.763311,-1.8250927629792018,空,132.524,132.734,15.8,-1
1765655106.5829256,2025-12-13 19:45:06,2025-12-14 03:45:06,BarData,132.838,0,0.0,0.0,193.755311,0.0,❌ 价格 > 快线,132.572,132.737,12.4,0
1765655400.3121352,2025-12-13 19:50:00,2025-12-14 03:50:00,BarData,132.845,0,0.0,0.0,193.755311,0.0,❌ 震荡 (Gap 9.5 < 10),132.614,132.741,9.5,0
1765655700.11561,2025-12-13 19:55:00,2025-12-14 03:55:00,BarData,132.774,0,0.0,0.0,193.755311,0.0,❌ 震荡 (Gap 7.8 < 10),132.639,132.742,7.8,0
1765656000.8915157,2025-12-13 20:00:00,2025-12-14 04:00:00,BarData,132.711,0,0.0,0.0,193.755311,0.0,❌ 震荡 (Gap 6.8 < 10),132.650,132.741,6.8,0
1765656300.6730747,2025-12-13 20:05:00,2025-12-14 04:05:00,BarData,132.866,0,0.0,0.0,193.755311,0.0,❌ 震荡 (Gap 4.6 < 10),132.683,132.745,4.6,0
1765656600.3711634,2025-12-13 20:10:00,2025-12-14 04:10:00,BarData,132.784,0,0.0,0.0,193.755311,0.0,❌ 震荡 (Gap 3.6 < 10),132.699,132.746,3.6,0
1765656900.6043718,2025-12-13 20:15:00,2025-12-14 04:15:00,BarData,132.799,0,0.0,0.0,193.755311,0.0,❌ 震荡 (Gap 2.5 < 10),132.714,132.748,2.5,0
1765657200.362062,2025-12-13 20:20:00,2025-12-14 04:20:00,BarData,132.939,0,0.0,0.0,193.755311,0.0,❌ 震荡 (Gap 0.4 < 10),132.749,132.754,0.4,0
1765657500.567802,2025-12-13 20:25:00,2025-12-14 04:25:00,BarData,132.817,0,0.0,0.0,193.755311,0.0,❌ 震荡 (Gap 0.2 < 10),132.759,132.756,0.2,0
1765657800.1345682,2025-12-13 20:30:00,2025-12-14 04:30:00,BarData,132.862,0,0.0,0.0,193.755311,0.0,❌ 震荡 (Gap 1.2 < 10),132.775,132.760,1.2,0
1765658100.7835245,2025-12-13 20:35:00,2025-12-14 04:35:00,BarData,132.788,0,0.0,0.0,193.755311,0.0,❌ 震荡 (Gap 1.2 < 10),132.777,132.761,1.2,0
1765658400.595121,2025-12-13 20:40:00,2025-12-14 04:40:00,BarData,132.803,0,0.0,0.0,193.755311,0.0,❌ 震荡 (Gap 1.4 < 10),132.781,132.762,1.4,0
1765658700.4030612,2025-12-13 20:45:00,2025-12-14 04:45:00,BarData,132.619,0,0.0,0.0,193.755311,0.0,❌ 震荡 (Gap 0.1 < 10),132.756,132.757,0.1,0
1765659000.7959971,2025-12-13 20:50:00,2025-12-14 04:50:00,BarData,132.529,0,0.0,0.0,193.755311,0.0,❌ 震荡 (Gap 2.2 < 10),132.721,132.750,2.2,0
1765659300.2875733,2025-12-13 20:55:00,2025-12-14 04:55:00,BarData,132.275,0,0.0,0.0,193.755311,0.0,❌ 震荡 (Gap 6.2 < 10),132.653,132.734,6.2,0
1765659600.1492257,2025-12-13 21:00:00,2025-12-14 05:00:00,BarData,132.253,0,0.0,0.0,193.755311,0.0,❌ 震荡 (Gap 9.6 < 10),132.591,132.718,9.6,0
1765659900.6260731,2025-12-13 21:05:00,2025-12-14 05:05:00,BarData,132.247,0,0.0,0.0,193.755311,0.0,✅ 触发交易,132.538,132.703,12.5,-1
1765659904.677948,2025-12-13 21:05:04,2025-12-14 05:05:04,Strategy_Open,132.247,1.0,0,-1.0,193.745543,0.0,Strategy_Signal,132.538,132.703,12.5,-1
1765660201.5491023,2025-12-13 21:10:01,2025-12-14 05:10:01,BarData,132.19,0,-1.0,-1.0,193.766543,0.0,✅ 触发交易,132.485,132.686,15.3,-1
1765660500.411245,2025-12-13 21:15:00,2025-12-14 05:15:00,BarData,132.117,0,-1.0,-1.0,193.902543,0.0,❌ 快线向上,132.428,132.668,18.1,0
1765660501.0894215,2025-12-13 21:15:01,2025-12-14 05:15:01,PnlRecord,132.117,0,0,0,193.902543,0.809232817037749,空,132.428,132.668,18.1,0
1765660501.6095557,2025-12-13 21:15:01,2025-12-14 05:15:01,CloseSignal,132.117,1.0,-1.0,0,193.902543,0.0,Strategy_TrendEnd,132.428,132.668,18.1,0
1765660800.839685,2025-12-13 21:20:00,2025-12-14 05:20:00,BarData,132.28,0,0.0,0.0,193.844543,0.0,❌ 快线向上,132.405,132.655,18.9,0
1765661100.469258,2025-12-13 21:25:00,2025-12-14 05:25:00,BarData,132.217,0,0.0,0.0,193.844543,0.0,✅ 触发交易,132.376,132.640,20.0,-1
1765661104.5392447,2025-12-13 21:25:04,2025-12-14 05:25:04,Strategy_Open,132.217,1.0,0,-1.0,193.85699899999997,0.0,Strategy_Signal,132.376,132.640,20.0,-1
1765661400.4053245,2025-12-13 21:30:00,2025-12-14 05:30:00,BarData,132.175,0,-1.0,-1.0,193.872999,0.0,✅ 触发交易,132.345,132.625,21.2,-1
1765661700.217623,2025-12-13 21:35:00,2025-12-14 05:35:00,BarData,132.081,0,-1.0,-1.0,194.098999,0.0,❌ 快线向上,132.305,132.607,22.9,0
1765661700.8869271,2025-12-13 21:35:00,2025-12-14 05:35:00,PnlRecord,132.081,0,0,0,194.098999,0.8699204211928432,空,132.305,132.607,22.9,0
1765661701.4127262,2025-12-13 21:35:01,2025-12-14 05:35:01,CloseSignal,132.081,1.0,-1.0,0,194.098999,0.0,Strategy_TrendEnd,132.305,132.607,22.9,0
1765662002.3845086,2025-12-13 21:40:02,2025-12-14 05:40:02,BarData,132.377,0,0.0,0.0,193.936143,0.0,❌ 价格 > 快线,132.316,132.600,21.5,0
1765662300.2772014,2025-12-13 21:45:00,2025-12-14 05:45:00,BarData,132.272,0,0.0,0.0,193.936143,0.0,✅ 触发交易,132.309,132.589,21.2,-1
1765662304.3316157,2025-12-13 21:45:04,2025-12-14 05:45:04,Strategy_Open,132.272,1.0,0,-1.0,193.942143,0.0,Strategy_Signal,132.309,132.589,21.2,-1
1765662600.209815,2025-12-13 21:50:00,2025-12-14 05:50:00,BarData,132.144,0,-1.0,-1.0,194.022143,0.0,✅ 触发交易,132.284,132.574,22.0,-1
1765662901.5408254,2025-12-13 21:55:01,2025-12-14 05:55:01,BarData,132.302,0,-1.0,-1.0,193.89914299999998,0.0,❌ 价格 > 快线,132.286,132.566,21.1,0
1765662902.2167172,2025-12-13 21:55:02,2025-12-14 05:55:02,PnlRecord,132.302,0,0,0,193.89914299999998,-0.30999311966488097,空,132.286,132.566,21.1,0
1765662902.7076635,2025-12-13 21:55:02,2025-12-14 05:55:02,CloseSignal,132.302,1.0,-1.0,0,193.89914299999998,0.0,Strategy_TrendEnd,132.286,132.566,21.1,0
1765663200.4911654,2025-12-13 22:00:00,2025-12-14 06:00:00,BarData,132.652,0,0.0,0.0,193.908143,0.0,❌ 价格 > 快线,132.343,132.568,17.0,0
1765663501.5957386,2025-12-13 22:05:01,2025-12-14 06:05:01,BarData,132.719,0,0.0,0.0,193.908143,0.0,✅ 触发交易,132.401,132.573,13.0,-1
1765663505.679358,2025-12-13 22:05:05,2025-12-14 06:05:05,Strategy_Open,132.719,1.0,0,-1.0,193.890143,0.0,Strategy_Signal,132.401,132.573,13.0,-1
1765663800.5319283,2025-12-13 22:10:00,2025-12-14 06:10:00,BarData,132.619,0,-1.0,-1.0,193.95914299999998,0.0,✅ 触发交易,132.434,132.575,10.6,-1
1765664100.0780334,2025-12-13 22:15:00,2025-12-14 06:15:00,BarData,132.25,0,-1.0,-1.0,194.30414299999998,0.0,❌ 快线向上,132.406,132.564,12.0,0
1765664100.7512133,2025-12-13 22:15:00,2025-12-14 06:15:00,PnlRecord,132.25,0,0,0,194.30414299999998,3.143208182894025,空,132.406,132.564,12.0,0
1765664101.25619,2025-12-13 22:15:01,2025-12-14 06:15:01,CloseSignal,132.25,1.0,-1.0,0,194.30414299999998,0.0,Strategy_TrendEnd,132.406,132.564,12.0,0
1765664400.3018708,2025-12-13 22:20:00,2025-12-14 06:20:00,BarData,132.484,0,0.0,0.0,194.335143,0.0,❌ 价格 > 快线,132.418,132.562,10.8,0
1765664700.379095,2025-12-13 22:25:00,2025-12-14 06:25:00,BarData,132.45,0,0.0,0.0,194.335143,0.0,✅ 触发交易,132.423,132.558,10.2,-1
1765664704.4431777,2025-12-13 22:25:04,2025-12-14 06:25:04,Strategy_Open,132.45,1.0,0,-1.0,194.35114299999998,0.0,Strategy_Signal,132.423,132.558,10.2,-1
1765665000.3541849,2025-12-13 22:30:00,2025-12-14 06:30:00,BarData,132.51,0,-1.0,-1.0,194.347143,0.0,❌ 震荡 (Gap 9.1 < 10),132.436,132.556,9.1,0
1765665001.0512693,2025-12-13 22:30:01,2025-12-14 06:30:01,PnlRecord,132.51,0,0,0,194.347143,-0.007546657208225668,空,132.436,132.556,9.1,0
1765665001.7834768,2025-12-13 22:30:01,2025-12-14 06:30:01,CloseSignal,132.51,1.0,-1.0,0,194.347143,0.0,Strategy_TrendEnd,132.436,132.556,9.1,0
1765665300.0751045,2025-12-13 22:35:00,2025-12-14 06:35:00,BarData,132.718,0,0.0,0.0,194.318059,0.0,❌ 震荡 (Gap 6.2 < 10),132.480,132.562,6.2,0
1765665600.180017,2025-12-13 22:40:00,2025-12-14 06:40:00,BarData,132.763,0,0.0,0.0,194.318059,0.0,❌ 震荡 (Gap 3.4 < 10),132.523,132.568,3.4,0
1765665900.6634145,2025-12-13 22:45:00,2025-12-14 06:45:00,BarData,132.795,0,0.0,0.0,194.318059,0.0,❌ 震荡 (Gap 0.8 < 10),132.565,132.576,0.8,0
1765666200.2945235,2025-12-13 22:50:00,2025-12-14 06:50:00,BarData,132.808,0,0.0,0.0,194.318059,0.0,❌ 震荡 (Gap 1.4 < 10),132.602,132.583,1.4,0
1765666500.4095106,2025-12-13 22:55:00,2025-12-14 06:55:00,BarData,132.921,0,0.0,0.0,194.318059,0.0,❌ 震荡 (Gap 4.3 < 10),132.651,132.594,4.3,0
1765666800.888261,2025-12-13 23:00:00,2025-12-14 07:00:00,BarData,132.767,0,0.0,0.0,194.318059,0.0,❌ 震荡 (Gap 5.2 < 10),132.669,132.600,5.2,0
1765667102.3466487,2025-12-13 23:05:02,2025-12-14 07:05:02,BarData,132.616,0,0.0,0.0,194.318059,0.0,❌ 震荡 (Gap 4.6 < 10),132.661,132.601,4.6,0
1765667400.2193308,2025-12-13 23:10:00,2025-12-14 07:10:00,BarData,132.757,0,0.0,0.0,194.318059,0.0,❌ 震荡 (Gap 5.3 < 10),132.676,132.606,5.3,0
1765667700.2002184,2025-12-13 23:15:00,2025-12-14 07:15:00,BarData,132.839,0,0.0,0.0,194.318059,0.0,❌ 震荡 (Gap 6.6 < 10),132.701,132.613,6.6,0
1765668000.6209455,2025-12-13 23:20:00,2025-12-14 07:20:00,BarData,132.864,0,0.0,0.0,194.318059,0.0,❌ 震荡 (Gap 7.9 < 10),132.726,132.622,7.9,0
1765668300.4044237,2025-12-13 23:25:00,2025-12-14 07:25:00,BarData,132.873,0,0.0,0.0,194.318059,0.0,❌ 震荡 (Gap 8.9 < 10),132.749,132.630,8.9,0
1765668601.546461,2025-12-13 23:30:01,2025-12-14 07:30:01,BarData,132.843,0,0.0,0.0,194.318059,0.0,❌ 震荡 (Gap 9.5 < 10),132.763,132.637,9.5,0
1765668900.5772333,2025-12-13 23:35:00,2025-12-14 07:35:00,BarData,132.842,0,0.0,0.0,194.318059,0.0,❌ 震荡 (Gap 9.9 < 10),132.775,132.643,9.9,0
1765669200.3889859,2025-12-13 23:40:00,2025-12-14 07:40:00,BarData,133.085,0,0.0,0.0,194.318059,0.0,✅ 触发交易,132.823,132.658,12.4,1
1765669204.4743369,2025-12-13 23:40:04,2025-12-14 07:40:04,Strategy_Open,133.085,1.0,0,1.0,194.322059,0.0,Strategy_Signal,132.823,132.658,12.4,1
1765669501.6541445,2025-12-13 23:45:01,2025-12-14 07:45:01,BarData,133.007,0,1.0,1.0,194.214059,0.0,❌ 快线向下,132.851,132.669,13.7,0
1765669502.3555813,2025-12-13 23:45:02,2025-12-14 07:45:02,PnlRecord,133.007,0,0,0,194.214059,-0.5785819482432011,多,132.851,132.669,13.7,0
1765669502.9232237,2025-12-13 23:45:02,2025-12-14 07:45:02,CloseSignal,133.007,1.0,1.0,0,194.214059,0.0,Strategy_TrendEnd,132.851,132.669,13.7,0
1765669800.244855,2025-12-13 23:50:00,2025-12-14 07:50:00,BarData,133.047,0,0.0,0.0,194.235363,0.0,❌ 快线向下,132.881,132.682,15.0,0
1765670101.5772018,2025-12-13 23:55:01,2025-12-14 07:55:01,BarData,133.112,0,0.0,0.0,194.235363,0.0,✅ 触发交易,132.917,132.696,16.6,1
1765670105.6344397,2025-12-13 23:55:05,2025-12-14 07:55:05,Strategy_Open,133.112,1.0,0,1.0,194.248363,0.0,Strategy_Signal,132.917,132.696,16.6,1
1765670400.1631112,2025-12-14 00:00:00,2025-12-14 08:00:00,BarData,133.076,0,1.0,1.0,194.187363,0.0,✅ 触发交易,132.941,132.708,17.5,1
1765670704.176116,2025-12-14 00:05:04,2025-12-14 08:05:04,SL,132.761,1.0,1.0,0.0,193.87843,0.0,🛡️ 止损 (-2.66%),132.941,132.708,17.5,1
1765670704.1764085,2025-12-14 00:05:04,2025-12-14 08:05:04,PnlRecord,132.761,0,0,0,193.871297,-2.659354693310396,多,132.941,132.708,17.5,1
1765670706.3993802,2025-12-14 00:05:06,2025-12-14 08:05:06,BarData,132.761,0,0.0,0.0,193.87843,0.0,❌ 价格 < 快线,132.914,132.710,15.3,0
1765671000.3820574,2025-12-14 00:10:00,2025-12-14 08:10:00,BarData,132.733,0,0.0,0.0,193.87843,0.0,❌ 价格 < 快线,132.886,132.711,13.2,0
1765671300.5994852,2025-12-14 00:15:00,2025-12-14 08:15:00,BarData,133.05,0,0.0,0.0,193.87843,0.0,✅ 触发交易,132.911,132.722,14.2,1
1765671304.6865225,2025-12-14 00:15:04,2025-12-14 08:15:04,Strategy_Open,133.05,1.0,0,1.0,193.87443000000002,0.0,Strategy_Signal,132.911,132.722,14.2,1
1765671600.6465347,2025-12-14 00:20:00,2025-12-14 08:20:00,BarData,133.214,0,1.0,1.0,194.06143,0.0,✅ 触发交易,132.958,132.738,16.5,1
1765671900.3906221,2025-12-14 00:25:00,2025-12-14 08:25:00,BarData,133.063,0,1.0,1.0,193.87543000000002,0.0,❌ 快线向下,132.974,132.749,16.9,0
1765671900.7493138,2025-12-14 00:25:00,2025-12-14 08:25:00,PnlRecord,133.063,0,0,0,193.87543000000002,0.007515293622344118,多,132.974,132.749,16.9,0
1765671901.3257346,2025-12-14 00:25:01,2025-12-14 08:25:01,CloseSignal,133.063,1.0,1.0,0,193.87543000000002,0.0,Strategy_TrendEnd,132.974,132.749,16.9,0
1765672200.2437549,2025-12-14 00:30:00,2025-12-14 08:30:00,BarData,133.248,0,0.0,0.0,193.91443,0.0,❌ 快线向下,133.016,132.765,18.8,0
1765672500.098415,2025-12-14 00:35:00,2025-12-14 08:35:00,BarData,133.411,0,0.0,0.0,193.91443,0.0,✅ 触发交易,133.077,132.786,21.8,1
1765672503.8380055,2025-12-14 00:35:03,2025-12-14 08:35:03,Strategy_Open,133.411,1.0,0,1.0,193.92203,0.0,Strategy_Signal,133.077,132.786,21.8,1
1765672800.6388211,2025-12-14 00:40:00,2025-12-14 08:40:00,BarData,133.438,0,1.0,1.0,193.93303,0.0,✅ 触发交易,133.132,132.808,24.3,1
1765673100.3108766,2025-12-14 00:45:00,2025-12-14 08:45:00,BarData,133.484,0,1.0,1.0,193.97403,0.0,❌ 快线向下,133.186,132.830,26.7,0
1765673100.6677148,2025-12-14 00:45:00,2025-12-14 08:45:00,PnlRecord,133.484,0,0,0,193.97403,0.5771811074381267,多,133.186,132.830,26.7,0
1765673101.1715596,2025-12-14 00:45:01,2025-12-14 08:45:01,CloseSignal,133.484,1.0,1.0,0,193.97403,0.0,Strategy_TrendEnd,133.186,132.830,26.7,0
1765673400.3340926,2025-12-14 00:50:00,2025-12-14 08:50:00,BarData,133.354,0,0.0,0.0,193.99203,0.0,❌ 快线向下,133.212,132.847,27.4,0
1765673700.627636,2025-12-14 00:55:00,2025-12-14 08:55:00,BarData,133.269,0,0.0,0.0,193.99203,0.0,✅ 触发交易,133.221,132.861,27.0,1
1765673704.3671718,2025-12-14 00:55:04,2025-12-14 08:55:04,Strategy_Open,133.269,1.0,0,1.0,193.99203,0.0,Strategy_Signal,133.221,132.861,27.0,1
1765674001.1525247,2025-12-14 01:00:01,2025-12-14 09:00:01,BarData,133.229,0,1.0,1.0,193.92703,0.0,✅ 触发交易,133.222,132.873,26.2,1
1765674301.3767364,2025-12-14 01:05:01,2025-12-14 09:05:01,BarData,133.212,0,1.0,1.0,193.91443,0.0,❌ 价格 < 快线,133.221,132.884,25.3,0
1765674301.7270873,2025-12-14 01:05:01,2025-12-14 09:05:01,PnlRecord,133.212,0,0,0,193.91443,-0.5252022028482586,多,133.221,132.884,25.3,0
1765674302.2341325,2025-12-14 01:05:02,2025-12-14 09:05:02,CloseSignal,133.212,1.0,1.0,0,193.91443,0.0,Strategy_TrendEnd,133.221,132.884,25.3,0
1765674602.3667405,2025-12-14 01:10:02,2025-12-14 09:10:02,BarData,133.307,0,0.0,0.0,193.927431,0.0,❌ 快线向下,133.234,132.898,25.2,0
1765674901.934051,2025-12-14 01:15:01,2025-12-14 09:15:01,BarData,133.389,0,0.0,0.0,193.927431,0.0,✅ 触发交易,133.258,132.914,25.8,1
1765674905.6919823,2025-12-14 01:15:05,2025-12-14 09:15:05,Strategy_Open,133.389,1.0,0,1.0,193.936431,0.0,Strategy_Signal,133.258,132.914,25.8,1
1765675201.7407465,2025-12-14 01:20:01,2025-12-14 09:20:01,BarData,133.48,0,1.0,1.0,193.99443100000002,0.0,✅ 触发交易,133.292,132.933,26.9,1
1765675501.9628017,2025-12-14 01:25:01,2025-12-14 09:25:01,BarData,133.367,0,1.0,1.0,193.88243100000003,0.0,❌ 快线向下,133.304,132.947,26.7,0
1765675502.3145623,2025-12-14 01:25:02,2025-12-14 09:25:02,PnlRecord,133.367,0,0,0,193.88243100000003,-0.29234067433260635,多,133.304,132.947,26.7,0
1765675502.8423464,2025-12-14 01:25:02,2025-12-14 09:25:02,CloseSignal,133.367,1.0,1.0,0,193.88243100000003,0.0,Strategy_TrendEnd,133.304,132.947,26.7,0
1765675800.3477082,2025-12-14 01:30:00,2025-12-14 09:30:00,BarData,133.466,0,0.0,0.0,193.880431,0.0,❌ 快线向下,133.329,132.964,27.3,0
1765676100.7226992,2025-12-14 01:35:00,2025-12-14 09:35:00,BarData,133.157,0,0.0,0.0,193.880431,0.0,✅ 触发交易,133.302,132.970,24.9,1
1765676104.788,2025-12-14 01:35:04,2025-12-14 09:35:04,Strategy_Open,133.157,1.0,0,1.0,193.83043099999998,0.0,Strategy_Signal,133.302,132.970,24.9,1
1765676400.293804,2025-12-14 01:40:00,2025-12-14 09:40:00,BarData,133.083,0,1.0,1.0,193.78443099999998,0.0,✅ 触发交易,133.268,132.974,22.1,1
1765676706.2335868,2025-12-14 01:45:06,2025-12-14 09:45:06,SL,133.014,1.0,1.0,0.0,193.739431,0.0,🛡️ 止损 (-1.06%),133.268,132.974,22.1,1
1765676706.2339432,2025-12-14 01:45:06,2025-12-14 09:45:06,PnlRecord,133.014,0,0,0,193.739431,-1.0589163005519218,多,133.268,132.974,22.1,1
1765676708.3424664,2025-12-14 01:45:08,2025-12-14 09:45:08,BarData,133.014,0,0.0,0.0,193.739431,0.0,❌ 价格 < 快线,133.229,132.975,19.1,0
1765677000.1373513,2025-12-14 01:50:00,2025-12-14 09:50:00,BarData,133.071,0,0.0,0.0,193.739431,0.0,❌ 价格 < 快线,133.205,132.978,17.0,0
1765677300.518327,2025-12-14 01:55:00,2025-12-14 09:55:00,BarData,133.16,0,0.0,0.0,193.739431,0.0,✅ 触发交易,133.198,132.984,16.1,1
1765677304.614739,2025-12-14 01:55:04,2025-12-14 09:55:04,Strategy_Open,133.16,1.0,0,1.0,193.726583,0.0,Strategy_Signal,133.198,132.984,16.1,1
1765677600.3239243,2025-12-14 02:00:00,2025-12-14 10:00:00,BarData,133.248,0,1.0,1.0,193.827583,0.0,✅ 触发交易,133.206,132.993,16.0,1
1765677900.5387266,2025-12-14 02:05:00,2025-12-14 10:05:00,BarData,133.367,0,1.0,1.0,193.943983,0.0,❌ 快线向下,133.231,133.005,16.9,0
1765677901.2194073,2025-12-14 02:05:01,2025-12-14 10:05:01,PnlRecord,133.367,0,0,0,193.943983,1.5169151053204535,多,133.231,133.005,16.9,0
1765677901.7279499,2025-12-14 02:05:01,2025-12-14 10:05:01,CloseSignal,133.367,1.0,1.0,0,193.943983,0.0,Strategy_TrendEnd,133.231,133.005,16.9,0
1765678200.4486403,2025-12-14 02:10:00,2025-12-14 10:10:00,BarData,133.359,0,0.0,0.0,193.938984,0.0,❌ 快线向下,133.250,133.017,17.5,0
1765678500.2094135,2025-12-14 02:15:00,2025-12-14 10:15:00,BarData,133.332,0,0.0,0.0,193.938984,0.0,✅ 触发交易,133.263,133.027,17.7,1
1765678504.268219,2025-12-14 02:15:04,2025-12-14 10:15:04,Strategy_Open,133.332,1.0,0,1.0,193.941984,0.0,Strategy_Signal,133.263,133.027,17.7,1
1765678800.4083254,2025-12-14 02:20:00,2025-12-14 10:20:00,BarData,133.294,0,1.0,1.0,193.879984,0.0,✅ 触发交易,133.268,133.036,17.4,1
1765679100.2466228,2025-12-14 02:25:00,2025-12-14 10:25:00,BarData,133.373,0,1.0,1.0,193.969984,0.0,❌ 快线向下,133.284,133.047,17.8,0
1765679100.9169495,2025-12-14 02:25:00,2025-12-14 10:25:00,PnlRecord,133.373,0,0,0,193.969984,0.30000075000181536,多,133.284,133.047,17.8,0
1765679101.4334188,2025-12-14 02:25:01,2025-12-14 10:25:01,CloseSignal,133.373,1.0,1.0,0,193.969984,0.0,Strategy_TrendEnd,133.284,133.047,17.8,0
1765679400.361168,2025-12-14 02:30:00,2025-12-14 10:30:00,BarData,133.423,0,0.0,0.0,194.004984,0.0,❌ 快线向下,133.305,133.059,18.4,0
1765679702.3530095,2025-12-14 02:35:02,2025-12-14 10:35:02,BarData,133.41,0,0.0,0.0,194.004984,0.0,✅ 触发交易,133.321,133.071,18.8,1
1765679706.4189034,2025-12-14 02:35:06,2025-12-14 10:35:06,Strategy_Open,133.41,1.0,0,1.0,193.99498400000002,0.0,Strategy_Signal,133.321,133.071,18.8,1
1765680004.4652803,2025-12-14 02:40:04,2025-12-14 10:40:04,SL,133.183,1.0,1.0,0.0,193.769984,0.0,🛡️ 止损 (-1.85%),133.321,133.071,18.8,1
1765680004.4655888,2025-12-14 02:40:04,2025-12-14 10:40:04,PnlRecord,133.183,0,0,0,193.79298400000002,-1.8511579105149822,多,133.321,133.071,18.8,1
1765680006.7156832,2025-12-14 02:40:06,2025-12-14 10:40:06,BarData,133.183,0,0.0,0.0,193.769984,0.0,✅ 触发交易,133.300,133.074,16.9,1
1765680010.242421,2025-12-14 02:40:10,2025-12-14 10:40:10,Strategy_Open,133.183,1.0,0,1.0,193.750984,0.0,Strategy_Signal,133.300,133.074,16.9,1
1765680300.2265525,2025-12-14 02:45:00,2025-12-14 10:45:00,BarData,133.273,0,1.0,1.0,193.812984,0.0,✅ 触发交易,133.296,133.081,16.1,1
1765680600.6328998,2025-12-14 02:50:00,2025-12-14 10:50:00,BarData,133.363,0,1.0,1.0,193.90998399999998,0.0,❌ 快线向下,133.306,133.090,16.2,0
1765680601.3079832,2025-12-14 02:50:01,2025-12-14 10:50:01,PnlRecord,133.363,0,0,0,193.90998399999998,0.9832472679236237,多,133.306,133.090,16.2,0
1765680601.8852973,2025-12-14 02:50:01,2025-12-14 10:50:01,CloseSignal,133.363,1.0,1.0,0,193.90998399999998,0.0,Strategy_TrendEnd,133.306,133.090,16.2,0
1765680900.120969,2025-12-14 02:55:00,2025-12-14 10:55:00,BarData,133.25,0,0.0,0.0,193.904434,0.0,❌ 价格 < 快线,133.298,133.095,15.2,0
1765681200.1259637,2025-12-14 03:00:00,2025-12-14 11:00:00,BarData,133.3,0,0.0,0.0,193.904434,0.0,✅ 触发交易,133.298,133.102,14.7,1
1765681204.206314,2025-12-14 03:00:04,2025-12-14 11:00:04,Strategy_Open,133.3,1.0,0,1.0,193.893954,0.0,Strategy_Signal,133.298,133.102,14.7,1
1765681501.565883,2025-12-14 03:05:01,2025-12-14 11:05:01,BarData,133.339,0,1.0,1.0,193.90195400000002,0.0,✅ 触发交易,133.304,133.110,14.6,1
1765681805.752277,2025-12-14 03:10:05,2025-12-14 11:10:05,SL,133.183,1.0,1.0,0.0,193.747954,0.0,🛡️ 止损 (-1.16%),133.304,133.110,14.6,1
1765681805.752586,2025-12-14 03:10:05,2025-12-14 11:10:05,PnlRecord,133.183,0,0,0,193.745954,-1.1624593139240214,多,133.304,133.110,14.6,1
1765681808.1390288,2025-12-14 03:10:08,2025-12-14 11:10:08,BarData,133.183,0,0.0,0.0,193.747954,0.0,❌ 价格 < 快线,133.286,133.112,13.0,0
1765682100.15977,2025-12-14 03:15:00,2025-12-14 11:15:00,BarData,133.156,0,0.0,0.0,193.747954,0.0,✅ 触发交易,133.266,133.114,11.4,1
1765682104.2293534,2025-12-14 03:15:04,2025-12-14 11:15:04,Strategy_Open,133.156,1.0,0,1.0,193.765422,0.0,Strategy_Signal,133.266,133.114,11.4,1
1765682400.4430816,2025-12-14 03:20:00,2025-12-14 11:20:00,BarData,133.16,0,1.0,1.0,193.735422,0.0,✅ 触发交易,133.249,133.115,10.1,1
1765682704.5594642,2025-12-14 03:25:04,2025-12-14 11:25:04,SL,133.019,1.0,1.0,0.0,193.607422,0.0,🛡️ 止损 (-1.06%),133.249,133.115,10.1,1
1765682704.5597804,2025-12-14 03:25:04,2025-12-14 11:25:04,PnlRecord,133.019,0,0,0,193.599422,-1.0588765395012851,多,133.249,133.115,10.1,1
1765682706.962499,2025-12-14 03:25:06,2025-12-14 11:25:06,BarData,133.019,0,0.0,0.0,193.607422,0.0,❌ 震荡 (Gap 7.7 < 10),133.214,133.112,7.7,0
1765683000.295126,2025-12-14 03:30:00,2025-12-14 11:30:00,BarData,132.965,0,0.0,0.0,193.607422,0.0,❌ 震荡 (Gap 5.1 < 10),133.176,133.107,5.1,0
1765683300.3694537,2025-12-14 03:35:00,2025-12-14 11:35:00,BarData,132.834,0,0.0,0.0,193.607422,0.0,❌ 震荡 (Gap 1.9 < 10),133.123,133.098,1.9,0
1765683600.0726693,2025-12-14 03:40:00,2025-12-14 11:40:00,BarData,132.978,0,0.0,0.0,193.607422,0.0,❌ 震荡 (Gap 0.5 < 10),133.101,133.094,0.5,0
1765683900.9985094,2025-12-14 03:45:00,2025-12-14 11:45:00,BarData,133.054,0,0.0,0.0,193.607422,0.0,❌ 震荡 (Gap 0.0 < 10),133.094,133.093,0.0,0
1765684202.3483589,2025-12-14 03:50:02,2025-12-14 11:50:02,BarData,132.931,0,0.0,0.0,193.607422,0.0,❌ 震荡 (Gap 1.4 < 10),133.069,133.088,1.4,0
1765684500.6301115,2025-12-14 03:55:00,2025-12-14 11:55:00,BarData,132.888,0,0.0,0.0,193.607422,0.0,❌ 震荡 (Gap 3.0 < 10),133.041,133.081,3.0,0
1765684800.4190814,2025-12-14 04:00:00,2025-12-14 12:00:00,BarData,132.887,0,0.0,0.0,193.607422,0.0,❌ 震荡 (Gap 4.3 < 10),133.017,133.075,4.3,0
1765685100.8586543,2025-12-14 04:05:00,2025-12-14 12:05:00,BarData,133.02,0,0.0,0.0,193.607422,0.0,❌ 震荡 (Gap 4.2 < 10),133.018,133.073,4.2,0
1765685400.2689009,2025-12-14 04:10:00,2025-12-14 12:10:00,BarData,132.915,0,0.0,0.0,193.607422,0.0,❌ 震荡 (Gap 5.0 < 10),133.002,133.068,5.0,0
1765685700.2020154,2025-12-14 04:15:00,2025-12-14 12:15:00,BarData,133.056,0,0.0,0.0,193.607422,0.0,❌ 震荡 (Gap 4.3 < 10),133.010,133.067,4.3,0
1765686000.2094913,2025-12-14 04:20:00,2025-12-14 12:20:00,BarData,133.06,0,0.0,0.0,193.607422,0.0,❌ 震荡 (Gap 3.7 < 10),133.018,133.067,3.7,0
1765686300.0985544,2025-12-14 04:25:00,2025-12-14 12:25:00,BarData,133.023,0,0.0,0.0,193.607422,0.0,❌ 震荡 (Gap 3.5 < 10),133.019,133.066,3.5,0
1765686600.2969544,2025-12-14 04:30:00,2025-12-14 12:30:00,BarData,132.778,0,0.0,0.0,193.607422,0.0,❌ 震荡 (Gap 5.6 < 10),132.982,133.056,5.6,0
1765686900.8279014,2025-12-14 04:35:00,2025-12-14 12:35:00,BarData,132.747,0,0.0,0.0,193.607422,0.0,❌ 震荡 (Gap 7.6 < 10),132.945,133.046,7.6,0
1765687202.5416741,2025-12-14 04:40:02,2025-12-14 12:40:02,BarData,132.568,0,0.0,0.0,193.607422,0.0,✅ 触发交易,132.887,133.031,10.8,-1
1765687206.6182036,2025-12-14 04:40:06,2025-12-14 12:40:06,Strategy_Open,132.568,1.0,0,-1.0,193.605422,0.0,Strategy_Signal,132.887,133.031,10.8,-1
1765687502.4421234,2025-12-14 04:45:02,2025-12-14 12:45:02,BarData,132.503,0,-1.0,-1.0,193.689422,0.0,✅ 触发交易,132.828,133.013,14.0,-1
1765687800.2857783,2025-12-14 04:50:00,2025-12-14 12:50:00,BarData,132.485,0,-1.0,-1.0,193.68742200000003,0.0,❌ 快线向上,132.775,132.996,16.6,0
1765687800.9663916,2025-12-14 04:50:00,2025-12-14 12:50:00,PnlRecord,132.485,0,0,0,193.68742200000003,0.6185551456998621,空,132.775,132.996,16.6,0
1765687801.641393,2025-12-14 04:50:01,2025-12-14 12:50:01,CloseSignal,132.485,1.0,-1.0,0,193.68742200000003,0.0,Strategy_TrendEnd,132.775,132.996,16.6,0
1765688102.457743,2025-12-14 04:55:02,2025-12-14 12:55:02,BarData,132.457,0,0.0,0.0,193.688422,0.0,❌ 快线向上,132.726,132.978,19.0,0
1765688400.3508055,2025-12-14 05:00:00,2025-12-14 13:00:00,BarData,132.42,0,0.0,0.0,193.688422,0.0,✅ 触发交易,132.679,132.960,21.2,-1
1765688404.4038708,2025-12-14 05:00:04,2025-12-14 13:00:04,Strategy_Open,132.42,1.0,0,-1.0,193.691422,0.0,Strategy_Signal,132.679,132.960,21.2,-1
1765688700.133838,2025-12-14 05:05:00,2025-12-14 13:05:00,BarData,132.422,0,-1.0,-1.0,193.67942200000002,0.0,✅ 触发交易,132.640,132.942,22.8,-1
1765689001.7778618,2025-12-14 05:10:01,2025-12-14 13:10:01,BarData,132.265,0,-1.0,-1.0,193.832422,0.0,❌ 快线向上,132.582,132.920,25.6,0
1765689002.472408,2025-12-14 05:10:02,2025-12-14 13:10:02,PnlRecord,132.265,0,0,0,193.832422,1.1554320409613497,空,132.582,132.920,25.6,0
1765689003.002427,2025-12-14 05:10:03,2025-12-14 13:10:03,CloseSignal,132.265,1.0,-1.0,0,193.832422,0.0,Strategy_TrendEnd,132.582,132.920,25.6,0
1765689300.2851305,2025-12-14 05:15:00,2025-12-14 13:15:00,BarData,132.255,0,0.0,0.0,193.856422,0.0,❌ 快线向上,132.532,132.898,27.7,0
1765689600.2201004,2025-12-14 05:20:00,2025-12-14 13:20:00,BarData,132.177,0,0.0,0.0,193.856422,0.0,✅ 触发交易,132.477,132.875,30.1,-1
1765689604.2778924,2025-12-14 05:20:04,2025-12-14 13:20:04,Strategy_Open,132.177,1.0,0,-1.0,193.85242200000002,0.0,Strategy_Signal,132.477,132.875,30.1,-1
1765689900.2623532,2025-12-14 05:25:00,2025-12-14 13:25:00,BarData,132.193,0,-1.0,-1.0,193.82842200000002,0.0,✅ 触发交易,132.433,132.852,31.7,-1
1765690200.073666,2025-12-14 05:30:00,2025-12-14 13:30:00,BarData,132.156,0,-1.0,-1.0,193.872422,0.0,❌ 快线向上,132.391,132.829,33.2,0
1765690200.7560174,2025-12-14 05:30:00,2025-12-14 13:30:00,PnlRecord,132.156,0,0,0,193.872422,0.08322803725586328,空,132.391,132.829,33.2,0
1765690201.3665636,2025-12-14 05:30:01,2025-12-14 13:30:01,CloseSignal,132.156,1.0,-1.0,0,193.872422,0.0,Strategy_TrendEnd,132.391,132.829,33.2,0
1765690501.8430452,2025-12-14 05:35:01,2025-12-14 13:35:01,BarData,132.113,0,0.0,0.0,193.878928,0.0,❌ 快线向上,132.348,132.806,34.7,0
1765690800.322828,2025-12-14 05:40:00,2025-12-14 13:40:00,BarData,132.371,0,0.0,0.0,193.878928,0.0,✅ 触发交易,132.352,132.792,33.2,-1
1765690804.4158163,2025-12-14 05:40:04,2025-12-14 13:40:04,Strategy_Open,132.371,1.0,0,-1.0,193.872928,0.0,Strategy_Signal,132.352,132.792,33.2,-1
1765691100.5855904,2025-12-14 05:45:00,2025-12-14 13:45:00,BarData,132.451,0,-1.0,-1.0,193.790928,0.0,✅ 触发交易,132.367,132.781,31.2,-1
1765691404.7104945,2025-12-14 05:50:04,2025-12-14 13:50:04,SL,132.566,1.0,-1.0,0.0,193.675928,0.0,🛡️ 止损 (-1.49%),132.367,132.781,31.2,-1
1765691404.710833,2025-12-14 05:50:04,2025-12-14 13:50:04,PnlRecord,132.566,0,0,0,193.683928,-1.488263868428429,空,132.367,132.781,31.2,-1
1765691406.9774394,2025-12-14 05:50:06,2025-12-14 13:50:06,BarData,132.566,0,0.0,0.0,193.675928,0.0,❌ 价格 > 快线,132.398,132.773,28.4,0
1765691700.2672694,2025-12-14 05:55:00,2025-12-14 13:55:00,BarData,132.497,0,0.0,0.0,193.675928,0.0,✅ 触发交易,132.413,132.764,26.5,-1
1765691704.4219253,2025-12-14 05:55:04,2025-12-14 13:55:04,Strategy_Open,132.497,1.0,0,-1.0,193.679928,0.0,Strategy_Signal,132.413,132.764,26.5,-1
1765692002.6668735,2025-12-14 06:00:02,2025-12-14 14:00:02,BarData,132.577,0,-1.0,-1.0,193.582928,0.0,✅ 触发交易,132.438,132.758,24.2,-1
1765692301.9012103,2025-12-14 06:05:01,2025-12-14 14:05:01,BarData,132.529,0,-1.0,-1.0,193.642928,0.0,❌ 价格 > 快线,132.452,132.751,22.5,0
1765692302.5964565,2025-12-14 06:05:02,2025-12-14 14:05:02,PnlRecord,132.529,0,0,0,193.642928,-0.25661345711152733,空,132.452,132.751,22.5,0
1765692303.128894,2025-12-14 06:05:03,2025-12-14 14:05:03,CloseSignal,132.529,1.0,-1.0,0,193.642928,0.0,Strategy_TrendEnd,132.452,132.751,22.5,0
1765692600.4650428,2025-12-14 06:10:00,2025-12-14 14:10:00,BarData,132.447,0,0.0,0.0,193.642928,0.0,❌ 快线向上,132.451,132.741,21.9,0
1765692900.5638924,2025-12-14 06:15:00,2025-12-14 14:15:00,BarData,132.619,0,0.0,0.0,193.642928,0.0,✅ 触发交易,132.477,132.737,19.6,-1
1765692904.6590226,2025-12-14 06:15:04,2025-12-14 14:15:04,Strategy_Open,132.619,1.0,0,-1.0,193.622928,0.0,Strategy_Signal,132.477,132.737,19.6,-1
1765693204.2551816,2025-12-14 06:20:04,2025-12-14 14:20:04,SL,132.788,1.0,-1.0,0.0,193.463928,0.0,🛡️ 止损 (-1.38%),132.477,132.737,19.6,-1
1765693204.2555046,2025-12-14 06:20:04,2025-12-14 14:20:04,PnlRecord,132.788,0,0,0,193.44292800000002,-1.3800384600883915,空,132.477,132.737,19.6,-1
1765693206.5627973,2025-12-14 06:20:06,2025-12-14 14:20:06,BarData,132.788,0,0.0,0.0,193.463928,0.0,✅ 触发交易,132.525,132.738,16.1,-1
1765693210.0918334,2025-12-14 06:20:10,2025-12-14 14:20:10,Strategy_Open,132.788,1.0,0,-1.0,193.457454,0.0,Strategy_Signal,132.525,132.738,16.1,-1
1765693500.4067962,2025-12-14 06:25:00,2025-12-14 14:25:00,BarData,132.697,0,-1.0,-1.0,193.51845400000002,0.0,✅ 触发交易,132.551,132.737,14.0,-1
1765693800.5431073,2025-12-14 06:30:00,2025-12-14 14:30:00,BarData,132.596,0,-1.0,-1.0,193.617454,0.0,❌ 价格 > 快线,132.558,132.733,13.1,0
1765693801.2596312,2025-12-14 06:30:01,2025-12-14 14:30:01,PnlRecord,132.596,0,0,0,193.617454,1.0697765523060156,空,132.558,132.733,13.1,0
1765693801.8535955,2025-12-14 06:30:01,2025-12-14 14:30:01,CloseSignal,132.596,1.0,-1.0,0,193.617454,0.0,Strategy_TrendEnd,132.558,132.733,13.1,0
1765694101.9746394,2025-12-14 06:35:01,2025-12-14 14:35:01,BarData,132.476,0,0.0,0.0,193.603454,0.0,❌ 快线向上,132.546,132.724,13.5,0
1765694400.1489272,2025-12-14 06:40:00,2025-12-14 14:40:00,BarData,132.646,0,0.0,0.0,193.603454,0.0,✅ 触发交易,132.561,132.722,12.1,-1
1765694404.2106733,2025-12-14 06:40:04,2025-12-14 14:40:04,Strategy_Open,132.646,1.0,0,-1.0,193.595454,0.0,Strategy_Signal,132.561,132.722,12.1,-1
1765694705.2624,2025-12-14 06:45:05,2025-12-14 14:45:05,SL,132.951,1.0,-1.0,0.0,193.296454,0.0,🛡️ 止损 (-2.35%),132.561,132.722,12.1,-1
1765694705.2627132,2025-12-14 06:45:05,2025-12-14 14:45:05,PnlRecord,132.951,0,0,0,193.287454,-2.3522493384297483,空,132.561,132.722,12.1,-1
1765694707.6846993,2025-12-14 06:45:07,2025-12-14 14:45:07,BarData,132.951,0,0.0,0.0,193.296454,0.0,❌ 震荡 (Gap 8.1 < 10),132.621,132.729,8.1,0
1765695000.3911328,2025-12-14 06:50:00,2025-12-14 14:50:00,BarData,132.814,0,0.0,0.0,193.296454,0.0,❌ 震荡 (Gap 6.1 < 10),132.651,132.732,6.1,0
1765695300.3258307,2025-12-14 06:55:00,2025-12-14 14:55:00,BarData,132.835,0,0.0,0.0,193.296454,0.0,❌ 震荡 (Gap 4.2 < 10),132.679,132.735,4.2,0
1765695600.4826038,2025-12-14 07:00:00,2025-12-14 15:00:00,BarData,132.859,0,0.0,0.0,193.296454,0.0,❌ 震荡 (Gap 2.4 < 10),132.707,132.739,2.4,0
1765695900.484787,2025-12-14 07:05:00,2025-12-14 15:05:00,BarData,132.94,0,0.0,0.0,193.296454,0.0,❌ 震荡 (Gap 0.2 < 10),132.743,132.746,0.2,0
1765696202.6390233,2025-12-14 07:10:02,2025-12-14 15:10:02,BarData,132.775,0,0.0,0.0,193.296454,0.0,❌ 震荡 (Gap 0.1 < 10),132.748,132.747,0.1,0
1765696500.3977144,2025-12-14 07:15:00,2025-12-14 15:15:00,BarData,132.936,0,0.0,0.0,193.296454,0.0,❌ 震荡 (Gap 1.8 < 10),132.777,132.753,1.8,0
1765696801.9472902,2025-12-14 07:20:01,2025-12-14 15:20:01,BarData,132.955,0,0.0,0.0,193.296454,0.0,❌ 震荡 (Gap 3.3 < 10),132.804,132.760,3.3,0
1765697101.9410467,2025-12-14 07:25:01,2025-12-14 15:25:01,BarData,133.024,0,0.0,0.0,193.296454,0.0,❌ 震荡 (Gap 5.2 < 10),132.838,132.768,5.2,0
1765697400.1586463,2025-12-14 07:30:00,2025-12-14 15:30:00,BarData,132.917,0,0.0,0.0,193.296454,0.0,❌ 震荡 (Gap 5.8 < 10),132.850,132.773,5.8,0
1765697701.9108055,2025-12-14 07:35:01,2025-12-14 15:35:01,BarData,132.837,0,0.0,0.0,193.296454,0.0,❌ 震荡 (Gap 5.5 < 10),132.848,132.775,5.5,0
1765698001.912839,2025-12-14 07:40:01,2025-12-14 15:40:01,BarData,132.856,0,0.0,0.0,193.296454,0.0,❌ 震荡 (Gap 5.4 < 10),132.849,132.778,5.4,0
1765698301.1476085,2025-12-14 07:45:01,2025-12-14 15:45:01,BarData,132.907,0,0.0,0.0,193.296454,0.0,❌ 震荡 (Gap 5.7 < 10),132.858,132.782,5.7,0
1765698600.2992053,2025-12-14 07:50:00,2025-12-14 15:50:00,BarData,133.062,0,0.0,0.0,193.296454,0.0,❌ 震荡 (Gap 7.4 < 10),132.890,132.791,7.4,0
1765698902.615156,2025-12-14 07:55:02,2025-12-14 15:55:02,BarData,133.072,0,0.0,0.0,193.296454,0.0,❌ 震荡 (Gap 8.8 < 10),132.918,132.801,8.8,0
1765699200.5000331,2025-12-14 08:00:00,2025-12-14 16:00:00,BarData,133.209,0,0.0,0.0,193.296454,0.0,✅ 触发交易,132.962,132.814,11.1,1
1765699204.5918002,2025-12-14 08:00:04,2025-12-14 16:00:04,Strategy_Open,133.209,1.0,0,1.0,193.277454,0.0,Strategy_Signal,132.962,132.814,11.1,1
1765699500.1684208,2025-12-14 08:05:00,2025-12-14 16:05:00,BarData,133.341,0,1.0,1.0,193.41845400000003,0.0,✅ 触发交易,133.021,132.831,14.2,1
1765699800.2719913,2025-12-14 08:10:00,2025-12-14 16:10:00,BarData,133.318,0,1.0,1.0,193.401454,0.0,❌ 快线向下,133.066,132.847,16.4,0
1765699800.9486244,2025-12-14 08:10:00,2025-12-14 16:10:00,PnlRecord,133.318,0,0,0,193.401454,0.795724108939307,多,133.066,132.847,16.4,0
1765699801.4633675,2025-12-14 08:10:01,2025-12-14 16:10:01,CloseSignal,133.318,1.0,1.0,0,193.401454,0.0,Strategy_TrendEnd,133.066,132.847,16.4,0
1765700100.5140398,2025-12-14 08:15:00,2025-12-14 16:15:00,BarData,133.377,0,0.0,0.0,193.382454,0.0,❌ 快线向下,133.114,132.865,18.7,0
1765700400.2534168,2025-12-14 08:20:00,2025-12-14 16:20:00,BarData,133.253,0,0.0,0.0,193.382454,0.0,✅ 触发交易,133.136,132.877,19.4,1
1765700404.3282502,2025-12-14 08:20:04,2025-12-14 16:20:04,Strategy_Open,133.253,1.0,0,1.0,193.39145399999998,0.0,Strategy_Signal,133.136,132.877,19.4,1
1765700700.5713713,2025-12-14 08:25:00,2025-12-14 16:25:00,BarData,133.361,0,1.0,1.0,193.51045399999998,0.0,✅ 触发交易,133.170,132.893,20.8,1
1765701000.4432876,2025-12-14 08:30:00,2025-12-14 16:30:00,BarData,133.294,0,1.0,1.0,193.419454,0.0,❌ 快线向下,133.189,132.906,21.2,0
1765701001.1806934,2025-12-14 08:30:01,2025-12-14 16:30:01,PnlRecord,133.294,0,0,0,193.419454,0.3076853804419056,多,133.189,132.906,21.2,0
1765701001.8094974,2025-12-14 08:30:01,2025-12-14 16:30:01,CloseSignal,133.294,1.0,1.0,0,193.419454,0.0,Strategy_TrendEnd,133.189,132.906,21.2,0
1765701302.6289382,2025-12-14 08:35:02,2025-12-14 16:35:02,BarData,133.224,0,0.0,0.0,193.410454,0.0,❌ 快线向下,133.195,132.917,20.9,0
1765701600.3402503,2025-12-14 08:40:00,2025-12-14 16:40:00,BarData,133.116,0,0.0,0.0,193.410454,0.0,✅ 触发交易,133.183,132.923,19.5,1
1765701604.3990865,2025-12-14 08:40:04,2025-12-14 16:40:04,Strategy_Open,133.116,1.0,0,1.0,193.40945399999998,0.0,Strategy_Signal,133.183,132.923,19.5,1
1765701904.2921937,2025-12-14 08:45:04,2025-12-14 16:45:04,SL,132.94,1.0,1.0,0.0,193.228454,0.0,🛡️ 止损 (-1.31%),133.183,132.923,19.5,1
1765701904.292528,2025-12-14 08:45:04,2025-12-14 16:45:04,PnlRecord,132.94,0,0,0,193.232454,-1.3071502621813378,多,133.183,132.923,19.5,1
1765701906.7280405,2025-12-14 08:45:06,2025-12-14 16:45:06,BarData,132.94,0,0.0,0.0,193.228454,0.0,❌ 价格 < 快线,133.145,132.924,16.7,0
1765702202.6921678,2025-12-14 08:50:02,2025-12-14 16:50:02,BarData,132.693,0,0.0,0.0,193.228454,0.0,❌ 价格 < 快线,133.076,132.916,12.0,0
1765702500.5190933,2025-12-14 08:55:00,2025-12-14 16:55:00,BarData,132.887,0,0.0,0.0,193.228454,0.0,❌ 震荡 (Gap 9.9 < 10),133.047,132.915,9.9,0
1765702801.1589673,2025-12-14 09:00:01,2025-12-14 17:00:01,BarData,132.609,0,0.0,0.0,193.228454,0.0,❌ 震荡 (Gap 5.6 < 10),132.979,132.905,5.6,0
1765703101.189375,2025-12-14 09:05:01,2025-12-14 17:05:01,BarData,132.617,0,0.0,0.0,193.228454,0.0,❌ 震荡 (Gap 2.1 < 10),132.924,132.896,2.1,0
1765703401.3677812,2025-12-14 09:10:01,2025-12-14 17:10:01,BarData,132.71,0,0.0,0.0,193.228454,0.0,❌ 震荡 (Gap 0.1 < 10),132.891,132.890,0.1,0
1765703701.9510546,2025-12-14 09:15:01,2025-12-14 17:15:01,BarData,132.514,0,0.0,0.0,193.228454,0.0,❌ 震荡 (Gap 3.4 < 10),132.833,132.877,3.4,0
1765704000.5761502,2025-12-14 09:20:00,2025-12-14 17:20:00,BarData,132.588,0,0.0,0.0,193.228454,0.0,❌ 震荡 (Gap 5.5 < 10),132.795,132.868,5.5,0
1765704300.3906064,2025-12-14 09:25:00,2025-12-14 17:25:00,BarData,132.476,0,0.0,0.0,193.228454,0.0,❌ 震荡 (Gap 8.2 < 10),132.746,132.855,8.2,0
1765704600.0928376,2025-12-14 09:30:00,2025-12-14 17:30:00,BarData,132.399,0,0.0,0.0,193.228454,0.0,✅ 触发交易,132.693,132.840,11.1,-1
1765704604.184693,2025-12-14 09:30:04,2025-12-14 17:30:04,Strategy_Open,132.399,1.0,0,-1.0,193.212376,0.0,Strategy_Signal,132.693,132.840,11.1,-1
1765704904.6439202,2025-12-14 09:35:04,2025-12-14 17:35:04,SL,132.542,1.0,-1.0,0.0,193.090376,0.0,🛡️ 止损 (-1.22%),132.693,132.840,11.1,-1
1765704904.6442318,2025-12-14 09:35:04,2025-12-14 17:35:04,PnlRecord,132.542,0,0,0,193.053376,-1.2237498111497669,空,132.693,132.840,11.1,-1
1765704906.865695,2025-12-14 09:35:06,2025-12-14 17:35:06,BarData,132.542,0,0.0,0.0,193.090376,0.0,✅ 触发交易,132.669,132.830,12.1,-1
1765704910.4070919,2025-12-14 09:35:10,2025-12-14 17:35:10,Strategy_Open,132.542,1.0,0,-1.0,193.068376,0.0,Strategy_Signal,132.669,132.830,12.1,-1
1765705200.4615145,2025-12-14 09:40:00,2025-12-14 17:40:00,BarData,132.461,0,-1.0,-1.0,193.122376,0.0,✅ 触发交易,132.637,132.818,13.7,-1
1765705500.6438267,2025-12-14 09:45:00,2025-12-14 17:45:00,BarData,132.333,0,-1.0,-1.0,193.26737599999998,0.0,❌ 快线向上,132.591,132.802,16.0,0
1765705501.3493319,2025-12-14 09:45:01,2025-12-14 17:45:01,PnlRecord,132.333,0,0,0,193.26737599999998,1.3131381738323755,空,132.591,132.802,16.0,0
1765705501.8571315,2025-12-14 09:45:01,2025-12-14 17:45:01,CloseSignal,132.333,1.0,-1.0,0,193.26737599999998,0.0,Strategy_TrendEnd,132.591,132.802,16.0,0
1765705801.1860719,2025-12-14 09:50:01,2025-12-14 17:50:01,BarData,132.406,0,0.0,0.0,193.263376,0.0,❌ 快线向上,132.562,132.789,17.2,0
1765706100.3400662,2025-12-14 09:55:00,2025-12-14 17:55:00,BarData,132.418,0,0.0,0.0,193.263376,0.0,✅ 触发交易,132.540,132.777,17.9,-1
1765706104.5227633,2025-12-14 09:55:04,2025-12-14 17:55:04,Strategy_Open,132.418,1.0,0,-1.0,193.259376,0.0,Strategy_Signal,132.540,132.777,17.9,-1
1765706402.7941258,2025-12-14 10:00:02,2025-12-14 18:00:02,BarData,132.296,0,-1.0,-1.0,193.391111,0.0,✅ 触发交易,132.502,132.761,19.6,-1
1765706700.558964,2025-12-14 10:05:00,2025-12-14 18:05:00,BarData,132.302,0,-1.0,-1.0,193.379111,0.0,❌ 快线向上,132.472,132.746,20.8,0
1765706701.2614942,2025-12-14 10:05:01,2025-12-14 18:05:01,PnlRecord,132.302,0,0,0,193.379111,0.868468550110704,空,132.472,132.746,20.8,0
1765706701.818305,2025-12-14 10:05:01,2025-12-14 18:05:01,CloseSignal,132.302,1.0,-1.0,0,193.379111,0.0,Strategy_TrendEnd,132.472,132.746,20.8,0
1765707000.3025749,2025-12-14 10:10:00,2025-12-14 18:10:00,BarData,132.471,0,0.0,0.0,193.377111,0.0,❌ 快线向上,132.472,132.737,20.1,0
1765707300.2698905,2025-12-14 10:15:00,2025-12-14 18:15:00,BarData,131.317,0,0.0,0.0,193.377111,0.0,✅ 触发交易,132.294,132.691,30.2,-1
1765707304.349143,2025-12-14 10:15:04,2025-12-14 18:15:04,Strategy_Open,131.317,1.0,0,-1.0,193.38411100000002,0.0,Strategy_Signal,132.294,132.691,30.2,-1
1765707604.4332283,2025-12-14 10:20:04,2025-12-14 18:20:04,SL,131.589,1.0,-1.0,0.0,193.137111,0.0,🛡️ 止损 (-2.00%),132.294,132.691,30.2,-1
1765707604.4335918,2025-12-14 10:20:04,2025-12-14 18:20:04,PnlRecord,131.589,0,0,0,193.10011100000003,-1.9950200644193536,空,132.294,132.691,30.2,-1
1765707606.824892,2025-12-14 10:20:06,2025-12-14 18:20:06,BarData,131.589,0,0.0,0.0,193.137111,0.0,✅ 触发交易,132.185,132.655,35.7,-1
1765707610.4033442,2025-12-14 10:20:10,2025-12-14 18:20:10,Strategy_Open,131.589,1.0,0,-1.0,193.11611100000002,0.0,Strategy_Signal,132.185,132.655,35.7,-1
1765707904.6931372,2025-12-14 10:25:04,2025-12-14 18:25:04,SL,132.068,1.0,-1.0,0.0,192.623753,0.0,🛡️ 止损 (-3.93%),132.185,132.655,35.7,-1
1765707904.6934652,2025-12-14 10:25:04,2025-12-14 18:25:04,PnlRecord,132.068,0,0,0,192.667111,-3.9300347393788293,空,132.185,132.655,35.7,-1
1765707906.5339463,2025-12-14 10:25:06,2025-12-14 18:25:06,BarData,132.068,0,0.0,0.0,192.623753,0.0,✅ 触发交易,132.167,132.635,35.4,-1
1765707910.098291,2025-12-14 10:25:10,2025-12-14 18:25:10,Strategy_Open,132.068,1.0,0,-1.0,192.623753,0.0,Strategy_Signal,132.167,132.635,35.4,-1
1765708200.151468,2025-12-14 10:30:00,2025-12-14 18:30:00,BarData,131.497,0,-1.0,-1.0,193.118753,0.0,✅ 触发交易,132.064,132.598,40.6,-1
1765708501.408573,2025-12-14 10:35:01,2025-12-14 18:35:01,BarData,131.634,0,-1.0,-1.0,192.99675299999998,0.0,❌ 快线向上,131.998,132.566,43.2,0
1765708502.1100745,2025-12-14 10:35:02,2025-12-14 18:35:02,PnlRecord,131.634,0,0,0,192.99675299999998,2.8029453652919956,空,131.998,132.566,43.2,0
1765708502.6116238,2025-12-14 10:35:02,2025-12-14 18:35:02,CloseSignal,131.634,1.0,-1.0,0,192.99675299999998,0.0,Strategy_TrendEnd,131.998,132.566,43.2,0
1765708802.2305741,2025-12-14 10:40:02,2025-12-14 18:40:02,BarData,131.653,0,0.0,0.0,192.995753,0.0,❌ 快线向上,131.945,132.536,44.9,0
1765709100.307344,2025-12-14 10:45:00,2025-12-14 18:45:00,BarData,131.771,0,0.0,0.0,192.995753,0.0,✅ 触发交易,131.918,132.511,45.0,-1
1765709104.4119768,2025-12-14 10:45:04,2025-12-14 18:45:04,Strategy_Open,131.771,1.0,0,-1.0,192.994753,0.0,Strategy_Signal,131.918,132.511,45.0,-1
1765709401.4874525,2025-12-14 10:50:01,2025-12-14 18:50:01,BarData,131.706,0,-1.0,-1.0,193.05075300000001,0.0,✅ 触发交易,131.886,132.485,45.5,-1
1765709700.6243496,2025-12-14 10:55:00,2025-12-14 18:55:00,BarData,131.691,0,-1.0,-1.0,193.059753,0.0,❌ 快线向上,131.856,132.459,45.8,0
1765709701.3412673,2025-12-14 10:55:01,2025-12-14 18:55:01,PnlRecord,131.691,0,0,0,193.059753,0.6146981149256964,空,131.856,132.459,45.8,0
1765709701.8575127,2025-12-14 10:55:01,2025-12-14 18:55:01,CloseSignal,131.691,1.0,-1.0,0,193.059753,0.0,Strategy_TrendEnd,131.856,132.459,45.8,0
1765710000.507585,2025-12-14 11:00:00,2025-12-14 19:00:00,BarData,131.708,0,0.0,0.0,193.084753,0.0,❌ 快线向上,131.833,132.434,45.7,0
1765710300.531967,2025-12-14 11:05:00,2025-12-14 19:05:00,BarData,131.37,0,0.0,0.0,193.084753,0.0,✅ 触发交易,131.762,132.399,48.5,-1
1765710304.644453,2025-12-14 11:05:04,2025-12-14 19:05:04,Strategy_Open,131.37,1.0,0,-1.0,193.004753,0.0,Strategy_Signal,131.762,132.399,48.5,-1
1765710604.1977577,2025-12-14 11:10:04,2025-12-14 19:10:04,SL,131.624,1.0,-1.0,0.0,192.885753,0.0,🛡️ 止损 (-1.41%),131.762,132.399,48.5,-1
1765710604.198087,2025-12-14 11:10:04,2025-12-14 19:10:04,PnlRecord,131.624,0,0,0,192.930753,-1.4074970138239205,空,131.762,132.399,48.5,-1
1765710606.3592281,2025-12-14 11:10:06,2025-12-14 19:10:06,BarData,131.624,0,0.0,0.0,192.885753,0.0,✅ 触发交易,131.741,132.374,48.1,-1
1765710609.914074,2025-12-14 11:10:09,2025-12-14 19:10:09,Strategy_Open,131.624,1.0,0,-1.0,192.90075299999998,0.0,Strategy_Signal,131.741,132.374,48.1,-1
1765710900.425695,2025-12-14 11:15:00,2025-12-14 19:15:00,BarData,131.666,0,-1.0,-1.0,192.84775299999998,0.0,✅ 触发交易,131.729,132.351,47.2,-1
1765711200.636407,2025-12-14 11:20:00,2025-12-14 19:20:00,BarData,131.313,0,-1.0,-1.0,193.142753,0.0,❌ 快线向上,131.665,132.317,49.6,0
1765711201.4008873,2025-12-14 11:20:01,2025-12-14 19:20:01,PnlRecord,131.313,0,0,0,193.142753,2.3097320254982416,空,131.665,132.317,49.6,0
1765711201.9170716,2025-12-14 11:20:01,2025-12-14 19:20:01,CloseSignal,131.313,1.0,-1.0,0,193.142753,0.0,Strategy_TrendEnd,131.665,132.317,49.6,0
1765711502.1700516,2025-12-14 11:25:02,2025-12-14 19:25:02,BarData,131.416,0,0.0,0.0,193.122753,0.0,❌ 快线向上,131.627,132.287,50.3,0
1765711800.5109143,2025-12-14 11:30:00,2025-12-14 19:30:00,BarData,131.321,0,0.0,0.0,193.122753,0.0,✅ 触发交易,131.580,132.256,51.5,-1
1765711804.643868,2025-12-14 11:30:04,2025-12-14 19:30:04,Strategy_Open,131.321,1.0,0,-1.0,193.128753,0.0,Strategy_Signal,131.580,132.256,51.5,-1
1765712100.6210713,2025-12-14 11:35:00,2025-12-14 19:35:00,BarData,131.256,0,-1.0,-1.0,193.26975299999998,0.0,✅ 触发交易,131.530,132.223,52.8,-1
1765712400.3155756,2025-12-14 11:40:00,2025-12-14 19:40:00,BarData,131.163,0,-1.0,-1.0,193.271753,0.0,❌ 快线向上,131.473,132.188,54.5,0
1765712401.0356603,2025-12-14 11:40:01,2025-12-14 19:40:01,PnlRecord,131.163,0,0,0,193.271753,1.2259754500319922,空,131.473,132.188,54.5,0
1765712401.5402625,2025-12-14 11:40:01,2025-12-14 19:40:01,CloseSignal,131.163,1.0,-1.0,0,193.271753,0.0,Strategy_TrendEnd,131.473,132.188,54.5,0
1765712700.5428457,2025-12-14 11:45:00,2025-12-14 19:45:00,BarData,130.403,0,0.0,0.0,193.318753,0.0,❌ 快线向上,131.309,132.129,62.9,0
1765713000.119742,2025-12-14 11:50:00,2025-12-14 19:50:00,BarData,131.061,0,0.0,0.0,193.318753,0.0,✅ 触发交易,131.271,132.094,62.9,-1
1765713004.222313,2025-12-14 11:50:04,2025-12-14 19:50:04,Strategy_Open,131.061,1.0,0,-1.0,193.296689,0.0,Strategy_Signal,131.271,132.094,62.9,-1
1765713304.3812788,2025-12-14 11:55:04,2025-12-14 19:55:04,SL,131.389,1.0,-1.0,0.0,192.946699,0.0,🛡️ 止损 (-2.78%),131.271,132.094,62.9,-1
1765713304.3816435,2025-12-14 11:55:04,2025-12-14 19:55:04,PnlRecord,131.389,0,0,0,192.94868899999997,-2.7780957832475046,空,131.271,132.094,62.9,-1
1765713306.892242,2025-12-14 11:55:06,2025-12-14 19:55:06,BarData,131.389,0,0.0,0.0,192.946699,0.0,✅ 触发交易,131.289,132.071,59.6,-1
1765713310.4524415,2025-12-14 11:55:10,2025-12-14 19:55:10,Strategy_Open,131.389,1.0,0,-1.0,192.943853,0.0,Strategy_Signal,131.289,132.071,59.6,-1
1765713600.3614428,2025-12-14 12:00:00,2025-12-14 20:00:00,BarData,131.386,0,-1.0,-1.0,192.968853,0.0,✅ 触发交易,131.304,132.049,56.7,-1
1765714288.5412655,2025-12-14 12:11:28,2025-12-14 20:11:28,BarData,131.17,0,-1.0,-1.0,193.099143,0.0,❌ 快线向上,131.283,132.020,56.2,0
1765714288.8996484,2025-12-14 12:11:28,2025-12-14 20:11:28,PnlRecord,131.17,0,0,0,193.099143,1.8491321254367785,空,131.283,132.020,56.2,0
1765714289.3995667,2025-12-14 12:11:29,2025-12-14 20:11:29,CloseSignal,131.17,1.0,-1.0,0,193.099143,0.0,Strategy_TrendEnd,131.283,132.020,56.2,0
1765714290.0169387,2025-12-14 12:11:30,2025-12-14 20:11:30,BarData,131.181,0,0.0,0.0,193.099143,0.0,❌ 快线向上,131.267,131.993,55.3,0
1765714500.3979764,2025-12-14 12:15:00,2025-12-14 20:15:00,BarData,131.264,0,0.0,0.0,193.168144,0.0,✅ 触发交易,131.267,131.969,53.5,-1
1765714504.2807767,2025-12-14 12:15:04,2025-12-14 20:15:04,Strategy_Open,131.264,1.0,0,-1.0,193.161144,0.0,Strategy_Signal,131.267,131.969,53.5,-1
1765714803.9453514,2025-12-14 12:20:03,2025-12-14 20:20:03,SL,131.764,1.0,-1.0,0.0,192.687144,0.0,🛡️ 止损 (-3.67%),131.267,131.969,53.5,-1
1765714803.9456954,2025-12-14 12:20:03,2025-12-14 20:20:03,PnlRecord,131.764,0,0,0,192.75814400000002,-3.671485809174139,空,131.267,131.969,53.5,-1
1765714806.1602404,2025-12-14 12:20:06,2025-12-14 20:20:06,BarData,131.764,0,0.0,0.0,192.687144,0.0,✅ 触发交易,131.343,131.962,46.9,-1
1765714809.7019508,2025-12-14 12:20:09,2025-12-14 20:20:09,Strategy_Open,131.764,1.0,0,-1.0,192.68014399999998,0.0,Strategy_Signal,131.343,131.962,46.9,-1
1765715100.5905726,2025-12-14 12:25:00,2025-12-14 20:25:00,BarData,131.614,0,-1.0,-1.0,192.878144,0.0,✅ 触发交易,131.385,131.951,43.0,-1
1765715400.5352802,2025-12-14 12:30:00,2025-12-14 20:30:00,BarData,131.322,0,-1.0,-1.0,193.17914399999998,0.0,❌ 快线向上,131.375,131.930,42.2,0
1765715401.2120335,2025-12-14 12:30:01,2025-12-14 20:30:01,PnlRecord,131.322,0,0,0,193.17914399999998,3.6191473379919716,空,131.375,131.930,42.2,0
1765715401.6394434,2025-12-14 12:30:01,2025-12-14 20:30:01,CloseSignal,131.322,1.0,-1.0,0,193.17914399999998,0.0,Strategy_TrendEnd,131.375,131.930,42.2,0
1765715700.6728735,2025-12-14 12:35:00,2025-12-14 20:35:00,BarData,131.401,0,0.0,0.0,193.169144,0.0,❌ 价格 > 快线,131.379,131.913,40.6,0
1765716001.4293647,2025-12-14 12:40:01,2025-12-14 20:40:01,BarData,131.575,0,0.0,0.0,193.169144,0.0,✅ 触发交易,131.409,131.902,37.4,-1
1765716005.3053203,2025-12-14 12:40:05,2025-12-14 20:40:05,Strategy_Open,131.575,1.0,0,-1.0,193.171144,0.0,Strategy_Signal,131.409,131.902,37.4,-1
1765716302.4456093,2025-12-14 12:45:02,2025-12-14 20:45:02,BarData,131.579,0,-1.0,-1.0,193.164144,0.0,✅ 触发交易,131.435,131.891,34.6,-1
1765716600.4204998,2025-12-14 12:50:00,2025-12-14 20:50:00,BarData,131.545,0,-1.0,-1.0,193.17214399999997,0.0,❌ 价格 > 快线,131.452,131.880,32.5,0
1765716601.1032584,2025-12-14 12:50:01,2025-12-14 20:50:01,PnlRecord,131.545,0,0,0,193.17214399999997,0.22800684020521483,空,131.452,131.880,32.5,0
1765716601.4341092,2025-12-14 12:50:01,2025-12-14 20:50:01,CloseSignal,131.545,1.0,-1.0,0,193.17214399999997,0.0,Strategy_TrendEnd,131.452,131.880,32.5,0
1765716900.1370063,2025-12-14 12:55:00,2025-12-14 20:55:00,BarData,131.599,0,0.0,0.0,193.205144,0.0,❌ 价格 > 快线,131.475,131.870,30.1,0
1765717201.361724,2025-12-14 13:00:01,2025-12-14 21:00:01,BarData,131.282,0,0.0,0.0,193.205144,0.0,✅ 触发交易,131.445,131.851,30.9,-1
1765717205.4376726,2025-12-14 13:00:05,2025-12-14 21:00:05,Strategy_Open,131.282,1.0,0,-1.0,193.21014399999999,0.0,Strategy_Signal,131.445,131.851,30.9,-1
1765717503.0673337,2025-12-14 13:05:03,2025-12-14 21:05:03,BarData,131.043,0,-1.0,-1.0,193.44814399999998,0.0,✅ 触发交易,131.383,131.825,33.7,-1
1765717800.15759,2025-12-14 13:10:00,2025-12-14 21:10:00,BarData,131.085,0,-1.0,-1.0,193.41214399999998,0.0,❌ 快线向上,131.337,131.800,35.3,0
1765717800.8943195,2025-12-14 13:10:00,2025-12-14 21:10:00,PnlRecord,131.085,0,0,0,193.41214399999998,1.629867706532408,空,131.337,131.800,35.3,0
1765717801.2022982,2025-12-14 13:10:01,2025-12-14 21:10:01,CloseSignal,131.085,1.0,-1.0,0,193.41214399999998,0.0,Strategy_TrendEnd,131.337,131.800,35.3,0
1765718100.346045,2025-12-14 13:15:00,2025-12-14 21:15:00,BarData,131.152,0,0.0,0.0,193.434144,0.0,❌ 快线向上,131.309,131.779,35.9,0
1765718400.4708467,2025-12-14 13:20:00,2025-12-14 21:20:00,BarData,131.05,0,0.0,0.0,193.434144,0.0,✅ 触发交易,131.269,131.755,37.1,-1
1765718404.4442713,2025-12-14 13:20:04,2025-12-14 21:20:04,Strategy_Open,131.05,1.0,0,-1.0,193.448144,0.0,Strategy_Signal,131.269,131.755,37.1,-1
1765718701.4150515,2025-12-14 13:25:01,2025-12-14 21:25:01,BarData,131.02,0,-1.0,-1.0,193.403144,0.0,✅ 触发交易,131.231,131.731,38.2,-1
1765719000.7513936,2025-12-14 13:30:00,2025-12-14 21:30:00,BarData,131.184,0,-1.0,-1.0,193.291144,0.0,❌ 快线向上,131.224,131.713,37.3,0
1765719001.4932199,2025-12-14 13:30:01,2025-12-14 21:30:01,PnlRecord,131.184,0,0,0,193.291144,-0.9919575136966094,空,131.224,131.713,37.3,0
1765719001.8307796,2025-12-14 13:30:01,2025-12-14 21:30:01,CloseSignal,131.184,1.0,-1.0,0,193.291144,0.0,Strategy_TrendEnd,131.224,131.713,37.3,0
1765719300.4809778,2025-12-14 13:35:00,2025-12-14 21:35:00,BarData,131.169,0,0.0,0.0,193.303144,0.0,❌ 快线向上,131.215,131.695,36.6,0
1765719600.6495852,2025-12-14 13:40:00,2025-12-14 21:40:00,BarData,131.115,0,0.0,0.0,193.303144,0.0,✅ 触发交易,131.200,131.676,36.3,-1
1765719604.5341792,2025-12-14 13:40:04,2025-12-14 21:40:04,Strategy_Open,131.115,1.0,0,-1.0,193.303144,0.0,Strategy_Signal,131.200,131.676,36.3,-1
1765719900.268999,2025-12-14 13:45:00,2025-12-14 21:45:00,BarData,131.074,0,-1.0,-1.0,193.369144,0.0,✅ 触发交易,131.180,131.657,36.3,-1
1765720200.6243067,2025-12-14 13:50:00,2025-12-14 21:50:00,BarData,131.153,0,-1.0,-1.0,193.274144,0.0,❌ 快线向上,131.176,131.640,35.4,0
1765720201.376469,2025-12-14 13:50:01,2025-12-14 21:50:01,PnlRecord,131.153,0,0,0,193.274144,-0.2287928128551142,空,131.176,131.640,35.4,0
1765720201.9714248,2025-12-14 13:50:01,2025-12-14 21:50:01,CloseSignal,131.153,1.0,-1.0,0,193.274144,0.0,Strategy_TrendEnd,131.176,131.640,35.4,0
1765720500.5820873,2025-12-14 13:55:00,2025-12-14 21:55:00,BarData,131.284,0,0.0,0.0,193.24752,0.0,❌ 价格 > 快线,131.193,131.628,33.2,0
1765720800.518359,2025-12-14 14:00:00,2025-12-14 22:00:00,BarData,131.575,0,0.0,0.0,193.24752,0.0,✅ 触发交易,131.252,131.627,28.5,-1
1765720804.979496,2025-12-14 14:00:04,2025-12-14 22:00:04,Strategy_Open,131.575,1.0,0,-1.0,193.24452000000002,0.0,Strategy_Signal,131.252,131.627,28.5,-1
1765721100.8002803,2025-12-14 14:05:00,2025-12-14 22:05:00,BarData,131.504,0,-1.0,-1.0,193.36152,0.0,✅ 触发交易,131.290,131.623,25.3,-1
1765721400.52778,2025-12-14 14:10:00,2025-12-14 22:10:00,BarData,131.492,0,-1.0,-1.0,193.42552,0.0,❌ 价格 > 快线,131.321,131.618,22.6,0
1765721401.2182019,2025-12-14 14:10:01,2025-12-14 22:10:01,PnlRecord,131.492,0,0,0,193.42552,0.7751113272641903,空,131.321,131.618,22.6,0
1765721401.5411158,2025-12-14 14:10:01,2025-12-14 22:10:01,CloseSignal,131.492,1.0,-1.0,0,193.42552,0.0,Strategy_TrendEnd,131.321,131.618,22.6,0
1765721700.74167,2025-12-14 14:15:00,2025-12-14 22:15:00,BarData,131.282,0,0.0,0.0,193.38152,0.0,❌ 快线向上,131.315,131.607,22.2,0
1765722000.423588,2025-12-14 14:20:00,2025-12-14 22:20:00,BarData,131.499,0,0.0,0.0,193.38152,0.0,✅ 触发交易,131.344,131.604,19.8,-1
1765722004.4336429,2025-12-14 14:20:04,2025-12-14 22:20:04,Strategy_Open,131.499,1.0,0,-1.0,193.38752,0.0,Strategy_Signal,131.344,131.604,19.8,-1
1765722300.3532424,2025-12-14 14:25:00,2025-12-14 22:25:00,BarData,131.441,0,-1.0,-1.0,193.43152,0.0,✅ 触发交易,131.359,131.598,18.2,-1
1765722602.3599608,2025-12-14 14:30:02,2025-12-14 22:30:02,BarData,131.376,0,-1.0,-1.0,193.54152,0.0,❌ 价格 > 快线,131.361,131.591,17.5,0
1765722603.0654864,2025-12-14 14:30:03,2025-12-14 22:30:03,PnlRecord,131.376,0,0,0,193.54152,0.9277707645742573,空,131.361,131.591,17.5,0
1765722603.3951495,2025-12-14 14:30:03,2025-12-14 22:30:03,CloseSignal,131.376,1.0,-1.0,0,193.54152,0.0,Strategy_TrendEnd,131.361,131.591,17.5,0
1765722900.3829777,2025-12-14 14:35:00,2025-12-14 22:35:00,BarData,130.813,0,0.0,0.0,193.50452,0.0,❌ 快线向上,131.277,131.566,22.1,0
1765723200.578464,2025-12-14 14:40:00,2025-12-14 22:40:00,BarData,130.772,0,0.0,0.0,193.50452,0.0,✅ 触发交易,131.199,131.540,26.0,-1
1765723204.4435048,2025-12-14 14:40:04,2025-12-14 22:40:04,Strategy_Open,130.772,1.0,0,-1.0,193.49452000000002,0.0,Strategy_Signal,131.199,131.540,26.0,-1
1765723500.820753,2025-12-14 14:45:00,2025-12-14 22:45:00,BarData,130.66,0,-1.0,-1.0,193.64352000000002,0.0,✅ 触发交易,131.116,131.511,30.2,-1
1765723802.431007,2025-12-14 14:50:02,2025-12-14 22:50:02,BarData,130.743,0,-1.0,-1.0,193.56352,0.0,❌ 快线向上,131.059,131.486,32.6,0
1765723803.134357,2025-12-14 14:50:03,2025-12-14 22:50:03,PnlRecord,130.743,0,0,0,193.56352,0.19882388027751574,空,131.059,131.486,32.6,0
1765723803.4634185,2025-12-14 14:50:03,2025-12-14 22:50:03,CloseSignal,130.743,1.0,-1.0,0,193.56352,0.0,Strategy_TrendEnd,131.059,131.486,32.6,0
1765724102.3460636,2025-12-14 14:55:02,2025-12-14 22:55:02,BarData,130.803,0,0.0,0.0,193.59052,0.0,❌ 快线向上,131.019,131.463,33.9,0
1765724400.543782,2025-12-14 15:00:00,2025-12-14 23:00:00,BarData,130.828,0,0.0,0.0,193.59052,0.0,✅ 触发交易,130.990,131.442,34.6,-1
1765724404.4698856,2025-12-14 15:00:04,2025-12-14 23:00:04,Strategy_Open,130.828,1.0,0,-1.0,193.58552,0.0,Strategy_Signal,130.990,131.442,34.6,-1
1765724700.8164902,2025-12-14 15:05:00,2025-12-14 23:05:00,BarData,130.813,0,-1.0,-1.0,193.66152,0.0,✅ 触发交易,130.963,131.422,35.1,-1
1765725000.2740986,2025-12-14 15:10:00,2025-12-14 23:10:00,BarData,130.588,0,-1.0,-1.0,193.81752,0.0,❌ 快线向上,130.905,131.394,37.5,0
1765725000.9489748,2025-12-14 15:10:00,2025-12-14 23:10:00,PnlRecord,130.588,0,0,0,193.81752,1.70474960056886,空,130.905,131.394,37.5,0
1765725001.2923253,2025-12-14 15:10:01,2025-12-14 23:10:01,CloseSignal,130.588,1.0,-1.0,0,193.81752,0.0,Strategy_TrendEnd,130.905,131.394,37.5,0
1765725300.8320444,2025-12-14 15:15:00,2025-12-14 23:15:00,BarData,130.715,0,0.0,0.0,193.80552,0.0,❌ 快线向上,130.876,131.372,38.0,0
1765725600.6336863,2025-12-14 15:20:00,2025-12-14 23:20:00,BarData,130.709,0,0.0,0.0,193.80552,0.0,✅ 触发交易,130.850,131.350,38.3,-1
1765725604.5512624,2025-12-14 15:20:04,2025-12-14 23:20:04,Strategy_Open,130.709,1.0,0,-1.0,193.79052000000001,0.0,Strategy_Signal,130.850,131.350,38.3,-1
1765725901.6416295,2025-12-14 15:25:01,2025-12-14 23:25:01,BarData,130.762,0,-1.0,-1.0,193.69252,0.0,✅ 触发交易,130.837,131.331,37.8,-1
1765726200.646307,2025-12-14 15:30:00,2025-12-14 23:30:00,BarData,130.461,0,-1.0,-1.0,194.00352,0.0,❌ 快线向上,130.779,131.303,40.1,0
1765726201.3507957,2025-12-14 15:30:01,2025-12-14 23:30:01,PnlRecord,130.461,0,0,0,194.00352,1.5153950359330708,空,130.779,131.303,40.1,0
1765726201.6867979,2025-12-14 15:30:01,2025-12-14 23:30:01,CloseSignal,130.461,1.0,-1.0,0,194.00352,0.0,Strategy_TrendEnd,130.779,131.303,40.1,0
1765726500.4069595,2025-12-14 15:35:00,2025-12-14 23:35:00,BarData,130.453,0,0.0,0.0,194.00852,0.0,❌ 快线向上,130.729,131.275,41.9,0
1765726800.375315,2025-12-14 15:40:00,2025-12-14 23:40:00,BarData,130.561,0,0.0,0.0,194.00852,0.0,✅ 触发交易,130.703,131.251,42.0,-1
1765726804.267621,2025-12-14 15:40:04,2025-12-14 23:40:04,Strategy_Open,130.561,1.0,0,-1.0,193.98452,0.0,Strategy_Signal,130.703,131.251,42.0,-1
1765727100.220439,2025-12-14 15:45:00,2025-12-14 23:45:00,BarData,130.675,0,-1.0,-1.0,193.87752,0.0,✅ 触发交易,130.699,131.232,40.8,-1
1765727400.7393405,2025-12-14 15:50:00,2025-12-14 23:50:00,BarData,130.621,0,-1.0,-1.0,193.97652,0.0,❌ 快线向上,130.687,131.212,40.2,0
1765727401.4152513,2025-12-14 15:50:01,2025-12-14 23:50:01,PnlRecord,130.621,0,0,0,193.97652,-0.5591812973006672,空,130.687,131.212,40.2,0
1765727401.793204,2025-12-14 15:50:01,2025-12-14 23:50:01,CloseSignal,130.621,1.0,-1.0,0,193.97652,0.0,Strategy_TrendEnd,130.687,131.212,40.2,0
1765727700.697583,2025-12-14 15:55:00,2025-12-14 23:55:00,BarData,130.657,0,0.0,0.0,193.93552,0.0,❌ 快线向上,130.682,131.194,39.2,0
1765728000.2047527,2025-12-14 16:00:00,2025-12-15 00:00:00,BarData,130.594,0,0.0,0.0,193.93552,0.0,✅ 触发交易,130.669,131.174,38.7,-1
1765728004.3597302,2025-12-14 16:00:04,2025-12-15 00:00:04,Strategy_Open,130.594,1.0,0,-1.0,193.93552,0.0,Strategy_Signal,130.669,131.174,38.7,-1
1765728300.3526192,2025-12-14 16:05:00,2025-12-15 00:05:00,BarData,130.682,0,-1.0,-1.0,193.82452,0.0,✅ 触发交易,130.671,131.158,37.3,-1
1765728600.673244,2025-12-14 16:10:00,2025-12-15 00:10:00,BarData,130.54,0,-1.0,-1.0,193.96952,0.0,❌ 快线向上,130.651,131.138,37.3,0
1765728601.3554194,2025-12-14 16:10:01,2025-12-15 00:10:01,PnlRecord,130.54,0,0,0,193.96952,0.32163697906297645,空,130.651,131.138,37.3,0
1765728601.840749,2025-12-14 16:10:01,2025-12-15 00:10:01,CloseSignal,130.54,1.0,-1.0,0,193.96952,0.0,Strategy_TrendEnd,130.651,131.138,37.3,0
1765728900.5813901,2025-12-14 16:15:00,2025-12-15 00:15:00,BarData,130.723,0,0.0,0.0,193.98452,0.0,❌ 价格 > 快线,130.662,131.124,35.4,0
1765729200.23406,2025-12-14 16:20:00,2025-12-15 00:20:00,BarData,130.925,0,0.0,0.0,193.98452,0.0,✅ 触发交易,130.702,131.118,31.8,-1
1765729204.0972242,2025-12-14 16:20:04,2025-12-15 00:20:04,Strategy_Open,130.925,1.0,0,-1.0,193.95152000000002,0.0,Strategy_Signal,130.702,131.118,31.8,-1
1765729504.2235155,2025-12-14 16:25:04,2025-12-15 00:25:04,SL,131.082,1.0,-1.0,0.0,193.82052,0.0,🛡️ 止损 (-1.20%),130.702,131.118,31.8,-1
1765729504.2238333,2025-12-14 16:25:04,2025-12-15 00:25:04,PnlRecord,131.082,0,0,0,193.81952,-1.1991598243267692,空,130.702,131.118,31.8,-1
1765729506.5546489,2025-12-14 16:25:06,2025-12-15 00:25:06,BarData,131.082,0,0.0,0.0,193.82052,0.0,✅ 触发交易,130.761,131.117,27.2,-1
1765729510.1047459,2025-12-14 16:25:10,2025-12-15 00:25:10,Strategy_Open,131.082,1.0,0,-1.0,193.82351999999997,0.0,Strategy_Signal,130.761,131.117,27.2,-1
1765729804.4705417,2025-12-14 16:30:04,2025-12-15 00:30:04,SL,131.29,1.0,-1.0,0.0,193.58752,0.0,🛡️ 止损 (-1.84%),130.761,131.117,27.2,-1
1765729804.4708655,2025-12-14 16:30:04,2025-12-15 00:30:04,PnlRecord,131.29,0,0,0,193.58151999999998,-1.839006783722008,空,130.761,131.117,27.2,-1
1765729806.8863897,2025-12-14 16:30:06,2025-12-15 00:30:06,BarData,131.29,0,0.0,0.0,193.58752,0.0,✅ 触发交易,130.842,131.122,21.4,-1
1765729810.4239788,2025-12-14 16:30:10,2025-12-15 00:30:10,Strategy_Open,131.29,1.0,0,-1.0,193.58652,0.0,Strategy_Signal,130.842,131.122,21.4,-1
1765730100.1318097,2025-12-14 16:35:00,2025-12-15 00:35:00,BarData,130.843,0,-1.0,-1.0,193.99652,0.0,✅ 触发交易,130.842,131.113,20.7,-1
1765730401.7878685,2025-12-14 16:40:01,2025-12-15 00:40:01,BarData,130.746,0,-1.0,-1.0,194.17952000000002,0.0,❌ 快线向上,130.827,131.101,20.9,0
1765730402.4795249,2025-12-14 16:40:02,2025-12-15 00:40:02,PnlRecord,130.746,0,0,0,194.17952000000002,4.439232766563352,空,130.827,131.101,20.9,0
1765730402.811348,2025-12-14 16:40:02,2025-12-15 00:40:02,CloseSignal,130.746,1.0,-1.0,0,194.17952000000002,0.0,Strategy_TrendEnd,130.827,131.101,20.9,0
1765730700.5196257,2025-12-14 16:45:00,2025-12-15 00:45:00,BarData,130.575,0,0.0,0.0,194.17852,0.0,❌ 快线向上,130.789,131.084,22.6,0
1765731000.3850975,2025-12-14 16:50:00,2025-12-15 00:50:00,BarData,130.852,0,0.0,0.0,194.17852,0.0,✅ 触发交易,130.798,131.076,21.2,-1
1765731004.3076043,2025-12-14 16:50:04,2025-12-15 00:50:04,Strategy_Open,130.852,1.0,0,-1.0,194.18352,0.0,Strategy_Signal,130.798,131.076,21.2,-1
1765731300.2293153,2025-12-14 16:55:00,2025-12-15 00:55:00,BarData,130.878,0,-1.0,-1.0,194.14852,0.0,✅ 触发交易,130.811,131.070,19.8,-1
1765731600.0810032,2025-12-14 17:00:00,2025-12-15 01:00:00,BarData,130.953,0,-1.0,-1.0,194.10252,0.0,❌ 价格 > 快线,130.832,131.066,17.8,0
1765731600.7874255,2025-12-14 17:00:00,2025-12-15 01:00:00,PnlRecord,130.953,0,0,0,194.10252,-0.6036340296774588,空,130.832,131.066,17.8,0
1765731601.1150181,2025-12-14 17:00:01,2025-12-15 01:00:01,CloseSignal,130.953,1.0,-1.0,0,194.10252,0.0,Strategy_TrendEnd,130.832,131.066,17.8,0
1765731900.2238655,2025-12-14 17:05:00,2025-12-15 01:05:00,BarData,130.905,0,0.0,0.0,194.09852,0.0,❌ 价格 > 快线,130.844,131.061,16.6,0
1765732200.1751409,2025-12-14 17:10:00,2025-12-15 01:10:00,BarData,130.75,0,0.0,0.0,194.09852,0.0,✅ 触发交易,130.829,131.051,16.9,-1
1765732204.0717218,2025-12-14 17:10:04,2025-12-15 01:10:04,Strategy_Open,130.75,1.0,0,-1.0,194.100022,0.0,Strategy_Signal,130.829,131.051,16.9,-1
1765732505.0696895,2025-12-14 17:15:05,2025-12-15 01:15:05,TP,129.816,1.0,-1.0,0.0,195.067022,0.0,🚀 止盈 (+7.07%),130.829,131.051,16.9,-1
1765732505.0700345,2025-12-14 17:15:05,2025-12-15 01:15:05,PnlRecord,129.816,0,0,0,195.050022,7.067462138595736,空,130.829,131.051,16.9,-1
1765732507.5046368,2025-12-14 17:15:07,2025-12-15 01:15:07,BarData,129.816,0,0.0,0.0,195.067022,0.0,✅ 触发交易,130.673,131.010,25.9,-1
1765732511.0344012,2025-12-14 17:15:11,2025-12-15 01:15:11,Strategy_Open,129.816,1.0,0,-1.0,195.078022,0.0,Strategy_Signal,130.673,131.010,25.9,-1
1765732804.213689,2025-12-14 17:20:04,2025-12-15 01:20:04,SL,130.004,1.0,-1.0,0.0,194.837022,0.0,🛡️ 止损 (-1.79%),130.673,131.010,25.9,-1
1765732804.2140224,2025-12-14 17:20:04,2025-12-15 01:20:04,PnlRecord,130.004,0,0,0,194.89102200000002,-1.7877508245230045,空,130.673,131.010,25.9,-1
1765732806.294971,2025-12-14 17:20:06,2025-12-15 01:20:06,BarData,130.004,0,0.0,0.0,194.837022,0.0,✅ 触发交易,130.570,130.977,31.3,-1
1765732809.963825,2025-12-14 17:20:09,2025-12-15 01:20:09,Strategy_Open,130.004,1.0,0,-1.0,194.83602199999999,0.0,Strategy_Signal,130.570,130.977,31.3,-1
1765733100.4722126,2025-12-14 17:25:00,2025-12-15 01:25:00,BarData,130.09,0,-1.0,-1.0,194.685022,0.0,✅ 触发交易,130.496,130.948,34.7,-1
1765733402.6632035,2025-12-14 17:30:02,2025-12-15 01:30:02,BarData,129.876,0,-1.0,-1.0,194.95402199999998,0.0,❌ 快线向上,130.401,130.913,39.4,0
1765733403.3348205,2025-12-14 17:30:03,2025-12-15 01:30:03,PnlRecord,129.876,0,0,0,194.95402199999998,0.7001777374257171,空,130.401,130.913,39.4,0
1765733403.6663268,2025-12-14 17:30:03,2025-12-15 01:30:03,CloseSignal,129.876,1.0,-1.0,0,194.95402199999998,0.0,Strategy_TrendEnd,130.401,130.913,39.4,0
1765733700.3257363,2025-12-14 17:35:00,2025-12-15 01:35:00,BarData,129.647,0,0.0,0.0,194.983022,0.0,❌ 快线向上,130.285,130.871,45.2,0
1765734000.3893616,2025-12-14 17:40:00,2025-12-15 01:40:00,BarData,129.804,0,0.0,0.0,194.983022,0.0,✅ 触发交易,130.211,130.836,48.2,-1
1765734004.2481456,2025-12-14 17:40:04,2025-12-15 01:40:04,Strategy_Open,129.804,1.0,0,-1.0,194.971022,0.0,Strategy_Signal,130.211,130.836,48.2,-1
1765734304.2012763,2025-12-14 17:45:04,2025-12-15 01:45:04,SL,130.045,1.0,-1.0,0.0,194.785022,0.0,🛡️ 止损 (-1.72%),130.211,130.836,48.2,-1
1765734304.20159,2025-12-14 17:45:04,2025-12-15 01:45:04,PnlRecord,130.045,0,0,0,194.745022,-1.7177365931813156,空,130.211,130.836,48.2,-1
1765734306.6293426,2025-12-14 17:45:06,2025-12-15 01:45:06,BarData,130.045,0,0.0,0.0,194.785022,0.0,✅ 触发交易,130.185,130.810,48.1,-1
1765734310.2427108,2025-12-14 17:45:10,2025-12-15 01:45:10,Strategy_Open,130.045,1.0,0,-1.0,194.781022,0.0,Strategy_Signal,130.185,130.810,48.1,-1
1765734600.4418004,2025-12-14 17:50:00,2025-12-15 01:50:00,BarData,129.999,0,-1.0,-1.0,194.787022,0.0,✅ 触发交易,130.157,130.784,48.2,-1
1765734900.2505417,2025-12-14 17:55:00,2025-12-15 01:55:00,BarData,130.108,0,-1.0,-1.0,194.685022,0.0,❌ 快线向上,130.149,130.762,47.1,0
1765734900.922396,2025-12-14 17:55:00,2025-12-15 01:55:00,PnlRecord,130.108,0,0,0,194.685022,-0.707605217819445,空,130.149,130.762,47.1,0
1765734901.2360013,2025-12-14 17:55:01,2025-12-15 01:55:01,CloseSignal,130.108,1.0,-1.0,0,194.685022,0.0,Strategy_TrendEnd,130.149,130.762,47.1,0
1765735200.2499204,2025-12-14 18:00:00,2025-12-15 02:00:00,BarData,129.975,0,0.0,0.0,194.686022,0.0,❌ 快线向上,130.122,130.736,47.2,0
1765735500.092986,2025-12-14 18:05:00,2025-12-15 02:05:00,BarData,130.128,0,0.0,0.0,194.686022,0.0,✅ 触发交易,130.123,130.716,45.5,-1
1765735504.1271544,2025-12-14 18:05:04,2025-12-15 02:05:04,Strategy_Open,130.128,1.0,0,-1.0,194.67102200000002,0.0,Strategy_Signal,130.123,130.716,45.5,-1
1765735800.2352946,2025-12-14 18:10:00,2025-12-15 02:10:00,BarData,130.252,0,-1.0,-1.0,194.61602200000002,0.0,✅ 触发交易,130.143,130.701,42.8,-1
1765736104.1399136,2025-12-14 18:15:04,2025-12-15 02:15:04,SL,130.321,1.0,-1.0,0.0,194.530022,0.0,🛡️ 止损 (-1.21%),130.143,130.701,42.8,-1
1765736104.140233,2025-12-14 18:15:04,2025-12-15 02:15:04,PnlRecord,130.321,0,0,0,194.535022,-1.2138626184091257,空,130.143,130.701,42.8,-1
1765736106.3882923,2025-12-14 18:15:06,2025-12-15 02:15:06,BarData,130.321,0,0.0,0.0,194.530022,0.0,❌ 价格 > 快线,130.170,130.688,39.7,0
1765736401.9630716,2025-12-14 18:20:01,2025-12-15 02:20:01,BarData,130.57,0,0.0,0.0,194.530022,0.0,✅ 触发交易,130.232,130.684,34.7,-1
1765736405.820967,2025-12-14 18:20:05,2025-12-15 02:20:05,Strategy_Open,130.57,1.0,0,-1.0,194.520022,0.0,Strategy_Signal,130.232,130.684,34.7,-1
1765736700.45908,2025-12-14 18:25:00,2025-12-15 02:25:00,BarData,130.313,0,-1.0,-1.0,194.714022,0.0,✅ 触发交易,130.244,130.672,32.8,-1
1765737000.420793,2025-12-14 18:30:00,2025-12-15 02:30:00,BarData,130.117,0,-1.0,-1.0,194.950022,0.0,❌ 快线向上,130.225,130.654,33.0,0
1765737001.1001472,2025-12-14 18:30:01,2025-12-15 02:30:01,PnlRecord,130.117,0,0,0,194.950022,3.31673688242069,空,130.225,130.654,33.0,0
1765737001.5634499,2025-12-14 18:30:01,2025-12-15 02:30:01,CloseSignal,130.117,1.0,-1.0,0,194.950022,0.0,Strategy_TrendEnd,130.225,130.654,33.0,0
1765737301.498953,2025-12-14 18:35:01,2025-12-15 02:35:01,BarData,130.293,0,0.0,0.0,194.942022,0.0,❌ 价格 > 快线,130.235,130.642,31.2,0
1765737602.0705647,2025-12-14 18:40:02,2025-12-15 02:40:02,BarData,130.368,0,0.0,0.0,194.942022,0.0,✅ 触发交易,130.256,130.633,29.0,-1
1765737605.9490283,2025-12-14 18:40:05,2025-12-15 02:40:05,Strategy_Open,130.368,1.0,0,-1.0,194.948022,0.0,Strategy_Signal,130.256,130.633,29.0,-1
1765737900.2400594,2025-12-14 18:45:00,2025-12-15 02:45:00,BarData,130.21,0,-1.0,-1.0,195.118022,0.0,✅ 触发交易,130.249,130.619,28.5,-1
1765738200.5879302,2025-12-14 18:50:00,2025-12-15 02:50:00,BarData,130.217,0,-1.0,-1.0,195.125022,0.0,❌ 快线向上,130.244,130.606,27.8,0
1765738201.2569728,2025-12-14 18:50:01,2025-12-15 02:50:01,PnlRecord,130.217,0,0,0,195.125022,1.2578519876361378,空,130.244,130.606,27.8,0
1765738201.5764112,2025-12-14 18:50:01,2025-12-15 02:50:01,CloseSignal,130.217,1.0,-1.0,0,195.125022,0.0,Strategy_TrendEnd,130.244,130.606,27.8,0
1765738500.2990701,2025-12-14 18:55:00,2025-12-15 02:55:00,BarData,130.375,0,0.0,0.0,195.112022,0.0,❌ 价格 > 快线,130.264,130.599,25.7,0
1765738800.1010182,2025-12-14 19:00:00,2025-12-15 03:00:00,BarData,130.549,0,0.0,0.0,195.112022,0.0,✅ 触发交易,130.308,130.597,22.1,-1
1765738803.9510224,2025-12-14 19:00:03,2025-12-15 03:00:03,Strategy_Open,130.549,1.0,0,-1.0,195.101022,0.0,Strategy_Signal,130.308,130.597,22.1,-1
1765739101.3983812,2025-12-14 19:05:01,2025-12-15 03:05:01,BarData,130.338,0,-1.0,-1.0,195.289022,0.0,✅ 触发交易,130.312,130.588,21.2,-1
1765739400.4029143,2025-12-14 19:10:00,2025-12-15 03:10:00,BarData,130.239,0,-1.0,-1.0,195.342022,0.0,❌ 快线向上,130.301,130.577,21.2,0
1765739401.0947711,2025-12-14 19:10:01,2025-12-15 03:10:01,PnlRecord,130.239,0,0,0,195.342022,2.1452815298922085,空,130.301,130.577,21.2,0
1765739401.4190104,2025-12-14 19:10:01,2025-12-15 03:10:01,CloseSignal,130.239,1.0,-1.0,0,195.342022,0.0,Strategy_TrendEnd,130.301,130.577,21.2,0
1765739700.333083,2025-12-14 19:15:00,2025-12-15 03:15:00,BarData,130.108,0,0.0,0.0,195.427022,0.0,❌ 快线向上,130.271,130.562,22.3,0
1765740000.4276526,2025-12-14 19:20:00,2025-12-15 03:20:00,BarData,130.12,0,0.0,0.0,195.427022,0.0,✅ 触发交易,130.248,130.547,23.0,-1
1765740004.328662,2025-12-14 19:20:04,2025-12-15 03:20:04,Strategy_Open,130.12,1.0,0,-1.0,195.378022,0.0,Strategy_Signal,130.248,130.547,23.0,-1
1765740300.6995595,2025-12-14 19:25:00,2025-12-15 03:25:00,BarData,129.998,0,-1.0,-1.0,195.551022,0.0,✅ 触发交易,130.210,130.529,24.6,-1
1765740601.3669233,2025-12-14 19:30:01,2025-12-15 03:30:01,BarData,130.099,0,-1.0,-1.0,195.438022,0.0,❌ 快线向上,130.193,130.515,24.8,0
1765740602.0404885,2025-12-14 19:30:02,2025-12-15 03:30:02,PnlRecord,130.099,0,0,0,195.438022,0.15370545423812226,空,130.193,130.515,24.8,0
1765740602.364089,2025-12-14 19:30:02,2025-12-15 03:30:02,CloseSignal,130.099,1.0,-1.0,0,195.438022,0.0,Strategy_TrendEnd,130.193,130.515,24.8,0
1765740900.088493,2025-12-14 19:35:00,2025-12-15 03:35:00,BarData,130.259,0,0.0,0.0,195.415022,0.0,❌ 价格 > 快线,130.203,130.507,23.3,0
1765741200.1548784,2025-12-14 19:40:00,2025-12-15 03:40:00,BarData,130.104,0,0.0,0.0,195.415022,0.0,✅ 触发交易,130.188,130.493,23.5,-1
1765741204.0424423,2025-12-14 19:40:04,2025-12-15 03:40:04,Strategy_Open,130.104,1.0,0,-1.0,195.407176,0.0,Strategy_Signal,130.188,130.493,23.5,-1
1765741500.6411445,2025-12-14 19:45:00,2025-12-15 03:45:00,BarData,130.201,0,-1.0,-1.0,195.295176,0.0,✅ 触发交易,130.190,130.484,22.6,-1
1765741805.2323203,2025-12-14 19:50:05,2025-12-15 03:50:05,SL,130.263,1.0,-1.0,0.0,195.236176,0.0,🛡️ 止损 (-1.28%),130.190,130.484,22.6,-1
1765741805.2326396,2025-12-14 19:50:05,2025-12-15 03:50:05,PnlRecord,130.263,0,0,0,195.253176,-1.275971006249159,空,130.190,130.484,22.6,-1
1765741807.4841065,2025-12-14 19:50:07,2025-12-15 03:50:07,BarData,130.263,0,0.0,0.0,195.236176,0.0,❌ 价格 > 快线,130.201,130.477,21.2,0
1765742100.5411968,2025-12-14 19:55:00,2025-12-15 03:55:00,BarData,130.228,0,0.0,0.0,195.236176,0.0,✅ 触发交易,130.205,130.468,20.2,-1
1765742104.4066412,2025-12-14 19:55:04,2025-12-15 03:55:04,Strategy_Open,130.228,1.0,0,-1.0,195.23317600000001,0.0,Strategy_Signal,130.205,130.468,20.2,-1
1765742400.730437,2025-12-14 20:00:00,2025-12-15 04:00:00,BarData,130.212,0,-1.0,-1.0,195.196176,0.0,✅ 触发交易,130.206,130.460,19.5,-1
1765742701.4479215,2025-12-14 20:05:01,2025-12-15 04:05:01,BarData,130.307,0,-1.0,-1.0,195.155394,0.0,❌ 价格 > 快线,130.222,130.455,17.9,0
1765742702.1812286,2025-12-14 20:05:02,2025-12-15 04:05:02,PnlRecord,130.307,0,0,0,195.155394,-0.6911539967897815,空,130.222,130.455,17.9,0
1765742702.5116687,2025-12-14 20:05:02,2025-12-15 04:05:02,CloseSignal,130.307,1.0,-1.0,0,195.155394,0.0,Strategy_TrendEnd,130.222,130.455,17.9,0
1765743000.430628,2025-12-14 20:10:00,2025-12-15 04:10:00,BarData,130.165,0,0.0,0.0,195.144394,0.0,❌ 快线向上,130.213,130.446,17.9,0
1765743300.6340501,2025-12-14 20:15:00,2025-12-15 04:15:00,BarData,130.558,0,0.0,0.0,195.144394,0.0,✅ 触发交易,130.266,130.449,14.0,-1
1765743304.6480176,2025-12-14 20:15:04,2025-12-15 04:15:04,Strategy_Open,130.558,1.0,0,-1.0,195.130394,0.0,Strategy_Signal,130.266,130.449,14.0,-1
1765743600.2801132,2025-12-14 20:20:00,2025-12-15 04:20:00,BarData,130.228,0,-1.0,-1.0,195.45039400000002,0.0,✅ 触发交易,130.260,130.442,14.0,-1
1765743900.4725704,2025-12-14 20:25:00,2025-12-15 04:25:00,BarData,130.172,0,-1.0,-1.0,195.512394,0.0,❌ 快线向上,130.247,130.433,14.3,0
1765743901.1670344,2025-12-14 20:25:01,2025-12-15 04:25:01,PnlRecord,130.172,0,0,0,195.512394,2.7350244007078834,空,130.247,130.433,14.3,0
1765743901.486544,2025-12-14 20:25:01,2025-12-15 04:25:01,CloseSignal,130.172,1.0,-1.0,0,195.512394,0.0,Strategy_TrendEnd,130.247,130.433,14.3,0
1765744200.3363314,2025-12-14 20:30:00,2025-12-15 04:30:00,BarData,130.099,0,0.0,0.0,195.493394,0.0,❌ 快线向上,130.224,130.422,15.2,0
1765744500.2181792,2025-12-14 20:35:00,2025-12-15 04:35:00,BarData,130.082,0,0.0,0.0,195.493394,0.0,✅ 触发交易,130.202,130.411,16.1,-1
1765744504.086248,2025-12-14 20:35:04,2025-12-15 04:35:04,Strategy_Open,130.082,1.0,0,-1.0,195.466394,0.0,Strategy_Signal,130.202,130.411,16.1,-1
1765744800.4168475,2025-12-14 20:40:00,2025-12-15 04:40:00,BarData,130.113,0,-1.0,-1.0,195.477394,0.0,✅ 触发交易,130.188,130.401,16.4,-1
1765745100.5677748,2025-12-14 20:45:00,2025-12-15 04:45:00,BarData,130.105,0,-1.0,-1.0,195.474394,0.0,❌ 快线向上,130.176,130.392,16.6,0
1765745101.2359595,2025-12-14 20:45:01,2025-12-15 04:45:01,PnlRecord,130.105,0,0,0,195.474394,-0.18450042665724364,空,130.176,130.392,16.6,0
1765745101.61284,2025-12-14 20:45:01,2025-12-15 04:45:01,CloseSignal,130.105,1.0,-1.0,0,195.474394,0.0,Strategy_TrendEnd,130.176,130.392,16.6,0
1765745400.2528791,2025-12-14 20:50:00,2025-12-15 04:50:00,BarData,130.121,0,0.0,0.0,195.469394,0.0,❌ 快线向上,130.167,130.383,16.6,0
1765745702.2271032,2025-12-14 20:55:02,2025-12-15 04:55:02,BarData,130.011,0,0.0,0.0,195.469394,0.0,✅ 触发交易,130.143,130.370,17.5,-1
1765745706.0871153,2025-12-14 20:55:06,2025-12-15 04:55:06,Strategy_Open,130.011,1.0,0,-1.0,195.471394,0.0,Strategy_Signal,130.143,130.370,17.5,-1
1765746000.3902547,2025-12-14 21:00:00,2025-12-15 05:00:00,BarData,129.964,0,-1.0,-1.0,195.506394,0.0,✅ 触发交易,130.116,130.357,18.6,-1
1765746300.145822,2025-12-14 21:05:00,2025-12-15 05:05:00,BarData,129.695,0,-1.0,-1.0,195.639093,0.0,❌ 快线向上,130.051,130.335,21.9,0
1765746300.819711,2025-12-14 21:05:00,2025-12-15 05:05:00,PnlRecord,129.695,0,0,0,195.639093,2.430563567698137,空,130.051,130.335,21.9,0
1765746301.1433144,2025-12-14 21:05:01,2025-12-15 05:05:01,CloseSignal,129.695,1.0,-1.0,0,195.639093,0.0,Strategy_TrendEnd,130.051,130.335,21.9,0
1765746600.4464004,2025-12-14 21:10:00,2025-12-15 05:10:00,BarData,129.604,0,0.0,0.0,195.814094,0.0,❌ 快线向上,129.982,130.311,25.4,0
1765746900.5354347,2025-12-14 21:15:00,2025-12-15 05:15:00,BarData,129.857,0,0.0,0.0,195.814094,0.0,✅ 触发交易,129.963,130.297,25.7,-1
1765746904.3963323,2025-12-14 21:15:04,2025-12-15 05:15:04,Strategy_Open,129.857,1.0,0,-1.0,195.82209400000002,0.0,Strategy_Signal,129.963,130.297,25.7,-1
1765747204.2100933,2025-12-14 21:20:04,2025-12-15 05:20:04,SL,130.091,1.0,-1.0,0.0,195.564647,0.0,🛡️ 止损 (-1.65%),129.963,130.297,25.7,-1
1765747204.2103946,2025-12-14 21:20:04,2025-12-15 05:20:04,PnlRecord,130.091,0,0,0,195.586094,-1.6477128359909654,空,129.963,130.297,25.7,-1
1765747206.5439532,2025-12-14 21:20:06,2025-12-15 05:20:06,BarData,130.091,0,0.0,0.0,195.564647,0.0,✅ 触发交易,129.983,130.290,23.6,-1
1765747210.0609162,2025-12-14 21:20:10,2025-12-15 05:20:10,Strategy_Open,130.091,1.0,0,-1.0,195.573647,0.0,Strategy_Signal,129.983,130.290,23.6,-1
1765747500.180168,2025-12-14 21:25:00,2025-12-15 05:25:00,BarData,130.209,0,-1.0,-1.0,195.490647,0.0,✅ 触发交易,130.017,130.287,20.7,-1
1765747800.421285,2025-12-14 21:30:00,2025-12-15 05:30:00,BarData,129.982,0,-1.0,-1.0,195.72164700000002,0.0,❌ 快线向上,130.012,130.277,20.4,0
1765747801.0876186,2025-12-14 21:30:01,2025-12-15 05:30:01,PnlRecord,129.982,0,0,0,195.72164700000002,1.2140771476870067,空,130.012,130.277,20.4,0
1765747801.4089913,2025-12-14 21:30:01,2025-12-15 05:30:01,CloseSignal,129.982,1.0,-1.0,0,195.72164700000002,0.0,Strategy_TrendEnd,130.012,130.277,20.4,0
1765748100.112536,2025-12-14 21:35:00,2025-12-15 05:35:00,BarData,129.904,0,0.0,0.0,195.726647,0.0,❌ 快线向上,129.995,130.265,20.7,0
1765748400.1470037,2025-12-14 21:40:00,2025-12-15 05:40:00,BarData,129.781,0,0.0,0.0,195.726647,0.0,✅ 触发交易,129.962,130.249,22.1,-1
1765748404.1384494,2025-12-14 21:40:04,2025-12-15 05:40:04,Strategy_Open,129.781,1.0,0,-1.0,195.718647,0.0,Strategy_Signal,129.962,130.249,22.1,-1
1765748700.5784168,2025-12-14 21:45:00,2025-12-15 05:45:00,BarData,129.792,0,-1.0,-1.0,195.71164700000003,0.0,✅ 触发交易,129.936,130.234,23.0,-1
1765749000.3733232,2025-12-14 21:50:00,2025-12-15 05:50:00,BarData,129.773,0,-1.0,-1.0,195.737647,0.0,❌ 快线向上,129.911,130.219,23.7,0
1765749001.057809,2025-12-14 21:50:01,2025-12-15 05:50:01,PnlRecord,129.773,0,0,0,195.737647,0.06164230511407506,空,129.911,130.219,23.7,0
1765749001.5446904,2025-12-14 21:50:01,2025-12-15 05:50:01,CloseSignal,129.773,1.0,-1.0,0,195.737647,0.0,Strategy_TrendEnd,129.911,130.219,23.7,0
1765749300.6077807,2025-12-14 21:55:00,2025-12-15 05:55:00,BarData,129.905,0,0.0,0.0,195.737647,0.0,❌ 快线向上,129.910,130.209,23.0,0
1765749601.5777612,2025-12-14 22:00:01,2025-12-15 06:00:01,BarData,129.825,0,0.0,0.0,195.737647,0.0,✅ 触发交易,129.897,130.196,23.0,-1
1765749605.5673945,2025-12-14 22:00:05,2025-12-15 06:00:05,Strategy_Open,129.825,1.0,0,-1.0,195.736647,0.0,Strategy_Signal,129.897,130.196,23.0,-1
1765749904.819894,2025-12-14 22:05:04,2025-12-15 06:05:04,SL,130.04,1.0,-1.0,0.0,195.512647,0.0,🛡️ 止损 (-1.66%),129.897,130.196,23.0,-1
1765749904.8202088,2025-12-14 22:05:04,2025-12-15 06:05:04,PnlRecord,130.04,0,0,0,195.515647,-1.6637909785554266,空,129.897,130.196,23.0,-1
1765749907.0813031,2025-12-14 22:05:07,2025-12-15 06:05:07,BarData,130.04,0,0.0,0.0,195.512647,0.0,✅ 触发交易,129.919,130.191,20.9,-1
1765749910.7376902,2025-12-14 22:05:10,2025-12-15 06:05:10,Strategy_Open,130.04,1.0,0,-1.0,195.48164699999998,0.0,Strategy_Signal,129.919,130.191,20.9,-1
1765750200.5820045,2025-12-14 22:10:00,2025-12-15 06:10:00,BarData,130.002,0,-1.0,-1.0,195.477647,0.0,✅ 触发交易,129.932,130.185,19.5,-1
1765750500.5145395,2025-12-14 22:15:00,2025-12-15 06:15:00,BarData,130.014,0,-1.0,-1.0,195.53564699999998,0.0,❌ 价格 > 快线,129.944,130.179,18.1,0
1765750501.1863732,2025-12-14 22:15:01,2025-12-15 06:15:01,PnlRecord,130.014,0,0,0,195.53564699999998,-0.11538550296552111,空,129.944,130.179,18.1,0
1765750501.5839696,2025-12-14 22:15:01,2025-12-15 06:15:01,CloseSignal,130.014,1.0,-1.0,0,195.53564699999998,0.0,Strategy_TrendEnd,129.944,130.179,18.1,0
1765750800.2575452,2025-12-14 22:20:00,2025-12-15 06:20:00,BarData,129.904,0,0.0,0.0,195.539647,0.0,❌ 快线向上,129.938,130.170,17.9,0
1765751100.3674457,2025-12-14 22:25:00,2025-12-15 06:25:00,BarData,129.868,0,0.0,0.0,195.539647,0.0,✅ 触发交易,129.927,130.160,17.9,-1
1765751104.3613594,2025-12-14 22:25:04,2025-12-15 06:25:04,Strategy_Open,129.868,1.0,0,-1.0,195.514647,0.0,Strategy_Signal,129.927,130.160,17.9,-1
1765751400.3031826,2025-12-14 22:30:00,2025-12-15 06:30:00,BarData,129.889,0,-1.0,-1.0,195.514647,0.0,✅ 触发交易,129.922,130.151,17.7,-1
1765751700.2711995,2025-12-14 22:35:00,2025-12-15 06:35:00,BarData,129.768,0,-1.0,-1.0,195.652647,0.0,❌ 快线向上,129.898,130.139,18.6,0
1765751700.961748,2025-12-14 22:35:00,2025-12-15 06:35:00,PnlRecord,129.768,0,0,0,195.652647,0.7469295037154615,空,129.898,130.139,18.6,0
1765751701.3450532,2025-12-14 22:35:01,2025-12-15 06:35:01,CloseSignal,129.768,1.0,-1.0,0,195.652647,0.0,Strategy_TrendEnd,129.898,130.139,18.6,0
1765752000.82457,2025-12-14 22:40:00,2025-12-15 06:40:00,BarData,129.544,0,0.0,0.0,195.642647,0.0,❌ 快线向上,129.843,130.119,21.3,0
1765752301.6559327,2025-12-14 22:45:01,2025-12-15 06:45:01,BarData,129.766,0,0.0,0.0,195.642647,0.0,✅ 触发交易,129.832,130.108,21.3,-1
1765752305.502445,2025-12-14 22:45:05,2025-12-15 06:45:05,Strategy_Open,129.766,1.0,0,-1.0,195.63854700000002,0.0,Strategy_Signal,129.832,130.108,21.3,-1
1765752600.5862503,2025-12-14 22:50:00,2025-12-15 06:50:00,BarData,129.685,0,-1.0,-1.0,195.66854700000002,0.0,✅ 触发交易,129.809,130.094,22.0,-1
1765752904.1348724,2025-12-14 22:55:04,2025-12-15 06:55:04,SL,130.032,1.0,-1.0,0.0,195.417547,0.0,🛡️ 止损 (-2.05%),129.809,130.094,22.0,-1
1765752904.135197,2025-12-14 22:55:04,2025-12-15 06:55:04,PnlRecord,130.032,0,0,0,195.38854700000002,-2.049843564570223,空,129.809,130.094,22.0,-1
1765752906.3854883,2025-12-14 22:55:06,2025-12-15 06:55:06,BarData,130.032,0,0.0,0.0,195.417547,0.0,❌ 价格 > 快线,129.843,130.092,19.1,0
1765753200.2672718,2025-12-14 23:00:00,2025-12-15 07:00:00,BarData,130.115,0,0.0,0.0,195.417547,0.0,✅ 触发交易,129.885,130.093,15.9,-1
1765753204.2470822,2025-12-14 23:00:04,2025-12-15 07:00:04,Strategy_Open,130.115,1.0,0,-1.0,195.344547,0.0,Strategy_Signal,129.885,130.093,15.9,-1
1765753500.6053817,2025-12-14 23:05:00,2025-12-15 07:05:00,BarData,129.906,0,-1.0,-1.0,195.742547,0.0,✅ 触发交易,129.888,130.086,15.3,-1
1765753801.0341437,2025-12-14 23:10:01,2025-12-15 07:10:01,BarData,129.827,0,-1.0,-1.0,195.76454700000002,0.0,❌ 快线向上,129.879,130.078,15.3,0
1765753801.710275,2025-12-14 23:10:01,2025-12-15 07:10:01,PnlRecord,129.827,0,0,0,195.76454700000002,2.642677708552551,空,129.879,130.078,15.3,0
1765753802.0606105,2025-12-14 23:10:02,2025-12-15 07:10:02,CloseSignal,129.827,1.0,-1.0,0,195.76454700000002,0.0,Strategy_TrendEnd,129.879,130.078,15.3,0
1765754100.6347833,2025-12-14 23:15:00,2025-12-15 07:15:00,BarData,129.873,0,0.0,0.0,195.751547,0.0,❌ 快线向上,129.878,130.071,14.9,0
1765754400.1094599,2025-12-14 23:20:00,2025-12-15 07:20:00,BarData,129.627,0,0.0,0.0,195.751547,0.0,✅ 触发交易,129.839,130.057,16.8,-1
1765754404.1102486,2025-12-14 23:20:04,2025-12-15 07:20:04,Strategy_Open,129.627,1.0,0,-1.0,195.733547,0.0,Strategy_Signal,129.839,130.057,16.8,-1
1765754700.1591651,2025-12-14 23:25:00,2025-12-15 07:25:00,BarData,129.445,0,-1.0,-1.0,195.93954699999998,0.0,✅ 触发交易,129.779,130.037,19.9,-1
1765755000.3192916,2025-12-14 23:30:00,2025-12-15 07:30:00,BarData,129.398,0,-1.0,-1.0,195.979547,0.0,❌ 快线向上,129.720,130.016,22.8,0
1765755001.0064642,2025-12-14 23:30:01,2025-12-15 07:30:01,PnlRecord,129.398,0,0,0,195.979547,1.8051098494199649,空,129.720,130.016,22.8,0
1765755001.3572643,2025-12-14 23:30:01,2025-12-15 07:30:01,CloseSignal,129.398,1.0,-1.0,0,195.979547,0.0,Strategy_TrendEnd,129.720,130.016,22.8,0
1765755300.2200956,2025-12-14 23:35:00,2025-12-15 07:35:00,BarData,129.2,0,0.0,0.0,195.923547,0.0,❌ 快线向上,129.640,129.989,27.0,0
1765755600.4470658,2025-12-14 23:40:00,2025-12-15 07:40:00,BarData,129.498,0,0.0,0.0,195.923547,0.0,✅ 触发交易,129.618,129.973,27.4,-1
1765755604.2909682,2025-12-14 23:40:04,2025-12-15 07:40:04,Strategy_Open,129.498,1.0,0,-1.0,195.94701500000002,0.0,Strategy_Signal,129.618,129.973,27.4,-1
1765755900.2016304,2025-12-14 23:45:00,2025-12-15 07:45:00,BarData,129.369,0,-1.0,-1.0,196.07801500000002,0.0,✅ 触发交易,129.580,129.953,28.8,-1
1765756200.6310108,2025-12-14 23:50:00,2025-12-15 07:50:00,BarData,129.444,0,-1.0,-1.0,195.98201500000002,0.0,❌ 快线向上,129.559,129.936,29.2,0
1765756201.2984254,2025-12-14 23:50:01,2025-12-15 07:50:01,PnlRecord,129.444,0,0,0,195.98201500000002,0.5096131572851711,空,129.559,129.936,29.2,0
1765756201.6943157,2025-12-14 23:50:01,2025-12-15 07:50:01,CloseSignal,129.444,1.0,-1.0,0,195.98201500000002,0.0,Strategy_TrendEnd,129.559,129.936,29.2,0
1765756500.158371,2025-12-14 23:55:00,2025-12-15 07:55:00,BarData,129.538,0,0.0,0.0,196.036015,0.0,❌ 快线向上,129.556,129.923,28.4,0
1765756800.3019779,2025-12-15 00:00:00,2025-12-15 08:00:00,BarData,129.301,0,0.0,0.0,196.036015,0.0,✅ 触发交易,129.517,129.903,29.9,-1
1765756804.1679752,2025-12-15 00:00:04,2025-12-15 08:00:04,Strategy_Open,129.301,1.0,0,-1.0,196.012015,0.0,Strategy_Signal,129.517,129.903,29.9,-1
1765757104.0395484,2025-12-15 00:05:04,2025-12-15 08:05:04,SL,129.873,1.0,-1.0,0.0,195.445318,0.0,🛡️ 止损 (-4.59%),129.517,129.903,29.9,-1
1765757104.0398636,2025-12-15 00:05:04,2025-12-15 08:05:04,PnlRecord,129.873,0,0,0,195.478015,-4.594713758615042,空,129.517,129.903,29.9,-1
1765757106.435089,2025-12-15 00:05:06,2025-12-15 08:05:06,BarData,129.873,0,0.0,0.0,195.445318,0.0,✅ 触发交易,129.571,129.902,25.4,-1
1765757109.9614477,2025-12-15 00:05:09,2025-12-15 08:05:09,Strategy_Open,129.873,1.0,0,-1.0,195.44831799999997,0.0,Strategy_Signal,129.571,129.902,25.4,-1
1765757400.2494457,2025-12-15 00:10:00,2025-12-15 08:10:00,BarData,129.538,0,-1.0,-1.0,195.59231799999998,0.0,✅ 触发交易,129.566,129.890,25.0,-1
1765757700.4437087,2025-12-15 00:15:00,2025-12-15 08:15:00,BarData,129.391,0,-1.0,-1.0,195.93131799999998,0.0,❌ 快线向上,129.539,129.874,25.8,0
1765757701.130879,2025-12-15 00:15:01,2025-12-15 08:15:01,PnlRecord,129.391,0,0,0,195.93131799999998,3.0357899603190313,空,129.539,129.874,25.8,0
1765757701.493267,2025-12-15 00:15:01,2025-12-15 08:15:01,CloseSignal,129.391,1.0,-1.0,0,195.93131799999998,0.0,Strategy_TrendEnd,129.539,129.874,25.8,0
1765758002.0824344,2025-12-15 00:20:02,2025-12-15 08:20:02,BarData,129.826,0,0.0,0.0,195.837318,0.0,❌ 价格 > 快线,129.583,129.872,22.2,0
1765758300.529289,2025-12-15 00:25:00,2025-12-15 08:25:00,BarData,130.193,0,0.0,0.0,195.837318,0.0,✅ 触发交易,129.677,129.883,15.8,-1
1765758304.5204036,2025-12-15 00:25:04,2025-12-15 08:25:04,Strategy_Open,130.193,1.0,0,-1.0,195.807318,0.0,Strategy_Signal,129.677,129.883,15.8,-1
1765758600.6271627,2025-12-15 00:30:00,2025-12-15 08:30:00,BarData,129.889,0,-1.0,-1.0,196.15431800000002,0.0,✅ 触发交易,129.710,129.883,13.3,-1
1765758900.2795088,2025-12-15 00:35:00,2025-12-15 08:35:00,BarData,129.99,0,-1.0,-1.0,196.07631800000001,0.0,❌ 价格 > 快线,129.753,129.886,10.3,0
1765758900.9673164,2025-12-15 00:35:00,2025-12-15 08:35:00,PnlRecord,129.99,0,0,0,196.07631800000001,1.8275639647387623,空,129.753,129.886,10.3,0
1765758901.54159,2025-12-15 00:35:01,2025-12-15 08:35:01,CloseSignal,129.99,1.0,-1.0,0,196.07631800000001,0.0,Strategy_TrendEnd,129.753,129.886,10.3,0
1765759200.3537393,2025-12-15 00:40:00,2025-12-15 08:40:00,BarData,129.392,0,0.0,0.0,196.112318,0.0,❌ 快线向上,129.697,129.870,13.3,0
1765759500.4254107,2025-12-15 00:45:00,2025-12-15 08:45:00,BarData,129.493,0,0.0,0.0,196.112318,0.0,✅ 触发交易,129.666,129.858,14.8,-1
1765759504.2939367,2025-12-15 00:45:04,2025-12-15 08:45:04,Strategy_Open,129.493,1.0,0,-1.0,196.11567,0.0,Strategy_Signal,129.666,129.858,14.8,-1
1765759804.2038743,2025-12-15 00:50:04,2025-12-15 08:50:04,SL,129.681,1.0,-1.0,0.0,195.86585,0.0,🛡️ 止损 (-1.65%),129.666,129.858,14.8,-1
1765759804.2041862,2025-12-15 00:50:04,2025-12-15 08:50:04,PnlRecord,129.681,0,0,0,195.93167,-1.6451941792568223,空,129.666,129.858,14.8,-1
1765759806.5044155,2025-12-15 00:50:06,2025-12-15 08:50:06,BarData,129.681,0,0.0,0.0,195.86585,0.0,✅ 触发交易,129.668,129.852,14.2,-1
1765759810.0240712,2025-12-15 00:50:10,2025-12-15 08:50:10,Strategy_Open,129.681,1.0,0,-1.0,195.85385,0.0,Strategy_Signal,129.668,129.852,14.2,-1
1765760104.184222,2025-12-15 00:55:04,2025-12-15 08:55:04,SL,129.843,1.0,-1.0,0.0,195.708786,0.0,🛡️ 止损 (-1.03%),129.668,129.852,14.2,-1
1765760104.1846497,2025-12-15 00:55:04,2025-12-15 08:55:04,PnlRecord,129.843,0,0,0,195.75785,-1.0330817445203195,空,129.668,129.852,14.2,-1
1765760106.5067117,2025-12-15 00:55:06,2025-12-15 08:55:06,BarData,129.843,0,0.0,0.0,195.708786,0.0,✅ 触发交易,129.695,129.852,12.1,-1
1765760110.070237,2025-12-15 00:55:10,2025-12-15 08:55:10,Strategy_Open,129.843,1.0,0,-1.0,195.696786,0.0,Strategy_Signal,129.695,129.852,12.1,-1
1765760400.3922873,2025-12-15 01:00:00,2025-12-15 09:00:00,BarData,130.044,0,-1.0,-1.0,195.570786,0.0,❌ 震荡 (Gap 8.4 < 10),129.749,129.858,8.4,0
1765760401.062594,2025-12-15 01:00:01,2025-12-15 09:00:01,PnlRecord,130.044,0,0,0,195.570786,-0.9467291661857504,空,129.749,129.858,8.4,0
1765760401.5600162,2025-12-15 01:00:01,2025-12-15 09:00:01,CloseSignal,130.044,1.0,-1.0,0,195.570786,0.0,Strategy_TrendEnd,129.749,129.858,8.4,0
1765760700.684741,2025-12-15 01:05:00,2025-12-15 09:05:00,BarData,129.908,0,0.0,0.0,195.531922,0.0,❌ 震荡 (Gap 6.6 < 10),129.773,129.860,6.6,0
1765761000.50128,2025-12-15 01:10:00,2025-12-15 09:10:00,BarData,130.007,0,0.0,0.0,195.531922,0.0,❌ 震荡 (Gap 4.2 < 10),129.809,129.864,4.2,0
1765761300.5448744,2025-12-15 01:15:00,2025-12-15 09:15:00,BarData,130.068,0,0.0,0.0,195.531922,0.0,❌ 震荡 (Gap 1.7 < 10),129.849,129.871,1.7,0
