timestamp,datetime_utc,datetime_bj,action,price,size,position_before,position_after,equity,pnl,reason,ema_fast,ema_slow,gap_bps,signal
1766057520.7567954,2025-12-18 11:32:00,2025-12-18 19:32:00,BarData,123.56,0,0.0,0.0,191.883327,0.0,❌ 震荡 (Gap 0.0 < 10),123.560,123.560,0.0,0
1766057580.736401,2025-12-18 11:33:00,2025-12-18 19:33:00,BarData,123.538,0,0.0,0.0,191.883327,0.0,❌ 震荡 (Gap 1.7 < 10),123.538,123.559,1.7,0
1766057640.7528694,2025-12-18 11:34:00,2025-12-18 19:34:00,BarData,123.497,0,0.0,0.0,191.883327,0.0,❌ 震荡 (Gap 4.9 < 10),123.497,123.557,4.9,0
1766057700.2551594,2025-12-18 11:35:00,2025-12-18 19:35:00,BarData,123.423,0,0.0,0.0,191.883327,0.0,✅ 触发交易,123.423,123.553,10.5,-1
1766057704.2782018,2025-12-18 11:35:04,2025-12-18 19:35:04,Strategy_Open,123.423,1.0,0,-1.0,191.87432700000002,0.0,Strategy_Signal,123.423,123.553,10.5,-1
1766057760.5387778,2025-12-18 11:36:00,2025-12-18 19:36:00,BarData,123.46,0,-1.0,-1.0,191.87332700000002,0.0,❌ 震荡 (Gap 7.3 < 10),123.460,123.550,7.3,0
1766057761.2179382,2025-12-18 11:36:01,2025-12-18 19:36:01,PnlRecord,123.46,0,0,0,191.87332700000002,-0.18632986867791776,空,123.460,123.550,7.3,0
1766057761.7063344,2025-12-18 11:36:01,2025-12-18 19:36:01,CloseSignal,123.46,1.0,-1.0,0,191.87332700000002,0.0,Strategy_TrendEnd,123.460,123.550,7.3,0
1766057822.2785375,2025-12-18 11:37:02,2025-12-18 19:37:02,BarData,123.446,0,0.0,0.0,191.857327,0.0,❌ 震荡 (Gap 8.1 < 10),123.446,123.546,8.1,0
1766057880.6039186,2025-12-18 11:38:00,2025-12-18 19:38:00,BarData,123.48,0,0.0,0.0,191.857327,0.0,❌ 震荡 (Gap 5.2 < 10),123.480,123.544,5.2,0
1766057940.5744925,2025-12-18 11:39:00,2025-12-18 19:39:00,BarData,123.472,0,0.0,0.0,191.857327,0.0,❌ 震荡 (Gap 5.7 < 10),123.472,123.542,5.7,0
1766058000.4235914,2025-12-18 11:40:00,2025-12-18 19:40:00,BarData,123.469,0,0.0,0.0,191.857327,0.0,❌ 震荡 (Gap 5.7 < 10),123.469,123.539,5.7,0
1766058060.3436255,2025-12-18 11:41:00,2025-12-18 19:41:00,BarData,123.466,0,0.0,0.0,191.857327,0.0,❌ 震荡 (Gap 5.8 < 10),123.466,123.537,5.8,0
1766058120.198791,2025-12-18 11:42:00,2025-12-18 19:42:00,BarData,123.53,0,0.0,0.0,191.857327,0.0,❌ 震荡 (Gap 0.6 < 10),123.530,123.537,0.6,0
1766058180.6356413,2025-12-18 11:43:00,2025-12-18 19:43:00,BarData,123.542,0,0.0,0.0,191.857327,0.0,❌ 震荡 (Gap 0.4 < 10),123.542,123.537,0.4,0
1766058240.5732584,2025-12-18 11:44:00,2025-12-18 19:44:00,BarData,123.555,0,0.0,0.0,191.857327,0.0,❌ 震荡 (Gap 1.4 < 10),123.555,123.538,1.4,0
1766058300.829244,2025-12-18 11:45:00,2025-12-18 19:45:00,BarData,123.576,0,0.0,0.0,191.857327,0.0,❌ 震荡 (Gap 3.0 < 10),123.576,123.539,3.0,0
1766058360.280623,2025-12-18 11:46:00,2025-12-18 19:46:00,BarData,123.614,0,0.0,0.0,191.857327,0.0,❌ 震荡 (Gap 5.9 < 10),123.614,123.541,5.9,0
1766058420.2543716,2025-12-18 11:47:00,2025-12-18 19:47:00,BarData,123.662,0,0.0,0.0,191.857327,0.0,❌ 震荡 (Gap 9.4 < 10),123.662,123.545,9.4,0
1766058480.7289076,2025-12-18 11:48:00,2025-12-18 19:48:00,BarData,123.703,0,0.0,0.0,191.857327,0.0,✅ 触发交易,123.703,123.550,12.3,1
1766058484.5935578,2025-12-18 11:48:04,2025-12-18 19:48:04,Strategy_Open,123.703,1.0,0,1.0,191.844327,0.0,Strategy_Signal,123.703,123.550,12.3,1
1766058540.2849243,2025-12-18 11:49:00,2025-12-18 19:49:00,BarData,123.724,0,1.0,1.0,191.856327,0.0,✅ 触发交易,123.724,123.556,13.6,1
1766058602.3754075,2025-12-18 11:50:02,2025-12-18 19:50:02,BarData,123.866,0,1.0,1.0,192.005327,0.0,✅ 触发交易,123.866,123.566,24.2,1
1766058660.99708,2025-12-18 11:51:00,2025-12-18 19:51:00,BarData,123.794,0,1.0,1.0,191.968327,0.0,✅ 触发交易,123.794,123.574,17.8,1
1766058720.5180244,2025-12-18 11:52:00,2025-12-18 19:52:00,BarData,123.845,0,1.0,1.0,191.982327,0.0,✅ 触发交易,123.845,123.583,21.2,1
1766058780.2138953,2025-12-18 11:53:00,2025-12-18 19:53:00,BarData,123.771,0,1.0,1.0,191.921327,0.0,✅ 触发交易,123.771,123.589,14.7,1
1766058840.8219392,2025-12-18 11:54:00,2025-12-18 19:54:00,BarData,123.789,0,1.0,1.0,191.916327,0.0,✅ 触发交易,123.789,123.595,15.6,1
1766058900.2912202,2025-12-18 11:55:00,2025-12-18 19:55:00,BarData,123.777,0,1.0,1.0,191.912327,0.0,✅ 触发交易,123.777,123.601,14.2,1
1766058962.2162127,2025-12-18 11:56:02,2025-12-18 19:56:02,BarData,123.813,0,1.0,1.0,191.933327,0.0,✅ 触发交易,123.813,123.608,16.5,1
1766059020.7161589,2025-12-18 11:57:00,2025-12-18 19:57:00,BarData,123.831,0,1.0,1.0,191.943327,0.0,✅ 触发交易,123.831,123.616,17.4,1
1766059080.5272844,2025-12-18 11:58:00,2025-12-18 19:58:00,BarData,123.839,0,1.0,1.0,191.968327,0.0,✅ 触发交易,123.839,123.623,17.4,1
1766059142.2732992,2025-12-18 11:59:02,2025-12-18 19:59:02,BarData,123.897,0,1.0,1.0,192.026327,0.0,✅ 触发交易,123.897,123.632,21.4,1
1766059200.339816,2025-12-18 12:00:00,2025-12-18 20:00:00,BarData,124.027,0,1.0,1.0,192.104327,0.0,✅ 触发交易,124.027,123.645,30.8,1
1766059260.5762265,2025-12-18 12:01:00,2025-12-18 20:01:00,BarData,124.086,0,1.0,1.0,192.215451,0.0,✅ 触发交易,124.086,123.659,34.4,1
1766059320.6138096,2025-12-18 12:02:00,2025-12-18 20:02:00,BarData,124.034,0,1.0,1.0,192.176451,0.0,✅ 触发交易,124.034,123.672,29.2,1
1766059380.396322,2025-12-18 12:03:00,2025-12-18 20:03:00,BarData,124.19,0,1.0,1.0,192.346451,0.0,✅ 触发交易,124.190,123.689,40.4,1
1766059441.6606505,2025-12-18 12:04:01,2025-12-18 20:04:01,BarData,124.038,0,1.0,1.0,192.174451,0.0,✅ 触发交易,124.038,123.700,27.2,1
1766059502.4470036,2025-12-18 12:05:02,2025-12-18 20:05:02,BarData,124.038,0,1.0,1.0,192.165451,0.0,✅ 触发交易,124.038,123.711,26.4,1
1766059560.4008446,2025-12-18 12:06:00,2025-12-18 20:06:00,BarData,124.02,0,1.0,1.0,192.226451,0.0,✅ 触发交易,124.020,123.721,24.1,1
1766059620.0925338,2025-12-18 12:07:00,2025-12-18 20:07:00,BarData,124.005,0,1.0,1.0,192.133451,0.0,✅ 触发交易,124.005,123.731,22.1,1
1766059680.2779586,2025-12-18 12:08:00,2025-12-18 20:08:00,BarData,123.898,0,1.0,1.0,192.028451,0.0,✅ 触发交易,123.898,123.736,13.1,1
1766059740.3518553,2025-12-18 12:09:00,2025-12-18 20:09:00,BarData,123.919,0,1.0,1.0,192.052451,0.0,✅ 触发交易,123.919,123.742,14.3,1
1766059800.3896878,2025-12-18 12:10:00,2025-12-18 20:10:00,BarData,123.954,0,1.0,1.0,192.093451,0.0,✅ 触发交易,123.954,123.749,16.5,1
1766059860.6006415,2025-12-18 12:11:00,2025-12-18 20:11:00,BarData,123.94,0,1.0,1.0,192.072451,0.0,✅ 触发交易,123.940,123.755,14.9,1
1766059920.3046749,2025-12-18 12:12:00,2025-12-18 20:12:00,BarData,123.882,0,1.0,1.0,192.036451,0.0,❌ 震荡 (Gap 9.9 < 10),123.882,123.759,9.9,0
1766059921.026547,2025-12-18 12:12:01,2025-12-18 20:12:01,PnlRecord,123.882,0,0,0,192.036451,1.3013150556494157,多,123.882,123.759,9.9,0
1766059921.4556425,2025-12-18 12:12:01,2025-12-18 20:12:01,CloseSignal,123.882,1.0,1.0,0,192.036451,0.0,Strategy_TrendEnd,123.882,123.759,9.9,0
1766059980.1085105,2025-12-18 12:13:00,2025-12-18 20:13:00,BarData,123.893,0,0.0,0.0,192.019451,0.0,✅ 触发交易,123.893,123.764,10.4,1
1766059984.0707893,2025-12-18 12:13:04,2025-12-18 20:13:04,Strategy_Open,123.893,1.0,0,1.0,192.013451,0.0,Strategy_Signal,123.893,123.764,10.4,1
1766060016.8784878,2025-12-18 12:13:36,2025-12-18 20:13:36,SL,123.766,1.0,1.0,0.0,191.889451,0.0,🛡️ 止损 (-1.04%),123.893,123.764,10.4,1
1766060016.8787544,2025-12-18 12:13:36,2025-12-18 20:13:36,PnlRecord,123.766,0,0,0,192.024451,-1.0412042455304142,多,123.893,123.764,10.4,1
1766060040.4939666,2025-12-18 12:14:00,2025-12-18 20:14:00,BarData,123.74,0,0.0,0.0,191.889451,0.0,❌ 震荡 (Gap 1.9 < 10),123.740,123.763,1.9,0
1766060100.0893638,2025-12-18 12:15:00,2025-12-18 20:15:00,BarData,123.645,0,0.0,0.0,191.889451,0.0,❌ 震荡 (Gap 9.2 < 10),123.645,123.759,9.2,0
1766060160.4462235,2025-12-18 12:16:00,2025-12-18 20:16:00,BarData,123.673,0,0.0,0.0,191.889451,0.0,❌ 震荡 (Gap 6.7 < 10),123.673,123.756,6.7,0
1766060220.2803843,2025-12-18 12:17:00,2025-12-18 20:17:00,BarData,123.619,0,0.0,0.0,191.889451,0.0,✅ 触发交易,123.619,123.752,10.7,-1
1766060224.1539428,2025-12-18 12:17:04,2025-12-18 20:17:04,Strategy_Open,123.619,1.0,0,-1.0,191.882451,0.0,Strategy_Signal,123.619,123.752,10.7,-1
1766060281.6566093,2025-12-18 12:18:01,2025-12-18 20:18:01,BarData,123.688,0,-1.0,-1.0,191.79645100000002,0.0,❌ 震荡 (Gap 5.0 < 10),123.688,123.750,5.0,0
1766060282.361784,2025-12-18 12:18:02,2025-12-18 20:18:02,PnlRecord,123.688,0,0,0,191.79645100000002,-0.525792126060666,空,123.688,123.750,5.0,0
1766060282.6700227,2025-12-18 12:18:02,2025-12-18 20:18:02,CloseSignal,123.688,1.0,-1.0,0,191.79645100000002,0.0,Strategy_TrendEnd,123.688,123.750,5.0,0
1766060340.434156,2025-12-18 12:19:00,2025-12-18 20:19:00,BarData,123.719,0,0.0,0.0,191.822451,0.0,❌ 震荡 (Gap 2.4 < 10),123.719,123.749,2.4,0
1766060400.2950106,2025-12-18 12:20:00,2025-12-18 20:20:00,BarData,123.72,0,0.0,0.0,191.822451,0.0,❌ 震荡 (Gap 2.2 < 10),123.720,123.748,2.2,0
1766060460.6757808,2025-12-18 12:21:00,2025-12-18 20:21:00,BarData,123.812,0,0.0,0.0,191.822451,0.0,❌ 震荡 (Gap 5.0 < 10),123.812,123.750,5.0,0
1766060520.842124,2025-12-18 12:22:00,2025-12-18 20:22:00,BarData,123.818,0,0.0,0.0,191.822451,0.0,❌ 震荡 (Gap 5.3 < 10),123.818,123.752,5.3,0
1766060582.3589349,2025-12-18 12:23:02,2025-12-18 20:23:02,BarData,123.836,0,0.0,0.0,191.822451,0.0,❌ 震荡 (Gap 6.6 < 10),123.836,123.755,6.6,0
1766060640.750173,2025-12-18 12:24:00,2025-12-18 20:24:00,BarData,123.762,0,0.0,0.0,191.822451,0.0,❌ 震荡 (Gap 0.6 < 10),123.762,123.755,0.6,0
1766060700.7776496,2025-12-18 12:25:00,2025-12-18 20:25:00,BarData,123.794,0,0.0,0.0,191.822451,0.0,❌ 震荡 (Gap 3.0 < 10),123.794,123.756,3.0,0
1766060760.5766885,2025-12-18 12:26:00,2025-12-18 20:26:00,BarData,123.716,0,0.0,0.0,191.822451,0.0,❌ 震荡 (Gap 3.2 < 10),123.716,123.755,3.2,0
1766060821.707761,2025-12-18 12:27:01,2025-12-18 20:27:01,BarData,123.677,0,0.0,0.0,191.822451,0.0,❌ 震荡 (Gap 6.1 < 10),123.677,123.752,6.1,0
1766060880.5658977,2025-12-18 12:28:00,2025-12-18 20:28:00,BarData,123.651,0,0.0,0.0,191.822451,0.0,❌ 震荡 (Gap 7.9 < 10),123.651,123.749,7.9,0
1766060940.7499676,2025-12-18 12:29:00,2025-12-18 20:29:00,BarData,123.717,0,0.0,0.0,191.822451,0.0,❌ 震荡 (Gap 2.5 < 10),123.717,123.748,2.5,0
1766061000.6072962,2025-12-18 12:30:00,2025-12-18 20:30:00,BarData,123.678,0,0.0,0.0,191.822451,0.0,❌ 震荡 (Gap 5.5 < 10),123.678,123.746,5.5,0
1766061060.2487047,2025-12-18 12:31:00,2025-12-18 20:31:00,BarData,123.895,0,0.0,0.0,191.822451,0.0,✅ 触发交易,123.895,123.751,11.6,1
1766061064.1712933,2025-12-18 12:31:04,2025-12-18 20:31:04,Strategy_Open,123.895,1.0,0,1.0,191.811866,0.0,Strategy_Signal,123.895,123.751,11.6,1
1766061104.4322357,2025-12-18 12:31:44,2025-12-18 20:31:44,SL,123.858,1.0,1.0,0.0,191.681866,0.0,🛡️ 止损 (-1.13%),123.895,123.751,11.6,1
1766061104.4325597,2025-12-18 12:31:44,2025-12-18 20:31:44,PnlRecord,123.858,0,0,0,191.724866,-1.1290504685559488,多,123.895,123.751,11.6,1
1766061120.6736495,2025-12-18 12:32:00,2025-12-18 20:32:00,BarData,123.868,0,0.0,0.0,191.681866,0.0,❌ 震荡 (Gap 9.2 < 10),123.868,123.755,9.2,0
1766061180.1429083,2025-12-18 12:33:00,2025-12-18 20:33:00,BarData,124.037,0,0.0,0.0,191.681866,0.0,✅ 触发交易,124.037,123.764,22.0,1
1766061184.0583353,2025-12-18 12:33:04,2025-12-18 20:33:04,Strategy_Open,124.037,1.0,0,1.0,191.657866,0.0,Strategy_Signal,124.037,123.764,22.0,1
1766061217.815733,2025-12-18 12:33:37,2025-12-18 20:33:37,SL,123.876,1.0,1.0,0.0,191.554866,0.0,🛡️ 止损 (-1.05%),124.037,123.764,22.0,1
1766061217.8160186,2025-12-18 12:33:37,2025-12-18 20:33:37,PnlRecord,123.876,0,0,0,191.61186600000002,-1.04833637082073,多,124.037,123.764,22.0,1
1766061240.633195,2025-12-18 12:34:00,2025-12-18 20:34:00,BarData,123.91,0,0.0,0.0,191.554866,0.0,✅ 触发交易,123.910,123.769,11.4,1
1766061244.511698,2025-12-18 12:34:04,2025-12-18 20:34:04,Strategy_Open,123.91,1.0,0,1.0,191.572866,0.0,Strategy_Signal,123.910,123.769,11.4,1
1766061301.6444638,2025-12-18 12:35:01,2025-12-18 20:35:01,BarData,123.962,0,1.0,1.0,191.583866,0.0,✅ 触发交易,123.962,123.775,15.1,1
1766061362.4736147,2025-12-18 12:36:02,2025-12-18 20:36:02,BarData,124.058,0,1.0,1.0,191.64086600000002,0.0,✅ 触发交易,124.058,123.784,22.1,1
1766061420.221413,2025-12-18 12:37:00,2025-12-18 20:37:00,BarData,124.124,0,1.0,1.0,191.700866,0.0,✅ 触发交易,124.124,123.795,26.5,1
1766061480.1699762,2025-12-18 12:38:00,2025-12-18 20:38:00,BarData,124.181,0,1.0,1.0,191.810866,0.0,✅ 触发交易,124.181,123.808,30.0,1
1766061541.7540572,2025-12-18 12:39:01,2025-12-18 20:39:01,BarData,124.195,0,1.0,1.0,191.82486600000001,0.0,✅ 触发交易,124.195,123.821,30.1,1
1766061600.1901782,2025-12-18 12:40:00,2025-12-18 20:40:00,BarData,124.34,0,1.0,1.0,191.941866,0.0,✅ 触发交易,124.340,123.838,40.4,1
1766061660.2501915,2025-12-18 12:41:00,2025-12-18 20:41:00,BarData,124.308,0,1.0,1.0,192.02186600000002,0.0,✅ 触发交易,124.308,123.853,36.6,1
1766061720.6149619,2025-12-18 12:42:00,2025-12-18 20:42:00,BarData,124.345,0,1.0,1.0,191.965866,0.0,✅ 触发交易,124.345,123.869,38.3,1
1766061780.4738438,2025-12-18 12:43:00,2025-12-18 20:43:00,BarData,124.416,0,1.0,1.0,192.013866,0.0,✅ 触发交易,124.416,123.887,42.5,1
1766061842.4536905,2025-12-18 12:44:02,2025-12-18 20:44:02,BarData,124.412,0,1.0,1.0,192.04586600000002,0.0,✅ 触发交易,124.412,123.904,40.8,1
1766061900.6600013,2025-12-18 12:45:00,2025-12-18 20:45:00,BarData,124.298,0,1.0,1.0,191.940866,0.0,✅ 触发交易,124.298,123.917,30.6,1
1766061961.7535574,2025-12-18 12:46:01,2025-12-18 20:46:01,BarData,124.33,0,1.0,1.0,191.927866,0.0,✅ 触发交易,124.330,123.931,32.1,1
1766062020.10504,2025-12-18 12:47:00,2025-12-18 20:47:00,BarData,124.179,0,1.0,1.0,191.855866,0.0,✅ 触发交易,124.179,123.939,19.3,1
1766062080.559866,2025-12-18 12:48:00,2025-12-18 20:48:00,BarData,124.165,0,1.0,1.0,191.799866,0.0,✅ 触发交易,124.165,123.946,17.6,1
1766062140.5608575,2025-12-18 12:49:00,2025-12-18 20:49:00,BarData,124.186,0,1.0,1.0,191.799866,0.0,✅ 触发交易,124.186,123.954,18.7,1
1766062200.5826144,2025-12-18 12:50:00,2025-12-18 20:50:00,BarData,123.988,0,1.0,1.0,191.585866,0.0,❌ 震荡 (Gap 2.6 < 10),123.988,123.955,2.6,0
1766062201.299929,2025-12-18 12:50:01,2025-12-18 20:50:01,PnlRecord,123.988,0,0,0,191.585866,0.4195713916859709,多,123.988,123.955,2.6,0
1766062201.6118944,2025-12-18 12:50:01,2025-12-18 20:50:01,CloseSignal,123.988,1.0,1.0,0,191.585866,0.0,Strategy_TrendEnd,123.988,123.955,2.6,0
1766062260.1984832,2025-12-18 12:51:00,2025-12-18 20:51:00,BarData,123.924,0,0.0,0.0,191.606866,0.0,❌ 震荡 (Gap 2.4 < 10),123.924,123.954,2.4,0
1766062320.1849728,2025-12-18 12:52:00,2025-12-18 20:52:00,BarData,123.924,0,0.0,0.0,191.606866,0.0,❌ 震荡 (Gap 2.4 < 10),123.924,123.953,2.4,0
1766062382.3550541,2025-12-18 12:53:02,2025-12-18 20:53:02,BarData,123.848,0,0.0,0.0,191.606866,0.0,❌ 震荡 (Gap 8.2 < 10),123.848,123.950,8.2,0
1766062442.5239503,2025-12-18 12:54:02,2025-12-18 20:54:02,BarData,123.744,0,0.0,0.0,191.606866,0.0,✅ 触发交易,123.744,123.943,16.1,-1
1766062446.396478,2025-12-18 12:54:06,2025-12-18 20:54:06,Strategy_Open,123.744,1.0,0,-1.0,191.598866,0.0,Strategy_Signal,123.744,123.943,16.1,-1
1766062500.8339262,2025-12-18 12:55:00,2025-12-18 20:55:00,BarData,123.779,0,-1.0,-1.0,191.603866,0.0,❌ 快线向上,123.779,123.938,12.8,0
1766062501.5392401,2025-12-18 12:55:01,2025-12-18 20:55:01,PnlRecord,123.779,0,0,0,191.603866,-0.17776772222978388,空,123.779,123.938,12.8,0
1766062501.8409266,2025-12-18 12:55:01,2025-12-18 20:55:01,CloseSignal,123.779,1.0,-1.0,0,191.603866,0.0,Strategy_TrendEnd,123.779,123.938,12.8,0
1766062560.2934868,2025-12-18 12:56:00,2025-12-18 20:56:00,BarData,123.813,0,0.0,0.0,191.580866,0.0,❌ 震荡 (Gap 9.7 < 10),123.813,123.934,9.7,0
1766062621.7935247,2025-12-18 12:57:01,2025-12-18 20:57:01,BarData,123.824,0,0.0,0.0,191.580866,0.0,❌ 震荡 (Gap 8.6 < 10),123.824,123.930,8.6,0
1766062680.5228884,2025-12-18 12:58:00,2025-12-18 20:58:00,BarData,123.848,0,0.0,0.0,191.580866,0.0,❌ 震荡 (Gap 6.4 < 10),123.848,123.927,6.4,0
1766062740.085325,2025-12-18 12:59:00,2025-12-18 20:59:00,BarData,123.915,0,0.0,0.0,191.580866,0.0,❌ 震荡 (Gap 1.0 < 10),123.915,123.927,1.0,0
1766062800.2370644,2025-12-18 13:00:00,2025-12-18 21:00:00,BarData,123.88,0,0.0,0.0,191.580866,0.0,❌ 震荡 (Gap 3.7 < 10),123.880,123.925,3.7,0
1766062860.2602522,2025-12-18 13:01:00,2025-12-18 21:01:00,BarData,123.998,0,0.0,0.0,191.580866,0.0,❌ 震荡 (Gap 5.7 < 10),123.998,123.928,5.7,0
1766062921.1307087,2025-12-18 13:02:01,2025-12-18 21:02:01,BarData,124.409,0,0.0,0.0,191.580866,0.0,✅ 触发交易,124.409,123.944,37.4,1
1766062925.1019297,2025-12-18 13:02:05,2025-12-18 21:02:05,Strategy_Open,124.409,1.0,0,1.0,191.59586599999997,0.0,Strategy_Signal,124.409,123.944,37.4,1
1766062980.2737541,2025-12-18 13:03:00,2025-12-18 21:03:00,BarData,124.511,0,1.0,1.0,191.604866,0.0,✅ 触发交易,124.511,123.962,44.1,1
1766063041.7943184,2025-12-18 13:04:01,2025-12-18 21:04:01,BarData,124.45,0,1.0,1.0,191.623866,0.0,✅ 触发交易,124.450,123.978,37.9,1
1766063101.7485485,2025-12-18 13:05:01,2025-12-18 21:05:01,BarData,124.564,0,1.0,1.0,191.689866,0.0,✅ 触发交易,124.564,123.997,45.5,1
1766063153.1610665,2025-12-18 13:05:53,2025-12-18 21:05:53,SL,124.339,1.0,1.0,0.0,191.452866,0.0,🛡️ 止损 (-1.11%),124.564,123.997,45.5,1
1766063153.161508,2025-12-18 13:05:53,2025-12-18 21:05:53,PnlRecord,124.339,0,0,0,191.60186599999997,-1.1086385436667436,多,124.564,123.997,45.5,1
1766063160.1876175,2025-12-18 13:06:00,2025-12-18 21:06:00,BarData,124.351,0,0.0,0.0,191.452866,0.0,✅ 触发交易,124.351,124.009,27.5,1
1766063163.719336,2025-12-18 13:06:03,2025-12-18 21:06:03,Strategy_Open,124.351,1.0,0,1.0,191.446866,0.0,Strategy_Signal,124.351,124.009,27.5,1
1766063220.3323681,2025-12-18 13:07:00,2025-12-18 21:07:00,BarData,124.28,0,1.0,1.0,191.418866,0.0,✅ 触发交易,124.280,124.018,21.1,1
1766063238.2042246,2025-12-18 13:07:18,2025-12-18 21:07:18,SL,124.117,1.0,1.0,0.0,191.235866,0.0,🛡️ 止损 (-1.83%),124.280,124.018,21.1,1
1766063238.2045252,2025-12-18 13:07:18,2025-12-18 21:07:18,PnlRecord,124.117,0,0,0,191.418866,-1.8336081064778995,多,124.280,124.018,21.1,1
1766063281.0812352,2025-12-18 13:08:01,2025-12-18 21:08:01,BarData,124.299,0,0.0,0.0,191.235866,0.0,✅ 触发交易,124.299,124.027,21.9,1
1766063284.9663048,2025-12-18 13:08:04,2025-12-18 21:08:04,Strategy_Open,124.299,1.0,0,1.0,191.243866,0.0,Strategy_Signal,124.299,124.027,21.9,1
1766063341.8125594,2025-12-18 13:09:01,2025-12-18 21:09:01,BarData,124.48,0,1.0,1.0,191.38286599999998,0.0,✅ 触发交易,124.480,124.042,35.2,1
1766063400.1990855,2025-12-18 13:10:00,2025-12-18 21:10:00,BarData,124.608,0,1.0,1.0,191.56886599999999,0.0,✅ 触发交易,124.608,124.060,43.9,1
1766063460.1608946,2025-12-18 13:11:00,2025-12-18 21:11:00,BarData,124.543,0,1.0,1.0,191.516866,0.0,✅ 触发交易,124.543,124.076,37.5,1
1766063520.2623148,2025-12-18 13:12:00,2025-12-18 21:12:00,BarData,124.38,0,1.0,1.0,191.433866,0.0,✅ 触发交易,124.380,124.086,23.6,1
1766063582.603285,2025-12-18 13:13:02,2025-12-18 21:13:02,BarData,124.456,0,1.0,1.0,191.37186599999998,0.0,✅ 触发交易,124.456,124.098,28.7,1
1766063640.7099617,2025-12-18 13:14:00,2025-12-18 21:14:00,BarData,124.534,0,1.0,1.0,191.521866,0.0,✅ 触发交易,124.534,124.113,33.8,1
1766063700.603483,2025-12-18 13:15:00,2025-12-18 21:15:00,BarData,124.701,0,1.0,1.0,191.63386599999998,0.0,✅ 触发交易,124.701,124.132,45.6,1
1766063760.346406,2025-12-18 13:16:00,2025-12-18 21:16:00,BarData,124.455,0,1.0,1.0,191.41286599999998,0.0,✅ 触发交易,124.455,124.143,25.1,1
1766063820.5621045,2025-12-18 13:17:00,2025-12-18 21:17:00,BarData,124.441,0,1.0,1.0,191.391866,0.0,✅ 触发交易,124.441,124.152,23.2,1
1766063880.174773,2025-12-18 13:18:00,2025-12-18 21:18:00,BarData,124.569,0,1.0,1.0,191.511866,0.0,✅ 触发交易,124.569,124.166,32.4,1
1766063940.5019073,2025-12-18 13:19:00,2025-12-18 21:19:00,BarData,124.61,0,1.0,1.0,191.480866,0.0,✅ 触发交易,124.610,124.181,34.5,1
1766064002.6190042,2025-12-18 13:20:02,2025-12-18 21:20:02,BarData,124.642,0,1.0,1.0,191.598866,0.0,✅ 触发交易,124.642,124.196,35.8,1
1766064060.5660706,2025-12-18 13:21:00,2025-12-18 21:21:00,BarData,124.672,0,1.0,1.0,191.63986599999998,0.0,✅ 触发交易,124.672,124.211,37.0,1
1766064067.019315,2025-12-18 13:21:07,2025-12-18 21:21:07,TP,124.919,1.0,1.0,0.0,191.828866,0.0,🚀 止盈 (+5.11%),124.672,124.211,37.0,1
1766064067.0196273,2025-12-18 13:21:07,2025-12-18 21:21:07,PnlRecord,124.919,0,0,0,191.63986599999998,5.109265874931535,多,124.672,124.211,37.0,1
1766064120.4808576,2025-12-18 13:22:00,2025-12-18 21:22:00,BarData,124.598,0,0.0,0.0,191.828866,0.0,✅ 触发交易,124.598,124.224,30.0,1
1766064124.3613331,2025-12-18 13:22:04,2025-12-18 21:22:04,Strategy_Open,124.598,1.0,0,1.0,191.83203,0.0,Strategy_Signal,124.598,124.224,30.0,1
1766064180.1495214,2025-12-18 13:23:00,2025-12-18 21:23:00,BarData,124.559,0,1.0,1.0,191.79203,0.0,✅ 触发交易,124.559,124.235,26.0,1
1766064240.1990483,2025-12-18 13:24:00,2025-12-18 21:24:00,BarData,124.641,0,1.0,1.0,191.79203,0.0,✅ 触发交易,124.641,124.248,31.5,1
1766064300.289759,2025-12-18 13:25:00,2025-12-18 21:25:00,BarData,124.506,0,1.0,1.0,191.79203,0.0,✅ 触发交易,124.506,124.257,20.0,1
1766064305.9227648,2025-12-18 13:25:05,2025-12-18 21:25:05,SL,124.481,1.0,1.0,0.0,191.74003,0.0,🛡️ 止损 (-1.01%),124.506,124.257,20.0,1
1766064305.923072,2025-12-18 13:25:05,2025-12-18 21:25:05,PnlRecord,124.481,0,0,0,191.79203,-1.0111791472389573,多,124.506,124.257,20.0,1
1766064360.3374178,2025-12-18 13:26:00,2025-12-18 21:26:00,BarData,124.351,0,0.0,0.0,191.74003,0.0,❌ 震荡 (Gap 7.3 < 10),124.351,124.260,7.3,0
1766064420.3601248,2025-12-18 13:27:00,2025-12-18 21:27:00,BarData,124.474,0,0.0,0.0,191.74003,0.0,✅ 触发交易,124.474,124.267,16.6,1
1766064424.2211509,2025-12-18 13:27:04,2025-12-18 21:27:04,Strategy_Open,124.474,1.0,0,1.0,191.72303,0.0,Strategy_Signal,124.474,124.267,16.6,1
1766064480.4743848,2025-12-18 13:28:00,2025-12-18 21:28:00,BarData,124.442,0,1.0,1.0,191.69303,0.0,✅ 触发交易,124.442,124.273,13.6,1
1766064540.6388204,2025-12-18 13:29:00,2025-12-18 21:29:00,BarData,124.402,0,1.0,1.0,191.71803,0.0,✅ 触发交易,124.402,124.277,10.1,1
1766064554.3749576,2025-12-18 13:29:14,2025-12-18 21:29:14,SL,124.362,1.0,1.0,0.0,191.62403,0.0,🛡️ 止损 (-1.00%),124.402,124.277,10.1,1
1766064554.3752453,2025-12-18 13:29:14,2025-12-18 21:29:14,PnlRecord,124.362,0,0,0,191.71803,-1.0041209122237664,多,124.402,124.277,10.1,1
1766064600.2891097,2025-12-18 13:30:00,2025-12-18 21:30:00,BarData,124.446,0,0.0,0.0,191.62403,0.0,✅ 触发交易,124.446,124.282,13.1,1
1766064604.150432,2025-12-18 13:30:04,2025-12-18 21:30:04,Strategy_Open,124.446,1.0,0,1.0,192.11403,0.0,Strategy_Signal,124.446,124.282,13.1,1
1766064617.509853,2025-12-18 13:30:17,2025-12-18 21:30:17,TP,125.118,1.0,1.0,0.0,192.28303,0.0,🚀 止盈 (+5.21%),124.446,124.282,13.1,1
1766064617.5101116,2025-12-18 13:30:17,2025-12-18 21:30:17,PnlRecord,125.118,0,0,0,192.06903,5.2060737527114656,多,124.446,124.282,13.1,1
1766064660.2751727,2025-12-18 13:31:00,2025-12-18 21:31:00,BarData,124.893,0,0.0,0.0,192.28303,0.0,✅ 触发交易,124.893,124.302,47.3,1
1766064664.1391644,2025-12-18 13:31:04,2025-12-18 21:31:04,Strategy_Open,124.893,1.0,0,1.0,192.33203,0.0,Strategy_Signal,124.893,124.302,47.3,1
1766064689.7304664,2025-12-18 13:31:29,2025-12-18 21:31:29,TP,125.511,1.0,1.0,0.0,192.748785,0.0,🚀 止盈 (+5.04%),124.893,124.302,47.3,1
1766064689.7307615,2025-12-18 13:31:29,2025-12-18 21:31:29,PnlRecord,125.511,0,0,0,192.73203,5.044802652124787,多,124.893,124.302,47.3,1
1766064720.3890588,2025-12-18 13:32:00,2025-12-18 21:32:00,BarData,125.256,0,0.0,0.0,192.748785,0.0,✅ 触发交易,125.256,124.334,73.6,1
1766064724.2640467,2025-12-18 13:32:04,2025-12-18 21:32:04,Strategy_Open,125.256,1.0,0,1.0,192.640785,0.0,Strategy_Signal,125.256,124.334,73.6,1
1766064728.3729303,2025-12-18 13:32:08,2025-12-18 21:32:08,SL,125.164,1.0,1.0,0.0,192.508785,0.0,🛡️ 止损 (-1.35%),125.256,124.334,73.6,1
1766064728.3732104,2025-12-18 13:32:08,2025-12-18 21:32:08,PnlRecord,125.164,0,0,0,192.640785,-1.3484078415101923,多,125.256,124.334,73.6,1
1766064781.1383781,2025-12-18 13:33:01,2025-12-18 21:33:01,BarData,125.395,0,0.0,0.0,192.508785,0.0,✅ 触发交易,125.395,124.368,81.9,1
1766064785.0293458,2025-12-18 13:33:05,2025-12-18 21:33:05,Strategy_Open,125.395,1.0,0,1.0,192.43578499999998,0.0,Strategy_Signal,125.395,124.368,81.9,1
1766064789.164212,2025-12-18 13:33:09,2025-12-18 21:33:09,SL,125.163,1.0,1.0,0.0,192.280785,0.0,🛡️ 止损 (-1.27%),125.395,124.368,81.9,1
1766064789.1645238,2025-12-18 13:33:09,2025-12-18 21:33:09,PnlRecord,125.163,0,0,0,192.43578499999998,-1.2687317470197252,多,125.395,124.368,81.9,1
1766064840.1727223,2025-12-18 13:34:00,2025-12-18 21:34:00,BarData,125.166,0,0.0,0.0,192.280785,0.0,✅ 触发交易,125.166,124.395,61.6,1
1766064844.042424,2025-12-18 13:34:04,2025-12-18 21:34:04,Strategy_Open,125.166,1.0,0,1.0,192.27078500000002,0.0,Strategy_Signal,125.166,124.395,61.6,1
1766064857.3148725,2025-12-18 13:34:17,2025-12-18 21:34:17,SL,125.004,1.0,1.0,0.0,192.091785,0.0,🛡️ 止损 (-1.17%),125.166,124.395,61.6,1
1766064857.3151689,2025-12-18 13:34:17,2025-12-18 21:34:17,PnlRecord,125.004,0,0,0,192.27078500000002,-1.1666000799041214,多,125.166,124.395,61.6,1
1766064900.5408027,2025-12-18 13:35:00,2025-12-18 21:35:00,BarData,125.172,0,0.0,0.0,192.091785,0.0,✅ 触发交易,125.172,124.420,60.1,1
1766064904.4464214,2025-12-18 13:35:04,2025-12-18 21:35:04,Strategy_Open,125.172,1.0,0,1.0,191.99978499999997,0.0,Strategy_Signal,125.172,124.420,60.1,1
1766064926.24802,2025-12-18 13:35:26,2025-12-18 21:35:26,SL,125.003,1.0,1.0,0.0,191.875751,0.0,🛡️ 止损 (-1.17%),125.172,124.420,60.1,1
1766064926.2483037,2025-12-18 13:35:26,2025-12-18 21:35:26,PnlRecord,125.003,0,0,0,192.06578499999998,-1.166609401593307,多,125.172,124.420,60.1,1
1766064960.3253098,2025-12-18 13:36:00,2025-12-18 21:36:00,BarData,124.666,0,0.0,0.0,191.875751,0.0,✅ 触发交易,124.666,124.428,19.1,1
1766064964.2209194,2025-12-18 13:36:04,2025-12-18 21:36:04,Strategy_Open,124.666,1.0,0,1.0,191.941751,0.0,Strategy_Signal,124.666,124.428,19.1,1
1766065020.642015,2025-12-18 13:37:00,2025-12-18 21:37:00,BarData,125.047,0,1.0,1.0,192.146751,0.0,✅ 触发交易,125.047,124.448,47.9,1
1766065069.407837,2025-12-18 13:37:49,2025-12-18 21:37:49,TP,125.346,1.0,1.0,0.0,192.505751,0.0,🚀 止盈 (+5.03%),125.047,124.448,47.9,1
1766065069.4081109,2025-12-18 13:37:49,2025-12-18 21:37:49,PnlRecord,125.346,0,0,0,192.333751,5.027301373487677,多,125.047,124.448,47.9,1
1766065080.0896266,2025-12-18 13:38:00,2025-12-18 21:38:00,BarData,125.32,0,0.0,0.0,192.505751,0.0,✅ 触发交易,125.320,124.477,67.3,1
1766065084.081919,2025-12-18 13:38:04,2025-12-18 21:38:04,Strategy_Open,125.32,1.0,0,1.0,192.508325,0.0,Strategy_Signal,125.320,124.477,67.3,1
1766065089.148543,2025-12-18 13:38:09,2025-12-18 21:38:09,SL,125.214,1.0,1.0,0.0,192.332325,0.0,🛡️ 止损 (-1.12%),125.320,124.477,67.3,1
1766065089.1488276,2025-12-18 13:38:09,2025-12-18 21:38:09,PnlRecord,125.214,0,0,0,192.518325,-1.1168371172838567,多,125.320,124.477,67.3,1
1766065140.147288,2025-12-18 13:39:00,2025-12-18 21:39:00,BarData,125.295,0,0.0,0.0,192.332325,0.0,✅ 触发交易,125.295,124.504,63.1,1
1766065144.0277267,2025-12-18 13:39:04,2025-12-18 21:39:04,Strategy_Open,125.295,1.0,0,1.0,192.271325,0.0,Strategy_Signal,125.295,124.504,63.1,1
1766065202.8343914,2025-12-18 13:40:02,2025-12-18 21:40:02,BarData,125.417,0,1.0,1.0,192.489325,0.0,✅ 触发交易,125.417,124.534,70.4,1
1766065260.3104286,2025-12-18 13:41:00,2025-12-18 21:41:00,BarData,125.496,0,1.0,1.0,192.608325,0.0,✅ 触发交易,125.496,124.565,74.2,1
1766065320.3472235,2025-12-18 13:42:00,2025-12-18 21:42:00,BarData,125.755,0,1.0,1.0,192.848325,0.0,✅ 触发交易,125.755,124.604,91.5,1
1766065342.452175,2025-12-18 13:42:22,2025-12-18 21:42:22,TP,125.91,1.0,1.0,0.0,192.988325,0.0,🚀 止盈 (+5.24%),125.755,124.604,91.5,1
1766065342.4524705,2025-12-18 13:42:22,2025-12-18 21:42:22,PnlRecord,125.91,0,0,0,192.922325,5.2373576891755285,多,125.755,124.604,91.5,1
1766065381.579073,2025-12-18 13:43:01,2025-12-18 21:43:01,BarData,125.85,0,0.0,0.0,192.988325,0.0,✅ 触发交易,125.850,124.645,95.7,1
1766065385.44119,2025-12-18 13:43:05,2025-12-18 21:43:05,Strategy_Open,125.85,1.0,0,1.0,193.003325,0.0,Strategy_Signal,125.850,124.645,95.7,1
1766065440.5838385,2025-12-18 13:44:00,2025-12-18 21:44:00,BarData,126.089,0,1.0,1.0,193.164325,0.0,✅ 触发交易,126.089,124.693,110.8,1
1766065500.2602067,2025-12-18 13:45:00,2025-12-18 21:45:00,BarData,126.004,0,1.0,1.0,193.144325,0.0,✅ 触发交易,126.004,124.736,100.7,1
1766065560.429332,2025-12-18 13:46:00,2025-12-18 21:46:00,BarData,126.097,0,1.0,1.0,192.965325,0.0,✅ 触发交易,126.097,124.780,104.4,1
1766065620.435301,2025-12-18 13:47:00,2025-12-18 21:47:00,BarData,126.176,0,1.0,1.0,193.299325,0.0,✅ 触发交易,126.176,124.826,107.0,1
1766065681.364578,2025-12-18 13:48:01,2025-12-18 21:48:01,BarData,126.371,0,1.0,1.0,193.506325,0.0,✅ 触发交易,126.371,124.877,118.3,1
1766065704.7253966,2025-12-18 13:48:24,2025-12-18 21:48:24,TP,126.517,1.0,1.0,0.0,193.630325,0.0,🚀 止盈 (+5.06%),126.371,124.877,118.3,1
1766065704.725722,2025-12-18 13:48:24,2025-12-18 21:48:24,PnlRecord,126.517,0,0,0,193.524325,5.060374960279636,多,126.371,124.877,118.3,1
1766065740.2502415,2025-12-18 13:49:00,2025-12-18 21:49:00,BarData,126.515,0,0.0,0.0,193.630325,0.0,✅ 触发交易,126.515,124.930,125.3,1
1766065744.1726823,2025-12-18 13:49:04,2025-12-18 21:49:04,Strategy_Open,126.515,1.0,0,1.0,193.633985,0.0,Strategy_Signal,126.515,124.930,125.3,1
1766065802.2650275,2025-12-18 13:50:02,2025-12-18 21:50:02,BarData,126.611,0,1.0,1.0,193.612985,0.0,✅ 触发交易,126.611,124.985,128.4,1
1766065861.436862,2025-12-18 13:51:01,2025-12-18 21:51:01,SL,126.445,1.0,1.0,0.0,193.489985,0.0,🛡️ 止损 (-1.22%),126.611,124.985,128.4,1
1766065861.4371665,2025-12-18 13:51:01,2025-12-18 21:51:01,PnlRecord,126.445,0,0,0,193.552985,-1.2164393083674478,多,126.611,124.985,128.4,1
1766065864.0852187,2025-12-18 13:51:04,2025-12-18 21:51:04,BarData,126.497,0,0.0,0.0,193.489985,0.0,✅ 触发交易,126.497,125.035,115.6,1
1766065867.6016939,2025-12-18 13:51:07,2025-12-18 21:51:07,Strategy_Open,126.497,1.0,0,1.0,193.49998499999998,0.0,Strategy_Signal,126.497,125.035,115.6,1
1766065920.2839918,2025-12-18 13:52:00,2025-12-18 21:52:00,BarData,126.674,0,1.0,1.0,193.611985,0.0,✅ 触发交易,126.674,125.089,125.1,1
1766065980.6915627,2025-12-18 13:53:00,2025-12-18 21:53:00,BarData,126.693,0,1.0,1.0,193.615985,0.0,✅ 触发交易,126.693,125.141,122.5,1
1766066040.437183,2025-12-18 13:54:00,2025-12-18 21:54:00,BarData,126.613,0,1.0,1.0,193.521985,0.0,✅ 触发交易,126.613,125.190,112.4,1
1766066093.964707,2025-12-18 13:54:53,2025-12-18 21:54:53,SL,126.406,1.0,1.0,0.0,193.349985,0.0,🛡️ 止损 (-1.31%),126.613,125.190,112.4,1
1766066093.9650276,2025-12-18 13:54:53,2025-12-18 21:54:53,PnlRecord,126.406,0,0,0,193.460985,-1.311506494327314,多,126.613,125.190,112.4,1
1766066100.645927,2025-12-18 13:55:00,2025-12-18 21:55:00,BarData,126.533,0,0.0,0.0,193.349985,0.0,✅ 触发交易,126.533,125.234,102.7,1
1766066104.1826258,2025-12-18 13:55:04,2025-12-18 21:55:04,Strategy_Open,126.533,1.0,0,1.0,193.307985,0.0,Strategy_Signal,126.533,125.234,102.7,1
1766066126.7654212,2025-12-18 13:55:26,2025-12-18 21:55:26,SL,126.392,1.0,1.0,0.0,193.249985,0.0,🛡️ 止损 (-1.00%),126.533,125.234,102.7,1
1766066126.765712,2025-12-18 13:55:26,2025-12-18 21:55:26,PnlRecord,126.392,0,0,0,193.246985,-1.0038018005201554,多,126.533,125.234,102.7,1
1766066161.4335203,2025-12-18 13:56:01,2025-12-18 21:56:01,BarData,126.502,0,0.0,0.0,193.249985,0.0,✅ 触发交易,126.502,125.275,97.0,1
1766066165.5400383,2025-12-18 13:56:05,2025-12-18 21:56:05,Strategy_Open,126.502,1.0,0,1.0,193.24229400000002,0.0,Strategy_Signal,126.502,125.275,97.0,1
1766066188.7171652,2025-12-18 13:56:28,2025-12-18 21:56:28,SL,126.4,1.0,1.0,0.0,193.096294,0.0,🛡️ 止损 (-1.04%),126.502,125.275,97.0,1
1766066188.7174406,2025-12-18 13:56:28,2025-12-18 21:56:28,PnlRecord,126.4,0,0,0,193.143294,-1.035319407892139,多,126.502,125.275,97.0,1
1766066220.445009,2025-12-18 13:57:00,2025-12-18 21:57:00,BarData,126.538,0,0.0,0.0,193.096294,0.0,✅ 触发交易,126.538,125.317,96.5,1
1766066224.4506624,2025-12-18 13:57:04,2025-12-18 21:57:04,Strategy_Open,126.538,1.0,0,1.0,193.100294,0.0,Strategy_Signal,126.538,125.317,96.5,1
1766066280.5766137,2025-12-18 13:58:00,2025-12-18 21:58:00,BarData,126.42,0,1.0,1.0,193.150294,0.0,✅ 触发交易,126.420,125.353,84.4,1
1766066307.9364123,2025-12-18 13:58:27,2025-12-18 21:58:27,SL,126.399,1.0,1.0,0.0,192.894061,0.0,🛡️ 止损 (-1.03%),126.420,125.353,84.4,1
1766066307.9367034,2025-12-18 13:58:27,2025-12-18 21:58:27,PnlRecord,126.399,0,0,0,193.150294,-1.027432446316619,多,126.420,125.353,84.4,1
1766066340.318512,2025-12-18 13:59:00,2025-12-18 21:59:00,BarData,126.36,0,0.0,0.0,192.894061,0.0,✅ 触发交易,126.360,125.386,77.1,1
1766066344.1722918,2025-12-18 13:59:04,2025-12-18 21:59:04,Strategy_Open,126.36,1.0,0,1.0,192.869061,0.0,Strategy_Signal,126.360,125.386,77.1,1
1766066400.885203,2025-12-18 14:00:00,2025-12-18 22:00:00,BarData,126.353,0,1.0,1.0,192.893061,0.0,✅ 触发交易,126.353,125.418,74.0,1
1766066461.7419481,2025-12-18 14:01:01,2025-12-18 22:01:01,BarData,126.722,0,1.0,1.0,193.193544,0.0,✅ 触发交易,126.722,125.460,99.6,1
1766066488.6759574,2025-12-18 14:01:28,2025-12-18 22:01:28,TP,127.033,1.0,1.0,0.0,193.566544,0.0,🚀 止盈 (+5.06%),126.722,125.460,99.6,1
1766066488.676258,2025-12-18 14:01:28,2025-12-18 22:01:28,PnlRecord,127.033,0,0,0,193.444544,5.063571558551507,多,126.722,125.460,99.6,1
1766066520.0835152,2025-12-18 14:02:00,2025-12-18 22:02:00,BarData,127.211,0,0.0,0.0,193.566544,0.0,✅ 触发交易,127.211,125.518,133.1,1
1766066524.227808,2025-12-18 14:02:04,2025-12-18 22:02:04,Strategy_Open,127.211,1.0,0,1.0,193.554544,0.0,Strategy_Signal,127.211,125.518,133.1,1
1766066580.6634498,2025-12-18 14:03:00,2025-12-18 22:03:00,BarData,127.231,0,1.0,1.0,193.585544,0.0,✅ 触发交易,127.231,125.574,130.2,1
1766066603.6050444,2025-12-18 14:03:23,2025-12-18 22:03:23,SL,127.086,1.0,1.0,0.0,193.427544,0.0,🛡️ 止损 (-1.13%),127.231,125.574,130.2,1
1766066603.6053324,2025-12-18 14:03:23,2025-12-18 22:03:23,PnlRecord,127.086,0,0,0,193.541544,-1.1318085357227499,多,127.231,125.574,130.2,1
1766066640.6086805,2025-12-18 14:04:00,2025-12-18 22:04:00,BarData,127.186,0,0.0,0.0,193.427544,0.0,✅ 触发交易,127.186,125.627,122.6,1
1766066644.5120015,2025-12-18 14:04:04,2025-12-18 22:04:04,Strategy_Open,127.186,1.0,0,1.0,193.42854400000002,0.0,Strategy_Signal,127.186,125.627,122.6,1
1766066655.4519513,2025-12-18 14:04:15,2025-12-18 22:04:15,SL,127.048,1.0,1.0,0.0,193.276544,0.0,🛡️ 止损 (-1.23%),127.186,125.627,122.6,1
1766066655.4522223,2025-12-18 14:04:15,2025-12-18 22:04:15,PnlRecord,127.048,0,0,0,193.408544,-1.226376529039902,多,127.186,125.627,122.6,1
1766066702.6074,2025-12-18 14:05:02,2025-12-18 22:05:02,BarData,127.393,0,0.0,0.0,193.276544,0.0,✅ 触发交易,127.393,125.685,134.1,1
1766066707.7593396,2025-12-18 14:05:07,2025-12-18 22:05:07,Strategy_Open,127.393,1.0,0,1.0,193.284544,0.0,Strategy_Signal,127.393,125.685,134.1,1
1766066760.4683888,2025-12-18 14:06:00,2025-12-18 22:06:00,BarData,127.675,0,1.0,1.0,193.626544,0.0,✅ 触发交易,127.675,125.750,150.8,1
1766066821.5959811,2025-12-18 14:07:01,2025-12-18 22:07:01,BarData,127.478,0,1.0,1.0,193.349544,0.0,✅ 触发交易,127.478,125.807,131.1,1
1766066851.371074,2025-12-18 14:07:31,2025-12-18 22:07:31,SL,127.249,1.0,1.0,0.0,193.115544,0.0,🛡️ 止损 (-1.09%),127.478,125.807,131.1,1
1766066851.3713694,2025-12-18 14:07:31,2025-12-18 22:07:31,PnlRecord,127.249,0,0,0,193.308544,-1.0911545828493265,多,127.478,125.807,131.1,1
1766066881.6498678,2025-12-18 14:08:01,2025-12-18 22:08:01,BarData,127.246,0,0.0,0.0,193.115544,0.0,✅ 触发交易,127.246,125.854,109.4,1
1766066885.5141459,2025-12-18 14:08:05,2025-12-18 22:08:05,Strategy_Open,127.246,1.0,0,1.0,193.131544,0.0,Strategy_Signal,127.246,125.854,109.4,1
1766066941.103616,2025-12-18 14:09:01,2025-12-18 22:09:01,BarData,127.213,0,1.0,1.0,193.071544,0.0,✅ 触发交易,127.213,125.898,103.3,1
1766066997.970723,2025-12-18 14:09:57,2025-12-18 22:09:57,SL,127.101,1.0,1.0,0.0,192.940544,0.0,🛡️ 止损 (-1.12%),127.213,125.898,103.3,1
1766066997.971006,2025-12-18 14:09:57,2025-12-18 22:09:57,PnlRecord,127.101,0,0,0,193.061544,-1.1238250919493311,多,127.213,125.898,103.3,1
1766067000.8726938,2025-12-18 14:10:00,2025-12-18 22:10:00,BarData,127.097,0,0.0,0.0,192.940544,0.0,✅ 触发交易,127.097,125.938,91.2,1
1766067004.4139147,2025-12-18 14:10:04,2025-12-18 22:10:04,Strategy_Open,127.097,1.0,0,1.0,192.93854399999998,0.0,Strategy_Signal,127.097,125.938,91.2,1
1766067063.37747,2025-12-18 14:11:03,2025-12-18 22:11:03,SL,126.896,1.0,1.0,0.0,192.801544,0.0,🛡️ 止损 (-1.31%),127.097,125.938,91.2,1
1766067063.3777447,2025-12-18 14:11:03,2025-12-18 22:11:03,PnlRecord,126.896,0,0,0,192.92054399999998,-1.3064488202609499,多,127.097,125.938,91.2,1
1766067066.2251592,2025-12-18 14:11:06,2025-12-18 22:11:06,BarData,126.836,0,0.0,0.0,192.801544,0.0,✅ 触发交易,126.836,125.967,68.5,1
1766067069.744572,2025-12-18 14:11:09,2025-12-18 22:11:09,Strategy_Open,126.836,1.0,0,1.0,192.816544,0.0,Strategy_Signal,126.836,125.967,68.5,1
1766067078.399446,2025-12-18 14:11:18,2025-12-18 22:11:18,SL,126.674,1.0,1.0,0.0,192.685544,0.0,🛡️ 止损 (-1.06%),126.836,125.967,68.5,1
1766067078.3997142,2025-12-18 14:11:18,2025-12-18 22:11:18,PnlRecord,126.674,0,0,0,192.79754400000002,-1.05671566462684,多,126.836,125.967,68.5,1
1766067120.1894772,2025-12-18 14:12:00,2025-12-18 22:12:00,BarData,126.097,0,0.0,0.0,192.685544,0.0,❌ 震荡 (Gap 10.0 < 10),126.097,125.971,10.0,0
1766067180.40495,2025-12-18 14:13:00,2025-12-18 22:13:00,BarData,125.493,0,0.0,0.0,192.685544,0.0,❌ 快线向上,125.493,125.956,36.9,0
1766067241.1472182,2025-12-18 14:14:01,2025-12-18 22:14:01,BarData,125.715,0,0.0,0.0,192.685544,0.0,❌ 快线向上,125.715,125.948,18.5,0
1766067300.3583791,2025-12-18 14:15:00,2025-12-18 22:15:00,BarData,125.363,0,0.0,0.0,192.685544,0.0,❌ 快线向上,125.363,125.929,45.1,0
1766067360.559119,2025-12-18 14:16:00,2025-12-18 22:16:00,BarData,125.765,0,0.0,0.0,192.685544,0.0,❌ 快线向上,125.765,125.923,12.6,0
1766067420.1560218,2025-12-18 14:17:00,2025-12-18 22:17:00,BarData,126.153,0,0.0,0.0,192.685544,0.0,✅ 触发交易,126.153,125.931,17.6,1
1766067424.0569968,2025-12-18 14:17:04,2025-12-18 22:17:04,Strategy_Open,126.153,1.0,0,1.0,192.680544,0.0,Strategy_Signal,126.153,125.931,17.6,1
1766067433.3667269,2025-12-18 14:17:13,2025-12-18 22:17:13,SL,126.073,1.0,1.0,0.0,192.620544,0.0,🛡️ 止损 (-1.03%),126.153,125.931,17.6,1
1766067433.367112,2025-12-18 14:17:13,2025-12-18 22:17:13,PnlRecord,126.073,0,0,0,192.680544,-1.0300864480242915,多,126.153,125.931,17.6,1
1766067481.7552137,2025-12-18 14:18:01,2025-12-18 22:18:01,BarData,126.164,0,0.0,0.0,192.620544,0.0,✅ 触发交易,126.164,125.938,17.9,1
1766067485.652749,2025-12-18 14:18:05,2025-12-18 22:18:05,Strategy_Open,126.164,1.0,0,1.0,192.617544,0.0,Strategy_Signal,126.164,125.938,17.9,1
1766067542.5158706,2025-12-18 14:19:02,2025-12-18 22:19:02,BarData,126.23,0,1.0,1.0,192.694544,0.0,✅ 触发交易,126.230,125.948,22.3,1
1766067600.1526194,2025-12-18 14:20:00,2025-12-18 22:20:00,BarData,126.423,0,1.0,1.0,192.837544,0.0,✅ 触发交易,126.423,125.964,36.3,1
1766067662.5398743,2025-12-18 14:21:02,2025-12-18 22:21:02,BarData,126.422,0,1.0,1.0,193.019544,0.0,✅ 触发交易,126.422,125.979,35.1,1
1766067720.5379996,2025-12-18 14:22:00,2025-12-18 22:22:00,BarData,126.153,0,1.0,1.0,192.706544,0.0,✅ 触发交易,126.153,125.984,13.4,1
1766067773.0663564,2025-12-18 14:22:53,2025-12-18 22:22:53,SL,126.0,1.0,1.0,0.0,192.499544,0.0,🛡️ 止损 (-1.33%),126.153,125.984,13.4,1
1766067773.0666678,2025-12-18 14:22:53,2025-12-18 22:22:53,PnlRecord,126.0,0,0,0,192.520544,-1.331557922769691,多,126.153,125.984,13.4,1
1766067780.193013,2025-12-18 14:23:00,2025-12-18 22:23:00,BarData,126.081,0,0.0,0.0,192.499544,0.0,❌ 震荡 (Gap 7.4 < 10),126.081,125.987,7.4,0
1766067841.0212948,2025-12-18 14:24:01,2025-12-18 22:24:01,BarData,126.079,0,0.0,0.0,192.499544,0.0,❌ 震荡 (Gap 7.0 < 10),126.079,125.990,7.0,0
1766067900.384778,2025-12-18 14:25:00,2025-12-18 22:25:00,BarData,126.237,0,0.0,0.0,192.499544,0.0,✅ 触发交易,126.237,125.999,18.9,1
1766067904.2715096,2025-12-18 14:25:04,2025-12-18 22:25:04,Strategy_Open,126.237,1.0,0,1.0,192.517544,0.0,Strategy_Signal,126.237,125.999,18.9,1
1766067948.5905025,2025-12-18 14:25:48,2025-12-18 22:25:48,SL,126.044,1.0,1.0,0.0,192.391544,0.0,🛡️ 止损 (-1.04%),126.237,125.999,18.9,1
1766067948.5907745,2025-12-18 14:25:48,2025-12-18 22:25:48,PnlRecord,126.044,0,0,0,192.517544,-1.038240538934022,多,126.237,125.999,18.9,1
1766067960.175145,2025-12-18 14:26:00,2025-12-18 22:26:00,BarData,126.189,0,0.0,0.0,192.391544,0.0,✅ 触发交易,126.189,126.005,14.6,1
1766067964.1295562,2025-12-18 14:26:04,2025-12-18 22:26:04,Strategy_Open,126.189,1.0,0,1.0,192.427544,0.0,Strategy_Signal,126.189,126.005,14.6,1
1766068017.558966,2025-12-18 14:26:57,2025-12-18 22:26:57,SL,125.876,1.0,1.0,0.0,192.083544,0.0,🛡️ 止损 (-2.35%),126.189,126.005,14.6,1
1766068017.5592625,2025-12-18 14:26:57,2025-12-18 22:26:57,PnlRecord,125.876,0,0,0,192.43454400000002,-2.3460038677360453,多,126.189,126.005,14.6,1
1766068020.681854,2025-12-18 14:27:00,2025-12-18 22:27:00,BarData,125.818,0,0.0,0.0,192.083544,0.0,❌ 快线向上,125.818,125.999,14.4,0
1766068080.5359857,2025-12-18 14:28:00,2025-12-18 22:28:00,BarData,126.058,0,0.0,0.0,192.083544,0.0,❌ 震荡 (Gap 4.6 < 10),126.058,126.001,4.6,0
1766068140.605141,2025-12-18 14:29:00,2025-12-18 22:29:00,BarData,126.286,0,0.0,0.0,192.083544,0.0,✅ 触发交易,126.286,126.010,21.9,1
1766068144.4638398,2025-12-18 14:29:04,2025-12-18 22:29:04,Strategy_Open,126.286,1.0,0,1.0,192.080544,0.0,Strategy_Signal,126.286,126.010,21.9,1
1766068201.830518,2025-12-18 14:30:01,2025-12-18 22:30:01,BarData,126.317,0,1.0,1.0,192.120544,0.0,✅ 触发交易,126.317,126.020,23.5,1
1766068260.790455,2025-12-18 14:31:00,2025-12-18 22:31:00,BarData,126.645,0,1.0,1.0,192.03354399999998,0.0,✅ 触发交易,126.645,126.041,47.7,1
1766068269.2599497,2025-12-18 14:31:09,2025-12-18 22:31:09,TP,126.92,1.0,1.0,0.0,192.710544,0.0,🚀 止盈 (+5.18%),126.645,126.041,47.7,1
1766068269.26021,2025-12-18 14:31:09,2025-12-18 22:31:09,PnlRecord,126.92,0,0,0,192.03354399999998,5.179541602648348,多,126.645,126.041,47.7,1
1766068320.739971,2025-12-18 14:32:00,2025-12-18 22:32:00,BarData,126.467,0,0.0,0.0,192.710544,0.0,✅ 触发交易,126.467,126.054,32.6,1
1766068324.6143463,2025-12-18 14:32:04,2025-12-18 22:32:04,Strategy_Open,126.467,1.0,0,1.0,192.810544,0.0,Strategy_Signal,126.467,126.054,32.6,1
1766068376.6621964,2025-12-18 14:32:56,2025-12-18 22:32:56,SL,126.453,1.0,1.0,0.0,192.532544,0.0,🛡️ 止损 (-1.11%),126.467,126.054,32.6,1
1766068376.6625063,2025-12-18 14:32:56,2025-12-18 22:32:56,PnlRecord,126.453,0,0,0,192.828544,-1.1137968624104706,多,126.467,126.054,32.6,1
1766068380.1855927,2025-12-18 14:33:00,2025-12-18 22:33:00,BarData,126.511,0,0.0,0.0,192.532544,0.0,✅ 触发交易,126.511,126.069,34.9,1
1766068383.740992,2025-12-18 14:33:03,2025-12-18 22:33:03,Strategy_Open,126.511,1.0,0,1.0,192.581544,0.0,Strategy_Signal,126.511,126.069,34.9,1
1766068391.7610524,2025-12-18 14:33:11,2025-12-18 22:33:11,SL,126.291,1.0,1.0,0.0,192.317544,0.0,🛡️ 止损 (-1.29%),126.511,126.069,34.9,1
1766068391.7613373,2025-12-18 14:33:11,2025-12-18 22:33:11,PnlRecord,126.291,0,0,0,192.581544,-1.2890062789630752,多,126.511,126.069,34.9,1
1766068442.034268,2025-12-18 14:34:02,2025-12-18 22:34:02,BarData,125.822,0,0.0,0.0,192.317544,0.0,❌ 快线向上,125.822,126.061,19.0,0
1766068500.5634148,2025-12-18 14:35:00,2025-12-18 22:35:00,BarData,126.189,0,0.0,0.0,192.317544,0.0,❌ 震荡 (Gap 9.8 < 10),126.189,126.066,9.8,0
1766068560.2195296,2025-12-18 14:36:00,2025-12-18 22:36:00,BarData,125.606,0,0.0,0.0,192.317544,0.0,❌ 快线向上,125.606,126.050,35.4,0
1766068620.077961,2025-12-18 14:37:00,2025-12-18 22:37:00,BarData,125.558,0,0.0,0.0,192.317544,0.0,❌ 快线向上,125.558,126.034,37.9,0
1766068680.3335402,2025-12-18 14:38:00,2025-12-18 22:38:00,BarData,125.865,0,0.0,0.0,192.317544,0.0,❌ 快线向上,125.865,126.029,13.0,0
1766068742.138055,2025-12-18 14:39:02,2025-12-18 22:39:02,BarData,125.585,0,0.0,0.0,192.317544,0.0,❌ 快线向上,125.585,126.014,34.2,0
1766068800.8104537,2025-12-18 14:40:00,2025-12-18 22:40:00,BarData,125.583,0,0.0,0.0,192.317544,0.0,❌ 快线向上,125.583,126.000,33.2,0
1766068860.3435862,2025-12-18 14:41:00,2025-12-18 22:41:00,BarData,125.59,0,0.0,0.0,192.317544,0.0,❌ 快线向上,125.590,125.987,31.6,0
1766068921.9775004,2025-12-18 14:42:01,2025-12-18 22:42:01,BarData,125.701,0,0.0,0.0,192.317544,0.0,❌ 快线向上,125.701,125.977,22.0,0
1766068980.113694,2025-12-18 14:43:00,2025-12-18 22:43:00,BarData,125.37,0,0.0,0.0,192.317544,0.0,❌ 快线向上,125.370,125.957,46.9,0
1766069040.6934552,2025-12-18 14:44:00,2025-12-18 22:44:00,BarData,125.168,0,0.0,0.0,192.317544,0.0,❌ 快线向上,125.168,125.931,61.0,0
1766069100.3366563,2025-12-18 14:45:00,2025-12-18 22:45:00,BarData,124.863,0,0.0,0.0,192.317544,0.0,✅ 触发交易,124.863,125.896,82.8,-1
1766069104.3306878,2025-12-18 14:45:04,2025-12-18 22:45:04,Strategy_Open,124.863,1.0,0,-1.0,192.382744,0.0,Strategy_Signal,124.863,125.896,82.8,-1
1766069163.6055622,2025-12-18 14:46:03,2025-12-18 22:46:03,SL,125.222,1.0,-1.0,0.0,192.183744,0.0,🛡️ 止损 (-1.17%),124.863,125.896,82.8,-1
1766069163.605854,2025-12-18 14:46:03,2025-12-18 22:46:03,PnlRecord,125.222,0,0,0,192.255744,-1.1672902875052034,空,124.863,125.896,82.8,-1
1766069166.3860748,2025-12-18 14:46:06,2025-12-18 22:46:06,BarData,125.203,0,0.0,0.0,192.183744,0.0,❌ 快线向上,125.203,125.874,53.6,0
1766069220.265439,2025-12-18 14:47:00,2025-12-18 22:47:00,BarData,125.554,0,0.0,0.0,192.183744,0.0,❌ 快线向上,125.554,125.863,24.6,0
1766069280.63665,2025-12-18 14:48:00,2025-12-18 22:48:00,BarData,125.564,0,0.0,0.0,192.183744,0.0,❌ 快线向上,125.564,125.853,23.0,0
1766069340.454527,2025-12-18 14:49:00,2025-12-18 22:49:00,BarData,125.024,0,0.0,0.0,192.183744,0.0,✅ 触发交易,125.024,125.826,64.2,-1
1766069344.3390198,2025-12-18 14:49:04,2025-12-18 22:49:04,Strategy_Open,125.024,1.0,0,-1.0,192.17834399999998,0.0,Strategy_Signal,125.024,125.826,64.2,-1
1766069398.5285792,2025-12-18 14:49:58,2025-12-18 22:49:58,SL,125.096,1.0,-1.0,0.0,191.975344,0.0,🛡️ 止损 (-1.05%),125.024,125.826,64.2,-1
1766069398.5288744,2025-12-18 14:49:58,2025-12-18 22:49:58,PnlRecord,125.096,0,0,0,192.191344,-1.048293522186214,空,125.024,125.826,64.2,-1
1766069401.4570775,2025-12-18 14:50:01,2025-12-18 22:50:01,BarData,125.197,0,0.0,0.0,191.975344,0.0,❌ 快线向上,125.197,125.806,48.6,0
1766069460.7157211,2025-12-18 14:51:00,2025-12-18 22:51:00,BarData,125.324,0,0.0,0.0,191.975344,0.0,❌ 快线向上,125.324,125.790,37.2,0
1766069520.2252636,2025-12-18 14:52:00,2025-12-18 22:52:00,BarData,125.461,0,0.0,0.0,191.975344,0.0,❌ 快线向上,125.461,125.779,25.3,0
1766069580.5289543,2025-12-18 14:53:00,2025-12-18 22:53:00,BarData,125.786,0,0.0,0.0,191.975344,0.0,❌ 震荡 (Gap 0.5 < 10),125.786,125.779,0.5,0
1766069640.3304188,2025-12-18 14:54:00,2025-12-18 22:54:00,BarData,125.715,0,0.0,0.0,191.975344,0.0,❌ 震荡 (Gap 4.9 < 10),125.715,125.777,4.9,0
1766069700.511427,2025-12-18 14:55:00,2025-12-18 22:55:00,BarData,125.938,0,0.0,0.0,191.975344,0.0,✅ 触发交易,125.938,125.782,12.4,1
1766069705.4916039,2025-12-18 14:55:05,2025-12-18 22:55:05,Strategy_Open,125.938,1.0,0,1.0,192.020344,0.0,Strategy_Signal,125.938,125.782,12.4,1
1766069722.091272,2025-12-18 14:55:22,2025-12-18 22:55:22,SL,125.791,1.0,1.0,0.0,191.776439,0.0,🛡️ 止损 (-1.03%),125.938,125.782,12.4,1
1766069722.091574,2025-12-18 14:55:22,2025-12-18 22:55:22,PnlRecord,125.791,0,0,0,191.879344,-1.0323933259742988,多,125.938,125.782,12.4,1
1766069760.565543,2025-12-18 14:56:00,2025-12-18 22:56:00,BarData,125.963,0,0.0,0.0,191.776439,0.0,✅ 触发交易,125.963,125.788,13.9,1
1766069764.4397137,2025-12-18 14:56:04,2025-12-18 22:56:04,Strategy_Open,125.963,1.0,0,1.0,191.779439,0.0,Strategy_Signal,125.963,125.788,13.9,1
1766069803.656641,2025-12-18 14:56:43,2025-12-18 22:56:43,SL,125.821,1.0,1.0,0.0,191.603428,0.0,🛡️ 止损 (-1.00%),125.963,125.788,13.9,1
1766069803.6569352,2025-12-18 14:56:43,2025-12-18 22:56:43,PnlRecord,125.821,0,0,0,191.723439,-1.0004208119288653,多,125.963,125.788,13.9,1
1766069820.2716725,2025-12-18 14:57:00,2025-12-18 22:57:00,BarData,125.773,0,0.0,0.0,191.603428,0.0,❌ 震荡 (Gap 1.2 < 10),125.773,125.788,1.2,0
1766069880.458946,2025-12-18 14:58:00,2025-12-18 22:58:00,BarData,125.883,0,0.0,0.0,191.603428,0.0,❌ 震荡 (Gap 7.3 < 10),125.883,125.791,7.3,0
1766069940.5222344,2025-12-18 14:59:00,2025-12-18 22:59:00,BarData,125.714,0,0.0,0.0,191.603428,0.0,❌ 震荡 (Gap 5.9 < 10),125.714,125.788,5.9,0
1766070000.1632893,2025-12-18 15:00:00,2025-12-18 23:00:00,BarData,125.782,0,0.0,0.0,191.603428,0.0,❌ 震荡 (Gap 0.5 < 10),125.782,125.788,0.5,0
1766070060.2113514,2025-12-18 15:01:00,2025-12-18 23:01:00,BarData,125.74,0,0.0,0.0,191.603428,0.0,❌ 震荡 (Gap 3.7 < 10),125.740,125.787,3.7,0
1766070120.3301015,2025-12-18 15:02:00,2025-12-18 23:02:00,BarData,125.556,0,0.0,0.0,191.603428,0.0,❌ 快线向上,125.556,125.779,17.8,0
1766070180.6081305,2025-12-18 15:03:00,2025-12-18 23:03:00,BarData,126.111,0,0.0,0.0,191.603428,0.0,✅ 触发交易,126.111,125.790,25.5,1
1766070184.5714054,2025-12-18 15:03:04,2025-12-18 23:03:04,Strategy_Open,126.111,1.0,0,1.0,191.56342800000002,0.0,Strategy_Signal,126.111,125.790,25.5,1
1766070196.7420592,2025-12-18 15:03:16,2025-12-18 23:03:16,SL,125.915,1.0,1.0,0.0,191.519428,0.0,🛡️ 止损 (-1.02%),126.111,125.790,25.5,1
1766070196.7423549,2025-12-18 15:03:16,2025-12-18 23:03:16,PnlRecord,125.915,0,0,0,191.559428,-1.0234521278283035,多,126.111,125.790,25.5,1
1766070240.1765556,2025-12-18 15:04:00,2025-12-18 23:04:00,BarData,126.146,0,0.0,0.0,191.519428,0.0,✅ 触发交易,126.146,125.802,27.3,1
1766070244.0419683,2025-12-18 15:04:04,2025-12-18 23:04:04,Strategy_Open,126.146,1.0,0,1.0,191.517428,0.0,Strategy_Signal,126.146,125.802,27.3,1
1766070300.5072532,2025-12-18 15:05:00,2025-12-18 23:05:00,BarData,126.35,0,1.0,1.0,191.630428,0.0,✅ 触发交易,126.350,125.820,42.0,1
1766070360.7597597,2025-12-18 15:06:00,2025-12-18 23:06:00,TP,126.754,1.0,1.0,0.0,192.199428,0.0,🚀 止盈 (+5.08%),126.350,125.820,42.0,1
1766070360.7601342,2025-12-18 15:06:00,2025-12-18 23:06:00,PnlRecord,126.754,0,0,0,192.011428,5.08274325406584,多,126.350,125.820,42.0,1
1766070363.6048274,2025-12-18 15:06:03,2025-12-18 23:06:03,BarData,126.717,0,0.0,0.0,192.199428,0.0,✅ 触发交易,126.717,125.849,68.5,1
1766070367.1363733,2025-12-18 15:06:07,2025-12-18 23:06:07,Strategy_Open,126.717,1.0,0,1.0,192.198428,0.0,Strategy_Signal,126.717,125.849,68.5,1
1766070420.5632958,2025-12-18 15:07:00,2025-12-18 23:07:00,BarData,126.895,0,1.0,1.0,192.268428,0.0,✅ 触发交易,126.895,125.883,79.7,1
1766070480.4946635,2025-12-18 15:08:00,2025-12-18 23:08:00,BarData,127.2,0,1.0,1.0,192.491428,0.0,✅ 触发交易,127.200,125.927,100.1,1
1766070540.607545,2025-12-18 15:09:00,2025-12-18 23:09:00,BarData,127.131,0,1.0,1.0,192.54742800000002,0.0,✅ 触发交易,127.131,125.966,91.6,1
1766070600.7633338,2025-12-18 15:10:00,2025-12-18 23:10:00,BarData,126.776,0,1.0,1.0,192.17642800000002,0.0,✅ 触发交易,126.776,125.993,61.8,1
1766070611.1830914,2025-12-18 15:10:11,2025-12-18 23:10:11,SL,126.578,1.0,1.0,0.0,192.03965,0.0,🛡️ 止损 (-1.05%),126.776,125.993,61.8,1
1766070611.1833892,2025-12-18 15:10:11,2025-12-18 23:10:11,PnlRecord,126.578,0,0,0,192.11242800000002,-1.049632628579962,多,126.776,125.993,61.8,1
1766070660.3472948,2025-12-18 15:11:00,2025-12-18 23:11:00,BarData,126.427,0,0.0,0.0,192.03965,0.0,✅ 触发交易,126.427,126.007,33.2,1
1766070664.2184606,2025-12-18 15:11:04,2025-12-18 23:11:04,Strategy_Open,126.427,1.0,0,1.0,192.02865,0.0,Strategy_Signal,126.427,126.007,33.2,1
1766070683.5149825,2025-12-18 15:11:23,2025-12-18 23:11:23,SL,126.281,1.0,1.0,0.0,191.97365,0.0,🛡️ 止损 (-1.02%),126.427,126.007,33.2,1
1766070683.5152826,2025-12-18 15:11:23,2025-12-18 23:11:23,PnlRecord,126.281,0,0,0,192.02665,-1.020488885372919,多,126.427,126.007,33.2,1
1766070720.3961155,2025-12-18 15:12:00,2025-12-18 23:12:00,BarData,126.166,0,0.0,0.0,191.97365,0.0,✅ 触发交易,126.166,126.012,12.2,1
1766070724.3867183,2025-12-18 15:12:04,2025-12-18 23:12:04,Strategy_Open,126.166,1.0,0,1.0,191.96564999999998,0.0,Strategy_Signal,126.166,126.012,12.2,1
1766070754.543936,2025-12-18 15:12:34,2025-12-18 23:12:34,SL,126.063,1.0,1.0,0.0,191.73165,0.0,🛡️ 止损 (-1.09%),126.166,126.012,12.2,1
1766070754.5442154,2025-12-18 15:12:34,2025-12-18 23:12:34,PnlRecord,126.063,0,0,0,191.91665,-1.0855784469096708,多,126.166,126.012,12.2,1
1766070782.2855318,2025-12-18 15:13:02,2025-12-18 23:13:02,BarData,125.963,0,0.0,0.0,191.73165,0.0,❌ 震荡 (Gap 3.8 < 10),125.963,126.010,3.8,0
1766070840.297552,2025-12-18 15:14:00,2025-12-18 23:14:00,BarData,125.809,0,0.0,0.0,191.73165,0.0,❌ 快线向上,125.809,126.004,15.5,0
1766070900.6312068,2025-12-18 15:15:00,2025-12-18 23:15:00,BarData,125.927,0,0.0,0.0,191.73165,0.0,❌ 震荡 (Gap 5.9 < 10),125.927,126.001,5.9,0
1766070960.470758,2025-12-18 15:16:00,2025-12-18 23:16:00,BarData,126.197,0,0.0,0.0,191.73165,0.0,✅ 触发交易,126.197,126.008,15.0,1
1766070964.3271818,2025-12-18 15:16:04,2025-12-18 23:16:04,Strategy_Open,126.197,1.0,0,1.0,191.743974,0.0,Strategy_Signal,126.197,126.008,15.0,1
1766071021.7001219,2025-12-18 15:17:01,2025-12-18 23:17:01,SL,125.962,1.0,1.0,0.0,191.517974,0.0,🛡️ 止损 (-1.32%),126.197,126.008,15.0,1
1766071021.7004356,2025-12-18 15:17:01,2025-12-18 23:17:01,PnlRecord,125.962,0,0,0,191.613974,-1.316123303310897,多,126.197,126.008,15.0,1
1766071024.4898233,2025-12-18 15:17:04,2025-12-18 23:17:04,BarData,125.817,0,0.0,0.0,191.517974,0.0,❌ 快线向上,125.817,126.001,14.7,0
1766071080.9900775,2025-12-18 15:18:00,2025-12-18 23:18:00,BarData,126.553,0,0.0,0.0,191.517974,0.0,✅ 触发交易,126.553,126.020,42.2,1
1766071084.9736223,2025-12-18 15:18:04,2025-12-18 23:18:04,Strategy_Open,126.553,1.0,0,1.0,191.45497400000002,0.0,Strategy_Signal,126.553,126.020,42.2,1
1766071094.993845,2025-12-18 15:18:14,2025-12-18 23:18:14,SL,126.412,1.0,1.0,0.0,191.378974,0.0,🛡️ 止损 (-1.04%),126.553,126.020,42.2,1
1766071094.9941335,2025-12-18 15:18:14,2025-12-18 23:18:14,PnlRecord,126.412,0,0,0,191.517974,-1.035221229147406,多,126.553,126.020,42.2,1
1766071140.9520042,2025-12-18 15:19:00,2025-12-18 23:19:00,BarData,126.812,0,0.0,0.0,191.378974,0.0,✅ 触发交易,126.812,126.046,60.4,1
1766071144.8218613,2025-12-18 15:19:04,2025-12-18 23:19:04,Strategy_Open,126.812,1.0,0,1.0,191.410974,0.0,Strategy_Signal,126.812,126.046,60.4,1
1766071200.4827993,2025-12-18 15:20:00,2025-12-18 23:20:00,BarData,127.036,0,1.0,1.0,191.577974,0.0,✅ 触发交易,127.036,126.078,75.4,1
1766071260.3519669,2025-12-18 15:21:00,2025-12-18 23:21:00,BarData,127.3,0,1.0,1.0,191.804974,0.0,✅ 触发交易,127.300,126.118,92.8,1
1766071320.4297194,2025-12-18 15:22:00,2025-12-18 23:22:00,BarData,127.316,0,1.0,1.0,191.817974,0.0,✅ 触发交易,127.316,126.157,91.0,1
1766071380.5936964,2025-12-18 15:23:00,2025-12-18 23:23:00,BarData,127.349,0,1.0,1.0,191.888974,0.0,✅ 触发交易,127.349,126.196,90.5,1
1766071440.4427812,2025-12-18 15:24:00,2025-12-18 23:24:00,BarData,127.085,0,1.0,1.0,191.889974,0.0,✅ 触发交易,127.085,126.226,67.6,1
1766071500.8038807,2025-12-18 15:25:00,2025-12-18 23:25:00,BarData,127.086,0,1.0,1.0,191.698974,0.0,✅ 触发交易,127.086,126.254,65.5,1
1766071549.1053312,2025-12-18 15:25:49,2025-12-18 23:25:49,TP,127.47,1.0,1.0,0.0,192.008974,0.0,🚀 止盈 (+5.04%),127.086,126.254,65.5,1
1766071549.1056376,2025-12-18 15:25:49,2025-12-18 23:25:49,PnlRecord,127.47,0,0,0,191.967974,5.038200439955498,多,127.086,126.254,65.5,1
1766071560.3584373,2025-12-18 15:26:00,2025-12-18 23:26:00,BarData,127.466,0,0.0,0.0,192.008974,0.0,✅ 触发交易,127.466,126.293,92.0,1
1766071564.364644,2025-12-18 15:26:04,2025-12-18 23:26:04,Strategy_Open,127.466,1.0,0,1.0,192.008974,0.0,Strategy_Signal,127.466,126.293,92.0,1
1766071620.585198,2025-12-18 15:27:00,2025-12-18 23:27:00,BarData,127.585,0,1.0,1.0,192.091974,0.0,✅ 触发交易,127.585,126.336,97.9,1
1766071680.4854064,2025-12-18 15:28:00,2025-12-18 23:28:00,BarData,127.686,0,1.0,1.0,192.215974,0.0,✅ 触发交易,127.686,126.380,102.3,1
1766071740.6322453,2025-12-18 15:29:00,2025-12-18 23:29:00,BarData,127.811,0,1.0,1.0,192.20297399999998,0.0,✅ 触发交易,127.811,126.427,108.3,1
1766071803.4020562,2025-12-18 15:30:03,2025-12-18 23:30:03,TP,128.282,1.0,1.0,0.0,192.953974,0.0,🚀 止盈 (+6.37%),127.811,126.427,108.3,1
1766071803.4023619,2025-12-18 15:30:03,2025-12-18 23:30:03,PnlRecord,128.282,0,0,0,192.382974,6.370126304228537,多,127.811,126.427,108.3,1
1766071806.311641,2025-12-18 15:30:06,2025-12-18 23:30:06,BarData,128.683,0,0.0,0.0,192.953974,0.0,✅ 触发交易,128.683,126.501,169.6,1
1766071809.8792572,2025-12-18 15:30:09,2025-12-18 23:30:09,Strategy_Open,128.683,1.0,0,1.0,192.91697399999998,0.0,Strategy_Signal,128.683,126.501,169.6,1
1766071823.0608718,2025-12-18 15:30:23,2025-12-18 23:30:23,SL,128.543,1.0,1.0,0.0,192.729974,0.0,🛡️ 止损 (-1.07%),128.683,126.501,169.6,1
1766071823.0611699,2025-12-18 15:30:23,2025-12-18 23:30:23,PnlRecord,128.543,0,0,0,192.91697399999998,-1.0724193936945254,多,128.683,126.501,169.6,1
1766071860.783348,2025-12-18 15:31:00,2025-12-18 23:31:00,BarData,127.961,0,0.0,0.0,192.729974,0.0,✅ 触发交易,127.961,126.549,110.4,1
1766071864.6688395,2025-12-18 15:31:04,2025-12-18 23:31:04,Strategy_Open,127.961,1.0,0,1.0,192.708974,0.0,Strategy_Signal,127.961,126.549,110.4,1
1766071920.446883,2025-12-18 15:32:00,2025-12-18 23:32:00,BarData,128.293,0,1.0,1.0,192.98897399999998,0.0,✅ 触发交易,128.293,126.606,131.5,1
1766071980.1631012,2025-12-18 15:33:00,2025-12-18 23:33:00,BarData,128.078,0,1.0,1.0,192.993974,0.0,✅ 触发交易,128.078,126.654,111.2,1
1766072007.2195399,2025-12-18 15:33:27,2025-12-18 23:33:27,SL,127.8,1.0,1.0,0.0,192.619974,0.0,🛡️ 止损 (-1.49%),128.078,126.654,111.2,1
1766072007.2198308,2025-12-18 15:33:27,2025-12-18 23:33:27,PnlRecord,127.8,0,0,0,192.993974,-1.4922924268112798,多,128.078,126.654,111.2,1
1766072040.2260823,2025-12-18 15:34:00,2025-12-18 23:34:00,BarData,127.877,0,0.0,0.0,192.619974,0.0,✅ 触发交易,127.877,126.694,92.5,1
1766072044.1061,2025-12-18 15:34:04,2025-12-18 23:34:04,Strategy_Open,127.877,1.0,0,1.0,192.630974,0.0,Strategy_Signal,127.877,126.694,92.5,1
1766072101.153622,2025-12-18 15:35:01,2025-12-18 23:35:01,BarData,128.163,0,1.0,1.0,192.82997400000002,0.0,✅ 触发交易,128.163,126.743,110.8,1
1766072160.3441288,2025-12-18 15:36:00,2025-12-18 23:36:00,BarData,128.234,0,1.0,1.0,193.047974,0.0,✅ 触发交易,128.234,126.791,112.5,1
1766072212.186142,2025-12-18 15:36:52,2025-12-18 23:36:52,TP,128.555,1.0,1.0,0.0,193.358974,0.0,🚀 止盈 (+5.22%),128.234,126.791,112.5,1
1766072212.186425,2025-12-18 15:36:52,2025-12-18 23:36:52,PnlRecord,128.555,0,0,0,193.130974,5.215501063430515,多,128.234,126.791,112.5,1
1766072220.1529882,2025-12-18 15:37:00,2025-12-18 23:37:00,BarData,128.687,0,0.0,0.0,193.358974,0.0,✅ 触发交易,128.687,126.854,142.5,1
1766072224.0305634,2025-12-18 15:37:04,2025-12-18 23:37:04,Strategy_Open,128.687,1.0,0,1.0,193.28607399999999,0.0,Strategy_Signal,128.687,126.854,142.5,1
1766072232.2736025,2025-12-18 15:37:12,2025-12-18 23:37:12,SL,128.595,1.0,1.0,0.0,193.188074,0.0,🛡️ 止损 (-1.07%),128.687,126.854,142.5,1
1766072232.2739005,2025-12-18 15:37:12,2025-12-18 23:37:12,PnlRecord,128.595,0,0,0,193.29807399999999,-1.0719862040036758,多,128.687,126.854,142.5,1
1766072280.3328123,2025-12-18 15:38:00,2025-12-18 23:38:00,BarData,128.798,0,0.0,0.0,193.188074,0.0,✅ 触发交易,128.798,126.917,146.0,1
1766072284.1962059,2025-12-18 15:38:04,2025-12-18 23:38:04,Strategy_Open,128.798,1.0,0,1.0,193.133074,0.0,Strategy_Signal,128.798,126.917,146.0,1
1766072329.9758003,2025-12-18 15:38:49,2025-12-18 23:38:49,SL,128.615,1.0,1.0,0.0,193.035074,0.0,🛡️ 止损 (-1.30%),128.798,126.917,146.0,1
1766072329.976125,2025-12-18 15:38:49,2025-12-18 23:38:49,PnlRecord,128.615,0,0,0,193.114074,-1.3045200065224287,多,128.798,126.917,146.0,1
1766072340.1008496,2025-12-18 15:39:00,2025-12-18 23:39:00,BarData,128.662,0,0.0,0.0,193.035074,0.0,✅ 触发交易,128.662,126.975,131.2,1
1766072343.9607463,2025-12-18 15:39:03,2025-12-18 23:39:03,Strategy_Open,128.662,1.0,0,1.0,193.004074,0.0,Strategy_Signal,128.662,126.975,131.2,1
1766072400.5377584,2025-12-18 15:40:00,2025-12-18 23:40:00,BarData,128.856,0,1.0,1.0,193.154074,0.0,✅ 触发交易,128.856,127.036,141.2,1
1766072418.6259239,2025-12-18 15:40:18,2025-12-18 23:40:18,SL,128.604,1.0,1.0,0.0,192.868994,0.0,🛡️ 止损 (-1.13%),128.856,127.036,141.2,1
1766072418.6262348,2025-12-18 15:40:18,2025-12-18 23:40:18,PnlRecord,128.604,0,0,0,193.08407400000002,-1.1339805825241678,多,128.856,127.036,141.2,1
1766072460.5674176,2025-12-18 15:41:00,2025-12-18 23:41:00,BarData,128.574,0,0.0,0.0,192.868994,0.0,✅ 触发交易,128.574,127.087,115.7,1
1766072464.6299002,2025-12-18 15:41:04,2025-12-18 23:41:04,Strategy_Open,128.574,1.0,0,1.0,192.773994,0.0,Strategy_Signal,128.574,127.087,115.7,1
1766072468.7363107,2025-12-18 15:41:08,2025-12-18 23:41:08,SL,128.383,1.0,1.0,0.0,192.753994,0.0,🛡️ 止损 (-1.09%),128.574,127.087,115.7,1
1766072468.7366335,2025-12-18 15:41:08,2025-12-18 23:41:08,PnlRecord,128.383,0,0,0,192.773994,-1.0892991915842798,多,128.574,127.087,115.7,1
1766072520.1066308,2025-12-18 15:42:00,2025-12-18 23:42:00,BarData,128.544,0,0.0,0.0,192.753994,0.0,✅ 触发交易,128.544,127.134,109.7,1
1766072523.9957001,2025-12-18 15:42:03,2025-12-18 23:42:03,Strategy_Open,128.544,1.0,0,1.0,192.783994,0.0,Strategy_Signal,128.544,127.134,109.7,1
1766072580.175854,2025-12-18 15:43:00,2025-12-18 23:43:00,BarData,128.591,0,1.0,1.0,192.769994,0.0,✅ 触发交易,128.591,127.182,109.6,1
1766072640.2227385,2025-12-18 15:44:00,2025-12-18 23:44:00,BarData,128.58,0,1.0,1.0,192.769994,0.0,✅ 触发交易,128.580,127.228,105.1,1
1766072654.6686387,2025-12-18 15:44:14,2025-12-18 23:44:14,SL,128.403,1.0,1.0,0.0,192.560994,0.0,🛡️ 止损 (-1.20%),128.580,127.228,105.1,1
1766072654.6689627,2025-12-18 15:44:14,2025-12-18 23:44:14,PnlRecord,128.403,0,0,0,192.793994,-1.1979122101479995,多,128.580,127.228,105.1,1
1766072701.273536,2025-12-18 15:45:01,2025-12-18 23:45:01,BarData,128.229,0,0.0,0.0,192.560994,0.0,✅ 触发交易,128.229,127.261,75.5,1
1766072705.5375934,2025-12-18 15:45:05,2025-12-18 23:45:05,Strategy_Open,128.229,1.0,0,1.0,192.572994,0.0,Strategy_Signal,128.229,127.261,75.5,1
1766072759.8007452,2025-12-18 15:45:59,2025-12-18 23:45:59,SL,128.013,1.0,1.0,0.0,192.383329,0.0,🛡️ 止损 (-1.03%),128.229,127.261,75.5,1
1766072759.8010397,2025-12-18 15:45:59,2025-12-18 23:45:59,PnlRecord,128.013,0,0,0,192.465994,-1.0300831089781497,多,128.229,127.261,75.5,1
1766072762.5724611,2025-12-18 15:46:02,2025-12-18 23:46:02,BarData,128.064,0,0.0,0.0,192.383329,0.0,✅ 触发交易,128.064,127.287,60.7,1
1766072766.1107662,2025-12-18 15:46:06,2025-12-18 23:46:06,Strategy_Open,128.064,1.0,0,1.0,192.381329,0.0,Strategy_Signal,128.064,127.287,60.7,1
1766072821.2342906,2025-12-18 15:47:01,2025-12-18 23:47:01,BarData,128.158,0,1.0,1.0,192.45732900000002,0.0,✅ 触发交易,128.158,127.316,65.7,1
1766072837.4572432,2025-12-18 15:47:17,2025-12-18 23:47:17,SL,127.999,1.0,1.0,0.0,192.304329,0.0,🛡️ 止损 (-1.04%),128.158,127.316,65.7,1
1766072837.4575183,2025-12-18 15:47:17,2025-12-18 23:47:17,PnlRecord,127.999,0,0,0,192.45732900000002,-1.0379920706771903,多,128.158,127.316,65.7,1
1766072880.3929293,2025-12-18 15:48:00,2025-12-18 23:48:00,BarData,127.926,0,0.0,0.0,192.304329,0.0,✅ 触发交易,127.926,127.336,46.1,1
1766072884.2496274,2025-12-18 15:48:04,2025-12-18 23:48:04,Strategy_Open,127.926,1.0,0,1.0,192.308329,0.0,Strategy_Signal,127.926,127.336,46.1,1
1766072940.302475,2025-12-18 15:49:00,2025-12-18 23:49:00,BarData,128.024,0,1.0,1.0,192.384329,0.0,✅ 触发交易,128.024,127.358,52.0,1
1766072966.7415266,2025-12-18 15:49:26,2025-12-18 23:49:26,SL,127.824,1.0,1.0,0.0,192.160329,0.0,🛡️ 止损 (-1.03%),128.024,127.358,52.0,1
1766072966.741814,2025-12-18 15:49:26,2025-12-18 23:49:26,PnlRecord,127.824,0,0,0,192.384329,-1.031604614086131,多,128.024,127.358,52.0,1
1766073000.337788,2025-12-18 15:50:00,2025-12-18 23:50:00,BarData,127.84,0,0.0,0.0,192.160329,0.0,✅ 触发交易,127.840,127.374,36.4,1
1766073004.2394004,2025-12-18 15:50:04,2025-12-18 23:50:04,Strategy_Open,127.84,1.0,0,1.0,192.124329,0.0,Strategy_Signal,127.840,127.374,36.4,1
1766073060.5396981,2025-12-18 15:51:00,2025-12-18 23:51:00,BarData,127.929,0,1.0,1.0,192.22432899999998,0.0,✅ 触发交易,127.929,127.392,42.0,1
1766073086.20588,2025-12-18 15:51:26,2025-12-18 23:51:26,SL,127.713,1.0,1.0,0.0,192.041329,0.0,🛡️ 止损 (-1.09%),127.929,127.392,42.0,1
1766073086.2061658,2025-12-18 15:51:26,2025-12-18 23:51:26,PnlRecord,127.713,0,0,0,192.22432899999998,-1.087194568720161,多,127.929,127.392,42.0,1
1766073120.1091099,2025-12-18 15:52:00,2025-12-18 23:52:00,BarData,127.811,0,0.0,0.0,192.041329,0.0,✅ 触发交易,127.811,127.406,31.7,1
1766073123.9732559,2025-12-18 15:52:03,2025-12-18 23:52:03,Strategy_Open,127.811,1.0,0,1.0,192.088329,0.0,Strategy_Signal,127.811,127.406,31.7,1
1766073182.7243047,2025-12-18 15:53:02,2025-12-18 23:53:02,BarData,127.88,0,1.0,1.0,192.161329,0.0,✅ 触发交易,127.880,127.422,35.8,1
1766073240.4478562,2025-12-18 15:54:00,2025-12-18 23:54:00,BarData,127.841,0,1.0,1.0,192.11132899999998,0.0,✅ 触发交易,127.841,127.435,31.7,1
1766073264.0559194,2025-12-18 15:54:24,2025-12-18 23:54:24,SL,127.657,1.0,1.0,0.0,191.843429,0.0,🛡️ 止损 (-1.11%),127.841,127.435,31.7,1
1766073264.0562255,2025-12-18 15:54:24,2025-12-18 23:54:24,PnlRecord,127.657,0,0,0,192.077329,-1.1111198053193696,多,127.841,127.435,31.7,1
1766073300.2775667,2025-12-18 15:55:00,2025-12-18 23:55:00,BarData,127.691,0,0.0,0.0,191.843429,0.0,✅ 触发交易,127.691,127.444,19.4,1
1766073304.130638,2025-12-18 15:55:04,2025-12-18 23:55:04,Strategy_Open,127.691,1.0,0,1.0,191.860469,0.0,Strategy_Signal,127.691,127.444,19.4,1
1766073360.4610462,2025-12-18 15:56:00,2025-12-18 23:56:00,BarData,127.591,0,1.0,1.0,191.91646899999998,0.0,✅ 触发交易,127.591,127.449,11.2,1
1766073366.3020175,2025-12-18 15:56:06,2025-12-18 23:56:06,SL,127.511,1.0,1.0,0.0,191.685469,0.0,🛡️ 止损 (-1.38%),127.591,127.449,11.2,1
1766073366.3022833,2025-12-18 15:56:06,2025-12-18 23:56:06,PnlRecord,127.511,0,0,0,191.91646899999998,-1.3783705467275598,多,127.591,127.449,11.2,1
1766073420.5605872,2025-12-18 15:57:00,2025-12-18 23:57:00,BarData,127.61,0,0.0,0.0,191.685469,0.0,✅ 触发交易,127.610,127.454,12.2,1
1766073424.440436,2025-12-18 15:57:04,2025-12-18 23:57:04,Strategy_Open,127.61,1.0,0,1.0,191.631469,0.0,Strategy_Signal,127.610,127.454,12.2,1
1766073449.1859689,2025-12-18 15:57:29,2025-12-18 23:57:29,SL,127.499,1.0,1.0,0.0,191.524469,0.0,🛡️ 止损 (-1.07%),127.610,127.454,12.2,1
1766073449.1862564,2025-12-18 15:57:29,2025-12-18 23:57:29,PnlRecord,127.499,0,0,0,191.61046900000002,-1.0655384494849367,多,127.610,127.454,12.2,1
1766073480.1262484,2025-12-18 15:58:00,2025-12-18 23:58:00,BarData,127.308,0,0.0,0.0,191.524469,0.0,❌ 快线向上,127.308,127.449,11.1,0
1766073540.6550045,2025-12-18 15:59:00,2025-12-18 23:59:00,BarData,127.337,0,0.0,0.0,191.524469,0.0,❌ 震荡 (Gap 8.5 < 10),127.337,127.445,8.5,0
1766073600.22493,2025-12-18 16:00:00,2025-12-19 00:00:00,BarData,127.342,0,0.0,0.0,191.524469,0.0,❌ 震荡 (Gap 7.9 < 10),127.342,127.442,7.9,0
1766073661.452804,2025-12-18 16:01:01,2025-12-19 00:01:01,BarData,127.332,0,0.0,0.0,191.524469,0.0,❌ 震荡 (Gap 8.4 < 10),127.332,127.438,8.4,0
1766073720.5638707,2025-12-18 16:02:00,2025-12-19 00:02:00,BarData,127.091,0,0.0,0.0,191.524469,0.0,❌ 快线向上,127.091,127.427,26.4,0
1766073780.2349977,2025-12-18 16:03:00,2025-12-19 00:03:00,BarData,126.973,0,0.0,0.0,191.524469,0.0,❌ 快线向上,126.973,127.412,34.6,0
1766073840.0964487,2025-12-18 16:04:00,2025-12-19 00:04:00,BarData,127.037,0,0.0,0.0,191.524469,0.0,❌ 快线向上,127.037,127.400,28.6,0
1766073900.2685685,2025-12-18 16:05:00,2025-12-19 00:05:00,BarData,127.004,0,0.0,0.0,191.524469,0.0,❌ 快线向上,127.004,127.387,30.1,0
1766073960.4440804,2025-12-18 16:06:00,2025-12-19 00:06:00,BarData,126.79,0,0.0,0.0,191.524469,0.0,❌ 快线向上,126.790,127.367,45.5,0
1766074020.6034145,2025-12-18 16:07:00,2025-12-19 00:07:00,BarData,126.913,0,0.0,0.0,191.524469,0.0,❌ 快线向上,126.913,127.352,34.6,0
1766074080.6381097,2025-12-18 16:08:00,2025-12-19 00:08:00,BarData,127.133,0,0.0,0.0,191.524469,0.0,❌ 快线向上,127.133,127.345,16.7,0
1766074140.1813028,2025-12-18 16:09:00,2025-12-19 00:09:00,BarData,127.151,0,0.0,0.0,191.524469,0.0,❌ 快线向上,127.151,127.339,14.8,0
1766074200.1743984,2025-12-18 16:10:00,2025-12-19 00:10:00,BarData,127.025,0,0.0,0.0,191.524469,0.0,❌ 快线向上,127.025,127.329,23.9,0
1766074260.3730266,2025-12-18 16:11:00,2025-12-19 00:11:00,BarData,126.865,0,0.0,0.0,191.524469,0.0,❌ 快线向上,126.865,127.313,35.3,0
1766074320.0893786,2025-12-18 16:12:00,2025-12-19 00:12:00,BarData,127.036,0,0.0,0.0,191.524469,0.0,❌ 快线向上,127.036,127.304,21.1,0
1766074380.3492968,2025-12-18 16:13:00,2025-12-19 00:13:00,BarData,127.044,0,0.0,0.0,191.524469,0.0,❌ 快线向上,127.044,127.296,19.8,0
1766074440.2018366,2025-12-18 16:14:00,2025-12-19 00:14:00,BarData,126.933,0,0.0,0.0,191.524469,0.0,❌ 快线向上,126.933,127.284,27.6,0
1766074500.3390691,2025-12-18 16:15:00,2025-12-19 00:15:00,BarData,126.651,0,0.0,0.0,191.524469,0.0,❌ 快线向上,126.651,127.263,48.3,0
1766074560.3725185,2025-12-18 16:16:00,2025-12-19 00:16:00,BarData,126.663,0,0.0,0.0,191.524469,0.0,❌ 快线向上,126.663,127.243,45.8,0
1766074620.5879588,2025-12-18 16:17:00,2025-12-19 00:17:00,BarData,126.661,0,0.0,0.0,191.524469,0.0,❌ 快线向上,126.661,127.224,44.5,0
1766074680.388434,2025-12-18 16:18:00,2025-12-19 00:18:00,BarData,126.8,0,0.0,0.0,191.524469,0.0,❌ 快线向上,126.800,127.210,32.4,0
1766074740.1567655,2025-12-18 16:19:00,2025-12-19 00:19:00,BarData,126.621,0,0.0,0.0,191.524469,0.0,❌ 快线向上,126.621,127.191,45.0,0
1766074800.663489,2025-12-18 16:20:00,2025-12-19 00:20:00,BarData,126.346,0,0.0,0.0,191.524469,0.0,✅ 触发交易,126.346,127.163,64.7,-1
1766074804.5637248,2025-12-18 16:20:04,2025-12-19 00:20:04,Strategy_Open,126.346,1.0,0,-1.0,191.499469,0.0,Strategy_Signal,126.346,127.163,64.7,-1
1766074860.228819,2025-12-18 16:21:00,2025-12-19 00:21:00,BarData,126.381,0,-1.0,-1.0,191.44946900000002,0.0,❌ 快线向上,126.381,127.138,59.9,0
1766074860.919709,2025-12-18 16:21:00,2025-12-19 00:21:00,PnlRecord,126.381,0,0,0,191.44946900000002,-0.3799482320533971,空,126.381,127.138,59.9,0
1766074861.2095258,2025-12-18 16:21:01,2025-12-19 00:21:01,CloseSignal,126.381,1.0,-1.0,0,191.44946900000002,0.0,Strategy_TrendEnd,126.381,127.138,59.9,0
1766074920.7764387,2025-12-18 16:22:00,2025-12-19 00:22:00,BarData,126.496,0,0.0,0.0,191.485469,0.0,❌ 快线向上,126.496,127.117,49.1,0
1766074981.4367204,2025-12-18 16:23:01,2025-12-19 00:23:01,BarData,126.391,0,0.0,0.0,191.485469,0.0,❌ 快线向上,126.391,127.093,55.5,0
1766075040.139787,2025-12-18 16:24:00,2025-12-19 00:24:00,BarData,126.26,0,0.0,0.0,191.485469,0.0,✅ 触发交易,126.260,127.066,63.8,-1
1766075044.1901662,2025-12-18 16:24:04,2025-12-19 00:24:04,Strategy_Open,126.26,1.0,0,-1.0,191.425469,0.0,Strategy_Signal,126.260,127.066,63.8,-1
1766075102.060259,2025-12-18 16:25:02,2025-12-19 00:25:02,SL,126.346,1.0,-1.0,0.0,191.369469,0.0,🛡️ 止损 (-1.01%),126.260,127.066,63.8,-1
1766075102.0605814,2025-12-18 16:25:02,2025-12-19 00:25:02,PnlRecord,126.346,0,0,0,191.361469,-1.006187657959654,空,126.260,127.066,63.8,-1
1766075104.4937449,2025-12-18 16:25:04,2025-12-19 00:25:04,BarData,126.3,0,0.0,0.0,191.369469,0.0,✅ 触发交易,126.300,127.040,58.6,-1
1766075108.0513473,2025-12-18 16:25:08,2025-12-19 00:25:08,Strategy_Open,126.3,1.0,0,-1.0,191.364469,0.0,Strategy_Signal,126.300,127.040,58.6,-1
1766075123.2788265,2025-12-18 16:25:23,2025-12-19 00:25:23,SL,126.423,1.0,-1.0,0.0,191.244469,0.0,🛡️ 止损 (-1.08%),126.300,127.040,58.6,-1
1766075123.2791395,2025-12-18 16:25:23,2025-12-19 00:25:23,PnlRecord,126.423,0,0,0,191.364469,-1.0848391745720067,空,126.300,127.040,58.6,-1
1766075161.4950318,2025-12-18 16:26:01,2025-12-19 00:26:01,BarData,126.406,0,0.0,0.0,191.244469,0.0,❌ 快线向上,126.406,127.020,48.5,0
1766075220.6393812,2025-12-18 16:27:00,2025-12-19 00:27:00,BarData,126.3,0,0.0,0.0,191.244469,0.0,✅ 触发交易,126.300,126.996,55.1,-1
1766075224.515684,2025-12-18 16:27:04,2025-12-19 00:27:04,Strategy_Open,126.3,1.0,0,-1.0,191.239469,0.0,Strategy_Signal,126.300,126.996,55.1,-1
1766075281.4710186,2025-12-18 16:28:01,2025-12-19 00:28:01,BarData,126.269,0,-1.0,-1.0,191.459469,0.0,✅ 触发交易,126.269,126.972,55.7,-1
1766075340.2453744,2025-12-18 16:29:00,2025-12-19 00:29:00,BarData,126.242,0,-1.0,-1.0,191.277469,0.0,✅ 触发交易,126.242,126.948,55.9,-1
1766075373.826964,2025-12-18 16:29:33,2025-12-19 00:29:33,SL,126.448,1.0,-1.0,0.0,191.092469,0.0,🛡️ 止损 (-1.31%),126.242,126.948,55.9,-1
1766075373.827267,2025-12-18 16:29:33,2025-12-19 00:29:33,PnlRecord,126.448,0,0,0,191.277469,-1.3065891687716638,空,126.242,126.948,55.9,-1
1766075400.8708994,2025-12-18 16:30:00,2025-12-19 00:30:00,BarData,126.478,0,0.0,0.0,191.092469,0.0,❌ 快线向上,126.478,126.933,36.0,0
1766075460.202832,2025-12-18 16:31:00,2025-12-19 00:31:00,BarData,126.42,0,0.0,0.0,191.092469,0.0,❌ 快线向上,126.420,126.916,39.2,0
1766075520.6193826,2025-12-18 16:32:00,2025-12-19 00:32:00,BarData,126.581,0,0.0,0.0,191.092469,0.0,❌ 快线向上,126.581,126.905,25.6,0
1766075580.616066,2025-12-18 16:33:00,2025-12-19 00:33:00,BarData,126.633,0,0.0,0.0,191.092469,0.0,❌ 快线向上,126.633,126.896,20.8,0
1766075640.395619,2025-12-18 16:34:00,2025-12-19 00:34:00,BarData,126.398,0,0.0,0.0,191.092469,0.0,❌ 快线向上,126.398,126.880,38.1,0
1766075700.6828175,2025-12-18 16:35:00,2025-12-19 00:35:00,BarData,126.449,0,0.0,0.0,191.092469,0.0,❌ 快线向上,126.449,126.866,33.0,0
1766075760.4463532,2025-12-18 16:36:00,2025-12-19 00:36:00,BarData,126.696,0,0.0,0.0,191.092469,0.0,❌ 快线向上,126.696,126.860,13.0,0
1766075820.6445756,2025-12-18 16:37:00,2025-12-19 00:37:00,BarData,126.807,0,0.0,0.0,191.092469,0.0,❌ 震荡 (Gap 4.1 < 10),126.807,126.858,4.1,0
1766075882.1792974,2025-12-18 16:38:02,2025-12-19 00:38:02,BarData,126.865,0,0.0,0.0,191.092469,0.0,❌ 震荡 (Gap 0.5 < 10),126.865,126.859,0.5,0
1766075941.7598908,2025-12-18 16:39:01,2025-12-19 00:39:01,BarData,127.122,0,0.0,0.0,191.092469,0.0,✅ 触发交易,127.122,126.867,20.0,1
1766075945.774395,2025-12-18 16:39:05,2025-12-19 00:39:05,Strategy_Open,127.122,1.0,0,1.0,191.062469,0.0,Strategy_Signal,127.122,126.867,20.0,1
1766076000.1279693,2025-12-18 16:40:00,2025-12-19 00:40:00,BarData,127.042,0,1.0,1.0,191.04246899999998,0.0,✅ 触发交易,127.042,126.873,13.3,1
1766076060.15137,2025-12-18 16:41:00,2025-12-19 00:41:00,BarData,127.172,0,1.0,1.0,191.142469,0.0,✅ 触发交易,127.172,126.883,22.7,1
1766076075.3852289,2025-12-18 16:41:15,2025-12-19 00:41:15,SL,127.0,1.0,1.0,0.0,190.958469,0.0,🛡️ 止损 (-1.05%),127.172,126.883,22.7,1
1766076075.3855226,2025-12-18 16:41:15,2025-12-19 00:41:15,PnlRecord,127.0,0,0,0,191.142469,-1.0540060094073997,多,127.172,126.883,22.7,1
1766076120.5051596,2025-12-18 16:42:00,2025-12-19 00:42:00,BarData,127.015,0,0.0,0.0,190.958469,0.0,✅ 触发交易,127.015,126.887,10.1,1
1766076124.4033864,2025-12-18 16:42:04,2025-12-19 00:42:04,Strategy_Open,127.015,1.0,0,1.0,190.94603600000002,0.0,Strategy_Signal,127.015,126.887,10.1,1
1766076180.3657405,2025-12-18 16:43:00,2025-12-19 00:43:00,BarData,127.006,0,1.0,1.0,190.96303600000002,0.0,❌ 震荡 (Gap 9.1 < 10),127.006,126.891,9.1,0
1766076181.0485654,2025-12-18 16:43:01,2025-12-19 00:43:01,PnlRecord,127.006,0,0,0,190.96303600000002,-0.20467283833991634,多,127.006,126.891,9.1,0
1766076181.3425987,2025-12-18 16:43:01,2025-12-19 00:43:01,CloseSignal,127.006,1.0,1.0,0,190.96303600000002,0.0,Strategy_TrendEnd,127.006,126.891,9.1,0
1766076240.5227203,2025-12-18 16:44:00,2025-12-19 00:44:00,BarData,127.015,0,0.0,0.0,190.944036,0.0,❌ 震荡 (Gap 9.4 < 10),127.015,126.895,9.4,0
1766076300.6029725,2025-12-18 16:45:00,2025-12-19 00:45:00,BarData,127.075,0,0.0,0.0,190.944036,0.0,✅ 触发交易,127.075,126.901,13.7,1
1766076304.46961,2025-12-18 16:45:04,2025-12-19 00:45:04,Strategy_Open,127.075,1.0,0,1.0,190.936036,0.0,Strategy_Signal,127.075,126.901,13.7,1
1766076360.4293017,2025-12-18 16:46:00,2025-12-19 00:46:00,BarData,127.117,0,1.0,1.0,190.950036,0.0,✅ 触发交易,127.117,126.908,16.4,1
1766076420.3149574,2025-12-18 16:47:00,2025-12-19 00:47:00,BarData,127.131,0,1.0,1.0,190.985036,0.0,✅ 触发交易,127.131,126.915,17.0,1
1766076460.279006,2025-12-18 16:47:40,2025-12-19 00:47:40,SL,126.954,1.0,1.0,0.0,190.817036,0.0,🛡️ 止损 (-1.02%),127.131,126.915,17.0,1
1766076460.2793093,2025-12-18 16:47:40,2025-12-19 00:47:40,PnlRecord,126.954,0,0,0,190.94503600000002,-1.015084629730215,多,127.131,126.915,17.0,1
1766076480.707227,2025-12-18 16:48:00,2025-12-19 00:48:00,BarData,127.113,0,0.0,0.0,190.817036,0.0,✅ 触发交易,127.113,126.922,15.0,1
1766076484.58638,2025-12-18 16:48:04,2025-12-19 00:48:04,Strategy_Open,127.113,1.0,0,1.0,190.821036,0.0,Strategy_Signal,127.113,126.922,15.0,1
1766076528.0553224,2025-12-18 16:48:48,2025-12-19 00:48:48,SL,126.954,1.0,1.0,0.0,190.589036,0.0,🛡️ 止损 (-1.18%),127.113,126.922,15.0,1
1766076528.0556157,2025-12-18 16:48:48,2025-12-19 00:48:48,PnlRecord,126.954,0,0,0,190.842036,-1.1801359516616763,多,127.113,126.922,15.0,1
1766076540.287602,2025-12-18 16:49:00,2025-12-19 00:49:00,BarData,126.895,0,0.0,0.0,190.589036,0.0,❌ 震荡 (Gap 2.0 < 10),126.895,126.921,2.0,0
1766076600.3162158,2025-12-18 16:50:00,2025-12-19 00:50:00,BarData,126.781,0,0.0,0.0,190.589036,0.0,❌ 快线向上,126.781,126.916,10.7,0
1766076660.436804,2025-12-18 16:51:00,2025-12-19 00:51:00,BarData,126.89,0,0.0,0.0,190.589036,0.0,❌ 震荡 (Gap 2.0 < 10),126.890,126.916,2.0,0
1766076721.7829087,2025-12-18 16:52:01,2025-12-19 00:52:01,BarData,126.938,0,0.0,0.0,190.589036,0.0,❌ 震荡 (Gap 1.7 < 10),126.938,126.916,1.7,0
1766076781.0560675,2025-12-18 16:53:01,2025-12-19 00:53:01,BarData,126.843,0,0.0,0.0,190.589036,0.0,❌ 震荡 (Gap 5.6 < 10),126.843,126.914,5.6,0
1766076840.6378732,2025-12-18 16:54:00,2025-12-19 00:54:00,BarData,127.06,0,0.0,0.0,190.589036,0.0,✅ 触发交易,127.060,126.919,11.1,1
1766076844.5172963,2025-12-18 16:54:04,2025-12-19 00:54:04,Strategy_Open,127.06,1.0,0,1.0,190.56303599999998,0.0,Strategy_Signal,127.060,126.919,11.1,1
1766076900.640076,2025-12-18 16:55:00,2025-12-19 00:55:00,BarData,126.994,0,1.0,1.0,190.472036,0.0,❌ 震荡 (Gap 5.7 < 10),126.994,126.921,5.7,0
1766076901.3258204,2025-12-18 16:55:01,2025-12-19 00:55:01,PnlRecord,126.994,0,0,0,190.472036,-0.8890147670859948,多,126.994,126.921,5.7,0
1766076901.6203089,2025-12-18 16:55:01,2025-12-19 00:55:01,CloseSignal,126.994,1.0,1.0,0,190.472036,0.0,Strategy_TrendEnd,126.994,126.921,5.7,0
1766076960.6893291,2025-12-18 16:56:00,2025-12-19 00:56:00,BarData,127.04,0,0.0,0.0,190.471036,0.0,❌ 震荡 (Gap 9.1 < 10),127.040,126.925,9.1,0
1766077021.7013967,2025-12-18 16:57:01,2025-12-19 00:57:01,BarData,126.882,0,0.0,0.0,190.471036,0.0,❌ 震荡 (Gap 3.3 < 10),126.882,126.924,3.3,0
1766077080.2039747,2025-12-18 16:58:00,2025-12-19 00:58:00,BarData,126.705,0,0.0,0.0,190.471036,0.0,❌ 快线向上,126.705,126.916,16.7,0
1766077140.3902333,2025-12-18 16:59:00,2025-12-19 00:59:00,BarData,126.771,0,0.0,0.0,190.471036,0.0,❌ 快线向上,126.771,126.912,11.1,0
1766077200.5253205,2025-12-18 17:00:00,2025-12-19 01:00:00,BarData,126.773,0,0.0,0.0,190.471036,0.0,❌ 快线向上,126.773,126.907,10.6,0
1766077261.6245162,2025-12-18 17:01:01,2025-12-19 01:01:01,BarData,126.533,0,0.0,0.0,190.471036,0.0,❌ 快线向上,126.533,126.895,28.6,0
1766077320.2999754,2025-12-18 17:02:00,2025-12-19 01:02:00,BarData,126.6,0,0.0,0.0,190.471036,0.0,❌ 快线向上,126.600,126.885,22.5,0
1766077380.1374319,2025-12-18 17:03:00,2025-12-19 01:03:00,BarData,126.355,0,0.0,0.0,190.471036,0.0,✅ 触发交易,126.355,126.868,40.6,-1
1766077383.9948628,2025-12-18 17:03:03,2025-12-19 01:03:03,Strategy_Open,126.355,1.0,0,-1.0,190.446036,0.0,Strategy_Signal,126.355,126.868,40.6,-1
1766077440.7998936,2025-12-18 17:04:00,2025-12-19 01:04:00,BarData,126.194,0,-1.0,-1.0,190.567036,0.0,✅ 触发交易,126.194,126.846,51.6,-1
1766077501.663786,2025-12-18 17:05:01,2025-12-19 01:05:01,BarData,126.227,0,-1.0,-1.0,190.554036,0.0,✅ 触发交易,126.227,126.825,47.4,-1
1766077525.6957414,2025-12-18 17:05:25,2025-12-19 01:05:25,TP,125.701,1.0,-1.0,0.0,191.169036,0.0,🚀 止盈 (+5.06%),126.227,126.825,47.4,-1
1766077525.6960409,2025-12-18 17:05:25,2025-12-19 01:05:25,PnlRecord,125.701,0,0,0,190.554036,5.057780592053269,空,126.227,126.825,47.4,-1
1766077560.4156592,2025-12-18 17:06:00,2025-12-19 01:06:00,BarData,125.774,0,0.0,0.0,191.169036,0.0,✅ 触发交易,125.774,126.791,80.9,-1
1766077564.3054373,2025-12-18 17:06:04,2025-12-19 01:06:04,Strategy_Open,125.774,1.0,0,-1.0,191.260036,0.0,Strategy_Signal,125.774,126.791,80.9,-1
1766077620.2945783,2025-12-18 17:07:00,2025-12-19 01:07:00,BarData,125.533,0,-1.0,-1.0,191.51103600000002,0.0,✅ 触发交易,125.533,126.750,96.9,-1
1766077678.7969415,2025-12-18 17:07:58,2025-12-19 01:07:58,TP,125.15,1.0,-1.0,0.0,191.746036,0.0,🚀 止盈 (+5.02%),125.533,126.750,96.9,-1
1766077678.7972698,2025-12-18 17:07:58,2025-12-19 01:07:58,PnlRecord,125.15,0,0,0,191.593036,5.0166559337260805,空,125.533,126.750,96.9,-1
1766077681.7361133,2025-12-18 17:08:01,2025-12-19 01:08:01,BarData,125.216,0,0.0,0.0,191.746036,0.0,✅ 触发交易,125.216,126.699,118.5,-1
1766077685.3160927,2025-12-18 17:08:05,2025-12-19 01:08:05,Strategy_Open,125.216,1.0,0,-1.0,191.714036,0.0,Strategy_Signal,125.216,126.699,118.5,-1
1766077742.4641309,2025-12-18 17:09:02,2025-12-19 01:09:02,BarData,124.701,0,-1.0,-1.0,191.920036,0.0,✅ 触发交易,124.701,126.634,155.0,-1
1766077774.4641063,2025-12-18 17:09:34,2025-12-19 01:09:34,TP,124.497,1.0,-1.0,0.0,192.350036,0.0,🚀 止盈 (+5.22%),124.701,126.634,155.0,-1
1766077774.4644265,2025-12-18 17:09:34,2025-12-19 01:09:34,PnlRecord,124.497,0,0,0,192.339036,5.217738713543794,空,124.701,126.634,155.0,-1
1766077800.995488,2025-12-18 17:10:00,2025-12-19 01:10:00,BarData,123.788,0,0.0,0.0,192.350036,0.0,✅ 触发交易,123.788,126.541,222.4,-1
1766077805.0193853,2025-12-18 17:10:05,2025-12-19 01:10:05,Strategy_Open,123.788,1.0,0,-1.0,192.30003599999998,0.0,Strategy_Signal,123.788,126.541,222.4,-1
1766077813.4554064,2025-12-18 17:10:13,2025-12-19 01:10:13,SL,124.014,1.0,-1.0,0.0,192.290036,0.0,🛡️ 止损 (-1.16%),123.788,126.541,222.4,-1
1766077813.4557126,2025-12-18 17:10:13,2025-12-19 01:10:13,PnlRecord,124.014,0,0,0,192.30003599999998,-1.162509082102133,空,123.788,126.541,222.4,-1
1766077860.510935,2025-12-18 17:11:00,2025-12-19 01:11:00,BarData,124.063,0,0.0,0.0,192.290036,0.0,✅ 触发交易,124.063,126.459,193.2,-1
1766077864.4428942,2025-12-18 17:11:04,2025-12-19 01:11:04,Strategy_Open,124.063,1.0,0,-1.0,192.332036,0.0,Strategy_Signal,124.063,126.459,193.2,-1
1766077911.6949484,2025-12-18 17:11:51,2025-12-19 01:11:51,SL,124.019,1.0,-1.0,0.0,192.180036,0.0,🛡️ 止损 (-1.07%),124.063,126.459,193.2,-1
1766077911.6952653,2025-12-18 17:11:51,2025-12-19 01:11:51,PnlRecord,124.019,0,0,0,192.393036,-1.073567634761069,空,124.063,126.459,193.2,-1
1766077920.6603181,2025-12-18 17:12:00,2025-12-19 01:12:00,BarData,123.844,0,0.0,0.0,192.180036,0.0,✅ 触发交易,123.844,126.374,204.3,-1
1766077924.509805,2025-12-18 17:12:04,2025-12-19 01:12:04,Strategy_Open,123.844,1.0,0,-1.0,192.077036,0.0,Strategy_Signal,123.844,126.374,204.3,-1
1766077981.8070223,2025-12-18 17:13:01,2025-12-19 01:13:01,BarData,123.671,0,-1.0,-1.0,192.287036,0.0,✅ 触发交易,123.671,126.285,211.4,-1
1766078040.5525064,2025-12-18 17:14:00,2025-12-19 01:14:00,BarData,123.517,0,-1.0,-1.0,192.504036,0.0,✅ 触发交易,123.517,126.194,216.8,-1
1766078089.3218627,2025-12-18 17:14:49,2025-12-19 01:14:49,TP,123.179,1.0,-1.0,0.0,192.717036,0.0,🚀 止盈 (+5.44%),123.517,126.194,216.8,-1
1766078089.3222535,2025-12-18 17:14:49,2025-12-19 01:14:49,PnlRecord,123.179,0,0,0,192.713036,5.4419351973710155,空,123.517,126.194,216.8,-1
1766078100.61241,2025-12-18 17:15:00,2025-12-19 01:15:00,BarData,123.466,0,0.0,0.0,192.717036,0.0,✅ 触发交易,123.466,126.105,213.7,-1
1766078104.7151668,2025-12-18 17:15:04,2025-12-19 01:15:04,Strategy_Open,123.466,1.0,0,-1.0,192.76703600000002,0.0,Strategy_Signal,123.466,126.105,213.7,-1
1766078160.173034,2025-12-18 17:16:00,2025-12-19 01:16:00,BarData,122.918,0,-1.0,-1.0,193.163036,0.0,✅ 触发交易,122.918,126.000,250.8,-1
1766078174.648722,2025-12-18 17:16:14,2025-12-19 01:16:14,TP,122.761,1.0,-1.0,0.0,193.382036,0.0,🚀 止盈 (+5.01%),122.918,126.000,250.8,-1
1766078174.6490314,2025-12-18 17:16:14,2025-12-19 01:16:14,PnlRecord,122.761,0,0,0,193.163036,5.008956143265946,空,122.918,126.000,250.8,-1
1766078220.7560062,2025-12-18 17:17:00,2025-12-19 01:17:00,BarData,122.868,0,0.0,0.0,193.382036,0.0,✅ 触发交易,122.868,125.898,246.6,-1
1766078224.606876,2025-12-18 17:17:04,2025-12-19 01:17:04,Strategy_Open,122.868,1.0,0,-1.0,193.421036,0.0,Strategy_Signal,122.868,125.898,246.6,-1
1766078280.5504265,2025-12-18 17:18:00,2025-12-19 01:18:00,BarData,122.363,0,-1.0,-1.0,193.610036,0.0,✅ 触发交易,122.363,125.782,279.4,-1
1766078291.7452652,2025-12-18 17:18:11,2025-12-19 01:18:11,TP,122.105,1.0,-1.0,0.0,193.991144,0.0,🚀 止盈 (+5.48%),122.363,125.782,279.4,-1
1766078291.745588,2025-12-18 17:18:11,2025-12-19 01:18:11,PnlRecord,122.105,0,0,0,193.610036,5.481438042646092,空,122.363,125.782,279.4,-1
1766078342.5991292,2025-12-18 17:19:02,2025-12-19 01:19:02,BarData,122.0,0,0.0,0.0,193.991144,0.0,✅ 触发交易,122.000,125.658,299.8,-1
1766078346.5439832,2025-12-18 17:19:06,2025-12-19 01:19:06,Strategy_Open,122.0,1.0,0,-1.0,193.92914399999998,0.0,Strategy_Signal,122.000,125.658,299.8,-1
1766078357.5591877,2025-12-18 17:19:17,2025-12-19 01:19:17,SL,122.227,1.0,-1.0,0.0,193.887144,0.0,🛡️ 止损 (-1.19%),122.000,125.658,299.8,-1
1766078357.5594773,2025-12-18 17:19:17,2025-12-19 01:19:17,PnlRecord,122.227,0,0,0,193.95314399999998,-1.187726282334908,空,122.000,125.658,299.8,-1
1766078400.6280634,2025-12-18 17:20:00,2025-12-19 01:20:00,BarData,122.724,0,0.0,0.0,193.887144,0.0,✅ 触发交易,122.724,125.562,231.2,-1
1766078404.812956,2025-12-18 17:20:04,2025-12-19 01:20:04,Strategy_Open,122.724,1.0,0,-1.0,193.86514400000002,0.0,Strategy_Signal,122.724,125.562,231.2,-1
1766078461.839674,2025-12-18 17:21:01,2025-12-19 01:21:01,BarData,122.371,0,-1.0,-1.0,194.060144,0.0,✅ 触发交易,122.371,125.457,252.2,-1
1766078474.5102372,2025-12-18 17:21:14,2025-12-19 01:21:14,TP,122.089,1.0,-1.0,0.0,194.570144,0.0,🚀 止盈 (+5.28%),122.371,125.457,252.2,-1
1766078474.5106096,2025-12-18 17:21:14,2025-12-19 01:21:14,PnlRecord,122.089,0,0,0,194.060144,5.27958154427757,空,122.371,125.457,252.2,-1
1766078521.9374278,2025-12-18 17:22:01,2025-12-19 01:22:01,BarData,121.914,0,0.0,0.0,194.570144,0.0,✅ 触发交易,121.914,125.341,281.1,-1
1766078525.8001153,2025-12-18 17:22:05,2025-12-19 01:22:05,Strategy_Open,121.914,1.0,0,-1.0,194.555144,0.0,Strategy_Signal,121.914,125.341,281.1,-1
1766078539.6102629,2025-12-18 17:22:19,2025-12-19 01:22:19,SL,122.106,1.0,-1.0,0.0,194.430144,0.0,🛡️ 止损 (-1.16%),121.914,125.341,281.1,-1
1766078539.610572,2025-12-18 17:22:19,2025-12-19 01:22:19,PnlRecord,122.106,0,0,0,194.584144,-1.156069364161777,空,121.914,125.341,281.1,-1
1766078580.408273,2025-12-18 17:23:00,2025-12-19 01:23:00,BarData,121.968,0,0.0,0.0,194.430144,0.0,✅ 触发交易,121.968,125.230,267.5,-1
1766078584.2889948,2025-12-18 17:23:04,2025-12-19 01:23:04,Strategy_Open,121.968,1.0,0,-1.0,194.440144,0.0,Strategy_Signal,121.968,125.230,267.5,-1
1766078604.487286,2025-12-18 17:23:24,2025-12-19 01:23:24,TP,121.368,1.0,-1.0,0.0,195.030144,0.0,🚀 止盈 (+5.07%),121.968,125.230,267.5,-1
1766078604.4875927,2025-12-18 17:23:24,2025-12-19 01:23:24,PnlRecord,121.368,0,0,0,194.703144,5.0743111970947705,空,121.968,125.230,267.5,-1
1766078640.2391243,2025-12-18 17:24:00,2025-12-19 01:24:00,BarData,121.195,0,0.0,0.0,195.030144,0.0,✅ 触发交易,121.195,125.098,322.0,-1
1766078644.4829345,2025-12-18 17:24:04,2025-12-19 01:24:04,Strategy_Open,121.195,1.0,0,-1.0,195.058144,0.0,Strategy_Signal,121.195,125.098,322.0,-1
1766078700.6581721,2025-12-18 17:25:00,2025-12-19 01:25:00,BarData,121.175,0,-1.0,-1.0,195.065144,0.0,✅ 触发交易,121.175,124.969,313.1,-1
1766078760.4632125,2025-12-18 17:26:00,2025-12-19 01:26:00,BarData,120.83,0,-1.0,-1.0,195.281144,0.0,✅ 触发交易,120.830,124.834,331.3,-1
1766078821.2612007,2025-12-18 17:27:01,2025-12-19 01:27:01,BarData,120.871,0,-1.0,-1.0,195.293144,0.0,✅ 触发交易,120.871,124.704,317.1,-1
1766078842.92344,2025-12-18 17:27:22,2025-12-19 01:27:22,SL,121.334,1.0,-1.0,0.0,194.881144,0.0,🛡️ 止损 (-1.18%),120.871,124.704,317.1,-1
1766078842.9237309,2025-12-18 17:27:22,2025-12-19 01:27:22,PnlRecord,121.334,0,0,0,195.239144,-1.1799556072645716,空,120.871,124.704,317.1,-1
1766078880.2446108,2025-12-18 17:28:00,2025-12-19 01:28:00,BarData,121.639,0,0.0,0.0,194.881144,0.0,✅ 触发交易,121.639,124.603,243.7,-1
1766078884.1442175,2025-12-18 17:28:04,2025-12-19 01:28:04,Strategy_Open,121.639,1.0,0,-1.0,194.881144,0.0,Strategy_Signal,121.639,124.603,243.7,-1
1766078897.9730606,2025-12-18 17:28:17,2025-12-19 01:28:17,SL,121.799,1.0,-1.0,0.0,194.671144,0.0,🛡️ 止损 (-1.18%),121.639,124.603,243.7,-1
1766078897.9733527,2025-12-18 17:28:17,2025-12-19 01:28:17,PnlRecord,121.799,0,0,0,194.932144,-1.1836751469319424,空,121.639,124.603,243.7,-1
1766078940.1694067,2025-12-18 17:29:00,2025-12-19 01:29:00,BarData,121.976,0,0.0,0.0,194.671144,0.0,✅ 触发交易,121.976,124.517,208.3,-1
1766078944.059527,2025-12-18 17:29:04,2025-12-19 01:29:04,Strategy_Open,121.976,1.0,0,-1.0,194.759144,0.0,Strategy_Signal,121.976,124.517,208.3,-1
1766078962.764965,2025-12-18 17:29:22,2025-12-19 01:29:22,SL,122.141,1.0,-1.0,0.0,194.496144,0.0,🛡️ 止损 (-1.34%),121.976,124.517,208.3,-1
1766078962.7653856,2025-12-18 17:29:22,2025-12-19 01:29:22,PnlRecord,122.141,0,0,0,194.637144,-1.3363065470823503,空,121.976,124.517,208.3,-1
1766079000.2722,2025-12-18 17:30:00,2025-12-19 01:30:00,BarData,122.045,0,0.0,0.0,194.496144,0.0,✅ 触发交易,122.045,124.436,195.9,-1
1766079004.128164,2025-12-18 17:30:04,2025-12-19 01:30:04,Strategy_Open,122.045,1.0,0,-1.0,194.42214399999997,0.0,Strategy_Signal,122.045,124.436,195.9,-1
1766079008.2317586,2025-12-18 17:30:08,2025-12-19 01:30:08,SL,121.999,1.0,-1.0,0.0,194.432144,0.0,🛡️ 止损 (-1.11%),122.045,124.436,195.9,-1
1766079008.232091,2025-12-18 17:30:08,2025-12-19 01:30:08,PnlRecord,121.999,0,0,0,194.42214399999997,-1.1077922930479132,空,122.045,124.436,195.9,-1
1766079060.5430534,2025-12-18 17:31:00,2025-12-19 01:31:00,BarData,121.789,0,0.0,0.0,194.432144,0.0,✅ 触发交易,121.789,124.349,210.2,-1
1766079064.4088628,2025-12-18 17:31:04,2025-12-19 01:31:04,Strategy_Open,121.789,1.0,0,-1.0,194.478144,0.0,Strategy_Signal,121.789,124.349,210.2,-1
1766079072.9690845,2025-12-18 17:31:12,2025-12-19 01:31:12,SL,122.019,1.0,-1.0,0.0,194.281144,0.0,🛡️ 止损 (-1.42%),121.789,124.349,210.2,-1
1766079072.9693875,2025-12-18 17:31:12,2025-12-19 01:31:12,PnlRecord,122.019,0,0,0,194.473144,-1.419825025031612,空,121.789,124.349,210.2,-1
1766079120.1988332,2025-12-18 17:32:00,2025-12-19 01:32:00,BarData,121.89,0,0.0,0.0,194.281144,0.0,✅ 触发交易,121.890,124.269,195.1,-1
1766079124.042647,2025-12-18 17:32:04,2025-12-19 01:32:04,Strategy_Open,121.89,1.0,0,-1.0,194.37714400000002,0.0,Strategy_Signal,121.890,124.269,195.1,-1
1766079157.2023304,2025-12-18 17:32:37,2025-12-19 01:32:37,SL,121.942,1.0,-1.0,0.0,194.157144,0.0,🛡️ 止损 (-1.15%),121.890,124.269,195.1,-1
1766079157.2026205,2025-12-18 17:32:37,2025-12-19 01:32:37,PnlRecord,121.942,0,0,0,194.314144,-1.1494064136876763,空,121.890,124.269,195.1,-1
1766079180.366773,2025-12-18 17:33:00,2025-12-19 01:33:00,BarData,121.956,0,0.0,0.0,194.157144,0.0,✅ 触发交易,121.956,124.193,183.4,-1
1766079184.2168202,2025-12-18 17:33:04,2025-12-19 01:33:04,Strategy_Open,121.956,1.0,0,-1.0,194.181144,0.0,Strategy_Signal,121.956,124.193,183.4,-1
1766079210.8468943,2025-12-18 17:33:30,2025-12-19 01:33:30,SL,122.119,1.0,-1.0,0.0,193.990144,0.0,🛡️ 止损 (-1.22%),121.956,124.193,183.4,-1
1766079210.8471873,2025-12-18 17:33:30,2025-12-19 01:33:30,PnlRecord,122.119,0,0,0,194.121144,-1.2216118717717546,空,121.956,124.193,183.4,-1
1766079240.5582938,2025-12-18 17:34:00,2025-12-19 01:34:00,BarData,122.308,0,0.0,0.0,193.990144,0.0,✅ 触发交易,122.308,124.131,149.0,-1
1766079244.4220846,2025-12-18 17:34:04,2025-12-19 01:34:04,Strategy_Open,122.308,1.0,0,-1.0,193.997144,0.0,Strategy_Signal,122.308,124.131,149.0,-1
1766079298.6370056,2025-12-18 17:34:58,2025-12-19 01:34:58,SL,122.427,1.0,-1.0,0.0,193.852144,0.0,🛡️ 止损 (-1.10%),122.308,124.131,149.0,-1
1766079298.6373043,2025-12-18 17:34:58,2025-12-19 01:34:58,PnlRecord,122.427,0,0,0,193.980144,-1.1039152193111987,空,122.308,124.131,149.0,-1
1766079301.4770243,2025-12-18 17:35:01,2025-12-19 01:35:01,BarData,122.459,0,0.0,0.0,193.852144,0.0,✅ 触发交易,122.459,124.076,132.1,-1
1766079305.0234292,2025-12-18 17:35:05,2025-12-19 01:35:05,Strategy_Open,122.459,1.0,0,-1.0,193.85314400000001,0.0,Strategy_Signal,122.459,124.076,132.1,-1
1766079360.2665503,2025-12-18 17:36:00,2025-12-19 01:36:00,BarData,122.039,0,-1.0,-1.0,194.091144,0.0,✅ 触发交易,122.039,124.009,161.5,-1
1766079420.414395,2025-12-18 17:37:00,2025-12-19 01:37:00,BarData,122.121,0,-1.0,-1.0,194.195144,0.0,✅ 触发交易,122.121,123.947,149.6,-1
1766079480.7613978,2025-12-18 17:38:00,2025-12-19 01:38:00,BarData,122.3,0,-1.0,-1.0,194.070144,0.0,✅ 触发交易,122.300,123.893,130.3,-1
1766079540.6302974,2025-12-18 17:39:00,2025-12-19 01:39:00,BarData,122.455,0,-1.0,-1.0,193.85914400000001,0.0,✅ 触发交易,122.455,123.846,113.6,-1
1766079600.6507556,2025-12-18 17:40:00,2025-12-19 01:40:00,BarData,122.31,0,-1.0,-1.0,194.129144,0.0,✅ 触发交易,122.310,123.796,121.5,-1
1766079651.8458393,2025-12-18 17:40:51,2025-12-19 01:40:51,SL,122.589,1.0,-1.0,0.0,193.716144,0.0,🛡️ 止损 (-1.07%),122.310,123.796,121.5,-1
1766079651.8461673,2025-12-18 17:40:51,2025-12-19 01:40:51,PnlRecord,122.589,0,0,0,193.78214400000002,-1.0697545280830998,空,122.310,123.796,121.5,-1
1766079660.4269671,2025-12-18 17:41:00,2025-12-19 01:41:00,BarData,122.595,0,0.0,0.0,193.716144,0.0,✅ 触发交易,122.595,123.757,94.7,-1
1766079664.2754269,2025-12-18 17:41:04,2025-12-19 01:41:04,Strategy_Open,122.595,1.0,0,-1.0,193.73514400000002,0.0,Strategy_Signal,122.595,123.757,94.7,-1
1766079672.9736288,2025-12-18 17:41:12,2025-12-19 01:41:12,SL,122.801,1.0,-1.0,0.0,193.543144,0.0,🛡️ 止损 (-1.08%),122.595,123.757,94.7,-1
1766079672.97395,2025-12-18 17:41:12,2025-12-19 01:41:12,PnlRecord,122.801,0,0,0,193.750144,-1.0760664878657606,空,122.595,123.757,94.7,-1
1766079722.3154702,2025-12-18 17:42:02,2025-12-19 01:42:02,BarData,123.046,0,0.0,0.0,193.543144,0.0,✅ 触发交易,123.046,123.733,55.8,-1
1766079726.1921446,2025-12-18 17:42:06,2025-12-19 01:42:06,Strategy_Open,123.046,1.0,0,-1.0,193.52114400000002,0.0,Strategy_Signal,123.046,123.733,55.8,-1
1766079756.7205532,2025-12-18 17:42:36,2025-12-19 01:42:36,SL,123.083,1.0,-1.0,0.0,193.351144,0.0,🛡️ 止损 (-1.01%),123.046,123.733,55.8,-1
1766079756.720854,2025-12-18 17:42:36,2025-12-19 01:42:36,PnlRecord,123.083,0,0,0,193.453144,-1.0084662367130117,空,123.046,123.733,55.8,-1
1766079780.8134437,2025-12-18 17:43:00,2025-12-19 01:43:00,BarData,122.836,0,0.0,0.0,193.351144,0.0,✅ 触发交易,122.836,123.704,70.6,-1
1766079784.6633978,2025-12-18 17:43:04,2025-12-19 01:43:04,Strategy_Open,122.836,1.0,0,-1.0,193.310144,0.0,Strategy_Signal,122.836,123.704,70.6,-1
1766079840.155112,2025-12-18 17:44:00,2025-12-19 01:44:00,BarData,122.855,0,-1.0,-1.0,193.245144,0.0,✅ 触发交易,122.855,123.676,66.8,-1
1766079863.5718896,2025-12-18 17:44:23,2025-12-19 01:44:23,SL,122.983,1.0,-1.0,0.0,193.217144,0.0,🛡️ 止损 (-1.13%),122.855,123.676,66.8,-1
1766079863.5721917,2025-12-18 17:44:23,2025-12-19 01:44:23,PnlRecord,122.983,0,0,0,193.245144,-1.1315163947771971,空,122.855,123.676,66.8,-1
1766079900.1413589,2025-12-18 17:45:00,2025-12-19 01:45:00,BarData,122.978,0,0.0,0.0,193.217144,0.0,✅ 触发交易,122.978,123.653,54.9,-1
1766079904.0259957,2025-12-18 17:45:04,2025-12-19 01:45:04,Strategy_Open,122.978,1.0,0,-1.0,193.202144,0.0,Strategy_Signal,122.978,123.653,54.9,-1
1766079960.6179776,2025-12-18 17:46:00,2025-12-19 01:46:00,BarData,122.832,0,-1.0,-1.0,193.25114399999998,0.0,✅ 触发交易,122.832,123.626,64.7,-1
1766080020.4065933,2025-12-18 17:47:00,2025-12-19 01:47:00,BarData,123.002,0,-1.0,-1.0,193.22714399999998,0.0,✅ 触发交易,123.002,123.606,49.1,-1
1766080080.4799817,2025-12-18 17:48:00,2025-12-19 01:48:00,BarData,122.989,0,-1.0,-1.0,193.373144,0.0,✅ 触发交易,122.989,123.585,48.5,-1
1766080140.0842485,2025-12-18 17:49:00,2025-12-19 01:49:00,BarData,122.807,0,-1.0,-1.0,193.484144,0.0,✅ 触发交易,122.807,123.560,61.3,-1
1766080201.6514614,2025-12-18 17:50:01,2025-12-19 01:50:01,BarData,122.584,0,-1.0,-1.0,193.504144,0.0,✅ 触发交易,122.584,123.528,77.0,-1
1766080262.0614245,2025-12-18 17:51:02,2025-12-19 01:51:02,TP,122.391,1.0,-1.0,0.0,193.805144,0.0,🚀 止盈 (+5.01%),122.584,123.528,77.0,-1
1766080262.0617313,2025-12-18 17:51:02,2025-12-19 01:51:02,PnlRecord,122.391,0,0,0,193.59514399999998,5.007845081987202,空,122.584,123.528,77.0,-1
1766080264.966061,2025-12-18 17:51:04,2025-12-19 01:51:04,BarData,122.364,0,0.0,0.0,193.805144,0.0,✅ 触发交易,122.364,123.490,92.0,-1
1766080268.4870315,2025-12-18 17:51:08,2025-12-19 01:51:08,Strategy_Open,122.364,1.0,0,-1.0,193.81914400000002,0.0,Strategy_Signal,122.364,123.490,92.0,-1
1766080284.5338545,2025-12-18 17:51:24,2025-12-19 01:51:24,SL,122.518,1.0,-1.0,0.0,193.606648,0.0,🛡️ 止损 (-1.19%),122.364,123.490,92.0,-1
1766080284.534231,2025-12-18 17:51:24,2025-12-19 01:51:24,PnlRecord,122.518,0,0,0,193.857144,-1.1930833850880986,空,122.364,123.490,92.0,-1
1766080320.3909526,2025-12-18 17:52:00,2025-12-19 01:52:00,BarData,122.499,0,0.0,0.0,193.606648,0.0,✅ 触发交易,122.499,123.457,78.2,-1
1766080324.2669256,2025-12-18 17:52:04,2025-12-19 01:52:04,Strategy_Open,122.499,1.0,0,-1.0,193.595648,0.0,Strategy_Signal,122.499,123.457,78.2,-1
1766080380.6363757,2025-12-18 17:53:00,2025-12-19 01:53:00,BarData,122.44,0,-1.0,-1.0,193.641648,0.0,✅ 触发交易,122.440,123.424,80.4,-1
1766080442.1609998,2025-12-18 17:54:02,2025-12-19 01:54:02,SL,122.627,1.0,-1.0,0.0,193.410648,0.0,🛡️ 止损 (-1.24%),122.440,123.424,80.4,-1
1766080442.1613078,2025-12-18 17:54:02,2025-12-19 01:54:02,PnlRecord,122.627,0,0,0,193.508648,-1.2410696060420576,空,122.440,123.424,80.4,-1
1766080444.4884655,2025-12-18 17:54:04,2025-12-19 01:54:04,BarData,122.66,0,0.0,0.0,193.410648,0.0,✅ 触发交易,122.660,123.399,60.2,-1
1766080448.0202973,2025-12-18 17:54:08,2025-12-19 01:54:08,Strategy_Open,122.66,1.0,0,-1.0,193.414648,0.0,Strategy_Signal,122.660,123.399,60.2,-1
1766080454.1820986,2025-12-18 17:54:14,2025-12-19 01:54:14,SL,122.925,1.0,-1.0,0.0,193.249648,0.0,🛡️ 止损 (-1.11%),122.660,123.399,60.2,-1
1766080454.1824067,2025-12-18 17:54:14,2025-12-19 01:54:14,PnlRecord,122.925,0,0,0,193.414648,-1.1075910708613614,空,122.660,123.399,60.2,-1
1766080501.653194,2025-12-18 17:55:01,2025-12-19 01:55:01,BarData,122.756,0,0.0,0.0,193.249648,0.0,✅ 触发交易,122.756,123.378,50.7,-1
1766080505.5194814,2025-12-18 17:55:05,2025-12-19 01:55:05,Strategy_Open,122.756,1.0,0,-1.0,193.264648,0.0,Strategy_Signal,122.756,123.378,50.7,-1
1766080560.325048,2025-12-18 17:56:00,2025-12-19 01:56:00,BarData,122.718,0,-1.0,-1.0,193.265648,0.0,✅ 触发交易,122.718,123.356,52.0,-1
1766080620.6796575,2025-12-18 17:57:00,2025-12-19 01:57:00,BarData,122.674,0,-1.0,-1.0,193.226648,0.0,✅ 触发交易,122.674,123.334,53.8,-1
1766080682.4448485,2025-12-18 17:58:02,2025-12-19 01:58:02,BarData,122.725,0,-1.0,-1.0,193.236648,0.0,✅ 触发交易,122.725,123.314,48.0,-1
1766080744.3180666,2025-12-18 17:59:04,2025-12-19 01:59:04,SL,122.842,1.0,-1.0,0.0,193.121648,0.0,🛡️ 止损 (-1.02%),122.725,123.314,48.0,-1
1766080744.318336,2025-12-18 17:59:04,2025-12-19 01:59:04,PnlRecord,122.842,0,0,0,193.161648,-1.0186037794274632,空,122.725,123.314,48.0,-1
1766080746.1124985,2025-12-18 17:59:06,2025-12-19 01:59:06,BarData,122.842,0,0.0,0.0,193.121648,0.0,✅ 触发交易,122.842,123.298,37.2,-1
1766080749.637404,2025-12-18 17:59:09,2025-12-19 01:59:09,Strategy_Open,122.842,1.0,0,-1.0,193.10764799999998,0.0,Strategy_Signal,122.842,123.298,37.2,-1
1766080800.7769406,2025-12-18 18:00:00,2025-12-19 02:00:00,BarData,122.878,0,-1.0,-1.0,193.07164799999998,0.0,✅ 触发交易,122.878,123.285,33.1,-1
1766080860.5193794,2025-12-18 18:01:00,2025-12-19 02:01:00,BarData,122.802,0,-1.0,-1.0,193.22375399999999,0.0,✅ 触发交易,122.802,123.269,38.0,-1
1766080921.7278864,2025-12-18 18:02:01,2025-12-19 02:02:01,BarData,122.811,0,-1.0,-1.0,193.224754,0.0,✅ 触发交易,122.811,123.254,36.1,-1
1766080980.5840595,2025-12-18 18:03:00,2025-12-19 02:03:00,BarData,122.828,0,-1.0,-1.0,193.235754,0.0,✅ 触发交易,122.828,123.240,33.5,-1
1766081041.7387376,2025-12-18 18:04:01,2025-12-19 02:04:01,BarData,122.878,0,-1.0,-1.0,193.129754,0.0,✅ 触发交易,122.878,123.228,28.5,-1
1766081100.6189857,2025-12-18 18:05:00,2025-12-19 02:05:00,BarData,122.921,0,-1.0,-1.0,193.173754,0.0,✅ 触发交易,122.921,123.218,24.2,-1
1766081126.7412791,2025-12-18 18:05:26,2025-12-19 02:05:26,SL,123.038,1.0,-1.0,0.0,193.007755,0.0,🛡️ 止损 (-1.04%),122.921,123.218,24.2,-1
1766081126.741557,2025-12-18 18:05:26,2025-12-19 02:05:26,PnlRecord,123.038,0,0,0,193.173754,-1.0414124155886428,空,122.921,123.218,24.2,-1
1766081160.4348345,2025-12-18 18:06:00,2025-12-19 02:06:00,BarData,122.928,0,0.0,0.0,193.007755,0.0,✅ 触发交易,122.928,123.208,22.8,-1
1766081164.4429653,2025-12-18 18:06:04,2025-12-19 02:06:04,Strategy_Open,122.928,1.0,0,-1.0,192.96275500000002,0.0,Strategy_Signal,122.928,123.208,22.8,-1
1766081220.3137612,2025-12-18 18:07:00,2025-12-19 02:07:00,BarData,122.935,0,-1.0,-1.0,192.997755,0.0,✅ 触发交易,122.935,123.199,21.5,-1
1766081280.6308477,2025-12-18 18:08:00,2025-12-19 02:08:00,BarData,122.962,0,-1.0,-1.0,192.949755,0.0,✅ 触发交易,122.962,123.192,18.7,-1
1766081292.7461274,2025-12-18 18:08:12,2025-12-19 02:08:12,SL,123.074,1.0,-1.0,0.0,192.913755,0.0,🛡️ 止损 (-1.10%),122.962,123.192,18.7,-1
1766081292.7464116,2025-12-18 18:08:12,2025-12-19 02:08:12,PnlRecord,123.074,0,0,0,192.949755,-1.0981055645483135,空,122.962,123.192,18.7,-1
1766081340.1454937,2025-12-18 18:09:00,2025-12-19 02:09:00,BarData,123.138,0,0.0,0.0,192.913755,0.0,❌ 震荡 (Gap 4.2 < 10),123.138,123.190,4.2,0
1766081400.6505964,2025-12-18 18:10:00,2025-12-19 02:10:00,BarData,123.127,0,0.0,0.0,192.913755,0.0,❌ 震荡 (Gap 4.9 < 10),123.127,123.188,4.9,0
1766081460.0948505,2025-12-18 18:11:00,2025-12-19 02:11:00,BarData,123.017,0,0.0,0.0,192.913755,0.0,✅ 触发交易,123.017,123.182,13.4,-1
1766081463.9471576,2025-12-18 18:11:03,2025-12-19 02:11:03,Strategy_Open,123.017,1.0,0,-1.0,192.889755,0.0,Strategy_Signal,123.017,123.182,13.4,-1
1766081496.7873776,2025-12-18 18:11:36,2025-12-19 02:11:36,SL,123.174,1.0,-1.0,0.0,192.771755,0.0,🛡️ 止损 (-1.31%),123.017,123.182,13.4,-1
1766081496.7876515,2025-12-18 18:11:36,2025-12-19 02:11:36,PnlRecord,123.174,0,0,0,192.816755,-1.3088047604724813,空,123.017,123.182,13.4,-1
1766081521.1769104,2025-12-18 18:12:01,2025-12-19 02:12:01,BarData,123.302,0,0.0,0.0,192.771755,0.0,❌ 震荡 (Gap 9.4 < 10),123.302,123.186,9.4,0
1766081580.5827549,2025-12-18 18:13:00,2025-12-19 02:13:00,BarData,123.688,0,0.0,0.0,192.771755,0.0,❌ 快线向下,123.688,123.203,39.2,0
1766081640.3697546,2025-12-18 18:14:00,2025-12-19 02:14:00,BarData,123.746,0,0.0,0.0,192.771755,0.0,❌ 快线向下,123.746,123.220,42.5,0
1766081700.3035378,2025-12-18 18:15:00,2025-12-19 02:15:00,BarData,123.516,0,0.0,0.0,192.771755,0.0,❌ 快线向下,123.516,123.230,23.1,0
1766081760.0860393,2025-12-18 18:16:00,2025-12-19 02:16:00,BarData,123.365,0,0.0,0.0,192.771755,0.0,❌ 快线向下,123.365,123.235,10.6,0
1766081820.208684,2025-12-18 18:17:00,2025-12-19 02:17:00,BarData,123.529,0,0.0,0.0,192.771755,0.0,❌ 快线向下,123.529,123.244,23.1,0
1766081880.2643921,2025-12-18 18:18:00,2025-12-19 02:18:00,BarData,123.291,0,0.0,0.0,192.771755,0.0,❌ 震荡 (Gap 3.7 < 10),123.291,123.246,3.7,0
1766081941.9090455,2025-12-18 18:19:01,2025-12-19 02:19:01,BarData,123.2,0,0.0,0.0,192.771755,0.0,❌ 震荡 (Gap 3.6 < 10),123.200,123.244,3.6,0
1766082000.5815468,2025-12-18 18:20:00,2025-12-19 02:20:00,BarData,123.227,0,0.0,0.0,192.771755,0.0,❌ 震荡 (Gap 1.4 < 10),123.227,123.244,1.4,0
1766082060.2991972,2025-12-18 18:21:00,2025-12-19 02:21:00,BarData,123.43,0,0.0,0.0,192.771755,0.0,❌ 快线向下,123.430,123.250,14.6,0
1766082120.1743445,2025-12-18 18:22:00,2025-12-19 02:22:00,BarData,123.438,0,0.0,0.0,192.771755,0.0,❌ 快线向下,123.438,123.256,14.7,0
1766082181.032496,2025-12-18 18:23:01,2025-12-19 02:23:01,BarData,123.205,0,0.0,0.0,192.771755,0.0,❌ 震荡 (Gap 4.0 < 10),123.205,123.254,4.0,0
1766082240.64533,2025-12-18 18:24:00,2025-12-19 02:24:00,BarData,123.103,0,0.0,0.0,192.771755,0.0,✅ 触发交易,123.103,123.249,11.9,-1
1766082244.5350573,2025-12-18 18:24:04,2025-12-19 02:24:04,Strategy_Open,123.103,1.0,0,-1.0,192.770755,0.0,Strategy_Signal,123.103,123.249,11.9,-1
1766082300.5113227,2025-12-18 18:25:00,2025-12-19 02:25:00,BarData,123.167,0,-1.0,-1.0,192.739755,0.0,❌ 震荡 (Gap 6.5 < 10),123.167,123.247,6.5,0
1766082301.2017965,2025-12-18 18:25:01,2025-12-19 02:25:01,PnlRecord,123.167,0,0,0,192.739755,-0.5361451166115832,空,123.167,123.247,6.5,0
1766082301.5056026,2025-12-18 18:25:01,2025-12-19 02:25:01,CloseSignal,123.167,1.0,-1.0,0,192.739755,0.0,Strategy_TrendEnd,123.167,123.247,6.5,0
1766082360.6902912,2025-12-18 18:26:00,2025-12-19 02:26:00,BarData,122.97,0,0.0,0.0,192.723755,0.0,✅ 触发交易,122.970,123.238,21.8,-1
1766082364.535956,2025-12-18 18:26:04,2025-12-19 02:26:04,Strategy_Open,122.97,1.0,0,-1.0,192.71975500000002,0.0,Strategy_Signal,122.970,123.238,21.8,-1
1766082420.4650545,2025-12-18 18:27:00,2025-12-19 02:27:00,BarData,122.843,0,-1.0,-1.0,192.83875500000002,0.0,✅ 触发交易,122.843,123.225,31.1,-1
1766082480.2818484,2025-12-18 18:28:00,2025-12-19 02:28:00,BarData,122.779,0,-1.0,-1.0,192.89775500000002,0.0,✅ 触发交易,122.779,123.210,35.1,-1
1766082540.6005294,2025-12-18 18:29:00,2025-12-19 02:29:00,BarData,122.672,0,-1.0,-1.0,193.067755,0.0,✅ 触发交易,122.672,123.192,42.4,-1
1766082601.1183538,2025-12-18 18:30:01,2025-12-19 02:30:01,BarData,122.694,0,-1.0,-1.0,193.13575500000002,0.0,✅ 触发交易,122.694,123.176,39.3,-1
1766082662.5922644,2025-12-18 18:31:02,2025-12-19 02:31:02,BarData,122.692,0,-1.0,-1.0,192.905755,0.0,✅ 触发交易,122.692,123.160,38.2,-1
1766082720.6175923,2025-12-18 18:32:00,2025-12-19 02:32:00,BarData,122.675,0,-1.0,-1.0,193.02875500000002,0.0,✅ 触发交易,122.675,123.144,38.3,-1
1766082780.2735908,2025-12-18 18:33:00,2025-12-19 02:33:00,BarData,122.468,0,-1.0,-1.0,193.16675500000002,0.0,✅ 触发交易,122.468,123.122,53.4,-1
1766082842.7766376,2025-12-18 18:34:02,2025-12-19 02:34:02,TP,122.367,1.0,-1.0,0.0,193.341755,0.0,🚀 止盈 (+5.03%),122.468,123.122,53.4,-1
1766082842.7769034,2025-12-18 18:34:02,2025-12-19 02:34:02,PnlRecord,122.367,0,0,0,193.156755,5.033093197599724,空,122.468,123.122,53.4,-1
1766082845.4638016,2025-12-18 18:34:05,2025-12-19 02:34:05,BarData,122.382,0,0.0,0.0,193.341755,0.0,✅ 触发交易,122.382,123.098,58.5,-1
1766082849.1276443,2025-12-18 18:34:09,2025-12-19 02:34:09,Strategy_Open,122.382,1.0,0,-1.0,193.345755,0.0,Strategy_Signal,122.382,123.098,58.5,-1
1766082900.285181,2025-12-18 18:35:00,2025-12-19 02:35:00,BarData,122.437,0,-1.0,-1.0,193.31475500000002,0.0,✅ 触发交易,122.437,123.076,52.2,-1
1766082914.9267223,2025-12-18 18:35:14,2025-12-19 02:35:14,SL,122.507,1.0,-1.0,0.0,193.199755,0.0,🛡️ 止损 (-1.09%),122.437,123.076,52.2,-1
1766082914.9270375,2025-12-18 18:35:14,2025-12-19 02:35:14,PnlRecord,122.507,0,0,0,193.295755,-1.0868321702323187,空,122.437,123.076,52.2,-1
1766082960.1808841,2025-12-18 18:36:00,2025-12-19 02:36:00,BarData,122.713,0,0.0,0.0,193.199755,0.0,✅ 触发交易,122.713,123.064,28.6,-1
1766082964.0747254,2025-12-18 18:36:04,2025-12-19 02:36:04,Strategy_Open,122.713,1.0,0,-1.0,193.160763,0.0,Strategy_Signal,122.713,123.064,28.6,-1
1766082976.240589,2025-12-18 18:36:16,2025-12-19 02:36:16,SL,122.912,1.0,-1.0,0.0,193.060763,0.0,🛡️ 止损 (-1.19%),122.713,123.064,28.6,-1
1766082976.2408588,2025-12-18 18:36:16,2025-12-19 02:36:16,PnlRecord,122.912,0,0,0,193.136763,-1.1892543538113223,空,122.713,123.064,28.6,-1
1766083020.6741695,2025-12-18 18:37:00,2025-12-19 02:37:00,BarData,122.861,0,0.0,0.0,193.060763,0.0,✅ 触发交易,122.861,123.058,16.0,-1
1766083024.5425167,2025-12-18 18:37:04,2025-12-19 02:37:04,Strategy_Open,122.861,1.0,0,-1.0,193.03976300000002,0.0,Strategy_Signal,122.861,123.058,16.0,-1
1766083080.4242225,2025-12-18 18:38:00,2025-12-19 02:38:00,BarData,122.932,0,-1.0,-1.0,192.98476300000002,0.0,❌ 震荡 (Gap 9.9 < 10),122.932,123.053,9.9,0
1766083081.1354809,2025-12-18 18:38:01,2025-12-19 02:38:01,PnlRecord,122.932,0,0,0,192.98476300000002,-0.472028256588106,空,122.932,123.053,9.9,0
1766083081.4266255,2025-12-18 18:38:01,2025-12-19 02:38:01,CloseSignal,122.932,1.0,-1.0,0,192.98476300000002,0.0,Strategy_TrendEnd,122.932,123.053,9.9,0
1766083140.2468314,2025-12-18 18:39:00,2025-12-19 02:39:00,BarData,123.019,0,0.0,0.0,193.012763,0.0,❌ 震荡 (Gap 2.7 < 10),123.019,123.052,2.7,0
1766083200.60198,2025-12-18 18:40:00,2025-12-19 02:40:00,BarData,123.018,0,0.0,0.0,193.012763,0.0,❌ 震荡 (Gap 2.7 < 10),123.018,123.051,2.7,0
1766083260.5104449,2025-12-18 18:41:00,2025-12-19 02:41:00,BarData,122.885,0,0.0,0.0,193.012763,0.0,✅ 触发交易,122.885,123.046,13.1,-1
1766083264.3659997,2025-12-18 18:41:04,2025-12-19 02:41:04,Strategy_Open,122.885,1.0,0,-1.0,192.999763,0.0,Strategy_Signal,122.885,123.046,13.1,-1
1766083288.2702453,2025-12-18 18:41:28,2025-12-19 02:41:28,SL,122.994,1.0,-1.0,0.0,192.866672,0.0,🛡️ 止损 (-1.03%),122.885,123.046,13.1,-1
1766083288.2705324,2025-12-18 18:41:28,2025-12-19 02:41:28,PnlRecord,122.994,0,0,0,192.929763,-1.0336379988116853,空,122.885,123.046,13.1,-1
1766083320.2567668,2025-12-18 18:42:00,2025-12-19 02:42:00,BarData,123.01,0,0.0,0.0,192.866672,0.0,❌ 震荡 (Gap 2.8 < 10),123.010,123.045,2.8,0
1766083380.450888,2025-12-18 18:43:00,2025-12-19 02:43:00,BarData,122.954,0,0.0,0.0,192.866672,0.0,❌ 震荡 (Gap 7.1 < 10),122.954,123.042,7.1,0
1766083440.3040054,2025-12-18 18:44:00,2025-12-19 02:44:00,BarData,122.952,0,0.0,0.0,192.866672,0.0,❌ 震荡 (Gap 7.0 < 10),122.952,123.039,7.0,0
1766083500.7221806,2025-12-18 18:45:00,2025-12-19 02:45:00,BarData,122.637,0,0.0,0.0,192.866672,0.0,✅ 触发交易,122.637,123.025,31.7,-1
1766083504.5922267,2025-12-18 18:45:04,2025-12-19 02:45:04,Strategy_Open,122.637,1.0,0,-1.0,192.884672,0.0,Strategy_Signal,122.637,123.025,31.7,-1
1766083560.2568328,2025-12-18 18:46:00,2025-12-19 02:46:00,BarData,122.589,0,-1.0,-1.0,192.934672,0.0,✅ 触发交易,122.589,123.011,34.4,-1
1766083620.3318126,2025-12-18 18:47:00,2025-12-19 02:47:00,BarData,122.404,0,-1.0,-1.0,193.101672,0.0,✅ 触发交易,122.404,122.991,48.0,-1
1766083680.5049217,2025-12-18 18:48:00,2025-12-19 02:48:00,BarData,122.187,0,-1.0,-1.0,193.074672,0.0,✅ 触发交易,122.187,122.965,63.7,-1
1766083740.6491642,2025-12-18 18:49:00,2025-12-19 02:49:00,BarData,122.173,0,-1.0,-1.0,193.25167199999999,0.0,✅ 触发交易,122.173,122.939,62.7,-1
1766083800.099093,2025-12-18 18:50:00,2025-12-19 02:50:00,BarData,122.28,0,-1.0,-1.0,193.241672,0.0,✅ 触发交易,122.280,122.917,52.1,-1
1766083861.9292803,2025-12-18 18:51:01,2025-12-19 02:51:01,BarData,122.254,0,-1.0,-1.0,193.188672,0.0,✅ 触发交易,122.254,122.896,52.5,-1
1766083898.7308016,2025-12-18 18:51:38,2025-12-19 02:51:38,TP,121.985,1.0,-1.0,0.0,193.488672,0.0,🚀 止盈 (+5.22%),122.254,122.896,52.5,-1
1766083898.7311187,2025-12-18 18:51:38,2025-12-19 02:51:38,PnlRecord,121.985,0,0,0,193.188672,5.219164118246692,空,122.254,122.896,52.5,-1
1766083920.215611,2025-12-18 18:52:00,2025-12-19 02:52:00,BarData,122.157,0,0.0,0.0,193.488672,0.0,✅ 触发交易,122.157,122.871,58.5,-1
1766083924.0829165,2025-12-18 18:52:04,2025-12-19 02:52:04,Strategy_Open,122.157,1.0,0,-1.0,193.565672,0.0,Strategy_Signal,122.157,122.871,58.5,-1
1766083940.7276998,2025-12-18 18:52:20,2025-12-19 02:52:20,TP,121.533,1.0,-1.0,0.0,194.073672,0.0,🚀 止盈 (+5.11%),122.157,122.871,58.5,-1
1766083940.7279983,2025-12-18 18:52:20,2025-12-19 02:52:20,PnlRecord,121.533,0,0,0,193.583672,5.108180456298004,空,122.157,122.871,58.5,-1
1766083980.5285366,2025-12-18 18:53:00,2025-12-19 02:53:00,BarData,121.557,0,0.0,0.0,194.073672,0.0,✅ 触发交易,121.557,122.828,104.6,-1
1766083984.4037466,2025-12-18 18:53:04,2025-12-19 02:53:04,Strategy_Open,121.557,1.0,0,-1.0,194.093672,0.0,Strategy_Signal,121.557,122.828,104.6,-1
1766084040.1999848,2025-12-18 18:54:00,2025-12-19 02:54:00,BarData,121.187,0,-1.0,-1.0,194.14267199999998,0.0,✅ 触发交易,121.187,122.774,131.0,-1
1766084102.0749848,2025-12-18 18:55:02,2025-12-19 02:55:02,BarData,121.378,0,-1.0,-1.0,194.391672,0.0,✅ 触发交易,121.378,122.729,111.3,-1
1766084160.1504166,2025-12-18 18:56:00,2025-12-19 02:56:00,BarData,121.212,0,-1.0,-1.0,194.419672,0.0,✅ 触发交易,121.212,122.679,121.0,-1
1766084220.370516,2025-12-18 18:57:00,2025-12-19 02:57:00,BarData,121.281,0,-1.0,-1.0,194.30467199999998,0.0,✅ 触发交易,121.281,122.633,111.5,-1
1766084280.4500282,2025-12-18 18:58:00,2025-12-19 02:58:00,BarData,121.467,0,-1.0,-1.0,194.176672,0.0,✅ 触发交易,121.467,122.595,92.9,-1
1766084340.2505813,2025-12-18 18:59:00,2025-12-19 02:59:00,BarData,121.468,0,-1.0,-1.0,194.105672,0.0,✅ 触发交易,121.468,122.558,89.7,-1
1766084400.1155283,2025-12-18 19:00:00,2025-12-19 03:00:00,BarData,121.472,0,-1.0,-1.0,194.141672,0.0,✅ 触发交易,121.472,122.522,86.5,-1
1766084460.162767,2025-12-18 19:01:00,2025-12-19 03:01:00,BarData,121.364,0,-1.0,-1.0,194.226307,0.0,✅ 触发交易,121.364,122.484,92.3,-1
1766084520.6183891,2025-12-18 19:02:00,2025-12-19 03:02:00,BarData,121.127,0,-1.0,-1.0,194.43130699999998,0.0,✅ 触发交易,121.127,122.440,108.4,-1
1766084569.371971,2025-12-18 19:02:49,2025-12-19 03:02:49,TP,120.928,1.0,-1.0,0.0,194.677307,0.0,🚀 止盈 (+5.02%),121.127,122.440,108.4,-1
1766084569.3722544,2025-12-18 19:02:49,2025-12-19 03:02:49,PnlRecord,120.928,0,0,0,194.512307,5.019006401290127,空,121.127,122.440,108.4,-1
1766084580.2812626,2025-12-18 19:03:00,2025-12-19 03:03:00,BarData,120.912,0,0.0,0.0,194.677307,0.0,✅ 触发交易,120.912,122.390,122.2,-1
1766084584.1253576,2025-12-18 19:03:04,2025-12-19 03:03:04,Strategy_Open,120.912,1.0,0,-1.0,194.66230700000003,0.0,Strategy_Signal,120.912,122.390,122.2,-1
1766084640.5118492,2025-12-18 19:04:00,2025-12-19 03:04:00,BarData,120.871,0,-1.0,-1.0,194.61230700000002,0.0,✅ 触发交易,120.871,122.340,121.5,-1
1766084702.0789049,2025-12-18 19:05:02,2025-12-19 03:05:02,BarData,120.584,0,-1.0,-1.0,194.61230700000002,0.0,✅ 触发交易,120.584,122.282,140.8,-1
1766084760.446251,2025-12-18 19:06:00,2025-12-19 03:06:00,BarData,120.763,0,-1.0,-1.0,194.84630700000002,0.0,✅ 触发交易,120.763,122.233,121.7,-1
1766084820.2650158,2025-12-18 19:07:00,2025-12-19 03:07:00,BarData,121.024,0,-1.0,-1.0,194.82230700000002,0.0,✅ 触发交易,121.024,122.193,96.6,-1
1766084880.7058156,2025-12-18 19:08:00,2025-12-19 03:08:00,BarData,121.041,0,-1.0,-1.0,194.581307,0.0,✅ 触发交易,121.041,122.155,92.0,-1
1766084890.3596132,2025-12-18 19:08:10,2025-12-19 03:08:10,SL,121.112,1.0,-1.0,0.0,194.554307,0.0,🛡️ 止损 (-1.18%),121.041,122.155,92.0,-1
1766084890.3599665,2025-12-18 19:08:10,2025-12-19 03:08:10,PnlRecord,121.112,0,0,0,194.581307,-1.1821210392745307,空,121.041,122.155,92.0,-1
1766084940.5710998,2025-12-18 19:09:00,2025-12-19 03:09:00,BarData,121.03,0,0.0,0.0,194.554307,0.0,✅ 触发交易,121.030,122.118,89.9,-1
1766084944.4190872,2025-12-18 19:09:04,2025-12-19 03:09:04,Strategy_Open,121.03,1.0,0,-1.0,194.51630699999998,0.0,Strategy_Signal,121.030,122.118,89.9,-1
1766084959.311502,2025-12-18 19:09:19,2025-12-19 03:09:19,SL,121.179,1.0,-1.0,0.0,194.419307,0.0,🛡️ 止损 (-1.14%),121.030,122.118,89.9,-1
1766084959.3117745,2025-12-18 19:09:19,2025-12-19 03:09:19,PnlRecord,121.179,0,0,0,194.51630699999998,-1.140109549656771,空,121.030,122.118,89.9,-1
1766085000.280979,2025-12-18 19:10:00,2025-12-19 03:10:00,BarData,121.441,0,0.0,0.0,194.419307,0.0,✅ 触发交易,121.441,122.096,53.9,-1
1766085004.1410115,2025-12-18 19:10:04,2025-12-19 03:10:04,Strategy_Open,121.441,1.0,0,-1.0,194.385307,0.0,Strategy_Signal,121.441,122.096,53.9,-1
1766085060.284485,2025-12-18 19:11:00,2025-12-19 03:11:00,BarData,121.238,0,-1.0,-1.0,194.532307,0.0,✅ 触发交易,121.238,122.068,68.5,-1
1766085120.3703313,2025-12-18 19:12:00,2025-12-19 03:12:00,BarData,121.118,0,-1.0,-1.0,194.652307,0.0,✅ 触发交易,121.118,122.037,75.9,-1
1766085180.2631178,2025-12-18 19:13:00,2025-12-19 03:13:00,BarData,120.963,0,-1.0,-1.0,194.736307,0.0,✅ 触发交易,120.963,122.002,85.9,-1
1766085240.7675846,2025-12-18 19:14:00,2025-12-19 03:14:00,BarData,120.961,0,-1.0,-1.0,194.847307,0.0,✅ 触发交易,120.961,121.967,83.2,-1
1766085300.1235065,2025-12-18 19:15:00,2025-12-19 03:15:00,BarData,120.951,0,-1.0,-1.0,194.821307,0.0,✅ 触发交易,120.951,121.934,81.3,-1
1766085360.285318,2025-12-18 19:16:00,2025-12-19 03:16:00,BarData,121.21,0,-1.0,-1.0,194.857307,0.0,✅ 触发交易,121.210,121.910,57.8,-1
1766085404.2523584,2025-12-18 19:16:44,2025-12-19 03:16:44,TP,120.781,1.0,-1.0,0.0,194.949307,0.0,🚀 止盈 (+5.00%),121.210,121.910,57.8,-1
1766085404.252657,2025-12-18 19:16:44,2025-12-19 03:16:44,PnlRecord,120.781,0,0,0,194.765307,5.000494282795658,空,121.210,121.910,57.8,-1
1766085420.4089515,2025-12-18 19:17:00,2025-12-19 03:17:00,BarData,120.427,0,0.0,0.0,194.949307,0.0,✅ 触发交易,120.427,121.862,119.1,-1
1766085424.3278844,2025-12-18 19:17:04,2025-12-19 03:17:04,Strategy_Open,120.427,1.0,0,-1.0,194.958307,0.0,Strategy_Signal,120.427,121.862,119.1,-1
1766085431.204264,2025-12-18 19:17:11,2025-12-19 03:17:11,SL,120.634,1.0,-1.0,0.0,194.675307,0.0,🛡️ 止损 (-1.47%),120.427,121.862,119.1,-1
1766085431.2046337,2025-12-18 19:17:11,2025-12-19 03:17:11,PnlRecord,120.634,0,0,0,194.958307,-1.46940401969173,空,120.427,121.862,119.1,-1
1766085480.554155,2025-12-18 19:18:00,2025-12-19 03:18:00,BarData,120.814,0,0.0,0.0,194.675307,0.0,✅ 触发交易,120.814,121.827,83.9,-1
1766085484.5423481,2025-12-18 19:18:04,2025-12-19 03:18:04,Strategy_Open,120.814,1.0,0,-1.0,194.673307,0.0,Strategy_Signal,120.814,121.827,83.9,-1
1766085514.390473,2025-12-18 19:18:34,2025-12-19 03:18:34,SL,120.885,1.0,-1.0,0.0,194.598307,0.0,🛡️ 止损 (-1.02%),120.814,121.827,83.9,-1
1766085514.3907454,2025-12-18 19:18:34,2025-12-19 03:18:34,PnlRecord,120.885,0,0,0,194.592307,-1.0185323197695024,空,120.814,121.827,83.9,-1
1766085540.6953108,2025-12-18 19:19:00,2025-12-19 03:19:00,BarData,120.677,0,0.0,0.0,194.598307,0.0,✅ 触发交易,120.677,121.790,92.2,-1
1766085544.5435114,2025-12-18 19:19:04,2025-12-19 03:19:04,Strategy_Open,120.677,1.0,0,-1.0,194.601307,0.0,Strategy_Signal,120.677,121.790,92.2,-1
1766085561.2921789,2025-12-18 19:19:21,2025-12-19 03:19:21,SL,120.785,1.0,-1.0,0.0,194.451307,0.0,🛡️ 止损 (-1.04%),120.677,121.790,92.2,-1
1766085561.2924685,2025-12-18 19:19:21,2025-12-19 03:19:21,PnlRecord,120.785,0,0,0,194.603307,-1.0359688380573513,空,120.677,121.790,92.2,-1
1766085601.4828646,2025-12-18 19:20:01,2025-12-19 03:20:01,BarData,120.859,0,0.0,0.0,194.451307,0.0,✅ 触发交易,120.859,121.759,74.5,-1
1766085605.4598603,2025-12-18 19:20:05,2025-12-19 03:20:05,Strategy_Open,120.859,1.0,0,-1.0,194.456307,0.0,Strategy_Signal,120.859,121.759,74.5,-1
1766085660.3261788,2025-12-18 19:21:00,2025-12-19 03:21:00,BarData,120.887,0,-1.0,-1.0,194.349307,0.0,✅ 触发交易,120.887,121.731,69.8,-1
1766085671.5693393,2025-12-18 19:21:11,2025-12-19 03:21:11,SL,120.923,1.0,-1.0,0.0,194.315307,0.0,🛡️ 止损 (-1.07%),120.887,121.731,69.8,-1
1766085671.5696378,2025-12-18 19:21:11,2025-12-19 03:21:11,PnlRecord,120.923,0,0,0,194.349307,-1.06793383777344,空,120.887,121.731,69.8,-1
1766085720.20177,2025-12-18 19:22:00,2025-12-19 03:22:00,BarData,121.064,0,0.0,0.0,194.315307,0.0,✅ 触发交易,121.064,121.709,53.3,-1
1766085724.085498,2025-12-18 19:22:04,2025-12-19 03:22:04,Strategy_Open,121.064,1.0,0,-1.0,194.322307,0.0,Strategy_Signal,121.064,121.709,53.3,-1
1766085780.1740777,2025-12-18 19:23:00,2025-12-19 03:23:00,BarData,120.695,0,-1.0,-1.0,194.679307,0.0,✅ 触发交易,120.695,121.675,81.2,-1
1766085840.4118686,2025-12-18 19:24:00,2025-12-19 03:24:00,BarData,120.781,0,-1.0,-1.0,194.573307,0.0,✅ 触发交易,120.781,121.646,71.6,-1
1766085901.6261659,2025-12-18 19:25:01,2025-12-19 03:25:01,BarData,120.579,0,-1.0,-1.0,194.56930699999998,0.0,✅ 触发交易,120.579,121.611,85.6,-1
1766085960.1902938,2025-12-18 19:26:00,2025-12-19 03:26:00,BarData,120.828,0,-1.0,-1.0,194.50930699999998,0.0,✅ 触发交易,120.828,121.586,62.7,-1
1766086020.1659527,2025-12-18 19:27:00,2025-12-19 03:27:00,BarData,120.495,0,-1.0,-1.0,194.816307,0.0,✅ 触发交易,120.495,121.550,87.5,-1
1766086026.6091402,2025-12-18 19:27:06,2025-12-19 03:27:06,TP,120.458,1.0,-1.0,0.0,194.940307,0.0,🚀 止盈 (+5.01%),120.495,121.550,87.5,-1
1766086026.6094515,2025-12-18 19:27:06,2025-12-19 03:27:06,PnlRecord,120.458,0,0,0,194.816307,5.0138355428901775,空,120.495,121.550,87.5,-1
1766086080.4822009,2025-12-18 19:28:00,2025-12-19 03:28:00,BarData,120.626,0,0.0,0.0,194.940307,0.0,✅ 触发交易,120.626,121.519,74.1,-1
1766086084.3290992,2025-12-18 19:28:04,2025-12-19 03:28:04,Strategy_Open,120.626,1.0,0,-1.0,194.90830699999998,0.0,Strategy_Signal,120.626,121.519,74.1,-1
1766086093.7027316,2025-12-18 19:28:13,2025-12-19 03:28:13,SL,120.737,1.0,-1.0,0.0,194.873307,0.0,🛡️ 止损 (-1.04%),120.626,121.519,74.1,-1
1766086093.703029,2025-12-18 19:28:13,2025-12-19 03:28:13,PnlRecord,120.737,0,0,0,194.931307,-1.0446808334230755,空,120.626,121.519,74.1,-1
1766086140.5073829,2025-12-18 19:29:00,2025-12-19 03:29:00,BarData,120.711,0,0.0,0.0,194.873307,0.0,✅ 触发交易,120.711,121.493,64.8,-1
1766086144.5002935,2025-12-18 19:29:04,2025-12-19 03:29:04,Strategy_Open,120.711,1.0,0,-1.0,194.879307,0.0,Strategy_Signal,120.711,121.493,64.8,-1
1766086182.3975961,2025-12-18 19:29:42,2025-12-19 03:29:42,SL,120.786,1.0,-1.0,0.0,194.742307,0.0,🛡️ 止损 (-1.09%),120.711,121.493,64.8,-1
1766086182.3979044,2025-12-18 19:29:42,2025-12-19 03:29:42,PnlRecord,120.786,0,0,0,194.859307,-1.0857403340101963,空,120.711,121.493,64.8,-1
1766086200.4645944,2025-12-18 19:30:00,2025-12-19 03:30:00,BarData,120.746,0,0.0,0.0,194.742307,0.0,✅ 触发交易,120.746,121.468,59.8,-1
1766086204.3391843,2025-12-18 19:30:04,2025-12-19 03:30:04,Strategy_Open,120.746,1.0,0,-1.0,194.746307,0.0,Strategy_Signal,120.746,121.468,59.8,-1
1766086237.9598145,2025-12-18 19:30:37,2025-12-19 03:30:37,SL,120.856,1.0,-1.0,0.0,194.592307,0.0,🛡️ 止损 (-1.09%),120.746,121.468,59.8,-1
1766086237.9601188,2025-12-18 19:30:37,2025-12-19 03:30:37,PnlRecord,120.856,0,0,0,194.71530700000002,-1.085110788983228,空,120.746,121.468,59.8,-1
1766086260.6068935,2025-12-18 19:31:00,2025-12-19 03:31:00,BarData,121.053,0,0.0,0.0,194.592307,0.0,✅ 触发交易,121.053,121.455,33.2,-1
1766086264.497336,2025-12-18 19:31:04,2025-12-19 03:31:04,Strategy_Open,121.053,1.0,0,-1.0,194.63030700000002,0.0,Strategy_Signal,121.053,121.455,33.2,-1
1766086320.3023036,2025-12-18 19:32:00,2025-12-19 03:32:00,BarData,120.74,0,-1.0,-1.0,194.830307,0.0,✅ 触发交易,120.740,121.431,57.3,-1
1766086380.6210363,2025-12-18 19:33:00,2025-12-19 03:33:00,BarData,120.644,0,-1.0,-1.0,194.717307,0.0,✅ 触发交易,120.644,121.406,63.1,-1
1766086437.1603305,2025-12-18 19:33:57,2025-12-19 03:33:57,TP,120.372,1.0,-1.0,0.0,195.236307,0.0,🚀 止盈 (+5.14%),120.644,121.406,63.1,-1
1766086437.1606598,2025-12-18 19:33:57,2025-12-19 03:33:57,PnlRecord,120.372,0,0,0,195.099307,5.140750781030463,空,120.644,121.406,63.1,-1
1766086440.2319233,2025-12-18 19:34:00,2025-12-19 03:34:00,BarData,120.22,0,0.0,0.0,195.236307,0.0,✅ 触发交易,120.220,121.367,95.4,-1
1766086443.74858,2025-12-18 19:34:03,2025-12-19 03:34:03,Strategy_Open,120.22,1.0,0,-1.0,195.230307,0.0,Strategy_Signal,120.220,121.367,95.4,-1
1766086500.2687304,2025-12-18 19:35:00,2025-12-19 03:35:00,BarData,120.133,0,-1.0,-1.0,195.30430700000002,0.0,✅ 触发交易,120.133,121.326,99.3,-1
1766086516.2643116,2025-12-18 19:35:16,2025-12-19 03:35:16,TP,119.46,1.0,-1.0,0.0,195.982307,0.0,🚀 止盈 (+6.19%),120.133,121.326,99.3,-1
1766086516.2646046,2025-12-18 19:35:16,2025-12-19 03:35:16,PnlRecord,119.46,0,0,0,195.30430700000002,6.189477887591093,空,120.133,121.326,99.3,-1
1766086560.434851,2025-12-18 19:36:00,2025-12-19 03:36:00,BarData,119.703,0,0.0,0.0,195.982307,0.0,✅ 触发交易,119.703,121.273,131.2,-1
1766086564.2961154,2025-12-18 19:36:04,2025-12-19 03:36:04,Strategy_Open,119.703,1.0,0,-1.0,196.050307,0.0,Strategy_Signal,119.703,121.273,131.2,-1
1766086620.4380631,2025-12-18 19:37:00,2025-12-19 03:37:00,BarData,119.258,0,-1.0,-1.0,196.29530699999998,0.0,✅ 触发交易,119.258,121.207,163.4,-1
1766086670.7964725,2025-12-18 19:37:50,2025-12-19 03:37:50,TP,118.942,1.0,-1.0,0.0,196.797565,0.0,🚀 止盈 (+5.90%),119.258,121.207,163.4,-1
1766086670.7967584,2025-12-18 19:37:50,2025-12-19 03:37:50,PnlRecord,118.942,0,0,0,196.23630699999998,5.900641882856404,空,119.258,121.207,163.4,-1
1766086680.3727264,2025-12-18 19:38:00,2025-12-19 03:38:00,BarData,118.284,0,0.0,0.0,196.797565,0.0,✅ 触发交易,118.284,121.111,239.0,-1
1766086684.2168732,2025-12-18 19:38:04,2025-12-19 03:38:04,Strategy_Open,118.284,1.0,0,-1.0,196.815565,0.0,Strategy_Signal,118.284,121.111,239.0,-1
1766086688.970132,2025-12-18 19:38:08,2025-12-19 03:38:08,SL,118.716,1.0,-1.0,0.0,196.734565,0.0,🛡️ 止损 (-1.42%),118.284,121.111,239.0,-1
1766086688.9704404,2025-12-18 19:38:08,2025-12-19 03:38:08,PnlRecord,118.716,0,0,0,196.721565,-1.4171474845631487,空,118.284,121.111,239.0,-1
1766086740.3450553,2025-12-18 19:39:00,2025-12-19 03:39:00,BarData,118.243,0,0.0,0.0,196.734565,0.0,✅ 触发交易,118.243,121.017,234.6,-1
1766086744.3241503,2025-12-18 19:39:04,2025-12-19 03:39:04,Strategy_Open,118.243,1.0,0,-1.0,196.674565,0.0,Strategy_Signal,118.243,121.017,234.6,-1
1766086748.7163093,2025-12-18 19:39:08,2025-12-19 03:39:08,SL,118.513,1.0,-1.0,0.0,196.581565,0.0,🛡️ 止损 (-1.64%),118.243,121.017,234.6,-1
1766086748.716615,2025-12-18 19:39:08,2025-12-19 03:39:08,PnlRecord,118.513,0,0,0,196.674565,-1.6396352234214504,空,118.243,121.017,234.6,-1
1766086800.7648778,2025-12-18 19:40:00,2025-12-19 03:40:00,BarData,118.439,0,0.0,0.0,196.581565,0.0,✅ 触发交易,118.439,120.933,210.5,-1
1766086804.624747,2025-12-18 19:40:04,2025-12-19 03:40:04,Strategy_Open,118.439,1.0,0,-1.0,196.614565,0.0,Strategy_Signal,118.439,120.933,210.5,-1
1766086832.2976468,2025-12-18 19:40:32,2025-12-19 03:40:32,SL,118.572,1.0,-1.0,0.0,196.430037,0.0,🛡️ 止损 (-1.00%),118.439,120.933,210.5,-1
1766086832.2979615,2025-12-18 19:40:32,2025-12-19 03:40:32,PnlRecord,118.572,0,0,0,196.614565,-1.0046178653136668,空,118.439,120.933,210.5,-1
1766086861.0167947,2025-12-18 19:41:01,2025-12-19 03:41:01,BarData,117.43,0,0.0,0.0,196.430037,0.0,✅ 触发交易,117.430,120.818,288.5,-1
1766086865.0051825,2025-12-18 19:41:05,2025-12-19 03:41:05,Strategy_Open,117.43,1.0,0,-1.0,196.359037,0.0,Strategy_Signal,117.430,120.818,288.5,-1
1766086869.1049676,2025-12-18 19:41:09,2025-12-19 03:41:09,SL,117.599,1.0,-1.0,0.0,196.127037,0.0,🛡️ 止损 (-1.59%),117.430,120.818,288.5,-1
1766086869.1052654,2025-12-18 19:41:09,2025-12-19 03:41:09,PnlRecord,117.599,0,0,0,196.359037,-1.592682178993609,空,117.430,120.818,288.5,-1
1766086920.689127,2025-12-18 19:42:00,2025-12-19 03:42:00,BarData,118.223,0,0.0,0.0,196.127037,0.0,✅ 触发交易,118.223,120.733,212.3,-1
1766086924.5455625,2025-12-18 19:42:04,2025-12-19 03:42:04,Strategy_Open,118.223,1.0,0,-1.0,196.136037,0.0,Strategy_Signal,118.223,120.733,212.3,-1
1766086980.898262,2025-12-18 19:43:00,2025-12-19 03:43:00,BarData,117.893,0,-1.0,-1.0,196.449037,0.0,✅ 触发交易,117.893,120.640,233.0,-1
1766087040.0593302,2025-12-18 19:44:00,2025-12-19 03:44:00,SL,118.381,1.0,-1.0,0.0,196.098037,0.0,🛡️ 止损 (-1.18%),117.893,120.640,233.0,-1
1766087040.059641,2025-12-18 19:44:00,2025-12-19 03:44:00,PnlRecord,118.381,0,0,0,196.444037,-1.1755552172662487,空,117.893,120.640,233.0,-1
1766087042.5213857,2025-12-18 19:44:02,2025-12-19 03:44:02,BarData,118.246,0,0.0,0.0,196.098037,0.0,✅ 触发交易,118.246,120.561,195.8,-1
1766087046.032028,2025-12-18 19:44:06,2025-12-19 03:44:06,Strategy_Open,118.246,1.0,0,-1.0,196.170037,0.0,Strategy_Signal,118.246,120.561,195.8,-1
1766087078.8620133,2025-12-18 19:44:38,2025-12-19 03:44:38,SL,118.342,1.0,-1.0,0.0,195.983037,0.0,🛡️ 止损 (-1.13%),118.246,120.561,195.8,-1
1766087078.8623164,2025-12-18 19:44:38,2025-12-19 03:44:38,PnlRecord,118.342,0,0,0,196.022037,-1.1335950189496509,空,118.246,120.561,195.8,-1
1766087101.219917,2025-12-18 19:45:01,2025-12-19 03:45:01,BarData,118.048,0,0.0,0.0,195.983037,0.0,✅ 触发交易,118.048,120.479,205.9,-1
1766087105.0911968,2025-12-18 19:45:05,2025-12-19 03:45:05,Strategy_Open,118.048,1.0,0,-1.0,196.020037,0.0,Strategy_Signal,118.048,120.479,205.9,-1
1766087160.39896,2025-12-18 19:46:00,2025-12-19 03:46:00,BarData,117.763,0,-1.0,-1.0,196.144037,0.0,✅ 触发交易,117.763,120.390,223.0,-1
1766087220.1015177,2025-12-18 19:47:00,2025-12-19 03:47:00,BarData,117.818,0,-1.0,-1.0,196.156037,0.0,✅ 触发交易,117.818,120.305,211.1,-1
1766087280.6172528,2025-12-18 19:48:00,2025-12-19 03:48:00,BarData,117.757,0,-1.0,-1.0,196.29003699999998,0.0,✅ 触发交易,117.757,120.222,209.3,-1
1766087340.591312,2025-12-18 19:49:00,2025-12-19 03:49:00,BarData,117.851,0,-1.0,-1.0,196.110037,0.0,✅ 触发交易,117.851,120.144,194.6,-1
1766087363.9496267,2025-12-18 19:49:23,2025-12-19 03:49:23,SL,118.151,1.0,-1.0,0.0,195.777037,0.0,🛡️ 止损 (-1.28%),117.851,120.144,194.6,-1
1766087363.949922,2025-12-18 19:49:23,2025-12-19 03:49:23,PnlRecord,118.151,0,0,0,196.110037,-1.2796610169491207,空,117.851,120.144,194.6,-1
1766087401.9886131,2025-12-18 19:50:01,2025-12-19 03:50:01,BarData,118.128,0,0.0,0.0,195.777037,0.0,✅ 触发交易,118.128,120.078,165.1,-1
1766087405.861201,2025-12-18 19:50:05,2025-12-19 03:50:05,Strategy_Open,118.128,1.0,0,-1.0,195.756211,0.0,Strategy_Signal,118.128,120.078,165.1,-1
1766087427.33519,2025-12-18 19:50:27,2025-12-19 03:50:27,SL,118.196,1.0,-1.0,0.0,195.679211,0.0,🛡️ 止损 (-1.07%),118.128,120.078,165.1,-1
1766087427.33547,2025-12-18 19:50:27,2025-12-19 03:50:27,PnlRecord,118.196,0,0,0,195.724211,-1.0671635470484018,空,118.128,120.078,165.1,-1
1766087460.3062007,2025-12-18 19:51:00,2025-12-19 03:51:00,BarData,117.974,0,0.0,0.0,195.679211,0.0,✅ 触发交易,117.974,120.009,172.5,-1
1766087464.175886,2025-12-18 19:51:04,2025-12-19 03:51:04,Strategy_Open,117.974,1.0,0,-1.0,195.66955800000002,0.0,Strategy_Signal,117.974,120.009,172.5,-1
1766087472.2837527,2025-12-18 19:51:12,2025-12-19 03:51:12,SL,118.046,1.0,-1.0,0.0,195.575558,0.0,🛡️ 止损 (-1.00%),117.974,120.009,172.5,-1
1766087472.2840686,2025-12-18 19:51:12,2025-12-19 03:51:12,PnlRecord,118.046,0,0,0,195.693558,-1.000610542025721,空,117.974,120.009,172.5,-1
1766087520.4920146,2025-12-18 19:52:00,2025-12-19 03:52:00,BarData,117.736,0,0.0,0.0,195.575558,0.0,✅ 触发交易,117.736,119.934,186.7,-1
1766087524.3562076,2025-12-18 19:52:04,2025-12-19 03:52:04,Strategy_Open,117.736,1.0,0,-1.0,195.573558,0.0,Strategy_Signal,117.736,119.934,186.7,-1
1766087580.5876884,2025-12-18 19:53:00,2025-12-19 03:53:00,BarData,117.548,0,-1.0,-1.0,195.867558,0.0,✅ 触发交易,117.548,119.856,196.4,-1
1766087629.3756194,2025-12-18 19:53:49,2025-12-19 03:53:49,SL,117.857,1.0,-1.0,0.0,195.432558,0.0,🛡️ 止损 (-1.02%),117.548,119.856,196.4,-1
1766087629.3759413,2025-12-18 19:53:49,2025-12-19 03:53:49,PnlRecord,117.857,0,0,0,195.618558,-1.0192208056940857,空,117.548,119.856,196.4,-1
1766087640.4365544,2025-12-18 19:54:00,2025-12-19 03:54:00,BarData,117.795,0,0.0,0.0,195.432558,0.0,✅ 触发交易,117.795,119.789,169.2,-1
1766087644.2949526,2025-12-18 19:54:04,2025-12-19 03:54:04,Strategy_Open,117.795,1.0,0,-1.0,195.467558,0.0,Strategy_Signal,117.795,119.789,169.2,-1
1766087694.1243212,2025-12-18 19:54:54,2025-12-19 03:54:54,SL,117.977,1.0,-1.0,0.0,195.260558,0.0,🛡️ 止损 (-1.21%),117.795,119.789,169.2,-1
1766087694.1246212,2025-12-18 19:54:54,2025-12-19 03:54:54,PnlRecord,117.977,0,0,0,195.391558,-1.205074892858744,空,117.795,119.789,169.2,-1
1766087700.144736,2025-12-18 19:55:00,2025-12-19 03:55:00,BarData,118.009,0,0.0,0.0,195.260558,0.0,✅ 触发交易,118.009,119.730,145.9,-1
1766087703.667258,2025-12-18 19:55:03,2025-12-19 03:55:03,Strategy_Open,118.009,1.0,0,-1.0,195.384558,0.0,Strategy_Signal,118.009,119.730,145.9,-1
1766087760.3991551,2025-12-18 19:56:00,2025-12-19 03:56:00,BarData,117.786,0,-1.0,-1.0,195.384558,0.0,✅ 触发交易,117.786,119.667,159.7,-1
1766087820.1027455,2025-12-18 19:57:00,2025-12-19 03:57:00,BarData,117.678,0,-1.0,-1.0,195.628558,0.0,✅ 触发交易,117.678,119.601,163.4,-1
1766087880.3601072,2025-12-18 19:58:00,2025-12-19 03:58:00,BarData,117.59,0,-1.0,-1.0,195.658558,0.0,✅ 触发交易,117.590,119.535,165.4,-1
1766087940.416605,2025-12-18 19:59:00,2025-12-19 03:59:00,BarData,117.803,0,-1.0,-1.0,195.623558,0.0,✅ 触发交易,117.803,119.479,142.2,-1
1766088000.755984,2025-12-18 20:00:00,2025-12-19 04:00:00,BarData,117.47,0,-1.0,-1.0,195.671558,0.0,✅ 触发交易,117.470,119.413,165.4,-1
1766088060.609099,2025-12-18 20:01:00,2025-12-19 04:01:00,BarData,117.993,0,-1.0,-1.0,195.326618,0.0,✅ 触发交易,117.993,119.366,116.4,-1
1766088086.167193,2025-12-18 20:01:26,2025-12-19 04:01:26,SL,118.147,1.0,-1.0,0.0,195.184618,0.0,🛡️ 止损 (-1.04%),117.993,119.366,116.4,-1
1766088086.1674988,2025-12-18 20:01:26,2025-12-19 04:01:26,PnlRecord,118.147,0,0,0,195.326618,-1.0421609164238177,空,117.993,119.366,116.4,-1
1766088120.1388419,2025-12-18 20:02:00,2025-12-19 04:02:00,BarData,118.28,0,0.0,0.0,195.184618,0.0,✅ 触发交易,118.280,119.331,88.8,-1
1766088123.6656263,2025-12-18 20:02:03,2025-12-19 04:02:03,Strategy_Open,118.28,1.0,0,-1.0,195.043596,0.0,Strategy_Signal,118.280,119.331,88.8,-1
1766088127.7510054,2025-12-18 20:02:07,2025-12-19 04:02:07,SL,118.439,1.0,-1.0,0.0,195.031596,0.0,🛡️ 止损 (-1.08%),118.280,119.331,88.8,-1
1766088127.7512891,2025-12-18 20:02:07,2025-12-19 04:02:07,PnlRecord,118.439,0,0,0,195.043596,-1.081894329352181,空,118.280,119.331,88.8,-1
1766088180.3807702,2025-12-18 20:03:00,2025-12-19 04:03:00,BarData,118.636,0,0.0,0.0,195.031596,0.0,✅ 触发交易,118.636,119.308,56.6,-1
1766088184.2367635,2025-12-18 20:03:04,2025-12-19 04:03:04,Strategy_Open,118.636,1.0,0,-1.0,195.029596,0.0,Strategy_Signal,118.636,119.308,56.6,-1
1766088241.3163571,2025-12-18 20:04:01,2025-12-19 04:04:01,BarData,118.671,0,-1.0,-1.0,195.056596,0.0,✅ 触发交易,118.671,119.287,51.9,-1
1766088262.1864517,2025-12-18 20:04:22,2025-12-19 04:04:22,SL,118.76,1.0,-1.0,0.0,194.894596,0.0,🛡️ 止损 (-1.12%),118.671,119.287,51.9,-1
1766088262.1867442,2025-12-18 20:04:22,2025-12-19 04:04:22,PnlRecord,118.76,0,0,0,195.056596,-1.121161287059521,空,118.671,119.287,51.9,-1
1766088300.6916308,2025-12-18 20:05:00,2025-12-19 04:05:00,BarData,118.575,0,0.0,0.0,194.894596,0.0,✅ 触发交易,118.575,119.264,58.1,-1
1766088304.5443149,2025-12-18 20:05:04,2025-12-19 04:05:04,Strategy_Open,118.575,1.0,0,-1.0,194.774596,0.0,Strategy_Signal,118.575,119.264,58.1,-1
1766088309.7939076,2025-12-18 20:05:09,2025-12-19 04:05:09,SL,118.761,1.0,-1.0,0.0,194.722596,0.0,🛡️ 止损 (-1.34%),118.575,119.264,58.1,-1
1766088309.7943401,2025-12-18 20:05:09,2025-12-19 04:05:09,PnlRecord,118.761,0,0,0,194.774596,-1.340618202053859,空,118.575,119.264,58.1,-1
1766088360.2698448,2025-12-18 20:06:00,2025-12-19 04:06:00,BarData,118.614,0,0.0,0.0,194.722596,0.0,✅ 触发交易,118.614,119.242,53.0,-1
1766088364.1135647,2025-12-18 20:06:04,2025-12-19 04:06:04,Strategy_Open,118.614,1.0,0,-1.0,194.705596,0.0,Strategy_Signal,118.614,119.242,53.0,-1
1766088420.1719947,2025-12-18 20:07:00,2025-12-19 04:07:00,BarData,118.432,0,-1.0,-1.0,194.805596,0.0,✅ 触发交易,118.432,119.216,66.2,-1
1766088480.425375,2025-12-18 20:08:00,2025-12-19 04:08:00,BarData,118.236,0,-1.0,-1.0,194.862596,0.0,✅ 触发交易,118.236,119.184,80.1,-1
1766088540.4143827,2025-12-18 20:09:00,2025-12-19 04:09:00,BarData,118.285,0,-1.0,-1.0,195.12959600000002,0.0,✅ 触发交易,118.285,119.154,73.5,-1
1766088577.1031377,2025-12-18 20:09:37,2025-12-19 04:09:37,TP,117.929,1.0,-1.0,0.0,195.339596,0.0,🚀 止盈 (+5.78%),118.285,119.154,73.5,-1
1766088577.1034377,2025-12-18 20:09:37,2025-12-19 04:09:37,PnlRecord,117.929,0,0,0,195.12959600000002,5.775034987438264,空,118.285,119.154,73.5,-1
1766088600.6473763,2025-12-18 20:10:00,2025-12-19 04:10:00,BarData,117.957,0,0.0,0.0,195.339596,0.0,✅ 触发交易,117.957,119.115,98.2,-1
1766088604.5071855,2025-12-18 20:10:04,2025-12-19 04:10:04,Strategy_Open,117.957,1.0,0,-1.0,195.278596,0.0,Strategy_Signal,117.957,119.115,98.2,-1
1766088608.6725757,2025-12-18 20:10:08,2025-12-19 04:10:08,SL,118.137,1.0,-1.0,0.0,195.105596,0.0,🛡️ 止损 (-1.33%),117.957,119.115,98.2,-1
1766088608.672861,2025-12-18 20:10:08,2025-12-19 04:10:08,PnlRecord,118.137,0,0,0,195.278596,-1.3307340227156845,空,117.957,119.115,98.2,-1
1766088660.1586263,2025-12-18 20:11:00,2025-12-19 04:11:00,BarData,118.206,0,0.0,0.0,195.105596,0.0,✅ 触发交易,118.206,119.085,74.4,-1
1766088664.0890856,2025-12-18 20:11:04,2025-12-19 04:11:04,Strategy_Open,118.206,1.0,0,-1.0,195.106596,0.0,Strategy_Signal,118.206,119.085,74.4,-1
1766088720.4655287,2025-12-18 20:12:00,2025-12-19 04:12:00,BarData,118.324,0,-1.0,-1.0,195.030596,0.0,✅ 触发交易,118.324,119.060,62.2,-1
1766088726.0669663,2025-12-18 20:12:06,2025-12-19 04:12:06,SL,118.356,1.0,-1.0,0.0,195.035596,0.0,🛡️ 止损 (-1.04%),118.324,119.060,62.2,-1
1766088726.0672684,2025-12-18 20:12:06,2025-12-19 04:12:06,PnlRecord,118.356,0,0,0,195.030596,-1.040318692750674,空,118.324,119.060,62.2,-1
1766088780.5999503,2025-12-18 20:13:00,2025-12-19 04:13:00,BarData,118.371,0,0.0,0.0,195.035596,0.0,✅ 触发交易,118.371,119.038,56.3,-1
1766088784.4457302,2025-12-18 20:13:04,2025-12-19 04:13:04,Strategy_Open,118.371,1.0,0,-1.0,195.03859599999998,0.0,Strategy_Signal,118.371,119.038,56.3,-1
1766088829.2955844,2025-12-18 20:13:49,2025-12-19 04:13:49,SL,118.485,1.0,-1.0,0.0,194.904596,0.0,🛡️ 止损 (-1.12%),118.371,119.038,56.3,-1
1766088829.2958727,2025-12-18 20:13:49,2025-12-19 04:13:49,PnlRecord,118.485,0,0,0,195.024596,-1.123766391780414,空,118.371,119.038,56.3,-1
1766088840.520319,2025-12-18 20:14:00,2025-12-19 04:14:00,BarData,118.281,0,0.0,0.0,194.904596,0.0,✅ 触发交易,118.281,119.013,61.9,-1
1766088844.3754113,2025-12-18 20:14:04,2025-12-19 04:14:04,Strategy_Open,118.281,1.0,0,-1.0,194.890596,0.0,Strategy_Signal,118.281,119.013,61.9,-1
1766088900.8773363,2025-12-18 20:15:00,2025-12-19 04:15:00,BarData,118.209,0,-1.0,-1.0,194.901596,0.0,✅ 触发交易,118.209,118.986,65.8,-1
1766088960.3658564,2025-12-18 20:16:00,2025-12-19 04:16:00,BarData,118.103,0,-1.0,-1.0,194.901596,0.0,✅ 触发交易,118.103,118.957,72.3,-1
1766089020.6452544,2025-12-18 20:17:00,2025-12-19 04:17:00,BarData,118.04,0,-1.0,-1.0,195.063596,0.0,✅ 触发交易,118.040,118.927,75.2,-1
1766089080.511701,2025-12-18 20:18:00,2025-12-19 04:18:00,BarData,118.204,0,-1.0,-1.0,195.031596,0.0,✅ 触发交易,118.204,118.904,59.2,-1
1766089140.435095,2025-12-18 20:19:00,2025-12-19 04:19:00,BarData,118.151,0,-1.0,-1.0,195.095596,0.0,✅ 触发交易,118.151,118.879,61.6,-1
1766089200.5721633,2025-12-18 20:20:00,2025-12-19 04:20:00,BarData,118.024,0,-1.0,-1.0,195.149596,0.0,✅ 触发交易,118.024,118.851,70.1,-1
1766089262.4702997,2025-12-18 20:21:02,2025-12-19 04:21:02,BarData,118.124,0,-1.0,-1.0,195.040596,0.0,✅ 触发交易,118.124,118.827,59.5,-1
1766089320.5681438,2025-12-18 20:22:00,2025-12-19 04:22:00,BarData,118.136,0,-1.0,-1.0,195.039596,0.0,✅ 触发交易,118.136,118.804,56.6,-1
1766089380.9278111,2025-12-18 20:23:00,2025-12-19 04:23:00,BarData,117.992,0,-1.0,-1.0,195.183596,0.0,✅ 触发交易,117.992,118.778,66.6,-1
1766089440.1960945,2025-12-18 20:24:00,2025-12-19 04:24:00,BarData,118.164,0,-1.0,-1.0,195.137596,0.0,✅ 触发交易,118.164,118.758,50.2,-1
1766089501.6518722,2025-12-18 20:25:01,2025-12-19 04:25:01,BarData,118.138,0,-1.0,-1.0,195.036596,0.0,✅ 触发交易,118.138,118.737,50.7,-1
1766089560.5622995,2025-12-18 20:26:00,2025-12-19 04:26:00,BarData,118.14,0,-1.0,-1.0,194.979596,0.0,✅ 触发交易,118.140,118.718,48.9,-1
1766089620.6022265,2025-12-18 20:27:00,2025-12-19 04:27:00,BarData,117.867,0,-1.0,-1.0,195.100596,0.0,✅ 触发交易,117.867,118.690,69.8,-1
1766089680.4007127,2025-12-18 20:28:00,2025-12-19 04:28:00,BarData,117.901,0,-1.0,-1.0,195.258596,0.0,✅ 触发交易,117.901,118.664,64.7,-1
1766089742.7767782,2025-12-18 20:29:02,2025-12-19 04:29:02,TP,117.639,1.0,-1.0,0.0,195.563596,0.0,🚀 止盈 (+5.22%),117.901,118.664,64.7,-1
1766089742.777098,2025-12-18 20:29:02,2025-12-19 04:29:02,PnlRecord,117.639,0,0,0,195.432596,5.217494249763263,空,117.901,118.664,64.7,-1
1766089745.6896648,2025-12-18 20:29:05,2025-12-19 04:29:05,BarData,117.574,0,0.0,0.0,195.563596,0.0,✅ 触发交易,117.574,118.628,89.7,-1
1766089749.2035863,2025-12-18 20:29:09,2025-12-19 04:29:09,Strategy_Open,117.574,1.0,0,-1.0,195.552596,0.0,Strategy_Signal,117.574,118.628,89.7,-1
1766089761.472387,2025-12-18 20:29:21,2025-12-19 04:29:21,SL,117.675,1.0,-1.0,0.0,195.410596,0.0,🛡️ 止损 (-1.00%),117.574,118.628,89.7,-1
1766089761.472676,2025-12-18 20:29:21,2025-12-19 04:29:21,PnlRecord,117.675,0,0,0,195.512596,-1.003768384698444,空,117.574,118.628,89.7,-1
1766089802.2830522,2025-12-18 20:30:02,2025-12-19 04:30:02,BarData,117.727,0,0.0,0.0,195.410596,0.0,✅ 触发交易,117.727,118.599,74.0,-1
1766089806.1284177,2025-12-18 20:30:06,2025-12-19 04:30:06,Strategy_Open,117.727,1.0,0,-1.0,195.362596,0.0,Strategy_Signal,117.727,118.599,74.0,-1
1766089825.0120165,2025-12-18 20:30:25,2025-12-19 04:30:25,SL,117.841,1.0,-1.0,0.0,195.272596,0.0,🛡️ 止损 (-1.04%),117.727,118.599,74.0,-1
1766089825.0123928,2025-12-18 20:30:25,2025-12-19 04:30:25,PnlRecord,117.841,0,0,0,195.344596,-1.044869943424034,空,117.727,118.599,74.0,-1
1766089862.3543472,2025-12-18 20:31:02,2025-12-19 04:31:02,BarData,117.672,0,0.0,0.0,195.272596,0.0,✅ 触发交易,117.672,118.568,76.2,-1
1766089866.1993725,2025-12-18 20:31:06,2025-12-19 04:31:06,Strategy_Open,117.672,1.0,0,-1.0,195.28259599999998,0.0,Strategy_Signal,117.672,118.568,76.2,-1
1766089920.4834304,2025-12-18 20:32:00,2025-12-19 04:32:00,BarData,117.432,0,-1.0,-1.0,195.43059599999998,0.0,✅ 触发交易,117.432,118.531,93.6,-1
1766089980.601486,2025-12-18 20:33:00,2025-12-19 04:33:00,BarData,117.599,0,-1.0,-1.0,195.342596,0.0,✅ 触发交易,117.599,118.501,76.7,-1
1766090040.5610318,2025-12-18 20:34:00,2025-12-19 04:34:00,BarData,117.666,0,-1.0,-1.0,195.291596,0.0,✅ 触发交易,117.666,118.473,68.6,-1
1766090097.3324282,2025-12-18 20:34:57,2025-12-19 04:34:57,SL,117.812,1.0,-1.0,0.0,195.147596,0.0,🛡️ 止损 (-1.30%),117.666,118.473,68.6,-1
1766090097.3326924,2025-12-18 20:34:57,2025-12-19 04:34:57,PnlRecord,117.812,0,0,0,195.291596,-1.3003680126466448,空,117.666,118.473,68.6,-1
1766090100.8655279,2025-12-18 20:35:00,2025-12-19 04:35:00,BarData,117.799,0,0.0,0.0,195.147596,0.0,✅ 触发交易,117.799,118.451,55.4,-1
1766090104.3852737,2025-12-18 20:35:04,2025-12-19 04:35:04,Strategy_Open,117.799,1.0,0,-1.0,195.154596,0.0,Strategy_Signal,117.799,118.451,55.4,-1
1766090160.1778386,2025-12-18 20:36:00,2025-12-19 04:36:00,BarData,117.62,0,-1.0,-1.0,195.450596,0.0,✅ 触发交易,117.620,118.424,68.3,-1
1766090220.314666,2025-12-18 20:37:00,2025-12-19 04:37:00,BarData,117.629,0,-1.0,-1.0,195.278596,0.0,✅ 触发交易,117.629,118.398,65.4,-1
1766090282.5283809,2025-12-18 20:38:02,2025-12-19 04:38:02,BarData,117.709,0,-1.0,-1.0,195.32459599999999,0.0,✅ 触发交易,117.709,118.375,56.6,-1
1766090340.516453,2025-12-18 20:39:00,2025-12-19 04:39:00,BarData,117.677,0,-1.0,-1.0,195.32459599999999,0.0,✅ 触发交易,117.677,118.352,57.4,-1
1766090400.4823933,2025-12-18 20:40:00,2025-12-19 04:40:00,BarData,117.616,0,-1.0,-1.0,195.32959599999998,0.0,✅ 触发交易,117.616,118.328,60.5,-1
1766090460.6732273,2025-12-18 20:41:00,2025-12-19 04:41:00,BarData,117.68,0,-1.0,-1.0,195.32459599999999,0.0,✅ 触发交易,117.680,118.307,53.3,-1
1766090520.1707735,2025-12-18 20:42:00,2025-12-19 04:42:00,BarData,117.614,0,-1.0,-1.0,195.339596,0.0,✅ 触发交易,117.614,118.284,57.0,-1
1766090581.085063,2025-12-18 20:43:01,2025-12-19 04:43:01,BarData,117.763,0,-1.0,-1.0,195.144596,0.0,✅ 触发交易,117.763,118.267,42.8,-1
1766090611.0434213,2025-12-18 20:43:31,2025-12-19 04:43:31,SL,117.91,1.0,-1.0,0.0,195.019596,0.0,🛡️ 止损 (-1.04%),117.763,118.267,42.8,-1
1766090611.0437627,2025-12-18 20:43:31,2025-12-19 04:43:31,PnlRecord,117.91,0,0,0,195.144596,-1.044257855281062,空,117.763,118.267,42.8,-1
1766090640.3600976,2025-12-18 20:44:00,2025-12-19 04:44:00,BarData,117.914,0,0.0,0.0,195.019596,0.0,✅ 触发交易,117.914,118.255,29.0,-1
1766090644.2079573,2025-12-18 20:44:04,2025-12-19 04:44:04,Strategy_Open,117.914,1.0,0,-1.0,194.969031,0.0,Strategy_Signal,117.914,118.255,29.0,-1
1766090650.9165666,2025-12-18 20:44:10,2025-12-19 04:44:10,SL,118.028,1.0,-1.0,0.0,194.869031,0.0,🛡️ 止损 (-1.10%),117.914,118.255,29.0,-1
1766090650.916876,2025-12-18 20:44:10,2025-12-19 04:44:10,PnlRecord,118.028,0,0,0,194.969031,-1.1026480517057937,空,117.914,118.255,29.0,-1
1766090700.4405851,2025-12-18 20:45:00,2025-12-19 04:45:00,BarData,117.83,0,0.0,0.0,194.869031,0.0,✅ 触发交易,117.830,118.242,34.9,-1
1766090704.2828767,2025-12-18 20:45:04,2025-12-19 04:45:04,Strategy_Open,117.83,1.0,0,-1.0,194.83755100000002,0.0,Strategy_Signal,117.830,118.242,34.9,-1
1766090723.6526825,2025-12-18 20:45:23,2025-12-19 04:45:23,SL,117.96,1.0,-1.0,0.0,194.720551,0.0,🛡️ 止损 (-1.28%),117.830,118.242,34.9,-1
1766090723.652984,2025-12-18 20:45:23,2025-12-19 04:45:23,PnlRecord,117.96,0,0,0,194.83755100000002,-1.2817356908215523,空,117.830,118.242,34.9,-1
1766090760.2640631,2025-12-18 20:46:00,2025-12-19 04:46:00,BarData,117.622,0,0.0,0.0,194.720551,0.0,✅ 触发交易,117.622,118.221,50.9,-1
1766090764.1083302,2025-12-18 20:46:04,2025-12-19 04:46:04,Strategy_Open,117.622,1.0,0,-1.0,194.725551,0.0,Strategy_Signal,117.622,118.221,50.9,-1
1766090775.4878314,2025-12-18 20:46:15,2025-12-19 04:46:15,SL,117.74,1.0,-1.0,0.0,194.593551,0.0,🛡️ 止损 (-1.00%),117.622,118.221,50.9,-1
1766090775.4881148,2025-12-18 20:46:15,2025-12-19 04:46:15,PnlRecord,117.74,0,0,0,194.699551,-1.0032136845147592,空,117.622,118.221,50.9,-1
1766090820.4648862,2025-12-18 20:47:00,2025-12-19 04:47:00,BarData,117.864,0,0.0,0.0,194.593551,0.0,✅ 触发交易,117.864,118.210,29.3,-1
1766090824.0004313,2025-12-18 20:47:04,2025-12-19 04:47:04,Strategy_Open,117.864,1.0,0,-1.0,194.547551,0.0,Strategy_Signal,117.864,118.210,29.3,-1
1766090881.8116016,2025-12-18 20:48:01,2025-12-19 04:48:01,BarData,117.86,0,-1.0,-1.0,194.624551,0.0,✅ 触发交易,117.860,118.198,28.7,-1
1766090940.4155588,2025-12-18 20:49:00,2025-12-19 04:49:00,BarData,117.699,0,-1.0,-1.0,194.719551,0.0,✅ 触发交易,117.699,118.182,41.0,-1
1766091000.540438,2025-12-18 20:50:00,2025-12-19 04:50:00,BarData,117.781,0,-1.0,-1.0,194.78855099999998,0.0,✅ 触发交易,117.781,118.169,32.9,-1
1766091062.4770305,2025-12-18 20:51:02,2025-12-19 04:51:02,BarData,117.711,0,-1.0,-1.0,194.765551,0.0,✅ 触发交易,117.711,118.154,37.6,-1
1766091120.90565,2025-12-18 20:52:00,2025-12-19 04:52:00,BarData,117.744,0,-1.0,-1.0,194.748551,0.0,✅ 触发交易,117.744,118.140,33.6,-1
1766091180.206555,2025-12-18 20:53:00,2025-12-19 04:53:00,BarData,117.677,0,-1.0,-1.0,194.73955099999998,0.0,✅ 触发交易,117.677,118.125,38.1,-1
1766091240.0828242,2025-12-18 20:54:00,2025-12-19 04:54:00,BarData,117.537,0,-1.0,-1.0,194.783551,0.0,✅ 触发交易,117.537,118.106,48.4,-1
1766091300.486114,2025-12-18 20:55:00,2025-12-19 04:55:00,BarData,117.575,0,-1.0,-1.0,194.914551,0.0,✅ 触发交易,117.575,118.088,43.7,-1
1766091360.8213432,2025-12-18 20:56:00,2025-12-19 04:56:00,BarData,117.558,0,-1.0,-1.0,194.94355099999999,0.0,✅ 触发交易,117.558,118.071,43.6,-1
1766091421.63723,2025-12-18 20:57:01,2025-12-19 04:57:01,BarData,117.385,0,-1.0,-1.0,195.11455099999998,0.0,✅ 触发交易,117.385,118.048,56.5,-1
1766091480.2152514,2025-12-18 20:58:00,2025-12-19 04:58:00,BarData,117.414,0,-1.0,-1.0,195.06855099999999,0.0,✅ 触发交易,117.414,118.028,52.3,-1
1766091540.1957066,2025-12-18 20:59:00,2025-12-19 04:59:00,BarData,117.435,0,-1.0,-1.0,195.08555099999998,0.0,✅ 触发交易,117.435,118.008,48.8,-1
1766091549.1492925,2025-12-18 20:59:09,2025-12-19 04:59:09,TP,117.267,1.0,-1.0,0.0,195.141551,0.0,🚀 止盈 (+5.22%),117.435,118.008,48.8,-1
1766091549.149592,2025-12-18 20:59:09,2025-12-19 04:59:09,PnlRecord,117.267,0,0,0,195.08555099999998,5.217081488268007,空,117.435,118.008,48.8,-1
1766091600.253355,2025-12-18 21:00:00,2025-12-19 05:00:00,BarData,117.124,0,0.0,0.0,195.141551,0.0,✅ 触发交易,117.124,117.979,73.0,-1
1766091604.2475882,2025-12-18 21:00:04,2025-12-19 05:00:04,Strategy_Open,117.124,1.0,0,-1.0,195.207551,0.0,Strategy_Signal,117.124,117.979,73.0,-1
1766091613.055478,2025-12-18 21:00:13,2025-12-19 05:00:13,SL,117.298,1.0,-1.0,0.0,194.986551,0.0,🛡️ 止损 (-1.30%),117.124,117.979,73.0,-1
1766091613.0558016,2025-12-18 21:00:13,2025-12-19 05:00:13,PnlRecord,117.298,0,0,0,195.19855099999998,-1.297526163932196,空,117.124,117.979,73.0,-1
1766091660.1650817,2025-12-18 21:01:00,2025-12-19 05:01:00,BarData,117.737,0,0.0,0.0,194.986551,0.0,✅ 触发交易,117.737,117.971,19.9,-1
1766091664.1498475,2025-12-18 21:01:04,2025-12-19 05:01:04,Strategy_Open,117.737,1.0,0,-1.0,195.040551,0.0,Strategy_Signal,117.737,117.971,19.9,-1
1766091676.8138366,2025-12-18 21:01:16,2025-12-19 05:01:16,SL,117.837,1.0,-1.0,0.0,194.730551,0.0,🛡️ 止损 (-1.06%),117.737,117.971,19.9,-1
1766091676.81415,2025-12-18 21:01:16,2025-12-19 05:01:16,PnlRecord,117.837,0,0,0,195.13855099999998,-1.0619138235693895,空,117.737,117.971,19.9,-1
1766091721.7533672,2025-12-18 21:02:01,2025-12-19 05:02:01,BarData,117.791,0,0.0,0.0,194.730551,0.0,✅ 触发交易,117.791,117.965,14.8,-1
1766091725.3058088,2025-12-18 21:02:05,2025-12-19 05:02:05,Strategy_Open,117.791,1.0,0,-1.0,194.74655099999998,0.0,Strategy_Signal,117.791,117.965,14.8,-1
1766091732.1775596,2025-12-18 21:02:12,2025-12-19 05:02:12,SL,117.907,1.0,-1.0,0.0,194.587551,0.0,🛡️ 止损 (-1.01%),117.791,117.965,14.8,-1
1766091732.1778588,2025-12-18 21:02:12,2025-12-19 05:02:12,PnlRecord,117.907,0,0,0,194.74655099999998,-1.0102896729717779,空,117.791,117.965,14.8,-1
1766091781.2264788,2025-12-18 21:03:01,2025-12-19 05:03:01,BarData,118.037,0,0.0,0.0,194.587551,0.0,❌ 震荡 (Gap 5.9 < 10),118.037,117.968,5.9,0
1766091841.876923,2025-12-18 21:04:01,2025-12-19 05:04:01,BarData,117.913,0,0.0,0.0,194.587551,0.0,❌ 震荡 (Gap 4.5 < 10),117.913,117.966,4.5,0
1766091900.3008785,2025-12-18 21:05:00,2025-12-19 05:05:00,BarData,117.907,0,0.0,0.0,194.587551,0.0,❌ 震荡 (Gap 4.8 < 10),117.907,117.964,4.8,0
1766091960.4373932,2025-12-18 21:06:00,2025-12-19 05:06:00,BarData,117.747,0,0.0,0.0,194.587551,0.0,✅ 触发交易,117.747,117.957,17.8,-1
1766091964.303593,2025-12-18 21:06:04,2025-12-19 05:06:04,Strategy_Open,117.747,1.0,0,-1.0,194.716691,0.0,Strategy_Signal,117.747,117.957,17.8,-1
1766092021.7885778,2025-12-18 21:07:01,2025-12-19 05:07:01,BarData,117.578,0,-1.0,-1.0,194.68969099999998,0.0,✅ 触发交易,117.578,117.944,31.2,-1
1766092079.523587,2025-12-18 21:07:59,2025-12-19 05:07:59,SL,117.853,1.0,-1.0,0.0,194.467691,0.0,🛡️ 止损 (-1.00%),117.578,117.944,31.2,-1
1766092079.5239022,2025-12-18 21:07:59,2025-12-19 05:07:59,PnlRecord,117.853,0,0,0,194.554691,-1.002250817513866,空,117.578,117.944,31.2,-1
1766092082.5711935,2025-12-18 21:08:02,2025-12-19 05:08:02,BarData,117.895,0,0.0,0.0,194.467691,0.0,❌ 震荡 (Gap 4.1 < 10),117.895,117.943,4.1,0
1766092140.1948974,2025-12-18 21:09:00,2025-12-19 05:09:00,BarData,117.902,0,0.0,0.0,194.467691,0.0,❌ 震荡 (Gap 3.3 < 10),117.902,117.941,3.3,0
1766092200.2422311,2025-12-18 21:10:00,2025-12-19 05:10:00,BarData,117.812,0,0.0,0.0,194.467691,0.0,✅ 触发交易,117.812,117.937,10.6,-1
1766092204.085804,2025-12-18 21:10:04,2025-12-19 05:10:04,Strategy_Open,117.812,1.0,0,-1.0,194.45269100000002,0.0,Strategy_Signal,117.812,117.937,10.6,-1
1766092260.3579001,2025-12-18 21:11:00,2025-12-19 05:11:00,BarData,117.589,0,-1.0,-1.0,194.688691,0.0,✅ 触发交易,117.589,117.926,28.6,-1
1766092322.15561,2025-12-18 21:12:02,2025-12-19 05:12:02,BarData,117.797,0,-1.0,-1.0,194.467691,0.0,✅ 触发交易,117.797,117.922,10.6,-1
1766092382.8188827,2025-12-18 21:13:02,2025-12-19 05:13:02,BarData,117.674,0,-1.0,-1.0,194.556691,0.0,✅ 触发交易,117.674,117.913,20.3,-1
1766092440.4375174,2025-12-18 21:14:00,2025-12-19 05:14:00,BarData,117.795,0,-1.0,-1.0,194.506691,0.0,❌ 震荡 (Gap 9.7 < 10),117.795,117.910,9.7,0
1766092441.117441,2025-12-18 21:14:01,2025-12-19 05:14:01,PnlRecord,117.795,0,0,0,194.506691,-0.04244842516338783,空,117.795,117.910,9.7,0
1766092441.4394226,2025-12-18 21:14:01,2025-12-19 05:14:01,CloseSignal,117.795,1.0,-1.0,0,194.506691,0.0,Strategy_TrendEnd,117.795,117.910,9.7,0
1766092500.2066553,2025-12-18 21:15:00,2025-12-19 05:15:00,BarData,117.857,0,0.0,0.0,194.435691,0.0,❌ 震荡 (Gap 4.3 < 10),117.857,117.908,4.3,0
1766092562.7488306,2025-12-18 21:16:02,2025-12-19 05:16:02,BarData,118.038,0,0.0,0.0,194.435691,0.0,❌ 快线向下,118.038,117.912,10.7,0
1766092622.7158024,2025-12-18 21:17:02,2025-12-19 05:17:02,BarData,118.11,0,0.0,0.0,194.435691,0.0,❌ 快线向下,118.110,117.919,16.2,0
1766092681.9800358,2025-12-18 21:18:01,2025-12-19 05:18:01,BarData,118.157,0,0.0,0.0,194.435691,0.0,❌ 快线向下,118.157,117.926,19.5,0
1766092741.4328716,2025-12-18 21:19:01,2025-12-19 05:19:01,BarData,118.104,0,0.0,0.0,194.435691,0.0,❌ 快线向下,118.104,117.932,14.5,0
1766092800.405219,2025-12-18 21:20:00,2025-12-19 05:20:00,BarData,118.123,0,0.0,0.0,194.435691,0.0,❌ 快线向下,118.123,117.939,15.6,0
1766092861.2811446,2025-12-18 21:21:01,2025-12-19 05:21:01,BarData,117.968,0,0.0,0.0,194.435691,0.0,❌ 震荡 (Gap 2.4 < 10),117.968,117.939,2.4,0
1766092922.168067,2025-12-18 21:22:02,2025-12-19 05:22:02,BarData,117.828,0,0.0,0.0,194.435691,0.0,❌ 震荡 (Gap 9.2 < 10),117.828,117.936,9.2,0
1766092980.3626707,2025-12-18 21:23:00,2025-12-19 05:23:00,BarData,117.976,0,0.0,0.0,194.435691,0.0,❌ 震荡 (Gap 3.3 < 10),117.976,117.937,3.3,0
1766093042.0319057,2025-12-18 21:24:02,2025-12-19 05:24:02,BarData,118.034,0,0.0,0.0,194.435691,0.0,❌ 震荡 (Gap 7.9 < 10),118.034,117.940,7.9,0
1766093101.8943944,2025-12-18 21:25:01,2025-12-19 05:25:01,BarData,117.895,0,0.0,0.0,194.435691,0.0,❌ 震荡 (Gap 3.7 < 10),117.895,117.939,3.7,0
1766093160.3889005,2025-12-18 21:26:00,2025-12-19 05:26:00,BarData,118.049,0,0.0,0.0,194.435691,0.0,❌ 震荡 (Gap 9.0 < 10),118.049,117.942,9.0,0
1766093220.4639437,2025-12-18 21:27:00,2025-12-19 05:27:00,BarData,118.051,0,0.0,0.0,194.435691,0.0,❌ 震荡 (Gap 8.9 < 10),118.051,117.946,8.9,0
1766093282.0002658,2025-12-18 21:28:02,2025-12-19 05:28:02,BarData,118.182,0,0.0,0.0,194.435691,0.0,❌ 快线向下,118.182,117.954,19.3,0
1766093341.3991823,2025-12-18 21:29:01,2025-12-19 05:29:01,BarData,118.215,0,0.0,0.0,194.435691,0.0,❌ 快线向下,118.215,117.962,21.4,0
1766093400.290676,2025-12-18 21:30:00,2025-12-19 05:30:00,BarData,118.711,0,0.0,0.0,194.435691,0.0,❌ 快线向下,118.711,117.987,61.0,0
1766093460.5426495,2025-12-18 21:31:00,2025-12-19 05:31:00,BarData,118.807,0,0.0,0.0,194.435691,0.0,❌ 快线向下,118.807,118.014,66.8,0
1766093523.4608107,2025-12-18 21:32:03,2025-12-19 05:32:03,BarData,118.833,0,0.0,0.0,194.435691,0.0,❌ 快线向下,118.833,118.041,66.7,0
1766093580.3102405,2025-12-18 21:33:00,2025-12-19 05:33:00,BarData,118.916,0,0.0,0.0,194.435691,0.0,❌ 快线向下,118.916,118.069,71.2,0
1766093640.6099265,2025-12-18 21:34:00,2025-12-19 05:34:00,BarData,119.075,0,0.0,0.0,194.435691,0.0,❌ 快线向下,119.075,118.102,81.7,0
1766093702.0934823,2025-12-18 21:35:02,2025-12-19 05:35:02,BarData,119.003,0,0.0,0.0,194.435691,0.0,❌ 快线向下,119.003,118.132,73.2,0
1766093760.59275,2025-12-18 21:36:00,2025-12-19 05:36:00,BarData,118.854,0,0.0,0.0,194.435691,0.0,❌ 快线向下,118.854,118.155,58.8,0
1766093821.9467134,2025-12-18 21:37:01,2025-12-19 05:37:01,BarData,118.93,0,0.0,0.0,194.435691,0.0,❌ 快线向下,118.930,118.181,63.0,0
1766093881.3421745,2025-12-18 21:38:01,2025-12-19 05:38:01,BarData,118.815,0,0.0,0.0,194.435691,0.0,❌ 快线向下,118.815,118.202,51.6,0
1766093940.283304,2025-12-18 21:39:00,2025-12-19 05:39:00,BarData,118.626,0,0.0,0.0,194.435691,0.0,❌ 快线向下,118.626,118.216,34.6,0
1766094000.5972111,2025-12-18 21:40:00,2025-12-19 05:40:00,BarData,118.447,0,0.0,0.0,194.435691,0.0,❌ 快线向下,118.447,118.223,18.9,0
1766094061.3092265,2025-12-18 21:41:01,2025-12-19 05:41:01,BarData,118.315,0,0.0,0.0,194.435691,0.0,❌ 震荡 (Gap 7.5 < 10),118.315,118.226,7.5,0
1766094120.4237885,2025-12-18 21:42:00,2025-12-19 05:42:00,BarData,118.382,0,0.0,0.0,194.435691,0.0,❌ 快线向下,118.382,118.231,12.7,0
1766094181.2730353,2025-12-18 21:43:01,2025-12-19 05:43:01,BarData,118.428,0,0.0,0.0,194.435691,0.0,❌ 快线向下,118.428,118.238,16.1,0
1766094240.425527,2025-12-18 21:44:00,2025-12-19 05:44:00,BarData,118.583,0,0.0,0.0,194.435691,0.0,❌ 快线向下,118.583,118.249,28.2,0
1766094300.230727,2025-12-18 21:45:00,2025-12-19 05:45:00,BarData,118.651,0,0.0,0.0,194.435691,0.0,❌ 快线向下,118.651,118.262,32.8,0
1766094360.1188738,2025-12-18 21:46:00,2025-12-19 05:46:00,BarData,118.602,0,0.0,0.0,194.435691,0.0,❌ 快线向下,118.602,118.273,27.7,0
1766094420.6518898,2025-12-18 21:47:00,2025-12-19 05:47:00,BarData,119.294,0,0.0,0.0,194.435691,0.0,❌ 快线向下,119.294,118.307,82.8,0
1766094480.1671305,2025-12-18 21:48:00,2025-12-19 05:48:00,BarData,119.184,0,0.0,0.0,194.435691,0.0,❌ 快线向下,119.184,118.336,71.2,0
1766094542.0509224,2025-12-18 21:49:02,2025-12-19 05:49:02,BarData,119.402,0,0.0,0.0,194.435691,0.0,✅ 触发交易,119.402,118.371,86.4,1
1766094545.9178288,2025-12-18 21:49:05,2025-12-19 05:49:05,Strategy_Open,119.402,1.0,0,1.0,194.422691,0.0,Strategy_Signal,119.402,118.371,86.4,1
1766094576.0938058,2025-12-18 21:49:36,2025-12-19 05:49:36,SL,119.27,1.0,1.0,0.0,194.284691,0.0,🛡️ 止损 (-1.13%),119.402,118.371,86.4,1
1766094576.0941062,2025-12-18 21:49:36,2025-12-19 05:49:36,PnlRecord,119.27,0,0,0,194.340691,-1.1306059210251256,多,119.402,118.371,86.4,1
1766094600.08893,2025-12-18 21:50:00,2025-12-19 05:50:00,BarData,119.315,0,0.0,0.0,194.284691,0.0,❌ 快线向下,119.315,118.402,76.6,0
1766094660.4898412,2025-12-18 21:51:00,2025-12-19 05:51:00,BarData,119.376,0,0.0,0.0,194.284691,0.0,❌ 快线向下,119.376,118.433,79.0,0
1766094720.3159108,2025-12-18 21:52:00,2025-12-19 05:52:00,BarData,119.494,0,0.0,0.0,194.284691,0.0,✅ 触发交易,119.494,118.468,85.8,1
1766094724.1947923,2025-12-18 21:52:04,2025-12-19 05:52:04,Strategy_Open,119.494,1.0,0,1.0,194.273691,0.0,Strategy_Signal,119.494,118.468,85.8,1
1766094763.4290144,2025-12-18 21:52:43,2025-12-19 05:52:43,SL,119.368,1.0,1.0,0.0,194.182691,0.0,🛡️ 止损 (-1.06%),119.494,118.468,85.8,1
1766094763.429326,2025-12-18 21:52:43,2025-12-19 05:52:43,PnlRecord,119.368,0,0,0,194.240691,-1.0628059751454835,多,119.494,118.468,85.8,1
1766094780.156199,2025-12-18 21:53:00,2025-12-19 05:53:00,BarData,119.377,0,0.0,0.0,194.182691,0.0,❌ 快线向下,119.377,118.498,73.6,0
1766094840.5250242,2025-12-18 21:54:00,2025-12-19 05:54:00,BarData,119.216,0,0.0,0.0,194.182691,0.0,❌ 快线向下,119.216,118.522,58.2,0
1766094900.4552164,2025-12-18 21:55:00,2025-12-19 05:55:00,BarData,119.251,0,0.0,0.0,194.182691,0.0,❌ 快线向下,119.251,118.545,59.2,0
1766094960.3114512,2025-12-18 21:56:00,2025-12-19 05:56:00,BarData,119.149,0,0.0,0.0,194.182691,0.0,❌ 快线向下,119.149,118.565,49.0,0
1766095022.8673594,2025-12-18 21:57:02,2025-12-19 05:57:02,BarData,119.485,0,0.0,0.0,194.182691,0.0,✅ 触发交易,119.485,118.595,74.4,1
1766095026.71219,2025-12-18 21:57:06,2025-12-19 05:57:06,Strategy_Open,119.485,1.0,0,1.0,194.194691,0.0,Strategy_Signal,119.485,118.595,74.4,1
1766095080.3833106,2025-12-18 21:58:00,2025-12-19 05:58:00,BarData,119.934,0,1.0,1.0,194.444691,0.0,✅ 触发交易,119.934,118.639,107.9,1
1766095140.6134508,2025-12-18 21:59:00,2025-12-19 05:59:00,BarData,119.815,0,1.0,1.0,194.626691,0.0,✅ 触发交易,119.815,118.678,94.9,1
1766095161.572978,2025-12-18 21:59:21,2025-12-19 05:59:21,TP,120.111,1.0,1.0,0.0,194.809691,0.0,🚀 止盈 (+5.21%),119.815,118.678,94.9,1
1766095161.5732572,2025-12-18 21:59:21,2025-12-19 05:59:21,PnlRecord,120.111,0,0,0,194.626691,5.205500087874197,多,119.815,118.678,94.9,1
1766095200.641692,2025-12-18 22:00:00,2025-12-19 06:00:00,BarData,120.056,0,0.0,0.0,194.809691,0.0,✅ 触发交易,120.056,118.723,111.0,1
1766095204.4867353,2025-12-18 22:00:04,2025-12-19 06:00:04,Strategy_Open,120.056,1.0,0,1.0,194.827691,0.0,Strategy_Signal,120.056,118.723,111.0,1
1766095243.1484542,2025-12-18 22:00:43,2025-12-19 06:00:43,SL,119.9,1.0,1.0,0.0,194.690691,0.0,🛡️ 止损 (-1.01%),120.056,118.723,111.0,1
1766095243.1487572,2025-12-18 22:00:43,2025-12-19 06:00:43,PnlRecord,119.9,0,0,0,194.769691,-1.0081569058747646,多,120.056,118.723,111.0,1
1766095260.3249037,2025-12-18 22:01:00,2025-12-19 06:01:00,BarData,119.797,0,0.0,0.0,194.690691,0.0,✅ 触发交易,119.797,118.758,86.7,1
1766095264.184811,2025-12-18 22:01:04,2025-12-19 06:01:04,Strategy_Open,119.797,1.0,0,1.0,194.67169099999998,0.0,Strategy_Signal,119.797,118.758,86.7,1
1766095290.280266,2025-12-18 22:01:30,2025-12-19 06:01:30,SL,119.653,1.0,1.0,0.0,194.560691,0.0,🛡️ 止损 (-1.04%),119.797,118.758,86.7,1
1766095290.280626,2025-12-18 22:01:30,2025-12-19 06:01:30,PnlRecord,119.653,0,0,0,194.595691,-1.0435973217118335,多,119.797,118.758,86.7,1
1766095320.32854,2025-12-18 22:02:00,2025-12-19 06:02:00,BarData,119.543,0,0.0,0.0,194.560691,0.0,✅ 触发交易,119.543,118.784,63.5,1
1766095324.1876168,2025-12-18 22:02:04,2025-12-19 06:02:04,Strategy_Open,119.543,1.0,0,1.0,194.579691,0.0,Strategy_Signal,119.543,118.784,63.5,1
1766095381.379888,2025-12-18 22:03:01,2025-12-19 06:03:01,BarData,119.698,0,1.0,1.0,194.604691,0.0,✅ 触发交易,119.698,118.814,73.9,1
1766095440.391002,2025-12-18 22:04:00,2025-12-19 06:04:00,BarData,119.799,0,1.0,1.0,194.610691,0.0,✅ 触发交易,119.799,118.846,79.5,1
1766095500.7425275,2025-12-18 22:05:00,2025-12-19 06:05:00,BarData,119.672,0,1.0,1.0,194.64869099999999,0.0,✅ 触发交易,119.672,118.873,66.7,1
1766095560.5503242,2025-12-18 22:06:00,2025-12-19 06:06:00,BarData,119.721,0,1.0,1.0,194.801691,0.0,✅ 触发交易,119.721,118.901,68.5,1
1766095620.371427,2025-12-18 22:07:00,2025-12-19 06:07:00,BarData,119.666,0,1.0,1.0,194.64169099999998,0.0,✅ 触发交易,119.666,118.926,61.8,1
1766095680.623757,2025-12-18 22:08:00,2025-12-19 06:08:00,BarData,119.633,0,1.0,1.0,194.626691,0.0,✅ 触发交易,119.633,118.949,57.1,1
1766095740.0977147,2025-12-18 22:09:00,2025-12-19 06:09:00,BarData,119.581,0,1.0,1.0,194.591691,0.0,✅ 触发交易,119.581,118.970,51.1,1
1766095800.334523,2025-12-18 22:10:00,2025-12-19 06:10:00,BarData,119.788,0,1.0,1.0,194.57669099999998,0.0,✅ 触发交易,119.788,118.997,66.0,1
1766095860.5449092,2025-12-18 22:11:00,2025-12-19 06:11:00,BarData,119.584,0,1.0,1.0,194.681691,0.0,✅ 触发交易,119.584,119.016,47.5,1
1766095920.1784883,2025-12-18 22:12:00,2025-12-19 06:12:00,BarData,119.637,0,1.0,1.0,194.622691,0.0,✅ 触发交易,119.637,119.037,50.2,1
1766095980.4827092,2025-12-18 22:13:00,2025-12-19 06:13:00,BarData,119.491,0,1.0,1.0,194.541691,0.0,✅ 触发交易,119.491,119.051,36.8,1
1766095986.0760498,2025-12-18 22:13:06,2025-12-19 06:13:06,SL,119.42,1.0,1.0,0.0,194.397691,0.0,🛡️ 止损 (-1.27%),119.491,119.051,36.8,1
1766095986.0763738,2025-12-18 22:13:06,2025-12-19 06:13:06,PnlRecord,119.42,0,0,0,194.541691,-1.2712006155287277,多,119.491,119.051,36.8,1
1766096040.4652944,2025-12-18 22:14:00,2025-12-19 06:14:00,BarData,119.306,0,0.0,0.0,194.397691,0.0,❌ 快线向下,119.306,119.060,20.6,0
1766096100.1210506,2025-12-18 22:15:00,2025-12-19 06:15:00,BarData,119.33,0,0.0,0.0,194.397691,0.0,❌ 快线向下,119.330,119.069,21.9,0
1766096160.5064514,2025-12-18 22:16:00,2025-12-19 06:16:00,BarData,119.293,0,0.0,0.0,194.397691,0.0,❌ 快线向下,119.293,119.076,18.2,0
1766096220.3410587,2025-12-18 22:17:00,2025-12-19 06:17:00,BarData,119.33,0,0.0,0.0,194.397691,0.0,❌ 快线向下,119.330,119.084,20.6,0
1766096281.470869,2025-12-18 22:18:01,2025-12-19 06:18:01,BarData,119.356,0,0.0,0.0,194.397691,0.0,❌ 快线向下,119.356,119.093,22.0,0
1766096340.4210238,2025-12-18 22:19:00,2025-12-19 06:19:00,BarData,119.359,0,0.0,0.0,194.397691,0.0,❌ 快线向下,119.359,119.102,21.5,0
1766096400.1849003,2025-12-18 22:20:00,2025-12-19 06:20:00,BarData,119.318,0,0.0,0.0,194.397691,0.0,❌ 快线向下,119.318,119.109,17.5,0
1766096460.2047122,2025-12-18 22:21:00,2025-12-19 06:21:00,BarData,119.307,0,0.0,0.0,194.397691,0.0,❌ 快线向下,119.307,119.116,16.1,0
1766096520.4491894,2025-12-18 22:22:00,2025-12-19 06:22:00,BarData,119.25,0,0.0,0.0,194.397691,0.0,❌ 快线向下,119.250,119.120,10.9,0
1766096582.9771347,2025-12-18 22:23:02,2025-12-19 06:23:02,BarData,119.236,0,0.0,0.0,194.397691,0.0,❌ 震荡 (Gap 9.4 < 10),119.236,119.124,9.4,0
1766096640.538378,2025-12-18 22:24:00,2025-12-19 06:24:00,BarData,119.319,0,0.0,0.0,194.397691,0.0,❌ 快线向下,119.319,119.130,15.8,0
1766096700.7079482,2025-12-18 22:25:00,2025-12-19 06:25:00,BarData,119.316,0,0.0,0.0,194.397691,0.0,❌ 快线向下,119.316,119.136,15.1,0
1766096761.596893,2025-12-18 22:26:01,2025-12-19 06:26:01,BarData,119.282,0,0.0,0.0,194.397691,0.0,❌ 快线向下,119.282,119.141,11.8,0
1766096820.3048558,2025-12-18 22:27:00,2025-12-19 06:27:00,BarData,119.265,0,0.0,0.0,194.397691,0.0,❌ 快线向下,119.265,119.145,10.1,0
1766096882.1872315,2025-12-18 22:28:02,2025-12-19 06:28:02,BarData,119.399,0,0.0,0.0,194.397691,0.0,❌ 快线向下,119.399,119.153,20.6,0
1766096940.2707965,2025-12-18 22:29:00,2025-12-19 06:29:00,BarData,119.332,0,0.0,0.0,194.397691,0.0,❌ 快线向下,119.332,119.159,14.5,0
1766097000.2711577,2025-12-18 22:30:00,2025-12-19 06:30:00,BarData,119.52,0,0.0,0.0,194.397691,0.0,✅ 触发交易,119.520,119.171,29.2,1
1766097004.246344,2025-12-18 22:30:04,2025-12-19 06:30:04,Strategy_Open,119.52,1.0,0,1.0,194.39369100000002,0.0,Strategy_Signal,119.520,119.171,29.2,1
1766097060.303402,2025-12-18 22:31:00,2025-12-19 06:31:00,BarData,119.653,0,1.0,1.0,194.55369100000001,0.0,✅ 触发交易,119.653,119.187,39.0,1
1766097121.5350459,2025-12-18 22:32:01,2025-12-19 06:32:01,BarData,119.527,0,1.0,1.0,194.502691,0.0,✅ 触发交易,119.527,119.198,27.5,1
1766097180.3739655,2025-12-18 22:33:00,2025-12-19 06:33:00,BarData,119.692,0,1.0,1.0,194.490691,0.0,✅ 触发交易,119.692,119.214,39.9,1
1766097240.3905537,2025-12-18 22:34:00,2025-12-19 06:34:00,BarData,119.657,0,1.0,1.0,194.504691,0.0,✅ 触发交易,119.657,119.229,35.8,1
1766097300.3859713,2025-12-18 22:35:00,2025-12-19 06:35:00,BarData,119.628,0,1.0,1.0,194.511691,0.0,✅ 触发交易,119.628,119.242,32.3,1
1766097360.566224,2025-12-18 22:36:00,2025-12-19 06:36:00,BarData,119.613,0,1.0,1.0,194.479691,0.0,✅ 触发交易,119.613,119.254,30.0,1
1766097420.6163783,2025-12-18 22:37:00,2025-12-19 06:37:00,BarData,119.61,0,1.0,1.0,194.442691,0.0,✅ 触发交易,119.610,119.266,28.8,1
1766097480.2448888,2025-12-18 22:38:00,2025-12-19 06:38:00,BarData,119.971,0,1.0,1.0,194.653691,0.0,✅ 触发交易,119.971,119.289,56.9,1
1766097540.5325854,2025-12-18 22:39:00,2025-12-19 06:39:00,BarData,119.827,0,1.0,1.0,194.562691,0.0,✅ 触发交易,119.827,119.306,43.4,1
1766097600.3584747,2025-12-18 22:40:00,2025-12-19 06:40:00,BarData,119.806,0,1.0,1.0,194.70269100000002,0.0,✅ 触发交易,119.806,119.323,40.3,1
1766097661.4975884,2025-12-18 22:41:01,2025-12-19 06:41:01,BarData,119.761,0,1.0,1.0,194.698691,0.0,✅ 触发交易,119.761,119.337,35.4,1
1766097721.5336666,2025-12-18 22:42:01,2025-12-19 06:42:01,BarData,119.745,0,1.0,1.0,194.658691,0.0,✅ 触发交易,119.745,119.351,32.9,1
1766097780.5053155,2025-12-18 22:43:00,2025-12-19 06:43:00,BarData,119.835,0,1.0,1.0,194.628691,0.0,✅ 触发交易,119.835,119.366,39.1,1
1766097840.6257339,2025-12-18 22:44:00,2025-12-19 06:44:00,BarData,120.01,0,1.0,1.0,194.872691,0.0,✅ 触发交易,120.010,119.388,51.9,1
1766097900.626876,2025-12-18 22:45:00,2025-12-19 06:45:00,BarData,119.833,0,1.0,1.0,194.725691,0.0,✅ 触发交易,119.833,119.402,36.0,1
1766097960.3461666,2025-12-18 22:46:00,2025-12-19 06:46:00,BarData,119.797,0,1.0,1.0,194.662691,0.0,✅ 触发交易,119.797,119.415,31.9,1
1766098022.20484,2025-12-18 22:47:02,2025-12-19 06:47:02,BarData,119.676,0,1.0,1.0,194.557691,0.0,✅ 触发交易,119.676,119.424,21.1,1
1766098080.2794573,2025-12-18 22:48:00,2025-12-19 06:48:00,BarData,119.831,0,1.0,1.0,194.568691,0.0,✅ 触发交易,119.831,119.437,32.9,1
1766098140.5509737,2025-12-18 22:49:00,2025-12-19 06:49:00,BarData,119.886,0,1.0,1.0,194.729691,0.0,✅ 触发交易,119.886,119.452,36.2,1
1766098200.3020937,2025-12-18 22:50:00,2025-12-19 06:50:00,BarData,119.992,0,1.0,1.0,194.82169100000002,0.0,✅ 触发交易,119.992,119.469,43.5,1
1766098260.6439278,2025-12-18 22:51:00,2025-12-19 06:51:00,BarData,119.883,0,1.0,1.0,194.75169100000002,0.0,✅ 触发交易,119.883,119.483,33.4,1
1766098320.5273478,2025-12-18 22:52:00,2025-12-19 06:52:00,BarData,119.878,0,1.0,1.0,194.737691,0.0,✅ 触发交易,119.878,119.496,31.9,1
1766098380.4748752,2025-12-18 22:53:00,2025-12-19 06:53:00,BarData,119.943,0,1.0,1.0,194.812691,0.0,✅ 触发交易,119.943,119.511,36.1,1
1766098442.1818922,2025-12-18 22:54:02,2025-12-19 06:54:02,BarData,119.979,0,1.0,1.0,194.820691,0.0,✅ 触发交易,119.979,119.526,37.8,1
1766098500.2466176,2025-12-18 22:55:00,2025-12-19 06:55:00,BarData,119.958,0,1.0,1.0,194.826691,0.0,✅ 触发交易,119.958,119.540,34.8,1
1766098560.352731,2025-12-18 22:56:00,2025-12-19 06:56:00,BarData,119.891,0,1.0,1.0,194.741691,0.0,✅ 触发交易,119.891,119.552,28.3,1
1766098620.4849827,2025-12-18 22:57:00,2025-12-19 06:57:00,BarData,119.944,0,1.0,1.0,194.842691,0.0,✅ 触发交易,119.944,119.564,31.6,1
1766098680.6355157,2025-12-18 22:58:00,2025-12-19 06:58:00,BarData,119.862,0,1.0,1.0,194.70969100000002,0.0,✅ 触发交易,119.862,119.574,24.0,1
1766098740.0805936,2025-12-18 22:59:00,2025-12-19 06:59:00,BarData,119.77,0,1.0,1.0,194.585691,0.0,✅ 触发交易,119.770,119.581,15.8,1
1766098800.3711233,2025-12-18 23:00:00,2025-12-19 07:00:00,BarData,119.755,0,1.0,1.0,194.59069100000002,0.0,✅ 触发交易,119.755,119.586,14.1,1
1766098860.5216048,2025-12-18 23:01:00,2025-12-19 07:01:00,BarData,119.749,0,1.0,1.0,194.598253,0.0,✅ 触发交易,119.749,119.592,13.1,1
1766098920.7548735,2025-12-18 23:02:00,2025-12-19 07:02:00,BarData,119.74,0,1.0,1.0,194.538253,0.0,✅ 触发交易,119.740,119.597,12.0,1
1766098980.405511,2025-12-18 23:03:00,2025-12-19 07:03:00,BarData,119.751,0,1.0,1.0,194.606253,0.0,✅ 触发交易,119.751,119.602,12.5,1
1766099042.2290916,2025-12-18 23:04:02,2025-12-19 07:04:02,BarData,119.739,0,1.0,1.0,194.558253,0.0,✅ 触发交易,119.739,119.606,11.1,1
1766099102.1570983,2025-12-18 23:05:02,2025-12-19 07:05:02,BarData,119.662,0,1.0,1.0,194.446253,0.0,❌ 震荡 (Gap 4.5 < 10),119.662,119.608,4.5,0
1766099102.8387966,2025-12-18 23:05:02,2025-12-19 07:05:02,PnlRecord,119.662,0,0,0,194.446253,1.0624503283557918,多,119.662,119.608,4.5,0
1766099103.1437643,2025-12-18 23:05:03,2025-12-19 07:05:03,CloseSignal,119.662,1.0,1.0,0,194.446253,0.0,Strategy_TrendEnd,119.662,119.608,4.5,0
1766099160.4999912,2025-12-18 23:06:00,2025-12-19 07:06:00,BarData,119.757,0,0.0,0.0,194.513254,0.0,✅ 触发交易,119.757,119.613,12.0,1
1766099164.339865,2025-12-18 23:06:04,2025-12-19 07:06:04,Strategy_Open,119.757,1.0,0,1.0,194.486254,0.0,Strategy_Signal,119.757,119.613,12.0,1
1766099220.726798,2025-12-18 23:07:00,2025-12-19 07:07:00,BarData,119.671,0,1.0,1.0,194.478254,0.0,❌ 震荡 (Gap 4.7 < 10),119.671,119.615,4.7,0
1766099221.3963885,2025-12-18 23:07:01,2025-12-19 07:07:01,PnlRecord,119.671,0,0,0,194.478254,-0.7014320905180491,多,119.671,119.615,4.7,0
1766099221.701362,2025-12-18 23:07:01,2025-12-19 07:07:01,CloseSignal,119.671,1.0,1.0,0,194.478254,0.0,Strategy_TrendEnd,119.671,119.615,4.7,0
1766099280.5020733,2025-12-18 23:08:00,2025-12-19 07:08:00,BarData,119.496,0,0.0,0.0,194.427254,0.0,❌ 震荡 (Gap 9.6 < 10),119.496,119.611,9.6,0
1766099340.4205108,2025-12-18 23:09:00,2025-12-19 07:09:00,BarData,119.65,0,0.0,0.0,194.427254,0.0,❌ 震荡 (Gap 3.2 < 10),119.650,119.612,3.2,0
1766099400.5578701,2025-12-18 23:10:00,2025-12-19 07:10:00,BarData,119.721,0,0.0,0.0,194.427254,0.0,❌ 震荡 (Gap 8.8 < 10),119.721,119.616,8.8,0
1766099461.5823698,2025-12-18 23:11:01,2025-12-19 07:11:01,BarData,119.773,0,0.0,0.0,194.427254,0.0,✅ 触发交易,119.773,119.621,12.7,1
1766099465.4269683,2025-12-18 23:11:05,2025-12-19 07:11:05,Strategy_Open,119.773,1.0,0,1.0,194.421254,0.0,Strategy_Signal,119.773,119.621,12.7,1
1766099520.49404,2025-12-18 23:12:00,2025-12-19 07:12:00,BarData,119.719,0,1.0,1.0,194.41825400000002,0.0,❌ 震荡 (Gap 7.9 < 10),119.719,119.624,7.9,0
1766099521.158863,2025-12-18 23:12:01,2025-12-19 07:12:01,PnlRecord,119.719,0,0,0,194.41825400000002,-0.4508528633331556,多,119.719,119.624,7.9,0
1766099521.550492,2025-12-18 23:12:01,2025-12-19 07:12:01,CloseSignal,119.719,1.0,1.0,0,194.41825400000002,0.0,Strategy_TrendEnd,119.719,119.624,7.9,0
1766099580.7151937,2025-12-18 23:13:00,2025-12-19 07:13:00,BarData,119.891,0,0.0,0.0,194.359254,0.0,✅ 触发交易,119.891,119.633,21.5,1
1766099584.5814455,2025-12-18 23:13:04,2025-12-19 07:13:04,Strategy_Open,119.891,1.0,0,1.0,194.356254,0.0,Strategy_Signal,119.891,119.633,21.5,1
1766099642.3182774,2025-12-18 23:14:02,2025-12-19 07:14:02,BarData,119.78,0,1.0,1.0,194.329254,0.0,✅ 触发交易,119.780,119.638,11.9,1
1766099700.2862203,2025-12-18 23:15:00,2025-12-19 07:15:00,BarData,119.879,0,1.0,1.0,194.325254,0.0,✅ 触发交易,119.879,119.646,19.5,1
1766099760.7283087,2025-12-18 23:16:00,2025-12-19 07:16:00,BarData,119.82,0,1.0,1.0,194.302254,0.0,✅ 触发交易,119.820,119.651,14.1,1
1766099822.2789261,2025-12-18 23:17:02,2025-12-19 07:17:02,SL,119.746,1.0,1.0,0.0,194.223254,0.0,🛡️ 止损 (-1.01%),119.820,119.651,14.1,1
1766099822.279233,2025-12-18 23:17:02,2025-12-19 07:17:02,PnlRecord,119.746,0,0,0,194.324254,-1.0094521427916718,多,119.820,119.651,14.1,1
1766099824.9903116,2025-12-18 23:17:04,2025-12-19 07:17:04,BarData,119.757,0,0.0,0.0,194.223254,0.0,❌ 震荡 (Gap 8.5 < 10),119.757,119.655,8.5,0
1766099881.448247,2025-12-18 23:18:01,2025-12-19 07:18:01,BarData,119.819,0,0.0,0.0,194.223254,0.0,✅ 触发交易,119.819,119.660,13.3,1
1766099885.3153365,2025-12-18 23:18:05,2025-12-19 07:18:05,Strategy_Open,119.819,1.0,0,1.0,194.225254,0.0,Strategy_Signal,119.819,119.660,13.3,1
1766099940.8478615,2025-12-18 23:19:00,2025-12-19 07:19:00,BarData,119.806,0,1.0,1.0,194.237254,0.0,✅ 触发交易,119.806,119.665,11.8,1
1766100000.4287052,2025-12-18 23:20:00,2025-12-19 07:20:00,BarData,119.756,0,1.0,1.0,194.184254,0.0,❌ 震荡 (Gap 7.4 < 10),119.756,119.668,7.4,0
1766100001.1091275,2025-12-18 23:20:01,2025-12-19 07:20:01,PnlRecord,119.756,0,0,0,194.184254,-0.3672787979966355,多,119.756,119.668,7.4,0
1766100001.4774232,2025-12-18 23:20:01,2025-12-19 07:20:01,CloseSignal,119.756,1.0,1.0,0,194.184254,0.0,Strategy_TrendEnd,119.756,119.668,7.4,0
1766100060.6222365,2025-12-18 23:21:00,2025-12-19 07:21:00,BarData,119.633,0,0.0,0.0,194.149254,0.0,❌ 震荡 (Gap 2.8 < 10),119.633,119.667,2.8,0
1766100120.0791588,2025-12-18 23:22:00,2025-12-19 07:22:00,BarData,119.673,0,0.0,0.0,194.149254,0.0,❌ 震荡 (Gap 0.5 < 10),119.673,119.667,0.5,0
1766100180.6007783,2025-12-18 23:23:00,2025-12-19 07:23:00,BarData,119.584,0,0.0,0.0,194.149254,0.0,❌ 震荡 (Gap 6.7 < 10),119.584,119.664,6.7,0
1766100241.5325232,2025-12-18 23:24:01,2025-12-19 07:24:01,BarData,119.33,0,0.0,0.0,194.149254,0.0,✅ 触发交易,119.330,119.653,27.1,-1
1766100245.3724387,2025-12-18 23:24:05,2025-12-19 07:24:05,Strategy_Open,119.33,1.0,0,-1.0,194.129254,0.0,Strategy_Signal,119.330,119.653,27.1,-1
1766100303.5451834,2025-12-18 23:25:03,2025-12-19 07:25:03,SL,119.5,1.0,-1.0,0.0,194.004254,0.0,🛡️ 止损 (-1.22%),119.330,119.653,27.1,-1
1766100303.5454817,2025-12-18 23:25:03,2025-12-19 07:25:03,PnlRecord,119.5,0,0,0,194.07225400000002,-1.223251839066984,空,119.330,119.653,27.1,-1
1766100305.8372514,2025-12-18 23:25:05,2025-12-19 07:25:05,BarData,119.492,0,0.0,0.0,194.004254,0.0,✅ 触发交易,119.492,119.648,13.1,-1
1766100309.3576283,2025-12-18 23:25:09,2025-12-19 07:25:09,Strategy_Open,119.492,1.0,0,-1.0,194.003254,0.0,Strategy_Signal,119.492,119.648,13.1,-1
1766100360.6369047,2025-12-18 23:26:00,2025-12-19 07:26:00,BarData,119.468,0,-1.0,-1.0,194.015254,0.0,✅ 触发交易,119.468,119.642,14.6,-1
1766100421.8860588,2025-12-18 23:27:01,2025-12-19 07:27:01,BarData,119.39,0,-1.0,-1.0,194.09625400000002,0.0,✅ 触发交易,119.390,119.634,20.4,-1
1766100480.1280353,2025-12-18 23:28:00,2025-12-19 07:28:00,BarData,119.409,0,-1.0,-1.0,194.083254,0.0,✅ 触发交易,119.409,119.626,18.2,-1
1766100540.738233,2025-12-18 23:29:00,2025-12-19 07:29:00,BarData,119.477,0,-1.0,-1.0,194.006254,0.0,✅ 触发交易,119.477,119.622,12.1,-1
1766100601.0500245,2025-12-18 23:30:01,2025-12-19 07:30:01,BarData,119.473,0,-1.0,-1.0,194.012254,0.0,✅ 触发交易,119.473,119.617,12.0,-1
1766100660.3834376,2025-12-18 23:31:00,2025-12-19 07:31:00,BarData,119.508,0,-1.0,-1.0,193.982254,0.0,❌ 震荡 (Gap 8.8 < 10),119.508,119.613,8.8,0
1766100661.0765107,2025-12-18 23:31:01,2025-12-19 07:31:01,PnlRecord,119.508,0,0,0,193.982254,-0.21760599922997814,空,119.508,119.613,8.8,0
1766100661.3902876,2025-12-18 23:31:01,2025-12-19 07:31:01,CloseSignal,119.508,1.0,-1.0,0,193.982254,0.0,Strategy_TrendEnd,119.508,119.613,8.8,0
1766100720.5088775,2025-12-18 23:32:00,2025-12-19 07:32:00,BarData,119.692,0,0.0,0.0,193.979254,0.0,❌ 震荡 (Gap 6.4 < 10),119.692,119.616,6.4,0
1766100780.3285048,2025-12-18 23:33:00,2025-12-19 07:33:00,BarData,119.741,0,0.0,0.0,193.979254,0.0,✅ 触发交易,119.741,119.620,10.1,1
1766100784.1822326,2025-12-18 23:33:04,2025-12-19 07:33:04,Strategy_Open,119.741,1.0,0,1.0,193.966254,0.0,Strategy_Signal,119.741,119.620,10.1,1
1766100823.6804857,2025-12-18 23:33:43,2025-12-19 07:33:43,SL,119.55,1.0,1.0,0.0,193.800254,0.0,🛡️ 止损 (-1.49%),119.741,119.620,10.1,1
1766100823.6807694,2025-12-18 23:33:43,2025-12-19 07:33:43,PnlRecord,119.55,0,0,0,193.952254,-1.4867031939061646,多,119.741,119.620,10.1,1
1766100840.7306056,2025-12-18 23:34:00,2025-12-19 07:34:00,BarData,119.549,0,0.0,0.0,193.800254,0.0,❌ 震荡 (Gap 5.7 < 10),119.549,119.618,5.7,0
1766100900.4599948,2025-12-18 23:35:00,2025-12-19 07:35:00,BarData,119.589,0,0.0,0.0,193.800254,0.0,❌ 震荡 (Gap 2.3 < 10),119.589,119.617,2.3,0
1766100960.2956421,2025-12-18 23:36:00,2025-12-19 07:36:00,BarData,119.61,0,0.0,0.0,193.800254,0.0,❌ 震荡 (Gap 0.5 < 10),119.610,119.616,0.5,0
1766101020.325027,2025-12-18 23:37:00,2025-12-19 07:37:00,BarData,119.625,0,0.0,0.0,193.800254,0.0,❌ 震荡 (Gap 0.7 < 10),119.625,119.617,0.7,0
1766101081.8047206,2025-12-18 23:38:01,2025-12-19 07:38:01,BarData,119.641,0,0.0,0.0,193.800254,0.0,❌ 震荡 (Gap 2.0 < 10),119.641,119.617,2.0,0
1766101142.4567435,2025-12-18 23:39:02,2025-12-19 07:39:02,BarData,119.656,0,0.0,0.0,193.800254,0.0,❌ 震荡 (Gap 3.1 < 10),119.656,119.619,3.1,0
1766101200.3035238,2025-12-18 23:40:00,2025-12-19 07:40:00,BarData,119.476,0,0.0,0.0,193.800254,0.0,✅ 触发交易,119.476,119.614,11.6,-1
1766101204.4131866,2025-12-18 23:40:04,2025-12-19 07:40:04,Strategy_Open,119.476,1.0,0,-1.0,193.799254,0.0,Strategy_Signal,119.476,119.614,11.6,-1
1766101260.1764772,2025-12-18 23:41:00,2025-12-19 07:41:00,BarData,119.318,0,-1.0,-1.0,193.922254,0.0,✅ 触发交易,119.318,119.604,24.0,-1
1766101320.4388099,2025-12-18 23:42:00,2025-12-19 07:42:00,BarData,119.315,0,-1.0,-1.0,193.89925399999998,0.0,✅ 触发交易,119.315,119.595,23.5,-1
1766101380.7619479,2025-12-18 23:43:00,2025-12-19 07:43:00,BarData,119.29,0,-1.0,-1.0,193.968254,0.0,✅ 触发交易,119.290,119.585,24.7,-1
1766101440.857568,2025-12-18 23:44:00,2025-12-19 07:44:00,BarData,119.225,0,-1.0,-1.0,194.017254,0.0,✅ 触发交易,119.225,119.573,29.2,-1
1766101501.7213755,2025-12-18 23:45:01,2025-12-19 07:45:01,BarData,119.307,0,-1.0,-1.0,193.995254,0.0,✅ 触发交易,119.307,119.564,21.6,-1
1766101560.6267014,2025-12-18 23:46:00,2025-12-19 07:46:00,BarData,119.309,0,-1.0,-1.0,193.963254,0.0,✅ 触发交易,119.309,119.556,20.7,-1
1766101620.4855611,2025-12-18 23:47:00,2025-12-19 07:47:00,BarData,119.294,0,-1.0,-1.0,193.95225399999998,0.0,✅ 触发交易,119.294,119.547,21.2,-1
1766101680.2146173,2025-12-18 23:48:00,2025-12-19 07:48:00,BarData,119.304,0,-1.0,-1.0,193.942254,0.0,✅ 触发交易,119.304,119.539,19.7,-1
1766101740.1578317,2025-12-18 23:49:00,2025-12-19 07:49:00,BarData,119.268,0,-1.0,-1.0,193.990254,0.0,✅ 触发交易,119.268,119.530,22.0,-1
1766101800.5247495,2025-12-18 23:50:00,2025-12-19 07:50:00,BarData,119.315,0,-1.0,-1.0,193.941254,0.0,✅ 触发交易,119.315,119.523,17.5,-1
1766101860.1596978,2025-12-18 23:51:00,2025-12-19 07:51:00,BarData,119.304,0,-1.0,-1.0,193.968254,0.0,✅ 触发交易,119.304,119.516,17.8,-1
1766101913.785536,2025-12-18 23:51:53,2025-12-19 07:51:53,SL,119.587,1.0,-1.0,0.0,193.669254,0.0,🛡️ 止损 (-1.10%),119.304,119.516,17.8,-1
1766101913.7859657,2025-12-18 23:51:53,2025-12-19 07:51:53,PnlRecord,119.587,0,0,0,193.775254,-1.0966380926868489,空,119.304,119.516,17.8,-1
1766101920.370485,2025-12-18 23:52:00,2025-12-19 07:52:00,BarData,119.612,0,0.0,0.0,193.669254,0.0,❌ 震荡 (Gap 7.7 < 10),119.612,119.519,7.7,0
1766101982.3900352,2025-12-18 23:53:02,2025-12-19 07:53:02,BarData,119.596,0,0.0,0.0,193.669254,0.0,❌ 震荡 (Gap 6.2 < 10),119.596,119.522,6.2,0
1766102042.4964647,2025-12-18 23:54:02,2025-12-19 07:54:02,BarData,119.511,0,0.0,0.0,193.669254,0.0,❌ 震荡 (Gap 0.9 < 10),119.511,119.522,0.9,0
1766102100.7366238,2025-12-18 23:55:00,2025-12-19 07:55:00,BarData,119.594,0,0.0,0.0,193.669254,0.0,❌ 震荡 (Gap 5.9 < 10),119.594,119.524,5.9,0
1766102160.524804,2025-12-18 23:56:00,2025-12-19 07:56:00,BarData,119.549,0,0.0,0.0,193.669254,0.0,❌ 震荡 (Gap 2.0 < 10),119.549,119.525,2.0,0
1766102220.3352683,2025-12-18 23:57:00,2025-12-19 07:57:00,BarData,119.583,0,0.0,0.0,193.669254,0.0,❌ 震荡 (Gap 4.7 < 10),119.583,119.527,4.7,0
1766102280.5896382,2025-12-18 23:58:00,2025-12-19 07:58:00,BarData,119.52,0,0.0,0.0,193.669254,0.0,❌ 震荡 (Gap 0.5 < 10),119.520,119.526,0.5,0
1766102340.5412555,2025-12-18 23:59:00,2025-12-19 07:59:00,BarData,119.573,0,0.0,0.0,193.669254,0.0,❌ 震荡 (Gap 3.8 < 10),119.573,119.528,3.8,0
1766102400.9919405,2025-12-19 00:00:00,2025-12-19 08:00:00,BarData,119.542,0,0.0,0.0,193.669254,0.0,❌ 震荡 (Gap 1.1 < 10),119.542,119.528,1.1,0
1766102460.6034906,2025-12-19 00:01:00,2025-12-19 08:01:00,BarData,119.478,0,0.0,0.0,193.669254,0.0,❌ 震荡 (Gap 4.1 < 10),119.478,119.527,4.1,0
1766102520.567683,2025-12-19 00:02:00,2025-12-19 08:02:00,BarData,119.457,0,0.0,0.0,193.669254,0.0,❌ 震荡 (Gap 5.6 < 10),119.457,119.524,5.6,0
1766102580.1468441,2025-12-19 00:03:00,2025-12-19 08:03:00,BarData,119.788,0,0.0,0.0,193.669254,0.0,✅ 触发交易,119.788,119.533,21.3,1
1766102584.0195243,2025-12-19 00:03:04,2025-12-19 08:03:04,Strategy_Open,119.788,1.0,0,1.0,193.677254,0.0,Strategy_Signal,119.788,119.533,21.3,1
1766102615.2040372,2025-12-19 00:03:35,2025-12-19 08:03:35,SL,119.61,1.0,1.0,0.0,193.487254,0.0,🛡️ 止损 (-1.52%),119.788,119.533,21.3,1
1766102615.2043297,2025-12-19 00:03:35,2025-12-19 08:03:35,PnlRecord,119.61,0,0,0,193.606254,-1.5193001202083791,多,119.788,119.533,21.3,1
1766102642.389495,2025-12-19 00:04:02,2025-12-19 08:04:02,BarData,119.587,0,0.0,0.0,193.487254,0.0,❌ 震荡 (Gap 4.4 < 10),119.587,119.535,4.4,0
1766102700.2926369,2025-12-19 00:05:00,2025-12-19 08:05:00,BarData,119.384,0,0.0,0.0,193.487254,0.0,✅ 触发交易,119.384,119.530,12.2,-1
1766102704.1499107,2025-12-19 00:05:04,2025-12-19 08:05:04,Strategy_Open,119.384,1.0,0,-1.0,193.463254,0.0,Strategy_Signal,119.384,119.530,12.2,-1
1766102760.111589,2025-12-19 00:06:00,2025-12-19 08:06:00,BarData,119.389,0,-1.0,-1.0,193.401254,0.0,✅ 触发交易,119.389,119.525,11.4,-1
1766102820.5124762,2025-12-19 00:07:00,2025-12-19 08:07:00,BarData,119.34,0,-1.0,-1.0,193.522254,0.0,✅ 触发交易,119.340,119.519,15.0,-1
1766102880.321153,2025-12-19 00:08:00,2025-12-19 08:08:00,BarData,119.439,0,-1.0,-1.0,193.41825400000002,0.0,❌ 震荡 (Gap 6.5 < 10),119.439,119.517,6.5,0
1766102881.0171113,2025-12-19 00:08:01,2025-12-19 08:08:01,PnlRecord,119.439,0,0,0,193.41825400000002,-0.3769033619778841,空,119.439,119.517,6.5,0
1766102881.325963,2025-12-19 00:08:01,2025-12-19 08:08:01,CloseSignal,119.439,1.0,-1.0,0,193.41825400000002,0.0,Strategy_TrendEnd,119.439,119.517,6.5,0
1766102941.0117478,2025-12-19 00:09:01,2025-12-19 08:09:01,BarData,119.606,0,0.0,0.0,193.451254,0.0,❌ 震荡 (Gap 7.2 < 10),119.606,119.520,7.2,0
1766103000.1191227,2025-12-19 00:10:00,2025-12-19 08:10:00,BarData,119.604,0,0.0,0.0,193.451254,0.0,❌ 震荡 (Gap 6.8 < 10),119.604,119.522,6.8,0
1766103060.1602378,2025-12-19 00:11:00,2025-12-19 08:11:00,BarData,119.681,0,0.0,0.0,193.451254,0.0,✅ 触发交易,119.681,119.528,12.8,1
1766103064.0128405,2025-12-19 00:11:04,2025-12-19 08:11:04,Strategy_Open,119.681,1.0,0,1.0,193.417672,0.0,Strategy_Signal,119.681,119.528,12.8,1
1766103120.3553245,2025-12-19 00:12:00,2025-12-19 08:12:00,BarData,119.749,0,1.0,1.0,193.513672,0.0,✅ 触发交易,119.749,119.535,17.9,1
1766103180.312956,2025-12-19 00:13:00,2025-12-19 08:13:00,BarData,119.681,0,1.0,1.0,193.44267200000002,0.0,✅ 触发交易,119.681,119.540,11.8,1
1766103240.341037,2025-12-19 00:14:00,2025-12-19 08:14:00,BarData,119.61,0,1.0,1.0,193.40167200000002,0.0,❌ 震荡 (Gap 5.7 < 10),119.610,119.542,5.7,0
1766103241.024489,2025-12-19 00:14:01,2025-12-19 08:14:01,PnlRecord,119.61,0,0,0,193.40167200000002,-0.6099446036614014,多,119.610,119.542,5.7,0
1766103241.333808,2025-12-19 00:14:01,2025-12-19 08:14:01,CloseSignal,119.61,1.0,1.0,0,193.40167200000002,0.0,Strategy_TrendEnd,119.610,119.542,5.7,0
1766103300.1712327,2025-12-19 00:15:00,2025-12-19 08:15:00,BarData,119.47,0,0.0,0.0,193.341672,0.0,❌ 震荡 (Gap 5.8 < 10),119.470,119.540,5.8,0
1766103361.679923,2025-12-19 00:16:01,2025-12-19 08:16:01,BarData,119.534,0,0.0,0.0,193.341672,0.0,❌ 震荡 (Gap 0.4 < 10),119.534,119.539,0.4,0
1766103420.2252972,2025-12-19 00:17:00,2025-12-19 08:17:00,BarData,119.501,0,0.0,0.0,193.341672,0.0,❌ 震荡 (Gap 3.1 < 10),119.501,119.538,3.1,0
1766103480.3803706,2025-12-19 00:18:00,2025-12-19 08:18:00,BarData,119.656,0,0.0,0.0,193.341672,0.0,❌ 震荡 (Gap 9.5 < 10),119.656,119.542,9.5,0
1766103540.3219981,2025-12-19 00:19:00,2025-12-19 08:19:00,BarData,119.565,0,0.0,0.0,193.341672,0.0,❌ 震荡 (Gap 1.9 < 10),119.565,119.543,1.9,0
1766103600.415949,2025-12-19 00:20:00,2025-12-19 08:20:00,BarData,119.428,0,0.0,0.0,193.341672,0.0,❌ 震荡 (Gap 9.3 < 10),119.428,119.539,9.3,0
1766103660.2384167,2025-12-19 00:21:00,2025-12-19 08:21:00,BarData,119.575,0,0.0,0.0,193.341672,0.0,❌ 震荡 (Gap 2.9 < 10),119.575,119.540,2.9,0
1766103721.168883,2025-12-19 00:22:01,2025-12-19 08:22:01,BarData,119.689,0,0.0,0.0,193.341672,0.0,✅ 触发交易,119.689,119.545,12.0,1
1766103725.0395203,2025-12-19 00:22:05,2025-12-19 08:22:05,Strategy_Open,119.689,1.0,0,1.0,193.324672,0.0,Strategy_Signal,119.689,119.545,12.0,1
1766103781.876902,2025-12-19 00:23:01,2025-12-19 08:23:01,SL,119.534,1.0,1.0,0.0,193.206672,0.0,🛡️ 止损 (-1.19%),119.689,119.545,12.0,1
1766103781.8771796,2025-12-19 00:23:01,2025-12-19 08:23:01,PnlRecord,119.534,0,0,0,193.26367199999999,-1.1865369831879065,多,119.689,119.545,12.0,1
1766103784.8123305,2025-12-19 00:23:04,2025-12-19 08:23:04,BarData,119.523,0,0.0,0.0,193.206672,0.0,❌ 震荡 (Gap 1.8 < 10),119.523,119.544,1.8,0
1766103841.868123,2025-12-19 00:24:01,2025-12-19 08:24:01,BarData,119.271,0,0.0,0.0,193.206672,0.0,✅ 触发交易,119.271,119.535,22.2,-1
1766103845.735264,2025-12-19 00:24:05,2025-12-19 08:24:05,Strategy_Open,119.271,1.0,0,-1.0,193.214672,0.0,Strategy_Signal,119.271,119.535,22.2,-1
1766103902.0150125,2025-12-19 00:25:02,2025-12-19 08:25:02,BarData,119.329,0,-1.0,-1.0,193.173672,0.0,✅ 触发交易,119.329,119.529,16.7,-1
1766103960.719305,2025-12-19 00:26:00,2025-12-19 08:26:00,BarData,119.265,0,-1.0,-1.0,193.193672,0.0,✅ 触发交易,119.265,119.520,21.4,-1
1766104021.0852838,2025-12-19 00:27:01,2025-12-19 08:27:01,BarData,119.231,0,-1.0,-1.0,193.181672,0.0,✅ 触发交易,119.231,119.510,23.4,-1
1766104080.081916,2025-12-19 00:28:00,2025-12-19 08:28:00,BarData,119.216,0,-1.0,-1.0,193.243672,0.0,✅ 触发交易,119.216,119.501,23.9,-1
1766104140.1673884,2025-12-19 00:29:00,2025-12-19 08:29:00,BarData,119.225,0,-1.0,-1.0,193.214672,0.0,✅ 触发交易,119.225,119.492,22.4,-1
1766104200.5758579,2025-12-19 00:30:00,2025-12-19 08:30:00,BarData,119.149,0,-1.0,-1.0,193.288672,0.0,✅ 触发交易,119.149,119.481,27.8,-1
1766104260.7462904,2025-12-19 00:31:00,2025-12-19 08:31:00,BarData,119.065,0,-1.0,-1.0,193.330672,0.0,✅ 触发交易,119.065,119.467,33.8,-1
1766104320.6340644,2025-12-19 00:32:00,2025-12-19 08:32:00,BarData,118.804,0,-1.0,-1.0,193.704672,0.0,✅ 触发交易,118.804,119.445,54.0,-1
1766104381.8562841,2025-12-19 00:33:01,2025-12-19 08:33:01,BarData,118.719,0,-1.0,-1.0,193.734672,0.0,✅ 触发交易,118.719,119.421,59.2,-1
1766104440.3472002,2025-12-19 00:34:00,2025-12-19 08:34:00,BarData,118.82,0,-1.0,-1.0,193.683672,0.0,✅ 触发交易,118.820,119.402,49.0,-1
1766104500.2258651,2025-12-19 00:35:00,2025-12-19 08:35:00,BarData,118.735,0,-1.0,-1.0,193.683672,0.0,✅ 触发交易,118.735,119.380,54.3,-1
1766104560.4039965,2025-12-19 00:36:00,2025-12-19 08:36:00,BarData,118.72,0,-1.0,-1.0,193.774672,0.0,✅ 触发交易,118.720,119.358,53.8,-1
1766104582.5232964,2025-12-19 00:36:22,2025-12-19 08:36:22,TP,118.64,1.0,-1.0,0.0,193.822672,0.0,🚀 止盈 (+5.15%),118.720,119.358,53.8,-1
1766104582.5236034,2025-12-19 00:36:22,2025-12-19 08:36:22,PnlRecord,118.64,0,0,0,193.797672,5.148674258305838,空,118.720,119.358,53.8,-1
1766104622.0138535,2025-12-19 00:37:02,2025-12-19 08:37:02,BarData,118.739,0,0.0,0.0,193.822672,0.0,✅ 触发交易,118.739,119.338,50.4,-1
1766104625.8811705,2025-12-19 00:37:05,2025-12-19 08:37:05,Strategy_Open,118.739,1.0,0,-1.0,193.80767200000003,0.0,Strategy_Signal,118.739,119.338,50.4,-1
1766104682.646844,2025-12-19 00:38:02,2025-12-19 08:38:02,BarData,118.64,0,-1.0,-1.0,193.934672,0.0,✅ 触发交易,118.640,119.315,56.9,-1
1766104740.7851286,2025-12-19 00:39:00,2025-12-19 08:39:00,BarData,118.654,0,-1.0,-1.0,193.921672,0.0,✅ 触发交易,118.654,119.293,53.9,-1
1766104800.3868136,2025-12-19 00:40:00,2025-12-19 08:40:00,BarData,118.553,0,-1.0,-1.0,193.96667200000002,0.0,✅ 触发交易,118.553,119.269,60.4,-1
1766104835.5910916,2025-12-19 00:40:35,2025-12-19 08:40:35,TP,118.142,1.0,-1.0,0.0,194.385672,0.0,🚀 止盈 (+5.11%),118.553,119.269,60.4,-1
1766104835.5913918,2025-12-19 00:40:35,2025-12-19 08:40:35,PnlRecord,118.142,0,0,0,194.24767200000002,5.111621992606248,空,118.553,119.269,60.4,-1
1766104860.1345985,2025-12-19 00:41:00,2025-12-19 08:41:00,BarData,118.318,0,0.0,0.0,194.385672,0.0,✅ 触发交易,118.318,119.238,77.7,-1
1766104863.9758208,2025-12-19 00:41:03,2025-12-19 08:41:03,Strategy_Open,118.318,1.0,0,-1.0,194.354672,0.0,Strategy_Signal,118.318,119.238,77.7,-1
1766104920.1220891,2025-12-19 00:42:00,2025-12-19 08:42:00,BarData,118.225,0,-1.0,-1.0,194.419672,0.0,✅ 触发交易,118.225,119.205,82.9,-1
1766104980.1957972,2025-12-19 00:43:00,2025-12-19 08:43:00,BarData,118.188,0,-1.0,-1.0,194.531672,0.0,✅ 触发交易,118.188,119.171,83.2,-1
1766105040.1031559,2025-12-19 00:44:00,2025-12-19 08:44:00,BarData,118.115,0,-1.0,-1.0,194.551672,0.0,✅ 触发交易,118.115,119.137,86.5,-1
1766105100.1794248,2025-12-19 00:45:00,2025-12-19 08:45:00,BarData,118.11,0,-1.0,-1.0,194.603672,0.0,✅ 触发交易,118.110,119.103,84.1,-1
1766105161.9528673,2025-12-19 00:46:01,2025-12-19 08:46:01,BarData,118.159,0,-1.0,-1.0,194.532672,0.0,✅ 触发交易,118.159,119.072,77.3,-1
1766105220.4470987,2025-12-19 00:47:00,2025-12-19 08:47:00,BarData,118.172,0,-1.0,-1.0,194.516672,0.0,✅ 触发交易,118.172,119.043,73.7,-1
1766105280.7531338,2025-12-19 00:48:00,2025-12-19 08:48:00,BarData,118.175,0,-1.0,-1.0,194.518672,0.0,✅ 触发交易,118.175,119.014,71.0,-1
1766105340.0896006,2025-12-19 00:49:00,2025-12-19 08:49:00,BarData,118.041,0,-1.0,-1.0,194.51967199999999,0.0,✅ 触发交易,118.041,118.982,79.7,-1
1766105400.478995,2025-12-19 00:50:00,2025-12-19 08:50:00,BarData,117.807,0,-1.0,-1.0,194.893672,0.0,✅ 触发交易,117.807,118.944,96.5,-1
1766105460.5765646,2025-12-19 00:51:00,2025-12-19 08:51:00,BarData,118.186,0,-1.0,-1.0,194.514672,0.0,✅ 触发交易,118.186,118.919,62.0,-1
1766105520.2594662,2025-12-19 00:52:00,2025-12-19 08:52:00,BarData,118.348,0,-1.0,-1.0,194.457672,0.0,✅ 触发交易,118.348,118.900,46.7,-1
1766105531.5768626,2025-12-19 00:52:11,2025-12-19 08:52:11,SL,118.455,1.0,-1.0,0.0,194.250672,0.0,🛡️ 止损 (-1.17%),118.348,118.900,46.7,-1
1766105531.577136,2025-12-19 00:52:11,2025-12-19 08:52:11,PnlRecord,118.455,0,0,0,194.457672,-1.1663581733817223,空,118.348,118.900,46.7,-1
1766105580.3846045,2025-12-19 00:53:00,2025-12-19 08:53:00,BarData,118.378,0,0.0,0.0,194.250672,0.0,✅ 触发交易,118.378,118.883,42.7,-1
1766105584.2465205,2025-12-19 00:53:04,2025-12-19 08:53:04,Strategy_Open,118.378,1.0,0,-1.0,194.225672,0.0,Strategy_Signal,118.378,118.883,42.7,-1
1766105640.2247772,2025-12-19 00:54:00,2025-12-19 08:54:00,BarData,118.161,0,-1.0,-1.0,194.40767200000002,0.0,✅ 触发交易,118.161,118.859,59.1,-1
1766105702.9318092,2025-12-19 00:55:02,2025-12-19 08:55:02,BarData,118.139,0,-1.0,-1.0,194.489672,0.0,✅ 触发交易,118.139,118.836,59.0,-1
1766105760.3921652,2025-12-19 00:56:00,2025-12-19 08:56:00,BarData,118.162,0,-1.0,-1.0,194.470672,0.0,✅ 触发交易,118.162,118.814,55.1,-1
1766105820.4306624,2025-12-19 00:57:00,2025-12-19 08:57:00,BarData,118.151,0,-1.0,-1.0,194.453672,0.0,✅ 触发交易,118.151,118.792,54.2,-1
1766105880.5402663,2025-12-19 00:58:00,2025-12-19 08:58:00,BarData,118.192,0,-1.0,-1.0,194.45567200000002,0.0,✅ 触发交易,118.192,118.772,49.1,-1
1766105942.7126234,2025-12-19 00:59:02,2025-12-19 08:59:02,BarData,118.25,0,-1.0,-1.0,194.356672,0.0,✅ 触发交易,118.250,118.755,42.7,-1
1766106000.177199,2025-12-19 01:00:00,2025-12-19 09:00:00,BarData,118.311,0,-1.0,-1.0,194.31767200000002,0.0,✅ 触发交易,118.311,118.741,36.3,-1
1766106060.2654302,2025-12-19 01:01:00,2025-12-19 09:01:00,BarData,118.209,0,-1.0,-1.0,194.32694700000002,0.0,✅ 触发交易,118.209,118.723,43.5,-1
1766106121.2375922,2025-12-19 01:02:01,2025-12-19 09:02:01,BarData,118.002,0,-1.0,-1.0,194.57094700000002,0.0,✅ 触发交易,118.002,118.699,59.1,-1
1766106180.434872,2025-12-19 01:03:00,2025-12-19 09:03:00,BarData,117.999,0,-1.0,-1.0,194.64294700000002,0.0,✅ 触发交易,117.999,118.676,57.4,-1
1766106240.760693,2025-12-19 01:04:00,2025-12-19 09:04:00,BarData,117.963,0,-1.0,-1.0,194.64294700000002,0.0,✅ 触发交易,117.963,118.653,58.5,-1
1766106300.4041858,2025-12-19 01:05:00,2025-12-19 09:05:00,BarData,117.837,0,-1.0,-1.0,194.78494700000002,0.0,✅ 触发交易,117.837,118.626,67.0,-1
1766106360.1986713,2025-12-19 01:06:00,2025-12-19 09:06:00,BarData,117.857,0,-1.0,-1.0,194.799947,0.0,✅ 触发交易,117.857,118.601,63.1,-1
1766106421.262579,2025-12-19 01:07:01,2025-12-19 09:07:01,BarData,117.83,0,-1.0,-1.0,194.80994700000002,0.0,✅ 触发交易,117.830,118.576,63.3,-1
1766106480.5696957,2025-12-19 01:08:00,2025-12-19 09:08:00,BarData,117.979,0,-1.0,-1.0,194.663947,0.0,✅ 触发交易,117.979,118.556,48.9,-1
1766106541.3565753,2025-12-19 01:09:01,2025-12-19 09:09:01,BarData,118.237,0,-1.0,-1.0,194.432947,0.0,✅ 触发交易,118.237,118.546,26.1,-1
1766106602.5974705,2025-12-19 01:10:02,2025-12-19 09:10:02,BarData,118.095,0,-1.0,-1.0,194.447947,0.0,✅ 触发交易,118.095,118.531,36.9,-1
1766106660.478694,2025-12-19 01:11:00,2025-12-19 09:11:00,BarData,118.27,0,-1.0,-1.0,194.292947,0.0,✅ 触发交易,118.270,118.522,21.3,-1
1766106720.433154,2025-12-19 01:12:00,2025-12-19 09:12:00,BarData,118.333,0,-1.0,-1.0,194.325947,0.0,✅ 触发交易,118.333,118.516,15.5,-1
1766106780.7525127,2025-12-19 01:13:00,2025-12-19 09:13:00,BarData,118.293,0,-1.0,-1.0,194.345947,0.0,✅ 触发交易,118.293,118.509,18.3,-1
1766106840.237031,2025-12-19 01:14:00,2025-12-19 09:14:00,BarData,118.044,0,-1.0,-1.0,194.37994700000002,0.0,✅ 触发交易,118.044,118.494,38.1,-1
1766106900.506678,2025-12-19 01:15:00,2025-12-19 09:15:00,BarData,118.197,0,-1.0,-1.0,194.432947,0.0,✅ 触发交易,118.197,118.484,24.3,-1
1766106960.5772483,2025-12-19 01:16:00,2025-12-19 09:16:00,BarData,118.263,0,-1.0,-1.0,194.369947,0.0,✅ 触发交易,118.263,118.477,18.1,-1
1766107020.241539,2025-12-19 01:17:00,2025-12-19 09:17:00,BarData,118.379,0,-1.0,-1.0,194.239947,0.0,❌ 震荡 (Gap 8.0 < 10),118.379,118.474,8.0,0
1766107020.9528606,2025-12-19 01:17:00,2025-12-19 09:17:00,PnlRecord,118.379,0,0,0,194.239947,-0.00844751558570659,空,118.379,118.474,8.0,0
1766107021.5084026,2025-12-19 01:17:01,2025-12-19 09:17:01,CloseSignal,118.379,1.0,-1.0,0,194.239947,0.0,Strategy_TrendEnd,118.379,118.474,8.0,0
1766107080.457775,2025-12-19 01:18:00,2025-12-19 09:18:00,BarData,118.341,0,0.0,0.0,194.175948,0.0,✅ 触发交易,118.341,118.469,10.8,-1
1766107084.4442477,2025-12-19 01:18:04,2025-12-19 09:18:04,Strategy_Open,118.341,1.0,0,-1.0,194.152948,0.0,Strategy_Signal,118.341,118.469,10.8,-1
1766107130.3512354,2025-12-19 01:18:50,2025-12-19 09:18:50,SL,118.474,1.0,-1.0,0.0,194.067948,0.0,🛡️ 止损 (-1.15%),118.341,118.469,10.8,-1
1766107130.3533292,2025-12-19 01:18:50,2025-12-19 09:18:50,PnlRecord,118.474,0,0,0,194.146948,-1.1492504520949305,空,118.341,118.469,10.8,-1
1766107140.6244175,2025-12-19 01:19:00,2025-12-19 09:19:00,BarData,118.411,0,0.0,0.0,194.067948,0.0,❌ 震荡 (Gap 4.8 < 10),118.411,118.467,4.8,0
1766107201.1389818,2025-12-19 01:20:01,2025-12-19 09:20:01,BarData,118.181,0,0.0,0.0,194.067948,0.0,✅ 触发交易,118.181,118.458,23.4,-1
1766107205.071256,2025-12-19 01:20:05,2025-12-19 09:20:05,Strategy_Open,118.181,1.0,0,-1.0,194.125948,0.0,Strategy_Signal,118.181,118.458,23.4,-1
1766107261.2540114,2025-12-19 01:21:01,2025-12-19 09:21:01,BarData,118.112,0,-1.0,-1.0,194.119948,0.0,✅ 触发交易,118.112,118.447,28.3,-1
1766107320.0851061,2025-12-19 01:22:00,2025-12-19 09:22:00,BarData,117.937,0,-1.0,-1.0,194.390948,0.0,✅ 触发交易,117.937,118.430,41.8,-1
1766107380.5050766,2025-12-19 01:23:00,2025-12-19 09:23:00,BarData,117.835,0,-1.0,-1.0,194.379948,0.0,✅ 触发交易,117.835,118.410,48.8,-1
1766107440.270427,2025-12-19 01:24:00,2025-12-19 09:24:00,BarData,118.059,0,-1.0,-1.0,194.379948,0.0,✅ 触发交易,118.059,118.399,28.8,-1
1766107502.1184082,2025-12-19 01:25:02,2025-12-19 09:25:02,BarData,118.117,0,-1.0,-1.0,194.107948,0.0,✅ 触发交易,118.117,118.390,23.1,-1
1766107560.083089,2025-12-19 01:26:00,2025-12-19 09:26:00,BarData,117.953,0,-1.0,-1.0,194.216948,0.0,✅ 触发交易,117.953,118.375,35.8,-1
1766107622.7177598,2025-12-19 01:27:02,2025-12-19 09:27:02,BarData,117.972,0,-1.0,-1.0,194.250948,0.0,✅ 触发交易,117.972,118.362,33.1,-1
1766107680.0801876,2025-12-19 01:28:00,2025-12-19 09:28:00,BarData,118.018,0,-1.0,-1.0,194.224948,0.0,✅ 触发交易,118.018,118.351,28.2,-1
1766107740.4332101,2025-12-19 01:29:00,2025-12-19 09:29:00,BarData,117.886,0,-1.0,-1.0,194.385948,0.0,✅ 触发交易,117.886,118.336,38.1,-1
1766107804.661959,2025-12-19 01:30:04,2025-12-19 09:30:04,TP,117.584,1.0,-1.0,0.0,194.581948,0.0,🚀 止盈 (+5.02%),117.886,118.336,38.1,-1
1766107804.6632614,2025-12-19 01:30:04,2025-12-19 09:30:04,PnlRecord,117.584,0,0,0,194.604948,5.017896883488357,空,117.886,118.336,38.1,-1
1766107807.1309125,2025-12-19 01:30:07,2025-12-19 09:30:07,BarData,117.584,0,0.0,0.0,194.581948,0.0,✅ 触发交易,117.584,118.311,61.8,-1
1766107810.6538072,2025-12-19 01:30:10,2025-12-19 09:30:10,Strategy_Open,117.584,1.0,0,-1.0,194.55294800000001,0.0,Strategy_Signal,117.584,118.311,61.8,-1
1766107860.5151176,2025-12-19 01:31:00,2025-12-19 09:31:00,BarData,117.604,0,-1.0,-1.0,194.628948,0.0,✅ 触发交易,117.604,118.288,58.1,-1
1766107920.5263236,2025-12-19 01:32:00,2025-12-19 09:32:00,BarData,117.775,0,-1.0,-1.0,194.532948,0.0,✅ 触发交易,117.775,118.271,42.1,-1
1766107980.657666,2025-12-19 01:33:00,2025-12-19 09:33:00,BarData,117.787,0,-1.0,-1.0,194.508948,0.0,✅ 触发交易,117.787,118.255,39.7,-1
1766108771.6394153,2025-12-19 01:46:11,2025-12-19 09:46:11,SL,117.915,1.0,-1.0,0.0,194.378948,0.0,🛡️ 止损 (-1.72%),117.787,118.255,39.7,-1
1766108771.6496153,2025-12-19 01:46:11,2025-12-19 09:46:11,PnlRecord,117.915,0,0,0,194.533948,-1.7160381606110826,空,117.787,118.255,39.7,-1
1766108775.6392884,2025-12-19 01:46:15,2025-12-19 09:46:15,BarData,117.915,0,0.0,0.0,194.378948,0.0,✅ 触发交易,117.915,118.244,27.9,-1
1766108779.361481,2025-12-19 01:46:19,2025-12-19 09:46:19,Strategy_Open,117.915,1.0,0,-1.0,194.371948,0.0,Strategy_Signal,117.915,118.244,27.9,-1
1766108780.2633333,2025-12-19 01:46:20,2025-12-19 09:46:20,BarData,117.902,0,-1.0,-1.0,194.36294800000002,0.0,✅ 触发交易,117.902,118.233,28.0,-1
1766108780.855109,2025-12-19 01:46:20,2025-12-19 09:46:20,BarData,117.902,0,-1.0,-1.0,194.36294800000002,0.0,✅ 触发交易,117.902,118.222,27.1,-1
1766108781.4440637,2025-12-19 01:46:21,2025-12-19 09:46:21,BarData,117.899,0,-1.0,-1.0,194.36294800000002,0.0,✅ 触发交易,117.899,118.211,26.5,-1
1766108782.0206802,2025-12-19 01:46:22,2025-12-19 09:46:22,BarData,117.899,0,-1.0,-1.0,194.36294800000002,0.0,✅ 触发交易,117.899,118.201,25.6,-1
1766108782.596306,2025-12-19 01:46:22,2025-12-19 09:46:22,BarData,117.899,0,-1.0,-1.0,194.36294800000002,0.0,✅ 触发交易,117.899,118.191,24.8,-1
1766108783.170474,2025-12-19 01:46:23,2025-12-19 09:46:23,BarData,117.899,0,-1.0,-1.0,194.36294800000002,0.0,✅ 触发交易,117.899,118.182,24.0,-1
1766108783.7476873,2025-12-19 01:46:23,2025-12-19 09:46:23,BarData,117.899,0,-1.0,-1.0,194.36294800000002,0.0,✅ 触发交易,117.899,118.172,23.2,-1
1766108784.3217676,2025-12-19 01:46:24,2025-12-19 09:46:24,BarData,117.907,0,-1.0,-1.0,194.36294800000002,0.0,✅ 触发交易,117.907,118.164,21.8,-1
1766108784.9491746,2025-12-19 01:46:24,2025-12-19 09:46:24,BarData,117.899,0,-1.0,-1.0,194.36294800000002,0.0,✅ 触发交易,117.899,118.155,21.7,-1
1766108785.5876641,2025-12-19 01:46:25,2025-12-19 09:46:25,BarData,117.899,0,-1.0,-1.0,194.36294800000002,0.0,✅ 触发交易,117.899,118.147,21.0,-1
1766108786.2223654,2025-12-19 01:46:26,2025-12-19 09:46:26,BarData,117.902,0,-1.0,-1.0,194.36294800000002,0.0,✅ 触发交易,117.902,118.138,20.1,-1
1766108786.8656294,2025-12-19 01:46:26,2025-12-19 09:46:26,BarData,117.902,0,-1.0,-1.0,194.36294800000002,0.0,✅ 触发交易,117.902,118.131,19.4,-1
1766108820.1716893,2025-12-19 01:47:00,2025-12-19 09:47:00,BarData,117.752,0,-1.0,-1.0,194.436948,0.0,✅ 触发交易,117.752,118.118,31.1,-1
1766108880.4246247,2025-12-19 01:48:00,2025-12-19 09:48:00,BarData,117.856,0,-1.0,-1.0,194.406948,0.0,✅ 触发交易,117.856,118.110,21.5,-1
1766108940.8503497,2025-12-19 01:49:00,2025-12-19 09:49:00,BarData,117.757,0,-1.0,-1.0,194.47594800000002,0.0,✅ 触发交易,117.757,118.098,29.0,-1
1766109000.67391,2025-12-19 01:50:00,2025-12-19 09:50:00,BarData,117.705,0,-1.0,-1.0,194.57694800000002,0.0,✅ 触发交易,117.705,118.085,32.3,-1
1766109060.6637366,2025-12-19 01:51:00,2025-12-19 09:51:00,BarData,117.889,0,-1.0,-1.0,194.366948,0.0,✅ 触发交易,117.889,118.079,16.1,-1
1766109103.8112814,2025-12-19 01:51:43,2025-12-19 09:51:43,SL,118.097,1.0,-1.0,0.0,194.178948,0.0,🛡️ 止损 (-1.82%),117.889,118.079,16.1,-1
1766109103.8393576,2025-12-19 01:51:43,2025-12-19 09:51:43,PnlRecord,118.097,0,0,0,194.342948,-1.8153592969299956,空,117.889,118.079,16.1,-1
1766109120.358777,2025-12-19 01:52:00,2025-12-19 09:52:00,BarData,118.176,0,0.0,0.0,194.178948,0.0,❌ 震荡 (Gap 8.0 < 10),118.176,118.082,8.0,0
1766109180.3076649,2025-12-19 01:53:00,2025-12-19 09:53:00,BarData,118.238,0,0.0,0.0,194.178948,0.0,❌ 快线向下,118.238,118.087,12.8,0
1766109240.4335542,2025-12-19 01:54:00,2025-12-19 09:54:00,BarData,118.453,0,0.0,0.0,194.178948,0.0,❌ 快线向下,118.453,118.099,29.9,0
1766109300.491594,2025-12-19 01:55:00,2025-12-19 09:55:00,BarData,118.339,0,0.0,0.0,194.178948,0.0,❌ 快线向下,118.339,118.107,19.6,0
1766109362.686594,2025-12-19 01:56:02,2025-12-19 09:56:02,BarData,118.282,0,0.0,0.0,194.178948,0.0,❌ 快线向下,118.282,118.113,14.3,0
1766109420.7381442,2025-12-19 01:57:00,2025-12-19 09:57:00,BarData,118.345,0,0.0,0.0,194.178948,0.0,❌ 快线向下,118.345,118.120,19.0,0
1766109480.3273344,2025-12-19 01:58:00,2025-12-19 09:58:00,BarData,118.361,0,0.0,0.0,194.178948,0.0,❌ 快线向下,118.361,118.128,19.7,0
1766109540.121615,2025-12-19 01:59:00,2025-12-19 09:59:00,BarData,118.293,0,0.0,0.0,194.178948,0.0,❌ 快线向下,118.293,118.134,13.5,0
1766109602.5736659,2025-12-19 02:00:02,2025-12-19 10:00:02,BarData,118.258,0,0.0,0.0,194.178948,0.0,❌ 快线向下,118.258,118.138,10.2,0
1766109662.598932,2025-12-19 02:01:02,2025-12-19 10:01:02,BarData,118.125,0,0.0,0.0,194.178948,0.0,❌ 震荡 (Gap 1.0 < 10),118.125,118.137,1.0,0
1766109720.1728418,2025-12-19 02:02:00,2025-12-19 10:02:00,BarData,118.079,0,0.0,0.0,194.178948,0.0,❌ 震荡 (Gap 4.8 < 10),118.079,118.135,4.8,0
1766109780.4721951,2025-12-19 02:03:00,2025-12-19 10:03:00,BarData,118.155,0,0.0,0.0,194.178948,0.0,❌ 震荡 (Gap 1.6 < 10),118.155,118.136,1.6,0
1766109840.234337,2025-12-19 02:04:00,2025-12-19 10:04:00,BarData,117.954,0,0.0,0.0,194.178948,0.0,✅ 触发交易,117.954,118.130,14.9,-1
1766109844.3971958,2025-12-19 02:04:04,2025-12-19 10:04:04,Strategy_Open,117.954,1.0,0,-1.0,194.19994799999998,0.0,Strategy_Signal,117.954,118.130,14.9,-1
1766109900.3329723,2025-12-19 02:05:00,2025-12-19 10:05:00,BarData,117.998,0,-1.0,-1.0,194.145948,0.0,✅ 触发交易,117.998,118.126,10.8,-1
1766109920.0492332,2025-12-19 02:05:20,2025-12-19 10:05:20,SL,118.096,1.0,-1.0,0.0,194.004948,0.0,🛡️ 止损 (-1.26%),117.998,118.126,10.8,-1
1766109920.0561352,2025-12-19 02:05:20,2025-12-19 10:05:20,PnlRecord,118.096,0,0,0,194.145948,-1.263279269502411,空,117.998,118.126,10.8,-1
1766109960.6909444,2025-12-19 02:06:00,2025-12-19 10:06:00,BarData,117.999,0,0.0,0.0,194.004948,0.0,✅ 触发交易,117.999,118.122,10.4,-1
1766109964.7770476,2025-12-19 02:06:04,2025-12-19 10:06:04,Strategy_Open,117.999,1.0,0,-1.0,194.01294800000002,0.0,Strategy_Signal,117.999,118.122,10.4,-1
1766110020.196191,2025-12-19 02:07:00,2025-12-19 10:07:00,BarData,118.048,0,-1.0,-1.0,193.94794800000003,0.0,❌ 震荡 (Gap 6.0 < 10),118.048,118.119,6.0,0
1766110020.9303277,2025-12-19 02:07:00,2025-12-19 10:07:00,PnlRecord,118.048,0,0,0,193.94794800000003,-0.43221437833166887,空,118.048,118.119,6.0,0
1766110021.6349003,2025-12-19 02:07:01,2025-12-19 10:07:01,CloseSignal,118.048,1.0,-1.0,0,193.94794800000003,0.0,Strategy_TrendEnd,118.048,118.119,6.0,0
1766110080.4594684,2025-12-19 02:08:00,2025-12-19 10:08:00,BarData,118.075,0,0.0,0.0,193.968948,0.0,❌ 震荡 (Gap 3.6 < 10),118.075,118.118,3.6,0
1766110140.4353218,2025-12-19 02:09:00,2025-12-19 10:09:00,BarData,118.279,0,0.0,0.0,193.968948,0.0,❌ 快线向下,118.279,118.123,13.2,0
1766110200.1669192,2025-12-19 02:10:00,2025-12-19 10:10:00,BarData,117.971,0,0.0,0.0,193.968948,0.0,✅ 触发交易,117.971,118.118,12.5,-1
1766110204.317009,2025-12-19 02:10:04,2025-12-19 10:10:04,Strategy_Open,117.971,1.0,0,-1.0,193.944948,0.0,Strategy_Signal,117.971,118.118,12.5,-1
1766110227.9101844,2025-12-19 02:10:27,2025-12-19 10:10:27,SL,118.071,1.0,-1.0,0.0,193.821948,0.0,🛡️ 止损 (-1.23%),117.971,118.118,12.5,-1
1766110227.9159656,2025-12-19 02:10:27,2025-12-19 10:10:27,PnlRecord,118.071,0,0,0,193.907948,-1.2295846547834746,空,117.971,118.118,12.5,-1
1766110260.3545754,2025-12-19 02:11:00,2025-12-19 10:11:00,BarData,117.927,0,0.0,0.0,193.821948,0.0,✅ 触发交易,117.927,118.112,15.7,-1
1766110264.4935107,2025-12-19 02:11:04,2025-12-19 10:11:04,Strategy_Open,117.927,1.0,0,-1.0,193.814948,0.0,Strategy_Signal,117.927,118.112,15.7,-1
1766110321.1506052,2025-12-19 02:12:01,2025-12-19 10:12:01,BarData,117.909,0,-1.0,-1.0,193.883948,0.0,✅ 触发交易,117.909,118.105,16.6,-1
1766110333.798885,2025-12-19 02:12:13,2025-12-19 10:12:13,SL,118.126,1.0,-1.0,0.0,193.560731,0.0,🛡️ 止损 (-1.66%),117.909,118.105,16.6,-1
1766110333.8075185,2025-12-19 02:12:13,2025-12-19 10:12:13,PnlRecord,118.126,0,0,0,193.782948,-1.6620028830662084,空,117.909,118.105,16.6,-1
1766110382.7241826,2025-12-19 02:13:02,2025-12-19 10:13:02,BarData,118.134,0,0.0,0.0,193.560731,0.0,❌ 震荡 (Gap 2.4 < 10),118.134,118.106,2.4,0
1766110440.0939016,2025-12-19 02:14:00,2025-12-19 10:14:00,BarData,118.123,0,0.0,0.0,193.560731,0.0,❌ 震荡 (Gap 1.4 < 10),118.123,118.107,1.4,0
1766110500.604196,2025-12-19 02:15:00,2025-12-19 10:15:00,BarData,117.991,0,0.0,0.0,193.560731,0.0,❌ 震荡 (Gap 9.5 < 10),117.991,118.103,9.5,0
1766110560.5660381,2025-12-19 02:16:00,2025-12-19 10:16:00,BarData,118.027,0,0.0,0.0,193.560731,0.0,❌ 震荡 (Gap 6.2 < 10),118.027,118.100,6.2,0
1766110620.2621734,2025-12-19 02:17:00,2025-12-19 10:17:00,BarData,117.987,0,0.0,0.0,193.560731,0.0,❌ 震荡 (Gap 9.3 < 10),117.987,118.097,9.3,0
1766110680.3179822,2025-12-19 02:18:00,2025-12-19 10:18:00,BarData,118.066,0,0.0,0.0,193.560731,0.0,❌ 震荡 (Gap 2.5 < 10),118.066,118.096,2.5,0
1766110741.2774634,2025-12-19 02:19:01,2025-12-19 10:19:01,BarData,118.028,0,0.0,0.0,193.560731,0.0,❌ 震荡 (Gap 5.5 < 10),118.028,118.093,5.5,0
1766110800.1793175,2025-12-19 02:20:00,2025-12-19 10:20:00,BarData,117.939,0,0.0,0.0,193.560731,0.0,✅ 触发交易,117.939,118.088,12.7,-1
1766110804.1499066,2025-12-19 02:20:04,2025-12-19 10:20:04,Strategy_Open,117.939,1.0,0,-1.0,193.530731,0.0,Strategy_Signal,117.939,118.088,12.7,-1
1766110860.3114264,2025-12-19 02:21:00,2025-12-19 10:21:00,BarData,117.936,0,-1.0,-1.0,193.553731,0.0,✅ 触发交易,117.936,118.083,12.5,-1
1766110920.4366217,2025-12-19 02:22:00,2025-12-19 10:22:00,BarData,117.874,0,-1.0,-1.0,193.641731,0.0,✅ 触发交易,117.874,118.076,17.2,-1
1766110980.5340703,2025-12-19 02:23:00,2025-12-19 10:23:00,BarData,117.992,0,-1.0,-1.0,193.505731,0.0,❌ 震荡 (Gap 6.9 < 10),117.992,118.074,6.9,0
1766110981.2751722,2025-12-19 02:23:01,2025-12-19 10:23:01,PnlRecord,117.992,0,0,0,193.505731,-0.4748338081671193,空,117.992,118.074,6.9,0
1766110981.8890042,2025-12-19 02:23:01,2025-12-19 10:23:01,CloseSignal,117.992,1.0,-1.0,0,193.505731,0.0,Strategy_TrendEnd,117.992,118.074,6.9,0
1766111040.24449,2025-12-19 02:24:00,2025-12-19 10:24:00,BarData,118.153,0,0.0,0.0,193.496731,0.0,❌ 震荡 (Gap 6.5 < 10),118.153,118.076,6.5,0
1766111100.3287725,2025-12-19 02:25:00,2025-12-19 10:25:00,BarData,118.314,0,0.0,0.0,193.496731,0.0,❌ 快线向下,118.314,118.084,19.4,0
1766111160.6417487,2025-12-19 02:26:00,2025-12-19 10:26:00,BarData,118.201,0,0.0,0.0,193.496731,0.0,❌ 震荡 (Gap 9.6 < 10),118.201,118.088,9.6,0
1766111220.45592,2025-12-19 02:27:00,2025-12-19 10:27:00,BarData,118.276,0,0.0,0.0,193.496731,0.0,❌ 快线向下,118.276,118.094,15.4,0
1766111280.5460696,2025-12-19 02:28:00,2025-12-19 10:28:00,BarData,118.382,0,0.0,0.0,193.496731,0.0,❌ 快线向下,118.382,118.104,23.5,0
1766111342.6741822,2025-12-19 02:29:02,2025-12-19 10:29:02,BarData,118.282,0,0.0,0.0,193.496731,0.0,❌ 快线向下,118.282,118.109,14.6,0
1766111402.7250235,2025-12-19 02:30:02,2025-12-19 10:30:02,BarData,118.414,0,0.0,0.0,193.496731,0.0,❌ 快线向下,118.414,118.119,24.9,0
1766111460.4123163,2025-12-19 02:31:00,2025-12-19 10:31:00,BarData,118.368,0,0.0,0.0,193.496731,0.0,❌ 快线向下,118.368,118.128,20.3,0
1766111520.2159245,2025-12-19 02:32:00,2025-12-19 10:32:00,BarData,118.509,0,0.0,0.0,193.496731,0.0,❌ 快线向下,118.509,118.140,31.1,0
1766111580.494273,2025-12-19 02:33:00,2025-12-19 10:33:00,BarData,118.39,0,0.0,0.0,193.496731,0.0,❌ 快线向下,118.390,118.148,20.4,0
1766111642.7152667,2025-12-19 02:34:02,2025-12-19 10:34:02,BarData,118.414,0,0.0,0.0,193.496731,0.0,❌ 快线向下,118.414,118.157,21.7,0
1766111700.3770247,2025-12-19 02:35:00,2025-12-19 10:35:00,BarData,118.366,0,0.0,0.0,193.496731,0.0,❌ 快线向下,118.366,118.164,17.1,0
1766111760.3957374,2025-12-19 02:36:00,2025-12-19 10:36:00,BarData,118.373,0,0.0,0.0,193.496731,0.0,❌ 快线向下,118.373,118.171,17.1,0
1766113438.2583086,2025-12-19 03:03:58,2025-12-19 11:03:58,BarData,119.23,0,0.0,0.0,193.496731,0.0,✅ 触发交易,119.230,118.205,85.9,1
1766113478.0005853,2025-12-19 03:04:38,2025-12-19 11:04:38,Strategy_Open,119.23,1.0,0,0.0,193.496731,0.0,Strategy_Signal,119.230,118.205,85.9,1
1766113481.2797313,2025-12-19 03:04:41,2025-12-19 11:04:41,BarData,119.649,0,0.0,0.0,193.496731,0.0,✅ 触发交易,119.649,118.253,116.7,1
1766113616.9164522,2025-12-19 03:06:56,2025-12-19 11:06:56,BarData,119.712,0,0.0,0.0,193.46273100000002,0.0,✅ 触发交易,119.712,118.301,117.9,1
1766113624.490409,2025-12-19 03:07:04,2025-12-19 11:07:04,Strategy_Open,119.712,1.0,0,3.0,193.430731,0.0,Strategy_Signal,119.712,118.301,117.9,1
1766113626.8113866,2025-12-19 03:07:06,2025-12-19 11:07:06,BarData,119.716,0,3.0,3.0,193.46373100000002,0.0,✅ 触发交易,119.716,118.347,114.4,1
1766113627.9818237,2025-12-19 03:07:07,2025-12-19 11:07:07,BarData,119.764,0,3.0,3.0,193.46373100000002,0.0,✅ 触发交易,119.764,118.393,114.4,1
1766113629.206067,2025-12-19 03:07:09,2025-12-19 11:07:09,BarData,119.773,0,3.0,3.0,193.46373100000002,0.0,✅ 触发交易,119.773,118.439,111.4,1
1766113639.468559,2025-12-19 03:07:19,2025-12-19 11:07:19,BarData,119.796,0,3.0,3.0,193.46373100000002,0.0,✅ 触发交易,119.796,118.483,109.6,1
1766113780.9098425,2025-12-19 03:09:40,2025-12-19 11:09:40,BarData,119.799,0,3.0,3.0,192.995731,0.0,✅ 触发交易,119.799,118.526,106.2,1
1766113785.814746,2025-12-19 03:09:45,2025-12-19 11:09:45,SL,119.588,3.0,3.0,0.0,193.043731,0.0,🛡️ 止损 (-1.14%),119.799,118.526,106.2,1
1766113785.8298645,2025-12-19 03:09:45,2025-12-19 11:09:45,PnlRecord,119.588,0,0,0,192.995731,-1.144288995614955,多,119.799,118.526,106.2,1
1766113788.943493,2025-12-19 03:09:48,2025-12-19 11:09:48,BarData,119.588,0,0.0,0.0,193.043731,0.0,✅ 触发交易,119.588,118.561,85.9,1
1766113792.7996447,2025-12-19 03:09:52,2025-12-19 11:09:52,Strategy_Open,119.588,1.0,0,1.0,193.054731,0.0,Strategy_Signal,119.588,118.561,85.9,1
1766113793.631115,2025-12-19 03:09:53,2025-12-19 11:09:53,BarData,119.605,0,1.0,1.0,193.054731,0.0,✅ 触发交易,119.605,118.595,84.4,1
1766113794.4389758,2025-12-19 03:09:54,2025-12-19 11:09:54,BarData,119.585,0,1.0,1.0,193.054731,0.0,✅ 触发交易,119.585,118.628,80.0,1
1766113795.2378635,2025-12-19 03:09:55,2025-12-19 11:09:55,BarData,119.585,0,1.0,1.0,193.054731,0.0,✅ 触发交易,119.585,118.659,77.4,1
1766113795.9104645,2025-12-19 03:09:55,2025-12-19 11:09:55,BarData,119.578,0,1.0,1.0,193.054731,0.0,✅ 触发交易,119.578,118.689,74.3,1
1766113796.5684798,2025-12-19 03:09:56,2025-12-19 11:09:56,BarData,119.588,0,1.0,1.0,193.054731,0.0,✅ 触发交易,119.588,118.719,72.7,1
1766113797.224022,2025-12-19 03:09:57,2025-12-19 11:09:57,BarData,119.586,0,1.0,1.0,193.054731,0.0,✅ 触发交易,119.586,118.747,70.1,1
1766113797.869633,2025-12-19 03:09:57,2025-12-19 11:09:57,BarData,119.582,0,1.0,1.0,193.054731,0.0,✅ 触发交易,119.582,118.775,67.5,1
1766113798.4916341,2025-12-19 03:09:58,2025-12-19 11:09:58,BarData,119.582,0,1.0,1.0,193.054731,0.0,✅ 触发交易,119.582,118.801,65.3,1
1766113799.1380875,2025-12-19 03:09:59,2025-12-19 11:09:59,BarData,119.582,0,1.0,1.0,193.054731,0.0,✅ 触发交易,119.582,118.827,63.2,1
1766113799.8256774,2025-12-19 03:09:59,2025-12-19 11:09:59,BarData,119.599,0,1.0,1.0,193.054731,0.0,✅ 触发交易,119.599,118.852,62.5,1
1766113800.5168138,2025-12-19 03:10:00,2025-12-19 11:10:00,BarData,119.599,0,1.0,1.0,193.054731,0.0,✅ 触发交易,119.599,118.876,60.4,1
1766113801.165249,2025-12-19 03:10:01,2025-12-19 11:10:01,BarData,119.591,0,1.0,1.0,193.054731,0.0,✅ 触发交易,119.591,118.900,57.8,1
1766113801.8625042,2025-12-19 03:10:01,2025-12-19 11:10:01,BarData,119.59,0,1.0,1.0,193.054731,0.0,✅ 触发交易,119.590,118.923,55.8,1
1766113802.7785766,2025-12-19 03:10:02,2025-12-19 11:10:02,BarData,119.565,0,1.0,1.0,193.054731,0.0,✅ 触发交易,119.565,118.944,52.0,1
1766113803.5014603,2025-12-19 03:10:03,2025-12-19 11:10:03,BarData,119.513,0,1.0,1.0,193.054731,0.0,✅ 触发交易,119.513,118.962,46.1,1
1766113804.7707882,2025-12-19 03:10:04,2025-12-19 11:10:04,BarData,119.474,0,1.0,1.0,192.98673100000002,0.0,✅ 触发交易,119.474,118.979,41.4,1
1766113805.4265196,2025-12-19 03:10:05,2025-12-19 11:10:05,BarData,119.489,0,1.0,1.0,192.98673100000002,0.0,✅ 触发交易,119.489,118.996,41.3,1
1766113806.307174,2025-12-19 03:10:06,2025-12-19 11:10:06,BarData,119.482,0,1.0,1.0,192.98673100000002,0.0,✅ 触发交易,119.482,119.012,39.4,1
1766113807.0641046,2025-12-19 03:10:07,2025-12-19 11:10:07,BarData,119.477,0,1.0,1.0,192.98673100000002,0.0,✅ 触发交易,119.477,119.027,37.7,1
1766113807.7992113,2025-12-19 03:10:07,2025-12-19 11:10:07,BarData,119.505,0,1.0,1.0,192.98673100000002,0.0,✅ 触发交易,119.505,119.043,38.7,1
1766113808.953446,2025-12-19 03:10:08,2025-12-19 11:10:08,BarData,119.501,0,1.0,1.0,192.98673100000002,0.0,✅ 触发交易,119.501,119.058,37.1,1
1766113810.091677,2025-12-19 03:10:10,2025-12-19 11:10:10,BarData,119.494,0,1.0,1.0,192.98673100000002,0.0,✅ 触发交易,119.494,119.072,35.3,1
1766113811.0344737,2025-12-19 03:10:11,2025-12-19 11:10:11,BarData,119.511,0,1.0,1.0,192.98673100000002,0.0,✅ 触发交易,119.511,119.086,35.5,1
1766113811.8152952,2025-12-19 03:10:11,2025-12-19 11:10:11,BarData,119.5,0,1.0,1.0,192.98673100000002,0.0,✅ 触发交易,119.500,119.100,33.5,1
1766113812.7004857,2025-12-19 03:10:12,2025-12-19 11:10:12,BarData,119.511,0,1.0,1.0,192.98673100000002,0.0,✅ 触发交易,119.511,119.113,33.3,1
1766113846.9735131,2025-12-19 03:10:46,2025-12-19 11:10:46,SL,119.446,1.0,1.0,0.0,192.895731,0.0,🛡️ 止损 (-1.03%),119.511,119.113,33.3,1
1766113846.9799924,2025-12-19 03:10:46,2025-12-19 11:10:46,PnlRecord,119.446,0,0,0,192.947731,-1.028694728566808,多,119.511,119.113,33.3,1
1766113860.4277318,2025-12-19 03:11:00,2025-12-19 11:11:00,BarData,119.516,0,0.0,0.0,192.895731,0.0,✅ 触发交易,119.516,119.127,32.6,1
1766113864.6211588,2025-12-19 03:11:04,2025-12-19 11:11:04,Strategy_Open,119.516,1.0,0,1.0,192.953731,0.0,Strategy_Signal,119.516,119.127,32.6,1
1766113920.5959888,2025-12-19 03:12:00,2025-12-19 11:12:00,BarData,119.789,0,1.0,1.0,193.21373100000002,0.0,✅ 触发交易,119.789,119.148,53.5,1
1766113960.9460058,2025-12-19 03:12:40,2025-12-19 11:12:40,TP,120.105,1.0,1.0,0.0,193.464731,0.0,🚀 止盈 (+5.05%),119.789,119.148,53.5,1
1766113960.9466312,2025-12-19 03:12:40,2025-12-19 11:12:40,PnlRecord,120.105,0,0,0,193.45773100000002,5.045940653712981,多,119.789,119.148,53.5,1
1766113980.3468385,2025-12-19 03:13:00,2025-12-19 11:13:00,BarData,120.224,0,0.0,0.0,193.464731,0.0,✅ 触发交易,120.224,119.184,86.5,1
1766113984.2389228,2025-12-19 03:13:04,2025-12-19 11:13:04,Strategy_Open,120.224,1.0,0,1.0,193.433731,0.0,Strategy_Signal,120.224,119.184,86.5,1
1766114040.075796,2025-12-19 03:14:00,2025-12-19 11:14:00,BarData,120.285,0,1.0,1.0,193.557731,0.0,✅ 触发交易,120.285,119.220,88.6,1
1766114100.3077831,2025-12-19 03:15:00,2025-12-19 11:15:00,BarData,120.25,0,1.0,1.0,193.454731,0.0,✅ 触发交易,120.250,119.253,82.9,1
1766114160.1948478,2025-12-19 03:16:00,2025-12-19 11:16:00,BarData,120.246,0,1.0,1.0,193.495731,0.0,✅ 触发交易,120.246,119.286,79.8,1
1766114204.541069,2025-12-19 03:16:44,2025-12-19 11:16:44,SL,120.104,1.0,1.0,0.0,193.349731,0.0,🛡️ 止损 (-1.01%),120.246,119.286,79.8,1
1766114204.5413644,2025-12-19 03:16:44,2025-12-19 11:16:44,PnlRecord,120.104,0,0,0,193.528731,-1.0147555437259819,多,120.246,119.286,79.8,1
1766114220.5445676,2025-12-19 03:17:00,2025-12-19 11:17:00,BarData,119.973,0,0.0,0.0,193.349731,0.0,✅ 触发交易,119.973,119.309,55.4,1
1766114224.3907368,2025-12-19 03:17:04,2025-12-19 11:17:04,Strategy_Open,119.973,1.0,0,1.0,193.363731,0.0,Strategy_Signal,119.973,119.309,55.4,1
1766114280.7437463,2025-12-19 03:18:00,2025-12-19 11:18:00,BarData,120.031,0,1.0,1.0,193.429731,0.0,✅ 触发交易,120.031,119.332,58.2,1
1766114340.4155047,2025-12-19 03:19:00,2025-12-19 11:19:00,BarData,120.012,0,1.0,1.0,193.387731,0.0,✅ 触发交易,120.012,119.355,54.8,1
1766114399.5290208,2025-12-19 03:19:59,2025-12-19 11:19:59,SL,119.844,1.0,1.0,0.0,193.211731,0.0,🛡️ 止损 (-1.10%),120.012,119.355,54.8,1
1766114399.5293307,2025-12-19 03:19:59,2025-12-19 11:19:59,PnlRecord,119.844,0,0,0,193.328731,-1.1002200440088434,多,120.012,119.355,54.8,1
1766114402.578719,2025-12-19 03:20:02,2025-12-19 11:20:02,BarData,119.88,0,0.0,0.0,193.211731,0.0,✅ 触发交易,119.880,119.372,42.4,1
1766114406.1854198,2025-12-19 03:20:06,2025-12-19 11:20:06,Strategy_Open,119.88,1.0,0,1.0,193.195731,0.0,Strategy_Signal,119.880,119.372,42.4,1
1766114462.9831939,2025-12-19 03:21:02,2025-12-19 11:21:02,SL,119.631,1.0,1.0,0.0,192.968731,0.0,🛡️ 止损 (-2.05%),119.880,119.372,42.4,1
1766114462.983506,2025-12-19 03:21:02,2025-12-19 11:21:02,PnlRecord,119.631,0,0,0,193.18673099999998,-2.0521034059911,多,119.880,119.372,42.4,1
1766114466.220024,2025-12-19 03:21:06,2025-12-19 11:21:06,BarData,119.594,0,0.0,0.0,192.968731,0.0,✅ 触发交易,119.594,119.379,18.0,1
1766114469.8033504,2025-12-19 03:21:09,2025-12-19 11:21:09,Strategy_Open,119.594,1.0,0,1.0,192.93773099999999,0.0,Strategy_Signal,119.594,119.379,18.0,1
1766114476.5727954,2025-12-19 03:21:16,2025-12-19 11:21:16,SL,119.452,1.0,1.0,0.0,192.812468,0.0,🛡️ 止损 (-1.03%),119.594,119.379,18.0,1
1766114476.5730963,2025-12-19 03:21:16,2025-12-19 11:21:16,PnlRecord,119.452,0,0,0,192.93773099999999,-1.0286431110182284,多,119.594,119.379,18.0,1
1766114520.4602044,2025-12-19 03:22:00,2025-12-19 11:22:00,BarData,119.74,0,0.0,0.0,192.812468,0.0,✅ 触发交易,119.740,119.391,29.2,1
1766114524.4847507,2025-12-19 03:22:04,2025-12-19 11:22:04,Strategy_Open,119.74,1.0,0,1.0,192.810468,0.0,Strategy_Signal,119.740,119.391,29.2,1
1766114580.136033,2025-12-19 03:23:00,2025-12-19 11:23:00,BarData,119.965,0,1.0,1.0,193.130468,0.0,✅ 触发交易,119.965,119.410,46.3,1
1766114636.421327,2025-12-19 03:23:56,2025-12-19 11:23:56,TP,120.353,1.0,1.0,0.0,193.465468,0.0,🚀 止盈 (+5.24%),119.965,119.410,46.3,1
1766114636.421633,2025-12-19 03:23:56,2025-12-19 11:23:56,PnlRecord,120.353,0,0,0,193.297468,5.236957720127585,多,119.965,119.410,46.3,1
1766114640.5950294,2025-12-19 03:24:00,2025-12-19 11:24:00,BarData,120.361,0,0.0,0.0,193.465468,0.0,✅ 触发交易,120.361,119.441,76.4,1
1766114644.3056426,2025-12-19 03:24:04,2025-12-19 11:24:04,Strategy_Open,120.361,1.0,0,1.0,193.49846799999997,0.0,Strategy_Signal,120.361,119.441,76.4,1
1766114700.359931,2025-12-19 03:25:00,2025-12-19 11:25:00,BarData,120.53,0,1.0,1.0,193.580468,0.0,✅ 触发交易,120.530,119.477,87.4,1
1766114735.3418903,2025-12-19 03:25:35,2025-12-19 11:25:35,TP,120.976,1.0,1.0,0.0,194.115468,0.0,🚀 止盈 (+5.10%),120.530,119.477,87.4,1
1766114735.342207,2025-12-19 03:25:35,2025-12-19 11:25:35,PnlRecord,120.976,0,0,0,193.913468,5.101277811934035,多,120.530,119.477,87.4,1
1766114761.5780938,2025-12-19 03:26:01,2025-12-19 11:26:01,BarData,121.163,0,0.0,0.0,194.115468,0.0,✅ 触发交易,121.163,119.532,134.6,1
1766114765.6984162,2025-12-19 03:26:05,2025-12-19 11:26:05,Strategy_Open,121.163,1.0,0,1.0,194.082468,0.0,Strategy_Signal,121.163,119.532,134.6,1
1766114772.2898567,2025-12-19 03:26:12,2025-12-19 11:26:12,SL,121.147,1.0,1.0,0.0,194.043468,0.0,🛡️ 止损 (-1.18%),121.163,119.532,134.6,1
1766114772.2901785,2025-12-19 03:26:12,2025-12-19 11:26:12,PnlRecord,121.147,0,0,0,194.082468,-1.178992497320477,多,121.163,119.532,134.6,1
1766114820.9522836,2025-12-19 03:27:00,2025-12-19 11:27:00,BarData,121.407,0,0.0,0.0,194.043468,0.0,✅ 触发交易,121.407,119.593,149.4,1
1766114824.8248343,2025-12-19 03:27:04,2025-12-19 11:27:04,Strategy_Open,121.407,1.0,0,1.0,194.096468,0.0,Strategy_Signal,121.407,119.593,149.4,1
1766114880.5543728,2025-12-19 03:28:00,2025-12-19 11:28:00,BarData,121.777,0,1.0,1.0,194.462468,0.0,✅ 触发交易,121.777,119.665,173.4,1
1766114941.6158562,2025-12-19 03:29:01,2025-12-19 11:29:01,BarData,121.513,0,1.0,1.0,194.275468,0.0,✅ 触发交易,121.513,119.726,147.1,1
1766115000.171499,2025-12-19 03:30:00,2025-12-19 11:30:00,BarData,121.667,0,1.0,1.0,194.372468,0.0,✅ 触发交易,121.667,119.789,154.3,1
1766115060.3928154,2025-12-19 03:31:00,2025-12-19 11:31:00,BarData,121.708,0,1.0,1.0,194.33346799999998,0.0,✅ 触发交易,121.708,119.852,152.5,1
1766115118.504242,2025-12-19 03:31:58,2025-12-19 11:31:58,TP,121.978,1.0,1.0,0.0,194.681468,0.0,🚀 止盈 (+5.08%),121.708,119.852,152.5,1
1766115118.504568,2025-12-19 03:31:58,2025-12-19 11:31:58,PnlRecord,121.978,0,0,0,194.549468,5.0840055701583715,多,121.708,119.852,152.5,1
1766115121.4533813,2025-12-19 03:32:01,2025-12-19 11:32:01,BarData,122.024,0,0.0,0.0,194.681468,0.0,✅ 触发交易,122.024,119.923,172.2,1
1766115124.9787216,2025-12-19 03:32:04,2025-12-19 11:32:04,Strategy_Open,122.024,1.0,0,1.0,194.758468,0.0,Strategy_Signal,122.024,119.923,172.2,1
1766115180.357343,2025-12-19 03:33:00,2025-12-19 11:33:00,BarData,122.24,0,1.0,1.0,194.844468,0.0,✅ 触发交易,122.240,119.999,183.3,1
1766115240.5365043,2025-12-19 03:34:00,2025-12-19 11:34:00,BarData,122.109,0,1.0,1.0,194.656468,0.0,✅ 触发交易,122.109,120.068,167.1,1
1766115261.458518,2025-12-19 03:34:21,2025-12-19 11:34:21,SL,121.85,1.0,1.0,0.0,194.501468,0.0,🛡️ 止损 (-2.14%),122.109,120.068,167.1,1
1766115261.4588308,2025-12-19 03:34:21,2025-12-19 11:34:21,PnlRecord,121.85,0,0,0,194.656468,-2.137399579071581,多,122.109,120.068,167.1,1
1766115301.088417,2025-12-19 03:35:01,2025-12-19 11:35:01,BarData,121.6,0,0.0,0.0,194.501468,0.0,✅ 触发交易,121.600,120.119,121.8,1
1766115305.007994,2025-12-19 03:35:05,2025-12-19 11:35:05,Strategy_Open,121.6,1.0,0,1.0,194.520016,0.0,Strategy_Signal,121.600,120.119,121.8,1
1766115317.778963,2025-12-19 03:35:17,2025-12-19 11:35:17,SL,121.516,1.0,1.0,0.0,194.358556,0.0,🛡️ 止损 (-1.02%),121.600,120.119,121.8,1
1766115317.7793524,2025-12-19 03:35:17,2025-12-19 11:35:17,PnlRecord,121.516,0,0,0,194.520016,-1.0194015126602698,多,121.600,120.119,121.8,1
1766115360.4132557,2025-12-19 03:36:00,2025-12-19 11:36:00,BarData,120.87,0,0.0,0.0,194.358556,0.0,✅ 触发交易,120.870,120.143,60.1,1
1766115364.3076496,2025-12-19 03:36:04,2025-12-19 11:36:04,Strategy_Open,120.87,1.0,0,1.0,194.403981,0.0,Strategy_Signal,120.870,120.143,60.1,1
1766115420.9353135,2025-12-19 03:37:00,2025-12-19 11:37:00,BarData,121.002,0,1.0,1.0,194.407981,0.0,✅ 触发交易,121.002,120.171,68.6,1
1766115480.6563528,2025-12-19 03:38:00,2025-12-19 11:38:00,BarData,120.77,0,1.0,1.0,194.31398099999998,0.0,✅ 触发交易,120.770,120.191,47.9,1
1766115493.1990683,2025-12-19 03:38:13,2025-12-19 11:38:13,SL,120.626,1.0,1.0,0.0,194.167981,0.0,🛡️ 止损 (-1.72%),120.770,120.191,47.9,1
1766115493.1993814,2025-12-19 03:38:13,2025-12-19 11:38:13,PnlRecord,120.626,0,0,0,194.31398099999998,-1.7213698131320523,多,120.770,120.191,47.9,1
1766115542.3512568,2025-12-19 03:39:02,2025-12-19 11:39:02,BarData,120.969,0,0.0,0.0,194.167981,0.0,✅ 触发交易,120.969,120.217,62.2,1
1766115546.211157,2025-12-19 03:39:06,2025-12-19 11:39:06,Strategy_Open,120.969,1.0,0,1.0,194.160981,0.0,Strategy_Signal,120.969,120.217,62.2,1
1766115600.3641682,2025-12-19 03:40:00,2025-12-19 11:40:00,BarData,121.095,0,1.0,1.0,194.282981,0.0,✅ 触发交易,121.095,120.245,70.2,1
1766115632.6675415,2025-12-19 03:40:32,2025-12-19 11:40:32,TP,121.601,1.0,1.0,0.0,194.783981,0.0,🚀 止盈 (+5.02%),121.095,120.245,70.2,1
1766115632.6678076,2025-12-19 03:40:32,2025-12-19 11:40:32,PnlRecord,121.601,0,0,0,194.555981,5.016777691455769,多,121.095,120.245,70.2,1
1766115661.7841854,2025-12-19 03:41:01,2025-12-19 11:41:01,BarData,121.69,0,0.0,0.0,194.783981,0.0,✅ 触发交易,121.690,120.293,114.8,1
1766115665.9326797,2025-12-19 03:41:05,2025-12-19 11:41:05,Strategy_Open,121.69,1.0,0,1.0,194.747981,0.0,Strategy_Signal,121.690,120.293,114.8,1
1766115670.696316,2025-12-19 03:41:10,2025-12-19 11:41:10,SL,121.547,1.0,1.0,0.0,194.689981,0.0,🛡️ 止损 (-1.00%),121.690,120.293,114.8,1
1766115670.6966302,2025-12-19 03:41:10,2025-12-19 11:41:10,PnlRecord,121.547,0,0,0,194.706981,-1.0027204957713132,多,121.690,120.293,114.8,1
1766115722.5166366,2025-12-19 03:42:02,2025-12-19 11:42:02,BarData,121.545,0,0.0,0.0,194.689981,0.0,✅ 触发交易,121.545,120.334,99.6,1
1766115726.568001,2025-12-19 03:42:06,2025-12-19 11:42:06,Strategy_Open,121.545,1.0,0,1.0,194.671981,0.0,Strategy_Signal,121.545,120.334,99.6,1
1766115780.6537278,2025-12-19 03:43:00,2025-12-19 11:43:00,BarData,121.727,0,1.0,1.0,194.821981,0.0,✅ 触发交易,121.727,120.379,110.7,1
1766115813.3414369,2025-12-19 03:43:33,2025-12-19 11:43:33,SL,121.467,1.0,1.0,0.0,194.607981,0.0,🛡️ 止损 (-1.02%),121.727,120.379,110.7,1
1766115813.3417509,2025-12-19 03:43:33,2025-12-19 11:43:33,PnlRecord,121.467,0,0,0,194.74698099999998,-1.019812321635608,多,121.727,120.379,110.7,1
1766115840.4592798,2025-12-19 03:44:00,2025-12-19 11:44:00,BarData,121.431,0,0.0,0.0,194.607981,0.0,✅ 触发交易,121.431,120.414,83.8,1
1766115844.3093045,2025-12-19 03:44:04,2025-12-19 11:44:04,Strategy_Open,121.431,1.0,0,1.0,194.592981,0.0,Strategy_Signal,121.431,120.414,83.8,1
1766115900.10655,2025-12-19 03:45:00,2025-12-19 11:45:00,BarData,121.502,0,1.0,1.0,194.715981,0.0,✅ 触发交易,121.502,120.450,86.6,1
1766115960.5917351,2025-12-19 03:46:00,2025-12-19 11:46:00,BarData,121.577,0,1.0,1.0,194.811981,0.0,✅ 触发交易,121.577,120.487,89.7,1
1766116021.855435,2025-12-19 03:47:01,2025-12-19 11:47:01,BarData,121.773,0,1.0,1.0,195.000981,0.0,✅ 触发交易,121.773,120.529,102.2,1
1766116080.4881346,2025-12-19 03:48:00,2025-12-19 11:48:00,BarData,121.944,0,1.0,1.0,195.131981,0.0,✅ 触发交易,121.944,120.575,112.3,1
1766116090.1760077,2025-12-19 03:48:10,2025-12-19 11:48:10,TP,122.034,1.0,1.0,0.0,195.228981,0.0,🚀 止盈 (+5.35%),121.944,120.575,112.3,1
1766116090.1763742,2025-12-19 03:48:10,2025-12-19 11:48:10,PnlRecord,122.034,0,0,0,195.131981,5.354906742239551,多,121.944,120.575,112.3,1
1766116140.3829656,2025-12-19 03:49:00,2025-12-19 11:49:00,BarData,121.777,0,0.0,0.0,195.228981,0.0,✅ 触发交易,121.777,120.615,95.5,1
1766116144.2709625,2025-12-19 03:49:04,2025-12-19 11:49:04,Strategy_Open,121.777,1.0,0,1.0,195.24898100000001,0.0,Strategy_Signal,121.777,120.615,95.5,1
1766116202.5166252,2025-12-19 03:50:02,2025-12-19 11:50:02,BarData,121.897,0,1.0,1.0,195.323981,0.0,✅ 触发交易,121.897,120.657,101.8,1
1766116245.0564966,2025-12-19 03:50:45,2025-12-19 11:50:45,SL,121.683,1.0,1.0,0.0,195.095981,0.0,🛡️ 止损 (-1.09%),121.897,120.657,101.8,1
1766116245.0568137,2025-12-19 03:50:45,2025-12-19 11:50:45,PnlRecord,121.683,0,0,0,195.142981,-1.0918105995927923,多,121.897,120.657,101.8,1
1766116260.646597,2025-12-19 03:51:00,2025-12-19 11:51:00,BarData,121.77,0,0.0,0.0,195.095981,0.0,✅ 触发交易,121.770,120.693,88.4,1
1766116264.5274177,2025-12-19 03:51:04,2025-12-19 11:51:04,Strategy_Open,121.77,1.0,0,1.0,195.112981,0.0,Strategy_Signal,121.770,120.693,88.4,1
1766116320.4094968,2025-12-19 03:52:00,2025-12-19 11:52:00,BarData,121.799,0,1.0,1.0,195.232981,0.0,✅ 触发交易,121.799,120.729,87.8,1
1766116380.5414796,2025-12-19 03:53:00,2025-12-19 11:53:00,BarData,121.806,0,1.0,1.0,195.173981,0.0,✅ 触发交易,121.806,120.765,85.5,1
1766116441.1652408,2025-12-19 03:54:01,2025-12-19 11:54:01,BarData,121.818,0,1.0,1.0,195.086981,0.0,✅ 触发交易,121.818,120.799,83.6,1
1766116499.7199926,2025-12-19 03:54:59,2025-12-19 11:54:59,SL,121.61,1.0,1.0,0.0,194.911278,0.0,🛡️ 止损 (-1.35%),121.818,120.799,83.6,1
1766116499.7203102,2025-12-19 03:54:59,2025-12-19 11:54:59,PnlRecord,121.61,0,0,0,195.09398099999999,-1.35495791418605,多,121.818,120.799,83.6,1
1766116502.3103495,2025-12-19 03:55:02,2025-12-19 11:55:02,BarData,121.575,0,0.0,0.0,194.911278,0.0,✅ 触发交易,121.575,120.825,61.7,1
1766116505.8511899,2025-12-19 03:55:05,2025-12-19 11:55:05,Strategy_Open,121.575,1.0,0,1.0,194.90627800000001,0.0,Strategy_Signal,121.575,120.825,61.7,1
1766116560.1880283,2025-12-19 03:56:00,2025-12-19 11:56:00,BarData,121.501,0,1.0,1.0,194.867278,0.0,✅ 触发交易,121.501,120.847,53.8,1
1766116586.1015794,2025-12-19 03:56:26,2025-12-19 11:56:26,SL,121.406,1.0,1.0,0.0,194.797278,0.0,🛡️ 止损 (-1.34%),121.501,120.847,53.8,1
1766116586.1019218,2025-12-19 03:56:26,2025-12-19 11:56:26,PnlRecord,121.406,0,0,0,194.867278,-1.3408023427024711,多,121.501,120.847,53.8,1
1766116620.1802342,2025-12-19 03:57:00,2025-12-19 11:57:00,BarData,121.227,0,0.0,0.0,194.797278,0.0,✅ 触发交易,121.227,120.859,30.3,1
1766116624.0359344,2025-12-19 03:57:04,2025-12-19 11:57:04,Strategy_Open,121.227,1.0,0,1.0,194.867278,0.0,Strategy_Signal,121.227,120.859,30.3,1
1766116680.5458748,2025-12-19 03:58:00,2025-12-19 11:58:00,BarData,121.206,0,1.0,1.0,194.84127800000002,0.0,✅ 触发交易,121.206,120.871,27.7,1
1766116740.63965,2025-12-19 03:59:00,2025-12-19 11:59:00,BarData,121.486,0,1.0,1.0,195.102278,0.0,✅ 触发交易,121.486,120.891,49.0,1
1766116800.409183,2025-12-19 04:00:00,2025-12-19 12:00:00,BarData,121.49,0,1.0,1.0,195.077278,0.0,✅ 触发交易,121.490,120.910,47.7,1
1766116861.135889,2025-12-19 04:01:01,2025-12-19 12:01:01,BarData,121.505,0,1.0,1.0,195.17756,0.0,✅ 触发交易,121.505,120.930,47.3,1
1766116886.72552,2025-12-19 04:01:26,2025-12-19 12:01:26,TP,121.766,1.0,1.0,0.0,195.41056,0.0,🚀 止盈 (+5.00%),121.505,120.930,47.3,1
1766116886.7258253,2025-12-19 04:01:26,2025-12-19 12:01:26,PnlRecord,121.766,0,0,0,195.16056,5.001650709805289,多,121.505,120.930,47.3,1
1766116920.3563035,2025-12-19 04:02:00,2025-12-19 12:02:00,BarData,121.637,0,0.0,0.0,195.41056,0.0,✅ 触发交易,121.637,120.953,56.2,1
1766116924.3105717,2025-12-19 04:02:04,2025-12-19 12:02:04,Strategy_Open,121.637,1.0,0,1.0,195.40356,0.0,Strategy_Signal,121.637,120.953,56.2,1
1766116943.111957,2025-12-19 04:02:23,2025-12-19 12:02:23,SL,121.469,1.0,1.0,0.0,195.28956,0.0,🛡️ 止损 (-1.03%),121.637,120.953,56.2,1
1766116943.112271,2025-12-19 04:02:23,2025-12-19 12:02:23,PnlRecord,121.469,0,0,0,195.37956,-1.028011250555126,多,121.637,120.953,56.2,1
1766116980.0828803,2025-12-19 04:03:00,2025-12-19 12:03:00,BarData,121.272,0,0.0,0.0,195.28956,0.0,✅ 触发交易,121.272,120.964,25.4,1
1766116983.619471,2025-12-19 04:03:03,2025-12-19 12:03:03,Strategy_Open,121.272,1.0,0,1.0,195.30756,0.0,Strategy_Signal,121.272,120.964,25.4,1
1766117041.9419818,2025-12-19 04:04:01,2025-12-19 12:04:01,BarData,121.438,0,1.0,1.0,195.50256,0.0,✅ 触发交易,121.438,120.979,37.8,1
1766117100.3591747,2025-12-19 04:05:00,2025-12-19 12:05:00,BarData,121.355,0,1.0,1.0,195.31856,0.0,✅ 触发交易,121.355,120.991,30.0,1
1766117160.1302845,2025-12-19 04:06:00,2025-12-19 12:06:00,BarData,121.489,0,1.0,1.0,195.53956,0.0,✅ 触发交易,121.489,121.008,39.6,1
1766117221.188077,2025-12-19 04:07:01,2025-12-19 12:07:01,BarData,121.741,0,1.0,1.0,195.53956,0.0,✅ 触发交易,121.741,121.032,58.3,1
1766117280.4553552,2025-12-19 04:08:00,2025-12-19 12:08:00,BarData,121.546,0,1.0,1.0,195.62756,0.0,✅ 触发交易,121.546,121.049,40.9,1
1766117340.2284749,2025-12-19 04:09:00,2025-12-19 12:09:00,BarData,121.667,0,1.0,1.0,195.75456,0.0,✅ 触发交易,121.667,121.069,49.2,1
1766117402.657852,2025-12-19 04:10:02,2025-12-19 12:10:02,BarData,121.755,0,1.0,1.0,195.76256,0.0,✅ 触发交易,121.755,121.091,54.5,1
1766117460.7121325,2025-12-19 04:11:00,2025-12-19 12:11:00,BarData,121.78,0,1.0,1.0,195.70955999999998,0.0,✅ 触发交易,121.780,121.114,54.7,1
1766117481.6326127,2025-12-19 04:11:21,2025-12-19 12:11:21,TP,121.914,1.0,1.0,0.0,195.91956,0.0,🚀 止盈 (+5.16%),121.780,121.114,54.7,1
1766117481.6329024,2025-12-19 04:11:21,2025-12-19 12:11:21,PnlRecord,121.914,0,0,0,195.70955999999998,5.161269045577509,多,121.780,121.114,54.7,1
1766117520.504797,2025-12-19 04:12:00,2025-12-19 12:12:00,BarData,121.945,0,0.0,0.0,195.91956,0.0,✅ 触发交易,121.945,121.141,65.9,1
1766117524.3554156,2025-12-19 04:12:04,2025-12-19 12:12:04,Strategy_Open,121.945,1.0,0,1.0,195.90956,0.0,Strategy_Signal,121.945,121.141,65.9,1
1766117580.1712792,2025-12-19 04:13:00,2025-12-19 12:13:00,BarData,121.952,0,1.0,1.0,195.93656,0.0,✅ 触发交易,121.952,121.168,64.3,1
1766117640.506882,2025-12-19 04:14:00,2025-12-19 12:14:00,BarData,121.841,0,1.0,1.0,195.82855999999998,0.0,✅ 触发交易,121.841,121.190,53.4,1
1766117700.4275985,2025-12-19 04:15:00,2025-12-19 12:15:00,BarData,121.995,0,1.0,1.0,196.00155999999998,0.0,✅ 触发交易,121.995,121.216,63.8,1
1766117760.1689763,2025-12-19 04:16:00,2025-12-19 12:16:00,BarData,121.976,0,1.0,1.0,196.00556,0.0,✅ 触发交易,121.976,121.241,60.2,1
1766117822.0481963,2025-12-19 04:17:02,2025-12-19 12:17:02,BarData,122.197,0,1.0,1.0,196.17756,0.0,✅ 触发交易,122.197,121.273,75.7,1
1766117880.600253,2025-12-19 04:18:00,2025-12-19 12:18:00,BarData,122.07,0,1.0,1.0,196.05656,0.0,✅ 触发交易,122.070,121.299,63.2,1
1766117940.4872835,2025-12-19 04:19:00,2025-12-19 12:19:00,BarData,122.054,0,1.0,1.0,196.07755999999998,0.0,✅ 触发交易,122.054,121.323,59.9,1
1766118000.5563858,2025-12-19 04:20:00,2025-12-19 12:20:00,BarData,122.059,0,1.0,1.0,196.06956,0.0,✅ 触发交易,122.059,121.348,58.3,1
1766118060.5742753,2025-12-19 04:21:00,2025-12-19 12:21:00,BarData,121.92,0,1.0,1.0,196.04755999999998,0.0,✅ 触发交易,121.920,121.366,45.4,1
1766118122.1073804,2025-12-19 04:22:02,2025-12-19 12:22:02,SL,121.803,1.0,1.0,0.0,195.78556,0.0,🛡️ 止损 (-1.01%),121.920,121.366,45.4,1
1766118122.107704,2025-12-19 04:22:02,2025-12-19 12:22:02,PnlRecord,121.803,0,0,0,195.87956,-1.00880862162299,多,121.920,121.366,45.4,1
1766118124.9509568,2025-12-19 04:22:04,2025-12-19 12:22:04,BarData,121.75,0,0.0,0.0,195.78556,0.0,✅ 触发交易,121.750,121.379,30.5,1
1766118128.608656,2025-12-19 04:22:08,2025-12-19 12:22:08,Strategy_Open,121.75,1.0,0,1.0,195.80756,0.0,Strategy_Signal,121.750,121.379,30.5,1
1766118180.6316013,2025-12-19 04:23:00,2025-12-19 12:23:00,BarData,121.77,0,1.0,1.0,195.81256,0.0,✅ 触发交易,121.770,121.392,31.1,1
1766118240.1491532,2025-12-19 04:24:00,2025-12-19 12:24:00,BarData,121.725,0,1.0,1.0,195.77056000000002,0.0,✅ 触发交易,121.725,121.403,26.5,1
1766118300.1558604,2025-12-19 04:25:00,2025-12-19 12:25:00,BarData,121.659,0,1.0,1.0,195.68956,0.0,✅ 触发交易,121.659,121.411,20.4,1
1766118360.2834928,2025-12-19 04:26:00,2025-12-19 12:26:00,BarData,121.85,0,1.0,1.0,195.90956,0.0,✅ 触发交易,121.850,121.425,34.8,1
1766118420.6405585,2025-12-19 04:27:00,2025-12-19 12:27:00,BarData,121.802,0,1.0,1.0,195.98456000000002,0.0,✅ 触发交易,121.802,121.438,29.9,1
1766118480.5256956,2025-12-19 04:28:00,2025-12-19 12:28:00,BarData,121.84,0,1.0,1.0,195.87456,0.0,✅ 触发交易,121.840,121.451,31.9,1
1766118540.376575,2025-12-19 04:29:00,2025-12-19 12:29:00,BarData,121.834,0,1.0,1.0,195.86656,0.0,✅ 触发交易,121.834,121.464,30.4,1
1766118600.5540106,2025-12-19 04:30:00,2025-12-19 12:30:00,BarData,121.85,0,1.0,1.0,195.89556000000002,0.0,✅ 触发交易,121.850,121.476,30.7,1
1766118660.1899018,2025-12-19 04:31:00,2025-12-19 12:31:00,BarData,121.86,0,1.0,1.0,195.90956,0.0,✅ 触发交易,121.860,121.489,30.5,1
1766118721.397741,2025-12-19 04:32:01,2025-12-19 12:32:01,BarData,122.284,0,1.0,1.0,196.29756,0.0,✅ 触发交易,122.284,121.515,62.9,1
1766118780.5595984,2025-12-19 04:33:00,2025-12-19 12:33:00,BarData,122.14,0,1.0,1.0,196.27456,0.0,✅ 触发交易,122.140,121.535,49.5,1
1766118842.0195897,2025-12-19 04:34:02,2025-12-19 12:34:02,BarData,122.284,0,1.0,1.0,196.30056,0.0,✅ 触发交易,122.284,121.560,59.2,1
1766118900.6252356,2025-12-19 04:35:00,2025-12-19 12:35:00,BarData,122.054,0,1.0,1.0,196.32756,0.0,✅ 触发交易,122.054,121.576,39.2,1
1766118961.9889088,2025-12-19 04:36:01,2025-12-19 12:36:01,BarData,122.023,0,1.0,1.0,196.12756000000002,0.0,✅ 触发交易,122.023,121.591,35.4,1
1766119020.113055,2025-12-19 04:37:00,2025-12-19 12:37:00,BarData,121.832,0,1.0,1.0,195.87656,0.0,✅ 触发交易,121.832,121.599,19.1,1
1766119080.1066535,2025-12-19 04:38:00,2025-12-19 12:38:00,BarData,122.016,0,1.0,1.0,195.87656,0.0,✅ 触发交易,122.016,121.612,33.1,1
1766119140.490552,2025-12-19 04:39:00,2025-12-19 12:39:00,BarData,122.023,0,1.0,1.0,195.98656,0.0,✅ 触发交易,122.023,121.626,32.5,1
1766119200.6127524,2025-12-19 04:40:00,2025-12-19 12:40:00,BarData,122.092,0,1.0,1.0,196.06756000000001,0.0,✅ 触发交易,122.092,121.641,36.9,1
1766119262.079475,2025-12-19 04:41:02,2025-12-19 12:41:02,BarData,122.242,0,1.0,1.0,196.24856,0.0,✅ 触发交易,122.242,121.661,47.5,1
1766119320.4977138,2025-12-19 04:42:00,2025-12-19 12:42:00,BarData,122.115,0,1.0,1.0,196.24856,0.0,✅ 触发交易,122.115,121.676,36.0,1
1766119380.6490817,2025-12-19 04:43:00,2025-12-19 12:43:00,BarData,122.117,0,1.0,1.0,196.28056,0.0,✅ 触发交易,122.117,121.690,35.0,1
1766119440.5692046,2025-12-19 04:44:00,2025-12-19 12:44:00,BarData,122.154,0,1.0,1.0,196.20756,0.0,✅ 触发交易,122.154,121.705,36.7,1
1766119500.2238896,2025-12-19 04:45:00,2025-12-19 12:45:00,BarData,122.196,0,1.0,1.0,196.21356,0.0,✅ 触发交易,122.196,121.721,38.8,1
1766119511.9518106,2025-12-19 04:45:11,2025-12-19 12:45:11,TP,122.359,1.0,1.0,0.0,196.40456,0.0,🚀 止盈 (+5.00%),122.196,121.721,38.8,1
1766119511.95212,2025-12-19 04:45:11,2025-12-19 12:45:11,PnlRecord,122.359,0,0,0,196.21356,5.002053388090305,多,122.196,121.721,38.8,1
1766119560.5989804,2025-12-19 04:46:00,2025-12-19 12:46:00,BarData,122.405,0,0.0,0.0,196.40456,0.0,✅ 触发交易,122.405,121.744,54.0,1
1766119564.4617283,2025-12-19 04:46:04,2025-12-19 12:46:04,Strategy_Open,122.405,1.0,0,1.0,196.40956,0.0,Strategy_Signal,122.405,121.744,54.0,1
1766119620.513782,2025-12-19 04:47:00,2025-12-19 12:47:00,BarData,122.489,0,1.0,1.0,196.46056000000002,0.0,✅ 触发交易,122.489,121.768,58.8,1
1766119657.9293814,2025-12-19 04:47:37,2025-12-19 12:47:37,SL,122.313,1.0,1.0,0.0,196.35456,0.0,🛡️ 止损 (-1.02%),122.489,121.768,58.8,1
1766119657.9296956,2025-12-19 04:47:37,2025-12-19 12:47:37,PnlRecord,122.313,0,0,0,196.29356,-1.020924876263905,多,122.489,121.768,58.8,1
1766119680.1751144,2025-12-19 04:48:00,2025-12-19 12:48:00,BarData,122.479,0,0.0,0.0,196.35456,0.0,✅ 触发交易,122.479,121.792,56.1,1
1766119683.7154384,2025-12-19 04:48:03,2025-12-19 12:48:03,Strategy_Open,122.479,1.0,0,1.0,196.37655999999998,0.0,Strategy_Signal,122.479,121.792,56.1,1
1766119741.3038044,2025-12-19 04:49:01,2025-12-19 12:49:01,BarData,122.592,0,1.0,1.0,196.47056,0.0,✅ 触发交易,122.592,121.818,63.1,1
1766119800.640512,2025-12-19 04:50:00,2025-12-19 12:50:00,BarData,122.568,0,1.0,1.0,196.53556,0.0,✅ 触发交易,122.568,121.842,59.2,1
1766119860.1027136,2025-12-19 04:51:00,2025-12-19 12:51:00,BarData,122.576,0,1.0,1.0,196.45355999999998,0.0,✅ 触发交易,122.576,121.867,57.9,1
1766119921.3796606,2025-12-19 04:52:01,2025-12-19 12:52:01,BarData,122.633,0,1.0,1.0,196.52056,0.0,✅ 触发交易,122.633,121.892,60.5,1
1766119980.5641296,2025-12-19 04:53:00,2025-12-19 12:53:00,BarData,122.727,0,1.0,1.0,196.59655999999998,0.0,✅ 触发交易,122.727,121.919,65.8,1
1766120040.3674557,2025-12-19 04:54:00,2025-12-19 12:54:00,BarData,122.688,0,1.0,1.0,196.54656,0.0,✅ 触发交易,122.688,121.944,60.6,1
1766120100.6068373,2025-12-19 04:55:00,2025-12-19 12:55:00,BarData,122.882,0,1.0,1.0,196.68756,0.0,✅ 触发交易,122.882,121.975,73.8,1
1766120160.2466087,2025-12-19 04:56:00,2025-12-19 12:56:00,BarData,122.764,0,1.0,1.0,196.62356,0.0,✅ 触发交易,122.764,122.001,62.2,1
1766120220.5850596,2025-12-19 04:57:00,2025-12-19 12:57:00,BarData,122.885,0,1.0,1.0,196.71756,0.0,✅ 触发交易,122.885,122.030,69.6,1
1766120281.9770155,2025-12-19 04:58:01,2025-12-19 12:58:01,BarData,122.892,0,1.0,1.0,196.77156,0.0,✅ 触发交易,122.892,122.058,67.9,1
1766120341.4198139,2025-12-19 04:59:01,2025-12-19 12:59:01,BarData,122.919,0,1.0,1.0,196.79156,0.0,✅ 触发交易,122.919,122.086,67.7,1
1766120400.5823154,2025-12-19 05:00:00,2025-12-19 13:00:00,BarData,122.757,0,1.0,1.0,196.59856,0.0,✅ 触发交易,122.757,122.108,52.8,1
1766120460.273747,2025-12-19 05:01:00,2025-12-19 13:01:00,BarData,122.499,0,1.0,1.0,196.566016,0.0,✅ 触发交易,122.499,122.121,30.8,1
1766120520.3078263,2025-12-19 05:02:00,2025-12-19 13:02:00,BarData,122.387,0,1.0,1.0,196.264016,0.0,✅ 触发交易,122.387,122.130,21.0,1
1766120530.4437945,2025-12-19 05:02:10,2025-12-19 13:02:10,SL,122.324,1.0,1.0,0.0,196.178108,0.0,🛡️ 止损 (-1.28%),122.387,122.130,21.0,1
1766120530.4441044,2025-12-19 05:02:10,2025-12-19 13:02:10,PnlRecord,122.324,0,0,0,196.264016,-1.2818314677378246,多,122.387,122.130,21.0,1
1766120582.1912384,2025-12-19 05:03:02,2025-12-19 13:03:02,BarData,122.208,0,0.0,0.0,196.178108,0.0,❌ 震荡 (Gap 6.2 < 10),122.208,122.132,6.2,0
1766120640.2467132,2025-12-19 05:04:00,2025-12-19 13:04:00,BarData,122.369,0,0.0,0.0,196.178108,0.0,✅ 触发交易,122.369,122.140,18.7,1
1766120644.1914434,2025-12-19 05:04:04,2025-12-19 13:04:04,Strategy_Open,122.369,1.0,0,1.0,196.19710800000001,0.0,Strategy_Signal,122.369,122.140,18.7,1
1766120673.2041876,2025-12-19 05:04:33,2025-12-19 13:04:33,SL,122.196,1.0,1.0,0.0,196.041108,0.0,🛡️ 止损 (-1.08%),122.369,122.140,18.7,1
1766120673.2045157,2025-12-19 05:04:33,2025-12-19 13:04:33,PnlRecord,122.196,0,0,0,196.07910800000002,-1.0790661173239569,多,122.369,122.140,18.7,1
1766120702.2910147,2025-12-19 05:05:02,2025-12-19 13:05:02,BarData,122.236,0,0.0,0.0,196.041108,0.0,❌ 震荡 (Gap 7.6 < 10),122.236,122.143,7.6,0
1766120762.9611506,2025-12-19 05:06:02,2025-12-19 13:06:02,BarData,122.173,0,0.0,0.0,196.041108,0.0,❌ 震荡 (Gap 2.4 < 10),122.173,122.144,2.4,0
1766120820.548876,2025-12-19 05:07:00,2025-12-19 13:07:00,BarData,122.043,0,0.0,0.0,196.041108,0.0,❌ 震荡 (Gap 8.0 < 10),122.043,122.141,8.0,0
1766120881.885836,2025-12-19 05:08:01,2025-12-19 13:08:01,BarData,121.972,0,0.0,0.0,196.041108,0.0,❌ 快线向上,121.972,122.135,13.4,0
1766120940.588083,2025-12-19 05:09:00,2025-12-19 13:09:00,BarData,122.025,0,0.0,0.0,196.041108,0.0,❌ 震荡 (Gap 8.8 < 10),122.025,122.132,8.8,0
1766121000.51959,2025-12-19 05:10:00,2025-12-19 13:10:00,BarData,122.013,0,0.0,0.0,196.041108,0.0,❌ 震荡 (Gap 9.4 < 10),122.013,122.128,9.4,0
1766121060.6636548,2025-12-19 05:11:00,2025-12-19 13:11:00,BarData,122.024,0,0.0,0.0,196.041108,0.0,❌ 震荡 (Gap 8.2 < 10),122.024,122.125,8.2,0
1766121120.2307808,2025-12-19 05:12:00,2025-12-19 13:12:00,BarData,122.13,0,0.0,0.0,196.041108,0.0,❌ 震荡 (Gap 0.4 < 10),122.130,122.125,0.4,0
1766121180.2644594,2025-12-19 05:13:00,2025-12-19 13:13:00,BarData,122.466,0,0.0,0.0,196.041108,0.0,✅ 触发交易,122.466,122.136,27.0,1
1766121184.199423,2025-12-19 05:13:04,2025-12-19 13:13:04,Strategy_Open,122.466,1.0,0,1.0,196.052108,0.0,Strategy_Signal,122.466,122.136,27.0,1
1766121242.1170409,2025-12-19 05:14:02,2025-12-19 13:14:02,BarData,122.517,0,1.0,1.0,196.193108,0.0,✅ 触发交易,122.517,122.148,30.1,1
1766121300.7686584,2025-12-19 05:15:00,2025-12-19 13:15:00,BarData,122.796,0,1.0,1.0,196.480108,0.0,✅ 触发交易,122.796,122.170,51.0,1
1766121360.75482,2025-12-19 05:16:00,2025-12-19 13:16:00,BarData,122.922,0,1.0,1.0,196.59710800000002,0.0,✅ 触发交易,122.922,122.194,59.2,1
1766121411.549495,2025-12-19 05:16:51,2025-12-19 13:16:51,TP,122.933,1.0,1.0,0.0,196.643108,0.0,🚀 止盈 (+5.01%),122.922,122.194,59.2,1
1766121411.5524833,2025-12-19 05:16:51,2025-12-19 13:16:51,PnlRecord,122.933,0,0,0,196.610108,5.0114453891433435,多,122.922,122.194,59.2,1
1766121420.3858361,2025-12-19 05:17:00,2025-12-19 13:17:00,BarData,123.247,0,0.0,0.0,196.643108,0.0,✅ 触发交易,123.247,122.229,82.6,1
1766121424.3753731,2025-12-19 05:17:04,2025-12-19 13:17:04,Strategy_Open,123.247,1.0,0,1.0,196.65710800000002,0.0,Strategy_Signal,123.247,122.229,82.6,1
1766121452.4788885,2025-12-19 05:17:32,2025-12-19 13:17:32,SL,123.033,1.0,1.0,0.0,196.490108,0.0,🛡️ 止损 (-1.23%),123.247,122.229,82.6,1
1766121452.4798763,2025-12-19 05:17:32,2025-12-19 13:17:32,PnlRecord,123.033,0,0,0,196.566108,-1.2339164671023342,多,123.247,122.229,82.6,1
1766121480.5121758,2025-12-19 05:18:00,2025-12-19 13:18:00,BarData,122.789,0,0.0,0.0,196.490108,0.0,✅ 触发交易,122.789,122.247,44.1,1
1766121484.3885896,2025-12-19 05:18:04,2025-12-19 13:18:04,Strategy_Open,122.789,1.0,0,1.0,196.498108,0.0,Strategy_Signal,122.789,122.247,44.1,1
1766121498.367145,2025-12-19 05:18:18,2025-12-19 13:18:18,SL,122.589,1.0,1.0,0.0,196.340108,0.0,🛡️ 止损 (-1.21%),122.789,122.247,44.1,1
1766121498.3675919,2025-12-19 05:18:18,2025-12-19 13:18:18,PnlRecord,122.589,0,0,0,196.480108,-1.2058303527053467,多,122.789,122.247,44.1,1
1766121540.431102,2025-12-19 05:19:00,2025-12-19 13:19:00,BarData,122.652,0,0.0,0.0,196.340108,0.0,✅ 触发交易,122.652,122.260,31.9,1
1766121544.4202576,2025-12-19 05:19:04,2025-12-19 13:19:04,Strategy_Open,122.652,1.0,0,1.0,196.34310799999997,0.0,Strategy_Signal,122.652,122.260,31.9,1
1766121558.1414142,2025-12-19 05:19:18,2025-12-19 13:19:18,SL,122.493,1.0,1.0,0.0,196.123108,0.0,🛡️ 止损 (-1.47%),122.652,122.260,31.9,1
1766121558.1417048,2025-12-19 05:19:18,2025-12-19 13:19:18,PnlRecord,122.493,0,0,0,196.342108,-1.4673155462082679,多,122.652,122.260,31.9,1
1766121600.3922195,2025-12-19 05:20:00,2025-12-19 13:20:00,BarData,122.667,0,0.0,0.0,196.123108,0.0,✅ 触发交易,122.667,122.274,32.1,1
1766121604.2795975,2025-12-19 05:20:04,2025-12-19 13:20:04,Strategy_Open,122.667,1.0,0,1.0,196.131108,0.0,Strategy_Signal,122.667,122.274,32.1,1
1766121662.4517674,2025-12-19 05:21:02,2025-12-19 13:21:02,BarData,122.792,0,1.0,1.0,196.137108,0.0,✅ 触发交易,122.792,122.291,40.8,1
1766121720.6548727,2025-12-19 05:22:00,2025-12-19 13:22:00,BarData,122.799,0,1.0,1.0,196.337108,0.0,✅ 触发交易,122.799,122.307,40.0,1
1766121780.3127735,2025-12-19 05:23:00,2025-12-19 13:23:00,BarData,122.779,0,1.0,1.0,196.23910800000002,0.0,✅ 触发交易,122.779,122.323,37.2,1
1766121840.6476343,2025-12-19 05:24:00,2025-12-19 13:24:00,BarData,122.74,0,1.0,1.0,196.202108,0.0,✅ 触发交易,122.740,122.337,32.9,1
1766121900.1822917,2025-12-19 05:25:00,2025-12-19 13:25:00,BarData,122.586,0,1.0,1.0,196.061108,0.0,✅ 触发交易,122.586,122.345,19.7,1
1766121905.95652,2025-12-19 05:25:05,2025-12-19 13:25:05,SL,122.525,1.0,1.0,0.0,196.047108,0.0,🛡️ 止损 (-1.01%),122.586,122.345,19.7,1
1766121905.9568472,2025-12-19 05:25:05,2025-12-19 13:25:05,PnlRecord,122.525,0,0,0,196.061108,-1.01101517338091,多,122.586,122.345,19.7,1
1766121960.78261,2025-12-19 05:26:00,2025-12-19 13:26:00,BarData,122.541,0,0.0,0.0,196.047108,0.0,✅ 触发交易,122.541,122.351,15.5,1
1766121964.7260897,2025-12-19 05:26:04,2025-12-19 13:26:04,Strategy_Open,122.541,1.0,0,1.0,196.066108,0.0,Strategy_Signal,122.541,122.351,15.5,1
1766122021.5171428,2025-12-19 05:27:01,2025-12-19 13:27:01,BarData,122.652,0,1.0,1.0,196.148108,0.0,✅ 触发交易,122.652,122.361,23.7,1
1766122080.2212722,2025-12-19 05:28:00,2025-12-19 13:28:00,BarData,122.49,0,1.0,1.0,195.993108,0.0,✅ 触发交易,122.490,122.365,10.2,1
1766122140.0814142,2025-12-19 05:29:00,2025-12-19 13:29:00,BarData,122.524,0,1.0,1.0,196.07810800000001,0.0,✅ 触发交易,122.524,122.370,12.5,1
1766122200.654508,2025-12-19 05:30:00,2025-12-19 13:30:00,BarData,122.53,0,1.0,1.0,196.04910800000002,0.0,✅ 触发交易,122.530,122.376,12.6,1
1766122261.7302701,2025-12-19 05:31:01,2025-12-19 13:31:01,BarData,122.652,0,1.0,1.0,196.26310800000002,0.0,✅ 触发交易,122.652,122.385,21.8,1
1766122320.218634,2025-12-19 05:32:00,2025-12-19 13:32:00,BarData,122.543,0,1.0,1.0,196.054108,0.0,✅ 触发交易,122.543,122.390,12.5,1
1766122338.0140839,2025-12-19 05:32:18,2025-12-19 13:32:18,SL,122.416,1.0,1.0,0.0,195.941108,0.0,🛡️ 止损 (-1.02%),122.543,122.390,12.5,1
1766122338.0146515,2025-12-19 05:32:18,2025-12-19 13:32:18,PnlRecord,122.416,0,0,0,195.97110800000002,-1.0200667531683274,多,122.543,122.390,12.5,1
1766122380.658014,2025-12-19 05:33:00,2025-12-19 13:33:00,BarData,122.406,0,0.0,0.0,195.941108,0.0,❌ 震荡 (Gap 1.3 < 10),122.406,122.390,1.3,0
1766122440.5762863,2025-12-19 05:34:00,2025-12-19 13:34:00,BarData,122.538,0,0.0,0.0,195.941108,0.0,✅ 触发交易,122.538,122.395,11.6,1
1766122444.5938985,2025-12-19 05:34:04,2025-12-19 13:34:04,Strategy_Open,122.538,1.0,0,1.0,195.95510800000002,0.0,Strategy_Signal,122.538,122.395,11.6,1
1766122489.457222,2025-12-19 05:34:49,2025-12-19 13:34:49,SL,122.393,1.0,1.0,0.0,195.803108,0.0,🛡️ 止损 (-1.13%),122.538,122.395,11.6,1
1766122489.458991,2025-12-19 05:34:49,2025-12-19 13:34:49,PnlRecord,122.393,0,0,0,195.915108,-1.1262456031535302,多,122.538,122.395,11.6,1
1766122500.4297998,2025-12-19 05:35:00,2025-12-19 13:35:00,BarData,122.409,0,0.0,0.0,195.803108,0.0,❌ 震荡 (Gap 1.1 < 10),122.409,122.396,1.1,0
1766122560.620307,2025-12-19 05:36:00,2025-12-19 13:36:00,BarData,122.62,0,0.0,0.0,195.803108,0.0,✅ 触发交易,122.620,122.403,17.7,1
1766122564.695796,2025-12-19 05:36:04,2025-12-19 13:36:04,Strategy_Open,122.62,1.0,0,1.0,195.811938,0.0,Strategy_Signal,122.620,122.403,17.7,1
1766122620.2771747,2025-12-19 05:37:00,2025-12-19 13:37:00,BarData,122.609,0,1.0,1.0,195.772938,0.0,✅ 触发交易,122.609,122.410,16.2,1
1766122680.474695,2025-12-19 05:38:00,2025-12-19 13:38:00,BarData,122.627,0,1.0,1.0,195.793938,0.0,✅ 触发交易,122.627,122.417,17.1,1
1766122740.870925,2025-12-19 05:39:00,2025-12-19 13:39:00,BarData,122.578,0,1.0,1.0,195.737938,0.0,✅ 触发交易,122.578,122.422,12.7,1
1766122801.8011436,2025-12-19 05:40:01,2025-12-19 13:40:01,BarData,122.625,0,1.0,1.0,195.793938,0.0,✅ 触发交易,122.625,122.429,16.0,1
1766122860.1348784,2025-12-19 05:41:00,2025-12-19 13:41:00,BarData,122.672,0,1.0,1.0,195.856938,0.0,✅ 触发交易,122.672,122.437,19.2,1
1766122920.8814328,2025-12-19 05:42:00,2025-12-19 13:42:00,BarData,122.705,0,1.0,1.0,195.891938,0.0,✅ 触发交易,122.705,122.446,21.1,1
1766122980.4594562,2025-12-19 05:43:00,2025-12-19 13:43:00,BarData,122.612,0,1.0,1.0,195.76193800000001,0.0,✅ 触发交易,122.612,122.451,13.1,1
1766123031.6946857,2025-12-19 05:43:51,2025-12-19 13:43:51,SL,122.511,1.0,1.0,0.0,195.677938,0.0,🛡️ 止损 (-1.02%),122.612,122.451,13.1,1
1766123031.6958923,2025-12-19 05:43:51,2025-12-19 13:43:51,PnlRecord,122.511,0,0,0,195.748938,-1.0192765582700023,多,122.612,122.451,13.1,1
1766123040.3330996,2025-12-19 05:44:00,2025-12-19 13:44:00,BarData,122.541,0,0.0,0.0,195.677938,0.0,❌ 震荡 (Gap 7.1 < 10),122.541,122.454,7.1,0
1766123100.3405476,2025-12-19 05:45:00,2025-12-19 13:45:00,BarData,122.519,0,0.0,0.0,195.677938,0.0,❌ 震荡 (Gap 5.1 < 10),122.519,122.456,5.1,0
1766123160.4611893,2025-12-19 05:46:00,2025-12-19 13:46:00,BarData,122.541,0,0.0,0.0,195.677938,0.0,❌ 震荡 (Gap 6.7 < 10),122.541,122.459,6.7,0
1766123220.2679436,2025-12-19 05:47:00,2025-12-19 13:47:00,BarData,122.451,0,0.0,0.0,195.677938,0.0,❌ 震荡 (Gap 0.6 < 10),122.451,122.459,0.6,0
1766123280.456765,2025-12-19 05:48:00,2025-12-19 13:48:00,BarData,122.494,0,0.0,0.0,195.677938,0.0,❌ 震荡 (Gap 2.8 < 10),122.494,122.460,2.8,0
1766123341.826109,2025-12-19 05:49:01,2025-12-19 13:49:01,BarData,122.29,0,0.0,0.0,195.677938,0.0,❌ 快线向上,122.290,122.454,13.4,0
1766123400.3192575,2025-12-19 05:50:00,2025-12-19 13:50:00,BarData,122.299,0,0.0,0.0,195.677938,0.0,❌ 快线向上,122.299,122.449,12.3,0
1766123460.6318748,2025-12-19 05:51:00,2025-12-19 13:51:00,BarData,122.375,0,0.0,0.0,195.677938,0.0,❌ 震荡 (Gap 5.9 < 10),122.375,122.447,5.9,0
1766123520.8318233,2025-12-19 05:52:00,2025-12-19 13:52:00,BarData,122.504,0,0.0,0.0,195.677938,0.0,❌ 震荡 (Gap 4.5 < 10),122.504,122.449,4.5,0
1766123580.9966636,2025-12-19 05:53:00,2025-12-19 13:53:00,BarData,122.537,0,0.0,0.0,195.677938,0.0,❌ 震荡 (Gap 7.0 < 10),122.537,122.452,7.0,0
1766123640.720195,2025-12-19 05:54:00,2025-12-19 13:54:00,BarData,122.482,0,0.0,0.0,195.677938,0.0,❌ 震荡 (Gap 2.4 < 10),122.482,122.453,2.4,0
1766123700.2668536,2025-12-19 05:55:00,2025-12-19 13:55:00,BarData,122.351,0,0.0,0.0,195.677938,0.0,❌ 震荡 (Gap 8.0 < 10),122.351,122.449,8.0,0
1766123760.0982726,2025-12-19 05:56:00,2025-12-19 13:56:00,BarData,122.425,0,0.0,0.0,195.677938,0.0,❌ 震荡 (Gap 1.9 < 10),122.425,122.448,1.9,0
1766123821.666208,2025-12-19 05:57:01,2025-12-19 13:57:01,BarData,122.412,0,0.0,0.0,195.677938,0.0,❌ 震荡 (Gap 2.9 < 10),122.412,122.447,2.9,0
1766123880.1727338,2025-12-19 05:58:00,2025-12-19 13:58:00,BarData,122.404,0,0.0,0.0,195.677938,0.0,❌ 震荡 (Gap 3.4 < 10),122.404,122.446,3.4,0
1766123940.651183,2025-12-19 05:59:00,2025-12-19 13:59:00,BarData,122.34,0,0.0,0.0,195.677938,0.0,❌ 震荡 (Gap 8.4 < 10),122.340,122.442,8.4,0
1766124000.755469,2025-12-19 06:00:00,2025-12-19 14:00:00,BarData,122.539,0,0.0,0.0,195.677938,0.0,❌ 震荡 (Gap 7.6 < 10),122.539,122.446,7.6,0
1766124060.380083,2025-12-19 06:01:00,2025-12-19 14:01:00,BarData,122.512,0,0.0,0.0,195.677938,0.0,❌ 震荡 (Gap 5.2 < 10),122.512,122.448,5.2,0
1766124120.4593534,2025-12-19 06:02:00,2025-12-19 14:02:00,BarData,122.48,0,0.0,0.0,195.677938,0.0,❌ 震荡 (Gap 2.6 < 10),122.480,122.449,2.6,0
1766124180.6573758,2025-12-19 06:03:00,2025-12-19 14:03:00,BarData,122.439,0,0.0,0.0,195.677938,0.0,❌ 震荡 (Gap 0.8 < 10),122.439,122.448,0.8,0
1766124240.1742654,2025-12-19 06:04:00,2025-12-19 14:04:00,BarData,122.21,0,0.0,0.0,195.677938,0.0,❌ 快线向上,122.210,122.441,18.9,0
1766124300.4307113,2025-12-19 06:05:00,2025-12-19 14:05:00,BarData,122.148,0,0.0,0.0,195.677938,0.0,❌ 快线向上,122.148,122.431,23.2,0
1766124360.7101717,2025-12-19 06:06:00,2025-12-19 14:06:00,BarData,122.375,0,0.0,0.0,195.677938,0.0,❌ 震荡 (Gap 4.4 < 10),122.375,122.429,4.4,0
1766124420.0922709,2025-12-19 06:07:00,2025-12-19 14:07:00,BarData,122.402,0,0.0,0.0,195.677938,0.0,❌ 震荡 (Gap 2.1 < 10),122.402,122.428,2.1,0
1766124480.168756,2025-12-19 06:08:00,2025-12-19 14:08:00,BarData,122.286,0,0.0,0.0,195.677938,0.0,❌ 快线向上,122.286,122.424,11.3,0
1766124540.5279453,2025-12-19 06:09:00,2025-12-19 14:09:00,BarData,122.274,0,0.0,0.0,195.677938,0.0,❌ 快线向上,122.274,122.419,11.8,0
1766124601.7429345,2025-12-19 06:10:01,2025-12-19 14:10:01,BarData,122.359,0,0.0,0.0,195.677938,0.0,❌ 震荡 (Gap 4.7 < 10),122.359,122.417,4.7,0
1766124660.4652553,2025-12-19 06:11:00,2025-12-19 14:11:00,BarData,122.344,0,0.0,0.0,195.677938,0.0,❌ 震荡 (Gap 5.8 < 10),122.344,122.414,5.8,0
1766124720.5164583,2025-12-19 06:12:00,2025-12-19 14:12:00,BarData,122.323,0,0.0,0.0,195.677938,0.0,❌ 震荡 (Gap 7.2 < 10),122.323,122.411,7.2,0
1766124780.1963665,2025-12-19 06:13:00,2025-12-19 14:13:00,BarData,122.341,0,0.0,0.0,195.677938,0.0,❌ 震荡 (Gap 5.6 < 10),122.341,122.409,5.6,0
1766124841.6360896,2025-12-19 06:14:01,2025-12-19 14:14:01,BarData,122.296,0,0.0,0.0,195.677938,0.0,❌ 震荡 (Gap 8.9 < 10),122.296,122.405,8.9,0
1766124901.6383736,2025-12-19 06:15:01,2025-12-19 14:15:01,BarData,122.35,0,0.0,0.0,195.677938,0.0,❌ 震荡 (Gap 4.4 < 10),122.350,122.404,4.4,0
1766124962.4954848,2025-12-19 06:16:02,2025-12-19 14:16:02,BarData,122.381,0,0.0,0.0,195.677938,0.0,❌ 震荡 (Gap 1.8 < 10),122.381,122.403,1.8,0
1766125020.6634881,2025-12-19 06:17:00,2025-12-19 14:17:00,BarData,122.25,0,0.0,0.0,195.677938,0.0,❌ 快线向上,122.250,122.398,12.1,0
1766125080.2202535,2025-12-19 06:18:00,2025-12-19 14:18:00,BarData,122.274,0,0.0,0.0,195.677938,0.0,❌ 震荡 (Gap 9.8 < 10),122.274,122.394,9.8,0
1766125140.2690027,2025-12-19 06:19:00,2025-12-19 14:19:00,BarData,122.171,0,0.0,0.0,195.677938,0.0,❌ 快线向上,122.171,122.386,17.6,0
1766125200.136744,2025-12-19 06:20:00,2025-12-19 14:20:00,BarData,122.188,0,0.0,0.0,195.677938,0.0,❌ 快线向上,122.188,122.380,15.7,0
1766125260.5427215,2025-12-19 06:21:00,2025-12-19 14:21:00,BarData,122.262,0,0.0,0.0,195.677938,0.0,❌ 震荡 (Gap 9.3 < 10),122.262,122.376,9.3,0
1766125322.3764086,2025-12-19 06:22:02,2025-12-19 14:22:02,BarData,122.315,0,0.0,0.0,195.677938,0.0,❌ 震荡 (Gap 4.8 < 10),122.315,122.374,4.8,0
1766125380.499769,2025-12-19 06:23:00,2025-12-19 14:23:00,BarData,122.674,0,0.0,0.0,195.677938,0.0,✅ 触发交易,122.674,122.384,23.6,1
1766125384.6757967,2025-12-19 06:23:04,2025-12-19 14:23:04,Strategy_Open,122.674,1.0,0,1.0,195.67493800000003,0.0,Strategy_Signal,122.674,122.384,23.6,1
1766125442.6531458,2025-12-19 06:24:02,2025-12-19 14:24:02,BarData,122.682,0,1.0,1.0,195.75793800000002,0.0,✅ 触发交易,122.682,122.394,23.5,1
1766125500.842078,2025-12-19 06:25:00,2025-12-19 14:25:00,BarData,122.714,0,1.0,1.0,195.76793800000002,0.0,✅ 触发交易,122.714,122.404,25.2,1
1766125560.717251,2025-12-19 06:26:00,2025-12-19 14:26:00,BarData,123.022,0,1.0,1.0,196.058938,0.0,✅ 触发交易,123.022,122.424,48.6,1
1766125620.2339816,2025-12-19 06:27:00,2025-12-19 14:27:00,BarData,123.07,0,1.0,1.0,196.13293800000002,0.0,✅ 触发交易,123.070,122.446,50.7,1
1766125680.5012586,2025-12-19 06:28:00,2025-12-19 14:28:00,BarData,123.12,0,1.0,1.0,196.171938,0.0,✅ 触发交易,123.120,122.468,53.0,1
1766125740.1972082,2025-12-19 06:29:00,2025-12-19 14:29:00,BarData,122.988,0,1.0,1.0,196.055938,0.0,✅ 触发交易,122.988,122.485,40.9,1
1766125800.6061938,2025-12-19 06:30:00,2025-12-19 14:30:00,BarData,122.979,0,1.0,1.0,196.01793800000002,0.0,✅ 触发交易,122.979,122.501,38.9,1
1766125862.5250914,2025-12-19 06:31:02,2025-12-19 14:31:02,BarData,122.791,0,1.0,1.0,195.79793800000002,0.0,✅ 触发交易,122.791,122.510,22.8,1
1766125920.459368,2025-12-19 06:32:00,2025-12-19 14:32:00,BarData,122.762,0,1.0,1.0,195.783938,0.0,✅ 触发交易,122.762,122.519,19.8,1
1766125981.0232484,2025-12-19 06:33:01,2025-12-19 14:33:01,BarData,122.822,0,1.0,1.0,195.82193800000002,0.0,✅ 触发交易,122.822,122.529,23.9,1
1766126041.7834733,2025-12-19 06:34:01,2025-12-19 14:34:01,BarData,122.787,0,1.0,1.0,195.81593800000002,0.0,✅ 触发交易,122.787,122.537,20.3,1
