timestamp,datetime_utc,datetime_bj,action,price,size,position_before,position_after,equity,pnl,reason,ema_fast,ema_slow,gap_bps,signal
1766167020.459156,2025-12-19 17:57:00,2025-12-20 01:57:00,BarData,124.309,0,0.0,0.0,193.084295,0.0,❌ 震荡 (Gap 0.0 < 10),124.309,124.309,0.0,0
1766167080.1892376,2025-12-19 17:58:00,2025-12-20 01:58:00,BarData,124.314,0,0.0,0.0,193.084295,0.0,❌ 震荡 (Gap 0.4 < 10),124.314,124.309,0.4,0
1766167140.5879934,2025-12-19 17:59:00,2025-12-20 01:59:00,BarData,123.899,0,0.0,0.0,193.084295,0.0,✅ 触发交易,123.899,124.296,32.0,-1
1766167144.473734,2025-12-19 17:59:04,2025-12-20 01:59:04,Strategy_Open,123.899,1.0,0,0.0,193.084295,0.0,Strategy_Signal,123.899,124.296,32.0,-1
1766167200.266926,2025-12-19 18:00:00,2025-12-20 02:00:00,BarData,123.585,0,0.0,0.0,193.084295,0.0,✅ 触发交易,123.585,124.272,55.6,-1
1766167204.29278,2025-12-19 18:00:04,2025-12-20 02:00:04,Strategy_Open,123.585,1.0,0,0.0,193.084295,0.0,Strategy_Signal,123.585,124.272,55.6,-1
1766167260.2200222,2025-12-19 18:01:00,2025-12-20 02:01:00,BarData,123.706,0,0.0,0.0,193.084295,0.0,✅ 触发交易,123.706,124.254,44.3,-1
1766167264.2381456,2025-12-19 18:01:04,2025-12-20 02:01:04,Strategy_Open,123.706,1.0,0,0.0,193.084295,0.0,Strategy_Signal,123.706,124.254,44.3,-1
1766167320.0784023,2025-12-19 18:02:00,2025-12-20 02:02:00,BarData,123.76,0,0.0,0.0,193.084295,0.0,✅ 触发交易,123.760,124.238,38.6,-1
1766167323.6633735,2025-12-19 18:02:03,2025-12-20 02:02:03,Strategy_Open,123.76,1.0,0,0.0,193.084295,0.0,Strategy_Signal,123.760,124.238,38.6,-1
1766167380.9572842,2025-12-19 18:03:00,2025-12-20 02:03:00,BarData,123.872,0,0.0,0.0,193.084295,0.0,✅ 触发交易,123.872,124.226,28.6,-1
1766167384.840204,2025-12-19 18:03:04,2025-12-20 02:03:04,Strategy_Open,123.872,1.0,0,0.0,193.084295,0.0,Strategy_Signal,123.872,124.226,28.6,-1
1766167442.39304,2025-12-19 18:04:02,2025-12-20 02:04:02,BarData,123.78,0,0.0,0.0,193.084295,0.0,✅ 触发交易,123.780,124.211,34.8,-1
1766167446.3933923,2025-12-19 18:04:06,2025-12-20 02:04:06,Strategy_Open,123.78,1.0,0,0.0,193.084295,0.0,Strategy_Signal,123.780,124.211,34.8,-1
1766167502.643402,2025-12-19 18:05:02,2025-12-20 02:05:02,BarData,123.8,0,0.0,0.0,193.084295,0.0,✅ 触发交易,123.800,124.198,32.1,-1
1766167506.6068287,2025-12-19 18:05:06,2025-12-20 02:05:06,Strategy_Open,123.8,1.0,0,0.0,193.084295,0.0,Strategy_Signal,123.800,124.198,32.1,-1
1766167560.5647933,2025-12-19 18:06:00,2025-12-20 02:06:00,BarData,124.0,0,0.0,0.0,193.084295,0.0,✅ 触发交易,124.000,124.191,15.4,-1
1766167564.4418292,2025-12-19 18:06:04,2025-12-20 02:06:04,Strategy_Open,124.0,1.0,0,0.0,193.084295,0.0,Strategy_Signal,124.000,124.191,15.4,-1
1766167621.7169087,2025-12-19 18:07:01,2025-12-20 02:07:01,BarData,124.058,0,0.0,0.0,193.084295,0.0,✅ 触发交易,124.058,124.187,10.4,-1
1766167625.575574,2025-12-19 18:07:05,2025-12-20 02:07:05,Strategy_Open,124.058,1.0,0,0.0,193.084295,0.0,Strategy_Signal,124.058,124.187,10.4,-1
1766167680.5391667,2025-12-19 18:08:00,2025-12-20 02:08:00,BarData,123.885,0,0.0,0.0,193.084295,0.0,✅ 触发交易,123.885,124.177,23.6,-1
1766167684.3993828,2025-12-19 18:08:04,2025-12-20 02:08:04,Strategy_Open,123.885,1.0,0,0.0,193.084295,0.0,Strategy_Signal,123.885,124.177,23.6,-1
1766167740.3737583,2025-12-19 18:09:00,2025-12-20 02:09:00,BarData,124.003,0,0.0,0.0,193.084295,0.0,✅ 触发交易,124.003,124.171,13.6,-1
1766167744.2368805,2025-12-19 18:09:04,2025-12-20 02:09:04,Strategy_Open,124.003,1.0,0,0.0,193.084295,0.0,Strategy_Signal,124.003,124.171,13.6,-1
1766167800.5378008,2025-12-19 18:10:00,2025-12-20 02:10:00,BarData,123.946,0,0.0,0.0,193.084295,0.0,✅ 触发交易,123.946,124.164,17.6,-1
1766167804.4205978,2025-12-19 18:10:04,2025-12-20 02:10:04,Strategy_Open,123.946,1.0,0,0.0,193.084295,0.0,Strategy_Signal,123.946,124.164,17.6,-1
1766167862.7025986,2025-12-19 18:11:02,2025-12-20 02:11:02,BarData,124.145,0,0.0,0.0,193.084295,0.0,❌ 震荡 (Gap 1.5 < 10),124.145,124.163,1.5,0
1766167921.8446753,2025-12-19 18:12:01,2025-12-20 02:12:01,BarData,123.871,0,0.0,0.0,193.084295,0.0,✅ 触发交易,123.871,124.154,22.8,-1
1766167925.7158976,2025-12-19 18:12:05,2025-12-20 02:12:05,Strategy_Open,123.871,1.0,0,0.0,193.084295,0.0,Strategy_Signal,123.871,124.154,22.8,-1
1766167980.620837,2025-12-19 18:13:00,2025-12-20 02:13:00,BarData,123.8,0,0.0,0.0,193.084295,0.0,✅ 触发交易,123.800,124.142,27.6,-1
1766167984.503248,2025-12-19 18:13:04,2025-12-20 02:13:04,Strategy_Open,123.8,1.0,0,0.0,193.084295,0.0,Strategy_Signal,123.800,124.142,27.6,-1
1766168041.0605724,2025-12-19 18:14:01,2025-12-20 02:14:01,BarData,123.774,0,0.0,0.0,193.084295,0.0,✅ 触发交易,123.774,124.130,28.8,-1
1766168045.073648,2025-12-19 18:14:05,2025-12-20 02:14:05,Strategy_Open,123.774,1.0,0,0.0,193.084295,0.0,Strategy_Signal,123.774,124.130,28.8,-1
1766168102.654305,2025-12-19 18:15:02,2025-12-20 02:15:02,BarData,123.957,0,0.0,0.0,193.084295,0.0,✅ 触发交易,123.957,124.124,13.5,-1
1766168106.6593292,2025-12-19 18:15:06,2025-12-20 02:15:06,Strategy_Open,123.957,1.0,0,0.0,193.084295,0.0,Strategy_Signal,123.957,124.124,13.5,-1
1766168160.6002798,2025-12-19 18:16:00,2025-12-20 02:16:00,BarData,124.031,0,0.0,0.0,193.084295,0.0,❌ 震荡 (Gap 7.3 < 10),124.031,124.121,7.3,0
1766168220.2288675,2025-12-19 18:17:00,2025-12-20 02:17:00,BarData,124.126,0,0.0,0.0,193.084295,0.0,❌ 震荡 (Gap 0.4 < 10),124.126,124.121,0.4,0
1766168280.2089481,2025-12-19 18:18:00,2025-12-20 02:18:00,BarData,123.91,0,0.0,0.0,193.084295,0.0,✅ 触发交易,123.910,124.114,16.5,-1
1766168284.2110171,2025-12-19 18:18:04,2025-12-20 02:18:04,Strategy_Open,123.91,1.0,0,0.0,193.084295,0.0,Strategy_Signal,123.910,124.114,16.5,-1
1766168340.2305236,2025-12-19 18:19:00,2025-12-20 02:19:00,BarData,124.051,0,0.0,0.0,193.084295,0.0,❌ 震荡 (Gap 4.9 < 10),124.051,124.112,4.9,0
1766168400.2797716,2025-12-19 18:20:00,2025-12-20 02:20:00,BarData,124.256,0,0.0,0.0,193.084295,0.0,✅ 触发交易,124.256,124.117,11.2,1
1766168404.146664,2025-12-19 18:20:04,2025-12-20 02:20:04,Strategy_Open,124.256,1.0,0,0.0,193.084295,0.0,Strategy_Signal,124.256,124.117,11.2,1
1766168461.9523783,2025-12-19 18:21:01,2025-12-20 02:21:01,BarData,124.444,0,0.0,0.0,193.084295,0.0,✅ 触发交易,124.444,124.128,25.4,1
1766168465.8553152,2025-12-19 18:21:05,2025-12-20 02:21:05,Strategy_Open,124.444,1.0,0,0.0,193.084295,0.0,Strategy_Signal,124.444,124.128,25.4,1
1766168522.7206798,2025-12-19 18:22:02,2025-12-20 02:22:02,BarData,124.379,0,0.0,0.0,193.084295,0.0,✅ 触发交易,124.379,124.136,19.5,1
1766168526.5788567,2025-12-19 18:22:06,2025-12-20 02:22:06,Strategy_Open,124.379,1.0,0,0.0,193.084295,0.0,Strategy_Signal,124.379,124.136,19.5,1
1766168580.170993,2025-12-19 18:23:00,2025-12-20 02:23:00,BarData,124.357,0,0.0,0.0,193.084295,0.0,✅ 触发交易,124.357,124.143,17.2,1
1766168584.026215,2025-12-19 18:23:04,2025-12-20 02:23:04,Strategy_Open,124.357,1.0,0,0.0,193.084295,0.0,Strategy_Signal,124.357,124.143,17.2,1
1766168640.1433203,2025-12-19 18:24:00,2025-12-20 02:24:00,BarData,124.224,0,0.0,0.0,193.084295,0.0,❌ 震荡 (Gap 6.3 < 10),124.224,124.146,6.3,0
1766168700.2027617,2025-12-19 18:25:00,2025-12-20 02:25:00,BarData,124.225,0,0.0,0.0,193.084295,0.0,❌ 震荡 (Gap 6.2 < 10),124.225,124.148,6.2,0
1766168760.4223804,2025-12-19 18:26:00,2025-12-20 02:26:00,BarData,124.282,0,0.0,0.0,193.084295,0.0,✅ 触发交易,124.282,124.153,10.4,1
1766168764.2992196,2025-12-19 18:26:04,2025-12-20 02:26:04,Strategy_Open,124.282,1.0,0,0.0,193.084295,0.0,Strategy_Signal,124.282,124.153,10.4,1
1766168820.2726717,2025-12-19 18:27:00,2025-12-20 02:27:00,BarData,124.684,0,0.0,0.0,193.084295,0.0,✅ 触发交易,124.684,124.170,41.2,1
1766168823.8262916,2025-12-19 18:27:03,2025-12-20 02:27:03,Strategy_Open,124.684,1.0,0,0.0,193.084295,0.0,Strategy_Signal,124.684,124.170,41.2,1
1766168881.3326144,2025-12-19 18:28:01,2025-12-20 02:28:01,BarData,124.488,0,0.0,0.0,193.084295,0.0,✅ 触发交易,124.488,124.181,24.7,1
1766168885.1882782,2025-12-19 18:28:05,2025-12-20 02:28:05,Strategy_Open,124.488,1.0,0,0.0,193.084295,0.0,Strategy_Signal,124.488,124.181,24.7,1
1766168942.6693535,2025-12-19 18:29:02,2025-12-20 02:29:02,BarData,124.487,0,0.0,0.0,193.084295,0.0,✅ 触发交易,124.487,124.191,23.8,1
1766168946.5804827,2025-12-19 18:29:06,2025-12-20 02:29:06,Strategy_Open,124.487,1.0,0,0.0,193.084295,0.0,Strategy_Signal,124.487,124.191,23.8,1
1766169000.5283892,2025-12-19 18:30:00,2025-12-20 02:30:00,BarData,124.468,0,0.0,0.0,193.084295,0.0,✅ 触发交易,124.468,124.200,21.5,1
1766169004.4066975,2025-12-19 18:30:04,2025-12-20 02:30:04,Strategy_Open,124.468,1.0,0,0.0,193.084295,0.0,Strategy_Signal,124.468,124.200,21.5,1
1766169060.5925536,2025-12-19 18:31:00,2025-12-20 02:31:00,BarData,124.477,0,0.0,0.0,193.084295,0.0,✅ 触发交易,124.477,124.209,21.5,1
1766169064.4672256,2025-12-19 18:31:04,2025-12-20 02:31:04,Strategy_Open,124.477,1.0,0,0.0,193.084295,0.0,Strategy_Signal,124.477,124.209,21.5,1
1766169122.1173658,2025-12-19 18:32:02,2025-12-20 02:32:02,BarData,124.476,0,0.0,0.0,193.084295,0.0,✅ 触发交易,124.476,124.218,20.8,1
1766169125.6537073,2025-12-19 18:32:05,2025-12-20 02:32:05,Strategy_Open,124.476,1.0,0,0.0,193.084295,0.0,Strategy_Signal,124.476,124.218,20.8,1
1766169180.6458108,2025-12-19 18:33:00,2025-12-20 02:33:00,BarData,124.2,0,0.0,0.0,193.084295,0.0,❌ 震荡 (Gap 1.4 < 10),124.200,124.217,1.4,0
1766169240.40966,2025-12-19 18:34:00,2025-12-20 02:34:00,BarData,123.999,0,0.0,0.0,193.084295,0.0,✅ 触发交易,123.999,124.210,17.0,-1
1766169244.3091965,2025-12-19 18:34:04,2025-12-20 02:34:04,Strategy_Open,123.999,1.0,0,0.0,193.084295,0.0,Strategy_Signal,123.999,124.210,17.0,-1
1766169301.346552,2025-12-19 18:35:01,2025-12-20 02:35:01,BarData,124.009,0,0.0,0.0,193.084295,0.0,✅ 触发交易,124.009,124.203,15.7,-1
1766169305.1982126,2025-12-19 18:35:05,2025-12-20 02:35:05,Strategy_Open,124.009,1.0,0,0.0,193.084295,0.0,Strategy_Signal,124.009,124.203,15.7,-1
1766169360.489822,2025-12-19 18:36:00,2025-12-20 02:36:00,BarData,124.107,0,0.0,0.0,193.084295,0.0,❌ 震荡 (Gap 7.5 < 10),124.107,124.200,7.5,0
1766169420.1056113,2025-12-19 18:37:00,2025-12-20 02:37:00,BarData,123.976,0,0.0,0.0,193.084295,0.0,✅ 触发交易,123.976,124.193,17.5,-1
1766169423.9836817,2025-12-19 18:37:03,2025-12-20 02:37:03,Strategy_Open,123.976,1.0,0,0.0,193.084295,0.0,Strategy_Signal,123.976,124.193,17.5,-1
1766169480.4803684,2025-12-19 18:38:00,2025-12-20 02:38:00,BarData,124.0,0,0.0,0.0,193.084295,0.0,✅ 触发交易,124.000,124.187,15.0,-1
1766169484.3397324,2025-12-19 18:38:04,2025-12-20 02:38:04,Strategy_Open,124.0,1.0,0,0.0,193.084295,0.0,Strategy_Signal,124.000,124.187,15.0,-1
1766169540.1679118,2025-12-19 18:39:00,2025-12-20 02:39:00,BarData,124.046,0,0.0,0.0,193.084295,0.0,✅ 触发交易,124.046,124.182,11.0,-1
1766169544.0343838,2025-12-19 18:39:04,2025-12-20 02:39:04,Strategy_Open,124.046,1.0,0,0.0,193.084295,0.0,Strategy_Signal,124.046,124.182,11.0,-1
1766169600.2655077,2025-12-19 18:40:00,2025-12-20 02:40:00,BarData,124.01,0,0.0,0.0,193.084295,0.0,✅ 触发交易,124.010,124.176,13.4,-1
1766169604.1171982,2025-12-19 18:40:04,2025-12-20 02:40:04,Strategy_Open,124.01,1.0,0,0.0,193.084295,0.0,Strategy_Signal,124.010,124.176,13.4,-1
1766169660.3206496,2025-12-19 18:41:00,2025-12-20 02:41:00,BarData,123.951,0,0.0,0.0,193.084295,0.0,✅ 触发交易,123.951,124.169,17.6,-1
1766169664.1991446,2025-12-19 18:41:04,2025-12-20 02:41:04,Strategy_Open,123.951,1.0,0,0.0,193.084295,0.0,Strategy_Signal,123.951,124.169,17.6,-1
1766169722.2713888,2025-12-19 18:42:02,2025-12-20 02:42:02,BarData,123.956,0,0.0,0.0,193.084295,0.0,✅ 触发交易,123.956,124.162,16.6,-1
1766169726.1465225,2025-12-19 18:42:06,2025-12-20 02:42:06,Strategy_Open,123.956,1.0,0,0.0,193.084295,0.0,Strategy_Signal,123.956,124.162,16.6,-1
1766169780.3973114,2025-12-19 18:43:00,2025-12-20 02:43:00,BarData,124.049,0,0.0,0.0,193.084295,0.0,❌ 震荡 (Gap 8.8 < 10),124.049,124.158,8.8,0
1766169840.5199585,2025-12-19 18:44:00,2025-12-20 02:44:00,BarData,123.834,0,0.0,0.0,193.084295,0.0,✅ 触发交易,123.834,124.148,25.3,-1
1766169844.4464054,2025-12-19 18:44:04,2025-12-20 02:44:04,Strategy_Open,123.834,1.0,0,0.0,193.084295,0.0,Strategy_Signal,123.834,124.148,25.3,-1
1766169902.3866212,2025-12-19 18:45:02,2025-12-20 02:45:02,BarData,123.934,0,0.0,0.0,193.084295,0.0,✅ 触发交易,123.934,124.141,16.7,-1
1766169906.2549405,2025-12-19 18:45:06,2025-12-20 02:45:06,Strategy_Open,123.934,1.0,0,0.0,193.084295,0.0,Strategy_Signal,123.934,124.141,16.7,-1
1766169960.329563,2025-12-19 18:46:00,2025-12-20 02:46:00,BarData,123.92,0,0.0,0.0,193.084295,0.0,✅ 触发交易,123.920,124.133,17.2,-1
1766169964.2286222,2025-12-19 18:46:04,2025-12-20 02:46:04,Strategy_Open,123.92,1.0,0,0.0,193.084295,0.0,Strategy_Signal,123.920,124.133,17.2,-1
1766170020.91071,2025-12-19 18:47:00,2025-12-20 02:47:00,BarData,123.925,0,0.0,0.0,193.084295,0.0,✅ 触发交易,123.925,124.127,16.3,-1
1766170024.7753117,2025-12-19 18:47:04,2025-12-20 02:47:04,Strategy_Open,123.925,1.0,0,0.0,193.084295,0.0,Strategy_Signal,123.925,124.127,16.3,-1
1766170080.3864396,2025-12-19 18:48:00,2025-12-20 02:48:00,BarData,124.028,0,0.0,0.0,193.084295,0.0,❌ 震荡 (Gap 7.7 < 10),124.028,124.123,7.7,0
1766170140.6304991,2025-12-19 18:49:00,2025-12-20 02:49:00,BarData,124.095,0,0.0,0.0,193.084295,0.0,❌ 震荡 (Gap 2.2 < 10),124.095,124.122,2.2,0
1766170200.339801,2025-12-19 18:50:00,2025-12-20 02:50:00,BarData,123.989,0,0.0,0.0,193.084295,0.0,✅ 触发交易,123.989,124.118,10.4,-1
1766170204.319761,2025-12-19 18:50:04,2025-12-20 02:50:04,Strategy_Open,123.989,1.0,0,0.0,193.084295,0.0,Strategy_Signal,123.989,124.118,10.4,-1
1766170262.3999445,2025-12-19 18:51:02,2025-12-20 02:51:02,BarData,124.231,0,0.0,0.0,193.084295,0.0,❌ 震荡 (Gap 8.8 < 10),124.231,124.122,8.8,0
1766170320.5468905,2025-12-19 18:52:00,2025-12-20 02:52:00,BarData,124.357,0,0.0,0.0,193.084295,0.0,✅ 触发交易,124.357,124.129,18.3,1
1766170324.4278026,2025-12-19 18:52:04,2025-12-20 02:52:04,Strategy_Open,124.357,1.0,0,0.0,193.084295,0.0,Strategy_Signal,124.357,124.129,18.3,1
1766170380.416493,2025-12-19 18:53:00,2025-12-20 02:53:00,BarData,124.4,0,0.0,0.0,193.084295,0.0,✅ 触发交易,124.400,124.138,21.0,1
1766170384.278941,2025-12-19 18:53:04,2025-12-20 02:53:04,Strategy_Open,124.4,1.0,0,0.0,193.084295,0.0,Strategy_Signal,124.400,124.138,21.0,1
1766170440.1351323,2025-12-19 18:54:00,2025-12-20 02:54:00,BarData,124.701,0,0.0,0.0,193.084295,0.0,✅ 触发交易,124.701,124.157,43.6,1
1766170443.9955049,2025-12-19 18:54:03,2025-12-20 02:54:03,Strategy_Open,124.701,1.0,0,0.0,193.084295,0.0,Strategy_Signal,124.701,124.157,43.6,1
1766170501.709195,2025-12-19 18:55:01,2025-12-20 02:55:01,BarData,124.989,0,0.0,0.0,193.084295,0.0,✅ 触发交易,124.989,124.184,64.4,1
1766170505.5771074,2025-12-19 18:55:05,2025-12-20 02:55:05,Strategy_Open,124.989,1.0,0,0.0,193.084295,0.0,Strategy_Signal,124.989,124.184,64.4,1
1766170560.3409686,2025-12-19 18:56:00,2025-12-20 02:56:00,BarData,124.915,0,0.0,0.0,193.084295,0.0,✅ 触发交易,124.915,124.208,56.6,1
1766170564.3312733,2025-12-19 18:56:04,2025-12-20 02:56:04,Strategy_Open,124.915,1.0,0,0.0,193.084295,0.0,Strategy_Signal,124.915,124.208,56.6,1
1766170620.835814,2025-12-19 18:57:00,2025-12-20 02:57:00,BarData,124.898,0,0.0,0.0,193.084295,0.0,✅ 触发交易,124.898,124.231,53.4,1
1766170624.6879966,2025-12-19 18:57:04,2025-12-20 02:57:04,Strategy_Open,124.898,1.0,0,0.0,193.084295,0.0,Strategy_Signal,124.898,124.231,53.4,1
1766170680.7904437,2025-12-19 18:58:00,2025-12-20 02:58:00,BarData,124.865,0,0.0,0.0,193.084295,0.0,✅ 触发交易,124.865,124.251,49.1,1
1766170684.665345,2025-12-19 18:58:04,2025-12-20 02:58:04,Strategy_Open,124.865,1.0,0,0.0,193.084295,0.0,Strategy_Signal,124.865,124.251,49.1,1
1766170740.8856738,2025-12-19 18:59:00,2025-12-20 02:59:00,BarData,124.745,0,0.0,0.0,193.084295,0.0,✅ 触发交易,124.745,124.268,38.3,1
1766170744.7296398,2025-12-19 18:59:04,2025-12-20 02:59:04,Strategy_Open,124.745,1.0,0,0.0,193.084295,0.0,Strategy_Signal,124.745,124.268,38.3,1
1766170800.7109375,2025-12-19 19:00:00,2025-12-20 03:00:00,BarData,124.666,0,0.0,0.0,193.084295,0.0,✅ 触发交易,124.666,124.281,30.9,1
1766170804.71085,2025-12-19 19:00:04,2025-12-20 03:00:04,Strategy_Open,124.666,1.0,0,0.0,193.084295,0.0,Strategy_Signal,124.666,124.281,30.9,1
1766170862.2942734,2025-12-19 19:01:02,2025-12-20 03:01:02,BarData,124.762,0,0.0,0.0,193.084295,0.0,✅ 触发交易,124.762,124.296,37.3,1
1766170866.1844225,2025-12-19 19:01:06,2025-12-20 03:01:06,Strategy_Open,124.762,1.0,0,0.0,193.084295,0.0,Strategy_Signal,124.762,124.296,37.3,1
1766170922.3983762,2025-12-19 19:02:02,2025-12-20 03:02:02,BarData,124.909,0,0.0,0.0,193.084295,0.0,✅ 触发交易,124.909,124.317,47.4,1
1766170926.2816193,2025-12-19 19:02:06,2025-12-20 03:02:06,Strategy_Open,124.909,1.0,0,0.0,193.084295,0.0,Strategy_Signal,124.909,124.317,47.4,1
1766170980.1580856,2025-12-19 19:03:00,2025-12-20 03:03:00,BarData,124.831,0,0.0,0.0,193.084295,0.0,✅ 触发交易,124.831,124.333,39.9,1
1766170984.012942,2025-12-19 19:03:04,2025-12-20 03:03:04,Strategy_Open,124.831,1.0,0,0.0,193.084295,0.0,Strategy_Signal,124.831,124.333,39.9,1
1766171040.6206126,2025-12-19 19:04:00,2025-12-20 03:04:00,BarData,124.847,0,0.0,0.0,193.084295,0.0,✅ 触发交易,124.847,124.350,39.8,1
1766171044.4807348,2025-12-19 19:04:04,2025-12-20 03:04:04,Strategy_Open,124.847,1.0,0,0.0,193.084295,0.0,Strategy_Signal,124.847,124.350,39.8,1
1766171100.988543,2025-12-19 19:05:00,2025-12-20 03:05:00,BarData,125.002,0,0.0,0.0,193.084295,0.0,✅ 触发交易,125.002,124.372,50.4,1
1766171104.879573,2025-12-19 19:05:04,2025-12-20 03:05:04,Strategy_Open,125.002,1.0,0,0.0,193.084295,0.0,Strategy_Signal,125.002,124.372,50.4,1
1766171160.2259881,2025-12-19 19:06:00,2025-12-20 03:06:00,BarData,125.093,0,0.0,0.0,193.084295,0.0,✅ 触发交易,125.093,124.395,55.8,1
1766171164.0940714,2025-12-19 19:06:04,2025-12-20 03:06:04,Strategy_Open,125.093,1.0,0,0.0,193.084295,0.0,Strategy_Signal,125.093,124.395,55.8,1
1766171221.7300243,2025-12-19 19:07:01,2025-12-20 03:07:01,BarData,125.189,0,0.0,0.0,193.084295,0.0,✅ 触发交易,125.189,124.421,61.3,1
1766171225.609206,2025-12-19 19:07:05,2025-12-20 03:07:05,Strategy_Open,125.189,1.0,0,0.0,193.084295,0.0,Strategy_Signal,125.189,124.421,61.3,1
1766171280.5801132,2025-12-19 19:08:00,2025-12-20 03:08:00,BarData,125.12,0,0.0,0.0,193.084295,0.0,✅ 触发交易,125.120,124.444,54.0,1
1766171284.4434187,2025-12-19 19:08:04,2025-12-20 03:08:04,Strategy_Open,125.12,1.0,0,0.0,193.084295,0.0,Strategy_Signal,125.120,124.444,54.0,1
1766171342.5210752,2025-12-19 19:09:02,2025-12-20 03:09:02,BarData,125.184,0,0.0,0.0,193.084295,0.0,✅ 触发交易,125.184,124.468,57.2,1
1766171346.3882477,2025-12-19 19:09:06,2025-12-20 03:09:06,Strategy_Open,125.184,1.0,0,0.0,193.084295,0.0,Strategy_Signal,125.184,124.468,57.2,1
1766171400.4428022,2025-12-19 19:10:00,2025-12-20 03:10:00,BarData,125.323,0,0.0,0.0,193.084295,0.0,✅ 触发交易,125.323,124.496,66.0,1
1766171404.340973,2025-12-19 19:10:04,2025-12-20 03:10:04,Strategy_Open,125.323,1.0,0,0.0,193.084295,0.0,Strategy_Signal,125.323,124.496,66.0,1
1766171460.2756455,2025-12-19 19:11:00,2025-12-20 03:11:00,BarData,125.304,0,0.0,0.0,193.084295,0.0,✅ 触发交易,125.304,124.523,62.3,1
1766171464.2084658,2025-12-19 19:11:04,2025-12-20 03:11:04,Strategy_Open,125.304,1.0,0,0.0,193.084295,0.0,Strategy_Signal,125.304,124.523,62.3,1
1766171521.9494612,2025-12-19 19:12:01,2025-12-20 03:12:01,BarData,125.299,0,0.0,0.0,193.084295,0.0,✅ 触发交易,125.299,124.548,59.9,1
1766171525.794505,2025-12-19 19:12:05,2025-12-20 03:12:05,Strategy_Open,125.299,1.0,0,0.0,193.084295,0.0,Strategy_Signal,125.299,124.548,59.9,1
1766171580.2247784,2025-12-19 19:13:00,2025-12-20 03:13:00,BarData,125.426,0,0.0,0.0,193.084295,0.0,✅ 触发交易,125.426,124.577,67.7,1
1766171584.1216793,2025-12-19 19:13:04,2025-12-20 03:13:04,Strategy_Open,125.426,1.0,0,0.0,193.084295,0.0,Strategy_Signal,125.426,124.577,67.7,1
1766171641.2829568,2025-12-19 19:14:01,2025-12-20 03:14:01,BarData,125.328,0,0.0,0.0,193.084295,0.0,✅ 触发交易,125.328,124.602,57.9,1
1766171645.2789896,2025-12-19 19:14:05,2025-12-20 03:14:05,Strategy_Open,125.328,1.0,0,0.0,193.084295,0.0,Strategy_Signal,125.328,124.602,57.9,1
1766171701.7693462,2025-12-19 19:15:01,2025-12-20 03:15:01,BarData,125.412,0,0.0,0.0,193.084295,0.0,✅ 触发交易,125.412,124.628,62.5,1
1766171705.6356285,2025-12-19 19:15:05,2025-12-20 03:15:05,Strategy_Open,125.412,1.0,0,0.0,193.084295,0.0,Strategy_Signal,125.412,124.628,62.5,1
1766171760.0805514,2025-12-19 19:16:00,2025-12-20 03:16:00,BarData,125.621,0,0.0,0.0,193.084295,0.0,✅ 触发交易,125.621,124.661,76.4,1
1766171763.9520233,2025-12-19 19:16:03,2025-12-20 03:16:03,Strategy_Open,125.621,1.0,0,0.0,193.084295,0.0,Strategy_Signal,125.621,124.661,76.4,1
1766171820.2586045,2025-12-19 19:17:00,2025-12-20 03:17:00,BarData,125.573,0,0.0,0.0,193.084295,0.0,✅ 触发交易,125.573,124.691,70.3,1
1766171824.1373174,2025-12-19 19:17:04,2025-12-20 03:17:04,Strategy_Open,125.573,1.0,0,0.0,193.084295,0.0,Strategy_Signal,125.573,124.691,70.3,1
1766171881.2647245,2025-12-19 19:18:01,2025-12-20 03:18:01,BarData,125.681,0,0.0,0.0,193.084295,0.0,✅ 触发交易,125.681,124.723,76.2,1
1766171885.1409707,2025-12-19 19:18:05,2025-12-20 03:18:05,Strategy_Open,125.681,1.0,0,0.0,193.084295,0.0,Strategy_Signal,125.681,124.723,76.2,1
1766171941.898745,2025-12-19 19:19:01,2025-12-20 03:19:01,BarData,125.829,0,0.0,0.0,193.084295,0.0,✅ 触发交易,125.829,124.760,85.0,1
1766171945.757378,2025-12-19 19:19:05,2025-12-20 03:19:05,Strategy_Open,125.829,1.0,0,0.0,193.084295,0.0,Strategy_Signal,125.829,124.760,85.0,1
1766172000.2131793,2025-12-19 19:20:00,2025-12-20 03:20:00,BarData,125.952,0,0.0,0.0,193.084295,0.0,✅ 触发交易,125.952,124.799,91.6,1
1766172004.2132025,2025-12-19 19:20:04,2025-12-20 03:20:04,Strategy_Open,125.952,1.0,0,0.0,193.084295,0.0,Strategy_Signal,125.952,124.799,91.6,1
1766172060.1434135,2025-12-19 19:21:00,2025-12-20 03:21:00,BarData,125.866,0,0.0,0.0,193.084295,0.0,✅ 触发交易,125.866,124.834,82.0,1
1766172064.0692623,2025-12-19 19:21:04,2025-12-20 03:21:04,Strategy_Open,125.866,1.0,0,0.0,193.084295,0.0,Strategy_Signal,125.866,124.834,82.0,1
1766172120.2246823,2025-12-19 19:22:00,2025-12-20 03:22:00,BarData,125.951,0,0.0,0.0,193.084295,0.0,✅ 触发交易,125.951,124.870,85.8,1
1766172124.083488,2025-12-19 19:22:04,2025-12-20 03:22:04,Strategy_Open,125.951,1.0,0,0.0,193.084295,0.0,Strategy_Signal,125.951,124.870,85.8,1
1766172180.5177672,2025-12-19 19:23:00,2025-12-20 03:23:00,BarData,125.88,0,0.0,0.0,193.084295,0.0,✅ 触发交易,125.880,124.903,77.6,1
1766172184.6708736,2025-12-19 19:23:04,2025-12-20 03:23:04,Strategy_Open,125.88,1.0,0,0.0,193.084295,0.0,Strategy_Signal,125.880,124.903,77.6,1
1766172240.480466,2025-12-19 19:24:00,2025-12-20 03:24:00,BarData,125.877,0,0.0,0.0,193.084295,0.0,✅ 触发交易,125.877,124.935,74.8,1
1766172244.4843028,2025-12-19 19:24:04,2025-12-20 03:24:04,Strategy_Open,125.877,1.0,0,0.0,193.084295,0.0,Strategy_Signal,125.877,124.935,74.8,1
1766172300.6262047,2025-12-19 19:25:00,2025-12-20 03:25:00,BarData,125.823,0,0.0,0.0,193.084295,0.0,✅ 触发交易,125.823,124.964,68.2,1
1766172304.5207996,2025-12-19 19:25:04,2025-12-20 03:25:04,Strategy_Open,125.823,1.0,0,0.0,193.084295,0.0,Strategy_Signal,125.823,124.964,68.2,1
1766172362.030653,2025-12-19 19:26:02,2025-12-20 03:26:02,BarData,125.875,0,0.0,0.0,193.084295,0.0,✅ 触发交易,125.875,124.994,70.0,1
1766172365.9094586,2025-12-19 19:26:05,2025-12-20 03:26:05,Strategy_Open,125.875,1.0,0,0.0,193.084295,0.0,Strategy_Signal,125.875,124.994,70.0,1
1766172420.258562,2025-12-19 19:27:00,2025-12-20 03:27:00,BarData,125.795,0,0.0,0.0,193.084295,0.0,✅ 触发交易,125.795,125.020,61.6,1
1766172424.1460514,2025-12-19 19:27:04,2025-12-20 03:27:04,Strategy_Open,125.795,1.0,0,0.0,193.084295,0.0,Strategy_Signal,125.795,125.020,61.6,1
1766172480.340014,2025-12-19 19:28:00,2025-12-20 03:28:00,BarData,125.751,0,0.0,0.0,193.084295,0.0,✅ 触发交易,125.751,125.044,56.2,1
1766172484.3416247,2025-12-19 19:28:04,2025-12-20 03:28:04,Strategy_Open,125.751,1.0,0,0.0,193.084295,0.0,Strategy_Signal,125.751,125.044,56.2,1
1766172540.4313045,2025-12-19 19:29:00,2025-12-20 03:29:00,BarData,125.848,0,0.0,0.0,193.084295,0.0,✅ 触发交易,125.848,125.071,61.8,1
1766172544.2842803,2025-12-19 19:29:04,2025-12-20 03:29:04,Strategy_Open,125.848,1.0,0,0.0,193.084295,0.0,Strategy_Signal,125.848,125.071,61.8,1
1766172600.3395588,2025-12-19 19:30:00,2025-12-20 03:30:00,BarData,125.854,0,0.0,0.0,193.084295,0.0,✅ 触发交易,125.854,125.096,60.2,1
1766172604.334719,2025-12-19 19:30:04,2025-12-20 03:30:04,Strategy_Open,125.854,1.0,0,0.0,193.084295,0.0,Strategy_Signal,125.854,125.096,60.2,1
1766172661.3913684,2025-12-19 19:31:01,2025-12-20 03:31:01,BarData,125.755,0,0.0,0.0,193.084295,0.0,✅ 触发交易,125.755,125.118,50.6,1
1766172665.2770739,2025-12-19 19:31:05,2025-12-20 03:31:05,Strategy_Open,125.755,1.0,0,0.0,193.084295,0.0,Strategy_Signal,125.755,125.118,50.6,1
1766172720.6513827,2025-12-19 19:32:00,2025-12-20 03:32:00,BarData,126.069,0,0.0,0.0,193.084295,0.0,✅ 触发交易,126.069,125.149,73.0,1
1766172724.5225527,2025-12-19 19:32:04,2025-12-20 03:32:04,Strategy_Open,126.069,1.0,0,0.0,193.084295,0.0,Strategy_Signal,126.069,125.149,73.0,1
1766172780.8247566,2025-12-19 19:33:00,2025-12-20 03:33:00,BarData,126.28,0,0.0,0.0,193.084295,0.0,✅ 触发交易,126.280,125.186,86.6,1
1766172784.6837432,2025-12-19 19:33:04,2025-12-20 03:33:04,Strategy_Open,126.28,1.0,0,0.0,193.084295,0.0,Strategy_Signal,126.280,125.186,86.6,1
1766172840.409086,2025-12-19 19:34:00,2025-12-20 03:34:00,BarData,126.065,0,0.0,0.0,193.084295,0.0,✅ 触发交易,126.065,125.215,67.4,1
1766172844.4134307,2025-12-19 19:34:04,2025-12-20 03:34:04,Strategy_Open,126.065,1.0,0,0.0,193.084295,0.0,Strategy_Signal,126.065,125.215,67.4,1
1766172901.4356124,2025-12-19 19:35:01,2025-12-20 03:35:01,BarData,126.103,0,0.0,0.0,193.084295,0.0,✅ 触发交易,126.103,125.244,68.1,1
1766172905.434456,2025-12-19 19:35:05,2025-12-20 03:35:05,Strategy_Open,126.103,1.0,0,0.0,193.084295,0.0,Strategy_Signal,126.103,125.244,68.1,1
1766172960.2506695,2025-12-19 19:36:00,2025-12-20 03:36:00,BarData,126.179,0,0.0,0.0,193.084295,0.0,✅ 触发交易,126.179,125.275,71.7,1
1766172964.106889,2025-12-19 19:36:04,2025-12-20 03:36:04,Strategy_Open,126.179,1.0,0,0.0,193.084295,0.0,Strategy_Signal,126.179,125.275,71.7,1
1766173020.3504958,2025-12-19 19:37:00,2025-12-20 03:37:00,BarData,126.519,0,0.0,0.0,193.084295,0.0,✅ 触发交易,126.519,125.316,95.1,1
1766173024.1978047,2025-12-19 19:37:04,2025-12-20 03:37:04,Strategy_Open,126.519,1.0,0,0.0,193.084295,0.0,Strategy_Signal,126.519,125.316,95.1,1
1766173080.4105365,2025-12-19 19:38:00,2025-12-20 03:38:00,BarData,126.35,0,0.0,0.0,193.084295,0.0,✅ 触发交易,126.350,125.350,79.2,1
1766173084.2602031,2025-12-19 19:38:04,2025-12-20 03:38:04,Strategy_Open,126.35,1.0,0,0.0,193.084295,0.0,Strategy_Signal,126.350,125.350,79.2,1
1766173140.4614718,2025-12-19 19:39:00,2025-12-20 03:39:00,BarData,126.461,0,0.0,0.0,193.084295,0.0,✅ 触发交易,126.461,125.386,85.0,1
1766173144.3297741,2025-12-19 19:39:04,2025-12-20 03:39:04,Strategy_Open,126.461,1.0,0,0.0,193.084295,0.0,Strategy_Signal,126.461,125.386,85.0,1
1766173200.5966341,2025-12-19 19:40:00,2025-12-20 03:40:00,BarData,126.4,0,0.0,0.0,193.084295,0.0,✅ 触发交易,126.400,125.419,77.6,1
1766173204.4696882,2025-12-19 19:40:04,2025-12-20 03:40:04,Strategy_Open,126.4,1.0,0,0.0,193.084295,0.0,Strategy_Signal,126.400,125.419,77.6,1
1766173260.3749833,2025-12-19 19:41:00,2025-12-20 03:41:00,BarData,126.264,0,0.0,0.0,193.084295,0.0,✅ 触发交易,126.264,125.447,64.7,1
1766173264.2460117,2025-12-19 19:41:04,2025-12-20 03:41:04,Strategy_Open,126.264,1.0,0,0.0,193.084295,0.0,Strategy_Signal,126.264,125.447,64.7,1
1766173320.4934044,2025-12-19 19:42:00,2025-12-20 03:42:00,BarData,126.269,0,0.0,0.0,193.084295,0.0,✅ 触发交易,126.269,125.474,63.0,1
1766173324.5047982,2025-12-19 19:42:04,2025-12-20 03:42:04,Strategy_Open,126.269,1.0,0,0.0,193.084295,0.0,Strategy_Signal,126.269,125.474,63.0,1
1766173380.3895104,2025-12-19 19:43:00,2025-12-20 03:43:00,BarData,126.4,0,0.0,0.0,193.084295,0.0,✅ 触发交易,126.400,125.504,70.9,1
1766173384.2573183,2025-12-19 19:43:04,2025-12-20 03:43:04,Strategy_Open,126.4,1.0,0,0.0,193.084295,0.0,Strategy_Signal,126.400,125.504,70.9,1
1766173440.4408422,2025-12-19 19:44:00,2025-12-20 03:44:00,BarData,126.49,0,0.0,0.0,193.084295,0.0,✅ 触发交易,126.490,125.537,75.4,1
1766173444.3036146,2025-12-19 19:44:04,2025-12-20 03:44:04,Strategy_Open,126.49,1.0,0,0.0,193.084295,0.0,Strategy_Signal,126.490,125.537,75.4,1
1766173500.4531465,2025-12-19 19:45:00,2025-12-20 03:45:00,BarData,126.457,0,0.0,0.0,193.084295,0.0,✅ 触发交易,126.457,125.567,70.4,1
1766173504.466001,2025-12-19 19:45:04,2025-12-20 03:45:04,Strategy_Open,126.457,1.0,0,0.0,193.084295,0.0,Strategy_Signal,126.457,125.567,70.4,1
1766173560.103803,2025-12-19 19:46:00,2025-12-20 03:46:00,BarData,126.344,0,0.0,0.0,193.084295,0.0,✅ 触发交易,126.344,125.592,59.5,1
1766173563.9785235,2025-12-19 19:46:03,2025-12-20 03:46:03,Strategy_Open,126.344,1.0,0,0.0,193.084295,0.0,Strategy_Signal,126.344,125.592,59.5,1
1766173622.4936576,2025-12-19 19:47:02,2025-12-20 03:47:02,BarData,126.278,0,0.0,0.0,193.084295,0.0,✅ 触发交易,126.278,125.615,52.5,1
1766173626.3703303,2025-12-19 19:47:06,2025-12-20 03:47:06,Strategy_Open,126.278,1.0,0,0.0,193.084295,0.0,Strategy_Signal,126.278,125.615,52.5,1
1766173680.1412232,2025-12-19 19:48:00,2025-12-20 03:48:00,BarData,126.406,0,0.0,0.0,193.084295,0.0,✅ 触发交易,126.406,125.641,60.5,1
1766173684.0373762,2025-12-19 19:48:04,2025-12-20 03:48:04,Strategy_Open,126.406,1.0,0,0.0,193.084295,0.0,Strategy_Signal,126.406,125.641,60.5,1
1766173741.640334,2025-12-19 19:49:01,2025-12-20 03:49:01,BarData,126.41,0,0.0,0.0,193.084295,0.0,✅ 触发交易,126.410,125.666,58.9,1
1766173745.5402083,2025-12-19 19:49:05,2025-12-20 03:49:05,Strategy_Open,126.41,1.0,0,0.0,193.084295,0.0,Strategy_Signal,126.410,125.666,58.9,1
1766173800.1683357,2025-12-19 19:50:00,2025-12-20 03:50:00,BarData,126.521,0,0.0,0.0,193.084295,0.0,✅ 触发交易,126.521,125.694,65.4,1
1766173804.0098362,2025-12-19 19:50:04,2025-12-20 03:50:04,Strategy_Open,126.521,1.0,0,0.0,193.084295,0.0,Strategy_Signal,126.521,125.694,65.4,1
1766173860.6178074,2025-12-19 19:51:00,2025-12-20 03:51:00,BarData,126.258,0,0.0,0.0,193.084295,0.0,✅ 触发交易,126.258,125.712,43.2,1
1766173864.704096,2025-12-19 19:51:04,2025-12-20 03:51:04,Strategy_Open,126.258,1.0,0,0.0,193.084295,0.0,Strategy_Signal,126.258,125.712,43.2,1
1766173920.7473445,2025-12-19 19:52:00,2025-12-20 03:52:00,BarData,126.098,0,0.0,0.0,193.084295,0.0,✅ 触发交易,126.098,125.725,29.6,1
1766173924.7343273,2025-12-19 19:52:04,2025-12-20 03:52:04,Strategy_Open,126.098,1.0,0,0.0,193.084295,0.0,Strategy_Signal,126.098,125.725,29.6,1
1766173980.5725756,2025-12-19 19:53:00,2025-12-20 03:53:00,BarData,126.105,0,0.0,0.0,193.084295,0.0,✅ 触发交易,126.105,125.738,29.1,1
1766173984.4186985,2025-12-19 19:53:04,2025-12-20 03:53:04,Strategy_Open,126.105,1.0,0,0.0,193.084295,0.0,Strategy_Signal,126.105,125.738,29.1,1
1766174041.639777,2025-12-19 19:54:01,2025-12-20 03:54:01,BarData,126.138,0,0.0,0.0,193.084295,0.0,✅ 触发交易,126.138,125.751,30.7,1
1766174045.5186331,2025-12-19 19:54:05,2025-12-20 03:54:05,Strategy_Open,126.138,1.0,0,0.0,193.084295,0.0,Strategy_Signal,126.138,125.751,30.7,1
1766174100.5131133,2025-12-19 19:55:00,2025-12-20 03:55:00,BarData,126.086,0,0.0,0.0,193.084295,0.0,✅ 触发交易,126.086,125.762,25.7,1
1766174104.3848534,2025-12-19 19:55:04,2025-12-20 03:55:04,Strategy_Open,126.086,1.0,0,0.0,193.084295,0.0,Strategy_Signal,126.086,125.762,25.7,1
1766174160.4691863,2025-12-19 19:56:00,2025-12-20 03:56:00,BarData,126.132,0,0.0,0.0,193.084295,0.0,✅ 触发交易,126.132,125.774,28.4,1
1766174164.3536365,2025-12-19 19:56:04,2025-12-20 03:56:04,Strategy_Open,126.132,1.0,0,0.0,193.084295,0.0,Strategy_Signal,126.132,125.774,28.4,1
1766174220.277107,2025-12-19 19:57:00,2025-12-20 03:57:00,BarData,126.15,0,0.0,0.0,193.084295,0.0,✅ 触发交易,126.150,125.786,28.8,1
1766174224.1325595,2025-12-19 19:57:04,2025-12-20 03:57:04,Strategy_Open,126.15,1.0,0,0.0,193.084295,0.0,Strategy_Signal,126.150,125.786,28.8,1
1766174281.1847706,2025-12-19 19:58:01,2025-12-20 03:58:01,BarData,126.175,0,0.0,0.0,193.084295,0.0,✅ 触发交易,126.175,125.799,29.8,1
1766174285.0826766,2025-12-19 19:58:05,2025-12-20 03:58:05,Strategy_Open,126.175,1.0,0,0.0,193.084295,0.0,Strategy_Signal,126.175,125.799,29.8,1
1766174342.4456239,2025-12-19 19:59:02,2025-12-20 03:59:02,BarData,126.104,0,0.0,0.0,193.084295,0.0,✅ 触发交易,126.104,125.809,23.4,1
1766174346.2875133,2025-12-19 19:59:06,2025-12-20 03:59:06,Strategy_Open,126.104,1.0,0,0.0,193.084295,0.0,Strategy_Signal,126.104,125.809,23.4,1
1766174400.4830043,2025-12-19 20:00:00,2025-12-20 04:00:00,BarData,126.165,0,0.0,0.0,193.084295,0.0,✅ 触发交易,126.165,125.821,27.3,1
1766174404.358736,2025-12-19 20:00:04,2025-12-20 04:00:04,Strategy_Open,126.165,1.0,0,0.0,193.084295,0.0,Strategy_Signal,126.165,125.821,27.3,1
1766174460.6609225,2025-12-19 20:01:00,2025-12-20 04:01:00,BarData,126.221,0,0.0,0.0,193.084295,0.0,✅ 触发交易,126.221,125.834,30.7,1
1766174464.5256534,2025-12-19 20:01:04,2025-12-20 04:01:04,Strategy_Open,126.221,1.0,0,0.0,193.084295,0.0,Strategy_Signal,126.221,125.834,30.7,1
1766174520.3243601,2025-12-19 20:02:00,2025-12-20 04:02:00,BarData,126.368,0,0.0,0.0,193.084295,0.0,✅ 触发交易,126.368,125.851,40.9,1
1766174524.182436,2025-12-19 20:02:04,2025-12-20 04:02:04,Strategy_Open,126.368,1.0,0,0.0,193.084295,0.0,Strategy_Signal,126.368,125.851,40.9,1
1766174581.941143,2025-12-19 20:03:01,2025-12-20 04:03:01,BarData,126.279,0,0.0,0.0,193.084295,0.0,✅ 触发交易,126.279,125.865,32.8,1
1766174585.8045833,2025-12-19 20:03:05,2025-12-20 04:03:05,Strategy_Open,126.279,1.0,0,0.0,193.084295,0.0,Strategy_Signal,126.279,125.865,32.8,1
1766174640.2908776,2025-12-19 20:04:00,2025-12-20 04:04:00,BarData,126.118,0,0.0,0.0,193.084295,0.0,✅ 触发交易,126.118,125.874,19.4,1
1766174644.1624084,2025-12-19 20:04:04,2025-12-20 04:04:04,Strategy_Open,126.118,1.0,0,0.0,193.084295,0.0,Strategy_Signal,126.118,125.874,19.4,1
1766174700.2951694,2025-12-19 20:05:00,2025-12-20 04:05:00,BarData,126.179,0,0.0,0.0,193.084295,0.0,✅ 触发交易,126.179,125.884,23.4,1
1766174704.14908,2025-12-19 20:05:04,2025-12-20 04:05:04,Strategy_Open,126.179,1.0,0,0.0,193.084295,0.0,Strategy_Signal,126.179,125.884,23.4,1
1766174760.325884,2025-12-19 20:06:00,2025-12-20 04:06:00,BarData,126.226,0,0.0,0.0,193.084295,0.0,✅ 触发交易,126.226,125.895,26.2,1
1766174764.224875,2025-12-19 20:06:04,2025-12-20 04:06:04,Strategy_Open,126.226,1.0,0,0.0,193.084295,0.0,Strategy_Signal,126.226,125.895,26.2,1
1766174820.1499622,2025-12-19 20:07:00,2025-12-20 04:07:00,BarData,126.104,0,0.0,0.0,193.084295,0.0,✅ 触发交易,126.104,125.902,16.0,1
1766174824.345015,2025-12-19 20:07:04,2025-12-20 04:07:04,Strategy_Open,126.104,1.0,0,0.0,193.084295,0.0,Strategy_Signal,126.104,125.902,16.0,1
1766174880.1849227,2025-12-19 20:08:00,2025-12-20 04:08:00,BarData,126.122,0,0.0,0.0,193.084295,0.0,✅ 触发交易,126.122,125.909,16.9,1
1766174884.0513327,2025-12-19 20:08:04,2025-12-20 04:08:04,Strategy_Open,126.122,1.0,0,0.0,193.084295,0.0,Strategy_Signal,126.122,125.909,16.9,1
1766174940.232923,2025-12-19 20:09:00,2025-12-20 04:09:00,BarData,126.146,0,0.0,0.0,193.084295,0.0,✅ 触发交易,126.146,125.917,18.2,1
1766174944.2396572,2025-12-19 20:09:04,2025-12-20 04:09:04,Strategy_Open,126.146,1.0,0,0.0,193.084295,0.0,Strategy_Signal,126.146,125.917,18.2,1
1766175000.3720198,2025-12-19 20:10:00,2025-12-20 04:10:00,BarData,126.189,0,0.0,0.0,193.084295,0.0,✅ 触发交易,126.189,125.926,20.9,1
1766175004.3094552,2025-12-19 20:10:04,2025-12-20 04:10:04,Strategy_Open,126.189,1.0,0,0.0,193.084295,0.0,Strategy_Signal,126.189,125.926,20.9,1
1766175060.5903196,2025-12-19 20:11:00,2025-12-20 04:11:00,BarData,126.236,0,0.0,0.0,193.084295,0.0,✅ 触发交易,126.236,125.936,23.8,1
1766175064.4399467,2025-12-19 20:11:04,2025-12-20 04:11:04,Strategy_Open,126.236,1.0,0,0.0,193.084295,0.0,Strategy_Signal,126.236,125.936,23.8,1
1766175120.2723525,2025-12-19 20:12:00,2025-12-20 04:12:00,BarData,126.32,0,0.0,0.0,193.084295,0.0,✅ 触发交易,126.320,125.948,29.4,1
1766175124.2485356,2025-12-19 20:12:04,2025-12-20 04:12:04,Strategy_Open,126.32,1.0,0,0.0,193.084295,0.0,Strategy_Signal,126.320,125.948,29.4,1
1766175181.3988776,2025-12-19 20:13:01,2025-12-20 04:13:01,BarData,126.438,0,0.0,0.0,193.084295,0.0,✅ 触发交易,126.438,125.964,37.5,1
1766175185.274269,2025-12-19 20:13:05,2025-12-20 04:13:05,Strategy_Open,126.438,1.0,0,0.0,193.084295,0.0,Strategy_Signal,126.438,125.964,37.5,1
1766175240.384375,2025-12-19 20:14:00,2025-12-20 04:14:00,BarData,126.205,0,0.0,0.0,193.084295,0.0,✅ 触发交易,126.205,125.972,18.4,1
1766175244.2545884,2025-12-19 20:14:04,2025-12-20 04:14:04,Strategy_Open,126.205,1.0,0,0.0,193.084295,0.0,Strategy_Signal,126.205,125.972,18.4,1
1766175300.8116436,2025-12-19 20:15:00,2025-12-20 04:15:00,BarData,126.223,0,0.0,0.0,193.084295,0.0,✅ 触发交易,126.223,125.980,19.2,1
1766175304.6857097,2025-12-19 20:15:04,2025-12-20 04:15:04,Strategy_Open,126.223,1.0,0,0.0,193.084295,0.0,Strategy_Signal,126.223,125.980,19.2,1
1766175362.8081312,2025-12-19 20:16:02,2025-12-20 04:16:02,BarData,126.14,0,0.0,0.0,193.084295,0.0,✅ 触发交易,126.140,125.986,12.2,1
1766175366.6569266,2025-12-19 20:16:06,2025-12-20 04:16:06,Strategy_Open,126.14,1.0,0,0.0,193.084295,0.0,Strategy_Signal,126.140,125.986,12.2,1
1766175420.4173257,2025-12-19 20:17:00,2025-12-20 04:17:00,BarData,126.152,0,0.0,0.0,193.084295,0.0,✅ 触发交易,126.152,125.991,12.7,1
1766175424.419733,2025-12-19 20:17:04,2025-12-20 04:17:04,Strategy_Open,126.152,1.0,0,0.0,193.084295,0.0,Strategy_Signal,126.152,125.991,12.7,1
1766175480.0901668,2025-12-19 20:18:00,2025-12-20 04:18:00,BarData,126.424,0,0.0,0.0,193.084295,0.0,✅ 触发交易,126.424,126.005,33.1,1
1766175484.084929,2025-12-19 20:18:04,2025-12-20 04:18:04,Strategy_Open,126.424,1.0,0,0.0,193.084295,0.0,Strategy_Signal,126.424,126.005,33.1,1
1766175541.0060952,2025-12-19 20:19:01,2025-12-20 04:19:01,BarData,126.405,0,0.0,0.0,193.084295,0.0,✅ 触发交易,126.405,126.018,30.6,1
1766175544.8625994,2025-12-19 20:19:04,2025-12-20 04:19:04,Strategy_Open,126.405,1.0,0,0.0,193.084295,0.0,Strategy_Signal,126.405,126.018,30.6,1
1766175600.0919242,2025-12-19 20:20:00,2025-12-20 04:20:00,BarData,126.508,0,0.0,0.0,193.084295,0.0,✅ 触发交易,126.508,126.035,37.4,1
1766175603.9289725,2025-12-19 20:20:03,2025-12-20 04:20:03,Strategy_Open,126.508,1.0,0,0.0,193.084295,0.0,Strategy_Signal,126.508,126.035,37.4,1
1766175662.050278,2025-12-19 20:21:02,2025-12-20 04:21:02,BarData,126.481,0,0.0,0.0,193.084295,0.0,✅ 触发交易,126.481,126.049,34.1,1
1766175665.9209237,2025-12-19 20:21:05,2025-12-20 04:21:05,Strategy_Open,126.481,1.0,0,0.0,193.084295,0.0,Strategy_Signal,126.481,126.049,34.1,1
1766175720.2957625,2025-12-19 20:22:00,2025-12-20 04:22:00,BarData,126.689,0,0.0,0.0,193.084295,0.0,✅ 触发交易,126.689,126.070,48.8,1
1766175724.1498423,2025-12-19 20:22:04,2025-12-20 04:22:04,Strategy_Open,126.689,1.0,0,0.0,193.084295,0.0,Strategy_Signal,126.689,126.070,48.8,1
1766175780.2945108,2025-12-19 20:23:00,2025-12-20 04:23:00,BarData,126.585,0,0.0,0.0,193.084295,0.0,✅ 触发交易,126.585,126.087,39.3,1
1766175784.27676,2025-12-19 20:23:04,2025-12-20 04:23:04,Strategy_Open,126.585,1.0,0,0.0,193.084295,0.0,Strategy_Signal,126.585,126.087,39.3,1
1766175842.1076443,2025-12-19 20:24:02,2025-12-20 04:24:02,BarData,126.494,0,0.0,0.0,193.084295,0.0,✅ 触发交易,126.494,126.100,31.1,1
1766175845.9547026,2025-12-19 20:24:05,2025-12-20 04:24:05,Strategy_Open,126.494,1.0,0,0.0,193.084295,0.0,Strategy_Signal,126.494,126.100,31.1,1
1766175900.350853,2025-12-19 20:25:00,2025-12-20 04:25:00,BarData,126.729,0,0.0,0.0,193.084295,0.0,✅ 触发交易,126.729,126.121,48.0,1
1766175904.368184,2025-12-19 20:25:04,2025-12-20 04:25:04,Strategy_Open,126.729,1.0,0,0.0,193.084295,0.0,Strategy_Signal,126.729,126.121,48.0,1
1766175960.700973,2025-12-19 20:26:00,2025-12-20 04:26:00,BarData,126.901,0,0.0,0.0,193.084295,0.0,✅ 触发交易,126.901,126.147,59.5,1
1766175964.5476487,2025-12-19 20:26:04,2025-12-20 04:26:04,Strategy_Open,126.901,1.0,0,0.0,193.084295,0.0,Strategy_Signal,126.901,126.147,59.5,1
1766176020.4343593,2025-12-19 20:27:00,2025-12-20 04:27:00,BarData,126.809,0,0.0,0.0,193.084295,0.0,✅ 触发交易,126.809,126.168,50.5,1
1766176024.286393,2025-12-19 20:27:04,2025-12-20 04:27:04,Strategy_Open,126.809,1.0,0,0.0,193.084295,0.0,Strategy_Signal,126.809,126.168,50.5,1
1766176080.6676574,2025-12-19 20:28:00,2025-12-20 04:28:00,BarData,126.692,0,0.0,0.0,193.084295,0.0,✅ 触发交易,126.692,126.185,40.0,1
1766176084.5955684,2025-12-19 20:28:04,2025-12-20 04:28:04,Strategy_Open,126.692,1.0,0,0.0,193.084295,0.0,Strategy_Signal,126.692,126.185,40.0,1
1766176140.096863,2025-12-19 20:29:00,2025-12-20 04:29:00,BarData,126.675,0,0.0,0.0,193.084295,0.0,✅ 触发交易,126.675,126.201,37.4,1
1766176144.0777073,2025-12-19 20:29:04,2025-12-20 04:29:04,Strategy_Open,126.675,1.0,0,0.0,193.084295,0.0,Strategy_Signal,126.675,126.201,37.4,1
1766176200.4275532,2025-12-19 20:30:00,2025-12-20 04:30:00,BarData,126.677,0,0.0,0.0,193.084295,0.0,✅ 触发交易,126.677,126.217,36.3,1
1766176204.3122828,2025-12-19 20:30:04,2025-12-20 04:30:04,Strategy_Open,126.677,1.0,0,0.0,193.084295,0.0,Strategy_Signal,126.677,126.217,36.3,1
1766176261.5112896,2025-12-19 20:31:01,2025-12-20 04:31:01,BarData,126.643,0,0.0,0.0,193.084295,0.0,✅ 触发交易,126.643,126.231,32.5,1
1766176265.3630943,2025-12-19 20:31:05,2025-12-20 04:31:05,Strategy_Open,126.643,1.0,0,0.0,193.084295,0.0,Strategy_Signal,126.643,126.231,32.5,1
1766176320.3843818,2025-12-19 20:32:00,2025-12-20 04:32:00,BarData,126.644,0,0.0,0.0,193.084295,0.0,✅ 触发交易,126.644,126.245,31.5,1
1766176324.2513773,2025-12-19 20:32:04,2025-12-20 04:32:04,Strategy_Open,126.644,1.0,0,0.0,193.084295,0.0,Strategy_Signal,126.644,126.245,31.5,1
1766176380.3560333,2025-12-19 20:33:00,2025-12-20 04:33:00,BarData,126.593,0,0.0,0.0,193.084295,0.0,✅ 触发交易,126.593,126.256,26.6,1
1766176384.2142031,2025-12-19 20:33:04,2025-12-20 04:33:04,Strategy_Open,126.593,1.0,0,0.0,193.084295,0.0,Strategy_Signal,126.593,126.256,26.6,1
1766176440.240507,2025-12-19 20:34:00,2025-12-20 04:34:00,BarData,126.722,0,0.0,0.0,193.084295,0.0,✅ 触发交易,126.722,126.271,35.6,1
1766176444.1303694,2025-12-19 20:34:04,2025-12-20 04:34:04,Strategy_Open,126.722,1.0,0,0.0,193.084295,0.0,Strategy_Signal,126.722,126.271,35.6,1
1766176500.5281,2025-12-19 20:35:00,2025-12-20 04:35:00,BarData,126.929,0,0.0,0.0,193.084295,0.0,✅ 触发交易,126.929,126.293,50.1,1
1766176504.3928206,2025-12-19 20:35:04,2025-12-20 04:35:04,Strategy_Open,126.929,1.0,0,0.0,193.084295,0.0,Strategy_Signal,126.929,126.293,50.1,1
1766176560.1644073,2025-12-19 20:36:00,2025-12-20 04:36:00,BarData,127.136,0,0.0,0.0,193.084295,0.0,✅ 触发交易,127.136,126.320,64.1,1
1766176564.0189414,2025-12-19 20:36:04,2025-12-20 04:36:04,Strategy_Open,127.136,1.0,0,0.0,193.084295,0.0,Strategy_Signal,127.136,126.320,64.1,1
1766176620.3571885,2025-12-19 20:37:00,2025-12-20 04:37:00,BarData,127.007,0,0.0,0.0,193.084295,0.0,✅ 触发交易,127.007,126.343,52.3,1
1766176624.2125154,2025-12-19 20:37:04,2025-12-20 04:37:04,Strategy_Open,127.007,1.0,0,0.0,193.084295,0.0,Strategy_Signal,127.007,126.343,52.3,1
1766176680.886695,2025-12-19 20:38:00,2025-12-20 04:38:00,BarData,126.883,0,0.0,0.0,193.084295,0.0,✅ 触发交易,126.883,126.361,41.2,1
1766176684.7507124,2025-12-19 20:38:04,2025-12-20 04:38:04,Strategy_Open,126.883,1.0,0,0.0,193.084295,0.0,Strategy_Signal,126.883,126.361,41.2,1
1766176740.3618717,2025-12-19 20:39:00,2025-12-20 04:39:00,BarData,126.994,0,0.0,0.0,193.084295,0.0,✅ 触发交易,126.994,126.381,48.2,1
1766176744.2286649,2025-12-19 20:39:04,2025-12-20 04:39:04,Strategy_Open,126.994,1.0,0,0.0,193.084295,0.0,Strategy_Signal,126.994,126.381,48.2,1
1766176800.5298693,2025-12-19 20:40:00,2025-12-20 04:40:00,BarData,126.617,0,0.0,0.0,193.084295,0.0,✅ 触发交易,126.617,126.389,18.0,1
1766176804.3824391,2025-12-19 20:40:04,2025-12-20 04:40:04,Strategy_Open,126.617,1.0,0,0.0,193.084295,0.0,Strategy_Signal,126.617,126.389,18.0,1
1766176860.1720796,2025-12-19 20:41:00,2025-12-20 04:41:00,BarData,126.756,0,0.0,0.0,193.084295,0.0,✅ 触发交易,126.756,126.401,28.0,1
1766176864.0235283,2025-12-19 20:41:04,2025-12-20 04:41:04,Strategy_Open,126.756,1.0,0,0.0,193.084295,0.0,Strategy_Signal,126.756,126.401,28.0,1
1766176921.6479614,2025-12-19 20:42:01,2025-12-20 04:42:01,BarData,126.904,0,0.0,0.0,193.084295,0.0,✅ 触发交易,126.904,126.418,38.3,1
1766176925.4974608,2025-12-19 20:42:05,2025-12-20 04:42:05,Strategy_Open,126.904,1.0,0,0.0,193.084295,0.0,Strategy_Signal,126.904,126.418,38.3,1
1766176980.4946747,2025-12-19 20:43:00,2025-12-20 04:43:00,BarData,126.969,0,0.0,0.0,193.084295,0.0,✅ 触发交易,126.969,126.436,42.0,1
1766176984.3639436,2025-12-19 20:43:04,2025-12-20 04:43:04,Strategy_Open,126.969,1.0,0,0.0,193.084295,0.0,Strategy_Signal,126.969,126.436,42.0,1
1766177040.5598092,2025-12-19 20:44:00,2025-12-20 04:44:00,BarData,126.981,0,0.0,0.0,193.084295,0.0,✅ 触发交易,126.981,126.454,41.5,1
1766177044.4183326,2025-12-19 20:44:04,2025-12-20 04:44:04,Strategy_Open,126.981,1.0,0,0.0,193.084295,0.0,Strategy_Signal,126.981,126.454,41.5,1
1766177101.0854018,2025-12-19 20:45:01,2025-12-20 04:45:01,BarData,126.851,0,0.0,0.0,193.084295,0.0,✅ 触发交易,126.851,126.467,30.3,1
1766177104.9574318,2025-12-19 20:45:04,2025-12-20 04:45:04,Strategy_Open,126.851,1.0,0,0.0,193.084295,0.0,Strategy_Signal,126.851,126.467,30.3,1
1766177160.515456,2025-12-19 20:46:00,2025-12-20 04:46:00,BarData,126.857,0,0.0,0.0,193.084295,0.0,✅ 触发交易,126.857,126.479,29.8,1
1766177164.3917649,2025-12-19 20:46:04,2025-12-20 04:46:04,Strategy_Open,126.857,1.0,0,0.0,193.084295,0.0,Strategy_Signal,126.857,126.479,29.8,1
1766177220.3021412,2025-12-19 20:47:00,2025-12-20 04:47:00,BarData,126.904,0,0.0,0.0,193.084295,0.0,✅ 触发交易,126.904,126.493,32.4,1
1766177224.1543667,2025-12-19 20:47:04,2025-12-20 04:47:04,Strategy_Open,126.904,1.0,0,0.0,193.084295,0.0,Strategy_Signal,126.904,126.493,32.4,1
1766177281.6810696,2025-12-19 20:48:01,2025-12-20 04:48:01,BarData,126.992,0,0.0,0.0,193.084295,0.0,✅ 触发交易,126.992,126.510,38.0,1
1766177285.5251274,2025-12-19 20:48:05,2025-12-20 04:48:05,Strategy_Open,126.992,1.0,0,0.0,193.084295,0.0,Strategy_Signal,126.992,126.510,38.0,1
1766177340.598057,2025-12-19 20:49:00,2025-12-20 04:49:00,BarData,127.293,0,0.0,0.0,193.084295,0.0,✅ 触发交易,127.293,126.535,59.5,1
1766177344.6021726,2025-12-19 20:49:04,2025-12-20 04:49:04,Strategy_Open,127.293,1.0,0,0.0,193.084295,0.0,Strategy_Signal,127.293,126.535,59.5,1
1766177400.6906328,2025-12-19 20:50:00,2025-12-20 04:50:00,BarData,127.363,0,0.0,0.0,193.084295,0.0,✅ 触发交易,127.363,126.563,62.8,1
1766177404.5774186,2025-12-19 20:50:04,2025-12-20 04:50:04,Strategy_Open,127.363,1.0,0,0.0,193.084295,0.0,Strategy_Signal,127.363,126.563,62.8,1
1766177460.4182713,2025-12-19 20:51:00,2025-12-20 04:51:00,BarData,127.54,0,0.0,0.0,193.084295,0.0,✅ 触发交易,127.540,126.595,74.1,1
1766177464.385144,2025-12-19 20:51:04,2025-12-20 04:51:04,Strategy_Open,127.54,1.0,0,0.0,193.084295,0.0,Strategy_Signal,127.540,126.595,74.1,1
1766177520.3608913,2025-12-19 20:52:00,2025-12-20 04:52:00,BarData,127.416,0,0.0,0.0,193.084295,0.0,✅ 触发交易,127.416,126.622,62.4,1
1766177524.2129853,2025-12-19 20:52:04,2025-12-20 04:52:04,Strategy_Open,127.416,1.0,0,0.0,193.084295,0.0,Strategy_Signal,127.416,126.622,62.4,1
1766177581.010001,2025-12-19 20:53:01,2025-12-20 04:53:01,BarData,127.365,0,0.0,0.0,193.084295,0.0,✅ 触发交易,127.365,126.646,56.5,1
1766177584.876014,2025-12-19 20:53:04,2025-12-20 04:53:04,Strategy_Open,127.365,1.0,0,0.0,193.084295,0.0,Strategy_Signal,127.365,126.646,56.5,1
1766177641.7807436,2025-12-19 20:54:01,2025-12-20 04:54:01,BarData,127.351,0,0.0,0.0,193.084295,0.0,✅ 触发交易,127.351,126.669,53.6,1
1766177645.6383832,2025-12-19 20:54:05,2025-12-20 04:54:05,Strategy_Open,127.351,1.0,0,0.0,193.084295,0.0,Strategy_Signal,127.351,126.669,53.6,1
1766177701.884266,2025-12-19 20:55:01,2025-12-20 04:55:01,BarData,127.182,0,0.0,0.0,193.084295,0.0,✅ 触发交易,127.182,126.686,39.0,1
1766177705.885806,2025-12-19 20:55:05,2025-12-20 04:55:05,Strategy_Open,127.182,1.0,0,0.0,193.084295,0.0,Strategy_Signal,127.182,126.686,39.0,1
1766177760.2563381,2025-12-19 20:56:00,2025-12-20 04:56:00,BarData,127.031,0,0.0,0.0,193.084295,0.0,✅ 触发交易,127.031,126.697,26.3,1
1766177764.11578,2025-12-19 20:56:04,2025-12-20 04:56:04,Strategy_Open,127.031,1.0,0,0.0,193.084295,0.0,Strategy_Signal,127.031,126.697,26.3,1
1766177820.0791767,2025-12-19 20:57:00,2025-12-20 04:57:00,BarData,126.907,0,0.0,0.0,193.084295,0.0,✅ 触发交易,126.907,126.704,16.0,1
1766177824.0649326,2025-12-19 20:57:04,2025-12-20 04:57:04,Strategy_Open,126.907,1.0,0,0.0,193.084295,0.0,Strategy_Signal,126.907,126.704,16.0,1
1766177880.7362516,2025-12-19 20:58:00,2025-12-20 04:58:00,BarData,126.96,0,0.0,0.0,193.084295,0.0,✅ 触发交易,126.960,126.712,19.5,1
1766177884.605893,2025-12-19 20:58:04,2025-12-20 04:58:04,Strategy_Open,126.96,1.0,0,0.0,193.084295,0.0,Strategy_Signal,126.960,126.712,19.5,1
1766177940.449048,2025-12-19 20:59:00,2025-12-20 04:59:00,BarData,126.869,0,0.0,0.0,193.084295,0.0,✅ 触发交易,126.869,126.718,11.9,1
1766177944.3024492,2025-12-19 20:59:04,2025-12-20 04:59:04,Strategy_Open,126.869,1.0,0,0.0,193.084295,0.0,Strategy_Signal,126.869,126.718,11.9,1
1766178001.241971,2025-12-19 21:00:01,2025-12-20 05:00:01,BarData,127.165,0,0.0,0.0,193.084295,0.0,✅ 触发交易,127.165,126.732,34.0,1
1766178005.1063871,2025-12-19 21:00:05,2025-12-20 05:00:05,Strategy_Open,127.165,1.0,0,0.0,193.084295,0.0,Strategy_Signal,127.165,126.732,34.0,1
1766178060.50438,2025-12-19 21:01:00,2025-12-20 05:01:00,BarData,127.159,0,0.0,0.0,193.084295,0.0,✅ 触发交易,127.159,126.746,32.5,1
1766178064.3606877,2025-12-19 21:01:04,2025-12-20 05:01:04,Strategy_Open,127.159,1.0,0,0.0,193.084295,0.0,Strategy_Signal,127.159,126.746,32.5,1
1766178120.4530962,2025-12-19 21:02:00,2025-12-20 05:02:00,BarData,127.142,0,0.0,0.0,193.084295,0.0,✅ 触发交易,127.142,126.759,30.1,1
1766178124.3194351,2025-12-19 21:02:04,2025-12-20 05:02:04,Strategy_Open,127.142,1.0,0,0.0,193.084295,0.0,Strategy_Signal,127.142,126.759,30.1,1
1766178180.3358908,2025-12-19 21:03:00,2025-12-20 05:03:00,BarData,127.141,0,0.0,0.0,193.084295,0.0,✅ 触发交易,127.141,126.772,29.0,1
1766178184.1923645,2025-12-19 21:03:04,2025-12-20 05:03:04,Strategy_Open,127.141,1.0,0,0.0,193.084295,0.0,Strategy_Signal,127.141,126.772,29.0,1
1766178240.2142265,2025-12-19 21:04:00,2025-12-20 05:04:00,BarData,127.219,0,0.0,0.0,193.084295,0.0,✅ 触发交易,127.219,126.786,34.0,1
1766178244.0670888,2025-12-19 21:04:04,2025-12-20 05:04:04,Strategy_Open,127.219,1.0,0,0.0,193.084295,0.0,Strategy_Signal,127.219,126.786,34.0,1
1766178300.540644,2025-12-19 21:05:00,2025-12-20 05:05:00,BarData,127.053,0,0.0,0.0,193.084295,0.0,✅ 触发交易,127.053,126.795,20.3,1
1766178304.4111404,2025-12-19 21:05:04,2025-12-20 05:05:04,Strategy_Open,127.053,1.0,0,0.0,193.084295,0.0,Strategy_Signal,127.053,126.795,20.3,1
1766178361.2968092,2025-12-19 21:06:01,2025-12-20 05:06:01,BarData,126.978,0,0.0,0.0,193.084295,0.0,✅ 触发交易,126.978,126.801,13.9,1
1766178365.16443,2025-12-19 21:06:05,2025-12-20 05:06:05,Strategy_Open,126.978,1.0,0,0.0,193.084295,0.0,Strategy_Signal,126.978,126.801,13.9,1
1766178420.374114,2025-12-19 21:07:00,2025-12-20 05:07:00,BarData,127.004,0,0.0,0.0,193.084295,0.0,✅ 触发交易,127.004,126.808,15.4,1
1766178424.2409012,2025-12-19 21:07:04,2025-12-20 05:07:04,Strategy_Open,127.004,1.0,0,0.0,193.084295,0.0,Strategy_Signal,127.004,126.808,15.4,1
1766178480.3180869,2025-12-19 21:08:00,2025-12-20 05:08:00,BarData,127.014,0,0.0,0.0,193.084295,0.0,✅ 触发交易,127.014,126.815,15.7,1
1766178484.1895833,2025-12-19 21:08:04,2025-12-20 05:08:04,Strategy_Open,127.014,1.0,0,0.0,193.084295,0.0,Strategy_Signal,127.014,126.815,15.7,1
1766178540.2343102,2025-12-19 21:09:00,2025-12-20 05:09:00,BarData,127.024,0,0.0,0.0,193.084295,0.0,✅ 触发交易,127.024,126.821,15.9,1
1766178544.0819287,2025-12-19 21:09:04,2025-12-20 05:09:04,Strategy_Open,127.024,1.0,0,0.0,193.084295,0.0,Strategy_Signal,127.024,126.821,15.9,1
1766178600.3999314,2025-12-19 21:10:00,2025-12-20 05:10:00,BarData,126.982,0,0.0,0.0,193.084295,0.0,✅ 触发交易,126.982,126.827,12.2,1
1766178604.2588756,2025-12-19 21:10:04,2025-12-20 05:10:04,Strategy_Open,126.982,1.0,0,0.0,193.084295,0.0,Strategy_Signal,126.982,126.827,12.2,1
1766178661.352227,2025-12-19 21:11:01,2025-12-20 05:11:01,BarData,127.003,0,0.0,0.0,193.084295,0.0,✅ 触发交易,127.003,126.832,13.4,1
1766178665.288292,2025-12-19 21:11:05,2025-12-20 05:11:05,Strategy_Open,127.003,1.0,0,0.0,193.084295,0.0,Strategy_Signal,127.003,126.832,13.4,1
1766178720.2375796,2025-12-19 21:12:00,2025-12-20 05:12:00,BarData,126.902,0,0.0,0.0,193.084295,0.0,❌ 震荡 (Gap 5.3 < 10),126.902,126.835,5.3,0
1766178780.4917667,2025-12-19 21:13:00,2025-12-20 05:13:00,BarData,126.941,0,0.0,0.0,193.084295,0.0,❌ 震荡 (Gap 8.1 < 10),126.941,126.838,8.1,0
1766178842.1379414,2025-12-19 21:14:02,2025-12-20 05:14:02,BarData,126.939,0,0.0,0.0,193.084295,0.0,❌ 震荡 (Gap 7.7 < 10),126.939,126.842,7.7,0
1766178900.5809083,2025-12-19 21:15:00,2025-12-20 05:15:00,BarData,126.92,0,0.0,0.0,193.084295,0.0,❌ 震荡 (Gap 6.0 < 10),126.920,126.844,6.0,0
1766178960.4450555,2025-12-19 21:16:00,2025-12-20 05:16:00,BarData,126.824,0,0.0,0.0,193.084295,0.0,❌ 震荡 (Gap 1.5 < 10),126.824,126.843,1.5,0
1766179020.4831328,2025-12-19 21:17:00,2025-12-20 05:17:00,BarData,126.758,0,0.0,0.0,193.084295,0.0,❌ 震荡 (Gap 6.5 < 10),126.758,126.841,6.5,0
1766179081.4235666,2025-12-19 21:18:01,2025-12-20 05:18:01,BarData,126.915,0,0.0,0.0,193.084295,0.0,❌ 震荡 (Gap 5.7 < 10),126.915,126.843,5.7,0
1766179142.2058203,2025-12-19 21:19:02,2025-12-20 05:19:02,BarData,126.916,0,0.0,0.0,193.084295,0.0,❌ 震荡 (Gap 5.6 < 10),126.916,126.845,5.6,0
1766179200.1883597,2025-12-19 21:20:00,2025-12-20 05:20:00,BarData,126.744,0,0.0,0.0,193.084295,0.0,❌ 震荡 (Gap 7.7 < 10),126.744,126.842,7.7,0
1766179260.337311,2025-12-19 21:21:00,2025-12-20 05:21:00,BarData,126.757,0,0.0,0.0,193.084295,0.0,❌ 震荡 (Gap 6.5 < 10),126.757,126.839,6.5,0
1766179320.318377,2025-12-19 21:22:00,2025-12-20 05:22:00,BarData,126.703,0,0.0,0.0,193.084295,0.0,❌ 快线向上,126.703,126.835,10.4,0
1766179380.6092494,2025-12-19 21:23:00,2025-12-20 05:23:00,BarData,126.767,0,0.0,0.0,193.084295,0.0,❌ 震荡 (Gap 5.2 < 10),126.767,126.833,5.2,0
1766179440.5848854,2025-12-19 21:24:00,2025-12-20 05:24:00,BarData,126.739,0,0.0,0.0,193.084295,0.0,❌ 震荡 (Gap 7.1 < 10),126.739,126.830,7.1,0
1766179500.519288,2025-12-19 21:25:00,2025-12-20 05:25:00,BarData,126.769,0,0.0,0.0,193.084295,0.0,❌ 震荡 (Gap 4.6 < 10),126.769,126.828,4.6,0
1766179560.3240356,2025-12-19 21:26:00,2025-12-20 05:26:00,BarData,126.572,0,0.0,0.0,193.084295,0.0,❌ 快线向上,126.572,126.819,19.5,0
1766179622.0690463,2025-12-19 21:27:02,2025-12-20 05:27:02,BarData,126.677,0,0.0,0.0,193.084295,0.0,❌ 快线向上,126.677,126.815,10.9,0
1766179680.2676516,2025-12-19 21:28:00,2025-12-20 05:28:00,BarData,126.646,0,0.0,0.0,193.084295,0.0,❌ 快线向上,126.646,126.809,12.9,0
1766179741.2794063,2025-12-19 21:29:01,2025-12-20 05:29:01,BarData,126.628,0,0.0,0.0,193.084295,0.0,❌ 快线向上,126.628,126.803,13.8,0
1766179800.4319723,2025-12-19 21:30:00,2025-12-20 05:30:00,BarData,126.622,0,0.0,0.0,193.084295,0.0,❌ 快线向上,126.622,126.797,13.8,0
1766179860.5484946,2025-12-19 21:31:00,2025-12-20 05:31:00,BarData,126.722,0,0.0,0.0,193.084295,0.0,❌ 震荡 (Gap 5.7 < 10),126.722,126.795,5.7,0
1766179920.5505042,2025-12-19 21:32:00,2025-12-20 05:32:00,BarData,126.738,0,0.0,0.0,193.084295,0.0,❌ 震荡 (Gap 4.3 < 10),126.738,126.793,4.3,0
1766179980.3365417,2025-12-19 21:33:00,2025-12-20 05:33:00,BarData,126.789,0,0.0,0.0,193.084295,0.0,❌ 震荡 (Gap 0.3 < 10),126.789,126.793,0.3,0
1766180042.0975537,2025-12-19 21:34:02,2025-12-20 05:34:02,BarData,126.712,0,0.0,0.0,193.084295,0.0,❌ 震荡 (Gap 6.2 < 10),126.712,126.790,6.2,0
1766180100.5598114,2025-12-19 21:35:00,2025-12-20 05:35:00,BarData,126.668,0,0.0,0.0,193.084295,0.0,❌ 震荡 (Gap 9.3 < 10),126.668,126.786,9.3,0
1766180160.0971067,2025-12-19 21:36:00,2025-12-20 05:36:00,BarData,126.697,0,0.0,0.0,193.084295,0.0,❌ 震荡 (Gap 6.8 < 10),126.697,126.783,6.8,0
1766180222.131603,2025-12-19 21:37:02,2025-12-20 05:37:02,BarData,126.812,0,0.0,0.0,193.084295,0.0,❌ 震荡 (Gap 2.2 < 10),126.812,126.784,2.2,0
1766180280.5448542,2025-12-19 21:38:00,2025-12-20 05:38:00,BarData,126.808,0,0.0,0.0,193.084295,0.0,❌ 震荡 (Gap 1.8 < 10),126.808,126.785,1.8,0
1766180340.375565,2025-12-19 21:39:00,2025-12-20 05:39:00,BarData,126.819,0,0.0,0.0,193.084295,0.0,❌ 震荡 (Gap 2.6 < 10),126.819,126.786,2.6,0
1766180400.3116913,2025-12-19 21:40:00,2025-12-20 05:40:00,BarData,126.762,0,0.0,0.0,193.084295,0.0,❌ 震荡 (Gap 1.8 < 10),126.762,126.785,1.8,0
1766180460.3887904,2025-12-19 21:41:00,2025-12-20 05:41:00,BarData,126.733,0,0.0,0.0,193.084295,0.0,❌ 震荡 (Gap 4.0 < 10),126.733,126.783,4.0,0
1766180520.7950456,2025-12-19 21:42:00,2025-12-20 05:42:00,BarData,126.736,0,0.0,0.0,193.084295,0.0,❌ 震荡 (Gap 3.6 < 10),126.736,126.782,3.6,0
1766180580.20888,2025-12-19 21:43:00,2025-12-20 05:43:00,BarData,126.745,0,0.0,0.0,193.084295,0.0,❌ 震荡 (Gap 2.8 < 10),126.745,126.781,2.8,0
1766180640.1977174,2025-12-19 21:44:00,2025-12-20 05:44:00,BarData,126.682,0,0.0,0.0,193.084295,0.0,❌ 震荡 (Gap 7.5 < 10),126.682,126.777,7.5,0
1766180700.6161668,2025-12-19 21:45:00,2025-12-20 05:45:00,BarData,126.594,0,0.0,0.0,193.084295,0.0,❌ 快线向上,126.594,126.771,14.0,0
1766180760.2198877,2025-12-19 21:46:00,2025-12-20 05:46:00,BarData,126.682,0,0.0,0.0,193.084295,0.0,❌ 震荡 (Gap 6.8 < 10),126.682,126.769,6.8,0
1766180820.1158102,2025-12-19 21:47:00,2025-12-20 05:47:00,BarData,126.584,0,0.0,0.0,193.084295,0.0,❌ 快线向上,126.584,126.762,14.1,0
1766180880.1774943,2025-12-19 21:48:00,2025-12-20 05:48:00,BarData,126.537,0,0.0,0.0,193.084295,0.0,❌ 快线向上,126.537,126.755,17.2,0
1766180940.3582487,2025-12-19 21:49:00,2025-12-20 05:49:00,BarData,126.528,0,0.0,0.0,193.084295,0.0,❌ 快线向上,126.528,126.748,17.4,0
1766181000.0886252,2025-12-19 21:50:00,2025-12-20 05:50:00,BarData,126.506,0,0.0,0.0,193.084295,0.0,❌ 快线向上,126.506,126.740,18.5,0
1766181060.144673,2025-12-19 21:51:00,2025-12-20 05:51:00,BarData,126.447,0,0.0,0.0,193.084295,0.0,❌ 快线向上,126.447,126.730,22.4,0
1766181120.432619,2025-12-19 21:52:00,2025-12-20 05:52:00,BarData,126.452,0,0.0,0.0,193.084295,0.0,❌ 快线向上,126.452,126.721,21.3,0
1766181180.2603552,2025-12-19 21:53:00,2025-12-20 05:53:00,BarData,126.618,0,0.0,0.0,193.084295,0.0,❌ 震荡 (Gap 7.9 < 10),126.618,126.718,7.9,0
1766181240.5906646,2025-12-19 21:54:00,2025-12-20 05:54:00,BarData,126.76,0,0.0,0.0,193.084295,0.0,❌ 震荡 (Gap 3.2 < 10),126.760,126.719,3.2,0
1766181300.401308,2025-12-19 21:55:00,2025-12-20 05:55:00,BarData,126.756,0,0.0,0.0,193.084295,0.0,❌ 震荡 (Gap 2.8 < 10),126.756,126.720,2.8,0
1766181360.2763772,2025-12-19 21:56:00,2025-12-20 05:56:00,BarData,126.655,0,0.0,0.0,193.084295,0.0,❌ 震荡 (Gap 5.0 < 10),126.655,126.718,5.0,0
1766181420.4636383,2025-12-19 21:57:00,2025-12-20 05:57:00,BarData,126.683,0,0.0,0.0,193.084295,0.0,❌ 震荡 (Gap 2.7 < 10),126.683,126.717,2.7,0
1766181480.1749246,2025-12-19 21:58:00,2025-12-20 05:58:00,BarData,126.702,0,0.0,0.0,193.084295,0.0,❌ 震荡 (Gap 1.1 < 10),126.702,126.716,1.1,0
1766181540.192309,2025-12-19 21:59:00,2025-12-20 05:59:00,BarData,126.719,0,0.0,0.0,193.084295,0.0,❌ 震荡 (Gap 0.2 < 10),126.719,126.717,0.2,0
1766181600.229928,2025-12-19 22:00:00,2025-12-20 06:00:00,BarData,126.669,0,0.0,0.0,193.084295,0.0,❌ 震荡 (Gap 3.6 < 10),126.669,126.715,3.6,0
1766181660.512986,2025-12-19 22:01:00,2025-12-20 06:01:00,BarData,126.949,0,0.0,0.0,193.084295,0.0,✅ 触发交易,126.949,126.723,17.8,1
1766181664.4166887,2025-12-19 22:01:04,2025-12-20 06:01:04,Strategy_Open,126.949,1.0,0,0.0,193.084295,0.0,Strategy_Signal,126.949,126.723,17.8,1
1766181720.4795518,2025-12-19 22:02:00,2025-12-20 06:02:00,BarData,126.934,0,0.0,0.0,193.084295,0.0,✅ 触发交易,126.934,126.730,16.1,1
1766181724.3326378,2025-12-19 22:02:04,2025-12-20 06:02:04,Strategy_Open,126.934,1.0,0,0.0,193.084295,0.0,Strategy_Signal,126.934,126.730,16.1,1
1766181780.3850265,2025-12-19 22:03:00,2025-12-20 06:03:00,BarData,127.113,0,0.0,0.0,193.084295,0.0,✅ 触发交易,127.113,126.742,29.2,1
1766181784.2652335,2025-12-19 22:03:04,2025-12-20 06:03:04,Strategy_Open,127.113,1.0,0,0.0,193.084295,0.0,Strategy_Signal,127.113,126.742,29.2,1
1766181840.373187,2025-12-19 22:04:00,2025-12-20 06:04:00,BarData,127.058,0,0.0,0.0,193.084295,0.0,✅ 触发交易,127.058,126.753,24.0,1
1766181844.23433,2025-12-19 22:04:04,2025-12-20 06:04:04,Strategy_Open,127.058,1.0,0,0.0,193.084295,0.0,Strategy_Signal,127.058,126.753,24.0,1
1766181900.5532925,2025-12-19 22:05:00,2025-12-20 06:05:00,BarData,127.108,0,0.0,0.0,193.084295,0.0,✅ 触发交易,127.108,126.764,27.1,1
1766181904.413697,2025-12-19 22:05:04,2025-12-20 06:05:04,Strategy_Open,127.108,1.0,0,0.0,193.084295,0.0,Strategy_Signal,127.108,126.764,27.1,1
1766181960.6527853,2025-12-19 22:06:00,2025-12-20 06:06:00,BarData,127.088,0,0.0,0.0,193.084295,0.0,✅ 触发交易,127.088,126.775,24.6,1
1766181964.653694,2025-12-19 22:06:04,2025-12-20 06:06:04,Strategy_Open,127.088,1.0,0,0.0,193.084295,0.0,Strategy_Signal,127.088,126.775,24.6,1
1766182020.138445,2025-12-19 22:07:00,2025-12-20 06:07:00,BarData,127.149,0,0.0,0.0,193.084295,0.0,✅ 触发交易,127.149,126.787,28.5,1
1766182023.9969788,2025-12-19 22:07:03,2025-12-20 06:07:03,Strategy_Open,127.149,1.0,0,0.0,193.084295,0.0,Strategy_Signal,127.149,126.787,28.5,1
1766182082.1898484,2025-12-19 22:08:02,2025-12-20 06:08:02,BarData,126.985,0,0.0,0.0,193.084295,0.0,✅ 触发交易,126.985,126.794,15.1,1
1766182086.0693662,2025-12-19 22:08:06,2025-12-20 06:08:06,Strategy_Open,126.985,1.0,0,0.0,193.084295,0.0,Strategy_Signal,126.985,126.794,15.1,1
1766182140.5087423,2025-12-19 22:09:00,2025-12-20 06:09:00,BarData,126.898,0,0.0,0.0,193.084295,0.0,❌ 震荡 (Gap 8.0 < 10),126.898,126.797,8.0,0
1766182200.7087677,2025-12-19 22:10:00,2025-12-20 06:10:00,BarData,126.991,0,0.0,0.0,193.084295,0.0,✅ 触发交易,126.991,126.803,14.8,1
1766182204.5597358,2025-12-19 22:10:04,2025-12-20 06:10:04,Strategy_Open,126.991,1.0,0,0.0,193.084295,0.0,Strategy_Signal,126.991,126.803,14.8,1
1766182260.2358563,2025-12-19 22:11:00,2025-12-20 06:11:00,BarData,126.944,0,0.0,0.0,193.084295,0.0,✅ 触发交易,126.944,126.808,10.7,1
1766182264.0889204,2025-12-19 22:11:04,2025-12-20 06:11:04,Strategy_Open,126.944,1.0,0,0.0,193.084295,0.0,Strategy_Signal,126.944,126.808,10.7,1
1766182320.6077535,2025-12-19 22:12:00,2025-12-20 06:12:00,BarData,127.036,0,0.0,0.0,193.084295,0.0,✅ 触发交易,127.036,126.815,17.4,1
1766182324.456152,2025-12-19 22:12:04,2025-12-20 06:12:04,Strategy_Open,127.036,1.0,0,0.0,193.084295,0.0,Strategy_Signal,127.036,126.815,17.4,1
1766182381.5808809,2025-12-19 22:13:01,2025-12-20 06:13:01,BarData,126.968,0,0.0,0.0,193.084295,0.0,✅ 触发交易,126.968,126.820,11.6,1
1766182385.593747,2025-12-19 22:13:05,2025-12-20 06:13:05,Strategy_Open,126.968,1.0,0,0.0,193.084295,0.0,Strategy_Signal,126.968,126.820,11.6,1
1766182440.7964637,2025-12-19 22:14:00,2025-12-20 06:14:00,BarData,126.728,0,0.0,0.0,193.084295,0.0,❌ 震荡 (Gap 7.1 < 10),126.728,126.817,7.1,0
1766182500.1158874,2025-12-19 22:15:00,2025-12-20 06:15:00,BarData,126.759,0,0.0,0.0,193.084295,0.0,❌ 震荡 (Gap 4.5 < 10),126.759,126.815,4.5,0
1766182560.5685003,2025-12-19 22:16:00,2025-12-20 06:16:00,BarData,126.867,0,0.0,0.0,193.084295,0.0,❌ 震荡 (Gap 3.9 < 10),126.867,126.817,3.9,0
1766182622.2658308,2025-12-19 22:17:02,2025-12-20 06:17:02,BarData,126.879,0,0.0,0.0,193.084295,0.0,❌ 震荡 (Gap 4.7 < 10),126.879,126.819,4.7,0
1766182680.4309971,2025-12-19 22:18:00,2025-12-20 06:18:00,BarData,126.885,0,0.0,0.0,193.084295,0.0,❌ 震荡 (Gap 5.0 < 10),126.885,126.821,5.0,0
1766182740.4639788,2025-12-19 22:19:00,2025-12-20 06:19:00,BarData,126.938,0,0.0,0.0,193.084295,0.0,❌ 震荡 (Gap 8.9 < 10),126.938,126.825,8.9,0
1766182800.8938646,2025-12-19 22:20:00,2025-12-20 06:20:00,BarData,126.941,0,0.0,0.0,193.084295,0.0,❌ 震荡 (Gap 8.8 < 10),126.941,126.829,8.8,0
1766182860.4843373,2025-12-19 22:21:00,2025-12-20 06:21:00,BarData,126.912,0,0.0,0.0,193.084295,0.0,❌ 震荡 (Gap 6.3 < 10),126.912,126.832,6.3,0
1766182920.6671898,2025-12-19 22:22:00,2025-12-20 06:22:00,BarData,126.94,0,0.0,0.0,193.084295,0.0,❌ 震荡 (Gap 8.3 < 10),126.940,126.835,8.3,0
1766182980.7079933,2025-12-19 22:23:00,2025-12-20 06:23:00,BarData,126.911,0,0.0,0.0,193.084295,0.0,❌ 震荡 (Gap 5.8 < 10),126.911,126.838,5.8,0
1766183040.879879,2025-12-19 22:24:00,2025-12-20 06:24:00,BarData,126.957,0,0.0,0.0,193.084295,0.0,❌ 震荡 (Gap 9.1 < 10),126.957,126.842,9.1,0
1766183100.669012,2025-12-19 22:25:00,2025-12-20 06:25:00,BarData,126.93,0,0.0,0.0,193.084295,0.0,❌ 震荡 (Gap 6.7 < 10),126.930,126.845,6.7,0
1766183160.4355345,2025-12-19 22:26:00,2025-12-20 06:26:00,BarData,126.963,0,0.0,0.0,193.084295,0.0,❌ 震荡 (Gap 9.0 < 10),126.963,126.848,9.0,0
1766183222.3303578,2025-12-19 22:27:02,2025-12-20 06:27:02,BarData,127.009,0,0.0,0.0,193.084295,0.0,✅ 触发交易,127.009,126.854,12.2,1
1766183226.1791797,2025-12-19 22:27:06,2025-12-20 06:27:06,Strategy_Open,127.009,1.0,0,0.0,193.084295,0.0,Strategy_Signal,127.009,126.854,12.2,1
1766183282.2307384,2025-12-19 22:28:02,2025-12-20 06:28:02,BarData,126.992,0,0.0,0.0,193.084295,0.0,✅ 触发交易,126.992,126.858,10.5,1
1766183286.0939724,2025-12-19 22:28:06,2025-12-20 06:28:06,Strategy_Open,126.992,1.0,0,0.0,193.084295,0.0,Strategy_Signal,126.992,126.858,10.5,1
1766183340.3776314,2025-12-19 22:29:00,2025-12-20 06:29:00,BarData,126.894,0,0.0,0.0,193.084295,0.0,❌ 震荡 (Gap 2.7 < 10),126.894,126.859,2.7,0
1766183400.5757012,2025-12-19 22:30:00,2025-12-20 06:30:00,BarData,126.872,0,0.0,0.0,193.084295,0.0,❌ 震荡 (Gap 1.0 < 10),126.872,126.860,1.0,0
1766183460.2621446,2025-12-19 22:31:00,2025-12-20 06:31:00,BarData,126.711,0,0.0,0.0,193.084295,0.0,❌ 快线向上,126.711,126.855,11.4,0
1766183520.3495307,2025-12-19 22:32:00,2025-12-20 06:32:00,BarData,126.717,0,0.0,0.0,193.084295,0.0,❌ 快线向上,126.717,126.850,10.5,0
1766183580.5885396,2025-12-19 22:33:00,2025-12-20 06:33:00,BarData,126.826,0,0.0,0.0,193.084295,0.0,❌ 震荡 (Gap 1.9 < 10),126.826,126.850,1.9,0
1766183640.1066856,2025-12-19 22:34:00,2025-12-20 06:34:00,BarData,126.906,0,0.0,0.0,193.084295,0.0,❌ 震荡 (Gap 4.3 < 10),126.906,126.851,4.3,0
1766183700.3746483,2025-12-19 22:35:00,2025-12-20 06:35:00,BarData,126.772,0,0.0,0.0,193.084295,0.0,❌ 震荡 (Gap 6.1 < 10),126.772,126.849,6.1,0
1766183760.4641714,2025-12-19 22:36:00,2025-12-20 06:36:00,BarData,126.821,0,0.0,0.0,193.084295,0.0,❌ 震荡 (Gap 2.1 < 10),126.821,126.848,2.1,0
1766183820.5095274,2025-12-19 22:37:00,2025-12-20 06:37:00,BarData,126.717,0,0.0,0.0,193.084295,0.0,❌ 震荡 (Gap 10.0 < 10),126.717,126.844,10.0,0
1766183880.5349321,2025-12-19 22:38:00,2025-12-20 06:38:00,BarData,126.814,0,0.0,0.0,193.084295,0.0,❌ 震荡 (Gap 2.3 < 10),126.814,126.843,2.3,0
1766183940.1118507,2025-12-19 22:39:00,2025-12-20 06:39:00,BarData,126.939,0,0.0,0.0,193.084295,0.0,❌ 震荡 (Gap 7.3 < 10),126.939,126.846,7.3,0
1766184000.7725668,2025-12-19 22:40:00,2025-12-20 06:40:00,BarData,126.909,0,0.0,0.0,193.084295,0.0,❌ 震荡 (Gap 4.8 < 10),126.909,126.848,4.8,0
1766184060.3276255,2025-12-19 22:41:00,2025-12-20 06:41:00,BarData,126.946,0,0.0,0.0,193.084295,0.0,❌ 震荡 (Gap 7.5 < 10),126.946,126.851,7.5,0
1766184120.7135205,2025-12-19 22:42:00,2025-12-20 06:42:00,BarData,126.988,0,0.0,0.0,193.084295,0.0,✅ 触发交易,126.988,126.856,10.4,1
1766184124.6964402,2025-12-19 22:42:04,2025-12-20 06:42:04,Strategy_Open,126.988,1.0,0,0.0,193.084295,0.0,Strategy_Signal,126.988,126.856,10.4,1
1766184180.2344065,2025-12-19 22:43:00,2025-12-20 06:43:00,BarData,126.992,0,0.0,0.0,193.084295,0.0,✅ 触发交易,126.992,126.860,10.4,1
1766184184.1053035,2025-12-19 22:43:04,2025-12-20 06:43:04,Strategy_Open,126.992,1.0,0,0.0,193.084295,0.0,Strategy_Signal,126.992,126.860,10.4,1
1766184240.501953,2025-12-19 22:44:00,2025-12-20 06:44:00,BarData,126.944,0,0.0,0.0,193.084295,0.0,❌ 震荡 (Gap 6.4 < 10),126.944,126.863,6.4,0
1766184300.341188,2025-12-19 22:45:00,2025-12-20 06:45:00,BarData,126.89,0,0.0,0.0,193.084295,0.0,❌ 震荡 (Gap 2.1 < 10),126.890,126.864,2.1,0
1766184360.451623,2025-12-19 22:46:00,2025-12-20 06:46:00,BarData,126.826,0,0.0,0.0,193.084295,0.0,❌ 震荡 (Gap 2.9 < 10),126.826,126.862,2.9,0
1766184422.339911,2025-12-19 22:47:02,2025-12-20 06:47:02,BarData,126.85,0,0.0,0.0,193.084295,0.0,❌ 震荡 (Gap 1.0 < 10),126.850,126.862,1.0,0
1766184480.086162,2025-12-19 22:48:00,2025-12-20 06:48:00,BarData,126.802,0,0.0,0.0,193.084295,0.0,❌ 震荡 (Gap 4.6 < 10),126.802,126.860,4.6,0
1766184540.5709743,2025-12-19 22:49:00,2025-12-20 06:49:00,BarData,126.861,0,0.0,0.0,193.084295,0.0,❌ 震荡 (Gap 0.1 < 10),126.861,126.860,0.1,0
1766184600.61225,2025-12-19 22:50:00,2025-12-20 06:50:00,BarData,126.92,0,0.0,0.0,193.084295,0.0,❌ 震荡 (Gap 4.6 < 10),126.920,126.862,4.6,0
1766184660.5448515,2025-12-19 22:51:00,2025-12-20 06:51:00,BarData,127.022,0,0.0,0.0,193.084295,0.0,✅ 触发交易,127.022,126.867,12.2,1
1766184664.4096143,2025-12-19 22:51:04,2025-12-20 06:51:04,Strategy_Open,127.022,1.0,0,0.0,193.084295,0.0,Strategy_Signal,127.022,126.867,12.2,1
1766184720.6327252,2025-12-19 22:52:00,2025-12-20 06:52:00,BarData,126.942,0,0.0,0.0,193.084295,0.0,❌ 震荡 (Gap 5.7 < 10),126.942,126.870,5.7,0
1766184780.4607747,2025-12-19 22:53:00,2025-12-20 06:53:00,BarData,126.936,0,0.0,0.0,193.084295,0.0,❌ 震荡 (Gap 5.0 < 10),126.936,126.872,5.0,0
1766184840.2096562,2025-12-19 22:54:00,2025-12-20 06:54:00,BarData,126.903,0,0.0,0.0,193.084295,0.0,❌ 震荡 (Gap 2.4 < 10),126.903,126.873,2.4,0
1766184901.6054947,2025-12-19 22:55:01,2025-12-20 06:55:01,BarData,126.874,0,0.0,0.0,193.084295,0.0,❌ 震荡 (Gap 0.1 < 10),126.874,126.873,0.1,0
1766184960.8616228,2025-12-19 22:56:00,2025-12-20 06:56:00,BarData,126.865,0,0.0,0.0,193.084295,0.0,❌ 震荡 (Gap 0.6 < 10),126.865,126.873,0.6,0
1766185020.2839324,2025-12-19 22:57:00,2025-12-20 06:57:00,BarData,126.833,0,0.0,0.0,193.084295,0.0,❌ 震荡 (Gap 3.0 < 10),126.833,126.871,3.0,0
1766185080.2781763,2025-12-19 22:58:00,2025-12-20 06:58:00,BarData,126.798,0,0.0,0.0,193.084295,0.0,❌ 震荡 (Gap 5.6 < 10),126.798,126.869,5.6,0
1766185142.3389018,2025-12-19 22:59:02,2025-12-20 06:59:02,BarData,126.822,0,0.0,0.0,193.084295,0.0,❌ 震荡 (Gap 3.6 < 10),126.822,126.867,3.6,0
1766185200.2326937,2025-12-19 23:00:00,2025-12-20 07:00:00,BarData,126.765,0,0.0,0.0,193.084295,0.0,❌ 震荡 (Gap 7.8 < 10),126.765,126.864,7.8,0
1766185260.6582472,2025-12-19 23:01:00,2025-12-20 07:01:00,BarData,126.645,0,0.0,0.0,193.084295,0.0,❌ 快线向上,126.645,126.857,16.7,0
1766185320.6928709,2025-12-19 23:02:00,2025-12-20 07:02:00,BarData,126.559,0,0.0,0.0,193.084295,0.0,❌ 快线向上,126.559,126.847,22.8,0
1766185380.2113636,2025-12-19 23:03:00,2025-12-20 07:03:00,BarData,126.573,0,0.0,0.0,193.084295,0.0,❌ 快线向上,126.573,126.838,21.0,0
1766185440.3448203,2025-12-19 23:04:00,2025-12-20 07:04:00,BarData,126.513,0,0.0,0.0,193.084295,0.0,✅ 触发交易,126.513,126.828,24.9,-1
1766185444.1919143,2025-12-19 23:04:04,2025-12-20 07:04:04,Strategy_Open,126.513,1.0,0,0.0,193.084295,0.0,Strategy_Signal,126.513,126.828,24.9,-1
1766185500.5130923,2025-12-19 23:05:00,2025-12-20 07:05:00,BarData,126.456,0,0.0,0.0,193.084295,0.0,✅ 触发交易,126.456,126.815,28.4,-1
1766185504.3768973,2025-12-19 23:05:04,2025-12-20 07:05:04,Strategy_Open,126.456,1.0,0,0.0,193.084295,0.0,Strategy_Signal,126.456,126.815,28.4,-1
1766185560.6218126,2025-12-19 23:06:00,2025-12-20 07:06:00,BarData,126.496,0,0.0,0.0,193.084295,0.0,✅ 触发交易,126.496,126.805,24.4,-1
1766185564.4868717,2025-12-19 23:06:04,2025-12-20 07:06:04,Strategy_Open,126.496,1.0,0,0.0,193.084295,0.0,Strategy_Signal,126.496,126.805,24.4,-1
1766185620.2279594,2025-12-19 23:07:00,2025-12-20 07:07:00,BarData,126.416,0,0.0,0.0,193.084295,0.0,✅ 触发交易,126.416,126.792,29.8,-1
1766185624.203569,2025-12-19 23:07:04,2025-12-20 07:07:04,Strategy_Open,126.416,1.0,0,0.0,193.084295,0.0,Strategy_Signal,126.416,126.792,29.8,-1
1766185680.602313,2025-12-19 23:08:00,2025-12-20 07:08:00,BarData,126.412,0,0.0,0.0,193.084295,0.0,✅ 触发交易,126.412,126.780,29.1,-1
1766185684.4697382,2025-12-19 23:08:04,2025-12-20 07:08:04,Strategy_Open,126.412,1.0,0,0.0,193.084295,0.0,Strategy_Signal,126.412,126.780,29.1,-1
1766185742.3919775,2025-12-19 23:09:02,2025-12-20 07:09:02,BarData,126.4,0,0.0,0.0,193.084295,0.0,✅ 触发交易,126.400,126.767,29.1,-1
1766185746.2422128,2025-12-19 23:09:06,2025-12-20 07:09:06,Strategy_Open,126.4,1.0,0,0.0,193.084295,0.0,Strategy_Signal,126.400,126.767,29.1,-1
1766185800.6948693,2025-12-19 23:10:00,2025-12-20 07:10:00,BarData,126.465,0,0.0,0.0,193.084295,0.0,✅ 触发交易,126.465,126.757,23.1,-1
1766185804.5407894,2025-12-19 23:10:04,2025-12-20 07:10:04,Strategy_Open,126.465,1.0,0,0.0,193.084295,0.0,Strategy_Signal,126.465,126.757,23.1,-1
1766185860.6073375,2025-12-19 23:11:00,2025-12-20 07:11:00,BarData,126.428,0,0.0,0.0,193.084295,0.0,✅ 触发交易,126.428,126.747,25.2,-1
1766185864.4627619,2025-12-19 23:11:04,2025-12-20 07:11:04,Strategy_Open,126.428,1.0,0,0.0,193.084295,0.0,Strategy_Signal,126.428,126.747,25.2,-1
1766185920.3466027,2025-12-19 23:12:00,2025-12-20 07:12:00,BarData,126.46,0,0.0,0.0,193.084295,0.0,✅ 触发交易,126.460,126.737,21.9,-1
1766185924.2003593,2025-12-19 23:12:04,2025-12-20 07:12:04,Strategy_Open,126.46,1.0,0,0.0,193.084295,0.0,Strategy_Signal,126.460,126.737,21.9,-1
1766185980.1275122,2025-12-19 23:13:00,2025-12-20 07:13:00,BarData,126.434,0,0.0,0.0,193.084295,0.0,✅ 触发交易,126.434,126.727,23.2,-1
1766185984.1158621,2025-12-19 23:13:04,2025-12-20 07:13:04,Strategy_Open,126.434,1.0,0,0.0,193.084295,0.0,Strategy_Signal,126.434,126.727,23.2,-1
1766186040.1038916,2025-12-19 23:14:00,2025-12-20 07:14:00,BarData,126.392,0,0.0,0.0,193.084295,0.0,✅ 触发交易,126.392,126.716,25.6,-1
1766186043.9842064,2025-12-19 23:14:03,2025-12-20 07:14:03,Strategy_Open,126.392,1.0,0,0.0,193.084295,0.0,Strategy_Signal,126.392,126.716,25.6,-1
1766186100.6660154,2025-12-19 23:15:00,2025-12-20 07:15:00,BarData,126.333,0,0.0,0.0,193.084295,0.0,✅ 触发交易,126.333,126.704,29.3,-1
1766186104.5297275,2025-12-19 23:15:04,2025-12-20 07:15:04,Strategy_Open,126.333,1.0,0,0.0,193.084295,0.0,Strategy_Signal,126.333,126.704,29.3,-1
1766186160.1794968,2025-12-19 23:16:00,2025-12-20 07:16:00,BarData,126.363,0,0.0,0.0,193.084295,0.0,✅ 触发交易,126.363,126.692,26.1,-1
1766186164.0395157,2025-12-19 23:16:04,2025-12-20 07:16:04,Strategy_Open,126.363,1.0,0,0.0,193.084295,0.0,Strategy_Signal,126.363,126.692,26.1,-1
1766186220.3532023,2025-12-19 23:17:00,2025-12-20 07:17:00,BarData,126.399,0,0.0,0.0,193.084295,0.0,✅ 触发交易,126.399,126.683,22.5,-1
1766186224.2236557,2025-12-19 23:17:04,2025-12-20 07:17:04,Strategy_Open,126.399,1.0,0,0.0,193.084295,0.0,Strategy_Signal,126.399,126.683,22.5,-1
1766186280.8491502,2025-12-19 23:18:00,2025-12-20 07:18:00,BarData,126.363,0,0.0,0.0,193.084295,0.0,✅ 触发交易,126.363,126.672,24.5,-1
1766186284.709567,2025-12-19 23:18:04,2025-12-20 07:18:04,Strategy_Open,126.363,1.0,0,0.0,193.084295,0.0,Strategy_Signal,126.363,126.672,24.5,-1
1766186340.2404885,2025-12-19 23:19:00,2025-12-20 07:19:00,BarData,126.354,0,0.0,0.0,193.084295,0.0,✅ 触发交易,126.354,126.662,24.4,-1
1766186344.236214,2025-12-19 23:19:04,2025-12-20 07:19:04,Strategy_Open,126.354,1.0,0,0.0,193.084295,0.0,Strategy_Signal,126.354,126.662,24.4,-1
1766186400.609442,2025-12-19 23:20:00,2025-12-20 07:20:00,BarData,126.433,0,0.0,0.0,193.084295,0.0,✅ 触发交易,126.433,126.654,17.5,-1
1766186404.4725661,2025-12-19 23:20:04,2025-12-20 07:20:04,Strategy_Open,126.433,1.0,0,0.0,193.084295,0.0,Strategy_Signal,126.433,126.654,17.5,-1
1766186460.139048,2025-12-19 23:21:00,2025-12-20 07:21:00,BarData,126.404,0,0.0,0.0,193.084295,0.0,✅ 触发交易,126.404,126.646,19.2,-1
1766186464.006679,2025-12-19 23:21:04,2025-12-20 07:21:04,Strategy_Open,126.404,1.0,0,0.0,193.084295,0.0,Strategy_Signal,126.404,126.646,19.2,-1
1766186520.7810543,2025-12-19 23:22:00,2025-12-20 07:22:00,BarData,126.386,0,0.0,0.0,193.084295,0.0,✅ 触发交易,126.386,126.638,19.9,-1
1766186524.8034947,2025-12-19 23:22:04,2025-12-20 07:22:04,Strategy_Open,126.386,1.0,0,0.0,193.084295,0.0,Strategy_Signal,126.386,126.638,19.9,-1
1766186580.1155396,2025-12-19 23:23:00,2025-12-20 07:23:00,BarData,126.367,0,0.0,0.0,193.084295,0.0,✅ 触发交易,126.367,126.629,20.7,-1
1766186584.122095,2025-12-19 23:23:04,2025-12-20 07:23:04,Strategy_Open,126.367,1.0,0,0.0,193.084295,0.0,Strategy_Signal,126.367,126.629,20.7,-1
1766186640.2984126,2025-12-19 23:24:00,2025-12-20 07:24:00,BarData,126.476,0,0.0,0.0,193.084295,0.0,✅ 触发交易,126.476,126.624,11.7,-1
1766186644.1643252,2025-12-19 23:24:04,2025-12-20 07:24:04,Strategy_Open,126.476,1.0,0,0.0,193.084295,0.0,Strategy_Signal,126.476,126.624,11.7,-1
1766186701.3470814,2025-12-19 23:25:01,2025-12-20 07:25:01,BarData,126.47,0,0.0,0.0,193.084295,0.0,✅ 触发交易,126.470,126.619,11.8,-1
1766186705.2086575,2025-12-19 23:25:05,2025-12-20 07:25:05,Strategy_Open,126.47,1.0,0,0.0,193.084295,0.0,Strategy_Signal,126.470,126.619,11.8,-1
1766186760.4579687,2025-12-19 23:26:00,2025-12-20 07:26:00,BarData,126.465,0,0.0,0.0,193.084295,0.0,✅ 触发交易,126.465,126.614,11.8,-1
1766186764.3247147,2025-12-19 23:26:04,2025-12-20 07:26:04,Strategy_Open,126.465,1.0,0,0.0,193.084295,0.0,Strategy_Signal,126.465,126.614,11.8,-1
1766186820.5551896,2025-12-19 23:27:00,2025-12-20 07:27:00,BarData,126.453,0,0.0,0.0,193.084295,0.0,✅ 触发交易,126.453,126.608,12.3,-1
1766186824.4190369,2025-12-19 23:27:04,2025-12-20 07:27:04,Strategy_Open,126.453,1.0,0,0.0,193.084295,0.0,Strategy_Signal,126.453,126.608,12.3,-1
1766186880.3197243,2025-12-19 23:28:00,2025-12-20 07:28:00,BarData,126.518,0,0.0,0.0,193.084295,0.0,❌ 震荡 (Gap 6.9 < 10),126.518,126.605,6.9,0
1766186940.3590364,2025-12-19 23:29:00,2025-12-20 07:29:00,BarData,126.466,0,0.0,0.0,193.084295,0.0,✅ 触发交易,126.466,126.601,10.7,-1
1766186944.2331245,2025-12-19 23:29:04,2025-12-20 07:29:04,Strategy_Open,126.466,1.0,0,0.0,193.084295,0.0,Strategy_Signal,126.466,126.601,10.7,-1
1766187000.2584095,2025-12-19 23:30:00,2025-12-20 07:30:00,BarData,126.515,0,0.0,0.0,193.084295,0.0,❌ 震荡 (Gap 6.6 < 10),126.515,126.598,6.6,0
1766187060.0764382,2025-12-19 23:31:00,2025-12-20 07:31:00,BarData,126.374,0,0.0,0.0,193.084295,0.0,✅ 触发交易,126.374,126.591,17.1,-1
1766187064.0890722,2025-12-19 23:31:04,2025-12-20 07:31:04,Strategy_Open,126.374,1.0,0,0.0,193.084295,0.0,Strategy_Signal,126.374,126.591,17.1,-1
1766187120.51639,2025-12-19 23:32:00,2025-12-20 07:32:00,BarData,126.32,0,0.0,0.0,193.084295,0.0,✅ 触发交易,126.320,126.582,20.7,-1
1766187124.3915966,2025-12-19 23:32:04,2025-12-20 07:32:04,Strategy_Open,126.32,1.0,0,0.0,193.084295,0.0,Strategy_Signal,126.320,126.582,20.7,-1
1766187180.4369848,2025-12-19 23:33:00,2025-12-20 07:33:00,BarData,126.301,0,0.0,0.0,193.084295,0.0,✅ 触发交易,126.301,126.573,21.5,-1
1766187184.2864888,2025-12-19 23:33:04,2025-12-20 07:33:04,Strategy_Open,126.301,1.0,0,0.0,193.084295,0.0,Strategy_Signal,126.301,126.573,21.5,-1
1766187240.1812394,2025-12-19 23:34:00,2025-12-20 07:34:00,BarData,126.292,0,0.0,0.0,193.084295,0.0,✅ 触发交易,126.292,126.563,21.5,-1
1766187244.1157215,2025-12-19 23:34:04,2025-12-20 07:34:04,Strategy_Open,126.292,1.0,0,0.0,193.084295,0.0,Strategy_Signal,126.292,126.563,21.5,-1
1766187300.470971,2025-12-19 23:35:00,2025-12-20 07:35:00,BarData,126.189,0,0.0,0.0,193.084295,0.0,✅ 触发交易,126.189,126.551,28.7,-1
1766187304.3145912,2025-12-19 23:35:04,2025-12-20 07:35:04,Strategy_Open,126.189,1.0,0,0.0,193.084295,0.0,Strategy_Signal,126.189,126.551,28.7,-1
1766187360.422102,2025-12-19 23:36:00,2025-12-20 07:36:00,BarData,126.228,0,0.0,0.0,193.084295,0.0,✅ 触发交易,126.228,126.541,24.8,-1
1766187364.2675333,2025-12-19 23:36:04,2025-12-20 07:36:04,Strategy_Open,126.228,1.0,0,0.0,193.084295,0.0,Strategy_Signal,126.228,126.541,24.8,-1
1766187420.2498484,2025-12-19 23:37:00,2025-12-20 07:37:00,BarData,126.24,0,0.0,0.0,193.084295,0.0,✅ 触发交易,126.240,126.531,23.0,-1
1766187424.0925665,2025-12-19 23:37:04,2025-12-20 07:37:04,Strategy_Open,126.24,1.0,0,0.0,193.084295,0.0,Strategy_Signal,126.240,126.531,23.0,-1
1766187481.2669506,2025-12-19 23:38:01,2025-12-20 07:38:01,BarData,126.171,0,0.0,0.0,193.084295,0.0,✅ 触发交易,126.171,126.519,27.6,-1
1766187485.1449006,2025-12-19 23:38:05,2025-12-20 07:38:05,Strategy_Open,126.171,1.0,0,0.0,193.084295,0.0,Strategy_Signal,126.171,126.519,27.6,-1
1766187540.2572088,2025-12-19 23:39:00,2025-12-20 07:39:00,BarData,126.172,0,0.0,0.0,193.084295,0.0,✅ 触发交易,126.172,126.508,26.6,-1
1766187544.1306076,2025-12-19 23:39:04,2025-12-20 07:39:04,Strategy_Open,126.172,1.0,0,0.0,193.084295,0.0,Strategy_Signal,126.172,126.508,26.6,-1
1766187602.0838897,2025-12-19 23:40:02,2025-12-20 07:40:02,BarData,126.201,0,0.0,0.0,193.084295,0.0,✅ 触发交易,126.201,126.497,23.5,-1
1766187605.9578278,2025-12-19 23:40:05,2025-12-20 07:40:05,Strategy_Open,126.201,1.0,0,0.0,193.084295,0.0,Strategy_Signal,126.201,126.497,23.5,-1
1766187660.2028399,2025-12-19 23:41:00,2025-12-20 07:41:00,BarData,126.302,0,0.0,0.0,193.084295,0.0,✅ 触发交易,126.302,126.491,15.0,-1
1766187664.0531387,2025-12-19 23:41:04,2025-12-20 07:41:04,Strategy_Open,126.302,1.0,0,0.0,193.084295,0.0,Strategy_Signal,126.302,126.491,15.0,-1
1766187720.5460713,2025-12-19 23:42:00,2025-12-20 07:42:00,BarData,126.314,0,0.0,0.0,193.084295,0.0,✅ 触发交易,126.314,126.485,13.6,-1
1766187724.4191227,2025-12-19 23:42:04,2025-12-20 07:42:04,Strategy_Open,126.314,1.0,0,0.0,193.084295,0.0,Strategy_Signal,126.314,126.485,13.6,-1
1766187780.3625698,2025-12-19 23:43:00,2025-12-20 07:43:00,BarData,126.341,0,0.0,0.0,193.084295,0.0,✅ 触发交易,126.341,126.481,11.0,-1
1766187784.2505844,2025-12-19 23:43:04,2025-12-20 07:43:04,Strategy_Open,126.341,1.0,0,0.0,193.084295,0.0,Strategy_Signal,126.341,126.481,11.0,-1
1766187840.718682,2025-12-19 23:44:00,2025-12-20 07:44:00,BarData,126.286,0,0.0,0.0,193.084295,0.0,✅ 触发交易,126.286,126.474,14.9,-1
1766187844.564108,2025-12-19 23:44:04,2025-12-20 07:44:04,Strategy_Open,126.286,1.0,0,0.0,193.084295,0.0,Strategy_Signal,126.286,126.474,14.9,-1
1766187900.778388,2025-12-19 23:45:00,2025-12-20 07:45:00,BarData,126.29,0,0.0,0.0,193.084295,0.0,✅ 触发交易,126.290,126.468,14.1,-1
1766187904.6371806,2025-12-19 23:45:04,2025-12-20 07:45:04,Strategy_Open,126.29,1.0,0,0.0,193.084295,0.0,Strategy_Signal,126.290,126.468,14.1,-1
1766187960.3490665,2025-12-19 23:46:00,2025-12-20 07:46:00,BarData,126.28,0,0.0,0.0,193.084295,0.0,✅ 触发交易,126.280,126.462,14.4,-1
1766187964.2578635,2025-12-19 23:46:04,2025-12-20 07:46:04,Strategy_Open,126.28,1.0,0,0.0,193.084295,0.0,Strategy_Signal,126.280,126.462,14.4,-1
1766188020.1187358,2025-12-19 23:47:00,2025-12-20 07:47:00,BarData,126.28,0,0.0,0.0,193.084295,0.0,✅ 触发交易,126.280,126.456,13.9,-1
1766188023.9643183,2025-12-19 23:47:03,2025-12-20 07:47:03,Strategy_Open,126.28,1.0,0,0.0,193.084295,0.0,Strategy_Signal,126.280,126.456,13.9,-1
1766188080.5393891,2025-12-19 23:48:00,2025-12-20 07:48:00,BarData,126.289,0,0.0,0.0,193.084295,0.0,✅ 触发交易,126.289,126.451,12.8,-1
1766188084.4148598,2025-12-19 23:48:04,2025-12-20 07:48:04,Strategy_Open,126.289,1.0,0,0.0,193.084295,0.0,Strategy_Signal,126.289,126.451,12.8,-1
1766188140.450497,2025-12-19 23:49:00,2025-12-20 07:49:00,BarData,126.265,0,0.0,0.0,193.084295,0.0,✅ 触发交易,126.265,126.444,14.2,-1
1766188144.4533916,2025-12-19 23:49:04,2025-12-20 07:49:04,Strategy_Open,126.265,1.0,0,0.0,193.084295,0.0,Strategy_Signal,126.265,126.444,14.2,-1
1766188200.2219377,2025-12-19 23:50:00,2025-12-20 07:50:00,BarData,126.228,0,0.0,0.0,193.084295,0.0,✅ 触发交易,126.228,126.437,16.6,-1
1766188204.0943472,2025-12-19 23:50:04,2025-12-20 07:50:04,Strategy_Open,126.228,1.0,0,0.0,193.084295,0.0,Strategy_Signal,126.228,126.437,16.6,-1
1766188260.5439887,2025-12-19 23:51:00,2025-12-20 07:51:00,BarData,126.149,0,0.0,0.0,193.084295,0.0,✅ 触发交易,126.149,126.428,22.1,-1
1766188264.3919575,2025-12-19 23:51:04,2025-12-20 07:51:04,Strategy_Open,126.149,1.0,0,0.0,193.084295,0.0,Strategy_Signal,126.149,126.428,22.1,-1
1766188320.7817028,2025-12-19 23:52:00,2025-12-20 07:52:00,BarData,126.166,0,0.0,0.0,193.084295,0.0,✅ 触发交易,126.166,126.419,20.1,-1
1766188324.6526737,2025-12-19 23:52:04,2025-12-20 07:52:04,Strategy_Open,126.166,1.0,0,0.0,193.084295,0.0,Strategy_Signal,126.166,126.419,20.1,-1
1766188380.6410952,2025-12-19 23:53:00,2025-12-20 07:53:00,BarData,126.151,0,0.0,0.0,193.084295,0.0,✅ 触发交易,126.151,126.411,20.6,-1
1766188384.4916844,2025-12-19 23:53:04,2025-12-20 07:53:04,Strategy_Open,126.151,1.0,0,0.0,193.084295,0.0,Strategy_Signal,126.151,126.411,20.6,-1
1766188440.4504652,2025-12-19 23:54:00,2025-12-20 07:54:00,BarData,126.157,0,0.0,0.0,193.084295,0.0,✅ 触发交易,126.157,126.402,19.4,-1
1766188444.4429822,2025-12-19 23:54:04,2025-12-20 07:54:04,Strategy_Open,126.157,1.0,0,0.0,193.084295,0.0,Strategy_Signal,126.157,126.402,19.4,-1
1766188500.0870914,2025-12-19 23:55:00,2025-12-20 07:55:00,BarData,126.109,0,0.0,0.0,193.084295,0.0,✅ 触发交易,126.109,126.393,22.5,-1
1766188503.9334302,2025-12-19 23:55:03,2025-12-20 07:55:03,Strategy_Open,126.109,1.0,0,0.0,193.084295,0.0,Strategy_Signal,126.109,126.393,22.5,-1
1766188560.4930701,2025-12-19 23:56:00,2025-12-20 07:56:00,BarData,126.128,0,0.0,0.0,193.084295,0.0,✅ 触发交易,126.128,126.384,20.3,-1
1766188564.3650455,2025-12-19 23:56:04,2025-12-20 07:56:04,Strategy_Open,126.128,1.0,0,0.0,193.084295,0.0,Strategy_Signal,126.128,126.384,20.3,-1
1766188620.5339668,2025-12-19 23:57:00,2025-12-20 07:57:00,BarData,126.133,0,0.0,0.0,193.084295,0.0,✅ 触发交易,126.133,126.376,19.2,-1
1766188624.4031405,2025-12-19 23:57:04,2025-12-20 07:57:04,Strategy_Open,126.133,1.0,0,0.0,193.084295,0.0,Strategy_Signal,126.133,126.376,19.2,-1
1766188681.5484889,2025-12-19 23:58:01,2025-12-20 07:58:01,BarData,126.151,0,0.0,0.0,193.084295,0.0,✅ 触发交易,126.151,126.368,17.2,-1
1766188685.3962996,2025-12-19 23:58:05,2025-12-20 07:58:05,Strategy_Open,126.151,1.0,0,0.0,193.084295,0.0,Strategy_Signal,126.151,126.368,17.2,-1
1766188740.532247,2025-12-19 23:59:00,2025-12-20 07:59:00,BarData,126.124,0,0.0,0.0,193.084295,0.0,✅ 触发交易,126.124,126.360,18.7,-1
1766188744.3929844,2025-12-19 23:59:04,2025-12-20 07:59:04,Strategy_Open,126.124,1.0,0,0.0,193.084295,0.0,Strategy_Signal,126.124,126.360,18.7,-1
1766188800.6692064,2025-12-20 00:00:00,2025-12-20 08:00:00,BarData,126.157,0,0.0,0.0,193.084295,0.0,✅ 触发交易,126.157,126.354,15.6,-1
1766188804.5672064,2025-12-20 00:00:04,2025-12-20 08:00:04,Strategy_Open,126.157,1.0,0,0.0,193.084295,0.0,Strategy_Signal,126.157,126.354,15.6,-1
1766188860.3252056,2025-12-20 00:01:00,2025-12-20 08:01:00,BarData,126.162,0,0.0,0.0,193.084295,0.0,✅ 触发交易,126.162,126.347,14.7,-1
1766188864.2617807,2025-12-20 00:01:04,2025-12-20 08:01:04,Strategy_Open,126.162,1.0,0,0.0,193.084295,0.0,Strategy_Signal,126.162,126.347,14.7,-1
1766188920.4691522,2025-12-20 00:02:00,2025-12-20 08:02:00,BarData,126.054,0,0.0,0.0,193.084295,0.0,✅ 触发交易,126.054,126.338,22.5,-1
1766188924.36408,2025-12-20 00:02:04,2025-12-20 08:02:04,Strategy_Open,126.054,1.0,0,0.0,193.084295,0.0,Strategy_Signal,126.054,126.338,22.5,-1
1766188980.3054194,2025-12-20 00:03:00,2025-12-20 08:03:00,BarData,125.938,0,0.0,0.0,193.084295,0.0,✅ 触发交易,125.938,126.325,30.7,-1
1766188984.1706307,2025-12-20 00:03:04,2025-12-20 08:03:04,Strategy_Open,125.938,1.0,0,0.0,193.084295,0.0,Strategy_Signal,125.938,126.325,30.7,-1
1766189040.70975,2025-12-20 00:04:00,2025-12-20 08:04:00,BarData,125.95,0,0.0,0.0,193.084295,0.0,✅ 触发交易,125.950,126.312,28.8,-1
1766189044.5765004,2025-12-20 00:04:04,2025-12-20 08:04:04,Strategy_Open,125.95,1.0,0,0.0,193.084295,0.0,Strategy_Signal,125.950,126.312,28.8,-1
1766189100.0895417,2025-12-20 00:05:00,2025-12-20 08:05:00,BarData,125.928,0,0.0,0.0,193.084295,0.0,✅ 触发交易,125.928,126.300,29.5,-1
1766189103.9549253,2025-12-20 00:05:03,2025-12-20 08:05:03,Strategy_Open,125.928,1.0,0,0.0,193.084295,0.0,Strategy_Signal,125.928,126.300,29.5,-1
1766189162.563814,2025-12-20 00:06:02,2025-12-20 08:06:02,BarData,125.93,0,0.0,0.0,193.084295,0.0,✅ 触发交易,125.930,126.288,28.4,-1
1766189166.5552242,2025-12-20 00:06:06,2025-12-20 08:06:06,Strategy_Open,125.93,1.0,0,0.0,193.084295,0.0,Strategy_Signal,125.930,126.288,28.4,-1
1766189220.5215693,2025-12-20 00:07:00,2025-12-20 08:07:00,BarData,125.859,0,0.0,0.0,193.084295,0.0,✅ 触发交易,125.859,126.274,32.9,-1
1766189224.384627,2025-12-20 00:07:04,2025-12-20 08:07:04,Strategy_Open,125.859,1.0,0,0.0,193.084295,0.0,Strategy_Signal,125.859,126.274,32.9,-1
1766189280.3732133,2025-12-20 00:08:00,2025-12-20 08:08:00,BarData,125.799,0,0.0,0.0,193.084295,0.0,✅ 触发交易,125.799,126.258,36.5,-1
1766189284.2831135,2025-12-20 00:08:04,2025-12-20 08:08:04,Strategy_Open,125.799,1.0,0,0.0,193.084295,0.0,Strategy_Signal,125.799,126.258,36.5,-1
1766189342.6001143,2025-12-20 00:09:02,2025-12-20 08:09:02,BarData,125.85,0,0.0,0.0,193.084295,0.0,✅ 触发交易,125.850,126.245,31.4,-1
1766189346.5879428,2025-12-20 00:09:06,2025-12-20 08:09:06,Strategy_Open,125.85,1.0,0,0.0,193.084295,0.0,Strategy_Signal,125.850,126.245,31.4,-1
1766189400.5892866,2025-12-20 00:10:00,2025-12-20 08:10:00,BarData,125.742,0,0.0,0.0,193.084295,0.0,✅ 触发交易,125.742,126.228,38.7,-1
1766189404.4501238,2025-12-20 00:10:04,2025-12-20 08:10:04,Strategy_Open,125.742,1.0,0,0.0,193.084295,0.0,Strategy_Signal,125.742,126.228,38.7,-1
1766189460.53465,2025-12-20 00:11:00,2025-12-20 08:11:00,BarData,125.741,0,0.0,0.0,193.084295,0.0,✅ 触发交易,125.741,126.212,37.5,-1
1766189464.399018,2025-12-20 00:11:04,2025-12-20 08:11:04,Strategy_Open,125.741,1.0,0,0.0,193.084295,0.0,Strategy_Signal,125.741,126.212,37.5,-1
1766189520.149723,2025-12-20 00:12:00,2025-12-20 08:12:00,BarData,125.761,0,0.0,0.0,193.084295,0.0,✅ 触发交易,125.761,126.197,34.7,-1
1766189524.0211773,2025-12-20 00:12:04,2025-12-20 08:12:04,Strategy_Open,125.761,1.0,0,0.0,193.084295,0.0,Strategy_Signal,125.761,126.197,34.7,-1
1766189580.1203153,2025-12-20 00:13:00,2025-12-20 08:13:00,BarData,125.855,0,0.0,0.0,193.084295,0.0,✅ 触发交易,125.855,126.186,26.3,-1
1766189584.0566304,2025-12-20 00:13:04,2025-12-20 08:13:04,Strategy_Open,125.855,1.0,0,0.0,193.084295,0.0,Strategy_Signal,125.855,126.186,26.3,-1
1766189640.595318,2025-12-20 00:14:00,2025-12-20 08:14:00,BarData,125.939,0,0.0,0.0,193.084295,0.0,✅ 触发交易,125.939,126.178,19.0,-1
1766189644.4628718,2025-12-20 00:14:04,2025-12-20 08:14:04,Strategy_Open,125.939,1.0,0,0.0,193.084295,0.0,Strategy_Signal,125.939,126.178,19.0,-1
1766189702.0073032,2025-12-20 00:15:02,2025-12-20 08:15:02,BarData,125.841,0,0.0,0.0,193.084295,0.0,✅ 触发交易,125.841,126.167,25.9,-1
1766189705.970313,2025-12-20 00:15:05,2025-12-20 08:15:05,Strategy_Open,125.841,1.0,0,0.0,193.084295,0.0,Strategy_Signal,125.841,126.167,25.9,-1
1766189760.2719705,2025-12-20 00:16:00,2025-12-20 08:16:00,BarData,125.914,0,0.0,0.0,193.084295,0.0,✅ 触发交易,125.914,126.159,19.4,-1
1766189764.1311164,2025-12-20 00:16:04,2025-12-20 08:16:04,Strategy_Open,125.914,1.0,0,0.0,193.084295,0.0,Strategy_Signal,125.914,126.159,19.4,-1
1766189820.2405071,2025-12-20 00:17:00,2025-12-20 08:17:00,BarData,125.977,0,0.0,0.0,193.084295,0.0,✅ 触发交易,125.977,126.153,14.0,-1
1766189824.101992,2025-12-20 00:17:04,2025-12-20 08:17:04,Strategy_Open,125.977,1.0,0,0.0,193.084295,0.0,Strategy_Signal,125.977,126.153,14.0,-1
1766189881.083878,2025-12-20 00:18:01,2025-12-20 08:18:01,BarData,126.047,0,0.0,0.0,193.084295,0.0,❌ 震荡 (Gap 8.1 < 10),126.047,126.149,8.1,0
1766189940.309834,2025-12-20 00:19:00,2025-12-20 08:19:00,BarData,125.934,0,0.0,0.0,193.084295,0.0,✅ 触发交易,125.934,126.142,16.5,-1
1766189944.1633575,2025-12-20 00:19:04,2025-12-20 08:19:04,Strategy_Open,125.934,1.0,0,0.0,193.084295,0.0,Strategy_Signal,125.934,126.142,16.5,-1
1766190000.3557262,2025-12-20 00:20:00,2025-12-20 08:20:00,BarData,125.94,0,0.0,0.0,193.084295,0.0,✅ 触发交易,125.940,126.136,15.5,-1
1766190004.2675602,2025-12-20 00:20:04,2025-12-20 08:20:04,Strategy_Open,125.94,1.0,0,0.0,193.084295,0.0,Strategy_Signal,125.940,126.136,15.5,-1
1766190060.2941363,2025-12-20 00:21:00,2025-12-20 08:21:00,BarData,125.923,0,0.0,0.0,193.084295,0.0,✅ 触发交易,125.923,126.129,16.3,-1
1766190064.1580255,2025-12-20 00:21:04,2025-12-20 08:21:04,Strategy_Open,125.923,1.0,0,0.0,193.084295,0.0,Strategy_Signal,125.923,126.129,16.3,-1
1766190120.0930617,2025-12-20 00:22:00,2025-12-20 08:22:00,BarData,126.007,0,0.0,0.0,193.084295,0.0,❌ 震荡 (Gap 9.3 < 10),126.007,126.125,9.3,0
1766190182.8014243,2025-12-20 00:23:02,2025-12-20 08:23:02,BarData,126.02,0,0.0,0.0,193.084295,0.0,❌ 震荡 (Gap 8.0 < 10),126.020,126.121,8.0,0
1766190240.6030939,2025-12-20 00:24:00,2025-12-20 08:24:00,BarData,126.024,0,0.0,0.0,193.084295,0.0,❌ 震荡 (Gap 7.5 < 10),126.024,126.118,7.5,0
1766190300.4619408,2025-12-20 00:25:00,2025-12-20 08:25:00,BarData,126.029,0,0.0,0.0,193.084295,0.0,❌ 震荡 (Gap 6.8 < 10),126.029,126.115,6.8,0
1766190360.2404702,2025-12-20 00:26:00,2025-12-20 08:26:00,BarData,125.97,0,0.0,0.0,193.084295,0.0,✅ 触发交易,125.970,126.110,11.1,-1
1766190364.2843451,2025-12-20 00:26:04,2025-12-20 08:26:04,Strategy_Open,125.97,1.0,0,0.0,193.084295,0.0,Strategy_Signal,125.970,126.110,11.1,-1
1766190420.5339906,2025-12-20 00:27:00,2025-12-20 08:27:00,BarData,125.962,0,0.0,0.0,193.084295,0.0,✅ 触发交易,125.962,126.105,11.4,-1
1766190424.4088569,2025-12-20 00:27:04,2025-12-20 08:27:04,Strategy_Open,125.962,1.0,0,0.0,193.084295,0.0,Strategy_Signal,125.962,126.105,11.4,-1
1766190480.5391505,2025-12-20 00:28:00,2025-12-20 08:28:00,BarData,126.042,0,0.0,0.0,193.084295,0.0,❌ 震荡 (Gap 4.9 < 10),126.042,126.103,4.9,0
1766190540.4378898,2025-12-20 00:29:00,2025-12-20 08:29:00,BarData,126.037,0,0.0,0.0,193.084295,0.0,❌ 震荡 (Gap 5.1 < 10),126.037,126.101,5.1,0
1766190600.4203286,2025-12-20 00:30:00,2025-12-20 08:30:00,BarData,126.031,0,0.0,0.0,193.084295,0.0,❌ 震荡 (Gap 5.4 < 10),126.031,126.099,5.4,0
1766190662.1792774,2025-12-20 00:31:02,2025-12-20 08:31:02,BarData,126.018,0,0.0,0.0,193.084295,0.0,❌ 震荡 (Gap 6.2 < 10),126.018,126.096,6.2,0
1766190720.1891077,2025-12-20 00:32:00,2025-12-20 08:32:00,BarData,126.042,0,0.0,0.0,193.084295,0.0,❌ 震荡 (Gap 4.2 < 10),126.042,126.094,4.2,0
1766190780.5468705,2025-12-20 00:33:00,2025-12-20 08:33:00,BarData,125.887,0,0.0,0.0,193.084295,0.0,✅ 触发交易,125.887,126.088,15.9,-1
1766190784.409669,2025-12-20 00:33:04,2025-12-20 08:33:04,Strategy_Open,125.887,1.0,0,0.0,193.084295,0.0,Strategy_Signal,125.887,126.088,15.9,-1
1766190840.5625632,2025-12-20 00:34:00,2025-12-20 08:34:00,BarData,125.902,0,0.0,0.0,193.084295,0.0,✅ 触发交易,125.902,126.082,14.3,-1
1766190844.4132113,2025-12-20 00:34:04,2025-12-20 08:34:04,Strategy_Open,125.902,1.0,0,0.0,193.084295,0.0,Strategy_Signal,125.902,126.082,14.3,-1
1766190900.2057197,2025-12-20 00:35:00,2025-12-20 08:35:00,BarData,125.965,0,0.0,0.0,193.084295,0.0,❌ 震荡 (Gap 9.0 < 10),125.965,126.078,9.0,0
1766190960.3562827,2025-12-20 00:36:00,2025-12-20 08:36:00,BarData,125.926,0,0.0,0.0,193.084295,0.0,✅ 触发交易,125.926,126.073,11.7,-1
1766190964.247587,2025-12-20 00:36:04,2025-12-20 08:36:04,Strategy_Open,125.926,1.0,0,0.0,193.084295,0.0,Strategy_Signal,125.926,126.073,11.7,-1
1766191020.5098953,2025-12-20 00:37:00,2025-12-20 08:37:00,BarData,125.966,0,0.0,0.0,193.084295,0.0,❌ 震荡 (Gap 8.2 < 10),125.966,126.069,8.2,0
1766191080.4883342,2025-12-20 00:38:00,2025-12-20 08:38:00,BarData,125.91,0,0.0,0.0,193.084295,0.0,✅ 触发交易,125.910,126.064,12.2,-1
1766191084.334719,2025-12-20 00:38:04,2025-12-20 08:38:04,Strategy_Open,125.91,1.0,0,0.0,193.084295,0.0,Strategy_Signal,125.910,126.064,12.2,-1
1766191140.2199643,2025-12-20 00:39:00,2025-12-20 08:39:00,BarData,125.827,0,0.0,0.0,193.084295,0.0,✅ 触发交易,125.827,126.056,18.2,-1
1766191144.0970376,2025-12-20 00:39:04,2025-12-20 08:39:04,Strategy_Open,125.827,1.0,0,0.0,193.084295,0.0,Strategy_Signal,125.827,126.056,18.2,-1
1766191200.7543542,2025-12-20 00:40:00,2025-12-20 08:40:00,BarData,125.946,0,0.0,0.0,193.084295,0.0,❌ 震荡 (Gap 8.5 < 10),125.946,126.053,8.5,0
1766191261.3003376,2025-12-20 00:41:01,2025-12-20 08:41:01,BarData,125.966,0,0.0,0.0,193.084295,0.0,❌ 震荡 (Gap 6.7 < 10),125.966,126.050,6.7,0
1766191320.424773,2025-12-20 00:42:00,2025-12-20 08:42:00,BarData,125.959,0,0.0,0.0,193.084295,0.0,❌ 震荡 (Gap 7.0 < 10),125.959,126.047,7.0,0
1766191380.4746683,2025-12-20 00:43:00,2025-12-20 08:43:00,BarData,125.934,0,0.0,0.0,193.084295,0.0,❌ 震荡 (Gap 8.7 < 10),125.934,126.043,8.7,0
1766191441.3048701,2025-12-20 00:44:01,2025-12-20 08:44:01,BarData,125.928,0,0.0,0.0,193.084295,0.0,❌ 震荡 (Gap 8.8 < 10),125.928,126.039,8.8,0
1766191502.1362977,2025-12-20 00:45:02,2025-12-20 08:45:02,BarData,125.895,0,0.0,0.0,193.084295,0.0,✅ 触发交易,125.895,126.035,11.1,-1
1766191506.0690343,2025-12-20 00:45:06,2025-12-20 08:45:06,Strategy_Open,125.895,1.0,0,0.0,193.084295,0.0,Strategy_Signal,125.895,126.035,11.1,-1
1766191560.1751258,2025-12-20 00:46:00,2025-12-20 08:46:00,BarData,125.852,0,0.0,0.0,193.084295,0.0,✅ 触发交易,125.852,126.029,14.0,-1
1766191564.041602,2025-12-20 00:46:04,2025-12-20 08:46:04,Strategy_Open,125.852,1.0,0,0.0,193.084295,0.0,Strategy_Signal,125.852,126.029,14.0,-1
1766191620.635424,2025-12-20 00:47:00,2025-12-20 08:47:00,BarData,125.887,0,0.0,0.0,193.084295,0.0,✅ 触发交易,125.887,126.024,10.9,-1
1766191625.0622945,2025-12-20 00:47:05,2025-12-20 08:47:05,Strategy_Open,125.887,1.0,0,0.0,193.084295,0.0,Strategy_Signal,125.887,126.024,10.9,-1
1766191680.2352378,2025-12-20 00:48:00,2025-12-20 08:48:00,BarData,125.801,0,0.0,0.0,193.084295,0.0,✅ 触发交易,125.801,126.017,17.1,-1
1766191684.0809085,2025-12-20 00:48:04,2025-12-20 08:48:04,Strategy_Open,125.801,1.0,0,0.0,193.084295,0.0,Strategy_Signal,125.801,126.017,17.1,-1
1766191740.4786644,2025-12-20 00:49:00,2025-12-20 08:49:00,BarData,125.84,0,0.0,0.0,193.084295,0.0,✅ 触发交易,125.840,126.011,13.6,-1
1766191744.3289464,2025-12-20 00:49:04,2025-12-20 08:49:04,Strategy_Open,125.84,1.0,0,0.0,193.084295,0.0,Strategy_Signal,125.840,126.011,13.6,-1
1766191800.26124,2025-12-20 00:50:00,2025-12-20 08:50:00,BarData,125.786,0,0.0,0.0,193.084295,0.0,✅ 触发交易,125.786,126.004,17.3,-1
1766191804.1105943,2025-12-20 00:50:04,2025-12-20 08:50:04,Strategy_Open,125.786,1.0,0,0.0,193.084295,0.0,Strategy_Signal,125.786,126.004,17.3,-1
1766191860.214522,2025-12-20 00:51:00,2025-12-20 08:51:00,BarData,125.749,0,0.0,0.0,193.084295,0.0,✅ 触发交易,125.749,125.995,19.6,-1
1766191864.0670834,2025-12-20 00:51:04,2025-12-20 08:51:04,Strategy_Open,125.749,1.0,0,0.0,193.084295,0.0,Strategy_Signal,125.749,125.995,19.6,-1
1766191920.64689,2025-12-20 00:52:00,2025-12-20 08:52:00,BarData,125.697,0,0.0,0.0,193.084295,0.0,✅ 触发交易,125.697,125.985,22.9,-1
1766191924.5380728,2025-12-20 00:52:04,2025-12-20 08:52:04,Strategy_Open,125.697,1.0,0,0.0,193.084295,0.0,Strategy_Signal,125.697,125.985,22.9,-1
1766191980.5652964,2025-12-20 00:53:00,2025-12-20 08:53:00,BarData,125.589,0,0.0,0.0,193.084295,0.0,✅ 触发交易,125.589,125.972,30.5,-1
1766191984.4183202,2025-12-20 00:53:04,2025-12-20 08:53:04,Strategy_Open,125.589,1.0,0,0.0,193.084295,0.0,Strategy_Signal,125.589,125.972,30.5,-1
1766192040.4022605,2025-12-20 00:54:00,2025-12-20 08:54:00,BarData,125.542,0,0.0,0.0,193.084295,0.0,✅ 触发交易,125.542,125.958,33.2,-1
1766192044.2522833,2025-12-20 00:54:04,2025-12-20 08:54:04,Strategy_Open,125.542,1.0,0,0.0,193.084295,0.0,Strategy_Signal,125.542,125.958,33.2,-1
1766192102.2591078,2025-12-20 00:55:02,2025-12-20 08:55:02,BarData,125.588,0,0.0,0.0,193.084295,0.0,✅ 触发交易,125.588,125.946,28.5,-1
1766192106.1506839,2025-12-20 00:55:06,2025-12-20 08:55:06,Strategy_Open,125.588,1.0,0,0.0,193.084295,0.0,Strategy_Signal,125.588,125.946,28.5,-1
1766192162.930472,2025-12-20 00:56:02,2025-12-20 08:56:02,BarData,125.632,0,0.0,0.0,193.084295,0.0,✅ 触发交易,125.632,125.936,24.2,-1
1766192166.8457968,2025-12-20 00:56:06,2025-12-20 08:56:06,Strategy_Open,125.632,1.0,0,0.0,193.084295,0.0,Strategy_Signal,125.632,125.936,24.2,-1
1766192220.772624,2025-12-20 00:57:00,2025-12-20 08:57:00,BarData,125.708,0,0.0,0.0,193.084295,0.0,✅ 触发交易,125.708,125.928,17.5,-1
1766192224.645661,2025-12-20 00:57:04,2025-12-20 08:57:04,Strategy_Open,125.708,1.0,0,0.0,193.084295,0.0,Strategy_Signal,125.708,125.928,17.5,-1
1766192280.3993075,2025-12-20 00:58:00,2025-12-20 08:58:00,BarData,125.742,0,0.0,0.0,193.084295,0.0,✅ 触发交易,125.742,125.922,14.3,-1
1766192284.2469802,2025-12-20 00:58:04,2025-12-20 08:58:04,Strategy_Open,125.742,1.0,0,0.0,193.084295,0.0,Strategy_Signal,125.742,125.922,14.3,-1
1766192340.559542,2025-12-20 00:59:00,2025-12-20 08:59:00,BarData,125.698,0,0.0,0.0,193.084295,0.0,✅ 触发交易,125.698,125.915,17.3,-1
1766192344.4241612,2025-12-20 00:59:04,2025-12-20 08:59:04,Strategy_Open,125.698,1.0,0,0.0,193.084295,0.0,Strategy_Signal,125.698,125.915,17.3,-1
1766192400.504912,2025-12-20 01:00:00,2025-12-20 09:00:00,BarData,125.692,0,0.0,0.0,193.084295,0.0,✅ 触发交易,125.692,125.908,17.2,-1
1766192404.370006,2025-12-20 01:00:04,2025-12-20 09:00:04,Strategy_Open,125.692,1.0,0,0.0,193.084295,0.0,Strategy_Signal,125.692,125.908,17.2,-1
1766192460.5543973,2025-12-20 01:01:00,2025-12-20 09:01:00,BarData,125.722,0,0.0,0.0,193.084295,0.0,✅ 触发交易,125.722,125.902,14.3,-1
1766192464.4504023,2025-12-20 01:01:04,2025-12-20 09:01:04,Strategy_Open,125.722,1.0,0,0.0,193.084295,0.0,Strategy_Signal,125.722,125.902,14.3,-1
1766192520.3269389,2025-12-20 01:02:00,2025-12-20 09:02:00,BarData,125.647,0,0.0,0.0,193.084295,0.0,✅ 触发交易,125.647,125.893,19.6,-1
1766192524.1894274,2025-12-20 01:02:04,2025-12-20 09:02:04,Strategy_Open,125.647,1.0,0,0.0,193.084295,0.0,Strategy_Signal,125.647,125.893,19.6,-1
1766192580.4026442,2025-12-20 01:03:00,2025-12-20 09:03:00,BarData,125.591,0,0.0,0.0,193.084295,0.0,✅ 触发交易,125.591,125.883,23.3,-1
1766192584.2635648,2025-12-20 01:03:04,2025-12-20 09:03:04,Strategy_Open,125.591,1.0,0,0.0,193.084295,0.0,Strategy_Signal,125.591,125.883,23.3,-1
1766192640.6527755,2025-12-20 01:04:00,2025-12-20 09:04:00,BarData,125.672,0,0.0,0.0,193.084295,0.0,✅ 触发交易,125.672,125.876,16.3,-1
1766192644.567124,2025-12-20 01:04:04,2025-12-20 09:04:04,Strategy_Open,125.672,1.0,0,0.0,193.084295,0.0,Strategy_Signal,125.672,125.876,16.3,-1
1766192701.065937,2025-12-20 01:05:01,2025-12-20 09:05:01,BarData,125.676,0,0.0,0.0,193.084295,0.0,✅ 触发交易,125.676,125.870,15.4,-1
1766192704.9381573,2025-12-20 01:05:04,2025-12-20 09:05:04,Strategy_Open,125.676,1.0,0,0.0,193.084295,0.0,Strategy_Signal,125.676,125.870,15.4,-1
1766192760.5642755,2025-12-20 01:06:00,2025-12-20 09:06:00,BarData,125.673,0,0.0,0.0,193.084295,0.0,✅ 触发交易,125.673,125.863,15.1,-1
1766192764.4290462,2025-12-20 01:06:04,2025-12-20 09:06:04,Strategy_Open,125.673,1.0,0,0.0,193.084295,0.0,Strategy_Signal,125.673,125.863,15.1,-1
1766192820.2243464,2025-12-20 01:07:00,2025-12-20 09:07:00,BarData,125.636,0,0.0,0.0,193.084295,0.0,✅ 触发交易,125.636,125.856,17.5,-1
1766192824.1124396,2025-12-20 01:07:04,2025-12-20 09:07:04,Strategy_Open,125.636,1.0,0,0.0,193.084295,0.0,Strategy_Signal,125.636,125.856,17.5,-1
1766192880.5300226,2025-12-20 01:08:00,2025-12-20 09:08:00,BarData,125.676,0,0.0,0.0,193.084295,0.0,✅ 触发交易,125.676,125.850,13.8,-1
1766192884.3908463,2025-12-20 01:08:04,2025-12-20 09:08:04,Strategy_Open,125.676,1.0,0,0.0,193.084295,0.0,Strategy_Signal,125.676,125.850,13.8,-1
1766192940.7222157,2025-12-20 01:09:00,2025-12-20 09:09:00,BarData,125.631,0,0.0,0.0,193.084295,0.0,✅ 触发交易,125.631,125.843,16.9,-1
1766192944.6577148,2025-12-20 01:09:04,2025-12-20 09:09:04,Strategy_Open,125.631,1.0,0,0.0,193.084295,0.0,Strategy_Signal,125.631,125.843,16.9,-1
1766193000.137501,2025-12-20 01:10:00,2025-12-20 09:10:00,BarData,125.746,0,0.0,0.0,193.084295,0.0,❌ 震荡 (Gap 7.4 < 10),125.746,125.840,7.4,0
1766193060.594967,2025-12-20 01:11:00,2025-12-20 09:11:00,BarData,125.753,0,0.0,0.0,193.084295,0.0,❌ 震荡 (Gap 6.7 < 10),125.753,125.837,6.7,0
1766193120.2044985,2025-12-20 01:12:00,2025-12-20 09:12:00,BarData,125.697,0,0.0,0.0,193.084295,0.0,✅ 触发交易,125.697,125.832,10.8,-1
1766193124.0804086,2025-12-20 01:12:04,2025-12-20 09:12:04,Strategy_Open,125.697,1.0,0,0.0,193.084295,0.0,Strategy_Signal,125.697,125.832,10.8,-1
1766193182.8088753,2025-12-20 01:13:02,2025-12-20 09:13:02,BarData,125.696,0,0.0,0.0,193.084295,0.0,✅ 触发交易,125.696,125.828,10.5,-1
1766193186.66172,2025-12-20 01:13:06,2025-12-20 09:13:06,Strategy_Open,125.696,1.0,0,0.0,193.084295,0.0,Strategy_Signal,125.696,125.828,10.5,-1
1766193240.8247147,2025-12-20 01:14:00,2025-12-20 09:14:00,BarData,125.672,0,0.0,0.0,193.084295,0.0,✅ 触发交易,125.672,125.823,12.0,-1
1766193244.7010455,2025-12-20 01:14:04,2025-12-20 09:14:04,Strategy_Open,125.672,1.0,0,0.0,193.084295,0.0,Strategy_Signal,125.672,125.823,12.0,-1
1766193300.3677888,2025-12-20 01:15:00,2025-12-20 09:15:00,BarData,125.685,0,0.0,0.0,193.084295,0.0,✅ 触发交易,125.685,125.818,10.6,-1
1766193304.233272,2025-12-20 01:15:04,2025-12-20 09:15:04,Strategy_Open,125.685,1.0,0,0.0,193.084295,0.0,Strategy_Signal,125.685,125.818,10.6,-1
1766193362.704254,2025-12-20 01:16:02,2025-12-20 09:16:02,BarData,125.788,0,0.0,0.0,193.084295,0.0,❌ 震荡 (Gap 2.3 < 10),125.788,125.817,2.3,0
1766193420.736774,2025-12-20 01:17:00,2025-12-20 09:17:00,BarData,125.829,0,0.0,0.0,193.084295,0.0,❌ 震荡 (Gap 0.9 < 10),125.829,125.818,0.9,0
1766193480.418588,2025-12-20 01:18:00,2025-12-20 09:18:00,BarData,125.756,0,0.0,0.0,193.084295,0.0,❌ 震荡 (Gap 4.7 < 10),125.756,125.816,4.7,0
1766193540.1884172,2025-12-20 01:19:00,2025-12-20 09:19:00,BarData,125.79,0,0.0,0.0,193.084295,0.0,❌ 震荡 (Gap 2.0 < 10),125.790,125.815,2.0,0
1766193600.4644156,2025-12-20 01:20:00,2025-12-20 09:20:00,BarData,125.75,0,0.0,0.0,193.084295,0.0,❌ 震荡 (Gap 5.0 < 10),125.750,125.813,5.0,0
1766193660.0991335,2025-12-20 01:21:00,2025-12-20 09:21:00,BarData,125.7,0,0.0,0.0,193.084295,0.0,❌ 震荡 (Gap 8.7 < 10),125.700,125.809,8.7,0
1766193720.2017925,2025-12-20 01:22:00,2025-12-20 09:22:00,BarData,125.673,0,0.0,0.0,193.084295,0.0,✅ 触发交易,125.673,125.804,10.5,-1
1766193724.0885704,2025-12-20 01:22:04,2025-12-20 09:22:04,Strategy_Open,125.673,1.0,0,0.0,193.084295,0.0,Strategy_Signal,125.673,125.804,10.5,-1
1766193780.567032,2025-12-20 01:23:00,2025-12-20 09:23:00,BarData,125.658,0,0.0,0.0,193.084295,0.0,✅ 触发交易,125.658,125.800,11.3,-1
1766193784.4238884,2025-12-20 01:23:04,2025-12-20 09:23:04,Strategy_Open,125.658,1.0,0,0.0,193.084295,0.0,Strategy_Signal,125.658,125.800,11.3,-1
1766193842.5820687,2025-12-20 01:24:02,2025-12-20 09:24:02,BarData,125.708,0,0.0,0.0,193.084295,0.0,❌ 震荡 (Gap 7.0 < 10),125.708,125.797,7.0,0
1766193902.5907257,2025-12-20 01:25:02,2025-12-20 09:25:02,BarData,125.798,0,0.0,0.0,193.084295,0.0,❌ 震荡 (Gap 0.1 < 10),125.798,125.797,0.1,0
1766193960.1434655,2025-12-20 01:26:00,2025-12-20 09:26:00,BarData,125.822,0,0.0,0.0,193.084295,0.0,❌ 震荡 (Gap 1.9 < 10),125.822,125.797,1.9,0
1766194020.1795106,2025-12-20 01:27:00,2025-12-20 09:27:00,BarData,125.907,0,0.0,0.0,193.084295,0.0,❌ 震荡 (Gap 8.4 < 10),125.907,125.801,8.4,0
1766194080.9723227,2025-12-20 01:28:00,2025-12-20 09:28:00,BarData,125.938,0,0.0,0.0,193.084295,0.0,❌ 快线向下,125.938,125.806,10.5,0
1766194140.255473,2025-12-20 01:29:00,2025-12-20 09:29:00,BarData,125.924,0,0.0,0.0,193.084295,0.0,❌ 震荡 (Gap 9.1 < 10),125.924,125.809,9.1,0
1766194200.1211784,2025-12-20 01:30:00,2025-12-20 09:30:00,BarData,125.881,0,0.0,0.0,193.084295,0.0,❌ 震荡 (Gap 5.5 < 10),125.881,125.812,5.5,0
1766194260.1974885,2025-12-20 01:31:00,2025-12-20 09:31:00,BarData,125.873,0,0.0,0.0,193.084295,0.0,❌ 震荡 (Gap 4.7 < 10),125.873,125.814,4.7,0
1766194320.3301513,2025-12-20 01:32:00,2025-12-20 09:32:00,BarData,125.862,0,0.0,0.0,193.084295,0.0,❌ 震荡 (Gap 3.7 < 10),125.862,125.815,3.7,0
1766194380.5454912,2025-12-20 01:33:00,2025-12-20 09:33:00,BarData,125.804,0,0.0,0.0,193.084295,0.0,❌ 震荡 (Gap 0.9 < 10),125.804,125.815,0.9,0
1766194441.8733058,2025-12-20 01:34:01,2025-12-20 09:34:01,BarData,125.854,0,0.0,0.0,193.084295,0.0,❌ 震荡 (Gap 3.0 < 10),125.854,125.816,3.0,0
1766194501.0940983,2025-12-20 01:35:01,2025-12-20 09:35:01,BarData,125.844,0,0.0,0.0,193.084295,0.0,❌ 震荡 (Gap 2.1 < 10),125.844,125.817,2.1,0
1766194560.1611063,2025-12-20 01:36:00,2025-12-20 09:36:00,BarData,125.814,0,0.0,0.0,193.084295,0.0,❌ 震荡 (Gap 0.2 < 10),125.814,125.817,0.2,0
1766194620.1640952,2025-12-20 01:37:00,2025-12-20 09:37:00,BarData,125.762,0,0.0,0.0,193.084295,0.0,❌ 震荡 (Gap 4.2 < 10),125.762,125.815,4.2,0
1766194682.5543315,2025-12-20 01:38:02,2025-12-20 09:38:02,BarData,125.749,0,0.0,0.0,193.084295,0.0,❌ 震荡 (Gap 5.1 < 10),125.749,125.813,5.1,0
1766194740.585467,2025-12-20 01:39:00,2025-12-20 09:39:00,BarData,125.721,0,0.0,0.0,193.084295,0.0,❌ 震荡 (Gap 7.1 < 10),125.721,125.810,7.1,0
1766194800.3815207,2025-12-20 01:40:00,2025-12-20 09:40:00,BarData,125.736,0,0.0,0.0,193.084295,0.0,❌ 震荡 (Gap 5.7 < 10),125.736,125.808,5.7,0
1766194860.2507439,2025-12-20 01:41:00,2025-12-20 09:41:00,BarData,125.763,0,0.0,0.0,193.084295,0.0,❌ 震荡 (Gap 3.4 < 10),125.763,125.806,3.4,0
1766194920.096475,2025-12-20 01:42:00,2025-12-20 09:42:00,BarData,125.678,0,0.0,0.0,193.084295,0.0,❌ 震荡 (Gap 9.9 < 10),125.678,125.802,9.9,0
1766194981.8390498,2025-12-20 01:43:01,2025-12-20 09:43:01,BarData,125.667,0,0.0,0.0,193.084295,0.0,✅ 触发交易,125.667,125.798,10.4,-1
1766194985.6961517,2025-12-20 01:43:05,2025-12-20 09:43:05,Strategy_Open,125.667,1.0,0,0.0,193.084295,0.0,Strategy_Signal,125.667,125.798,10.4,-1
1766195042.6252205,2025-12-20 01:44:02,2025-12-20 09:44:02,BarData,125.646,0,0.0,0.0,193.084295,0.0,✅ 触发交易,125.646,125.793,11.7,-1
1766195046.4811878,2025-12-20 01:44:06,2025-12-20 09:44:06,Strategy_Open,125.646,1.0,0,0.0,193.084295,0.0,Strategy_Signal,125.646,125.793,11.7,-1
1766195100.734581,2025-12-20 01:45:00,2025-12-20 09:45:00,BarData,125.662,0,0.0,0.0,193.084295,0.0,✅ 触发交易,125.662,125.788,10.1,-1
1766195104.6196811,2025-12-20 01:45:04,2025-12-20 09:45:04,Strategy_Open,125.662,1.0,0,0.0,193.084295,0.0,Strategy_Signal,125.662,125.788,10.1,-1
1766195161.968176,2025-12-20 01:46:01,2025-12-20 09:46:01,BarData,125.735,0,0.0,0.0,193.084295,0.0,❌ 震荡 (Gap 4.1 < 10),125.735,125.787,4.1,0
1766195220.1416392,2025-12-20 01:47:00,2025-12-20 09:47:00,BarData,125.624,0,0.0,0.0,193.084295,0.0,✅ 触发交易,125.624,125.781,12.5,-1
1766195223.9961033,2025-12-20 01:47:03,2025-12-20 09:47:03,Strategy_Open,125.624,1.0,0,0.0,193.084295,0.0,Strategy_Signal,125.624,125.781,12.5,-1
1766195282.6005964,2025-12-20 01:48:02,2025-12-20 09:48:02,BarData,125.746,0,0.0,0.0,193.084295,0.0,❌ 震荡 (Gap 2.7 < 10),125.746,125.780,2.7,0
1766195340.142022,2025-12-20 01:49:00,2025-12-20 09:49:00,BarData,125.72,0,0.0,0.0,193.084295,0.0,❌ 震荡 (Gap 4.6 < 10),125.720,125.778,4.6,0
1766195402.9305649,2025-12-20 01:50:02,2025-12-20 09:50:02,BarData,125.738,0,0.0,0.0,193.084295,0.0,❌ 震荡 (Gap 3.1 < 10),125.738,125.777,3.1,0
1766195460.544396,2025-12-20 01:51:00,2025-12-20 09:51:00,BarData,125.707,0,0.0,0.0,193.084295,0.0,❌ 震荡 (Gap 5.4 < 10),125.707,125.775,5.4,0
1766195520.154757,2025-12-20 01:52:00,2025-12-20 09:52:00,BarData,125.719,0,0.0,0.0,193.084295,0.0,❌ 震荡 (Gap 4.3 < 10),125.719,125.773,4.3,0
1766195580.3531687,2025-12-20 01:53:00,2025-12-20 09:53:00,BarData,125.659,0,0.0,0.0,193.084295,0.0,❌ 震荡 (Gap 8.8 < 10),125.659,125.769,8.8,0
1766195640.37084,2025-12-20 01:54:00,2025-12-20 09:54:00,BarData,125.655,0,0.0,0.0,193.084295,0.0,❌ 震荡 (Gap 8.8 < 10),125.655,125.765,8.8,0
1766195700.5985594,2025-12-20 01:55:00,2025-12-20 09:55:00,BarData,125.6,0,0.0,0.0,193.084295,0.0,✅ 触发交易,125.600,125.760,12.7,-1
1766195704.538465,2025-12-20 01:55:04,2025-12-20 09:55:04,Strategy_Open,125.6,1.0,0,0.0,193.084295,0.0,Strategy_Signal,125.600,125.760,12.7,-1
1766195760.9094303,2025-12-20 01:56:00,2025-12-20 09:56:00,BarData,125.553,0,0.0,0.0,193.084295,0.0,✅ 触发交易,125.553,125.753,15.9,-1
1766195765.0069075,2025-12-20 01:56:05,2025-12-20 09:56:05,Strategy_Open,125.553,1.0,0,0.0,193.084295,0.0,Strategy_Signal,125.553,125.753,15.9,-1
1766195820.199643,2025-12-20 01:57:00,2025-12-20 09:57:00,BarData,125.503,0,0.0,0.0,193.084295,0.0,✅ 触发交易,125.503,125.745,19.3,-1
1766195824.1077542,2025-12-20 01:57:04,2025-12-20 09:57:04,Strategy_Open,125.503,1.0,0,0.0,193.084295,0.0,Strategy_Signal,125.503,125.745,19.3,-1
1766195881.8444066,2025-12-20 01:58:01,2025-12-20 09:58:01,BarData,125.501,0,0.0,0.0,193.084295,0.0,✅ 触发交易,125.501,125.737,18.8,-1
1766195885.698236,2025-12-20 01:58:05,2025-12-20 09:58:05,Strategy_Open,125.501,1.0,0,0.0,193.084295,0.0,Strategy_Signal,125.501,125.737,18.8,-1
1766195940.2374153,2025-12-20 01:59:00,2025-12-20 09:59:00,BarData,125.466,0,0.0,0.0,193.084295,0.0,✅ 触发交易,125.466,125.728,20.9,-1
1766195944.0944047,2025-12-20 01:59:04,2025-12-20 09:59:04,Strategy_Open,125.466,1.0,0,0.0,193.084295,0.0,Strategy_Signal,125.466,125.728,20.9,-1
1766196000.5969617,2025-12-20 02:00:00,2025-12-20 10:00:00,BarData,125.506,0,0.0,0.0,193.084295,0.0,✅ 触发交易,125.506,125.721,17.1,-1
1766196004.8504364,2025-12-20 02:00:04,2025-12-20 10:00:04,Strategy_Open,125.506,1.0,0,0.0,193.084295,0.0,Strategy_Signal,125.506,125.721,17.1,-1
1766196060.808177,2025-12-20 02:01:00,2025-12-20 10:01:00,BarData,125.458,0,0.0,0.0,193.084295,0.0,✅ 触发交易,125.458,125.712,20.3,-1
1766196064.914241,2025-12-20 02:01:04,2025-12-20 10:01:04,Strategy_Open,125.458,1.0,0,0.0,193.084295,0.0,Strategy_Signal,125.458,125.712,20.3,-1
1766196120.5358415,2025-12-20 02:02:00,2025-12-20 10:02:00,BarData,125.601,0,0.0,0.0,193.084295,0.0,❌ 震荡 (Gap 8.6 < 10),125.601,125.708,8.6,0
1766196182.7270696,2025-12-20 02:03:02,2025-12-20 10:03:02,BarData,125.464,0,0.0,0.0,193.084295,0.0,✅ 触发交易,125.464,125.700,18.8,-1
1766196186.6294644,2025-12-20 02:03:06,2025-12-20 10:03:06,Strategy_Open,125.464,1.0,0,0.0,193.084295,0.0,Strategy_Signal,125.464,125.700,18.8,-1
1766196240.4899318,2025-12-20 02:04:00,2025-12-20 10:04:00,BarData,125.292,0,0.0,0.0,193.084295,0.0,✅ 触发交易,125.292,125.687,31.5,-1
1766196244.453017,2025-12-20 02:04:04,2025-12-20 10:04:04,Strategy_Open,125.292,1.0,0,0.0,193.084295,0.0,Strategy_Signal,125.292,125.687,31.5,-1
1766196300.1873498,2025-12-20 02:05:00,2025-12-20 10:05:00,BarData,125.3,0,0.0,0.0,193.084295,0.0,✅ 触发交易,125.300,125.674,29.9,-1
1766196304.316799,2025-12-20 02:05:04,2025-12-20 10:05:04,Strategy_Open,125.3,1.0,0,0.0,193.084295,0.0,Strategy_Signal,125.300,125.674,29.9,-1
1766196360.6177762,2025-12-20 02:06:00,2025-12-20 10:06:00,BarData,125.349,0,0.0,0.0,193.084295,0.0,✅ 触发交易,125.349,125.664,25.1,-1
1766196364.5186298,2025-12-20 02:06:04,2025-12-20 10:06:04,Strategy_Open,125.349,1.0,0,0.0,193.084295,0.0,Strategy_Signal,125.349,125.664,25.1,-1
1766196420.2161217,2025-12-20 02:07:00,2025-12-20 10:07:00,BarData,125.403,0,0.0,0.0,193.084295,0.0,✅ 触发交易,125.403,125.655,20.1,-1
1766196424.0923388,2025-12-20 02:07:04,2025-12-20 10:07:04,Strategy_Open,125.403,1.0,0,0.0,193.084295,0.0,Strategy_Signal,125.403,125.655,20.1,-1
1766196480.5670776,2025-12-20 02:08:00,2025-12-20 10:08:00,BarData,125.378,0,0.0,0.0,193.084295,0.0,✅ 触发交易,125.378,125.646,21.4,-1
1766196484.5783157,2025-12-20 02:08:04,2025-12-20 10:08:04,Strategy_Open,125.378,1.0,0,0.0,193.084295,0.0,Strategy_Signal,125.378,125.646,21.4,-1
1766196540.0768874,2025-12-20 02:09:00,2025-12-20 10:09:00,BarData,125.383,0,0.0,0.0,193.084295,0.0,✅ 触发交易,125.383,125.637,20.3,-1
1766196543.9675238,2025-12-20 02:09:03,2025-12-20 10:09:03,Strategy_Open,125.383,1.0,0,0.0,193.084295,0.0,Strategy_Signal,125.383,125.637,20.3,-1
1766196600.2841694,2025-12-20 02:10:00,2025-12-20 10:10:00,BarData,125.34,0,0.0,0.0,193.084295,0.0,✅ 触发交易,125.340,125.628,23.0,-1
1766196604.2537851,2025-12-20 02:10:04,2025-12-20 10:10:04,Strategy_Open,125.34,1.0,0,0.0,193.084295,0.0,Strategy_Signal,125.340,125.628,23.0,-1
1766196660.2555835,2025-12-20 02:11:00,2025-12-20 10:11:00,BarData,125.348,0,0.0,0.0,193.084295,0.0,✅ 触发交易,125.348,125.618,21.6,-1
1766196664.1079288,2025-12-20 02:11:04,2025-12-20 10:11:04,Strategy_Open,125.348,1.0,0,0.0,193.084295,0.0,Strategy_Signal,125.348,125.618,21.6,-1
1766196720.2321112,2025-12-20 02:12:00,2025-12-20 10:12:00,BarData,125.407,0,0.0,0.0,193.084295,0.0,✅ 触发交易,125.407,125.612,16.3,-1
1766196724.0809567,2025-12-20 02:12:04,2025-12-20 10:12:04,Strategy_Open,125.407,1.0,0,0.0,193.084295,0.0,Strategy_Signal,125.407,125.612,16.3,-1
1766196780.5904381,2025-12-20 02:13:00,2025-12-20 10:13:00,BarData,125.455,0,0.0,0.0,193.084295,0.0,✅ 触发交易,125.455,125.606,12.1,-1
1766196784.4359171,2025-12-20 02:13:04,2025-12-20 10:13:04,Strategy_Open,125.455,1.0,0,0.0,193.084295,0.0,Strategy_Signal,125.455,125.606,12.1,-1
1766196840.3862848,2025-12-20 02:14:00,2025-12-20 10:14:00,BarData,125.439,0,0.0,0.0,193.084295,0.0,✅ 触发交易,125.439,125.601,12.9,-1
1766196844.2288759,2025-12-20 02:14:04,2025-12-20 10:14:04,Strategy_Open,125.439,1.0,0,0.0,193.084295,0.0,Strategy_Signal,125.439,125.601,12.9,-1
1766196900.6499016,2025-12-20 02:15:00,2025-12-20 10:15:00,BarData,125.417,0,0.0,0.0,193.084295,0.0,✅ 触发交易,125.417,125.595,14.2,-1
1766196904.5786655,2025-12-20 02:15:04,2025-12-20 10:15:04,Strategy_Open,125.417,1.0,0,0.0,193.084295,0.0,Strategy_Signal,125.417,125.595,14.2,-1
1766196962.3356478,2025-12-20 02:16:02,2025-12-20 10:16:02,BarData,125.531,0,0.0,0.0,193.084295,0.0,❌ 震荡 (Gap 4.9 < 10),125.531,125.593,4.9,0
1766197020.3636117,2025-12-20 02:17:00,2025-12-20 10:17:00,BarData,125.64,0,0.0,0.0,193.084295,0.0,❌ 震荡 (Gap 3.6 < 10),125.640,125.594,3.6,0
1766197080.5701845,2025-12-20 02:18:00,2025-12-20 10:18:00,BarData,125.621,0,0.0,0.0,193.084295,0.0,❌ 震荡 (Gap 2.1 < 10),125.621,125.595,2.1,0
1766197140.3951147,2025-12-20 02:19:00,2025-12-20 10:19:00,BarData,125.64,0,0.0,0.0,193.084295,0.0,❌ 震荡 (Gap 3.4 < 10),125.640,125.597,3.4,0
1766197200.972579,2025-12-20 02:20:00,2025-12-20 10:20:00,BarData,125.631,0,0.0,0.0,193.084295,0.0,❌ 震荡 (Gap 2.6 < 10),125.631,125.598,2.6,0
1766197260.2753906,2025-12-20 02:21:00,2025-12-20 10:21:00,BarData,125.594,0,0.0,0.0,193.084295,0.0,❌ 震荡 (Gap 0.3 < 10),125.594,125.598,0.3,0
1766197320.8380713,2025-12-20 02:22:00,2025-12-20 10:22:00,BarData,125.581,0,0.0,0.0,193.084295,0.0,❌ 震荡 (Gap 1.3 < 10),125.581,125.597,1.3,0
1766197380.6403277,2025-12-20 02:23:00,2025-12-20 10:23:00,BarData,125.562,0,0.0,0.0,193.084295,0.0,❌ 震荡 (Gap 2.7 < 10),125.562,125.596,2.7,0
1766197440.4803262,2025-12-20 02:24:00,2025-12-20 10:24:00,BarData,125.573,0,0.0,0.0,193.084295,0.0,❌ 震荡 (Gap 1.8 < 10),125.573,125.595,1.8,0
1766197500.3065922,2025-12-20 02:25:00,2025-12-20 10:25:00,BarData,125.465,0,0.0,0.0,193.084295,0.0,✅ 触发交易,125.465,125.591,10.0,-1
1766197504.3539748,2025-12-20 02:25:04,2025-12-20 10:25:04,Strategy_Open,125.465,1.0,0,0.0,193.084295,0.0,Strategy_Signal,125.465,125.591,10.0,-1
1766197562.28717,2025-12-20 02:26:02,2025-12-20 10:26:02,BarData,125.54,0,0.0,0.0,193.084295,0.0,❌ 震荡 (Gap 3.9 < 10),125.540,125.589,3.9,0
1766197620.288076,2025-12-20 02:27:00,2025-12-20 10:27:00,BarData,125.531,0,0.0,0.0,193.084295,0.0,❌ 震荡 (Gap 4.5 < 10),125.531,125.587,4.5,0
1766197680.5289366,2025-12-20 02:28:00,2025-12-20 10:28:00,BarData,125.533,0,0.0,0.0,193.084295,0.0,❌ 震荡 (Gap 4.2 < 10),125.533,125.586,4.2,0
1766197741.5004258,2025-12-20 02:29:01,2025-12-20 10:29:01,BarData,125.532,0,0.0,0.0,193.084295,0.0,❌ 震荡 (Gap 4.1 < 10),125.532,125.584,4.1,0
1766197800.4536088,2025-12-20 02:30:00,2025-12-20 10:30:00,BarData,125.538,0,0.0,0.0,193.084295,0.0,❌ 震荡 (Gap 3.5 < 10),125.538,125.582,3.5,0
1766197862.167702,2025-12-20 02:31:02,2025-12-20 10:31:02,BarData,125.603,0,0.0,0.0,193.084295,0.0,❌ 震荡 (Gap 1.6 < 10),125.603,125.583,1.6,0
1766197920.2760642,2025-12-20 02:32:00,2025-12-20 10:32:00,BarData,125.638,0,0.0,0.0,193.084295,0.0,❌ 震荡 (Gap 4.2 < 10),125.638,125.585,4.2,0
1766197980.5675166,2025-12-20 02:33:00,2025-12-20 10:33:00,BarData,125.668,0,0.0,0.0,193.084295,0.0,❌ 震荡 (Gap 6.4 < 10),125.668,125.588,6.4,0
1766198040.8145854,2025-12-20 02:34:00,2025-12-20 10:34:00,BarData,125.74,0,0.0,0.0,193.084295,0.0,❌ 快线向下,125.740,125.593,11.7,0
1766198100.8010511,2025-12-20 02:35:00,2025-12-20 10:35:00,BarData,125.826,0,0.0,0.0,193.084295,0.0,❌ 快线向下,125.826,125.600,17.9,0
1766198160.4808638,2025-12-20 02:36:00,2025-12-20 10:36:00,BarData,125.846,0,0.0,0.0,193.084295,0.0,✅ 触发交易,125.846,125.608,18.9,1
1766198164.3703735,2025-12-20 02:36:04,2025-12-20 10:36:04,Strategy_Open,125.846,1.0,0,0.0,193.084295,0.0,Strategy_Signal,125.846,125.608,18.9,1
1766198220.7079582,2025-12-20 02:37:00,2025-12-20 10:37:00,BarData,125.809,0,0.0,0.0,193.084295,0.0,❌ 快线向下,125.809,125.615,15.4,0
1766198280.6239252,2025-12-20 02:38:00,2025-12-20 10:38:00,BarData,125.838,0,0.0,0.0,193.084295,0.0,✅ 触发交易,125.838,125.622,17.2,1
1766198284.1610906,2025-12-20 02:38:04,2025-12-20 10:38:04,Strategy_Open,125.838,1.0,0,0.0,193.084295,0.0,Strategy_Signal,125.838,125.622,17.2,1
1766198340.0962114,2025-12-20 02:39:00,2025-12-20 10:39:00,BarData,125.736,0,0.0,0.0,193.084295,0.0,❌ 震荡 (Gap 8.8 < 10),125.736,125.626,8.8,0
1766198400.155318,2025-12-20 02:40:00,2025-12-20 10:40:00,BarData,125.74,0,0.0,0.0,193.084295,0.0,❌ 震荡 (Gap 8.8 < 10),125.740,125.630,8.8,0
1766198460.7122805,2025-12-20 02:41:00,2025-12-20 10:41:00,BarData,125.72,0,0.0,0.0,193.084295,0.0,❌ 震荡 (Gap 7.0 < 10),125.720,125.633,7.0,0
1766198520.0787365,2025-12-20 02:42:00,2025-12-20 10:42:00,BarData,125.779,0,0.0,0.0,193.084295,0.0,❌ 快线向下,125.779,125.637,11.3,0
1766198580.1580706,2025-12-20 02:43:00,2025-12-20 10:43:00,BarData,125.813,0,0.0,0.0,193.084295,0.0,❌ 快线向下,125.813,125.643,13.5,0
1766198640.5086532,2025-12-20 02:44:00,2025-12-20 10:44:00,BarData,125.96,0,0.0,0.0,193.084295,0.0,✅ 触发交易,125.960,125.654,24.3,1
1766198644.71245,2025-12-20 02:44:04,2025-12-20 10:44:04,Strategy_Open,125.96,1.0,0,0.0,193.084295,0.0,Strategy_Signal,125.960,125.654,24.3,1
1766198700.3206017,2025-12-20 02:45:00,2025-12-20 10:45:00,BarData,126.08,0,0.0,0.0,193.084295,0.0,✅ 触发交易,126.080,125.668,32.7,1
1766198704.181622,2025-12-20 02:45:04,2025-12-20 10:45:04,Strategy_Open,126.08,1.0,0,0.0,193.084295,0.0,Strategy_Signal,126.080,125.668,32.7,1
1766198760.2743807,2025-12-20 02:46:00,2025-12-20 10:46:00,BarData,125.992,0,0.0,0.0,193.084295,0.0,✅ 触发交易,125.992,125.678,24.9,1
1766198764.2691424,2025-12-20 02:46:04,2025-12-20 10:46:04,Strategy_Open,125.992,1.0,0,0.0,193.084295,0.0,Strategy_Signal,125.992,125.678,24.9,1
1766198820.866568,2025-12-20 02:47:00,2025-12-20 10:47:00,BarData,126.042,0,0.0,0.0,193.084295,0.0,✅ 触发交易,126.042,125.690,27.9,1
1766198824.8175786,2025-12-20 02:47:04,2025-12-20 10:47:04,Strategy_Open,126.042,1.0,0,0.0,193.084295,0.0,Strategy_Signal,126.042,125.690,27.9,1
1766198880.08356,2025-12-20 02:48:00,2025-12-20 10:48:00,BarData,125.98,0,0.0,0.0,193.084295,0.0,✅ 触发交易,125.980,125.700,22.3,1
1766198883.624085,2025-12-20 02:48:03,2025-12-20 10:48:03,Strategy_Open,125.98,1.0,0,0.0,193.084295,0.0,Strategy_Signal,125.980,125.700,22.3,1
1766198942.468891,2025-12-20 02:49:02,2025-12-20 10:49:02,BarData,125.951,0,0.0,0.0,193.084295,0.0,✅ 触发交易,125.951,125.708,19.3,1
1766198946.3874865,2025-12-20 02:49:06,2025-12-20 10:49:06,Strategy_Open,125.951,1.0,0,0.0,193.084295,0.0,Strategy_Signal,125.951,125.708,19.3,1
1766199000.9085314,2025-12-20 02:50:00,2025-12-20 10:50:00,BarData,125.915,0,0.0,0.0,193.084295,0.0,✅ 触发交易,125.915,125.715,15.9,1
1766199005.421523,2025-12-20 02:50:05,2025-12-20 10:50:05,Strategy_Open,125.915,1.0,0,0.0,193.084295,0.0,Strategy_Signal,125.915,125.715,15.9,1
1766199060.3467197,2025-12-20 02:51:00,2025-12-20 10:51:00,BarData,125.946,0,0.0,0.0,193.084295,0.0,✅ 触发交易,125.946,125.722,17.8,1
1766199064.2142313,2025-12-20 02:51:04,2025-12-20 10:51:04,Strategy_Open,125.946,1.0,0,0.0,193.084295,0.0,Strategy_Signal,125.946,125.722,17.8,1
1766199122.4892724,2025-12-20 02:52:02,2025-12-20 10:52:02,BarData,125.887,0,0.0,0.0,193.084295,0.0,✅ 触发交易,125.887,125.728,12.7,1
1766199126.5922084,2025-12-20 02:52:06,2025-12-20 10:52:06,Strategy_Open,125.887,1.0,0,0.0,193.084295,0.0,Strategy_Signal,125.887,125.728,12.7,1
1766199181.7015343,2025-12-20 02:53:01,2025-12-20 10:53:01,BarData,125.889,0,0.0,0.0,193.084295,0.0,✅ 触发交易,125.889,125.733,12.4,1
1766199185.2678366,2025-12-20 02:53:05,2025-12-20 10:53:05,Strategy_Open,125.889,1.0,0,0.0,193.084295,0.0,Strategy_Signal,125.889,125.733,12.4,1
1766199240.764734,2025-12-20 02:54:00,2025-12-20 10:54:00,BarData,125.87,0,0.0,0.0,193.084295,0.0,✅ 触发交易,125.870,125.737,10.5,1
1766199245.3098938,2025-12-20 02:54:05,2025-12-20 10:54:05,Strategy_Open,125.87,1.0,0,0.0,193.084295,0.0,Strategy_Signal,125.870,125.737,10.5,1
1766199300.1351366,2025-12-20 02:55:00,2025-12-20 10:55:00,BarData,125.849,0,0.0,0.0,193.084295,0.0,❌ 震荡 (Gap 8.6 < 10),125.849,125.741,8.6,0
1766199360.151802,2025-12-20 02:56:00,2025-12-20 10:56:00,BarData,125.834,0,0.0,0.0,193.084295,0.0,❌ 震荡 (Gap 7.1 < 10),125.834,125.744,7.1,0
1766199421.670983,2025-12-20 02:57:01,2025-12-20 10:57:01,BarData,125.835,0,0.0,0.0,193.084295,0.0,❌ 震荡 (Gap 7.0 < 10),125.835,125.747,7.0,0
1766199480.4760926,2025-12-20 02:58:00,2025-12-20 10:58:00,BarData,125.832,0,0.0,0.0,193.084295,0.0,❌ 震荡 (Gap 6.5 < 10),125.832,125.750,6.5,0
1766199540.2979305,2025-12-20 02:59:00,2025-12-20 10:59:00,BarData,125.816,0,0.0,0.0,193.084295,0.0,❌ 震荡 (Gap 5.1 < 10),125.816,125.752,5.1,0
1766199600.7219942,2025-12-20 03:00:00,2025-12-20 11:00:00,BarData,125.754,0,0.0,0.0,193.084295,0.0,❌ 震荡 (Gap 0.2 < 10),125.754,125.752,0.2,0
1766199660.1705256,2025-12-20 03:01:00,2025-12-20 11:01:00,BarData,125.794,0,0.0,0.0,193.084295,0.0,❌ 震荡 (Gap 3.2 < 10),125.794,125.753,3.2,0
1766199720.721812,2025-12-20 03:02:00,2025-12-20 11:02:00,BarData,125.75,0,0.0,0.0,193.084295,0.0,❌ 震荡 (Gap 0.3 < 10),125.750,125.753,0.3,0
1766199780.4011495,2025-12-20 03:03:00,2025-12-20 11:03:00,BarData,125.812,0,0.0,0.0,193.084295,0.0,❌ 震荡 (Gap 4.5 < 10),125.812,125.755,4.5,0
1766199840.7643628,2025-12-20 03:04:00,2025-12-20 11:04:00,BarData,125.796,0,0.0,0.0,193.084295,0.0,❌ 震荡 (Gap 3.1 < 10),125.796,125.757,3.1,0
1766199901.9002984,2025-12-20 03:05:01,2025-12-20 11:05:01,BarData,125.801,0,0.0,0.0,193.084295,0.0,❌ 震荡 (Gap 3.4 < 10),125.801,125.758,3.4,0
1766199960.7443004,2025-12-20 03:06:00,2025-12-20 11:06:00,BarData,125.803,0,0.0,0.0,193.084295,0.0,❌ 震荡 (Gap 3.5 < 10),125.803,125.760,3.5,0
1766200022.4290802,2025-12-20 03:07:02,2025-12-20 11:07:02,BarData,125.799,0,0.0,0.0,193.084295,0.0,❌ 震荡 (Gap 3.0 < 10),125.799,125.761,3.0,0
1766200080.616679,2025-12-20 03:08:00,2025-12-20 11:08:00,BarData,125.81,0,0.0,0.0,193.084295,0.0,❌ 震荡 (Gap 3.8 < 10),125.810,125.762,3.8,0
1766200140.5459788,2025-12-20 03:09:00,2025-12-20 11:09:00,BarData,125.788,0,0.0,0.0,193.084295,0.0,❌ 震荡 (Gap 2.0 < 10),125.788,125.763,2.0,0
1766200200.653131,2025-12-20 03:10:00,2025-12-20 11:10:00,BarData,125.664,0,0.0,0.0,193.084295,0.0,❌ 震荡 (Gap 7.6 < 10),125.664,125.760,7.6,0
1766200260.561085,2025-12-20 03:11:00,2025-12-20 11:11:00,BarData,125.677,0,0.0,0.0,193.084295,0.0,❌ 震荡 (Gap 6.4 < 10),125.677,125.757,6.4,0
1766200320.3816535,2025-12-20 03:12:00,2025-12-20 11:12:00,BarData,125.531,0,0.0,0.0,193.084295,0.0,✅ 触发交易,125.531,125.750,17.4,-1
1766200324.240764,2025-12-20 03:12:04,2025-12-20 11:12:04,Strategy_Open,125.531,1.0,0,0.0,193.084295,0.0,Strategy_Signal,125.531,125.750,17.4,-1
1766200380.8018932,2025-12-20 03:13:00,2025-12-20 11:13:00,BarData,125.506,0,0.0,0.0,193.084295,0.0,✅ 触发交易,125.506,125.742,18.8,-1
1766200384.3330255,2025-12-20 03:13:04,2025-12-20 11:13:04,Strategy_Open,125.506,1.0,0,0.0,193.084295,0.0,Strategy_Signal,125.506,125.742,18.8,-1
1766200440.180809,2025-12-20 03:14:00,2025-12-20 11:14:00,BarData,125.474,0,0.0,0.0,193.084295,0.0,✅ 触发交易,125.474,125.733,20.7,-1
1766200444.1858983,2025-12-20 03:14:04,2025-12-20 11:14:04,Strategy_Open,125.474,1.0,0,0.0,193.084295,0.0,Strategy_Signal,125.474,125.733,20.7,-1
1766200501.7217567,2025-12-20 03:15:01,2025-12-20 11:15:01,BarData,125.528,0,0.0,0.0,193.084295,0.0,✅ 触发交易,125.528,125.726,15.8,-1
1766200505.601714,2025-12-20 03:15:05,2025-12-20 11:15:05,Strategy_Open,125.528,1.0,0,0.0,193.084295,0.0,Strategy_Signal,125.528,125.726,15.8,-1
1766200560.5476704,2025-12-20 03:16:00,2025-12-20 11:16:00,BarData,125.565,0,0.0,0.0,193.084295,0.0,✅ 触发交易,125.565,125.721,12.4,-1
1766200564.397004,2025-12-20 03:16:04,2025-12-20 11:16:04,Strategy_Open,125.565,1.0,0,0.0,193.084295,0.0,Strategy_Signal,125.565,125.721,12.4,-1
1766200620.8880138,2025-12-20 03:17:00,2025-12-20 11:17:00,BarData,125.593,0,0.0,0.0,193.084295,0.0,❌ 震荡 (Gap 9.9 < 10),125.593,125.717,9.9,0
1766200681.339867,2025-12-20 03:18:01,2025-12-20 11:18:01,BarData,125.631,0,0.0,0.0,193.084295,0.0,❌ 震荡 (Gap 6.6 < 10),125.631,125.714,6.6,0
1766200740.674,2025-12-20 03:19:00,2025-12-20 11:19:00,BarData,125.651,0,0.0,0.0,193.084295,0.0,❌ 震荡 (Gap 4.9 < 10),125.651,125.712,4.9,0
1766200800.6339133,2025-12-20 03:20:00,2025-12-20 11:20:00,BarData,125.631,0,0.0,0.0,193.084295,0.0,❌ 震荡 (Gap 6.2 < 10),125.631,125.709,6.2,0
1766200860.2801886,2025-12-20 03:21:00,2025-12-20 11:21:00,BarData,125.692,0,0.0,0.0,193.084295,0.0,❌ 震荡 (Gap 1.3 < 10),125.692,125.709,1.3,0
1766200920.2233481,2025-12-20 03:22:00,2025-12-20 11:22:00,BarData,125.708,0,0.0,0.0,193.084295,0.0,❌ 震荡 (Gap 0.1 < 10),125.708,125.709,0.1,0
1766200981.2167535,2025-12-20 03:23:01,2025-12-20 11:23:01,BarData,125.779,0,0.0,0.0,193.084295,0.0,❌ 震荡 (Gap 5.4 < 10),125.779,125.711,5.4,0
1766201040.1885965,2025-12-20 03:24:00,2025-12-20 11:24:00,BarData,125.79,0,0.0,0.0,193.084295,0.0,❌ 震荡 (Gap 6.1 < 10),125.790,125.714,6.1,0
1766201100.2407904,2025-12-20 03:25:00,2025-12-20 11:25:00,BarData,125.906,0,0.0,0.0,193.084295,0.0,✅ 触发交易,125.906,125.720,14.8,1
1766201104.1278005,2025-12-20 03:25:04,2025-12-20 11:25:04,Strategy_Open,125.906,1.0,0,0.0,193.084295,0.0,Strategy_Signal,125.906,125.720,14.8,1
1766201162.4836023,2025-12-20 03:26:02,2025-12-20 11:26:02,BarData,125.919,0,0.0,0.0,193.084295,0.0,✅ 触发交易,125.919,125.726,15.3,1
1766201166.4473262,2025-12-20 03:26:06,2025-12-20 11:26:06,Strategy_Open,125.919,1.0,0,0.0,193.084295,0.0,Strategy_Signal,125.919,125.726,15.3,1
1766201220.5077448,2025-12-20 03:27:00,2025-12-20 11:27:00,BarData,125.917,0,0.0,0.0,193.084295,0.0,✅ 触发交易,125.917,125.733,14.6,1
1766201224.3635948,2025-12-20 03:27:04,2025-12-20 11:27:04,Strategy_Open,125.917,1.0,0,0.0,193.084295,0.0,Strategy_Signal,125.917,125.733,14.6,1
1766201281.64769,2025-12-20 03:28:01,2025-12-20 11:28:01,BarData,125.961,0,0.0,0.0,193.084295,0.0,✅ 触发交易,125.961,125.740,17.5,1
1766201285.1746309,2025-12-20 03:28:05,2025-12-20 11:28:05,Strategy_Open,125.961,1.0,0,0.0,193.084295,0.0,Strategy_Signal,125.961,125.740,17.5,1
1766201340.837393,2025-12-20 03:29:00,2025-12-20 11:29:00,BarData,125.949,0,0.0,0.0,193.084295,0.0,✅ 触发交易,125.949,125.747,16.0,1
1766201344.719521,2025-12-20 03:29:04,2025-12-20 11:29:04,Strategy_Open,125.949,1.0,0,0.0,193.084295,0.0,Strategy_Signal,125.949,125.747,16.0,1
1766201400.260775,2025-12-20 03:30:00,2025-12-20 11:30:00,BarData,126.039,0,0.0,0.0,193.084295,0.0,✅ 触发交易,126.039,125.757,22.4,1
1766201404.1080837,2025-12-20 03:30:04,2025-12-20 11:30:04,Strategy_Open,126.039,1.0,0,0.0,193.084295,0.0,Strategy_Signal,126.039,125.757,22.4,1
1766201460.248112,2025-12-20 03:31:00,2025-12-20 11:31:00,BarData,126.135,0,0.0,0.0,193.084295,0.0,✅ 触发交易,126.135,125.769,29.0,1
1766201464.117862,2025-12-20 03:31:04,2025-12-20 11:31:04,Strategy_Open,126.135,1.0,0,0.0,193.084295,0.0,Strategy_Signal,126.135,125.769,29.0,1
1766201520.2783186,2025-12-20 03:32:00,2025-12-20 11:32:00,BarData,126.262,0,0.0,0.0,193.084295,0.0,✅ 触发交易,126.262,125.785,37.8,1
1766201524.1591964,2025-12-20 03:32:04,2025-12-20 11:32:04,Strategy_Open,126.262,1.0,0,0.0,193.084295,0.0,Strategy_Signal,126.262,125.785,37.8,1
1766201583.2425437,2025-12-20 03:33:03,2025-12-20 11:33:03,BarData,126.351,0,0.0,0.0,193.084295,0.0,✅ 触发交易,126.351,125.804,43.3,1
1766201586.782717,2025-12-20 03:33:06,2025-12-20 11:33:06,Strategy_Open,126.351,1.0,0,0.0,193.084295,0.0,Strategy_Signal,126.351,125.804,43.3,1
1766201640.823159,2025-12-20 03:34:00,2025-12-20 11:34:00,BarData,126.309,0,0.0,0.0,193.084295,0.0,✅ 触发交易,126.309,125.820,38.7,1
1766201644.6813161,2025-12-20 03:34:04,2025-12-20 11:34:04,Strategy_Open,126.309,1.0,0,0.0,193.084295,0.0,Strategy_Signal,126.309,125.820,38.7,1
1766201700.2781143,2025-12-20 03:35:00,2025-12-20 11:35:00,BarData,126.287,0,0.0,0.0,193.084295,0.0,✅ 触发交易,126.287,125.836,35.7,1
1766201704.1507518,2025-12-20 03:35:04,2025-12-20 11:35:04,Strategy_Open,126.287,1.0,0,0.0,193.084295,0.0,Strategy_Signal,126.287,125.836,35.7,1
1766201762.5297902,2025-12-20 03:36:02,2025-12-20 11:36:02,BarData,126.352,0,0.0,0.0,193.084295,0.0,✅ 触发交易,126.352,125.853,39.5,1
1766201766.4620044,2025-12-20 03:36:06,2025-12-20 11:36:06,Strategy_Open,126.352,1.0,0,0.0,193.084295,0.0,Strategy_Signal,126.352,125.853,39.5,1
1766201821.9973855,2025-12-20 03:37:01,2025-12-20 11:37:01,BarData,126.435,0,0.0,0.0,193.084295,0.0,✅ 触发交易,126.435,125.872,44.6,1
1766201825.8535748,2025-12-20 03:37:05,2025-12-20 11:37:05,Strategy_Open,126.435,1.0,0,0.0,193.084295,0.0,Strategy_Signal,126.435,125.872,44.6,1
1766201880.0959067,2025-12-20 03:38:00,2025-12-20 11:38:00,BarData,126.366,0,0.0,0.0,193.084295,0.0,✅ 触发交易,126.366,125.888,37.8,1
1766201883.948143,2025-12-20 03:38:03,2025-12-20 11:38:03,Strategy_Open,126.366,1.0,0,0.0,193.084295,0.0,Strategy_Signal,126.366,125.888,37.8,1
1766201940.2326033,2025-12-20 03:39:00,2025-12-20 11:39:00,BarData,126.4,0,0.0,0.0,193.084295,0.0,✅ 触发交易,126.400,125.905,39.2,1
1766201944.0982168,2025-12-20 03:39:04,2025-12-20 11:39:04,Strategy_Open,126.4,1.0,0,0.0,193.084295,0.0,Strategy_Signal,126.400,125.905,39.2,1
1766202000.4008422,2025-12-20 03:40:00,2025-12-20 11:40:00,BarData,126.341,0,0.0,0.0,193.084295,0.0,✅ 触发交易,126.341,125.919,33.4,1
1766202004.259137,2025-12-20 03:40:04,2025-12-20 11:40:04,Strategy_Open,126.341,1.0,0,0.0,193.084295,0.0,Strategy_Signal,126.341,125.919,33.4,1
1766202060.1196237,2025-12-20 03:41:00,2025-12-20 11:41:00,BarData,126.367,0,0.0,0.0,193.084295,0.0,✅ 触发交易,126.367,125.934,34.3,1
1766202064.111259,2025-12-20 03:41:04,2025-12-20 11:41:04,Strategy_Open,126.367,1.0,0,0.0,193.084295,0.0,Strategy_Signal,126.367,125.934,34.3,1
1766202122.0044951,2025-12-20 03:42:02,2025-12-20 11:42:02,BarData,126.4,0,0.0,0.0,193.084295,0.0,✅ 触发交易,126.400,125.949,35.7,1
1766202125.8570766,2025-12-20 03:42:05,2025-12-20 11:42:05,Strategy_Open,126.4,1.0,0,0.0,193.084295,0.0,Strategy_Signal,126.400,125.949,35.7,1
1766202180.5025804,2025-12-20 03:43:00,2025-12-20 11:43:00,BarData,126.346,0,0.0,0.0,193.084295,0.0,✅ 触发交易,126.346,125.962,30.4,1
1766202184.491498,2025-12-20 03:43:04,2025-12-20 11:43:04,Strategy_Open,126.346,1.0,0,0.0,193.084295,0.0,Strategy_Signal,126.346,125.962,30.4,1
1766202240.1212678,2025-12-20 03:44:00,2025-12-20 11:44:00,BarData,126.358,0,0.0,0.0,193.084295,0.0,✅ 触发交易,126.358,125.975,30.3,1
1766202243.9890535,2025-12-20 03:44:03,2025-12-20 11:44:03,Strategy_Open,126.358,1.0,0,0.0,193.084295,0.0,Strategy_Signal,126.358,125.975,30.3,1
1766202300.3729424,2025-12-20 03:45:00,2025-12-20 11:45:00,BarData,126.339,0,0.0,0.0,193.084295,0.0,✅ 触发交易,126.339,125.987,27.9,1
1766202304.2380986,2025-12-20 03:45:04,2025-12-20 11:45:04,Strategy_Open,126.339,1.0,0,0.0,193.084295,0.0,Strategy_Signal,126.339,125.987,27.9,1
1766202360.1052377,2025-12-20 03:46:00,2025-12-20 11:46:00,BarData,126.415,0,0.0,0.0,193.084295,0.0,✅ 触发交易,126.415,126.001,32.8,1
1766202364.1168976,2025-12-20 03:46:04,2025-12-20 11:46:04,Strategy_Open,126.415,1.0,0,0.0,193.084295,0.0,Strategy_Signal,126.415,126.001,32.8,1
1766202420.5632367,2025-12-20 03:47:00,2025-12-20 11:47:00,BarData,126.376,0,0.0,0.0,193.084295,0.0,✅ 触发交易,126.376,126.013,28.7,1
1766202424.4166768,2025-12-20 03:47:04,2025-12-20 11:47:04,Strategy_Open,126.376,1.0,0,0.0,193.084295,0.0,Strategy_Signal,126.376,126.013,28.7,1
1766202480.2107027,2025-12-20 03:48:00,2025-12-20 11:48:00,BarData,126.36,0,0.0,0.0,193.084295,0.0,✅ 触发交易,126.360,126.025,26.5,1
1766202484.0575385,2025-12-20 03:48:04,2025-12-20 11:48:04,Strategy_Open,126.36,1.0,0,0.0,193.084295,0.0,Strategy_Signal,126.360,126.025,26.5,1
1766202540.5933678,2025-12-20 03:49:00,2025-12-20 11:49:00,BarData,126.351,0,0.0,0.0,193.084295,0.0,✅ 触发交易,126.351,126.035,25.0,1
1766202544.557673,2025-12-20 03:49:04,2025-12-20 11:49:04,Strategy_Open,126.351,1.0,0,0.0,193.084295,0.0,Strategy_Signal,126.351,126.035,25.0,1
1766202600.1744971,2025-12-20 03:50:00,2025-12-20 11:50:00,BarData,126.328,0,0.0,0.0,193.084295,0.0,✅ 触发交易,126.328,126.045,22.4,1
1766202604.0211391,2025-12-20 03:50:04,2025-12-20 11:50:04,Strategy_Open,126.328,1.0,0,0.0,193.084295,0.0,Strategy_Signal,126.328,126.045,22.4,1
1766202660.5617244,2025-12-20 03:51:00,2025-12-20 11:51:00,BarData,126.302,0,0.0,0.0,193.084295,0.0,✅ 触发交易,126.302,126.053,19.7,1
1766202664.415094,2025-12-20 03:51:04,2025-12-20 11:51:04,Strategy_Open,126.302,1.0,0,0.0,193.084295,0.0,Strategy_Signal,126.302,126.053,19.7,1
1766202722.8607845,2025-12-20 03:52:02,2025-12-20 11:52:02,BarData,126.296,0,0.0,0.0,193.084295,0.0,✅ 触发交易,126.296,126.061,18.6,1
1766202726.7323678,2025-12-20 03:52:06,2025-12-20 11:52:06,Strategy_Open,126.296,1.0,0,0.0,193.084295,0.0,Strategy_Signal,126.296,126.061,18.6,1
1766202780.4730446,2025-12-20 03:53:00,2025-12-20 11:53:00,BarData,126.243,0,0.0,0.0,193.084295,0.0,✅ 触发交易,126.243,126.067,13.9,1
1766202784.509372,2025-12-20 03:53:04,2025-12-20 11:53:04,Strategy_Open,126.243,1.0,0,0.0,193.084295,0.0,Strategy_Signal,126.243,126.067,13.9,1
