timestamp,datetime_utc,datetime_bj,action,price,size,position_before,position_after,equity,pnl,reason,ema_fast,ema_slow,gap_bps,signal
1766128020.125253,2025-12-19 07:07:00,2025-12-19 15:07:00,BarData,124.638,0,0.0,0.0,195.778938,0.0,❌ 震荡 (Gap 0.0 < 10),124.638,124.638,0.0,0
1766128080.2314422,2025-12-19 07:08:00,2025-12-19 15:08:00,BarData,124.727,0,0.0,0.0,195.778938,0.0,❌ 震荡 (Gap 6.9 < 10),124.727,124.641,6.9,0
1766128140.329293,2025-12-19 07:09:00,2025-12-19 15:09:00,BarData,124.917,0,0.0,0.0,195.778938,0.0,✅ 触发交易,124.917,124.650,21.4,1
1766128144.280009,2025-12-19 07:09:04,2025-12-19 15:09:04,Strategy_Open,124.917,1.0,0,1.0,195.75693800000002,0.0,Strategy_Signal,124.917,124.650,21.4,1
1766128200.1659212,2025-12-19 07:10:00,2025-12-19 15:10:00,BarData,124.912,0,1.0,1.0,195.814938,0.0,✅ 触发交易,124.912,124.659,20.3,1
1766128260.5596266,2025-12-19 07:11:00,2025-12-19 15:11:00,BarData,125.094,0,1.0,1.0,195.951938,0.0,✅ 触发交易,125.094,124.673,33.7,1
1766128320.1550727,2025-12-19 07:12:00,2025-12-19 15:12:00,BarData,125.103,0,1.0,1.0,196.02393800000002,0.0,✅ 触发交易,125.103,124.687,33.3,1
1766128380.315264,2025-12-19 07:13:00,2025-12-19 15:13:00,BarData,124.914,0,1.0,1.0,195.86993800000002,0.0,✅ 触发交易,124.914,124.694,17.6,1
1766128440.6855361,2025-12-19 07:14:00,2025-12-19 15:14:00,BarData,124.807,0,1.0,1.0,195.69793800000002,0.0,❌ 震荡 (Gap 8.7 < 10),124.807,124.698,8.7,0
1766128441.3911996,2025-12-19 07:14:01,2025-12-19 15:14:01,PnlRecord,124.807,0,0,0,195.69793800000002,-0.2883621829017355,多,124.807,124.698,8.7,0
1766128441.906301,2025-12-19 07:14:01,2025-12-19 15:14:01,CloseSignal,124.807,1.0,1.0,0,195.69793800000002,0.0,Strategy_TrendEnd,124.807,124.698,8.7,0
1766128502.3541198,2025-12-19 07:15:02,2025-12-19 15:15:02,BarData,124.655,0,0.0,0.0,195.745938,0.0,❌ 震荡 (Gap 3.3 < 10),124.655,124.697,3.3,0
1766128560.6011868,2025-12-19 07:16:00,2025-12-19 15:16:00,BarData,124.401,0,0.0,0.0,195.745938,0.0,✅ 触发交易,124.401,124.687,23.0,-1
1766128564.4673996,2025-12-19 07:16:04,2025-12-19 15:16:04,Strategy_Open,124.401,1.0,0,-1.0,195.801713,0.0,Strategy_Signal,124.401,124.687,23.0,-1
1766128622.3014667,2025-12-19 07:17:02,2025-12-19 15:17:02,BarData,124.34,0,-1.0,-1.0,195.699713,0.0,✅ 触发交易,124.340,124.676,27.0,-1
1766128680.3713264,2025-12-19 07:18:00,2025-12-19 15:18:00,BarData,124.093,0,-1.0,-1.0,195.857713,0.0,✅ 触发交易,124.093,124.656,45.4,-1
1766128740.639224,2025-12-19 07:19:00,2025-12-19 15:19:00,BarData,123.882,0,-1.0,-1.0,196.282713,0.0,✅ 触发交易,123.882,124.631,60.5,-1
1766128800.8067796,2025-12-19 07:20:00,2025-12-19 15:20:00,BarData,123.997,0,-1.0,-1.0,196.06471299999998,0.0,✅ 触发交易,123.997,124.610,49.5,-1
1766128860.769758,2025-12-19 07:21:00,2025-12-19 15:21:00,BarData,123.89,0,-1.0,-1.0,196.241713,0.0,✅ 触发交易,123.890,124.587,56.2,-1
1766128920.4924414,2025-12-19 07:22:00,2025-12-19 15:22:00,BarData,123.965,0,-1.0,-1.0,196.164713,0.0,✅ 触发交易,123.965,124.566,48.5,-1
1766128980.8328059,2025-12-19 07:23:00,2025-12-19 15:23:00,BarData,124.211,0,-1.0,-1.0,196.011713,0.0,✅ 触发交易,124.211,124.555,27.7,-1
1766129042.375276,2025-12-19 07:24:02,2025-12-19 15:24:02,BarData,124.254,0,-1.0,-1.0,195.883713,0.0,✅ 触发交易,124.254,124.545,23.4,-1
1766129100.425198,2025-12-19 07:25:00,2025-12-19 15:25:00,BarData,124.141,0,-1.0,-1.0,195.87471299999999,0.0,✅ 触发交易,124.141,124.532,31.5,-1
1766129160.6672094,2025-12-19 07:26:00,2025-12-19 15:26:00,BarData,124.31,0,-1.0,-1.0,195.87471299999999,0.0,✅ 触发交易,124.310,124.524,17.2,-1
1766129221.5888872,2025-12-19 07:27:01,2025-12-19 15:27:01,BarData,124.287,0,-1.0,-1.0,195.703713,0.0,✅ 触发交易,124.287,124.517,18.5,-1
1766129280.2265449,2025-12-19 07:28:00,2025-12-19 15:28:00,BarData,124.172,0,-1.0,-1.0,195.943713,0.0,✅ 触发交易,124.172,124.505,26.8,-1
1766129340.5366926,2025-12-19 07:29:00,2025-12-19 15:29:00,BarData,124.105,0,-1.0,-1.0,196.044713,0.0,✅ 触发交易,124.105,124.492,31.2,-1
1766129400.6499956,2025-12-19 07:30:00,2025-12-19 15:30:00,BarData,124.115,0,-1.0,-1.0,195.984713,0.0,✅ 触发交易,124.115,124.480,29.4,-1
1766129461.6018398,2025-12-19 07:31:01,2025-12-19 15:31:01,BarData,124.272,0,-1.0,-1.0,195.786713,0.0,✅ 触发交易,124.272,124.473,16.2,-1
1766129520.3614151,2025-12-19 07:32:00,2025-12-19 15:32:00,BarData,124.157,0,-1.0,-1.0,195.867713,0.0,✅ 触发交易,124.157,124.463,24.6,-1
1766129580.8063223,2025-12-19 07:33:00,2025-12-19 15:33:00,BarData,123.804,0,-1.0,-1.0,195.95171299999998,0.0,✅ 触发交易,123.804,124.441,51.5,-1
1766129640.5874357,2025-12-19 07:34:00,2025-12-19 15:34:00,BarData,123.988,0,-1.0,-1.0,196.142713,0.0,✅ 触发交易,123.988,124.426,35.3,-1
1766129700.5146875,2025-12-19 07:35:00,2025-12-19 15:35:00,BarData,124.021,0,-1.0,-1.0,196.142713,0.0,✅ 触发交易,124.021,124.413,31.6,-1
1766129760.7371063,2025-12-19 07:36:00,2025-12-19 15:36:00,BarData,124.18,0,-1.0,-1.0,196.000713,0.0,✅ 触发交易,124.180,124.405,18.1,-1
1766129820.2839863,2025-12-19 07:37:00,2025-12-19 15:37:00,BarData,124.286,0,-1.0,-1.0,195.79671299999998,0.0,❌ 震荡 (Gap 9.3 < 10),124.286,124.401,9.3,0
1766129820.9850512,2025-12-19 07:37:00,2025-12-19 15:37:00,PnlRecord,124.286,0,0,0,195.79671299999998,0.7236122724641685,空,124.286,124.401,9.3,0
1766129821.2907536,2025-12-19 07:37:01,2025-12-19 15:37:01,CloseSignal,124.286,1.0,-1.0,0,195.79671299999998,0.0,Strategy_TrendEnd,124.286,124.401,9.3,0
1766129880.5607295,2025-12-19 07:38:00,2025-12-19 15:38:00,BarData,124.416,0,0.0,0.0,195.820713,0.0,❌ 震荡 (Gap 1.1 < 10),124.416,124.402,1.1,0
1766129940.0877154,2025-12-19 07:39:00,2025-12-19 15:39:00,BarData,124.302,0,0.0,0.0,195.820713,0.0,❌ 震荡 (Gap 7.8 < 10),124.302,124.399,7.8,0
1766130000.3538835,2025-12-19 07:40:00,2025-12-19 15:40:00,BarData,124.23,0,0.0,0.0,195.820713,0.0,✅ 触发交易,124.230,124.393,13.1,-1
1766130004.3436072,2025-12-19 07:40:04,2025-12-19 15:40:04,Strategy_Open,124.23,1.0,0,-1.0,195.80571300000003,0.0,Strategy_Signal,124.230,124.393,13.1,-1
1766130060.3382835,2025-12-19 07:41:00,2025-12-19 15:41:00,BarData,124.236,0,-1.0,-1.0,195.79971300000003,0.0,✅ 触发交易,124.236,124.388,12.2,-1
1766130120.2907612,2025-12-19 07:42:00,2025-12-19 15:42:00,BarData,124.251,0,-1.0,-1.0,195.81571300000002,0.0,✅ 触发交易,124.251,124.383,10.7,-1
1766130180.4056885,2025-12-19 07:43:00,2025-12-19 15:43:00,BarData,124.248,0,-1.0,-1.0,195.782713,0.0,✅ 触发交易,124.248,124.379,10.5,-1
1766130241.7431757,2025-12-19 07:44:01,2025-12-19 15:44:01,BarData,124.279,0,-1.0,-1.0,195.743713,0.0,❌ 震荡 (Gap 7.8 < 10),124.279,124.376,7.8,0
1766130242.455335,2025-12-19 07:44:02,2025-12-19 15:44:02,PnlRecord,124.279,0,0,0,195.743713,-0.4266417658138978,空,124.279,124.376,7.8,0
1766130242.7546527,2025-12-19 07:44:02,2025-12-19 15:44:02,CloseSignal,124.279,1.0,-1.0,0,195.743713,0.0,Strategy_TrendEnd,124.279,124.376,7.8,0
1766130300.8649383,2025-12-19 07:45:00,2025-12-19 15:45:00,BarData,124.253,0,0.0,0.0,195.778713,0.0,❌ 震荡 (Gap 9.5 < 10),124.253,124.372,9.5,0
1766130360.6681168,2025-12-19 07:46:00,2025-12-19 15:46:00,BarData,124.262,0,0.0,0.0,195.778713,0.0,❌ 震荡 (Gap 8.5 < 10),124.262,124.368,8.5,0
1766130420.7583225,2025-12-19 07:47:00,2025-12-19 15:47:00,BarData,124.225,0,0.0,0.0,195.778713,0.0,✅ 触发交易,124.225,124.363,11.1,-1
1766130424.622015,2025-12-19 07:47:04,2025-12-19 15:47:04,Strategy_Open,124.225,1.0,0,-1.0,195.760713,0.0,Strategy_Signal,124.225,124.363,11.1,-1
1766130480.4193223,2025-12-19 07:48:00,2025-12-19 15:48:00,BarData,124.294,0,-1.0,-1.0,195.669713,0.0,❌ 震荡 (Gap 5.4 < 10),124.294,124.361,5.4,0
1766130481.127156,2025-12-19 07:48:01,2025-12-19 15:48:01,PnlRecord,124.294,0,0,0,195.669713,-0.5634981968057153,空,124.294,124.361,5.4,0
1766130481.439875,2025-12-19 07:48:01,2025-12-19 15:48:01,CloseSignal,124.294,1.0,-1.0,0,195.669713,0.0,Strategy_TrendEnd,124.294,124.361,5.4,0
1766130540.5801709,2025-12-19 07:49:00,2025-12-19 15:49:00,BarData,124.162,0,0.0,0.0,195.745713,0.0,✅ 触发交易,124.162,124.355,15.5,-1
1766130544.4676902,2025-12-19 07:49:04,2025-12-19 15:49:04,Strategy_Open,124.162,1.0,0,-1.0,195.730713,0.0,Strategy_Signal,124.162,124.355,15.5,-1
1766130578.0780406,2025-12-19 07:49:38,2025-12-19 15:49:38,SL,124.272,1.0,-1.0,0.0,195.61007,0.0,🛡️ 止损 (-1.02%),124.162,124.355,15.5,-1
1766130578.0784178,2025-12-19 07:49:38,2025-12-19 15:49:38,PnlRecord,124.272,0,0,0,195.680713,-1.022997301542628,空,124.162,124.355,15.5,-1
1766130600.4359531,2025-12-19 07:50:00,2025-12-19 15:50:00,BarData,124.222,0,0.0,0.0,195.61007,0.0,✅ 触发交易,124.222,124.350,10.3,-1
1766130604.3247178,2025-12-19 07:50:04,2025-12-19 15:50:04,Strategy_Open,124.222,1.0,0,-1.0,195.60707000000002,0.0,Strategy_Signal,124.222,124.350,10.3,-1
1766130660.2042887,2025-12-19 07:51:00,2025-12-19 15:51:00,BarData,124.22,0,-1.0,-1.0,195.62807,0.0,✅ 触发交易,124.220,124.346,10.1,-1
1766130720.825488,2025-12-19 07:52:00,2025-12-19 15:52:00,BarData,124.342,0,-1.0,-1.0,195.51807,0.0,❌ 震荡 (Gap 0.3 < 10),124.342,124.346,0.3,0
1766130721.5304077,2025-12-19 07:52:01,2025-12-19 15:52:01,PnlRecord,124.342,0,0,0,195.51807,-0.917667514570019,空,124.342,124.346,0.3,0
1766130722.1574643,2025-12-19 07:52:02,2025-12-19 15:52:02,CloseSignal,124.342,1.0,-1.0,0,195.51807,0.0,Strategy_TrendEnd,124.342,124.346,0.3,0
1766130780.4088135,2025-12-19 07:53:00,2025-12-19 15:53:00,BarData,124.454,0,0.0,0.0,195.48107,0.0,❌ 震荡 (Gap 8.4 < 10),124.454,124.349,8.4,0
1766130840.1120925,2025-12-19 07:54:00,2025-12-19 15:54:00,BarData,124.352,0,0.0,0.0,195.48107,0.0,❌ 震荡 (Gap 0.2 < 10),124.352,124.349,0.2,0
1766130901.5699863,2025-12-19 07:55:01,2025-12-19 15:55:01,BarData,124.276,0,0.0,0.0,195.48107,0.0,❌ 震荡 (Gap 5.7 < 10),124.276,124.347,5.7,0
1766130960.8171895,2025-12-19 07:56:00,2025-12-19 15:56:00,BarData,124.288,0,0.0,0.0,195.48107,0.0,❌ 震荡 (Gap 4.6 < 10),124.288,124.345,4.6,0
1766131020.5627902,2025-12-19 07:57:00,2025-12-19 15:57:00,BarData,124.341,0,0.0,0.0,195.48107,0.0,❌ 震荡 (Gap 0.3 < 10),124.341,124.345,0.3,0
1766131080.1691728,2025-12-19 07:58:00,2025-12-19 15:58:00,BarData,124.3,0,0.0,0.0,195.48107,0.0,❌ 震荡 (Gap 3.5 < 10),124.300,124.343,3.5,0
1766131140.601327,2025-12-19 07:59:00,2025-12-19 15:59:00,BarData,124.324,0,0.0,0.0,195.48107,0.0,❌ 震荡 (Gap 1.5 < 10),124.324,124.343,1.5,0
1766131202.6250718,2025-12-19 08:00:02,2025-12-19 16:00:02,BarData,124.368,0,0.0,0.0,195.48107,0.0,❌ 震荡 (Gap 2.0 < 10),124.368,124.344,2.0,0
1766131260.4968708,2025-12-19 08:01:00,2025-12-19 16:01:00,BarData,124.399,0,0.0,0.0,195.48107,0.0,❌ 震荡 (Gap 4.3 < 10),124.399,124.345,4.3,0
1766131320.2023778,2025-12-19 08:02:00,2025-12-19 16:02:00,BarData,124.578,0,0.0,0.0,195.48107,0.0,✅ 触发交易,124.578,124.353,18.1,1
1766131324.2250228,2025-12-19 08:02:04,2025-12-19 16:02:04,Strategy_Open,124.578,1.0,0,1.0,195.48406999999997,0.0,Strategy_Signal,124.578,124.353,18.1,1
1766131382.4753962,2025-12-19 08:03:02,2025-12-19 16:03:02,BarData,124.619,0,1.0,1.0,195.59206999999998,0.0,✅ 触发交易,124.619,124.362,20.6,1
1766131440.385257,2025-12-19 08:04:00,2025-12-19 16:04:00,BarData,124.617,0,1.0,1.0,195.51207,0.0,✅ 触发交易,124.617,124.370,19.8,1
1766131478.2466054,2025-12-19 08:04:38,2025-12-19 16:04:38,SL,124.428,1.0,1.0,0.0,195.22107,0.0,🛡️ 止损 (-1.13%),124.617,124.370,19.8,1
1766131478.246891,2025-12-19 08:04:38,2025-12-19 16:04:38,PnlRecord,124.428,0,0,0,195.50306999999998,-1.131902800857399,多,124.617,124.370,19.8,1
1766131500.6656392,2025-12-19 08:05:00,2025-12-19 16:05:00,BarData,124.331,0,0.0,0.0,195.22107,0.0,❌ 震荡 (Gap 3.0 < 10),124.331,124.369,3.0,0
1766131560.23898,2025-12-19 08:06:00,2025-12-19 16:06:00,BarData,124.378,0,0.0,0.0,195.22107,0.0,❌ 震荡 (Gap 0.7 < 10),124.378,124.369,0.7,0
1766131620.7005398,2025-12-19 08:07:00,2025-12-19 16:07:00,BarData,124.392,0,0.0,0.0,195.22107,0.0,❌ 震荡 (Gap 1.8 < 10),124.392,124.370,1.8,0
1766131680.0858207,2025-12-19 08:08:00,2025-12-19 16:08:00,BarData,124.446,0,0.0,0.0,195.22107,0.0,❌ 震荡 (Gap 5.9 < 10),124.446,124.372,5.9,0
1766131740.4417431,2025-12-19 08:09:00,2025-12-19 16:09:00,BarData,124.469,0,0.0,0.0,195.22107,0.0,❌ 震荡 (Gap 7.5 < 10),124.469,124.376,7.5,0
1766131800.5231078,2025-12-19 08:10:00,2025-12-19 16:10:00,BarData,124.321,0,0.0,0.0,195.22107,0.0,❌ 震荡 (Gap 4.2 < 10),124.321,124.374,4.2,0
1766131861.207489,2025-12-19 08:11:01,2025-12-19 16:11:01,BarData,124.328,0,0.0,0.0,195.22107,0.0,❌ 震荡 (Gap 3.6 < 10),124.328,124.372,3.6,0
1766131920.4210567,2025-12-19 08:12:00,2025-12-19 16:12:00,BarData,124.323,0,0.0,0.0,195.22107,0.0,❌ 震荡 (Gap 3.8 < 10),124.323,124.371,3.8,0
1766131980.3744917,2025-12-19 08:13:00,2025-12-19 16:13:00,BarData,124.074,0,0.0,0.0,195.22107,0.0,✅ 触发交易,124.074,124.361,23.1,-1
1766131984.2343783,2025-12-19 08:13:04,2025-12-19 16:13:04,Strategy_Open,124.074,1.0,0,-1.0,195.21607,0.0,Strategy_Signal,124.074,124.361,23.1,-1
1766131997.2348938,2025-12-19 08:13:17,2025-12-19 16:13:17,SL,124.231,1.0,-1.0,0.0,195.09507,0.0,🛡️ 止损 (-1.03%),124.074,124.361,23.1,-1
1766131997.2351635,2025-12-19 08:13:17,2025-12-19 16:13:17,PnlRecord,124.231,0,0,0,195.20707,-1.031401335987044,空,124.074,124.361,23.1,-1
1766132040.1671097,2025-12-19 08:14:00,2025-12-19 16:14:00,BarData,124.218,0,0.0,0.0,195.09507,0.0,✅ 触发交易,124.218,124.356,11.1,-1
1766132044.0396895,2025-12-19 08:14:04,2025-12-19 16:14:04,Strategy_Open,124.218,1.0,0,-1.0,195.06807,0.0,Strategy_Signal,124.218,124.356,11.1,-1
1766132090.2989218,2025-12-19 08:14:50,2025-12-19 16:14:50,SL,124.333,1.0,-1.0,0.0,194.955535,0.0,🛡️ 止损 (-1.06%),124.218,124.356,11.1,-1
1766132090.29923,2025-12-19 08:14:50,2025-12-19 16:14:50,PnlRecord,124.333,0,0,0,195.04407,-1.0627933752546679,空,124.218,124.356,11.1,-1
1766132100.5234816,2025-12-19 08:15:00,2025-12-19 16:15:00,BarData,124.286,0,0.0,0.0,194.955535,0.0,❌ 震荡 (Gap 5.5 < 10),124.286,124.354,5.5,0
1766132160.9079404,2025-12-19 08:16:00,2025-12-19 16:16:00,BarData,124.323,0,0.0,0.0,194.955535,0.0,❌ 震荡 (Gap 2.4 < 10),124.323,124.353,2.4,0
1766132220.8209445,2025-12-19 08:17:00,2025-12-19 16:17:00,BarData,124.359,0,0.0,0.0,194.955535,0.0,❌ 震荡 (Gap 0.5 < 10),124.359,124.353,0.5,0
1766132280.5385919,2025-12-19 08:18:00,2025-12-19 16:18:00,BarData,124.443,0,0.0,0.0,194.955535,0.0,❌ 震荡 (Gap 7.0 < 10),124.443,124.356,7.0,0
1766132340.4487202,2025-12-19 08:19:00,2025-12-19 16:19:00,BarData,124.219,0,0.0,0.0,194.955535,0.0,✅ 触发交易,124.219,124.352,10.7,-1
1766132344.3105118,2025-12-19 08:19:04,2025-12-19 16:19:04,Strategy_Open,124.219,1.0,0,-1.0,194.941535,0.0,Strategy_Signal,124.219,124.352,10.7,-1
1766132401.3275511,2025-12-19 08:20:01,2025-12-19 16:20:01,BarData,124.29,0,-1.0,-1.0,194.870535,0.0,❌ 震荡 (Gap 4.8 < 10),124.290,124.350,4.8,0
1766132402.0007353,2025-12-19 08:20:02,2025-12-19 16:20:02,PnlRecord,124.29,0,0,0,194.870535,-0.6762958311192951,空,124.290,124.350,4.8,0
1766132402.3229291,2025-12-19 08:20:02,2025-12-19 16:20:02,CloseSignal,124.29,1.0,-1.0,0,194.870535,0.0,Strategy_TrendEnd,124.290,124.350,4.8,0
1766132460.2613568,2025-12-19 08:21:00,2025-12-19 16:21:00,BarData,124.3,0,0.0,0.0,194.871535,0.0,❌ 震荡 (Gap 3.9 < 10),124.300,124.348,3.9,0
1766132520.62449,2025-12-19 08:22:00,2025-12-19 16:22:00,BarData,124.312,0,0.0,0.0,194.871535,0.0,❌ 震荡 (Gap 2.8 < 10),124.312,124.347,2.8,0
1766132580.0908751,2025-12-19 08:23:00,2025-12-19 16:23:00,BarData,124.321,0,0.0,0.0,194.871535,0.0,❌ 震荡 (Gap 2.0 < 10),124.321,124.346,2.0,0
1766132640.1911335,2025-12-19 08:24:00,2025-12-19 16:24:00,BarData,124.286,0,0.0,0.0,194.871535,0.0,❌ 震荡 (Gap 4.7 < 10),124.286,124.344,4.7,0
1766132700.29095,2025-12-19 08:25:00,2025-12-19 16:25:00,BarData,124.229,0,0.0,0.0,194.871535,0.0,❌ 震荡 (Gap 9.0 < 10),124.229,124.340,9.0,0
1766132761.1994631,2025-12-19 08:26:01,2025-12-19 16:26:01,BarData,124.293,0,0.0,0.0,194.871535,0.0,❌ 震荡 (Gap 3.7 < 10),124.293,124.339,3.7,0
1766132820.3143454,2025-12-19 08:27:00,2025-12-19 16:27:00,BarData,124.268,0,0.0,0.0,194.871535,0.0,❌ 震荡 (Gap 5.5 < 10),124.268,124.336,5.5,0
1766132880.3199086,2025-12-19 08:28:00,2025-12-19 16:28:00,BarData,124.246,0,0.0,0.0,194.871535,0.0,❌ 震荡 (Gap 7.0 < 10),124.246,124.333,7.0,0
1766132940.3323224,2025-12-19 08:29:00,2025-12-19 16:29:00,BarData,124.006,0,0.0,0.0,194.871535,0.0,✅ 触发交易,124.006,124.323,25.5,-1
1766132944.2196598,2025-12-19 08:29:04,2025-12-19 16:29:04,Strategy_Open,124.006,1.0,0,-1.0,194.865535,0.0,Strategy_Signal,124.006,124.323,25.5,-1
1766133000.434052,2025-12-19 08:30:00,2025-12-19 16:30:00,BarData,123.923,0,-1.0,-1.0,194.890535,0.0,✅ 触发交易,123.923,124.310,31.2,-1
1766133060.2803285,2025-12-19 08:31:00,2025-12-19 16:31:00,BarData,124.029,0,-1.0,-1.0,194.82153499999998,0.0,✅ 触发交易,124.029,124.300,21.9,-1
1766133121.2257538,2025-12-19 08:32:01,2025-12-19 16:32:01,BarData,123.857,0,-1.0,-1.0,194.990535,0.0,✅ 触发交易,123.857,124.286,34.6,-1
1766133180.69407,2025-12-19 08:33:00,2025-12-19 16:33:00,BarData,124.036,0,-1.0,-1.0,194.981535,0.0,✅ 触发交易,124.036,124.278,19.5,-1
1766133190.9267442,2025-12-19 08:33:10,2025-12-19 16:33:10,SL,124.132,1.0,-1.0,0.0,194.734535,0.0,🛡️ 止损 (-1.10%),124.036,124.278,19.5,-1
1766133190.9270566,2025-12-19 08:33:10,2025-12-19 16:33:10,PnlRecord,124.132,0,0,0,194.981535,-1.1048832614218351,空,124.036,124.278,19.5,-1
1766133241.0485992,2025-12-19 08:34:01,2025-12-19 16:34:01,BarData,124.468,0,0.0,0.0,194.734535,0.0,✅ 触发交易,124.468,124.284,14.8,1
1766133244.9074252,2025-12-19 08:34:04,2025-12-19 16:34:04,Strategy_Open,124.468,1.0,0,1.0,194.734883,0.0,Strategy_Signal,124.468,124.284,14.8,1
1766133301.721085,2025-12-19 08:35:01,2025-12-19 16:35:01,BarData,124.603,0,1.0,1.0,194.859883,0.0,✅ 触发交易,124.603,124.294,24.8,1
1766133360.527439,2025-12-19 08:36:00,2025-12-19 16:36:00,BarData,124.719,0,1.0,1.0,195.06588299999999,0.0,✅ 触发交易,124.719,124.308,32.9,1
1766133420.1856306,2025-12-19 08:37:00,2025-12-19 16:37:00,BarData,124.824,0,1.0,1.0,195.087883,0.0,✅ 触发交易,124.824,124.325,40.0,1
1766133480.1551042,2025-12-19 08:38:00,2025-12-19 16:38:00,BarData,124.841,0,1.0,1.0,195.087883,0.0,✅ 触发交易,124.841,124.342,40.0,1
1766133540.689493,2025-12-19 08:39:00,2025-12-19 16:39:00,BarData,124.638,0,1.0,1.0,194.897883,0.0,✅ 触发交易,124.638,124.352,23.0,1
1766133600.394278,2025-12-19 08:40:00,2025-12-19 16:40:00,BarData,124.69,0,1.0,1.0,194.937883,0.0,✅ 触发交易,124.690,124.363,26.2,1
1766133661.1540453,2025-12-19 08:41:01,2025-12-19 16:41:01,BarData,124.682,0,1.0,1.0,194.915883,0.0,✅ 触发交易,124.682,124.373,24.8,1
1766133721.7412503,2025-12-19 08:42:01,2025-12-19 16:42:01,BarData,124.679,0,1.0,1.0,194.92788299999998,0.0,✅ 触发交易,124.679,124.383,23.7,1
1766133780.6097748,2025-12-19 08:43:00,2025-12-19 16:43:00,BarData,124.642,0,1.0,1.0,194.90488299999998,0.0,✅ 触发交易,124.642,124.392,20.1,1
1766133840.4689527,2025-12-19 08:44:00,2025-12-19 16:44:00,BarData,124.577,0,1.0,1.0,194.829883,0.0,✅ 触发交易,124.577,124.398,14.4,1
1766133901.9037375,2025-12-19 08:45:01,2025-12-19 16:45:01,BarData,124.616,0,1.0,1.0,194.864883,0.0,✅ 触发交易,124.616,124.405,16.9,1
1766133960.9246,2025-12-19 08:46:00,2025-12-19 16:46:00,BarData,124.603,0,1.0,1.0,194.881883,0.0,✅ 触发交易,124.603,124.412,15.4,1
1766134020.2933228,2025-12-19 08:47:00,2025-12-19 16:47:00,BarData,124.602,0,1.0,1.0,194.88688299999998,0.0,✅ 触发交易,124.602,124.418,14.8,1
1766134080.4072177,2025-12-19 08:48:00,2025-12-19 16:48:00,BarData,124.965,0,1.0,1.0,194.897883,0.0,✅ 触发交易,124.965,124.436,42.4,1
1766134140.0912032,2025-12-19 08:49:00,2025-12-19 16:49:00,BarData,124.983,0,1.0,1.0,195.217883,0.0,✅ 触发交易,124.983,124.454,42.4,1
1766134147.1896985,2025-12-19 08:49:07,2025-12-19 16:49:07,TP,125.101,1.0,1.0,0.0,195.386883,0.0,🚀 止盈 (+5.01%),124.983,124.454,42.4,1
1766134147.1900136,2025-12-19 08:49:07,2025-12-19 16:49:07,PnlRecord,125.101,0,0,0,195.217883,5.012974284405916,多,124.983,124.454,42.4,1
1766134201.240372,2025-12-19 08:50:01,2025-12-19 16:50:01,BarData,125.219,0,0.0,0.0,195.386883,0.0,✅ 触发交易,125.219,124.479,59.1,1
1766134205.3783042,2025-12-19 08:50:05,2025-12-19 16:50:05,Strategy_Open,125.219,1.0,0,1.0,195.397883,0.0,Strategy_Signal,125.219,124.479,59.1,1
1766134262.808792,2025-12-19 08:51:02,2025-12-19 16:51:02,BarData,125.451,0,1.0,1.0,195.654883,0.0,✅ 触发交易,125.451,124.511,75.0,1
1766134320.222353,2025-12-19 08:52:00,2025-12-19 16:52:00,BarData,125.493,0,1.0,1.0,195.62688300000002,0.0,✅ 触发交易,125.493,124.543,75.7,1
1766134380.4384422,2025-12-19 08:53:00,2025-12-19 16:53:00,BarData,125.433,0,1.0,1.0,195.575883,0.0,✅ 触发交易,125.433,124.572,68.6,1
1766134440.3543339,2025-12-19 08:54:00,2025-12-19 16:54:00,BarData,125.385,0,1.0,1.0,195.575883,0.0,✅ 触发交易,125.385,124.599,62.7,1
1766134500.6317673,2025-12-19 08:55:00,2025-12-19 16:55:00,BarData,125.335,0,1.0,1.0,195.46488300000001,0.0,✅ 触发交易,125.335,124.623,56.8,1
1766134560.1752925,2025-12-19 08:56:00,2025-12-19 16:56:00,BarData,125.146,0,1.0,1.0,195.34688300000002,0.0,✅ 触发交易,125.146,124.640,40.4,1
1766134620.3947468,2025-12-19 08:57:00,2025-12-19 16:57:00,BarData,125.118,0,1.0,1.0,195.318883,0.0,✅ 触发交易,125.118,124.656,37.0,1
1766134680.2456627,2025-12-19 08:58:00,2025-12-19 16:58:00,BarData,125.107,0,1.0,1.0,195.278883,0.0,✅ 触发交易,125.107,124.670,34.9,1
1766134742.9033072,2025-12-19 08:59:02,2025-12-19 16:59:02,SL,125.027,1.0,1.0,0.0,195.231883,0.0,🛡️ 止损 (-1.18%),125.107,124.670,34.9,1
1766134742.9036508,2025-12-19 08:59:02,2025-12-19 16:59:02,PnlRecord,125.027,0,0,0,195.260883,-1.1823447173956152,多,125.107,124.670,34.9,1
1766134745.7797794,2025-12-19 08:59:05,2025-12-19 16:59:05,BarData,125.022,0,0.0,0.0,195.231883,0.0,✅ 触发交易,125.022,124.682,27.2,1
1766134749.3162928,2025-12-19 08:59:09,2025-12-19 16:59:09,Strategy_Open,125.022,1.0,0,1.0,195.223883,0.0,Strategy_Signal,125.022,124.682,27.2,1
1766134800.4053626,2025-12-19 09:00:00,2025-12-19 17:00:00,BarData,124.936,0,1.0,1.0,195.20388300000002,0.0,✅ 触发交易,124.936,124.690,19.7,1
1766134804.9003935,2025-12-19 09:00:04,2025-12-19 17:00:04,SL,124.899,1.0,1.0,0.0,195.143383,0.0,🛡️ 止损 (-1.02%),124.936,124.690,19.7,1
1766134804.9007087,2025-12-19 09:00:04,2025-12-19 17:00:04,PnlRecord,124.899,0,0,0,195.20388300000002,-1.0237788637654277,多,124.936,124.690,19.7,1
1766134860.214401,2025-12-19 09:01:00,2025-12-19 17:01:00,BarData,124.972,0,0.0,0.0,195.143383,0.0,✅ 触发交易,124.972,124.700,21.8,1
1766134864.074365,2025-12-19 09:01:04,2025-12-19 17:01:04,Strategy_Open,124.972,1.0,0,1.0,195.130383,0.0,Strategy_Signal,124.972,124.700,21.8,1
1766134878.2355006,2025-12-19 09:01:18,2025-12-19 17:01:18,SL,124.828,1.0,1.0,0.0,194.997383,0.0,🛡️ 止损 (-1.08%),124.972,124.700,21.8,1
1766134878.235773,2025-12-19 09:01:18,2025-12-19 17:01:18,PnlRecord,124.828,0,0,0,195.100383,-1.0803197746532247,多,124.972,124.700,21.8,1
1766134920.4563894,2025-12-19 09:02:00,2025-12-19 17:02:00,BarData,124.575,0,0.0,0.0,194.997383,0.0,❌ 震荡 (Gap 9.7 < 10),124.575,124.695,9.7,0
1766134980.25307,2025-12-19 09:03:00,2025-12-19 17:03:00,BarData,124.682,0,0.0,0.0,194.997383,0.0,❌ 震荡 (Gap 1.0 < 10),124.682,124.695,1.0,0
1766135040.4818466,2025-12-19 09:04:00,2025-12-19 17:04:00,BarData,124.802,0,0.0,0.0,194.997383,0.0,❌ 震荡 (Gap 8.3 < 10),124.802,124.699,8.3,0
1766135101.2443476,2025-12-19 09:05:01,2025-12-19 17:05:01,BarData,124.813,0,0.0,0.0,194.997383,0.0,❌ 震荡 (Gap 8.9 < 10),124.813,124.702,8.9,0
1766135160.6110969,2025-12-19 09:06:00,2025-12-19 17:06:00,BarData,124.865,0,0.0,0.0,194.997383,0.0,✅ 触发交易,124.865,124.708,12.6,1
1766135164.5083036,2025-12-19 09:06:04,2025-12-19 17:06:04,Strategy_Open,124.865,1.0,0,1.0,195.01738300000002,0.0,Strategy_Signal,124.865,124.708,12.6,1
1766135220.195172,2025-12-19 09:07:00,2025-12-19 17:07:00,BarData,124.853,0,1.0,1.0,195.055383,0.0,✅ 触发交易,124.853,124.712,11.3,1
1766135281.2021465,2025-12-19 09:08:01,2025-12-19 17:08:01,BarData,124.978,0,1.0,1.0,195.131383,0.0,✅ 触发交易,124.978,124.721,20.6,1
1766135340.134108,2025-12-19 09:09:00,2025-12-19 17:09:00,BarData,124.906,0,1.0,1.0,195.131383,0.0,✅ 触发交易,124.906,124.727,14.3,1
1766135400.406137,2025-12-19 09:10:00,2025-12-19 17:10:00,BarData,124.888,0,1.0,1.0,195.02938300000002,0.0,✅ 触发交易,124.888,124.732,12.5,1
1766135462.7166464,2025-12-19 09:11:02,2025-12-19 17:11:02,BarData,124.957,0,1.0,1.0,195.110383,0.0,✅ 触发交易,124.957,124.740,17.4,1
1766135520.1488793,2025-12-19 09:12:00,2025-12-19 17:12:00,BarData,124.805,0,1.0,1.0,195.02138300000001,0.0,❌ 震荡 (Gap 5.1 < 10),124.805,124.742,5.1,0
1766135520.825851,2025-12-19 09:12:00,2025-12-19 17:12:00,PnlRecord,124.805,0,0,0,195.02138300000001,-0.4885236974035593,多,124.805,124.742,5.1,0
1766135521.1396418,2025-12-19 09:12:01,2025-12-19 17:12:01,CloseSignal,124.805,1.0,1.0,0,195.02138300000001,0.0,Strategy_TrendEnd,124.805,124.742,5.1,0
1766135580.2705286,2025-12-19 09:13:00,2025-12-19 17:13:00,BarData,124.855,0,0.0,0.0,194.908383,0.0,❌ 震荡 (Gap 8.8 < 10),124.855,124.746,8.8,0
1766135640.4897661,2025-12-19 09:14:00,2025-12-19 17:14:00,BarData,124.752,0,0.0,0.0,194.908383,0.0,❌ 震荡 (Gap 0.5 < 10),124.752,124.746,0.5,0
1766135700.5363653,2025-12-19 09:15:00,2025-12-19 17:15:00,BarData,124.734,0,0.0,0.0,194.908383,0.0,❌ 震荡 (Gap 0.9 < 10),124.734,124.745,0.9,0
1766135760.1287038,2025-12-19 09:16:00,2025-12-19 17:16:00,BarData,124.657,0,0.0,0.0,194.908383,0.0,❌ 震荡 (Gap 6.9 < 10),124.657,124.743,6.9,0
1766135821.2435782,2025-12-19 09:17:01,2025-12-19 17:17:01,BarData,124.798,0,0.0,0.0,194.908383,0.0,❌ 震荡 (Gap 4.3 < 10),124.798,124.744,4.3,0
1766135880.32263,2025-12-19 09:18:00,2025-12-19 17:18:00,BarData,124.795,0,0.0,0.0,194.908383,0.0,❌ 震荡 (Gap 3.9 < 10),124.795,124.746,3.9,0
1766135940.1875107,2025-12-19 09:19:00,2025-12-19 17:19:00,BarData,124.807,0,0.0,0.0,194.908383,0.0,❌ 震荡 (Gap 4.7 < 10),124.807,124.748,4.7,0
1766136000.5552216,2025-12-19 09:20:00,2025-12-19 17:20:00,BarData,124.822,0,0.0,0.0,194.908383,0.0,❌ 震荡 (Gap 5.7 < 10),124.822,124.750,5.7,0
1766136061.1257725,2025-12-19 09:21:01,2025-12-19 17:21:01,BarData,124.577,0,0.0,0.0,194.908383,0.0,✅ 触发交易,124.577,124.745,13.5,-1
1766136065.025022,2025-12-19 09:21:05,2025-12-19 17:21:05,Strategy_Open,124.577,1.0,0,-1.0,194.922383,0.0,Strategy_Signal,124.577,124.745,13.5,-1
1766136121.2532725,2025-12-19 09:22:01,2025-12-19 17:22:01,BarData,124.566,0,-1.0,-1.0,194.914383,0.0,✅ 触发交易,124.566,124.739,13.9,-1
1766136180.2847393,2025-12-19 09:23:00,2025-12-19 17:23:00,BarData,124.474,0,-1.0,-1.0,194.95538299999998,0.0,✅ 触发交易,124.474,124.730,20.6,-1
1766136240.711786,2025-12-19 09:24:00,2025-12-19 17:24:00,BarData,124.488,0,-1.0,-1.0,195.00838299999998,0.0,✅ 触发交易,124.488,124.722,18.8,-1
1766136300.5014648,2025-12-19 09:25:00,2025-12-19 17:25:00,BarData,124.639,0,-1.0,-1.0,194.85338299999998,0.0,❌ 震荡 (Gap 6.5 < 10),124.639,124.720,6.5,0
1766136301.1852474,2025-12-19 09:25:01,2025-12-19 17:25:01,PnlRecord,124.639,0,0,0,194.85338299999998,-0.5378415695340291,空,124.639,124.720,6.5,0
1766136301.4757721,2025-12-19 09:25:01,2025-12-19 17:25:01,CloseSignal,124.639,1.0,-1.0,0,194.85338299999998,0.0,Strategy_TrendEnd,124.639,124.720,6.5,0
1766136360.0733829,2025-12-19 09:26:00,2025-12-19 17:26:00,BarData,124.636,0,0.0,0.0,194.803767,0.0,❌ 震荡 (Gap 6.5 < 10),124.636,124.717,6.5,0
1766136421.17219,2025-12-19 09:27:01,2025-12-19 17:27:01,BarData,124.692,0,0.0,0.0,194.803767,0.0,❌ 震荡 (Gap 1.9 < 10),124.692,124.716,1.9,0
1766136481.8924582,2025-12-19 09:28:01,2025-12-19 17:28:01,BarData,124.712,0,0.0,0.0,194.803767,0.0,❌ 震荡 (Gap 0.3 < 10),124.712,124.716,0.3,0
1766136542.1543257,2025-12-19 09:29:02,2025-12-19 17:29:02,BarData,124.627,0,0.0,0.0,194.803767,0.0,❌ 震荡 (Gap 6.9 < 10),124.627,124.713,6.9,0
1766136600.409026,2025-12-19 09:30:00,2025-12-19 17:30:00,BarData,124.572,0,0.0,0.0,194.803767,0.0,✅ 触发交易,124.572,124.708,10.9,-1
1766136604.2854874,2025-12-19 09:30:04,2025-12-19 17:30:04,Strategy_Open,124.572,1.0,0,-1.0,194.834767,0.0,Strategy_Signal,124.572,124.708,10.9,-1
1766136660.2705197,2025-12-19 09:31:00,2025-12-19 17:31:00,BarData,124.567,0,-1.0,-1.0,194.804767,0.0,✅ 触发交易,124.567,124.704,11.0,-1
1766136710.0929825,2025-12-19 09:31:50,2025-12-19 17:31:50,SL,124.708,1.0,-1.0,0.0,194.654767,0.0,🛡️ 止损 (-1.20%),124.567,124.704,11.0,-1
1766136710.0933065,2025-12-19 09:31:50,2025-12-19 17:31:50,PnlRecord,124.708,0,0,0,194.74176699999998,-1.1962202650952634,空,124.567,124.704,11.0,-1
1766136720.5738034,2025-12-19 09:32:00,2025-12-19 17:32:00,BarData,124.628,0,0.0,0.0,194.654767,0.0,❌ 震荡 (Gap 5.9 < 10),124.628,124.701,5.9,0
1766136780.399929,2025-12-19 09:33:00,2025-12-19 17:33:00,BarData,124.642,0,0.0,0.0,194.654767,0.0,❌ 震荡 (Gap 4.6 < 10),124.642,124.699,4.6,0
1766136840.1539059,2025-12-19 09:34:00,2025-12-19 17:34:00,BarData,124.58,0,0.0,0.0,194.654767,0.0,❌ 震荡 (Gap 9.3 < 10),124.580,124.695,9.3,0
1766136900.6362472,2025-12-19 09:35:00,2025-12-19 17:35:00,BarData,124.37,0,0.0,0.0,194.654767,0.0,✅ 触发交易,124.370,124.685,25.3,-1
1766136904.5402942,2025-12-19 09:35:04,2025-12-19 17:35:04,Strategy_Open,124.37,1.0,0,-1.0,194.651767,0.0,Strategy_Signal,124.370,124.685,25.3,-1
1766136960.368433,2025-12-19 09:36:00,2025-12-19 17:36:00,BarData,124.407,0,-1.0,-1.0,194.636767,0.0,✅ 触发交易,124.407,124.676,21.6,-1
1766137024.4475648,2025-12-19 09:37:04,2025-12-19 17:37:04,SL,124.499,1.0,-1.0,0.0,194.546767,0.0,🛡️ 止损 (-1.07%),124.407,124.676,21.6,-1
1766137024.4478872,2025-12-19 09:37:04,2025-12-19 17:37:04,PnlRecord,124.499,0,0,0,194.55076699999998,-1.0694241191322031,空,124.407,124.676,21.6,-1
1766137026.6905928,2025-12-19 09:37:06,2025-12-19 17:37:06,BarData,124.499,0,0.0,0.0,194.546767,0.0,✅ 触发交易,124.499,124.670,13.7,-1
1766137030.252332,2025-12-19 09:37:10,2025-12-19 17:37:10,Strategy_Open,124.499,1.0,0,-1.0,194.55176699999998,0.0,Strategy_Signal,124.499,124.670,13.7,-1
1766137080.3706748,2025-12-19 09:38:00,2025-12-19 17:38:00,BarData,124.419,0,-1.0,-1.0,194.71176699999998,0.0,✅ 触发交易,124.419,124.662,19.5,-1
1766137140.3744736,2025-12-19 09:39:00,2025-12-19 17:39:00,BarData,124.341,0,-1.0,-1.0,194.631767,0.0,✅ 触发交易,124.341,124.651,24.9,-1
1766137200.2094288,2025-12-19 09:40:00,2025-12-19 17:40:00,BarData,124.477,0,-1.0,-1.0,194.660767,0.0,✅ 触发交易,124.477,124.645,13.5,-1
1766137260.5740433,2025-12-19 09:41:00,2025-12-19 17:41:00,BarData,124.354,0,-1.0,-1.0,194.660767,0.0,✅ 触发交易,124.354,124.636,22.7,-1
1766137320.1691165,2025-12-19 09:42:00,2025-12-19 17:42:00,BarData,124.45,0,-1.0,-1.0,194.595767,0.0,✅ 触发交易,124.450,124.630,14.4,-1
1766137380.5526106,2025-12-19 09:43:00,2025-12-19 17:43:00,BarData,124.428,0,-1.0,-1.0,194.606767,0.0,✅ 触发交易,124.428,124.623,15.7,-1
1766137442.005755,2025-12-19 09:44:02,2025-12-19 17:44:02,BarData,124.496,0,-1.0,-1.0,194.54576699999998,0.0,❌ 震荡 (Gap 9.9 < 10),124.496,124.619,9.9,0
1766137442.6812708,2025-12-19 09:44:02,2025-12-19 17:44:02,PnlRecord,124.496,0,0,0,194.54576699999998,-0.008032451102378118,空,124.496,124.619,9.9,0
1766137443.0973146,2025-12-19 09:44:03,2025-12-19 17:44:03,CloseSignal,124.496,1.0,-1.0,0,194.54576699999998,0.0,Strategy_TrendEnd,124.496,124.619,9.9,0
1766137501.3155735,2025-12-19 09:45:01,2025-12-19 17:45:01,BarData,124.554,0,0.0,0.0,194.518767,0.0,❌ 震荡 (Gap 5.0 < 10),124.554,124.617,5.0,0
1766137560.599711,2025-12-19 09:46:00,2025-12-19 17:46:00,BarData,124.57,0,0.0,0.0,194.518767,0.0,❌ 震荡 (Gap 3.6 < 10),124.570,124.615,3.6,0
1766137620.6370218,2025-12-19 09:47:00,2025-12-19 17:47:00,BarData,124.533,0,0.0,0.0,194.518767,0.0,❌ 震荡 (Gap 6.4 < 10),124.533,124.613,6.4,0
1766137680.6456666,2025-12-19 09:48:00,2025-12-19 17:48:00,BarData,124.525,0,0.0,0.0,194.518767,0.0,❌ 震荡 (Gap 6.8 < 10),124.525,124.610,6.8,0
1766137740.5558643,2025-12-19 09:49:00,2025-12-19 17:49:00,BarData,124.651,0,0.0,0.0,194.518767,0.0,❌ 震荡 (Gap 3.2 < 10),124.651,124.611,3.2,0
1766137800.4862864,2025-12-19 09:50:00,2025-12-19 17:50:00,BarData,124.687,0,0.0,0.0,194.518767,0.0,❌ 震荡 (Gap 5.9 < 10),124.687,124.614,5.9,0
1766137860.44514,2025-12-19 09:51:00,2025-12-19 17:51:00,BarData,124.778,0,0.0,0.0,194.518767,0.0,✅ 触发交易,124.778,124.619,12.7,1
1766137864.3240197,2025-12-19 09:51:04,2025-12-19 17:51:04,Strategy_Open,124.778,1.0,0,1.0,194.515767,0.0,Strategy_Signal,124.778,124.619,12.7,1
1766137920.5118713,2025-12-19 09:52:00,2025-12-19 17:52:00,BarData,124.935,0,1.0,1.0,194.55776699999998,0.0,✅ 触发交易,124.935,124.629,24.5,1
1766137980.6353252,2025-12-19 09:53:00,2025-12-19 17:53:00,BarData,124.863,0,1.0,1.0,194.570767,0.0,✅ 触发交易,124.863,124.637,18.1,1
1766138040.5157564,2025-12-19 09:54:00,2025-12-19 17:54:00,BarData,124.741,0,1.0,1.0,194.570767,0.0,❌ 震荡 (Gap 8.1 < 10),124.741,124.640,8.1,0
1766138041.3068433,2025-12-19 09:54:01,2025-12-19 17:54:01,PnlRecord,124.741,0,0,0,194.570767,-0.5208082944730039,多,124.741,124.640,8.1,0
1766138041.6106691,2025-12-19 09:54:01,2025-12-19 17:54:01,CloseSignal,124.741,1.0,1.0,0,194.570767,0.0,Strategy_TrendEnd,124.741,124.640,8.1,0
1766138100.3733096,2025-12-19 09:55:00,2025-12-19 17:55:00,BarData,124.663,0,0.0,0.0,194.450767,0.0,❌ 震荡 (Gap 1.8 < 10),124.663,124.641,1.8,0
1766138160.654878,2025-12-19 09:56:00,2025-12-19 17:56:00,BarData,124.615,0,0.0,0.0,194.450767,0.0,❌ 震荡 (Gap 2.0 < 10),124.615,124.640,2.0,0
1766138220.5819318,2025-12-19 09:57:00,2025-12-19 17:57:00,BarData,124.568,0,0.0,0.0,194.450767,0.0,❌ 震荡 (Gap 5.6 < 10),124.568,124.638,5.6,0
1766138280.3368495,2025-12-19 09:58:00,2025-12-19 17:58:00,BarData,124.587,0,0.0,0.0,194.450767,0.0,❌ 震荡 (Gap 4.0 < 10),124.587,124.636,4.0,0
1766138341.3492513,2025-12-19 09:59:01,2025-12-19 17:59:01,BarData,124.625,0,0.0,0.0,194.450767,0.0,❌ 震荡 (Gap 0.9 < 10),124.625,124.636,0.9,0
1766138400.4863675,2025-12-19 10:00:00,2025-12-19 18:00:00,BarData,124.665,0,0.0,0.0,194.450767,0.0,❌ 震荡 (Gap 2.3 < 10),124.665,124.637,2.3,0
1766138460.5803425,2025-12-19 10:01:00,2025-12-19 18:01:00,BarData,124.656,0,0.0,0.0,194.450767,0.0,❌ 震荡 (Gap 1.5 < 10),124.656,124.637,1.5,0
1766138522.8994715,2025-12-19 10:02:02,2025-12-19 18:02:02,BarData,124.756,0,0.0,0.0,194.450767,0.0,❌ 震荡 (Gap 9.2 < 10),124.756,124.641,9.2,0
1766138580.368289,2025-12-19 10:03:00,2025-12-19 18:03:00,BarData,124.789,0,0.0,0.0,194.450767,0.0,✅ 触发交易,124.789,124.646,11.4,1
1766138584.371433,2025-12-19 10:03:04,2025-12-19 18:03:04,Strategy_Open,124.789,1.0,0,1.0,194.455767,0.0,Strategy_Signal,124.789,124.646,11.4,1
1766138640.628331,2025-12-19 10:04:00,2025-12-19 18:04:00,BarData,124.809,0,1.0,1.0,194.456767,0.0,✅ 触发交易,124.809,124.652,12.6,1
1766138700.5805485,2025-12-19 10:05:00,2025-12-19 18:05:00,BarData,124.88,0,1.0,1.0,194.59576700000002,0.0,✅ 触发交易,124.880,124.659,17.7,1
1766138760.5838468,2025-12-19 10:06:00,2025-12-19 18:06:00,BarData,124.777,0,1.0,1.0,194.51276700000003,0.0,❌ 震荡 (Gap 9.1 < 10),124.777,124.663,9.1,0
1766138761.2843938,2025-12-19 10:06:01,2025-12-19 18:06:01,PnlRecord,124.777,0,0,0,194.51276700000003,-0.032056162396557876,多,124.777,124.663,9.1,0
1766138761.595794,2025-12-19 10:06:01,2025-12-19 18:06:01,CloseSignal,124.777,1.0,1.0,0,194.51276700000003,0.0,Strategy_TrendEnd,124.777,124.663,9.1,0
1766138822.1826327,2025-12-19 10:07:02,2025-12-19 18:07:02,BarData,124.847,0,0.0,0.0,194.450767,0.0,✅ 触发交易,124.847,124.669,14.3,1
1766138826.0809584,2025-12-19 10:07:06,2025-12-19 18:07:06,Strategy_Open,124.847,1.0,0,1.0,194.444767,0.0,Strategy_Signal,124.847,124.669,14.3,1
1766138861.8256598,2025-12-19 10:07:41,2025-12-19 18:07:41,SL,124.662,1.0,1.0,0.0,194.306767,0.0,🛡️ 止损 (-1.15%),124.847,124.669,14.3,1
1766138861.8259714,2025-12-19 10:07:41,2025-12-19 18:07:41,PnlRecord,124.662,0,0,0,194.334767,-1.1537906831401636,多,124.847,124.669,14.3,1
1766138880.3562534,2025-12-19 10:08:00,2025-12-19 18:08:00,BarData,124.579,0,0.0,0.0,194.306767,0.0,❌ 震荡 (Gap 7.0 < 10),124.579,124.666,7.0,0
1766138940.4087868,2025-12-19 10:09:00,2025-12-19 18:09:00,BarData,124.62,0,0.0,0.0,194.306767,0.0,❌ 震荡 (Gap 3.6 < 10),124.620,124.664,3.6,0
1766139000.9088845,2025-12-19 10:10:00,2025-12-19 18:10:00,BarData,124.624,0,0.0,0.0,194.306767,0.0,❌ 震荡 (Gap 3.1 < 10),124.624,124.663,3.1,0
1766139060.4978232,2025-12-19 10:11:00,2025-12-19 18:11:00,BarData,124.622,0,0.0,0.0,194.306767,0.0,❌ 震荡 (Gap 3.2 < 10),124.622,124.662,3.2,0
1766139120.5311682,2025-12-19 10:12:00,2025-12-19 18:12:00,BarData,124.749,0,0.0,0.0,194.306767,0.0,❌ 震荡 (Gap 6.8 < 10),124.749,124.665,6.8,0
1766139180.6215756,2025-12-19 10:13:00,2025-12-19 18:13:00,BarData,124.794,0,0.0,0.0,194.306767,0.0,✅ 触发交易,124.794,124.669,10.0,1
1766139184.4911418,2025-12-19 10:13:04,2025-12-19 18:13:04,Strategy_Open,124.794,1.0,0,1.0,194.306767,0.0,Strategy_Signal,124.794,124.669,10.0,1
1766139241.4956987,2025-12-19 10:14:01,2025-12-19 18:14:01,BarData,124.841,0,1.0,1.0,194.35676700000002,0.0,✅ 触发交易,124.841,124.675,13.3,1
1766139302.248158,2025-12-19 10:15:02,2025-12-19 18:15:02,BarData,124.811,0,1.0,1.0,194.366767,0.0,✅ 触发交易,124.811,124.679,10.6,1
1766139360.643632,2025-12-19 10:16:00,2025-12-19 18:16:00,BarData,124.882,0,1.0,1.0,194.366767,0.0,✅ 触发交易,124.882,124.686,15.7,1
1766139421.471293,2025-12-19 10:17:01,2025-12-19 18:17:01,BarData,124.925,0,1.0,1.0,194.450767,0.0,✅ 触发交易,124.925,124.693,18.5,1
1766139482.1500366,2025-12-19 10:18:02,2025-12-19 18:18:02,BarData,124.86,0,1.0,1.0,194.418767,0.0,✅ 触发交易,124.860,124.699,12.9,1
1766139540.246951,2025-12-19 10:19:00,2025-12-19 18:19:00,BarData,124.781,0,1.0,1.0,194.286767,0.0,❌ 震荡 (Gap 6.4 < 10),124.781,124.702,6.4,0
1766139540.920838,2025-12-19 10:19:00,2025-12-19 18:19:00,PnlRecord,124.781,0,0,0,194.286767,-0.07212116355477474,多,124.781,124.702,6.4,0
1766139541.2347996,2025-12-19 10:19:01,2025-12-19 18:19:01,CloseSignal,124.781,1.0,1.0,0,194.286767,0.0,Strategy_TrendEnd,124.781,124.702,6.4,0
1766139600.3685522,2025-12-19 10:20:00,2025-12-19 18:20:00,BarData,124.776,0,0.0,0.0,194.293767,0.0,❌ 震荡 (Gap 5.8 < 10),124.776,124.704,5.8,0
1766139660.420158,2025-12-19 10:21:00,2025-12-19 18:21:00,BarData,124.72,0,0.0,0.0,194.293767,0.0,❌ 震荡 (Gap 1.2 < 10),124.720,124.705,1.2,0
1766139720.7400784,2025-12-19 10:22:00,2025-12-19 18:22:00,BarData,124.697,0,0.0,0.0,194.293767,0.0,❌ 震荡 (Gap 0.6 < 10),124.697,124.704,0.6,0
1766139780.3985782,2025-12-19 10:23:00,2025-12-19 18:23:00,BarData,124.685,0,0.0,0.0,194.293767,0.0,❌ 震荡 (Gap 1.5 < 10),124.685,124.704,1.5,0
1766139840.3063328,2025-12-19 10:24:00,2025-12-19 18:24:00,BarData,124.655,0,0.0,0.0,194.293767,0.0,❌ 震荡 (Gap 3.8 < 10),124.655,124.702,3.8,0
1766139900.6888325,2025-12-19 10:25:00,2025-12-19 18:25:00,BarData,124.684,0,0.0,0.0,194.293767,0.0,❌ 震荡 (Gap 1.4 < 10),124.684,124.702,1.4,0
1766139960.3882048,2025-12-19 10:26:00,2025-12-19 18:26:00,BarData,124.724,0,0.0,0.0,194.293767,0.0,❌ 震荡 (Gap 1.7 < 10),124.724,124.702,1.7,0
1766140020.2409542,2025-12-19 10:27:00,2025-12-19 18:27:00,BarData,124.609,0,0.0,0.0,194.293767,0.0,❌ 震荡 (Gap 7.2 < 10),124.609,124.699,7.2,0
1766140080.45657,2025-12-19 10:28:00,2025-12-19 18:28:00,BarData,124.616,0,0.0,0.0,194.293767,0.0,❌ 震荡 (Gap 6.5 < 10),124.616,124.696,6.5,0
1766140140.67172,2025-12-19 10:29:00,2025-12-19 18:29:00,BarData,124.5,0,0.0,0.0,194.293767,0.0,✅ 触发交易,124.500,124.690,15.3,-1
1766140145.1323302,2025-12-19 10:29:05,2025-12-19 18:29:05,Strategy_Open,124.5,1.0,0,-1.0,194.287767,0.0,Strategy_Signal,124.500,124.690,15.3,-1
1766140200.376956,2025-12-19 10:30:00,2025-12-19 18:30:00,BarData,124.522,0,-1.0,-1.0,194.253767,0.0,✅ 触发交易,124.522,124.685,13.1,-1
1766140252.3250694,2025-12-19 10:30:52,2025-12-19 18:30:52,SL,124.619,1.0,-1.0,0.0,194.172767,0.0,🛡️ 止损 (-1.04%),124.522,124.685,13.1,-1
1766140252.3253772,2025-12-19 10:30:52,2025-12-19 18:30:52,PnlRecord,124.619,0,0,0,194.188767,-1.0362278094626467,空,124.522,124.685,13.1,-1
1766140260.3634565,2025-12-19 10:31:00,2025-12-19 18:31:00,BarData,124.641,0,0.0,0.0,194.172767,0.0,❌ 震荡 (Gap 3.4 < 10),124.641,124.683,3.4,0
1766140320.9180582,2025-12-19 10:32:00,2025-12-19 18:32:00,BarData,124.633,0,0.0,0.0,194.172767,0.0,❌ 震荡 (Gap 3.9 < 10),124.633,124.681,3.9,0
1766140380.2149978,2025-12-19 10:33:00,2025-12-19 18:33:00,BarData,124.646,0,0.0,0.0,194.172767,0.0,❌ 震荡 (Gap 2.8 < 10),124.646,124.680,2.8,0
1766140440.2135413,2025-12-19 10:34:00,2025-12-19 18:34:00,BarData,124.597,0,0.0,0.0,194.172767,0.0,❌ 震荡 (Gap 6.5 < 10),124.597,124.678,6.5,0
1766140500.5522096,2025-12-19 10:35:00,2025-12-19 18:35:00,BarData,124.501,0,0.0,0.0,194.172767,0.0,✅ 触发交易,124.501,124.672,13.7,-1
1766140504.4421673,2025-12-19 10:35:04,2025-12-19 18:35:04,Strategy_Open,124.501,1.0,0,-1.0,194.15876699999998,0.0,Strategy_Signal,124.501,124.672,13.7,-1
1766140560.488793,2025-12-19 10:36:00,2025-12-19 18:36:00,BarData,124.53,0,-1.0,-1.0,194.139767,0.0,✅ 触发交易,124.530,124.667,11.0,-1
1766140620.15117,2025-12-19 10:37:00,2025-12-19 18:37:00,BarData,124.561,0,-1.0,-1.0,194.109767,0.0,❌ 震荡 (Gap 8.2 < 10),124.561,124.664,8.2,0
1766140620.8460486,2025-12-19 10:37:00,2025-12-19 18:37:00,PnlRecord,124.561,0,0,0,194.109767,-0.385501915462657,空,124.561,124.664,8.2,0
1766140621.1327078,2025-12-19 10:37:01,2025-12-19 18:37:01,CloseSignal,124.561,1.0,-1.0,0,194.109767,0.0,Strategy_TrendEnd,124.561,124.664,8.2,0
1766140680.3093414,2025-12-19 10:38:00,2025-12-19 18:38:00,BarData,124.573,0,0.0,0.0,194.133767,0.0,❌ 震荡 (Gap 7.0 < 10),124.573,124.661,7.0,0
1766140740.3468878,2025-12-19 10:39:00,2025-12-19 18:39:00,BarData,124.548,0,0.0,0.0,194.133767,0.0,❌ 震荡 (Gap 8.8 < 10),124.548,124.657,8.8,0
1766140800.2758467,2025-12-19 10:40:00,2025-12-19 18:40:00,BarData,124.535,0,0.0,0.0,194.133767,0.0,❌ 震荡 (Gap 9.5 < 10),124.535,124.653,9.5,0
1766140860.7437983,2025-12-19 10:41:00,2025-12-19 18:41:00,BarData,124.531,0,0.0,0.0,194.133767,0.0,❌ 震荡 (Gap 9.5 < 10),124.531,124.649,9.5,0
1766140920.3696954,2025-12-19 10:42:00,2025-12-19 18:42:00,BarData,124.674,0,0.0,0.0,194.133767,0.0,❌ 震荡 (Gap 1.9 < 10),124.674,124.650,1.9,0
1766140980.7446623,2025-12-19 10:43:00,2025-12-19 18:43:00,BarData,124.653,0,0.0,0.0,194.133767,0.0,❌ 震荡 (Gap 0.2 < 10),124.653,124.650,0.2,0
1766141041.5685751,2025-12-19 10:44:01,2025-12-19 18:44:01,BarData,124.56,0,0.0,0.0,194.133767,0.0,❌ 震荡 (Gap 7.0 < 10),124.560,124.647,7.0,0
1766141100.6537318,2025-12-19 10:45:00,2025-12-19 18:45:00,BarData,124.601,0,0.0,0.0,194.133767,0.0,❌ 震荡 (Gap 3.6 < 10),124.601,124.645,3.6,0
1766141160.228835,2025-12-19 10:46:00,2025-12-19 18:46:00,BarData,124.693,0,0.0,0.0,194.133767,0.0,❌ 震荡 (Gap 3.7 < 10),124.693,124.647,3.7,0
1766141222.3508759,2025-12-19 10:47:02,2025-12-19 18:47:02,BarData,124.727,0,0.0,0.0,194.133767,0.0,❌ 震荡 (Gap 6.2 < 10),124.727,124.650,6.2,0
1766141280.2706091,2025-12-19 10:48:00,2025-12-19 18:48:00,BarData,124.788,0,0.0,0.0,194.133767,0.0,✅ 触发交易,124.788,124.654,10.7,1
1766141284.14496,2025-12-19 10:48:04,2025-12-19 18:48:04,Strategy_Open,124.788,1.0,0,1.0,194.136767,0.0,Strategy_Signal,124.788,124.654,10.7,1
1766141340.0814836,2025-12-19 10:49:00,2025-12-19 18:49:00,BarData,124.678,0,1.0,1.0,194.11776700000001,0.0,❌ 震荡 (Gap 1.8 < 10),124.678,124.655,1.8,0
1766141340.7580845,2025-12-19 10:49:00,2025-12-19 18:49:00,PnlRecord,124.678,0,0,0,194.11776700000001,-0.6572619429304892,多,124.678,124.655,1.8,0
1766141341.046122,2025-12-19 10:49:01,2025-12-19 18:49:01,CloseSignal,124.678,1.0,1.0,0,194.11776700000001,0.0,Strategy_TrendEnd,124.678,124.655,1.8,0
1766141400.7867997,2025-12-19 10:50:00,2025-12-19 18:50:00,BarData,124.674,0,0.0,0.0,194.076767,0.0,❌ 震荡 (Gap 1.5 < 10),124.674,124.656,1.5,0
1766141460.3756888,2025-12-19 10:51:00,2025-12-19 18:51:00,BarData,124.682,0,0.0,0.0,194.076767,0.0,❌ 震荡 (Gap 2.0 < 10),124.682,124.656,2.0,0
1766141521.6491284,2025-12-19 10:52:01,2025-12-19 18:52:01,BarData,124.69,0,0.0,0.0,194.076767,0.0,❌ 震荡 (Gap 2.6 < 10),124.690,124.658,2.6,0
1766141581.5936313,2025-12-19 10:53:01,2025-12-19 18:53:01,BarData,124.631,0,0.0,0.0,194.076767,0.0,❌ 震荡 (Gap 2.1 < 10),124.631,124.657,2.1,0
1766141640.373846,2025-12-19 10:54:00,2025-12-19 18:54:00,BarData,124.673,0,0.0,0.0,194.076767,0.0,❌ 震荡 (Gap 1.3 < 10),124.673,124.657,1.3,0
1766141700.5691085,2025-12-19 10:55:00,2025-12-19 18:55:00,BarData,124.701,0,0.0,0.0,194.076767,0.0,❌ 震荡 (Gap 3.4 < 10),124.701,124.659,3.4,0
1766141760.7844765,2025-12-19 10:56:00,2025-12-19 18:56:00,BarData,124.759,0,0.0,0.0,194.076767,0.0,❌ 震荡 (Gap 7.8 < 10),124.759,124.662,7.8,0
1766141820.3896656,2025-12-19 10:57:00,2025-12-19 18:57:00,BarData,124.719,0,0.0,0.0,194.076767,0.0,❌ 震荡 (Gap 4.4 < 10),124.719,124.664,4.4,0
1766141880.1197135,2025-12-19 10:58:00,2025-12-19 18:58:00,BarData,124.731,0,0.0,0.0,194.076767,0.0,❌ 震荡 (Gap 5.2 < 10),124.731,124.666,5.2,0
1766141940.5105982,2025-12-19 10:59:00,2025-12-19 18:59:00,BarData,124.703,0,0.0,0.0,194.076767,0.0,❌ 震荡 (Gap 2.9 < 10),124.703,124.667,2.9,0
1766142000.1639552,2025-12-19 11:00:00,2025-12-19 19:00:00,BarData,124.689,0,0.0,0.0,194.076767,0.0,❌ 震荡 (Gap 1.7 < 10),124.689,124.668,1.7,0
1766142062.2130477,2025-12-19 11:01:02,2025-12-19 19:01:02,BarData,124.662,0,0.0,0.0,194.076767,0.0,❌ 震荡 (Gap 0.5 < 10),124.662,124.668,0.5,0
1766142120.9101639,2025-12-19 11:02:00,2025-12-19 19:02:00,BarData,124.673,0,0.0,0.0,194.076767,0.0,❌ 震荡 (Gap 0.4 < 10),124.673,124.668,0.4,0
1766142180.2083218,2025-12-19 11:03:00,2025-12-19 19:03:00,BarData,124.875,0,0.0,0.0,194.076767,0.0,✅ 触发交易,124.875,124.675,16.0,1
1766142184.2170677,2025-12-19 11:03:04,2025-12-19 19:03:04,Strategy_Open,124.875,1.0,0,1.0,194.129767,0.0,Strategy_Signal,124.875,124.675,16.0,1
1766142233.6461923,2025-12-19 11:03:53,2025-12-19 19:03:53,SL,124.722,1.0,1.0,0.0,193.916767,0.0,🛡️ 止损 (-1.16%),124.875,124.675,16.0,1
1766142233.6465256,2025-12-19 11:03:53,2025-12-19 19:03:53,PnlRecord,124.722,0,0,0,193.97276699999998,-1.1612355546302082,多,124.875,124.675,16.0,1
1766142240.3583076,2025-12-19 11:04:00,2025-12-19 19:04:00,BarData,124.725,0,0.0,0.0,193.916767,0.0,❌ 震荡 (Gap 3.9 < 10),124.725,124.676,3.9,0
1766142300.124933,2025-12-19 11:05:00,2025-12-19 19:05:00,BarData,124.845,0,0.0,0.0,193.916767,0.0,✅ 触发交易,124.845,124.682,13.1,1
1766142303.9781632,2025-12-19 11:05:03,2025-12-19 19:05:03,Strategy_Open,124.845,1.0,0,1.0,193.930095,0.0,Strategy_Signal,124.845,124.682,13.1,1
1766142360.8412693,2025-12-19 11:06:00,2025-12-19 19:06:00,BarData,124.769,0,1.0,1.0,193.863095,0.0,❌ 震荡 (Gap 6.8 < 10),124.769,124.685,6.8,0
1766142361.5181253,2025-12-19 11:06:01,2025-12-19 19:06:01,PnlRecord,124.769,0,0,0,193.863095,-0.3044701018372103,多,124.769,124.685,6.8,0
1766142361.8504233,2025-12-19 11:06:01,2025-12-19 19:06:01,CloseSignal,124.769,1.0,1.0,0,193.863095,0.0,Strategy_TrendEnd,124.769,124.685,6.8,0
1766142420.5653002,2025-12-19 11:07:00,2025-12-19 19:07:00,BarData,124.875,0,0.0,0.0,193.879095,0.0,✅ 触发交易,124.875,124.691,14.7,1
1766142424.5142205,2025-12-19 11:07:04,2025-12-19 19:07:04,Strategy_Open,124.875,1.0,0,1.0,193.89309500000002,0.0,Strategy_Signal,124.875,124.691,14.7,1
1766142480.4238124,2025-12-19 11:08:00,2025-12-19 19:08:00,BarData,124.826,0,1.0,1.0,193.84009500000002,0.0,✅ 触发交易,124.826,124.695,10.5,1
1766142540.3838882,2025-12-19 11:09:00,2025-12-19 19:09:00,BarData,124.858,0,1.0,1.0,193.853095,0.0,✅ 触发交易,124.858,124.701,12.6,1
1766142595.791547,2025-12-19 11:09:55,2025-12-19 19:09:55,SL,124.742,1.0,1.0,0.0,193.739095,0.0,🛡️ 止损 (-1.07%),124.858,124.701,12.6,1
1766142595.7918906,2025-12-19 11:09:55,2025-12-19 19:09:55,PnlRecord,124.742,0,0,0,193.853095,-1.0730644799641271,多,124.858,124.701,12.6,1
1766142600.324822,2025-12-19 11:10:00,2025-12-19 19:10:00,BarData,124.774,0,0.0,0.0,193.739095,0.0,❌ 震荡 (Gap 5.7 < 10),124.774,124.703,5.7,0
1766142660.3934126,2025-12-19 11:11:00,2025-12-19 19:11:00,BarData,124.875,0,0.0,0.0,193.739095,0.0,✅ 触发交易,124.875,124.709,13.3,1
1766142664.2627652,2025-12-19 11:11:04,2025-12-19 19:11:04,Strategy_Open,124.875,1.0,0,1.0,193.73709499999998,0.0,Strategy_Signal,124.875,124.709,13.3,1
1766142720.5513978,2025-12-19 11:12:00,2025-12-19 19:12:00,BarData,125.024,0,1.0,1.0,193.88609499999998,0.0,✅ 触发交易,125.024,124.719,24.4,1
1766142780.6137347,2025-12-19 11:13:00,2025-12-19 19:13:00,BarData,125.058,0,1.0,1.0,193.919095,0.0,✅ 触发交易,125.058,124.730,26.2,1
1766142842.5026631,2025-12-19 11:14:02,2025-12-19 19:14:02,BarData,125.243,0,1.0,1.0,194.11209499999998,0.0,✅ 触发交易,125.243,124.747,39.6,1
1766142901.8305933,2025-12-19 11:15:01,2025-12-19 19:15:01,BarData,125.126,0,1.0,1.0,194.01609499999998,0.0,✅ 触发交易,125.126,124.759,29.3,1
1766142960.8231444,2025-12-19 11:16:00,2025-12-19 19:16:00,BarData,125.153,0,1.0,1.0,194.001095,0.0,✅ 触发交易,125.153,124.772,30.4,1
1766143020.246597,2025-12-19 11:17:00,2025-12-19 19:17:00,BarData,125.03,0,1.0,1.0,193.931095,0.0,✅ 触发交易,125.030,124.781,19.9,1
1766143080.5681412,2025-12-19 11:18:00,2025-12-19 19:18:00,BarData,125.057,0,1.0,1.0,193.91609499999998,0.0,✅ 触发交易,125.057,124.790,21.4,1
1766143141.6831195,2025-12-19 11:19:01,2025-12-19 19:19:01,BarData,125.118,0,1.0,1.0,193.988095,0.0,✅ 触发交易,125.118,124.801,25.4,1
1766143200.535365,2025-12-19 11:20:00,2025-12-19 19:20:00,BarData,125.09,0,1.0,1.0,193.954095,0.0,✅ 触发交易,125.090,124.810,22.4,1
1766143260.859423,2025-12-19 11:21:00,2025-12-19 19:21:00,BarData,125.24,0,1.0,1.0,193.988095,0.0,✅ 触发交易,125.240,124.824,33.2,1
1766143320.5666387,2025-12-19 11:22:00,2025-12-19 19:22:00,BarData,125.211,0,1.0,1.0,194.10609499999998,0.0,✅ 触发交易,125.211,124.837,29.9,1
1766143380.6540482,2025-12-19 11:23:00,2025-12-19 19:23:00,BarData,125.075,0,1.0,1.0,194.085095,0.0,✅ 触发交易,125.075,124.845,18.4,1
1766143442.3396285,2025-12-19 11:24:02,2025-12-19 19:24:02,BarData,125.013,0,1.0,1.0,193.884095,0.0,✅ 触发交易,125.013,124.850,13.0,1
1766143500.3879495,2025-12-19 11:25:00,2025-12-19 19:25:00,BarData,125.063,0,1.0,1.0,193.925095,0.0,✅ 触发交易,125.063,124.857,16.5,1
1766143561.67517,2025-12-19 11:26:01,2025-12-19 19:26:01,BarData,125.225,0,1.0,1.0,194.097095,0.0,✅ 触发交易,125.225,124.869,28.4,1
1766143620.2029905,2025-12-19 11:27:00,2025-12-19 19:27:00,BarData,125.209,0,1.0,1.0,194.036095,0.0,✅ 触发交易,125.209,124.880,26.2,1
1766143680.1429164,2025-12-19 11:28:00,2025-12-19 19:28:00,BarData,125.211,0,1.0,1.0,194.067095,0.0,✅ 触发交易,125.211,124.891,25.5,1
1766143742.3769062,2025-12-19 11:29:02,2025-12-19 19:29:02,BarData,125.293,0,1.0,1.0,194.067095,0.0,✅ 触发交易,125.293,124.904,31.0,1
1766143801.5639217,2025-12-19 11:30:01,2025-12-19 19:30:01,BarData,125.337,0,1.0,1.0,194.17809499999998,0.0,✅ 触发交易,125.337,124.919,33.4,1
1766143860.6178925,2025-12-19 11:31:00,2025-12-19 19:31:00,BarData,125.384,0,1.0,1.0,194.240095,0.0,✅ 触发交易,125.384,124.934,35.9,1
1766143893.6162388,2025-12-19 11:31:33,2025-12-19 19:31:33,TP,125.507,1.0,1.0,0.0,194.355095,0.0,🚀 止盈 (+5.09%),125.384,124.934,35.9,1
1766143893.6165376,2025-12-19 11:31:33,2025-12-19 19:31:33,PnlRecord,125.507,0,0,0,194.240095,5.093256240440214,多,125.384,124.934,35.9,1
1766143920.9726098,2025-12-19 11:32:00,2025-12-19 19:32:00,BarData,125.68,0,0.0,0.0,194.355095,0.0,✅ 触发交易,125.680,124.958,57.4,1
1766143924.863622,2025-12-19 11:32:04,2025-12-19 19:32:04,Strategy_Open,125.68,1.0,0,1.0,194.348095,0.0,Strategy_Signal,125.680,124.958,57.4,1
1766143957.8610077,2025-12-19 11:32:37,2025-12-19 19:32:37,SL,125.552,1.0,1.0,0.0,194.211095,0.0,🛡️ 止损 (-1.15%),125.680,124.958,57.4,1
1766143957.8613145,2025-12-19 11:32:37,2025-12-19 19:32:37,PnlRecord,125.552,0,0,0,194.242095,-1.1535677064686989,多,125.680,124.958,57.4,1
1766143980.2474508,2025-12-19 11:33:00,2025-12-19 19:33:00,BarData,125.511,0,0.0,0.0,194.211095,0.0,✅ 触发交易,125.511,124.976,42.6,1
1766143984.1312034,2025-12-19 11:33:04,2025-12-19 19:33:04,Strategy_Open,125.511,1.0,0,1.0,194.190095,0.0,Strategy_Signal,125.511,124.976,42.6,1
1766144024.1384807,2025-12-19 11:33:44,2025-12-19 19:33:44,SL,125.356,1.0,1.0,0.0,194.083095,0.0,🛡️ 止损 (-1.02%),125.511,124.976,42.6,1
1766144024.1387768,2025-12-19 11:33:44,2025-12-19 19:33:44,PnlRecord,125.356,0,0,0,194.155095,-1.0200503649867723,多,125.511,124.976,42.6,1
1766144040.6321864,2025-12-19 11:34:00,2025-12-19 19:34:00,BarData,125.349,0,0.0,0.0,194.083095,0.0,✅ 触发交易,125.349,124.989,28.7,1
1766144044.5029833,2025-12-19 11:34:04,2025-12-19 19:34:04,Strategy_Open,125.349,1.0,0,1.0,194.20109499999998,0.0,Strategy_Signal,125.349,124.989,28.7,1
1766144100.554921,2025-12-19 11:35:00,2025-12-19 19:35:00,BarData,125.672,0,1.0,1.0,194.27709499999997,0.0,✅ 触发交易,125.672,125.011,52.6,1
1766144162.5338845,2025-12-19 11:36:02,2025-12-19 19:36:02,BarData,125.341,0,1.0,1.0,194.05909499999999,0.0,✅ 触发交易,125.341,125.022,25.5,1
1766144199.3450432,2025-12-19 11:36:39,2025-12-19 19:36:39,SL,125.219,1.0,1.0,0.0,193.945095,0.0,🛡️ 止损 (-1.16%),125.341,125.022,25.5,1
1766144199.3453352,2025-12-19 11:36:39,2025-12-19 19:36:39,PnlRecord,125.219,0,0,0,194.01009499999998,-1.1645993698400734,多,125.341,125.022,25.5,1
1766144220.4646204,2025-12-19 11:37:00,2025-12-19 19:37:00,BarData,125.059,0,0.0,0.0,193.945095,0.0,❌ 震荡 (Gap 2.9 < 10),125.059,125.023,2.9,0
1766144280.2070656,2025-12-19 11:38:00,2025-12-19 19:38:00,BarData,125.205,0,0.0,0.0,193.945095,0.0,✅ 触发交易,125.205,125.029,14.1,1
1766144284.1036265,2025-12-19 11:38:04,2025-12-19 19:38:04,Strategy_Open,125.205,1.0,0,1.0,193.940095,0.0,Strategy_Signal,125.205,125.029,14.1,1
1766144340.940173,2025-12-19 11:39:00,2025-12-19 19:39:00,BarData,125.165,0,1.0,1.0,193.91209500000002,0.0,✅ 触发交易,125.165,125.034,10.5,1
1766144400.1677213,2025-12-19 11:40:00,2025-12-19 19:40:00,BarData,125.169,0,1.0,1.0,193.921095,0.0,✅ 触发交易,125.169,125.038,10.5,1
1766144460.377086,2025-12-19 11:41:00,2025-12-19 19:41:00,BarData,125.261,0,1.0,1.0,194.005095,0.0,✅ 触发交易,125.261,125.045,17.2,1
1766144520.198391,2025-12-19 11:42:00,2025-12-19 19:42:00,BarData,125.348,0,1.0,1.0,194.106095,0.0,✅ 触发交易,125.348,125.055,23.4,1
1766144581.683305,2025-12-19 11:43:01,2025-12-19 19:43:01,BarData,125.325,0,1.0,1.0,194.09609500000002,0.0,✅ 触发交易,125.325,125.064,20.8,1
1766144640.6262317,2025-12-19 11:44:00,2025-12-19 19:44:00,BarData,125.474,0,1.0,1.0,194.18609500000002,0.0,✅ 触发交易,125.474,125.077,31.6,1
1766144700.769921,2025-12-19 11:45:00,2025-12-19 19:45:00,BarData,125.417,0,1.0,1.0,194.17409500000002,0.0,✅ 触发交易,125.417,125.089,26.2,1
1766144760.5488079,2025-12-19 11:46:00,2025-12-19 19:46:00,BarData,125.384,0,1.0,1.0,194.153095,0.0,✅ 触发交易,125.384,125.098,22.8,1
1766144820.1389804,2025-12-19 11:47:00,2025-12-19 19:47:00,BarData,125.375,0,1.0,1.0,194.164095,0.0,✅ 触发交易,125.375,125.107,21.3,1
1766144882.5858727,2025-12-19 11:48:02,2025-12-19 19:48:02,BarData,125.304,0,1.0,1.0,194.088095,0.0,✅ 触发交易,125.304,125.114,15.2,1
1766144940.2913988,2025-12-19 11:49:00,2025-12-19 19:49:00,BarData,125.396,0,1.0,1.0,194.059095,0.0,✅ 触发交易,125.396,125.123,21.8,1
1766145000.780237,2025-12-19 11:50:00,2025-12-19 19:50:00,BarData,125.334,0,1.0,1.0,194.103095,0.0,✅ 触发交易,125.334,125.130,16.3,1
1766145060.6006055,2025-12-19 11:51:00,2025-12-19 19:51:00,BarData,125.308,0,1.0,1.0,194.116095,0.0,✅ 触发交易,125.308,125.136,13.7,1
1766145120.3476353,2025-12-19 11:52:00,2025-12-19 19:52:00,BarData,125.324,0,1.0,1.0,194.077095,0.0,✅ 触发交易,125.324,125.142,14.5,1
1766145181.7112806,2025-12-19 11:53:01,2025-12-19 19:53:01,BarData,125.324,0,1.0,1.0,194.076095,0.0,✅ 触发交易,125.324,125.148,14.0,1
1766145240.5138888,2025-12-19 11:54:00,2025-12-19 19:54:00,BarData,125.321,0,1.0,1.0,194.10809500000002,0.0,✅ 触发交易,125.321,125.154,13.4,1
1766145300.4171624,2025-12-19 11:55:00,2025-12-19 19:55:00,BarData,125.306,0,1.0,1.0,194.12609500000002,0.0,✅ 触发交易,125.306,125.159,11.8,1
1766145360.2849758,2025-12-19 11:56:00,2025-12-19 19:56:00,BarData,125.279,0,1.0,1.0,194.06009500000002,0.0,❌ 震荡 (Gap 9.3 < 10),125.279,125.163,9.3,0
1766145360.96426,2025-12-19 11:56:00,2025-12-19 19:56:00,PnlRecord,125.279,0,0,0,194.06009500000002,0.7189130035386769,多,125.279,125.163,9.3,0
1766145361.2537816,2025-12-19 11:56:01,2025-12-19 19:56:01,CloseSignal,125.279,1.0,1.0,0,194.06009500000002,0.0,Strategy_TrendEnd,125.279,125.163,9.3,0
1766145420.831171,2025-12-19 11:57:00,2025-12-19 19:57:00,BarData,125.331,0,0.0,0.0,194.033095,0.0,✅ 触发交易,125.331,125.168,13.0,1
1766145424.687308,2025-12-19 11:57:04,2025-12-19 19:57:04,Strategy_Open,125.331,1.0,0,1.0,194.032095,0.0,Strategy_Signal,125.331,125.168,13.0,1
1766145480.6561,2025-12-19 11:58:00,2025-12-19 19:58:00,BarData,125.358,0,1.0,1.0,194.035095,0.0,✅ 触发交易,125.358,125.174,14.7,1
1766145540.5194185,2025-12-19 11:59:00,2025-12-19 19:59:00,BarData,125.259,0,1.0,1.0,193.97609500000002,0.0,❌ 震荡 (Gap 6.5 < 10),125.259,125.177,6.5,0
1766145541.2068775,2025-12-19 11:59:01,2025-12-19 19:59:01,PnlRecord,125.259,0,0,0,193.97609500000002,-0.6223222192967994,多,125.259,125.177,6.5,0
1766145541.490942,2025-12-19 11:59:01,2025-12-19 19:59:01,CloseSignal,125.259,1.0,1.0,0,193.97609500000002,0.0,Strategy_TrendEnd,125.259,125.177,6.5,0
1766145600.312889,2025-12-19 12:00:00,2025-12-19 20:00:00,BarData,125.295,0,0.0,0.0,193.948095,0.0,❌ 震荡 (Gap 9.1 < 10),125.295,125.181,9.1,0
1766145660.242905,2025-12-19 12:01:00,2025-12-19 20:01:00,BarData,125.253,0,0.0,0.0,193.948095,0.0,❌ 震荡 (Gap 5.6 < 10),125.253,125.183,5.6,0
1766145720.2318408,2025-12-19 12:02:00,2025-12-19 20:02:00,BarData,124.977,0,0.0,0.0,193.948095,0.0,❌ 快线向上,124.977,125.177,16.0,0
1766145782.7576516,2025-12-19 12:03:02,2025-12-19 20:03:02,BarData,125.191,0,0.0,0.0,193.948095,0.0,❌ 震荡 (Gap 1.1 < 10),125.191,125.177,1.1,0
1766145840.6118312,2025-12-19 12:04:00,2025-12-19 20:04:00,BarData,125.108,0,0.0,0.0,193.948095,0.0,❌ 震荡 (Gap 5.3 < 10),125.108,125.175,5.3,0
1766145900.5779822,2025-12-19 12:05:00,2025-12-19 20:05:00,BarData,124.987,0,0.0,0.0,193.948095,0.0,❌ 快线向上,124.987,125.169,14.5,0
1766145960.586265,2025-12-19 12:06:00,2025-12-19 20:06:00,BarData,124.964,0,0.0,0.0,193.948095,0.0,❌ 快线向上,124.964,125.162,15.8,0
1766146020.645277,2025-12-19 12:07:00,2025-12-19 20:07:00,BarData,124.945,0,0.0,0.0,193.948095,0.0,❌ 快线向上,124.945,125.155,16.8,0
1766146080.656306,2025-12-19 12:08:00,2025-12-19 20:08:00,BarData,124.952,0,0.0,0.0,193.948095,0.0,❌ 快线向上,124.952,125.148,15.7,0
1766146140.767757,2025-12-19 12:09:00,2025-12-19 20:09:00,BarData,125.108,0,0.0,0.0,193.948095,0.0,❌ 震荡 (Gap 3.1 < 10),125.108,125.147,3.1,0
1766146201.1028423,2025-12-19 12:10:01,2025-12-19 20:10:01,BarData,125.069,0,0.0,0.0,193.948095,0.0,❌ 震荡 (Gap 6.0 < 10),125.069,125.144,6.0,0
1766146260.9694118,2025-12-19 12:11:00,2025-12-19 20:11:00,BarData,125.31,0,0.0,0.0,193.948095,0.0,✅ 触发交易,125.310,125.150,12.8,1
1766146264.8334248,2025-12-19 12:11:04,2025-12-19 20:11:04,Strategy_Open,125.31,1.0,0,1.0,193.956095,0.0,Strategy_Signal,125.310,125.150,12.8,1
1766146320.1817994,2025-12-19 12:12:00,2025-12-19 20:12:00,BarData,125.736,0,1.0,1.0,194.38609499999998,0.0,✅ 触发交易,125.736,125.169,45.1,1
1766146380.1504335,2025-12-19 12:13:00,2025-12-19 20:13:00,BarData,125.518,0,1.0,1.0,194.185095,0.0,✅ 触发交易,125.518,125.180,26.9,1
1766146440.2569335,2025-12-19 12:14:00,2025-12-19 20:14:00,BarData,125.349,0,1.0,1.0,194.104095,0.0,✅ 触发交易,125.349,125.186,13.0,1
1766146500.570998,2025-12-19 12:15:00,2025-12-19 20:15:00,BarData,125.525,0,1.0,1.0,194.193095,0.0,✅ 触发交易,125.525,125.197,26.1,1
1766146560.8956113,2025-12-19 12:16:00,2025-12-19 20:16:00,BarData,125.652,0,1.0,1.0,194.293095,0.0,✅ 触发交易,125.652,125.212,35.0,1
1766146620.3531916,2025-12-19 12:17:00,2025-12-19 20:17:00,BarData,125.74,0,1.0,1.0,194.311095,0.0,✅ 触发交易,125.740,125.229,40.6,1
1766146680.1359882,2025-12-19 12:18:00,2025-12-19 20:18:00,BarData,125.552,0,1.0,1.0,194.19009499999999,0.0,✅ 触发交易,125.552,125.240,24.9,1
1766146740.2008674,2025-12-19 12:19:00,2025-12-19 20:19:00,BarData,125.401,0,1.0,1.0,194.056095,0.0,✅ 触发交易,125.401,125.245,12.4,1
1766146800.5100808,2025-12-19 12:20:00,2025-12-19 20:20:00,BarData,125.813,0,1.0,1.0,194.35009499999998,0.0,✅ 触发交易,125.813,125.264,43.7,1
1766146862.6002314,2025-12-19 12:21:02,2025-12-19 20:21:02,BarData,125.77,0,1.0,1.0,194.418095,0.0,✅ 触发交易,125.770,125.280,38.9,1
1766146920.1121907,2025-12-19 12:22:00,2025-12-19 20:22:00,BarData,125.795,0,1.0,1.0,194.445095,0.0,✅ 触发交易,125.795,125.297,39.6,1
1766146959.9155896,2025-12-19 12:22:39,2025-12-19 20:22:39,TP,125.955,1.0,1.0,0.0,194.600095,0.0,🚀 止盈 (+5.16%),125.795,125.297,39.6,1
1766146959.9159174,2025-12-19 12:22:39,2025-12-19 20:22:39,PnlRecord,125.955,0,0,0,194.486095,5.163277683787079,多,125.795,125.297,39.6,1
1766146980.5116894,2025-12-19 12:23:00,2025-12-19 20:23:00,BarData,126.035,0,0.0,0.0,194.600095,0.0,✅ 触发交易,126.035,125.321,56.6,1
1766146984.4066484,2025-12-19 12:23:04,2025-12-19 20:23:04,Strategy_Open,126.035,1.0,0,1.0,194.604095,0.0,Strategy_Signal,126.035,125.321,56.6,1
1766147006.4100397,2025-12-19 12:23:26,2025-12-19 20:23:26,SL,125.908,1.0,1.0,0.0,194.463095,0.0,🛡️ 止损 (-1.01%),126.035,125.321,56.6,1
1766147006.410356,2025-12-19 12:23:26,2025-12-19 20:23:26,PnlRecord,125.908,0,0,0,194.480095,-1.0076566033244365,多,126.035,125.321,56.6,1
1766147040.165028,2025-12-19 12:24:00,2025-12-19 20:24:00,BarData,125.972,0,0.0,0.0,194.463095,0.0,✅ 触发交易,125.972,125.343,50.0,1
1766147044.2092807,2025-12-19 12:24:04,2025-12-19 20:24:04,Strategy_Open,125.972,1.0,0,1.0,194.493095,0.0,Strategy_Signal,125.972,125.343,50.0,1
1766147100.341595,2025-12-19 12:25:00,2025-12-19 20:25:00,BarData,125.966,0,1.0,1.0,194.56609500000002,0.0,✅ 触发交易,125.966,125.363,47.9,1
1766147162.6758513,2025-12-19 12:26:02,2025-12-19 20:26:02,BarData,125.89,0,1.0,1.0,194.44109500000002,0.0,✅ 触发交易,125.890,125.380,40.5,1
1766147190.4368649,2025-12-19 12:26:30,2025-12-19 20:26:30,SL,125.85,1.0,1.0,0.0,194.328095,0.0,🛡️ 止损 (-1.02%),125.890,125.380,40.5,1
1766147190.4372447,2025-12-19 12:26:30,2025-12-19 20:26:30,PnlRecord,125.85,0,0,0,194.359095,-1.0239801871740914,多,125.890,125.380,40.5,1
1766147220.1229634,2025-12-19 12:27:00,2025-12-19 20:27:00,BarData,125.872,0,0.0,0.0,194.328095,0.0,✅ 触发交易,125.872,125.397,37.8,1
1766147223.6946814,2025-12-19 12:27:03,2025-12-19 20:27:03,Strategy_Open,125.872,1.0,0,1.0,194.333095,0.0,Strategy_Signal,125.872,125.397,37.8,1
1766147282.112611,2025-12-19 12:28:02,2025-12-19 20:28:02,BarData,125.821,0,1.0,1.0,194.32009499999998,0.0,✅ 触发交易,125.821,125.410,32.6,1
1766147342.7562947,2025-12-19 12:29:02,2025-12-19 20:29:02,BarData,125.81,0,1.0,1.0,194.271095,0.0,✅ 触发交易,125.810,125.424,30.7,1
1766147355.433027,2025-12-19 12:29:15,2025-12-19 20:29:15,SL,125.74,1.0,1.0,0.0,194.171095,0.0,🛡️ 止损 (-1.05%),125.810,125.424,30.7,1
1766147355.4333286,2025-12-19 12:29:15,2025-12-19 20:29:15,PnlRecord,125.74,0,0,0,194.271095,-1.0486843777806423,多,125.810,125.424,30.7,1
1766147400.509952,2025-12-19 12:30:00,2025-12-19 20:30:00,BarData,125.712,0,0.0,0.0,194.171095,0.0,✅ 触发交易,125.712,125.433,22.2,1
1766147404.4659765,2025-12-19 12:30:04,2025-12-19 20:30:04,Strategy_Open,125.712,1.0,0,1.0,194.201459,0.0,Strategy_Signal,125.712,125.433,22.2,1
1766147454.6123714,2025-12-19 12:30:54,2025-12-19 20:30:54,SL,125.57,1.0,1.0,0.0,194.049459,0.0,🛡️ 止损 (-1.15%),125.712,125.433,22.2,1
1766147454.612715,2025-12-19 12:30:54,2025-12-19 20:30:54,PnlRecord,125.57,0,0,0,194.069459,-1.1454571487662908,多,125.712,125.433,22.2,1
1766147460.6300778,2025-12-19 12:31:00,2025-12-19 20:31:00,BarData,125.559,0,0.0,0.0,194.049459,0.0,❌ 震荡 (Gap 9.7 < 10),125.559,125.437,9.7,0
1766147520.2779806,2025-12-19 12:32:00,2025-12-19 20:32:00,BarData,125.485,0,0.0,0.0,194.049459,0.0,❌ 震荡 (Gap 3.7 < 10),125.485,125.439,3.7,0
1766147580.7557917,2025-12-19 12:33:00,2025-12-19 20:33:00,BarData,125.602,0,0.0,0.0,194.049459,0.0,✅ 触发交易,125.602,125.444,12.6,1
1766147584.7564514,2025-12-19 12:33:04,2025-12-19 20:33:04,Strategy_Open,125.602,1.0,0,1.0,194.03914200000003,0.0,Strategy_Signal,125.602,125.444,12.6,1
1766147642.038162,2025-12-19 12:34:02,2025-12-19 20:34:02,BarData,125.716,0,1.0,1.0,194.082142,0.0,✅ 触发交易,125.716,125.453,20.9,1
1766147702.6978416,2025-12-19 12:35:02,2025-12-19 20:35:02,BarData,125.831,0,1.0,1.0,194.178142,0.0,✅ 触发交易,125.831,125.465,29.1,1
1766147760.373485,2025-12-19 12:36:00,2025-12-19 20:36:00,BarData,125.872,0,1.0,1.0,194.243142,0.0,✅ 触发交易,125.872,125.479,31.2,1
1766147820.5763588,2025-12-19 12:37:00,2025-12-19 20:37:00,BarData,125.767,0,1.0,1.0,194.09814200000002,0.0,✅ 触发交易,125.767,125.488,22.2,1
1766147880.4054368,2025-12-19 12:38:00,2025-12-19 20:38:00,BarData,125.73,0,1.0,1.0,194.16414200000003,0.0,✅ 触发交易,125.730,125.496,18.6,1
1766147942.7861464,2025-12-19 12:39:02,2025-12-19 20:39:02,BarData,125.903,0,1.0,1.0,194.292142,0.0,✅ 触发交易,125.903,125.509,31.3,1
1766148000.4540386,2025-12-19 12:40:00,2025-12-19 20:40:00,BarData,125.814,0,1.0,1.0,194.24714200000003,0.0,✅ 触发交易,125.814,125.519,23.4,1
1766148060.140605,2025-12-19 12:41:00,2025-12-19 20:41:00,BarData,125.751,0,1.0,1.0,194.148142,0.0,✅ 触发交易,125.751,125.527,17.8,1
1766148120.303434,2025-12-19 12:42:00,2025-12-19 20:42:00,BarData,125.826,0,1.0,1.0,194.189142,0.0,✅ 触发交易,125.826,125.537,23.0,1
1766148180.7179277,2025-12-19 12:43:00,2025-12-19 20:43:00,BarData,125.808,0,1.0,1.0,194.171142,0.0,✅ 触发交易,125.808,125.546,20.8,1
1766148240.6383698,2025-12-19 12:44:00,2025-12-19 20:44:00,BarData,125.852,0,1.0,1.0,194.21614200000002,0.0,✅ 触发交易,125.852,125.556,23.5,1
1766148300.2578175,2025-12-19 12:45:00,2025-12-19 20:45:00,BarData,125.834,0,1.0,1.0,194.178142,0.0,✅ 触发交易,125.834,125.565,21.4,1
1766148360.32775,2025-12-19 12:46:00,2025-12-19 20:46:00,BarData,125.926,0,1.0,1.0,194.197142,0.0,✅ 触发交易,125.926,125.577,27.7,1
1766148420.1785054,2025-12-19 12:47:00,2025-12-19 20:47:00,BarData,125.91,0,1.0,1.0,194.28714200000002,0.0,✅ 触发交易,125.910,125.588,25.6,1
1766148482.989857,2025-12-19 12:48:02,2025-12-19 20:48:02,BarData,125.88,0,1.0,1.0,194.22714200000001,0.0,✅ 触发交易,125.880,125.597,22.5,1
1766148540.4746115,2025-12-19 12:49:00,2025-12-19 20:49:00,BarData,125.937,0,1.0,1.0,194.34614200000001,0.0,✅ 触发交易,125.937,125.608,26.1,1
1766148600.2595298,2025-12-19 12:50:00,2025-12-19 20:50:00,BarData,126.001,0,1.0,1.0,194.380142,0.0,✅ 触发交易,126.001,125.621,30.1,1
1766148660.213962,2025-12-19 12:51:00,2025-12-19 20:51:00,BarData,125.847,0,1.0,1.0,194.334142,0.0,✅ 触发交易,125.847,125.629,17.4,1
1766148720.167065,2025-12-19 12:52:00,2025-12-19 20:52:00,BarData,125.749,0,1.0,1.0,194.16214200000002,0.0,❌ 震荡 (Gap 9.3 < 10),125.749,125.633,9.3,0
1766148720.5296826,2025-12-19 12:52:00,2025-12-19 20:52:00,PnlRecord,125.749,0,0,0,194.16214200000002,0.5410523468145372,多,125.749,125.633,9.3,0
1766148720.8251984,2025-12-19 12:52:00,2025-12-19 20:52:00,CloseSignal,125.749,1.0,1.0,0,194.16214200000002,0.0,Strategy_TrendEnd,125.749,125.633,9.3,0
1766148780.1760526,2025-12-19 12:53:00,2025-12-19 20:53:00,BarData,125.866,0,0.0,0.0,194.115142,0.0,✅ 触发交易,125.866,125.640,17.9,1
1766148784.1953804,2025-12-19 12:53:04,2025-12-19 20:53:04,Strategy_Open,125.866,1.0,0,1.0,194.110142,0.0,Strategy_Signal,125.866,125.640,17.9,1
1766148841.2978094,2025-12-19 12:54:01,2025-12-19 20:54:01,BarData,125.8,0,1.0,1.0,194.109142,0.0,✅ 触发交易,125.800,125.645,12.3,1
1766148900.131296,2025-12-19 12:55:00,2025-12-19 20:55:00,BarData,125.849,0,1.0,1.0,194.093142,0.0,✅ 触发交易,125.849,125.652,15.6,1
1766148940.2263787,2025-12-19 12:55:40,2025-12-19 20:55:40,SL,125.736,1.0,1.0,0.0,193.985142,0.0,🛡️ 止损 (-1.12%),125.849,125.652,15.6,1
1766148940.226661,2025-12-19 12:55:40,2025-12-19 20:55:40,PnlRecord,125.736,0,0,0,194.028142,-1.1201410901117053,多,125.849,125.652,15.6,1
1766148960.5832798,2025-12-19 12:56:00,2025-12-19 20:56:00,BarData,125.767,0,0.0,0.0,193.985142,0.0,❌ 震荡 (Gap 8.8 < 10),125.767,125.656,8.8,0
1766149020.7580197,2025-12-19 12:57:00,2025-12-19 20:57:00,BarData,125.827,0,0.0,0.0,193.985142,0.0,✅ 触发交易,125.827,125.662,13.2,1
1766149024.3374856,2025-12-19 12:57:04,2025-12-19 20:57:04,Strategy_Open,125.827,1.0,0,1.0,193.972142,0.0,Strategy_Signal,125.827,125.662,13.2,1
1766149060.4948335,2025-12-19 12:57:40,2025-12-19 20:57:40,SL,125.695,1.0,1.0,0.0,193.835142,0.0,🛡️ 止损 (-1.07%),125.827,125.662,13.2,1
1766149060.4951477,2025-12-19 12:57:40,2025-12-19 20:57:40,PnlRecord,125.695,0,0,0,193.910142,-1.0728761026782572,多,125.827,125.662,13.2,1
1766149080.6148243,2025-12-19 12:58:00,2025-12-19 20:58:00,BarData,125.666,0,0.0,0.0,193.835142,0.0,❌ 震荡 (Gap 0.3 < 10),125.666,125.662,0.3,0
1766149140.5562775,2025-12-19 12:59:00,2025-12-19 20:59:00,BarData,125.695,0,0.0,0.0,193.835142,0.0,❌ 震荡 (Gap 2.6 < 10),125.695,125.663,2.6,0
1766149202.913831,2025-12-19 13:00:02,2025-12-19 21:00:02,BarData,125.796,0,0.0,0.0,193.835142,0.0,✅ 触发交易,125.796,125.667,10.2,1
1766149208.9824758,2025-12-19 13:00:08,2025-12-19 21:00:08,Strategy_Open,125.796,1.0,0,1.0,193.86314199999998,0.0,Strategy_Signal,125.796,125.667,10.2,1
1766149260.300001,2025-12-19 13:01:00,2025-12-19 21:01:00,BarData,125.839,0,1.0,1.0,193.843142,0.0,✅ 触发交易,125.839,125.673,13.2,1
1766149320.403522,2025-12-19 13:02:00,2025-12-19 21:02:00,BarData,125.78,0,1.0,1.0,193.91114199999998,0.0,❌ 震荡 (Gap 8.2 < 10),125.780,125.676,8.2,0
1766149320.7578404,2025-12-19 13:02:00,2025-12-19 21:02:00,PnlRecord,125.78,0,0,0,193.91114199999998,-0.15103458692044816,多,125.780,125.676,8.2,0
1766149321.0784,2025-12-19 13:02:01,2025-12-19 21:02:01,CloseSignal,125.78,1.0,1.0,0,193.91114199999998,0.0,Strategy_TrendEnd,125.780,125.676,8.2,0
1766149380.5115604,2025-12-19 13:03:00,2025-12-19 21:03:00,BarData,125.805,0,0.0,0.0,193.839142,0.0,❌ 震荡 (Gap 9.9 < 10),125.805,125.681,9.9,0
1766149440.5964742,2025-12-19 13:04:00,2025-12-19 21:04:00,BarData,125.863,0,0.0,0.0,193.839142,0.0,✅ 触发交易,125.863,125.686,14.0,1
1766149444.4534843,2025-12-19 13:04:04,2025-12-19 21:04:04,Strategy_Open,125.863,1.0,0,1.0,193.849142,0.0,Strategy_Signal,125.863,125.686,14.0,1
1766149500.3139033,2025-12-19 13:05:00,2025-12-19 21:05:00,BarData,126.026,0,1.0,1.0,193.872142,0.0,✅ 触发交易,126.026,125.698,26.1,1
1766149560.3280954,2025-12-19 13:06:00,2025-12-19 21:06:00,BarData,126.06,0,1.0,1.0,194.028142,0.0,✅ 触发交易,126.060,125.710,27.8,1
1766149621.4783416,2025-12-19 13:07:01,2025-12-19 21:07:01,BarData,126.083,0,1.0,1.0,194.033142,0.0,✅ 触发交易,126.083,125.722,28.7,1
1766149681.2590005,2025-12-19 13:08:01,2025-12-19 21:08:01,BarData,126.081,0,1.0,1.0,194.042142,0.0,✅ 触发交易,126.081,125.734,27.6,1
1766149740.616609,2025-12-19 13:09:00,2025-12-19 21:09:00,BarData,126.118,0,1.0,1.0,194.066142,0.0,✅ 触发交易,126.118,125.746,29.5,1
1766149800.727054,2025-12-19 13:10:00,2025-12-19 21:10:00,BarData,126.096,0,1.0,1.0,194.05614200000002,0.0,✅ 触发交易,126.096,125.758,26.8,1
1766149860.3483484,2025-12-19 13:11:00,2025-12-19 21:11:00,BarData,126.177,0,1.0,1.0,194.09614200000001,0.0,✅ 触发交易,126.177,125.771,32.1,1
1766149920.8612697,2025-12-19 13:12:00,2025-12-19 21:12:00,BarData,126.122,0,1.0,1.0,194.05614200000002,0.0,✅ 触发交易,126.122,125.783,26.9,1
1766149980.4755464,2025-12-19 13:13:00,2025-12-19 21:13:00,BarData,126.092,0,1.0,1.0,194.10914200000002,0.0,✅ 触发交易,126.092,125.793,23.7,1
1766150042.0752282,2025-12-19 13:14:02,2025-12-19 21:14:02,BarData,126.311,0,1.0,1.0,194.303142,0.0,✅ 触发交易,126.311,125.810,39.7,1
1766150100.2136085,2025-12-19 13:15:00,2025-12-19 21:15:00,BarData,126.313,0,1.0,1.0,194.296142,0.0,✅ 触发交易,126.313,125.826,38.5,1
1766150160.779327,2025-12-19 13:16:00,2025-12-19 21:16:00,BarData,126.2,0,1.0,1.0,194.13814200000002,0.0,✅ 触发交易,126.200,125.839,28.6,1
1766150222.6454687,2025-12-19 13:17:02,2025-12-19 21:17:02,BarData,126.207,0,1.0,1.0,194.124142,0.0,✅ 触发交易,126.207,125.851,28.2,1
1766150280.1067426,2025-12-19 13:18:00,2025-12-19 21:18:00,BarData,126.273,0,1.0,1.0,194.177142,0.0,✅ 触发交易,126.273,125.865,32.3,1
1766150341.4374795,2025-12-19 13:19:01,2025-12-19 21:19:01,BarData,126.089,0,1.0,1.0,194.03114200000002,0.0,✅ 触发交易,126.089,125.872,17.2,1
1766150400.4743352,2025-12-19 13:20:00,2025-12-19 21:20:00,BarData,126.179,0,1.0,1.0,194.07414200000002,0.0,✅ 触发交易,126.179,125.882,23.5,1
1766150460.5885282,2025-12-19 13:21:00,2025-12-19 21:21:00,BarData,126.176,0,1.0,1.0,194.057142,0.0,✅ 触发交易,126.176,125.892,22.5,1
1766150520.3532484,2025-12-19 13:22:00,2025-12-19 21:22:00,BarData,126.142,0,1.0,1.0,194.09114200000002,0.0,✅ 触发交易,126.142,125.900,19.2,1
1766150580.6376798,2025-12-19 13:23:00,2025-12-19 21:23:00,BarData,126.284,0,1.0,1.0,194.226142,0.0,✅ 触发交易,126.284,125.912,29.4,1
1766150641.3261874,2025-12-19 13:24:01,2025-12-19 21:24:01,BarData,126.329,0,1.0,1.0,194.278142,0.0,✅ 触发交易,126.329,125.926,31.9,1
1766150700.3817337,2025-12-19 13:25:00,2025-12-19 21:25:00,BarData,126.256,0,1.0,1.0,194.218142,0.0,✅ 触发交易,126.256,125.937,25.3,1
1766150760.0950577,2025-12-19 13:26:00,2025-12-19 21:26:00,BarData,126.47,0,1.0,1.0,194.241142,0.0,✅ 触发交易,126.470,125.954,40.8,1
1766150766.8729365,2025-12-19 13:26:06,2025-12-19 21:26:06,TP,126.522,1.0,1.0,0.0,194.437142,0.0,🚀 止盈 (+5.16%),126.470,125.954,40.8,1
1766150766.8732457,2025-12-19 13:26:06,2025-12-19 21:26:06,PnlRecord,126.522,0,0,0,194.241142,5.155990561915589,多,126.470,125.954,40.8,1
1766150820.7337136,2025-12-19 13:27:00,2025-12-19 21:27:00,BarData,126.474,0,0.0,0.0,194.437142,0.0,✅ 触发交易,126.474,125.971,39.7,1
1766150824.6101868,2025-12-19 13:27:04,2025-12-19 21:27:04,Strategy_Open,126.474,1.0,0,1.0,194.41714199999998,0.0,Strategy_Signal,126.474,125.971,39.7,1
1766150881.3118517,2025-12-19 13:28:01,2025-12-19 21:28:01,BarData,126.485,0,1.0,1.0,194.431142,0.0,✅ 触发交易,126.485,125.988,39.3,1
1766150942.1092253,2025-12-19 13:29:02,2025-12-19 21:29:02,BarData,126.48,0,1.0,1.0,194.422142,0.0,✅ 触发交易,126.480,126.004,37.6,1
1766151002.1834724,2025-12-19 13:30:02,2025-12-19 21:30:02,BarData,126.498,0,1.0,1.0,194.436142,0.0,✅ 触发交易,126.498,126.021,37.7,1
1766151060.2893684,2025-12-19 13:31:00,2025-12-19 21:31:00,BarData,126.405,0,1.0,1.0,194.457142,0.0,✅ 触发交易,126.405,126.033,29.4,1
1766151084.3386765,2025-12-19 13:31:24,2025-12-19 21:31:24,SL,126.342,1.0,1.0,0.0,194.313142,0.0,🛡️ 止损 (-1.05%),126.405,126.033,29.4,1
1766151084.3389564,2025-12-19 13:31:24,2025-12-19 21:31:24,PnlRecord,126.342,0,0,0,194.358142,-1.0515912235619338,多,126.405,126.033,29.4,1
1766151120.2860234,2025-12-19 13:32:00,2025-12-19 21:32:00,BarData,126.145,0,0.0,0.0,194.313142,0.0,❌ 震荡 (Gap 8.6 < 10),126.145,126.037,8.6,0
1766151180.4302213,2025-12-19 13:33:00,2025-12-19 21:33:00,BarData,125.877,0,0.0,0.0,194.313142,0.0,❌ 快线向上,125.877,126.032,12.3,0
1766151241.0501595,2025-12-19 13:34:01,2025-12-19 21:34:01,BarData,125.907,0,0.0,0.0,194.313142,0.0,❌ 震荡 (Gap 9.6 < 10),125.907,126.028,9.6,0
1766151301.357086,2025-12-19 13:35:01,2025-12-19 21:35:01,BarData,125.85,0,0.0,0.0,194.313142,0.0,❌ 快线向上,125.850,126.022,13.6,0
1766151361.4565923,2025-12-19 13:36:01,2025-12-19 21:36:01,BarData,125.917,0,0.0,0.0,194.313142,0.0,❌ 震荡 (Gap 8.0 < 10),125.917,126.018,8.0,0
1766151420.3261952,2025-12-19 13:37:00,2025-12-19 21:37:00,BarData,126.133,0,0.0,0.0,194.313142,0.0,❌ 震荡 (Gap 8.8 < 10),126.133,126.022,8.8,0
1766151480.087801,2025-12-19 13:38:00,2025-12-19 21:38:00,BarData,126.422,0,0.0,0.0,194.313142,0.0,✅ 触发交易,126.422,126.035,30.6,1
1766151484.1111774,2025-12-19 13:38:04,2025-12-19 21:38:04,Strategy_Open,126.422,1.0,0,1.0,194.299142,0.0,Strategy_Signal,126.422,126.035,30.6,1
1766151497.5313947,2025-12-19 13:38:17,2025-12-19 21:38:17,SL,126.252,1.0,1.0,0.0,194.176142,0.0,🛡️ 止损 (-1.06%),126.422,126.035,30.6,1
1766151497.5316947,2025-12-19 13:38:17,2025-12-19 21:38:17,PnlRecord,126.252,0,0,0,194.286142,-1.0602440143686827,多,126.422,126.035,30.6,1
1766151540.6126008,2025-12-19 13:39:00,2025-12-19 21:39:00,BarData,126.302,0,0.0,0.0,194.176142,0.0,✅ 触发交易,126.302,126.044,20.4,1
1766151544.6949587,2025-12-19 13:39:04,2025-12-19 21:39:04,Strategy_Open,126.302,1.0,0,1.0,194.175142,0.0,Strategy_Signal,126.302,126.044,20.4,1
1766151601.418631,2025-12-19 13:40:01,2025-12-19 21:40:01,BarData,126.245,0,1.0,1.0,194.210142,0.0,✅ 触发交易,126.245,126.051,15.4,1
1766151663.5162191,2025-12-19 13:41:03,2025-12-19 21:41:03,SL,126.179,1.0,1.0,0.0,194.033142,0.0,🛡️ 止损 (-1.01%),126.245,126.051,15.4,1
1766151663.5165234,2025-12-19 13:41:03,2025-12-19 21:41:03,PnlRecord,126.179,0,0,0,194.074142,-1.0054945924975485,多,126.245,126.051,15.4,1
1766151666.6434965,2025-12-19 13:41:06,2025-12-19 21:41:06,BarData,126.174,0,0.0,0.0,194.033142,0.0,❌ 震荡 (Gap 9.5 < 10),126.174,126.055,9.5,0
1766151721.5500157,2025-12-19 13:42:01,2025-12-19 21:42:01,BarData,126.023,0,0.0,0.0,194.033142,0.0,❌ 震荡 (Gap 2.4 < 10),126.023,126.054,2.4,0
1766151782.468649,2025-12-19 13:43:02,2025-12-19 21:43:02,BarData,126.03,0,0.0,0.0,194.033142,0.0,❌ 震荡 (Gap 1.8 < 10),126.030,126.053,1.8,0
1766151840.4364777,2025-12-19 13:44:00,2025-12-19 21:44:00,BarData,126.083,0,0.0,0.0,194.033142,0.0,❌ 震荡 (Gap 2.3 < 10),126.083,126.054,2.3,0
1766151900.5934813,2025-12-19 13:45:00,2025-12-19 21:45:00,BarData,126.011,0,0.0,0.0,194.033142,0.0,❌ 震荡 (Gap 3.3 < 10),126.011,126.052,3.3,0
1766151960.144682,2025-12-19 13:46:00,2025-12-19 21:46:00,BarData,125.993,0,0.0,0.0,194.033142,0.0,❌ 震荡 (Gap 4.6 < 10),125.993,126.050,4.6,0
1766152021.381542,2025-12-19 13:47:01,2025-12-19 21:47:01,BarData,125.974,0,0.0,0.0,194.033142,0.0,❌ 震荡 (Gap 5.9 < 10),125.974,126.048,5.9,0
1766152080.934726,2025-12-19 13:48:00,2025-12-19 21:48:00,BarData,125.93,0,0.0,0.0,194.033142,0.0,❌ 震荡 (Gap 9.1 < 10),125.930,126.044,9.1,0
1766152140.5020032,2025-12-19 13:49:00,2025-12-19 21:49:00,BarData,125.865,0,0.0,0.0,194.033142,0.0,❌ 快线向上,125.865,126.038,13.8,0
1766152200.3776677,2025-12-19 13:50:00,2025-12-19 21:50:00,BarData,125.923,0,0.0,0.0,194.033142,0.0,❌ 震荡 (Gap 8.8 < 10),125.923,126.034,8.8,0
1766152260.4252243,2025-12-19 13:51:00,2025-12-19 21:51:00,BarData,126.074,0,0.0,0.0,194.033142,0.0,❌ 震荡 (Gap 3.0 < 10),126.074,126.036,3.0,0
1766152320.4701955,2025-12-19 13:52:00,2025-12-19 21:52:00,BarData,126.071,0,0.0,0.0,194.033142,0.0,❌ 震荡 (Gap 2.7 < 10),126.071,126.037,2.7,0
1766152380.4017415,2025-12-19 13:53:00,2025-12-19 21:53:00,BarData,126.064,0,0.0,0.0,194.033142,0.0,❌ 震荡 (Gap 2.1 < 10),126.064,126.038,2.1,0
1766152440.2054508,2025-12-19 13:54:00,2025-12-19 21:54:00,BarData,125.997,0,0.0,0.0,194.033142,0.0,❌ 震荡 (Gap 3.1 < 10),125.997,126.036,3.1,0
1766152500.8303423,2025-12-19 13:55:00,2025-12-19 21:55:00,BarData,126.027,0,0.0,0.0,194.033142,0.0,❌ 震荡 (Gap 0.7 < 10),126.027,126.036,0.7,0
1766152560.4857864,2025-12-19 13:56:00,2025-12-19 21:56:00,BarData,125.907,0,0.0,0.0,194.033142,0.0,❌ 震荡 (Gap 9.9 < 10),125.907,126.032,9.9,0
1766152621.4002318,2025-12-19 13:57:01,2025-12-19 21:57:01,BarData,125.798,0,0.0,0.0,194.033142,0.0,❌ 快线向上,125.798,126.024,18.0,0
1766152682.1750112,2025-12-19 13:58:02,2025-12-19 21:58:02,BarData,125.828,0,0.0,0.0,194.033142,0.0,❌ 快线向上,125.828,126.018,15.1,0
1766152740.2723775,2025-12-19 13:59:00,2025-12-19 21:59:00,BarData,125.867,0,0.0,0.0,194.033142,0.0,❌ 快线向上,125.867,126.013,11.6,0
1766152800.2332036,2025-12-19 14:00:00,2025-12-19 22:00:00,BarData,125.898,0,0.0,0.0,194.033142,0.0,❌ 震荡 (Gap 8.8 < 10),125.898,126.009,8.8,0
1766152860.0928895,2025-12-19 14:01:00,2025-12-19 22:01:00,BarData,125.697,0,0.0,0.0,194.033142,0.0,❌ 快线向上,125.697,125.999,24.0,0
1766152920.271758,2025-12-19 14:02:00,2025-12-19 22:02:00,BarData,126.016,0,0.0,0.0,194.033142,0.0,❌ 震荡 (Gap 1.3 < 10),126.016,125.999,1.3,0
1766152980.4689002,2025-12-19 14:03:00,2025-12-19 22:03:00,BarData,125.991,0,0.0,0.0,194.033142,0.0,❌ 震荡 (Gap 0.6 < 10),125.991,125.999,0.6,0
1766153040.328116,2025-12-19 14:04:00,2025-12-19 22:04:00,BarData,126.098,0,0.0,0.0,194.033142,0.0,❌ 震荡 (Gap 7.6 < 10),126.098,126.002,7.6,0
1766153100.295539,2025-12-19 14:05:00,2025-12-19 22:05:00,BarData,126.187,0,0.0,0.0,194.033142,0.0,✅ 触发交易,126.187,126.008,14.2,1
1766153104.2389932,2025-12-19 14:05:04,2025-12-19 22:05:04,Strategy_Open,126.187,1.0,0,1.0,194.029142,0.0,Strategy_Signal,126.187,126.008,14.2,1
1766153160.1583085,2025-12-19 14:06:00,2025-12-19 22:06:00,BarData,126.235,0,1.0,1.0,194.083142,0.0,✅ 触发交易,126.235,126.016,17.4,1
1766153220.5525877,2025-12-19 14:07:00,2025-12-19 22:07:00,BarData,126.2,0,1.0,1.0,194.074142,0.0,✅ 触发交易,126.200,126.022,14.1,1
1766153280.5461135,2025-12-19 14:08:00,2025-12-19 22:08:00,BarData,126.181,0,1.0,1.0,194.071142,0.0,✅ 触发交易,126.181,126.027,12.2,1
1766153340.4867096,2025-12-19 14:09:00,2025-12-19 22:09:00,BarData,126.25,0,1.0,1.0,194.091142,0.0,✅ 触发交易,126.250,126.034,17.1,1
1766153400.5982509,2025-12-19 14:10:00,2025-12-19 22:10:00,BarData,126.202,0,1.0,1.0,194.031142,0.0,✅ 触发交易,126.202,126.040,12.8,1
1766153460.6592665,2025-12-19 14:11:00,2025-12-19 22:11:00,BarData,126.203,0,1.0,1.0,194.053142,0.0,✅ 触发交易,126.203,126.045,12.5,1
1766153520.4449186,2025-12-19 14:12:00,2025-12-19 22:12:00,BarData,126.245,0,1.0,1.0,194.003142,0.0,✅ 触发交易,126.245,126.052,15.3,1
1766153580.3240457,2025-12-19 14:13:00,2025-12-19 22:13:00,BarData,126.153,0,1.0,1.0,193.986142,0.0,❌ 震荡 (Gap 7.8 < 10),126.153,126.055,7.8,0
1766153581.0481393,2025-12-19 14:13:01,2025-12-19 22:13:01,PnlRecord,126.153,0,0,0,193.986142,-0.21398002853067855,多,126.153,126.055,7.8,0
1766153581.3521528,2025-12-19 14:13:01,2025-12-19 22:13:01,CloseSignal,126.153,1.0,1.0,0,193.986142,0.0,Strategy_TrendEnd,126.153,126.055,7.8,0
1766153641.4955027,2025-12-19 14:14:01,2025-12-19 22:14:01,BarData,126.23,0,0.0,0.0,194.014142,0.0,✅ 触发交易,126.230,126.061,13.4,1
1766153645.503223,2025-12-19 14:14:05,2025-12-19 22:14:05,Strategy_Open,126.23,1.0,0,1.0,193.999142,0.0,Strategy_Signal,126.230,126.061,13.4,1
1766153701.5173588,2025-12-19 14:15:01,2025-12-19 22:15:01,BarData,126.13,0,1.0,1.0,193.908142,0.0,❌ 震荡 (Gap 5.3 < 10),126.130,126.063,5.3,0
1766153702.2588015,2025-12-19 14:15:02,2025-12-19 22:15:02,PnlRecord,126.13,0,0,0,193.908142,-0.7447078210166711,多,126.130,126.063,5.3,0
1766153702.555204,2025-12-19 14:15:02,2025-12-19 22:15:02,CloseSignal,126.13,1.0,1.0,0,193.908142,0.0,Strategy_TrendEnd,126.130,126.063,5.3,0
1766153760.6029208,2025-12-19 14:16:00,2025-12-19 22:16:00,BarData,126.123,0,0.0,0.0,193.947142,0.0,❌ 震荡 (Gap 4.6 < 10),126.123,126.065,4.6,0
1766153820.298143,2025-12-19 14:17:00,2025-12-19 22:17:00,BarData,126.283,0,0.0,0.0,193.947142,0.0,✅ 触发交易,126.283,126.072,16.7,1
1766153824.210375,2025-12-19 14:17:04,2025-12-19 22:17:04,Strategy_Open,126.283,1.0,0,1.0,193.93114200000002,0.0,Strategy_Signal,126.283,126.072,16.7,1
1766153841.8488011,2025-12-19 14:17:21,2025-12-19 22:17:21,SL,126.169,1.0,1.0,0.0,193.779142,0.0,🛡️ 止损 (-1.32%),126.283,126.072,16.7,1
1766153841.8491118,2025-12-19 14:17:21,2025-12-19 22:17:21,PnlRecord,126.169,0,0,0,193.822142,-1.3218718338399316,多,126.283,126.072,16.7,1
1766153880.6922345,2025-12-19 14:18:00,2025-12-19 22:18:00,BarData,126.123,0,0.0,0.0,193.779142,0.0,❌ 震荡 (Gap 3.9 < 10),126.123,126.074,3.9,0
1766153940.1550648,2025-12-19 14:19:00,2025-12-19 22:19:00,BarData,125.961,0,0.0,0.0,193.779142,0.0,❌ 震荡 (Gap 8.7 < 10),125.961,126.070,8.7,0
1766154000.6516032,2025-12-19 14:20:00,2025-12-19 22:20:00,BarData,125.919,0,0.0,0.0,193.779142,0.0,❌ 快线向上,125.919,126.065,11.6,0
1766154060.7288716,2025-12-19 14:21:00,2025-12-19 22:21:00,BarData,125.956,0,0.0,0.0,193.779142,0.0,❌ 震荡 (Gap 8.4 < 10),125.956,126.062,8.4,0
1766154120.7782726,2025-12-19 14:22:00,2025-12-19 22:22:00,BarData,126.039,0,0.0,0.0,193.779142,0.0,❌ 震荡 (Gap 1.7 < 10),126.039,126.061,1.7,0
1766154180.1904385,2025-12-19 14:23:00,2025-12-19 22:23:00,BarData,126.008,0,0.0,0.0,193.779142,0.0,❌ 震荡 (Gap 4.1 < 10),126.008,126.059,4.1,0
1766154240.1946504,2025-12-19 14:24:00,2025-12-19 22:24:00,BarData,125.992,0,0.0,0.0,193.779142,0.0,❌ 震荡 (Gap 5.2 < 10),125.992,126.057,5.2,0
1766154300.3499587,2025-12-19 14:25:00,2025-12-19 22:25:00,BarData,125.896,0,0.0,0.0,193.779142,0.0,❌ 快线向上,125.896,126.052,12.4,0
1766154360.67147,2025-12-19 14:26:00,2025-12-19 22:26:00,BarData,125.382,0,0.0,0.0,193.779142,0.0,✅ 触发交易,125.382,126.030,51.7,-1
1766154364.5475214,2025-12-19 14:26:04,2025-12-19 22:26:04,Strategy_Open,125.382,1.0,0,-1.0,193.75214200000002,0.0,Strategy_Signal,125.382,126.030,51.7,-1
1766154422.3646302,2025-12-19 14:27:02,2025-12-19 22:27:02,BarData,125.322,0,-1.0,-1.0,193.860142,0.0,✅ 触发交易,125.322,126.007,54.6,-1
1766154485.4741833,2025-12-19 14:28:05,2025-12-19 22:28:05,SL,125.582,1.0,-1.0,0.0,193.585142,0.0,🛡️ 止损 (-1.26%),125.322,126.007,54.6,-1
1766154485.4744904,2025-12-19 14:28:05,2025-12-19 22:28:05,PnlRecord,125.582,0,0,0,193.670142,-1.2597270059955594,空,125.322,126.007,54.6,-1
1766154487.835086,2025-12-19 14:28:07,2025-12-19 22:28:07,BarData,125.582,0,0.0,0.0,193.585142,0.0,✅ 触发交易,125.582,125.993,32.7,-1
1766154491.3780856,2025-12-19 14:28:11,2025-12-19 22:28:11,Strategy_Open,125.582,1.0,0,-1.0,193.569142,0.0,Strategy_Signal,125.582,125.993,32.7,-1
1766154540.2650251,2025-12-19 14:29:00,2025-12-19 22:29:00,BarData,125.529,0,-1.0,-1.0,193.59414199999998,0.0,✅ 触发交易,125.529,125.977,35.7,-1
1766154600.7416189,2025-12-19 14:30:00,2025-12-19 22:30:00,BarData,125.506,0,-1.0,-1.0,193.63614199999998,0.0,✅ 触发交易,125.506,125.962,36.3,-1
1766154661.6357377,2025-12-19 14:31:01,2025-12-19 22:31:01,BarData,125.172,0,-1.0,-1.0,194.031142,0.0,✅ 触发交易,125.172,125.936,61.0,-1
1766154715.5134423,2025-12-19 14:31:55,2025-12-19 22:31:55,SL,125.723,1.0,-1.0,0.0,193.397142,0.0,🛡️ 止损 (-1.25%),125.172,125.936,61.0,-1
1766154715.5137503,2025-12-19 14:31:55,2025-12-19 22:31:55,PnlRecord,125.723,0,0,0,193.485142,-1.2503384674194964,空,125.172,125.936,61.0,-1
1766154720.2410638,2025-12-19 14:32:00,2025-12-19 22:32:00,BarData,125.705,0,0.0,0.0,193.397142,0.0,✅ 触发交易,125.705,125.928,17.8,-1
1766154723.8361938,2025-12-19 14:32:03,2025-12-19 22:32:03,Strategy_Open,125.705,1.0,0,-1.0,193.482342,0.0,Strategy_Signal,125.705,125.928,17.8,-1
1766154780.5215826,2025-12-19 14:33:00,2025-12-19 22:33:00,BarData,125.548,0,-1.0,-1.0,193.432342,0.0,✅ 触发交易,125.548,125.916,29.3,-1
1766154840.2940426,2025-12-19 14:34:00,2025-12-19 22:34:00,BarData,125.546,0,-1.0,-1.0,193.534342,0.0,✅ 触发交易,125.546,125.904,28.5,-1
1766154902.4139788,2025-12-19 14:35:02,2025-12-19 22:35:02,BarData,125.606,0,-1.0,-1.0,193.588342,0.0,✅ 触发交易,125.606,125.894,22.9,-1
1766154960.5215871,2025-12-19 14:36:00,2025-12-19 22:36:00,BarData,125.279,0,-1.0,-1.0,193.72034200000002,0.0,✅ 触发交易,125.279,125.874,47.5,-1
1766155020.6301098,2025-12-19 14:37:00,2025-12-19 22:37:00,BarData,125.412,0,-1.0,-1.0,193.57734200000002,0.0,✅ 触发交易,125.412,125.859,35.6,-1
1766155080.4745781,2025-12-19 14:38:00,2025-12-19 22:38:00,BarData,125.395,0,-1.0,-1.0,193.603342,0.0,✅ 触发交易,125.395,125.844,35.8,-1
1766155140.5053625,2025-12-19 14:39:00,2025-12-19 22:39:00,TP,125.023,1.0,-1.0,0.0,194.064342,0.0,🚀 止盈 (+5.12%),125.395,125.844,35.8,-1
1766155140.5056782,2025-12-19 14:39:00,2025-12-19 22:39:00,PnlRecord,125.023,0,0,0,193.808342,5.116738019830349,空,125.395,125.844,35.8,-1
1766155143.3180225,2025-12-19 14:39:03,2025-12-19 22:39:03,BarData,125.127,0,0.0,0.0,194.064342,0.0,✅ 触发交易,125.127,125.820,55.4,-1
1766155146.870469,2025-12-19 14:39:06,2025-12-19 22:39:06,Strategy_Open,125.127,1.0,0,-1.0,193.986342,0.0,Strategy_Signal,125.127,125.820,55.4,-1
1766155201.7261457,2025-12-19 14:40:01,2025-12-19 22:40:01,BarData,125.023,0,-1.0,-1.0,194.218342,0.0,✅ 触发交易,125.023,125.794,61.7,-1
1766155260.4119322,2025-12-19 14:41:00,2025-12-19 22:41:00,BarData,124.945,0,-1.0,-1.0,194.330342,0.0,✅ 触发交易,124.945,125.766,65.7,-1
1766155321.6005707,2025-12-19 14:42:01,2025-12-19 22:42:01,BarData,124.75,0,-1.0,-1.0,194.252342,0.0,✅ 触发交易,124.750,125.733,78.8,-1
1766155380.3067548,2025-12-19 14:43:00,2025-12-19 22:43:00,BarData,125.041,0,-1.0,-1.0,194.176342,0.0,✅ 触发交易,125.041,125.710,53.5,-1
1766155390.5468256,2025-12-19 14:43:10,2025-12-19 22:43:10,SL,125.26,1.0,-1.0,0.0,193.954342,0.0,🛡️ 止损 (-1.08%),125.041,125.710,53.5,-1
1766155390.5471408,2025-12-19 14:43:10,2025-12-19 22:43:10,PnlRecord,125.26,0,0,0,194.142342,-1.0789210789211199,空,125.041,125.710,53.5,-1
1766155440.6321237,2025-12-19 14:44:00,2025-12-19 22:44:00,BarData,125.684,0,0.0,0.0,193.954342,0.0,❌ 震荡 (Gap 2.0 < 10),125.684,125.709,2.0,0
1766155500.493202,2025-12-19 14:45:00,2025-12-19 22:45:00,BarData,126.886,0,0.0,0.0,193.954342,0.0,✅ 触发交易,126.886,125.748,89.7,1
1766155504.3778365,2025-12-19 14:45:04,2025-12-19 22:45:04,Strategy_Open,126.886,1.0,0,1.0,193.982342,0.0,Strategy_Signal,126.886,125.748,89.7,1
1766155512.136941,2025-12-19 14:45:12,2025-12-19 22:45:12,SL,126.586,1.0,1.0,0.0,193.710342,0.0,🛡️ 止损 (-1.29%),126.886,125.748,89.7,1
1766155512.1381245,2025-12-19 14:45:12,2025-12-19 22:45:12,PnlRecord,126.586,0,0,0,193.903342,-1.293885601577921,多,126.886,125.748,89.7,1
1766155562.4477258,2025-12-19 14:46:02,2025-12-19 22:46:02,BarData,126.162,0,0.0,0.0,193.710342,0.0,✅ 触发交易,126.162,125.761,31.8,1
1766155566.427404,2025-12-19 14:46:06,2025-12-19 22:46:06,Strategy_Open,126.162,1.0,0,1.0,193.697342,0.0,Strategy_Signal,126.162,125.761,31.8,1
1766155576.5968788,2025-12-19 14:46:16,2025-12-19 22:46:16,SL,126.073,1.0,1.0,0.0,193.563342,0.0,🛡️ 止损 (-1.03%),126.162,125.761,31.8,1
1766155576.5971916,2025-12-19 14:46:16,2025-12-19 22:46:16,PnlRecord,126.073,0,0,0,193.765342,-1.0300864480242915,多,126.162,125.761,31.8,1
1766155620.9809155,2025-12-19 14:47:00,2025-12-19 22:47:00,BarData,126.085,0,0.0,0.0,193.563342,0.0,✅ 触发交易,126.085,125.772,24.8,1
1766155624.8995008,2025-12-19 14:47:04,2025-12-19 22:47:04,Strategy_Open,126.085,1.0,0,1.0,193.586342,0.0,Strategy_Signal,126.085,125.772,24.8,1
1766155680.1009135,2025-12-19 14:48:00,2025-12-19 22:48:00,BarData,126.241,0,1.0,1.0,193.717342,0.0,✅ 触发交易,126.241,125.787,35.9,1
1766155721.6566994,2025-12-19 14:48:41,2025-12-19 22:48:41,SL,125.976,1.0,1.0,0.0,193.383342,0.0,🛡️ 止损 (-1.25%),126.241,125.787,35.9,1
1766155721.657006,2025-12-19 14:48:41,2025-12-19 22:48:41,PnlRecord,125.976,0,0,0,193.647342,-1.2526360854329623,多,126.241,125.787,35.9,1
1766155740.6845798,2025-12-19 14:49:00,2025-12-19 22:49:00,BarData,125.842,0,0.0,0.0,193.383342,0.0,❌ 震荡 (Gap 4.2 < 10),125.842,125.789,4.2,0
1766155800.5068457,2025-12-19 14:50:00,2025-12-19 22:50:00,BarData,125.805,0,0.0,0.0,193.383342,0.0,❌ 震荡 (Gap 1.2 < 10),125.805,125.790,1.2,0
1766155860.2761664,2025-12-19 14:51:00,2025-12-19 22:51:00,BarData,125.793,0,0.0,0.0,193.383342,0.0,❌ 震荡 (Gap 0.3 < 10),125.793,125.790,0.3,0
1766155920.1398046,2025-12-19 14:52:00,2025-12-19 22:52:00,BarData,125.611,0,0.0,0.0,193.383342,0.0,✅ 触发交易,125.611,125.784,13.8,-1
1766155924.0315058,2025-12-19 14:52:04,2025-12-19 22:52:04,Strategy_Open,125.611,1.0,0,-1.0,193.28534199999999,0.0,Strategy_Signal,125.611,125.784,13.8,-1
1766155929.86879,2025-12-19 14:52:09,2025-12-19 22:52:09,SL,125.779,1.0,-1.0,0.0,193.247342,0.0,🛡️ 止损 (-1.46%),125.611,125.784,13.8,-1
1766155929.8690972,2025-12-19 14:52:09,2025-12-19 22:52:09,PnlRecord,125.779,0,0,0,193.274342,-1.457052772381228,空,125.611,125.784,13.8,-1
1766155980.2449093,2025-12-19 14:53:00,2025-12-19 22:53:00,BarData,125.592,0,0.0,0.0,193.247342,0.0,✅ 触发交易,125.592,125.778,14.8,-1
1766155984.1143453,2025-12-19 14:53:04,2025-12-19 22:53:04,Strategy_Open,125.592,1.0,0,-1.0,193.272342,0.0,Strategy_Signal,125.592,125.778,14.8,-1
1766156040.7354012,2025-12-19 14:54:00,2025-12-19 22:54:00,BarData,125.685,0,-1.0,-1.0,193.182342,0.0,❌ 震荡 (Gap 7.1 < 10),125.685,125.775,7.1,0
1766156041.437335,2025-12-19 14:54:01,2025-12-19 22:54:01,PnlRecord,125.685,0,0,0,193.182342,-0.8440901743126539,空,125.685,125.775,7.1,0
1766156041.7458892,2025-12-19 14:54:01,2025-12-19 22:54:01,CloseSignal,125.685,1.0,-1.0,0,193.182342,0.0,Strategy_TrendEnd,125.685,125.775,7.1,0
1766156100.4966576,2025-12-19 14:55:00,2025-12-19 22:55:00,BarData,125.585,0,0.0,0.0,193.102342,0.0,✅ 触发交易,125.585,125.768,14.6,-1
1766156104.384338,2025-12-19 14:55:04,2025-12-19 22:55:04,Strategy_Open,125.585,1.0,0,-1.0,193.109342,0.0,Strategy_Signal,125.585,125.768,14.6,-1
1766156110.596514,2025-12-19 14:55:10,2025-12-19 22:55:10,SL,125.733,1.0,-1.0,0.0,192.968342,0.0,🛡️ 止损 (-1.01%),125.585,125.768,14.6,-1
1766156110.5968041,2025-12-19 14:55:10,2025-12-19 22:55:10,PnlRecord,125.733,0,0,0,193.109342,-1.0110981959461296,空,125.585,125.768,14.6,-1
1766156160.6224434,2025-12-19 14:56:00,2025-12-19 22:56:00,BarData,125.76,0,0.0,0.0,192.968342,0.0,❌ 震荡 (Gap 0.6 < 10),125.760,125.768,0.6,0
1766156221.794559,2025-12-19 14:57:01,2025-12-19 22:57:01,BarData,126.027,0,0.0,0.0,192.968342,0.0,✅ 触发交易,126.027,125.777,19.9,1
1766156225.8466473,2025-12-19 14:57:05,2025-12-19 22:57:05,Strategy_Open,126.027,1.0,0,1.0,192.963342,0.0,Strategy_Signal,126.027,125.777,19.9,1
1766156282.6231306,2025-12-19 14:58:02,2025-12-19 22:58:02,BarData,126.023,0,1.0,1.0,192.88734200000002,0.0,✅ 触发交易,126.023,125.785,18.9,1
1766156340.5077207,2025-12-19 14:59:00,2025-12-19 22:59:00,BarData,126.07,0,1.0,1.0,192.954342,0.0,✅ 触发交易,126.070,125.794,21.9,1
1766156400.5354185,2025-12-19 15:00:00,2025-12-19 23:00:00,BarData,126.022,0,1.0,1.0,193.004342,0.0,✅ 触发交易,126.022,125.802,17.5,1
1766156460.5967057,2025-12-19 15:01:00,2025-12-19 23:01:00,BarData,126.09,0,1.0,1.0,193.00182900000001,0.0,✅ 触发交易,126.090,125.811,22.1,1
1766156522.508059,2025-12-19 15:02:02,2025-12-19 23:02:02,BarData,126.028,0,1.0,1.0,192.93082900000002,0.0,✅ 触发交易,126.028,125.818,16.7,1
1766156533.853823,2025-12-19 15:02:13,2025-12-19 23:02:13,SL,125.841,1.0,1.0,0.0,192.80383,0.0,🛡️ 止损 (-1.67%),126.028,125.818,16.7,1
1766156533.8541384,2025-12-19 15:02:13,2025-12-19 23:02:13,PnlRecord,125.841,0,0,0,192.93082900000002,-1.6739123536319356,多,126.028,125.818,16.7,1
1766156580.5043216,2025-12-19 15:03:00,2025-12-19 23:03:00,BarData,125.918,0,0.0,0.0,192.80383,0.0,❌ 震荡 (Gap 7.7 < 10),125.918,125.821,7.7,0
1766156640.0930777,2025-12-19 15:04:00,2025-12-19 23:04:00,BarData,125.803,0,0.0,0.0,192.80383,0.0,❌ 震荡 (Gap 1.4 < 10),125.803,125.821,1.4,0
1766156702.9585135,2025-12-19 15:05:02,2025-12-19 23:05:02,BarData,126.018,0,0.0,0.0,192.80383,0.0,✅ 触发交易,126.018,125.827,15.1,1
1766156708.121063,2025-12-19 15:05:08,2025-12-19 23:05:08,Strategy_Open,126.018,1.0,0,1.0,192.75283000000002,0.0,Strategy_Signal,126.018,125.827,15.1,1
1766156715.1129272,2025-12-19 15:05:15,2025-12-19 23:05:15,SL,125.886,1.0,1.0,0.0,192.69383,0.0,🛡️ 止损 (-1.02%),126.018,125.827,15.1,1
1766156715.1132467,2025-12-19 15:05:15,2025-12-19 23:05:15,PnlRecord,125.886,0,0,0,192.74483,-1.0157601536337242,多,126.018,125.827,15.1,1
1766156760.4612124,2025-12-19 15:06:00,2025-12-19 23:06:00,BarData,125.999,0,0.0,0.0,192.69383,0.0,✅ 触发交易,125.999,125.833,13.2,1
1766156764.3719833,2025-12-19 15:06:04,2025-12-19 23:06:04,Strategy_Open,125.999,1.0,0,1.0,192.66583,0.0,Strategy_Signal,125.999,125.833,13.2,1
1766156794.1341665,2025-12-19 15:06:34,2025-12-19 23:06:34,SL,125.852,1.0,1.0,0.0,192.55483,0.0,🛡️ 止损 (-1.27%),125.999,125.833,13.2,1
1766156794.1344664,2025-12-19 15:06:34,2025-12-19 23:06:34,PnlRecord,125.852,0,0,0,192.59783,-1.269720344094186,多,125.999,125.833,13.2,1
1766156820.5058682,2025-12-19 15:07:00,2025-12-19 23:07:00,BarData,125.977,0,0.0,0.0,192.55483,0.0,✅ 触发交易,125.977,125.838,11.1,1
1766156824.4216983,2025-12-19 15:07:04,2025-12-19 23:07:04,Strategy_Open,125.977,1.0,0,1.0,192.534973,0.0,Strategy_Signal,125.977,125.838,11.1,1
1766156880.4865117,2025-12-19 15:08:00,2025-12-19 23:08:00,BarData,125.924,0,1.0,1.0,192.468973,0.0,❌ 震荡 (Gap 6.6 < 10),125.924,125.840,6.6,0
1766156881.201689,2025-12-19 15:08:01,2025-12-19 23:08:01,PnlRecord,125.924,0,0,0,192.468973,-0.7221362536205529,多,125.924,125.840,6.6,0
1766156881.5914998,2025-12-19 15:08:01,2025-12-19 23:08:01,CloseSignal,125.924,1.0,1.0,0,192.468973,0.0,Strategy_TrendEnd,125.924,125.840,6.6,0
1766156940.411099,2025-12-19 15:09:00,2025-12-19 23:09:00,BarData,126.046,0,0.0,0.0,192.361973,0.0,✅ 触发交易,126.046,125.847,15.8,1
1766156944.3035507,2025-12-19 15:09:04,2025-12-19 23:09:04,Strategy_Open,126.046,1.0,0,1.0,192.395973,0.0,Strategy_Signal,126.046,125.847,15.8,1
1766157000.180524,2025-12-19 15:10:00,2025-12-19 23:10:00,BarData,126.091,0,1.0,1.0,192.424973,0.0,✅ 触发交易,126.091,125.855,18.7,1
1766157038.417665,2025-12-19 15:10:38,2025-12-19 23:10:38,SL,125.92,1.0,1.0,0.0,192.252973,0.0,🛡️ 止损 (-1.13%),126.091,125.855,18.7,1
1766157038.417969,2025-12-19 15:10:38,2025-12-19 23:10:38,PnlRecord,125.92,0,0,0,192.309973,-1.1343534581915444,多,126.091,125.855,18.7,1
1766157060.401705,2025-12-19 15:11:00,2025-12-19 23:11:00,BarData,126.034,0,0.0,0.0,192.252973,0.0,✅ 触发交易,126.034,125.861,13.7,1
1766157064.278859,2025-12-19 15:11:04,2025-12-19 23:11:04,Strategy_Open,126.034,1.0,0,1.0,192.254973,0.0,Strategy_Signal,126.034,125.861,13.7,1
1766157122.0242534,2025-12-19 15:12:02,2025-12-19 23:12:02,BarData,126.37,0,1.0,1.0,192.486973,0.0,✅ 触发交易,126.370,125.878,39.0,1
1766157180.6058662,2025-12-19 15:13:00,2025-12-19 23:13:00,BarData,126.457,0,1.0,1.0,192.667973,0.0,✅ 触发交易,126.457,125.897,44.3,1
1766157201.630723,2025-12-19 15:13:21,2025-12-19 23:13:21,TP,126.672,1.0,1.0,0.0,192.853161,0.0,🚀 止盈 (+5.09%),126.457,125.897,44.3,1
1766157201.6310124,2025-12-19 15:13:21,2025-12-19 23:13:21,PnlRecord,126.672,0,0,0,192.864973,5.094025232087565,多,126.457,125.897,44.3,1
1766157241.3090825,2025-12-19 15:14:01,2025-12-19 23:14:01,BarData,126.528,0,0.0,0.0,192.853161,0.0,✅ 触发交易,126.528,125.917,48.3,1
1766157245.3097508,2025-12-19 15:14:05,2025-12-19 23:14:05,Strategy_Open,126.528,1.0,0,1.0,192.834161,0.0,Strategy_Signal,126.528,125.917,48.3,1
1766157300.52749,2025-12-19 15:15:00,2025-12-19 23:15:00,BarData,126.721,0,1.0,1.0,192.899161,0.0,✅ 触发交易,126.721,125.944,61.3,1
1766157360.2694142,2025-12-19 15:16:00,2025-12-19 23:16:00,BarData,126.995,0,1.0,1.0,193.190161,0.0,✅ 触发交易,126.995,125.978,80.1,1
1766157370.6619692,2025-12-19 15:16:10,2025-12-19 23:16:10,TP,127.235,1.0,1.0,0.0,193.581161,0.0,🚀 止盈 (+5.55%),126.995,125.978,80.1,1
1766157370.6622999,2025-12-19 15:16:10,2025-12-19 23:16:10,PnlRecord,127.235,0,0,0,193.190161,5.547959820758207,多,126.995,125.978,80.1,1
1766157420.3489063,2025-12-19 15:17:00,2025-12-19 23:17:00,BarData,127.394,0,0.0,0.0,193.581161,0.0,✅ 触发交易,127.394,126.025,107.5,1
1766157424.3789403,2025-12-19 15:17:04,2025-12-19 23:17:04,Strategy_Open,127.394,1.0,0,1.0,193.48152100000001,0.0,Strategy_Signal,127.394,126.025,107.5,1
1766157433.7488117,2025-12-19 15:17:13,2025-12-19 23:17:13,SL,127.356,1.0,1.0,0.0,193.336521,0.0,🛡️ 止损 (-1.35%),127.394,126.025,107.5,1
1766157433.7491083,2025-12-19 15:17:13,2025-12-19 23:17:13,PnlRecord,127.356,0,0,0,193.521521,-1.3487234176024971,多,127.394,126.025,107.5,1
1766157480.7313604,2025-12-19 15:18:00,2025-12-19 23:18:00,BarData,127.66,0,0.0,0.0,193.336521,0.0,✅ 触发交易,127.660,126.078,123.9,1
1766157484.6735275,2025-12-19 15:18:04,2025-12-19 23:18:04,Strategy_Open,127.66,1.0,0,1.0,193.322521,0.0,Strategy_Signal,127.660,126.078,123.9,1
1766157508.648918,2025-12-19 15:18:28,2025-12-19 23:18:28,SL,127.455,1.0,1.0,0.0,193.196521,0.0,🛡️ 止损 (-1.12%),127.660,126.078,123.9,1
1766157508.6492317,2025-12-19 15:18:28,2025-12-19 23:18:28,PnlRecord,127.455,0,0,0,193.221521,-1.1207072211163236,多,127.660,126.078,123.9,1
1766157541.370373,2025-12-19 15:19:01,2025-12-19 23:19:01,BarData,127.17,0,0.0,0.0,193.196521,0.0,✅ 触发交易,127.170,126.114,83.0,1
1766157545.2828062,2025-12-19 15:19:05,2025-12-19 23:19:05,Strategy_Open,127.17,1.0,0,1.0,193.03352099999998,0.0,Strategy_Signal,127.170,126.114,83.0,1
1766157549.4732797,2025-12-19 15:19:09,2025-12-19 23:19:09,SL,126.983,1.0,1.0,0.0,192.926521,0.0,🛡️ 止损 (-1.63%),127.170,126.114,83.0,1
1766157549.4735732,2025-12-19 15:19:09,2025-12-19 23:19:09,PnlRecord,126.983,0,0,0,193.03352099999998,-1.6274864376129696,多,127.170,126.114,83.0,1
1766157602.181832,2025-12-19 15:20:02,2025-12-19 23:20:02,BarData,126.209,0,0.0,0.0,192.926521,0.0,❌ 震荡 (Gap 7.3 < 10),126.209,126.117,7.3,0
1766157660.3040986,2025-12-19 15:21:00,2025-12-19 23:21:00,BarData,125.805,0,0.0,0.0,192.926521,0.0,✅ 触发交易,125.805,126.107,24.0,-1
1766157664.5707817,2025-12-19 15:21:04,2025-12-19 23:21:04,Strategy_Open,125.805,1.0,0,-1.0,193.010521,0.0,Strategy_Signal,125.805,126.107,24.0,-1
1766157720.1697688,2025-12-19 15:22:00,2025-12-19 23:22:00,BarData,125.436,0,-1.0,-1.0,193.235521,0.0,✅ 触发交易,125.436,126.085,51.7,-1
1766157780.378681,2025-12-19 15:23:00,2025-12-19 23:23:00,BarData,125.416,0,-1.0,-1.0,193.414521,0.0,✅ 触发交易,125.416,126.063,51.6,-1
1766157840.2172117,2025-12-19 15:24:00,2025-12-19 23:24:00,BarData,125.83,0,-1.0,-1.0,193.210521,0.0,❌ 快线向上,125.830,126.055,17.9,0
1766157840.92859,2025-12-19 15:24:00,2025-12-19 23:24:00,PnlRecord,125.83,0,0,0,193.210521,0.09535767072996658,空,125.830,126.055,17.9,0
1766157841.2436867,2025-12-19 15:24:01,2025-12-19 23:24:01,CloseSignal,125.83,1.0,-1.0,0,193.210521,0.0,Strategy_TrendEnd,125.830,126.055,17.9,0
1766157900.3943505,2025-12-19 15:25:00,2025-12-19 23:25:00,BarData,125.854,0,0.0,0.0,193.017521,0.0,❌ 快线向上,125.854,126.049,15.5,0
1766157960.4106898,2025-12-19 15:26:00,2025-12-19 23:26:00,BarData,125.684,0,0.0,0.0,193.017521,0.0,✅ 触发交易,125.684,126.037,28.1,-1
1766157964.482312,2025-12-19 15:26:04,2025-12-19 23:26:04,Strategy_Open,125.684,1.0,0,-1.0,193.047521,0.0,Strategy_Signal,125.684,126.037,28.1,-1
1766158020.6542928,2025-12-19 15:27:00,2025-12-19 23:27:00,BarData,125.567,0,-1.0,-1.0,193.17652099999998,0.0,✅ 触发交易,125.567,126.021,36.2,-1
1766158080.263986,2025-12-19 15:28:00,2025-12-19 23:28:00,BarData,125.649,0,-1.0,-1.0,193.089521,0.0,✅ 触发交易,125.649,126.009,28.7,-1
1766158142.3626258,2025-12-19 15:29:02,2025-12-19 23:29:02,BarData,125.572,0,-1.0,-1.0,193.25952099999998,0.0,✅ 触发交易,125.572,125.995,33.7,-1
1766158202.1099923,2025-12-19 15:30:02,2025-12-19 23:30:02,BarData,125.535,0,-1.0,-1.0,193.148521,0.0,✅ 触发交易,125.535,125.980,35.4,-1
1766158223.6484468,2025-12-19 15:30:23,2025-12-19 23:30:23,TP,125.068,1.0,-1.0,0.0,193.620521,0.0,🚀 止盈 (+5.15%),125.535,125.980,35.4,-1
1766158223.64875,2025-12-19 15:30:23,2025-12-19 23:30:23,PnlRecord,125.068,0,0,0,193.148521,5.154475166247702,空,125.535,125.980,35.4,-1
1766158260.5102797,2025-12-19 15:31:00,2025-12-19 23:31:00,BarData,124.997,0,0.0,0.0,193.620521,0.0,✅ 触发交易,124.997,125.948,76.0,-1
1766158264.5004423,2025-12-19 15:31:04,2025-12-19 23:31:04,Strategy_Open,124.997,1.0,0,-1.0,193.610521,0.0,Strategy_Signal,124.997,125.948,76.0,-1
1766158271.7785716,2025-12-19 15:31:11,2025-12-19 23:31:11,SL,125.133,1.0,-1.0,0.0,193.442521,0.0,🛡️ 止损 (-1.42%),124.997,125.948,76.0,-1
1766158271.7788792,2025-12-19 15:31:11,2025-12-19 23:31:11,PnlRecord,125.133,0,0,0,193.588521,-1.4245128246168404,空,124.997,125.948,76.0,-1
1766158320.5716488,2025-12-19 15:32:00,2025-12-19 23:32:00,BarData,125.389,0,0.0,0.0,193.442521,0.0,✅ 触发交易,125.389,125.929,43.1,-1
1766158324.5424492,2025-12-19 15:32:04,2025-12-19 23:32:04,Strategy_Open,125.389,1.0,0,-1.0,193.399521,0.0,Strategy_Signal,125.389,125.929,43.1,-1
1766158334.0887542,2025-12-19 15:32:14,2025-12-19 23:32:14,SL,125.55,1.0,-1.0,0.0,193.289521,0.0,🛡️ 止损 (-1.17%),125.389,125.929,43.1,-1
1766158334.0890522,2025-12-19 15:32:14,2025-12-19 23:32:14,PnlRecord,125.55,0,0,0,193.380521,-1.1722207602688242,空,125.389,125.929,43.1,-1
1766158380.4170995,2025-12-19 15:33:00,2025-12-19 23:33:00,BarData,125.768,0,0.0,0.0,193.289521,0.0,✅ 触发交易,125.768,125.924,12.4,-1
1766158384.3951879,2025-12-19 15:33:04,2025-12-19 23:33:04,Strategy_Open,125.768,1.0,0,-1.0,193.259521,0.0,Strategy_Signal,125.768,125.924,12.4,-1
1766158440.5415735,2025-12-19 15:34:00,2025-12-19 23:34:00,BarData,125.73,0,-1.0,-1.0,193.287521,0.0,✅ 触发交易,125.730,125.918,14.9,-1
1766158500.5855088,2025-12-19 15:35:00,2025-12-19 23:35:00,BarData,125.538,0,-1.0,-1.0,193.474521,0.0,✅ 触发交易,125.538,125.905,29.2,-1
1766158560.5161605,2025-12-19 15:36:00,2025-12-19 23:36:00,BarData,125.667,0,-1.0,-1.0,193.474521,0.0,✅ 触发交易,125.667,125.897,18.3,-1
1766158601.500452,2025-12-19 15:36:41,2025-12-19 23:36:41,SL,125.901,1.0,-1.0,0.0,193.136521,0.0,🛡️ 止损 (-1.01%),125.667,125.897,18.3,-1
1766158601.500772,2025-12-19 15:36:41,2025-12-19 23:36:41,PnlRecord,125.901,0,0,0,193.253521,-1.009747642597002,空,125.667,125.897,18.3,-1
1766158620.583186,2025-12-19 15:37:00,2025-12-19 23:37:00,BarData,125.849,0,0.0,0.0,193.136521,0.0,❌ 震荡 (Gap 3.7 < 10),125.849,125.896,3.7,0
1766158681.4798584,2025-12-19 15:38:01,2025-12-19 23:38:01,BarData,125.859,0,0.0,0.0,193.136521,0.0,❌ 震荡 (Gap 2.8 < 10),125.859,125.895,2.8,0
1766158740.5643437,2025-12-19 15:39:00,2025-12-19 23:39:00,BarData,125.782,0,0.0,0.0,193.136521,0.0,❌ 震荡 (Gap 8.7 < 10),125.782,125.891,8.7,0
1766158800.6140957,2025-12-19 15:40:00,2025-12-19 23:40:00,BarData,125.731,0,0.0,0.0,193.136521,0.0,✅ 触发交易,125.731,125.886,12.3,-1
1766158804.4931564,2025-12-19 15:40:04,2025-12-19 23:40:04,Strategy_Open,125.731,1.0,0,-1.0,193.173521,0.0,Strategy_Signal,125.731,125.886,12.3,-1
1766158862.257376,2025-12-19 15:41:02,2025-12-19 23:41:02,BarData,125.477,0,-1.0,-1.0,193.232521,0.0,✅ 触发交易,125.477,125.872,31.5,-1
1766158920.585486,2025-12-19 15:42:00,2025-12-19 23:42:00,BarData,125.626,0,-1.0,-1.0,193.340521,0.0,✅ 触发交易,125.626,125.864,19.0,-1
1766158980.3376138,2025-12-19 15:43:00,2025-12-19 23:43:00,BarData,125.553,0,-1.0,-1.0,193.30652099999998,0.0,✅ 触发交易,125.553,125.854,24.0,-1
1766159040.5542731,2025-12-19 15:44:00,2025-12-19 23:44:00,BarData,125.323,0,-1.0,-1.0,193.60452099999998,0.0,✅ 触发交易,125.323,125.837,41.0,-1
1766159100.3524415,2025-12-19 15:45:00,2025-12-19 23:45:00,BarData,125.348,0,-1.0,-1.0,193.49152099999998,0.0,✅ 触发交易,125.348,125.821,37.7,-1
1766159160.57341,2025-12-19 15:46:00,2025-12-19 23:46:00,BarData,125.309,0,-1.0,-1.0,193.62252099999998,0.0,✅ 触发交易,125.309,125.804,39.5,-1
1766159220.0863936,2025-12-19 15:47:00,2025-12-19 23:47:00,BarData,125.344,0,-1.0,-1.0,193.726521,0.0,✅ 触发交易,125.344,125.789,35.5,-1
1766159247.7585423,2025-12-19 15:47:27,2025-12-19 23:47:27,TP,125.143,1.0,-1.0,0.0,193.802521,0.0,🚀 止盈 (+5.07%),125.344,125.789,35.5,-1
1766159247.7588477,2025-12-19 15:47:27,2025-12-19 23:47:27,PnlRecord,125.143,0,0,0,193.746521,5.072308218252401,空,125.344,125.789,35.5,-1
1766159280.3995268,2025-12-19 15:48:00,2025-12-19 23:48:00,BarData,125.003,0,0.0,0.0,193.802521,0.0,✅ 触发交易,125.003,125.763,60.8,-1
1766159284.2934139,2025-12-19 15:48:04,2025-12-19 23:48:04,Strategy_Open,125.003,1.0,0,-1.0,193.730794,0.0,Strategy_Signal,125.003,125.763,60.8,-1
1766159340.694583,2025-12-19 15:49:00,2025-12-19 23:49:00,BarData,124.961,0,-1.0,-1.0,193.849794,0.0,✅ 触发交易,124.961,125.737,62.1,-1
1766159368.7997487,2025-12-19 15:49:28,2025-12-19 23:49:28,SL,125.077,1.0,-1.0,0.0,193.665794,0.0,🛡️ 止损 (-1.06%),124.961,125.737,62.1,-1
1766159368.8000605,2025-12-19 15:49:28,2025-12-19 23:49:28,PnlRecord,125.077,0,0,0,193.69779400000002,-1.056464844531634,空,124.961,125.737,62.1,-1
1766159400.163361,2025-12-19 15:50:00,2025-12-19 23:50:00,BarData,124.885,0,0.0,0.0,193.665794,0.0,✅ 触发交易,124.885,125.709,66.0,-1
1766159404.0301833,2025-12-19 15:50:04,2025-12-19 23:50:04,Strategy_Open,124.885,1.0,0,-1.0,193.591794,0.0,Strategy_Signal,124.885,125.709,66.0,-1
1766159413.3011117,2025-12-19 15:50:13,2025-12-19 23:50:13,SL,125.064,1.0,-1.0,0.0,193.514794,0.0,🛡️ 止损 (-1.19%),124.885,125.709,66.0,-1
1766159413.3014164,2025-12-19 15:50:13,2025-12-19 23:50:13,PnlRecord,125.064,0,0,0,193.607794,-1.1928111115557514,空,124.885,125.709,66.0,-1
1766159460.817495,2025-12-19 15:51:00,2025-12-19 23:51:00,BarData,125.086,0,0.0,0.0,193.514794,0.0,✅ 触发交易,125.086,125.688,48.1,-1
1766159464.8002486,2025-12-19 15:51:04,2025-12-19 23:51:04,Strategy_Open,125.086,1.0,0,-1.0,193.498794,0.0,Strategy_Signal,125.086,125.688,48.1,-1
1766159521.6870255,2025-12-19 15:52:01,2025-12-19 23:52:01,BarData,124.917,0,-1.0,-1.0,193.686794,0.0,✅ 触发交易,124.917,125.663,59.7,-1
1766159580.5659695,2025-12-19 15:53:00,2025-12-19 23:53:00,BarData,124.717,0,-1.0,-1.0,193.80379399999998,0.0,✅ 触发交易,124.717,125.632,73.4,-1
1766159640.8442967,2025-12-19 15:54:00,2025-12-19 23:54:00,BarData,124.953,0,-1.0,-1.0,193.843794,0.0,✅ 触发交易,124.953,125.610,52.6,-1
1766159700.6447575,2025-12-19 15:55:00,2025-12-19 23:55:00,BarData,124.999,0,-1.0,-1.0,193.67879399999998,0.0,✅ 触发交易,124.999,125.590,47.3,-1
1766159760.2520838,2025-12-19 15:56:00,2025-12-19 23:56:00,BarData,124.874,0,-1.0,-1.0,193.67879399999998,0.0,✅ 触发交易,124.874,125.566,55.4,-1
1766159821.8548527,2025-12-19 15:57:01,2025-12-19 23:57:01,BarData,124.84,0,-1.0,-1.0,193.689794,0.0,✅ 触发交易,124.840,125.542,56.3,-1
1766159880.2237513,2025-12-19 15:58:00,2025-12-19 23:58:00,BarData,124.995,0,-1.0,-1.0,193.629794,0.0,✅ 触发交易,124.995,125.524,42.4,-1
1766159940.531442,2025-12-19 15:59:00,2025-12-19 23:59:00,BarData,125.025,0,-1.0,-1.0,193.590794,0.0,✅ 触发交易,125.025,125.508,38.6,-1
1766160000.2078524,2025-12-19 16:00:00,2025-12-20 00:00:00,BarData,125.007,0,-1.0,-1.0,193.581794,0.0,✅ 触发交易,125.007,125.492,38.8,-1
1766160062.3918328,2025-12-19 16:01:02,2025-12-20 00:01:02,BarData,125.003,0,-1.0,-1.0,193.772294,0.0,✅ 触发交易,125.003,125.476,37.8,-1
1766160098.6418257,2025-12-19 16:01:38,2025-12-20 00:01:38,SL,125.207,1.0,-1.0,0.0,193.410295,0.0,🛡️ 止损 (-1.06%),125.003,125.476,37.8,-1
1766160098.6421523,2025-12-19 16:01:38,2025-12-20 00:01:38,PnlRecord,125.207,0,0,0,193.48529399999998,-1.0553667799319673,空,125.003,125.476,37.8,-1
1766160120.6583457,2025-12-19 16:02:00,2025-12-20 00:02:00,BarData,125.265,0,0.0,0.0,193.410295,0.0,✅ 触发交易,125.265,125.469,16.3,-1
1766160124.6548715,2025-12-19 16:02:04,2025-12-20 00:02:04,Strategy_Open,125.265,1.0,0,-1.0,193.37929499999998,0.0,Strategy_Signal,125.265,125.469,16.3,-1
1766160138.536835,2025-12-19 16:02:18,2025-12-20 00:02:18,SL,125.399,1.0,-1.0,0.0,193.218295,0.0,🛡️ 止损 (-1.08%),125.265,125.469,16.3,-1
1766160138.5371256,2025-12-19 16:02:18,2025-12-20 00:02:18,PnlRecord,125.399,0,0,0,193.382295,-1.0777238472346813,空,125.265,125.469,16.3,-1
1766160180.5040925,2025-12-19 16:03:00,2025-12-20 00:03:00,BarData,125.514,0,0.0,0.0,193.218295,0.0,❌ 震荡 (Gap 3.5 < 10),125.514,125.470,3.5,0
1766160240.4250295,2025-12-19 16:04:00,2025-12-20 00:04:00,BarData,125.685,0,0.0,0.0,193.218295,0.0,✅ 触发交易,125.685,125.477,16.5,1
1766160244.3052914,2025-12-19 16:04:04,2025-12-20 00:04:04,Strategy_Open,125.685,1.0,0,1.0,193.147295,0.0,Strategy_Signal,125.685,125.477,16.5,1
1766160249.996916,2025-12-19 16:04:09,2025-12-20 00:04:09,SL,125.512,1.0,1.0,0.0,193.084295,0.0,🛡️ 止损 (-1.15%),125.685,125.477,16.5,1
1766160249.9972136,2025-12-19 16:04:09,2025-12-20 00:04:09,PnlRecord,125.512,0,0,0,193.116295,-1.1539349180705891,多,125.685,125.477,16.5,1
1766160302.79386,2025-12-19 16:05:02,2025-12-20 00:05:02,BarData,125.522,0,0.0,0.0,193.084295,0.0,❌ 震荡 (Gap 3.4 < 10),125.522,125.479,3.4,0
1766160362.4173381,2025-12-19 16:06:02,2025-12-20 00:06:02,BarData,125.572,0,0.0,0.0,193.084295,0.0,❌ 震荡 (Gap 7.2 < 10),125.572,125.482,7.2,0
1766160420.414957,2025-12-19 16:07:00,2025-12-20 00:07:00,BarData,126.108,0,0.0,0.0,193.084295,0.0,✅ 触发交易,126.108,125.502,48.0,1
1766160424.281939,2025-12-19 16:07:04,2025-12-20 00:07:04,Strategy_Open,126.108,1.0,0,0.0,193.084295,0.0,Strategy_Signal,126.108,125.502,48.0,1
1766160480.1588616,2025-12-19 16:08:00,2025-12-20 00:08:00,BarData,126.189,0,0.0,0.0,193.084295,0.0,✅ 触发交易,126.189,125.525,52.6,1
1766160484.0335536,2025-12-19 16:08:04,2025-12-20 00:08:04,Strategy_Open,126.189,1.0,0,0.0,193.084295,0.0,Strategy_Signal,126.189,125.525,52.6,1
1766160540.2585914,2025-12-19 16:09:00,2025-12-20 00:09:00,BarData,126.135,0,0.0,0.0,193.084295,0.0,✅ 触发交易,126.135,125.545,46.8,1
1766160544.2525747,2025-12-19 16:09:04,2025-12-20 00:09:04,Strategy_Open,126.135,1.0,0,0.0,193.084295,0.0,Strategy_Signal,126.135,125.545,46.8,1
1766160600.5442965,2025-12-19 16:10:00,2025-12-20 00:10:00,BarData,126.198,0,0.0,0.0,193.084295,0.0,✅ 触发交易,126.198,125.566,50.1,1
1766160604.91587,2025-12-19 16:10:04,2025-12-20 00:10:04,Strategy_Open,126.198,1.0,0,0.0,193.084295,0.0,Strategy_Signal,126.198,125.566,50.1,1
1766160660.17986,2025-12-19 16:11:00,2025-12-20 00:11:00,BarData,126.336,0,0.0,0.0,193.084295,0.0,✅ 触发交易,126.336,125.591,58.9,1
1766160664.0639982,2025-12-19 16:11:04,2025-12-20 00:11:04,Strategy_Open,126.336,1.0,0,0.0,193.084295,0.0,Strategy_Signal,126.336,125.591,58.9,1
1766160720.4180048,2025-12-19 16:12:00,2025-12-20 00:12:00,BarData,126.392,0,0.0,0.0,193.084295,0.0,✅ 触发交易,126.392,125.618,61.3,1
1766160724.5223806,2025-12-19 16:12:04,2025-12-20 00:12:04,Strategy_Open,126.392,1.0,0,0.0,193.084295,0.0,Strategy_Signal,126.392,125.618,61.3,1
1766160780.9591615,2025-12-19 16:13:00,2025-12-20 00:13:00,BarData,126.283,0,0.0,0.0,193.084295,0.0,✅ 触发交易,126.283,125.640,51.0,1
1766160784.8347633,2025-12-19 16:13:04,2025-12-20 00:13:04,Strategy_Open,126.283,1.0,0,0.0,193.084295,0.0,Strategy_Signal,126.283,125.640,51.0,1
1766160842.5802603,2025-12-19 16:14:02,2025-12-20 00:14:02,BarData,126.274,0,0.0,0.0,193.084295,0.0,✅ 触发交易,126.274,125.660,48.6,1
1766160846.530054,2025-12-19 16:14:06,2025-12-20 00:14:06,Strategy_Open,126.274,1.0,0,0.0,193.084295,0.0,Strategy_Signal,126.274,125.660,48.6,1
1766160900.3904247,2025-12-19 16:15:00,2025-12-20 00:15:00,BarData,126.287,0,0.0,0.0,193.084295,0.0,✅ 触发交易,126.287,125.681,48.0,1
1766160904.2645485,2025-12-19 16:15:04,2025-12-20 00:15:04,Strategy_Open,126.287,1.0,0,0.0,193.084295,0.0,Strategy_Signal,126.287,125.681,48.0,1
1766160960.5875912,2025-12-19 16:16:00,2025-12-20 00:16:00,BarData,126.359,0,0.0,0.0,193.084295,0.0,✅ 触发交易,126.359,125.703,51.9,1
1766160964.4529672,2025-12-19 16:16:04,2025-12-20 00:16:04,Strategy_Open,126.359,1.0,0,0.0,193.084295,0.0,Strategy_Signal,126.359,125.703,51.9,1
1766161020.3387227,2025-12-19 16:17:00,2025-12-20 00:17:00,BarData,126.261,0,0.0,0.0,193.084295,0.0,✅ 触发交易,126.261,125.721,42.7,1
1766161024.2193997,2025-12-19 16:17:04,2025-12-20 00:17:04,Strategy_Open,126.261,1.0,0,0.0,193.084295,0.0,Strategy_Signal,126.261,125.721,42.7,1
1766161080.1151054,2025-12-19 16:18:00,2025-12-20 00:18:00,BarData,126.388,0,0.0,0.0,193.084295,0.0,✅ 触发交易,126.388,125.743,51.0,1
1766161083.9938507,2025-12-19 16:18:03,2025-12-20 00:18:03,Strategy_Open,126.388,1.0,0,0.0,193.084295,0.0,Strategy_Signal,126.388,125.743,51.0,1
1766161142.8513381,2025-12-19 16:19:02,2025-12-20 00:19:02,BarData,126.128,0,0.0,0.0,193.084295,0.0,✅ 触发交易,126.128,125.756,29.5,1
1766161146.7425008,2025-12-19 16:19:06,2025-12-20 00:19:06,Strategy_Open,126.128,1.0,0,0.0,193.084295,0.0,Strategy_Signal,126.128,125.756,29.5,1
1766161200.2472434,2025-12-19 16:20:00,2025-12-20 00:20:00,BarData,126.139,0,0.0,0.0,193.084295,0.0,✅ 触发交易,126.139,125.768,29.4,1
1766161204.122408,2025-12-19 16:20:04,2025-12-20 00:20:04,Strategy_Open,126.139,1.0,0,0.0,193.084295,0.0,Strategy_Signal,126.139,125.768,29.4,1
1766161261.1620345,2025-12-19 16:21:01,2025-12-20 00:21:01,BarData,126.091,0,0.0,0.0,193.084295,0.0,✅ 触发交易,126.091,125.779,24.7,1
1766161265.028761,2025-12-19 16:21:05,2025-12-20 00:21:05,Strategy_Open,126.091,1.0,0,0.0,193.084295,0.0,Strategy_Signal,126.091,125.779,24.7,1
1766161320.5148692,2025-12-19 16:22:00,2025-12-20 00:22:00,BarData,126.227,0,0.0,0.0,193.084295,0.0,✅ 触发交易,126.227,125.794,34.3,1
1766161324.3930001,2025-12-19 16:22:04,2025-12-20 00:22:04,Strategy_Open,126.227,1.0,0,0.0,193.084295,0.0,Strategy_Signal,126.227,125.794,34.3,1
1766161380.9376411,2025-12-19 16:23:00,2025-12-20 00:23:00,BarData,126.254,0,0.0,0.0,193.084295,0.0,✅ 触发交易,126.254,125.809,35.3,1
1766161384.7974713,2025-12-19 16:23:04,2025-12-20 00:23:04,Strategy_Open,126.254,1.0,0,0.0,193.084295,0.0,Strategy_Signal,126.254,125.809,35.3,1
1766161440.5336115,2025-12-19 16:24:00,2025-12-20 00:24:00,BarData,126.183,0,0.0,0.0,193.084295,0.0,✅ 触发交易,126.183,125.821,28.7,1
1766161444.405614,2025-12-19 16:24:04,2025-12-20 00:24:04,Strategy_Open,126.183,1.0,0,0.0,193.084295,0.0,Strategy_Signal,126.183,125.821,28.7,1
1766161501.938141,2025-12-19 16:25:01,2025-12-20 00:25:01,BarData,126.101,0,0.0,0.0,193.084295,0.0,✅ 触发交易,126.101,125.830,21.5,1
1766161505.9391258,2025-12-19 16:25:05,2025-12-20 00:25:05,Strategy_Open,126.101,1.0,0,0.0,193.084295,0.0,Strategy_Signal,126.101,125.830,21.5,1
1766161560.5084798,2025-12-19 16:26:00,2025-12-20 00:26:00,BarData,126.136,0,0.0,0.0,193.084295,0.0,✅ 触发交易,126.136,125.840,23.4,1
1766161564.3762946,2025-12-19 16:26:04,2025-12-20 00:26:04,Strategy_Open,126.136,1.0,0,0.0,193.084295,0.0,Strategy_Signal,126.136,125.840,23.4,1
1766161620.4313319,2025-12-19 16:27:00,2025-12-20 00:27:00,BarData,126.164,0,0.0,0.0,193.084295,0.0,✅ 触发交易,126.164,125.851,24.8,1
1766161624.306544,2025-12-19 16:27:04,2025-12-20 00:27:04,Strategy_Open,126.164,1.0,0,0.0,193.084295,0.0,Strategy_Signal,126.164,125.851,24.8,1
1766161682.6983786,2025-12-19 16:28:02,2025-12-20 00:28:02,BarData,126.058,0,0.0,0.0,193.084295,0.0,✅ 触发交易,126.058,125.858,15.9,1
1766161686.7248833,2025-12-19 16:28:06,2025-12-20 00:28:06,Strategy_Open,126.058,1.0,0,0.0,193.084295,0.0,Strategy_Signal,126.058,125.858,15.9,1
1766161740.352913,2025-12-19 16:29:00,2025-12-20 00:29:00,BarData,126.154,0,0.0,0.0,193.084295,0.0,✅ 触发交易,126.154,125.867,22.7,1
1766161744.2289486,2025-12-19 16:29:04,2025-12-20 00:29:04,Strategy_Open,126.154,1.0,0,0.0,193.084295,0.0,Strategy_Signal,126.154,125.867,22.7,1
1766161800.4562547,2025-12-19 16:30:00,2025-12-20 00:30:00,BarData,126.145,0,0.0,0.0,193.084295,0.0,✅ 触发交易,126.145,125.876,21.3,1
1766161804.4693856,2025-12-19 16:30:04,2025-12-20 00:30:04,Strategy_Open,126.145,1.0,0,0.0,193.084295,0.0,Strategy_Signal,126.145,125.876,21.3,1
1766161860.339124,2025-12-19 16:31:00,2025-12-20 00:31:00,BarData,126.357,0,0.0,0.0,193.084295,0.0,✅ 触发交易,126.357,125.892,36.8,1
1766161864.2216847,2025-12-19 16:31:04,2025-12-20 00:31:04,Strategy_Open,126.357,1.0,0,0.0,193.084295,0.0,Strategy_Signal,126.357,125.892,36.8,1
1766161921.3121135,2025-12-19 16:32:01,2025-12-20 00:32:01,BarData,126.471,0,0.0,0.0,193.084295,0.0,✅ 触发交易,126.471,125.911,44.3,1
1766161925.2337725,2025-12-19 16:32:05,2025-12-20 00:32:05,Strategy_Open,126.471,1.0,0,0.0,193.084295,0.0,Strategy_Signal,126.471,125.911,44.3,1
1766161981.574259,2025-12-19 16:33:01,2025-12-20 00:33:01,BarData,126.593,0,0.0,0.0,193.084295,0.0,✅ 触发交易,126.593,125.934,52.1,1
1766161985.4728115,2025-12-19 16:33:05,2025-12-20 00:33:05,Strategy_Open,126.593,1.0,0,0.0,193.084295,0.0,Strategy_Signal,126.593,125.934,52.1,1
1766162040.2511673,2025-12-19 16:34:00,2025-12-20 00:34:00,BarData,126.614,0,0.0,0.0,193.084295,0.0,✅ 触发交易,126.614,125.956,52.0,1
1766162044.118388,2025-12-19 16:34:04,2025-12-20 00:34:04,Strategy_Open,126.614,1.0,0,0.0,193.084295,0.0,Strategy_Signal,126.614,125.956,52.0,1
1766162100.5352309,2025-12-19 16:35:00,2025-12-20 00:35:00,BarData,126.662,0,0.0,0.0,193.084295,0.0,✅ 触发交易,126.662,125.979,53.9,1
1766162104.4193473,2025-12-19 16:35:04,2025-12-20 00:35:04,Strategy_Open,126.662,1.0,0,0.0,193.084295,0.0,Strategy_Signal,126.662,125.979,53.9,1
1766162160.313357,2025-12-19 16:36:00,2025-12-20 00:36:00,BarData,126.631,0,0.0,0.0,193.084295,0.0,✅ 触发交易,126.631,126.000,49.8,1
1766162164.4434562,2025-12-19 16:36:04,2025-12-20 00:36:04,Strategy_Open,126.631,1.0,0,0.0,193.084295,0.0,Strategy_Signal,126.631,126.000,49.8,1
1766162220.5811453,2025-12-19 16:37:00,2025-12-20 00:37:00,BarData,126.239,0,0.0,0.0,193.084295,0.0,✅ 触发交易,126.239,126.008,18.3,1
1766162224.5019033,2025-12-19 16:37:04,2025-12-20 00:37:04,Strategy_Open,126.239,1.0,0,0.0,193.084295,0.0,Strategy_Signal,126.239,126.008,18.3,1
1766162280.4790552,2025-12-19 16:38:00,2025-12-20 00:38:00,BarData,126.238,0,0.0,0.0,193.084295,0.0,✅ 触发交易,126.238,126.016,17.6,1
1766162284.357221,2025-12-19 16:38:04,2025-12-20 00:38:04,Strategy_Open,126.238,1.0,0,0.0,193.084295,0.0,Strategy_Signal,126.238,126.016,17.6,1
1766162340.6333175,2025-12-19 16:39:00,2025-12-20 00:39:00,BarData,126.43,0,0.0,0.0,193.084295,0.0,✅ 触发交易,126.430,126.029,31.7,1
1766162344.7441475,2025-12-19 16:39:04,2025-12-20 00:39:04,Strategy_Open,126.43,1.0,0,0.0,193.084295,0.0,Strategy_Signal,126.430,126.029,31.7,1
1766162400.17484,2025-12-19 16:40:00,2025-12-20 00:40:00,BarData,126.217,0,0.0,0.0,193.084295,0.0,✅ 触发交易,126.217,126.036,14.4,1
1766162404.045723,2025-12-19 16:40:04,2025-12-20 00:40:04,Strategy_Open,126.217,1.0,0,0.0,193.084295,0.0,Strategy_Signal,126.217,126.036,14.4,1
1766162460.296406,2025-12-19 16:41:00,2025-12-20 00:41:00,BarData,126.161,0,0.0,0.0,193.084295,0.0,❌ 震荡 (Gap 9.6 < 10),126.161,126.040,9.6,0
1766162520.2526798,2025-12-19 16:42:00,2025-12-20 00:42:00,BarData,126.289,0,0.0,0.0,193.084295,0.0,✅ 触发交易,126.289,126.048,19.1,1
1766162524.1236274,2025-12-19 16:42:04,2025-12-20 00:42:04,Strategy_Open,126.289,1.0,0,0.0,193.084295,0.0,Strategy_Signal,126.289,126.048,19.1,1
1766162580.3224533,2025-12-19 16:43:00,2025-12-20 00:43:00,BarData,126.198,0,0.0,0.0,193.084295,0.0,✅ 触发交易,126.198,126.053,11.5,1
1766162584.1927674,2025-12-19 16:43:04,2025-12-20 00:43:04,Strategy_Open,126.198,1.0,0,0.0,193.084295,0.0,Strategy_Signal,126.198,126.053,11.5,1
1766162640.5005937,2025-12-19 16:44:00,2025-12-20 00:44:00,BarData,126.312,0,0.0,0.0,193.084295,0.0,✅ 触发交易,126.312,126.061,19.9,1
1766162644.4028783,2025-12-19 16:44:04,2025-12-20 00:44:04,Strategy_Open,126.312,1.0,0,0.0,193.084295,0.0,Strategy_Signal,126.312,126.061,19.9,1
1766162700.3750622,2025-12-19 16:45:00,2025-12-20 00:45:00,BarData,126.195,0,0.0,0.0,193.084295,0.0,✅ 触发交易,126.195,126.066,10.3,1
1766162704.2328126,2025-12-19 16:45:04,2025-12-20 00:45:04,Strategy_Open,126.195,1.0,0,0.0,193.084295,0.0,Strategy_Signal,126.195,126.066,10.3,1
1766162760.5137436,2025-12-19 16:46:00,2025-12-20 00:46:00,BarData,126.12,0,0.0,0.0,193.084295,0.0,❌ 震荡 (Gap 4.2 < 10),126.120,126.067,4.2,0
1766162820.6429322,2025-12-19 16:47:00,2025-12-20 00:47:00,BarData,125.944,0,0.0,0.0,193.084295,0.0,❌ 震荡 (Gap 9.5 < 10),125.944,126.063,9.5,0
1766162880.4498734,2025-12-19 16:48:00,2025-12-20 00:48:00,BarData,125.716,0,0.0,0.0,193.084295,0.0,✅ 触发交易,125.716,126.052,26.7,-1
1766162884.3079164,2025-12-19 16:48:04,2025-12-20 00:48:04,Strategy_Open,125.716,1.0,0,0.0,193.084295,0.0,Strategy_Signal,125.716,126.052,26.7,-1
1766162941.5854082,2025-12-19 16:49:01,2025-12-20 00:49:01,BarData,125.812,0,0.0,0.0,193.084295,0.0,✅ 触发交易,125.812,126.044,18.4,-1
1766162945.472691,2025-12-19 16:49:05,2025-12-20 00:49:05,Strategy_Open,125.812,1.0,0,0.0,193.084295,0.0,Strategy_Signal,125.812,126.044,18.4,-1
1766163000.3464224,2025-12-19 16:50:00,2025-12-20 00:50:00,BarData,125.804,0,0.0,0.0,193.084295,0.0,✅ 触发交易,125.804,126.036,18.5,-1
1766163004.4075706,2025-12-19 16:50:04,2025-12-20 00:50:04,Strategy_Open,125.804,1.0,0,0.0,193.084295,0.0,Strategy_Signal,125.804,126.036,18.5,-1
1766163060.7157662,2025-12-19 16:51:00,2025-12-20 00:51:00,BarData,125.764,0,0.0,0.0,193.084295,0.0,✅ 触发交易,125.764,126.027,20.9,-1
1766163064.7300708,2025-12-19 16:51:04,2025-12-20 00:51:04,Strategy_Open,125.764,1.0,0,0.0,193.084295,0.0,Strategy_Signal,125.764,126.027,20.9,-1
1766163120.4088953,2025-12-19 16:52:00,2025-12-20 00:52:00,BarData,125.719,0,0.0,0.0,193.084295,0.0,✅ 触发交易,125.719,126.017,23.7,-1
1766163124.293572,2025-12-19 16:52:04,2025-12-20 00:52:04,Strategy_Open,125.719,1.0,0,0.0,193.084295,0.0,Strategy_Signal,125.719,126.017,23.7,-1
1766163180.6258473,2025-12-19 16:53:00,2025-12-20 00:53:00,BarData,125.449,0,0.0,0.0,193.084295,0.0,✅ 触发交易,125.449,125.999,43.8,-1
1766163184.4981706,2025-12-19 16:53:04,2025-12-20 00:53:04,Strategy_Open,125.449,1.0,0,0.0,193.084295,0.0,Strategy_Signal,125.449,125.999,43.8,-1
1766163240.8746789,2025-12-19 16:54:00,2025-12-20 00:54:00,BarData,125.569,0,0.0,0.0,193.084295,0.0,✅ 触发交易,125.569,125.984,33.1,-1
1766163244.7673833,2025-12-19 16:54:04,2025-12-20 00:54:04,Strategy_Open,125.569,1.0,0,0.0,193.084295,0.0,Strategy_Signal,125.569,125.984,33.1,-1
1766163302.393979,2025-12-19 16:55:02,2025-12-20 00:55:02,BarData,125.427,0,0.0,0.0,193.084295,0.0,✅ 触发交易,125.427,125.966,43.0,-1
1766163306.3814547,2025-12-19 16:55:06,2025-12-20 00:55:06,Strategy_Open,125.427,1.0,0,0.0,193.084295,0.0,Strategy_Signal,125.427,125.966,43.0,-1
1766163360.4788103,2025-12-19 16:56:00,2025-12-20 00:56:00,BarData,125.269,0,0.0,0.0,193.084295,0.0,✅ 触发交易,125.269,125.943,53.8,-1
1766163364.4966893,2025-12-19 16:56:04,2025-12-20 00:56:04,Strategy_Open,125.269,1.0,0,0.0,193.084295,0.0,Strategy_Signal,125.269,125.943,53.8,-1
1766163420.639092,2025-12-19 16:57:00,2025-12-20 00:57:00,BarData,125.069,0,0.0,0.0,193.084295,0.0,✅ 触发交易,125.069,125.915,67.6,-1
1766163424.5201607,2025-12-19 16:57:04,2025-12-20 00:57:04,Strategy_Open,125.069,1.0,0,0.0,193.084295,0.0,Strategy_Signal,125.069,125.915,67.6,-1
1766163480.470347,2025-12-19 16:58:00,2025-12-20 00:58:00,BarData,125.249,0,0.0,0.0,193.084295,0.0,✅ 触发交易,125.249,125.893,51.4,-1
1766163484.4359746,2025-12-19 16:58:04,2025-12-20 00:58:04,Strategy_Open,125.249,1.0,0,0.0,193.084295,0.0,Strategy_Signal,125.249,125.893,51.4,-1
1766163540.8832247,2025-12-19 16:59:00,2025-12-20 00:59:00,BarData,125.275,0,0.0,0.0,193.084295,0.0,✅ 触发交易,125.275,125.873,47.7,-1
1766163544.794445,2025-12-19 16:59:04,2025-12-20 00:59:04,Strategy_Open,125.275,1.0,0,0.0,193.084295,0.0,Strategy_Signal,125.275,125.873,47.7,-1
1766163601.7896094,2025-12-19 17:00:01,2025-12-20 01:00:01,BarData,125.231,0,0.0,0.0,193.084295,0.0,✅ 触发交易,125.231,125.852,49.6,-1
1766163605.7295804,2025-12-19 17:00:05,2025-12-20 01:00:05,Strategy_Open,125.231,1.0,0,0.0,193.084295,0.0,Strategy_Signal,125.231,125.852,49.6,-1
1766163660.4151158,2025-12-19 17:01:00,2025-12-20 01:01:00,BarData,125.194,0,0.0,0.0,193.084295,0.0,✅ 触发交易,125.194,125.830,50.8,-1
1766163664.2979527,2025-12-19 17:01:04,2025-12-20 01:01:04,Strategy_Open,125.194,1.0,0,0.0,193.084295,0.0,Strategy_Signal,125.194,125.830,50.8,-1
1766163721.7881749,2025-12-19 17:02:01,2025-12-20 01:02:01,BarData,125.254,0,0.0,0.0,193.084295,0.0,✅ 触发交易,125.254,125.811,44.5,-1
1766163725.708386,2025-12-19 17:02:05,2025-12-20 01:02:05,Strategy_Open,125.254,1.0,0,0.0,193.084295,0.0,Strategy_Signal,125.254,125.811,44.5,-1
1766163780.3002605,2025-12-19 17:03:00,2025-12-20 01:03:00,BarData,125.485,0,0.0,0.0,193.084295,0.0,✅ 触发交易,125.485,125.800,25.1,-1
1766163784.1563325,2025-12-19 17:03:04,2025-12-20 01:03:04,Strategy_Open,125.485,1.0,0,0.0,193.084295,0.0,Strategy_Signal,125.485,125.800,25.1,-1
1766163840.2357292,2025-12-19 17:04:00,2025-12-20 01:04:00,BarData,125.289,0,0.0,0.0,193.084295,0.0,✅ 触发交易,125.289,125.784,39.5,-1
1766163844.1167583,2025-12-19 17:04:04,2025-12-20 01:04:04,Strategy_Open,125.289,1.0,0,0.0,193.084295,0.0,Strategy_Signal,125.289,125.784,39.5,-1
1766163900.9652455,2025-12-19 17:05:00,2025-12-20 01:05:00,BarData,125.323,0,0.0,0.0,193.084295,0.0,✅ 触发交易,125.323,125.769,35.6,-1
1766163905.2510881,2025-12-19 17:05:05,2025-12-20 01:05:05,Strategy_Open,125.323,1.0,0,0.0,193.084295,0.0,Strategy_Signal,125.323,125.769,35.6,-1
1766163962.4673305,2025-12-19 17:06:02,2025-12-20 01:06:02,BarData,125.203,0,0.0,0.0,193.084295,0.0,✅ 触发交易,125.203,125.750,43.7,-1
1766163966.3988693,2025-12-19 17:06:06,2025-12-20 01:06:06,Strategy_Open,125.203,1.0,0,0.0,193.084295,0.0,Strategy_Signal,125.203,125.750,43.7,-1
1766164021.8549228,2025-12-19 17:07:01,2025-12-20 01:07:01,BarData,125.354,0,0.0,0.0,193.084295,0.0,✅ 触发交易,125.354,125.737,30.6,-1
1766164025.775535,2025-12-19 17:07:05,2025-12-20 01:07:05,Strategy_Open,125.354,1.0,0,0.0,193.084295,0.0,Strategy_Signal,125.354,125.737,30.6,-1
1766164080.1190162,2025-12-19 17:08:00,2025-12-20 01:08:00,BarData,125.683,0,0.0,0.0,193.084295,0.0,❌ 震荡 (Gap 4.2 < 10),125.683,125.735,4.2,0
1766164140.2308106,2025-12-19 17:09:00,2025-12-20 01:09:00,BarData,125.833,0,0.0,0.0,193.084295,0.0,❌ 震荡 (Gap 7.5 < 10),125.833,125.738,7.5,0
1766164201.1199658,2025-12-19 17:10:01,2025-12-20 01:10:01,BarData,125.833,0,0.0,0.0,193.084295,0.0,❌ 震荡 (Gap 7.3 < 10),125.833,125.742,7.3,0
1766164260.4336872,2025-12-19 17:11:00,2025-12-20 01:11:00,BarData,125.928,0,0.0,0.0,193.084295,0.0,✅ 触发交易,125.928,125.748,14.3,1
1766164264.3371217,2025-12-19 17:11:04,2025-12-20 01:11:04,Strategy_Open,125.928,1.0,0,0.0,193.084295,0.0,Strategy_Signal,125.928,125.748,14.3,1
1766164320.5884662,2025-12-19 17:12:00,2025-12-20 01:12:00,BarData,125.868,0,0.0,0.0,193.084295,0.0,❌ 震荡 (Gap 9.2 < 10),125.868,125.752,9.2,0
1766164380.7576246,2025-12-19 17:13:00,2025-12-20 01:13:00,BarData,125.96,0,0.0,0.0,193.084295,0.0,✅ 触发交易,125.960,125.758,16.0,1
1766164384.6228623,2025-12-19 17:13:04,2025-12-20 01:13:04,Strategy_Open,125.96,1.0,0,0.0,193.084295,0.0,Strategy_Signal,125.960,125.758,16.0,1
1766164440.3857493,2025-12-19 17:14:00,2025-12-20 01:14:00,BarData,125.799,0,0.0,0.0,193.084295,0.0,❌ 震荡 (Gap 3.1 < 10),125.799,125.760,3.1,0
1766164500.4761481,2025-12-19 17:15:00,2025-12-20 01:15:00,BarData,125.792,0,0.0,0.0,193.084295,0.0,❌ 震荡 (Gap 2.5 < 10),125.792,125.761,2.5,0
1766164560.249713,2025-12-19 17:16:00,2025-12-20 01:16:00,BarData,125.896,0,0.0,0.0,193.084295,0.0,✅ 触发交易,125.896,125.765,10.4,1
1766164564.2294283,2025-12-19 17:16:04,2025-12-20 01:16:04,Strategy_Open,125.896,1.0,0,0.0,193.084295,0.0,Strategy_Signal,125.896,125.765,10.4,1
1766164621.1310313,2025-12-19 17:17:01,2025-12-20 01:17:01,BarData,125.965,0,0.0,0.0,193.084295,0.0,✅ 触发交易,125.965,125.772,15.3,1
1766164625.0074408,2025-12-19 17:17:05,2025-12-20 01:17:05,Strategy_Open,125.965,1.0,0,0.0,193.084295,0.0,Strategy_Signal,125.965,125.772,15.3,1
1766164680.3090365,2025-12-19 17:18:00,2025-12-20 01:18:00,BarData,125.903,0,0.0,0.0,193.084295,0.0,✅ 触发交易,125.903,125.776,10.1,1
1766164684.1889713,2025-12-19 17:18:04,2025-12-20 01:18:04,Strategy_Open,125.903,1.0,0,0.0,193.084295,0.0,Strategy_Signal,125.903,125.776,10.1,1
1766164740.4943748,2025-12-19 17:19:00,2025-12-20 01:19:00,BarData,125.961,0,0.0,0.0,193.084295,0.0,✅ 触发交易,125.961,125.782,14.2,1
1766164744.6993127,2025-12-19 17:19:04,2025-12-20 01:19:04,Strategy_Open,125.961,1.0,0,0.0,193.084295,0.0,Strategy_Signal,125.961,125.782,14.2,1
1766164802.711732,2025-12-19 17:20:02,2025-12-20 01:20:02,BarData,125.783,0,0.0,0.0,193.084295,0.0,❌ 震荡 (Gap 0.1 < 10),125.783,125.782,0.1,0
1766164860.357867,2025-12-19 17:21:00,2025-12-20 01:21:00,BarData,125.965,0,0.0,0.0,193.084295,0.0,✅ 触发交易,125.965,125.788,14.0,1
1766164864.24618,2025-12-19 17:21:04,2025-12-20 01:21:04,Strategy_Open,125.965,1.0,0,0.0,193.084295,0.0,Strategy_Signal,125.965,125.788,14.0,1
1766164921.2892368,2025-12-19 17:22:01,2025-12-20 01:22:01,BarData,125.711,0,0.0,0.0,193.084295,0.0,❌ 震荡 (Gap 5.9 < 10),125.711,125.786,5.9,0
1766164980.3035717,2025-12-19 17:23:00,2025-12-20 01:23:00,BarData,125.589,0,0.0,0.0,193.084295,0.0,✅ 触发交易,125.589,125.779,15.1,-1
1766164984.1707802,2025-12-19 17:23:04,2025-12-20 01:23:04,Strategy_Open,125.589,1.0,0,0.0,193.084295,0.0,Strategy_Signal,125.589,125.779,15.1,-1
1766165041.1319141,2025-12-19 17:24:01,2025-12-20 01:24:01,BarData,125.712,0,0.0,0.0,193.084295,0.0,❌ 震荡 (Gap 5.2 < 10),125.712,125.777,5.2,0
1766165102.6995425,2025-12-19 17:25:02,2025-12-20 01:25:02,BarData,125.687,0,0.0,0.0,193.084295,0.0,❌ 震荡 (Gap 6.9 < 10),125.687,125.774,6.9,0
1766165160.525112,2025-12-19 17:26:00,2025-12-20 01:26:00,BarData,125.609,0,0.0,0.0,193.084295,0.0,✅ 触发交易,125.609,125.769,12.7,-1
1766165164.4002888,2025-12-19 17:26:04,2025-12-20 01:26:04,Strategy_Open,125.609,1.0,0,0.0,193.084295,0.0,Strategy_Signal,125.609,125.769,12.7,-1
1766165220.344335,2025-12-19 17:27:00,2025-12-20 01:27:00,BarData,125.697,0,0.0,0.0,193.084295,0.0,❌ 震荡 (Gap 5.5 < 10),125.697,125.766,5.5,0
1766165280.31123,2025-12-19 17:28:00,2025-12-20 01:28:00,BarData,125.593,0,0.0,0.0,193.084295,0.0,✅ 触发交易,125.593,125.761,13.3,-1
1766165284.1912556,2025-12-19 17:28:04,2025-12-20 01:28:04,Strategy_Open,125.593,1.0,0,0.0,193.084295,0.0,Strategy_Signal,125.593,125.761,13.3,-1
1766165342.1100943,2025-12-19 17:29:02,2025-12-20 01:29:02,BarData,125.653,0,0.0,0.0,193.084295,0.0,❌ 震荡 (Gap 8.3 < 10),125.653,125.757,8.3,0
1766165400.6108932,2025-12-19 17:30:00,2025-12-20 01:30:00,BarData,125.23,0,0.0,0.0,193.084295,0.0,✅ 触发交易,125.230,125.740,40.7,-1
1766165404.4734182,2025-12-19 17:30:04,2025-12-20 01:30:04,Strategy_Open,125.23,1.0,0,0.0,193.084295,0.0,Strategy_Signal,125.230,125.740,40.7,-1
1766165460.204603,2025-12-19 17:31:00,2025-12-20 01:31:00,BarData,125.085,0,0.0,0.0,193.084295,0.0,✅ 触发交易,125.085,125.718,50.6,-1
1766165464.0813794,2025-12-19 17:31:04,2025-12-20 01:31:04,Strategy_Open,125.085,1.0,0,0.0,193.084295,0.0,Strategy_Signal,125.085,125.718,50.6,-1
1766165521.1991923,2025-12-19 17:32:01,2025-12-20 01:32:01,BarData,124.756,0,0.0,0.0,193.084295,0.0,✅ 触发交易,124.756,125.687,74.6,-1
1766165525.095875,2025-12-19 17:32:05,2025-12-20 01:32:05,Strategy_Open,124.756,1.0,0,0.0,193.084295,0.0,Strategy_Signal,124.756,125.687,74.6,-1
1766165580.147005,2025-12-19 17:33:00,2025-12-20 01:33:00,BarData,124.893,0,0.0,0.0,193.084295,0.0,✅ 触发交易,124.893,125.661,61.5,-1
1766165584.0194468,2025-12-19 17:33:04,2025-12-20 01:33:04,Strategy_Open,124.893,1.0,0,0.0,193.084295,0.0,Strategy_Signal,124.893,125.661,61.5,-1
1766165640.366283,2025-12-19 17:34:00,2025-12-20 01:34:00,BarData,124.322,0,0.0,0.0,193.084295,0.0,✅ 触发交易,124.322,125.617,104.2,-1
1766165644.2492104,2025-12-19 17:34:04,2025-12-20 01:34:04,Strategy_Open,124.322,1.0,0,0.0,193.084295,0.0,Strategy_Signal,124.322,125.617,104.2,-1
1766165701.3687806,2025-12-19 17:35:01,2025-12-20 01:35:01,BarData,124.22,0,0.0,0.0,193.084295,0.0,✅ 触发交易,124.220,125.571,108.8,-1
1766165705.2587779,2025-12-19 17:35:05,2025-12-20 01:35:05,Strategy_Open,124.22,1.0,0,0.0,193.084295,0.0,Strategy_Signal,124.220,125.571,108.8,-1
1766165760.595064,2025-12-19 17:36:00,2025-12-20 01:36:00,BarData,124.351,0,0.0,0.0,193.084295,0.0,✅ 触发交易,124.351,125.531,94.9,-1
1766165764.5131612,2025-12-19 17:36:04,2025-12-20 01:36:04,Strategy_Open,124.351,1.0,0,0.0,193.084295,0.0,Strategy_Signal,124.351,125.531,94.9,-1
1766165820.3577623,2025-12-19 17:37:00,2025-12-20 01:37:00,BarData,124.698,0,0.0,0.0,193.084295,0.0,✅ 触发交易,124.698,125.504,64.6,-1
1766165824.2550173,2025-12-19 17:37:04,2025-12-20 01:37:04,Strategy_Open,124.698,1.0,0,0.0,193.084295,0.0,Strategy_Signal,124.698,125.504,64.6,-1
1766165880.1033154,2025-12-19 17:38:00,2025-12-20 01:38:00,BarData,124.804,0,0.0,0.0,193.084295,0.0,✅ 触发交易,124.804,125.481,54.2,-1
1766165883.9919941,2025-12-19 17:38:03,2025-12-20 01:38:03,Strategy_Open,124.804,1.0,0,0.0,193.084295,0.0,Strategy_Signal,124.804,125.481,54.2,-1
1766165940.4467993,2025-12-19 17:39:00,2025-12-20 01:39:00,BarData,124.681,0,0.0,0.0,193.084295,0.0,✅ 触发交易,124.681,125.455,62.0,-1
1766165944.3620691,2025-12-19 17:39:04,2025-12-20 01:39:04,Strategy_Open,124.681,1.0,0,0.0,193.084295,0.0,Strategy_Signal,124.681,125.455,62.0,-1
1766166000.1529849,2025-12-19 17:40:00,2025-12-20 01:40:00,BarData,124.648,0,0.0,0.0,193.084295,0.0,✅ 触发交易,124.648,125.428,62.6,-1
1766166004.1740565,2025-12-19 17:40:04,2025-12-20 01:40:04,Strategy_Open,124.648,1.0,0,0.0,193.084295,0.0,Strategy_Signal,124.648,125.428,62.6,-1
1766166060.1864421,2025-12-19 17:41:00,2025-12-20 01:41:00,BarData,124.574,0,0.0,0.0,193.084295,0.0,✅ 触发交易,124.574,125.400,66.3,-1
1766166064.2236338,2025-12-19 17:41:04,2025-12-20 01:41:04,Strategy_Open,124.574,1.0,0,0.0,193.084295,0.0,Strategy_Signal,124.574,125.400,66.3,-1
1766166120.5659647,2025-12-19 17:42:00,2025-12-20 01:42:00,BarData,124.347,0,0.0,0.0,193.084295,0.0,✅ 触发交易,124.347,125.366,81.9,-1
1766166124.4283655,2025-12-19 17:42:04,2025-12-20 01:42:04,Strategy_Open,124.347,1.0,0,0.0,193.084295,0.0,Strategy_Signal,124.347,125.366,81.9,-1
1766166180.6351132,2025-12-19 17:43:00,2025-12-20 01:43:00,BarData,124.578,0,0.0,0.0,193.084295,0.0,✅ 触发交易,124.578,125.340,61.1,-1
1766166184.491421,2025-12-19 17:43:04,2025-12-20 01:43:04,Strategy_Open,124.578,1.0,0,0.0,193.084295,0.0,Strategy_Signal,124.578,125.340,61.1,-1
1766166240.609987,2025-12-19 17:44:00,2025-12-20 01:44:00,BarData,124.599,0,0.0,0.0,193.084295,0.0,✅ 触发交易,124.599,125.315,57.5,-1
1766166244.4874432,2025-12-19 17:44:04,2025-12-20 01:44:04,Strategy_Open,124.599,1.0,0,0.0,193.084295,0.0,Strategy_Signal,124.599,125.315,57.5,-1
1766166300.53287,2025-12-19 17:45:00,2025-12-20 01:45:00,BarData,124.378,0,0.0,0.0,193.084295,0.0,✅ 触发交易,124.378,125.285,72.9,-1
1766166304.40943,2025-12-19 17:45:04,2025-12-20 01:45:04,Strategy_Open,124.378,1.0,0,0.0,193.084295,0.0,Strategy_Signal,124.378,125.285,72.9,-1
1766166360.5806777,2025-12-19 17:46:00,2025-12-20 01:46:00,BarData,124.102,0,0.0,0.0,193.084295,0.0,✅ 触发交易,124.102,125.246,92.2,-1
1766166364.523092,2025-12-19 17:46:04,2025-12-20 01:46:04,Strategy_Open,124.102,1.0,0,0.0,193.084295,0.0,Strategy_Signal,124.102,125.246,92.2,-1
1766166421.4497852,2025-12-19 17:47:01,2025-12-20 01:47:01,BarData,123.681,0,0.0,0.0,193.084295,0.0,✅ 触发交易,123.681,125.195,122.4,-1
1766166425.3073845,2025-12-19 17:47:05,2025-12-20 01:47:05,Strategy_Open,123.681,1.0,0,0.0,193.084295,0.0,Strategy_Signal,123.681,125.195,122.4,-1
1766166481.451856,2025-12-19 17:48:01,2025-12-20 01:48:01,BarData,123.956,0,0.0,0.0,193.084295,0.0,✅ 触发交易,123.956,125.154,96.7,-1
1766166485.306503,2025-12-19 17:48:05,2025-12-20 01:48:05,Strategy_Open,123.956,1.0,0,0.0,193.084295,0.0,Strategy_Signal,123.956,125.154,96.7,-1
1766166540.5610673,2025-12-19 17:49:00,2025-12-20 01:49:00,BarData,124.239,0,0.0,0.0,193.084295,0.0,✅ 触发交易,124.239,125.124,71.2,-1
1766166544.4282043,2025-12-19 17:49:04,2025-12-20 01:49:04,Strategy_Open,124.239,1.0,0,0.0,193.084295,0.0,Strategy_Signal,124.239,125.124,71.2,-1
1766166600.6176622,2025-12-19 17:50:00,2025-12-20 01:50:00,BarData,124.368,0,0.0,0.0,193.084295,0.0,✅ 触发交易,124.368,125.099,58.8,-1
1766166604.4866517,2025-12-19 17:50:04,2025-12-20 01:50:04,Strategy_Open,124.368,1.0,0,0.0,193.084295,0.0,Strategy_Signal,124.368,125.099,58.8,-1
1766166660.3961945,2025-12-19 17:51:00,2025-12-20 01:51:00,BarData,124.431,0,0.0,0.0,193.084295,0.0,✅ 触发交易,124.431,125.077,51.9,-1
1766166664.406638,2025-12-19 17:51:04,2025-12-20 01:51:04,Strategy_Open,124.431,1.0,0,0.0,193.084295,0.0,Strategy_Signal,124.431,125.077,51.9,-1
1766166720.3144188,2025-12-19 17:52:00,2025-12-20 01:52:00,BarData,124.6,0,0.0,0.0,193.084295,0.0,✅ 触发交易,124.600,125.062,37.1,-1
1766166724.1877446,2025-12-19 17:52:04,2025-12-20 01:52:04,Strategy_Open,124.6,1.0,0,0.0,193.084295,0.0,Strategy_Signal,124.600,125.062,37.1,-1
1766166780.531747,2025-12-19 17:53:00,2025-12-20 01:53:00,BarData,124.369,0,0.0,0.0,193.084295,0.0,✅ 触发交易,124.369,125.039,53.9,-1
1766166784.4278939,2025-12-19 17:53:04,2025-12-20 01:53:04,Strategy_Open,124.369,1.0,0,0.0,193.084295,0.0,Strategy_Signal,124.369,125.039,53.9,-1
1766166840.4449742,2025-12-19 17:54:00,2025-12-20 01:54:00,BarData,124.392,0,0.0,0.0,193.084295,0.0,✅ 触发交易,124.392,125.018,50.3,-1
1766166844.300986,2025-12-19 17:54:04,2025-12-20 01:54:04,Strategy_Open,124.392,1.0,0,0.0,193.084295,0.0,Strategy_Signal,124.392,125.018,50.3,-1
1766166900.5761762,2025-12-19 17:55:00,2025-12-20 01:55:00,BarData,124.395,0,0.0,0.0,193.084295,0.0,✅ 触发交易,124.395,124.997,48.4,-1
1766166904.4887233,2025-12-19 17:55:04,2025-12-20 01:55:04,Strategy_Open,124.395,1.0,0,0.0,193.084295,0.0,Strategy_Signal,124.395,124.997,48.4,-1
1766166960.5071633,2025-12-19 17:56:00,2025-12-20 01:56:00,BarData,124.206,0,0.0,0.0,193.084295,0.0,✅ 触发交易,124.206,124.971,61.6,-1
