timestamp,datetime_utc,datetime_bj,action,price,size,position_before,position_after,equity,pnl,reason,ema_fast,ema_slow,gap_bps,signal
1766218320.4517386,2025-12-20 08:12:00,2025-12-20 16:12:00,BarData,126.328,0,0.0,0.0,193.084195,0.0,❌ 震荡 (Gap 0.0 < 10),126.328,126.328,0.0,0
1766218380.5495074,2025-12-20 08:13:00,2025-12-20 16:13:00,BarData,126.359,0,0.0,0.0,193.084195,0.0,❌ 震荡 (Gap 2.4 < 10),126.359,126.329,2.4,0
1766218440.2969077,2025-12-20 08:14:00,2025-12-20 16:14:00,BarData,126.375,0,0.0,0.0,193.084195,0.0,❌ 震荡 (Gap 3.5 < 10),126.375,126.331,3.5,0
1766218500.5621858,2025-12-20 08:15:00,2025-12-20 16:15:00,BarData,126.35,0,0.0,0.0,193.084195,0.0,❌ 震荡 (Gap 1.5 < 10),126.350,126.331,1.5,0
1766218560.1337087,2025-12-20 08:16:00,2025-12-20 16:16:00,BarData,126.452,0,0.0,0.0,193.084195,0.0,❌ 震荡 (Gap 9.2 < 10),126.452,126.335,9.2,0
1766218620.2657068,2025-12-20 08:17:00,2025-12-20 16:17:00,BarData,126.364,0,0.0,0.0,193.084195,0.0,❌ 震荡 (Gap 2.2 < 10),126.364,126.336,2.2,0
1766218680.482348,2025-12-20 08:18:00,2025-12-20 16:18:00,BarData,126.38,0,0.0,0.0,193.084195,0.0,❌ 震荡 (Gap 3.4 < 10),126.380,126.338,3.4,0
1766218740.403823,2025-12-20 08:19:00,2025-12-20 16:19:00,BarData,126.426,0,0.0,0.0,193.084195,0.0,❌ 震荡 (Gap 6.8 < 10),126.426,126.340,6.8,0
1766218801.5934143,2025-12-20 08:20:01,2025-12-20 16:20:01,BarData,126.535,0,0.0,0.0,193.084195,0.0,✅ 触发交易,126.535,126.347,14.9,1
1766218805.5695155,2025-12-20 08:20:05,2025-12-20 16:20:05,Strategy_Open,126.535,1.0,0,1.0,193.065195,0.0,Strategy_Signal,126.535,126.347,14.9,1
1766218860.816979,2025-12-20 08:21:00,2025-12-20 16:21:00,BarData,126.757,0,1.0,1.0,193.257195,0.0,✅ 触发交易,126.757,126.360,31.3,1
1766218920.3326197,2025-12-20 08:22:00,2025-12-20 16:22:00,BarData,126.843,0,1.0,1.0,193.414195,0.0,✅ 触发交易,126.843,126.376,36.8,1
1766218980.7577639,2025-12-20 08:23:00,2025-12-20 16:23:00,BarData,126.818,0,1.0,1.0,193.352195,0.0,✅ 触发交易,126.818,126.391,33.7,1
1766219040.839092,2025-12-20 08:24:00,2025-12-20 16:24:00,BarData,126.856,0,1.0,1.0,193.345195,0.0,✅ 触发交易,126.856,126.406,35.5,1
1766219100.4552264,2025-12-20 08:25:00,2025-12-20 16:25:00,BarData,126.779,0,1.0,1.0,193.317195,0.0,✅ 触发交易,126.779,126.418,28.5,1
1766219160.812326,2025-12-20 08:26:00,2025-12-20 16:26:00,BarData,126.758,0,1.0,1.0,193.317195,0.0,✅ 触发交易,126.758,126.429,25.9,1
1766219221.5915272,2025-12-20 08:27:01,2025-12-20 16:27:01,BarData,126.742,0,1.0,1.0,193.292195,0.0,✅ 触发交易,126.742,126.439,23.9,1
1766219280.6148956,2025-12-20 08:28:00,2025-12-20 16:28:00,BarData,126.709,0,1.0,1.0,193.23119499999999,0.0,✅ 触发交易,126.709,126.448,20.6,1
1766219340.473093,2025-12-20 08:29:00,2025-12-20 16:29:00,BarData,126.772,0,1.0,1.0,193.276195,0.0,✅ 触发交易,126.772,126.459,24.7,1
1766219400.2133346,2025-12-20 08:30:00,2025-12-20 16:30:00,BarData,126.784,0,1.0,1.0,193.309195,0.0,✅ 触发交易,126.784,126.470,24.8,1
1766219460.432679,2025-12-20 08:31:00,2025-12-20 16:31:00,BarData,126.749,0,1.0,1.0,193.32019499999998,0.0,✅ 触发交易,126.749,126.479,21.3,1
1766219522.187786,2025-12-20 08:32:02,2025-12-20 16:32:02,BarData,126.657,0,1.0,1.0,193.210195,0.0,✅ 触发交易,126.657,126.485,13.6,1
1766219580.727799,2025-12-20 08:33:00,2025-12-20 16:33:00,BarData,126.669,0,1.0,1.0,193.223195,0.0,✅ 触发交易,126.669,126.491,14.1,1
1766219640.4334297,2025-12-20 08:34:00,2025-12-20 16:34:00,BarData,126.684,0,1.0,1.0,193.209195,0.0,✅ 触发交易,126.684,126.497,14.8,1
1766219700.5041604,2025-12-20 08:35:00,2025-12-20 16:35:00,BarData,126.662,0,1.0,1.0,193.209195,0.0,✅ 触发交易,126.662,126.502,12.6,1
1766219760.514939,2025-12-20 08:36:00,2025-12-20 16:36:00,BarData,126.681,0,1.0,1.0,193.223195,0.0,✅ 触发交易,126.681,126.508,13.6,1
1766219820.2587543,2025-12-20 08:37:00,2025-12-20 16:37:00,BarData,126.654,0,1.0,1.0,193.223195,0.0,✅ 触发交易,126.654,126.513,11.1,1
1766219880.7903204,2025-12-20 08:38:00,2025-12-20 16:38:00,BarData,126.863,0,1.0,1.0,193.40919499999998,0.0,✅ 触发交易,126.863,126.524,26.7,1
1766219940.52091,2025-12-20 08:39:00,2025-12-20 16:39:00,BarData,126.885,0,1.0,1.0,193.416195,0.0,✅ 触发交易,126.885,126.536,27.5,1
1766220001.5437257,2025-12-20 08:40:01,2025-12-20 16:40:01,BarData,126.791,0,1.0,1.0,193.369195,0.0,✅ 触发交易,126.791,126.545,19.4,1
1766220060.2638328,2025-12-20 08:41:00,2025-12-20 16:41:00,BarData,126.781,0,1.0,1.0,193.33219499999998,0.0,✅ 触发交易,126.781,126.552,18.0,1
1766220120.6044807,2025-12-20 08:42:00,2025-12-20 16:42:00,BarData,126.766,0,1.0,1.0,193.351195,0.0,✅ 触发交易,126.766,126.559,16.3,1
1766220182.1551027,2025-12-20 08:43:02,2025-12-20 16:43:02,BarData,126.75,0,1.0,1.0,193.351195,0.0,✅ 触发交易,126.750,126.566,14.5,1
1766220240.3964405,2025-12-20 08:44:00,2025-12-20 16:44:00,BarData,126.702,0,1.0,1.0,193.30219499999998,0.0,✅ 触发交易,126.702,126.570,10.4,1
1766220300.546481,2025-12-20 08:45:00,2025-12-20 16:45:00,BarData,126.689,0,1.0,1.0,193.240195,0.0,❌ 震荡 (Gap 9.1 < 10),126.689,126.574,9.1,0
1766220301.2475724,2025-12-20 08:45:01,2025-12-20 16:45:01,PnlRecord,126.689,0,0,0,193.240195,1.2487058507400324,多,126.689,126.574,9.1,0
1766220301.6262782,2025-12-20 08:45:01,2025-12-20 16:45:01,CloseSignal,126.689,1.0,1.0,0,193.240195,0.0,Strategy_TrendEnd,126.689,126.574,9.1,0
1766220360.4962814,2025-12-20 08:46:00,2025-12-20 16:46:00,BarData,126.652,0,0.0,0.0,193.220195,0.0,❌ 震荡 (Gap 6.0 < 10),126.652,126.577,6.0,0
1766220420.4626348,2025-12-20 08:47:00,2025-12-20 16:47:00,BarData,126.623,0,0.0,0.0,193.220195,0.0,❌ 震荡 (Gap 3.5 < 10),126.623,126.578,3.5,0
1766220480.773088,2025-12-20 08:48:00,2025-12-20 16:48:00,BarData,126.619,0,0.0,0.0,193.220195,0.0,❌ 震荡 (Gap 3.1 < 10),126.619,126.579,3.1,0
1766220542.2229543,2025-12-20 08:49:02,2025-12-20 16:49:02,BarData,126.66,0,0.0,0.0,193.220195,0.0,❌ 震荡 (Gap 6.2 < 10),126.660,126.582,6.2,0
1766220601.4843981,2025-12-20 08:50:01,2025-12-20 16:50:01,BarData,126.708,0,0.0,0.0,193.220195,0.0,❌ 震荡 (Gap 9.6 < 10),126.708,126.586,9.6,0
1766220660.6860666,2025-12-20 08:51:00,2025-12-20 16:51:00,BarData,126.689,0,0.0,0.0,193.220195,0.0,❌ 震荡 (Gap 7.8 < 10),126.689,126.590,7.8,0
1766220721.5073404,2025-12-20 08:52:01,2025-12-20 16:52:01,BarData,126.544,0,0.0,0.0,193.220195,0.0,❌ 震荡 (Gap 3.5 < 10),126.544,126.588,3.5,0
1766220780.5932527,2025-12-20 08:53:00,2025-12-20 16:53:00,BarData,126.5,0,0.0,0.0,193.220195,0.0,❌ 震荡 (Gap 6.7 < 10),126.500,126.585,6.7,0
1766220840.6111321,2025-12-20 08:54:00,2025-12-20 16:54:00,BarData,126.5,0,0.0,0.0,193.220195,0.0,❌ 震荡 (Gap 6.5 < 10),126.500,126.582,6.5,0
1766220900.6707115,2025-12-20 08:55:00,2025-12-20 16:55:00,BarData,126.493,0,0.0,0.0,193.220195,0.0,❌ 震荡 (Gap 6.8 < 10),126.493,126.579,6.8,0
1766220962.3276792,2025-12-20 08:56:02,2025-12-20 16:56:02,BarData,126.42,0,0.0,0.0,193.220195,0.0,✅ 触发交易,126.420,126.574,12.2,-1
1766220966.2269611,2025-12-20 08:56:06,2025-12-20 16:56:06,Strategy_Open,126.42,1.0,0,-1.0,193.20119499999998,0.0,Strategy_Signal,126.420,126.574,12.2,-1
1766221020.4109914,2025-12-20 08:57:00,2025-12-20 16:57:00,BarData,126.427,0,-1.0,-1.0,193.209195,0.0,✅ 触发交易,126.427,126.569,11.3,-1
1766221080.463961,2025-12-20 08:58:00,2025-12-20 16:58:00,BarData,126.455,0,-1.0,-1.0,193.192195,0.0,❌ 震荡 (Gap 8.8 < 10),126.455,126.566,8.8,0
1766221081.1426122,2025-12-20 08:58:01,2025-12-20 16:58:01,PnlRecord,126.455,0,0,0,193.192195,-0.27685492801769174,空,126.455,126.566,8.8,0
1766221081.469948,2025-12-20 08:58:01,2025-12-20 16:58:01,CloseSignal,126.455,1.0,-1.0,0,193.192195,0.0,Strategy_TrendEnd,126.455,126.566,8.8,0
1766221140.552332,2025-12-20 08:59:00,2025-12-20 16:59:00,BarData,126.438,0,0.0,0.0,193.184195,0.0,❌ 震荡 (Gap 9.8 < 10),126.438,126.561,9.8,0
1766221200.7801907,2025-12-20 09:00:00,2025-12-20 17:00:00,BarData,126.427,0,0.0,0.0,193.184195,0.0,✅ 触发交易,126.427,126.557,10.3,-1
1766221204.6761296,2025-12-20 09:00:04,2025-12-20 17:00:04,Strategy_Open,126.427,1.0,0,-1.0,193.18919499999998,0.0,Strategy_Signal,126.427,126.557,10.3,-1
1766221260.1109548,2025-12-20 09:01:00,2025-12-20 17:01:00,BarData,126.45,0,-1.0,-1.0,193.185195,0.0,❌ 震荡 (Gap 8.2 < 10),126.450,126.554,8.2,0
1766221260.8000863,2025-12-20 09:01:00,2025-12-20 17:01:00,PnlRecord,126.45,0,0,0,193.185195,-0.20565715370496307,空,126.450,126.554,8.2,0
1766221261.0927572,2025-12-20 09:01:01,2025-12-20 17:01:01,CloseSignal,126.45,1.0,-1.0,0,193.185195,0.0,Strategy_TrendEnd,126.450,126.554,8.2,0
1766221320.2184982,2025-12-20 09:02:00,2025-12-20 17:02:00,BarData,126.474,0,0.0,0.0,193.144675,0.0,❌ 震荡 (Gap 6.1 < 10),126.474,126.551,6.1,0
1766221380.2088912,2025-12-20 09:03:00,2025-12-20 17:03:00,BarData,126.534,0,0.0,0.0,193.144675,0.0,❌ 震荡 (Gap 1.3 < 10),126.534,126.550,1.3,0
1766221440.5519688,2025-12-20 09:04:00,2025-12-20 17:04:00,BarData,126.64,0,0.0,0.0,193.144675,0.0,❌ 震荡 (Gap 6.8 < 10),126.640,126.553,6.8,0
1766221500.4565048,2025-12-20 09:05:00,2025-12-20 17:05:00,BarData,126.574,0,0.0,0.0,193.144675,0.0,❌ 震荡 (Gap 1.6 < 10),126.574,126.554,1.6,0
1766221560.488144,2025-12-20 09:06:00,2025-12-20 17:06:00,BarData,126.496,0,0.0,0.0,193.144675,0.0,❌ 震荡 (Gap 4.4 < 10),126.496,126.552,4.4,0
1766221620.4147043,2025-12-20 09:07:00,2025-12-20 17:07:00,BarData,126.527,0,0.0,0.0,193.144675,0.0,❌ 震荡 (Gap 1.9 < 10),126.527,126.551,1.9,0
1766221682.3075278,2025-12-20 09:08:02,2025-12-20 17:08:02,BarData,126.513,0,0.0,0.0,193.144675,0.0,❌ 震荡 (Gap 2.9 < 10),126.513,126.550,2.9,0
1766221740.150408,2025-12-20 09:09:00,2025-12-20 17:09:00,BarData,126.549,0,0.0,0.0,193.144675,0.0,❌ 震荡 (Gap 0.1 < 10),126.549,126.550,0.1,0
1766221800.8733716,2025-12-20 09:10:00,2025-12-20 17:10:00,BarData,126.515,0,0.0,0.0,193.144675,0.0,❌ 震荡 (Gap 2.7 < 10),126.515,126.549,2.7,0
1766221862.3910902,2025-12-20 09:11:02,2025-12-20 17:11:02,BarData,126.534,0,0.0,0.0,193.144675,0.0,❌ 震荡 (Gap 1.1 < 10),126.534,126.548,1.1,0
1766221920.2960231,2025-12-20 09:12:00,2025-12-20 17:12:00,BarData,126.524,0,0.0,0.0,193.144675,0.0,❌ 震荡 (Gap 1.9 < 10),126.524,126.548,1.9,0
1766221980.4398806,2025-12-20 09:13:00,2025-12-20 17:13:00,BarData,126.579,0,0.0,0.0,193.144675,0.0,❌ 震荡 (Gap 2.4 < 10),126.579,126.549,2.4,0
1766222040.075948,2025-12-20 09:14:00,2025-12-20 17:14:00,BarData,126.565,0,0.0,0.0,193.144675,0.0,❌ 震荡 (Gap 1.3 < 10),126.565,126.549,1.3,0
1766222101.543149,2025-12-20 09:15:01,2025-12-20 17:15:01,BarData,126.578,0,0.0,0.0,193.144675,0.0,❌ 震荡 (Gap 2.2 < 10),126.578,126.550,2.2,0
1766222161.6054182,2025-12-20 09:16:01,2025-12-20 17:16:01,BarData,126.551,0,0.0,0.0,193.144675,0.0,❌ 震荡 (Gap 0.1 < 10),126.551,126.550,0.1,0
1766222220.617085,2025-12-20 09:17:00,2025-12-20 17:17:00,BarData,126.59,0,0.0,0.0,193.144675,0.0,❌ 震荡 (Gap 3.0 < 10),126.590,126.551,3.0,0
1766222280.7470238,2025-12-20 09:18:00,2025-12-20 17:18:00,BarData,126.547,0,0.0,0.0,193.144675,0.0,❌ 震荡 (Gap 0.3 < 10),126.547,126.551,0.3,0
1766222340.6133442,2025-12-20 09:19:00,2025-12-20 17:19:00,BarData,126.583,0,0.0,0.0,193.144675,0.0,❌ 震荡 (Gap 2.4 < 10),126.583,126.552,2.4,0
1766222401.5242941,2025-12-20 09:20:01,2025-12-20 17:20:01,BarData,126.573,0,0.0,0.0,193.144675,0.0,❌ 震荡 (Gap 1.6 < 10),126.573,126.553,1.6,0
1766222460.2608223,2025-12-20 09:21:00,2025-12-20 17:21:00,BarData,126.597,0,0.0,0.0,193.144675,0.0,❌ 震荡 (Gap 3.4 < 10),126.597,126.554,3.4,0
1766222520.3538918,2025-12-20 09:22:00,2025-12-20 17:22:00,BarData,126.587,0,0.0,0.0,193.144675,0.0,❌ 震荡 (Gap 2.5 < 10),126.587,126.556,2.5,0
1766222580.4743316,2025-12-20 09:23:00,2025-12-20 17:23:00,BarData,126.566,0,0.0,0.0,193.144675,0.0,❌ 震荡 (Gap 0.8 < 10),126.566,126.556,0.8,0
1766222640.172364,2025-12-20 09:24:00,2025-12-20 17:24:00,BarData,126.557,0,0.0,0.0,193.144675,0.0,❌ 震荡 (Gap 0.1 < 10),126.557,126.556,0.1,0
1766222700.7673721,2025-12-20 09:25:00,2025-12-20 17:25:00,BarData,126.63,0,0.0,0.0,193.144675,0.0,❌ 震荡 (Gap 5.7 < 10),126.630,126.558,5.7,0
1766222760.175136,2025-12-20 09:26:00,2025-12-20 17:26:00,BarData,126.575,0,0.0,0.0,193.144675,0.0,❌ 震荡 (Gap 1.3 < 10),126.575,126.559,1.3,0
1766222820.6389213,2025-12-20 09:27:00,2025-12-20 17:27:00,BarData,126.574,0,0.0,0.0,193.144675,0.0,❌ 震荡 (Gap 1.2 < 10),126.574,126.559,1.2,0
1766222880.8286436,2025-12-20 09:28:00,2025-12-20 17:28:00,BarData,126.557,0,0.0,0.0,193.144675,0.0,❌ 震荡 (Gap 0.2 < 10),126.557,126.559,0.2,0
1766222940.3537898,2025-12-20 09:29:00,2025-12-20 17:29:00,BarData,126.567,0,0.0,0.0,193.144675,0.0,❌ 震荡 (Gap 0.6 < 10),126.567,126.560,0.6,0
1766223000.384768,2025-12-20 09:30:00,2025-12-20 17:30:00,BarData,126.59,0,0.0,0.0,193.144675,0.0,❌ 震荡 (Gap 2.3 < 10),126.590,126.561,2.3,0
1766223060.2292433,2025-12-20 09:31:00,2025-12-20 17:31:00,BarData,126.658,0,0.0,0.0,193.144675,0.0,❌ 震荡 (Gap 7.4 < 10),126.658,126.564,7.4,0
1766223120.5259478,2025-12-20 09:32:00,2025-12-20 17:32:00,BarData,126.671,0,0.0,0.0,193.144675,0.0,❌ 震荡 (Gap 8.2 < 10),126.671,126.567,8.2,0
1766223181.6307147,2025-12-20 09:33:01,2025-12-20 17:33:01,BarData,126.595,0,0.0,0.0,193.144675,0.0,❌ 震荡 (Gap 2.1 < 10),126.595,126.568,2.1,0
1766223240.5456812,2025-12-20 09:34:00,2025-12-20 17:34:00,BarData,126.614,0,0.0,0.0,193.144675,0.0,❌ 震荡 (Gap 3.5 < 10),126.614,126.570,3.5,0
1766223300.1034157,2025-12-20 09:35:00,2025-12-20 17:35:00,BarData,126.649,0,0.0,0.0,193.144675,0.0,❌ 震荡 (Gap 6.1 < 10),126.649,126.572,6.1,0
1766223361.6962388,2025-12-20 09:36:01,2025-12-20 17:36:01,BarData,126.672,0,0.0,0.0,193.144675,0.0,❌ 震荡 (Gap 7.6 < 10),126.672,126.576,7.6,0
1766223420.3281221,2025-12-20 09:37:00,2025-12-20 17:37:00,BarData,126.773,0,0.0,0.0,193.144675,0.0,✅ 触发交易,126.773,126.582,15.1,1
1766223424.177589,2025-12-20 09:37:04,2025-12-20 17:37:04,Strategy_Open,126.773,1.0,0,1.0,193.114675,0.0,Strategy_Signal,126.773,126.582,15.1,1
1766223471.1386325,2025-12-20 09:37:51,2025-12-20 17:37:51,SL,126.644,1.0,1.0,0.0,193.023675,0.0,🛡️ 止损 (-1.02%),126.773,126.582,15.1,1
1766223471.1389732,2025-12-20 09:37:51,2025-12-20 17:37:51,PnlRecord,126.644,0,0,0,193.113675,-1.0175668320540705,多,126.773,126.582,15.1,1
1766223480.5894923,2025-12-20 09:38:00,2025-12-20 17:38:00,BarData,126.639,0,0.0,0.0,193.023675,0.0,❌ 震荡 (Gap 4.4 < 10),126.639,126.584,4.4,0
1766223542.281162,2025-12-20 09:39:02,2025-12-20 17:39:02,BarData,126.644,0,0.0,0.0,193.023675,0.0,❌ 震荡 (Gap 4.6 < 10),126.644,126.586,4.6,0
1766223600.5898006,2025-12-20 09:40:00,2025-12-20 17:40:00,BarData,126.665,0,0.0,0.0,193.023675,0.0,❌ 震荡 (Gap 6.0 < 10),126.665,126.588,6.0,0
1766223660.633243,2025-12-20 09:41:00,2025-12-20 17:41:00,BarData,126.616,0,0.0,0.0,193.023675,0.0,❌ 震荡 (Gap 2.1 < 10),126.616,126.589,2.1,0
1766223720.7340045,2025-12-20 09:42:00,2025-12-20 17:42:00,BarData,126.618,0,0.0,0.0,193.023675,0.0,❌ 震荡 (Gap 2.2 < 10),126.618,126.590,2.2,0
1766223781.5365129,2025-12-20 09:43:01,2025-12-20 17:43:01,BarData,126.602,0,0.0,0.0,193.023675,0.0,❌ 震荡 (Gap 0.9 < 10),126.602,126.591,0.9,0
1766223842.3017597,2025-12-20 09:44:02,2025-12-20 17:44:02,BarData,126.596,0,0.0,0.0,193.023675,0.0,❌ 震荡 (Gap 0.4 < 10),126.596,126.591,0.4,0
1766223900.403507,2025-12-20 09:45:00,2025-12-20 17:45:00,BarData,126.587,0,0.0,0.0,193.023675,0.0,❌ 震荡 (Gap 0.3 < 10),126.587,126.591,0.3,0
1766223960.2972274,2025-12-20 09:46:00,2025-12-20 17:46:00,BarData,126.57,0,0.0,0.0,193.023675,0.0,❌ 震荡 (Gap 1.6 < 10),126.570,126.590,1.6,0
1766224020.7202287,2025-12-20 09:47:00,2025-12-20 17:47:00,BarData,126.517,0,0.0,0.0,193.023675,0.0,❌ 震荡 (Gap 5.6 < 10),126.517,126.588,5.6,0
1766224080.0929284,2025-12-20 09:48:00,2025-12-20 17:48:00,BarData,126.54,0,0.0,0.0,193.023675,0.0,❌ 震荡 (Gap 3.6 < 10),126.540,126.586,3.6,0
1766224140.6508536,2025-12-20 09:49:00,2025-12-20 17:49:00,BarData,126.541,0,0.0,0.0,193.023675,0.0,❌ 震荡 (Gap 3.4 < 10),126.541,126.585,3.4,0
1766224200.6618118,2025-12-20 09:50:00,2025-12-20 17:50:00,BarData,126.523,0,0.0,0.0,193.023675,0.0,❌ 震荡 (Gap 4.7 < 10),126.523,126.583,4.7,0
1766224260.0862358,2025-12-20 09:51:00,2025-12-20 17:51:00,BarData,126.457,0,0.0,0.0,193.023675,0.0,❌ 震荡 (Gap 9.6 < 10),126.457,126.578,9.6,0
1766224320.4064913,2025-12-20 09:52:00,2025-12-20 17:52:00,BarData,126.395,0,0.0,0.0,193.023675,0.0,✅ 触发交易,126.395,126.572,14.0,-1
1766224324.2664967,2025-12-20 09:52:04,2025-12-20 17:52:04,Strategy_Open,126.395,1.0,0,-1.0,193.019675,0.0,Strategy_Signal,126.395,126.572,14.0,-1
1766224381.6498249,2025-12-20 09:53:01,2025-12-20 17:53:01,BarData,126.356,0,-1.0,-1.0,193.028675,0.0,✅ 触发交易,126.356,126.565,16.6,-1
1766224440.6638377,2025-12-20 09:54:00,2025-12-20 17:54:00,BarData,126.349,0,-1.0,-1.0,193.057675,0.0,✅ 触发交易,126.349,126.558,16.6,-1
1766224500.270839,2025-12-20 09:55:00,2025-12-20 17:55:00,BarData,126.339,0,-1.0,-1.0,193.071675,0.0,✅ 触发交易,126.339,126.551,16.8,-1
1766224560.437759,2025-12-20 09:56:00,2025-12-20 17:56:00,BarData,126.37,0,-1.0,-1.0,193.06267499999998,0.0,✅ 触发交易,126.370,126.545,13.9,-1
1766224620.1821215,2025-12-20 09:57:00,2025-12-20 17:57:00,BarData,126.302,0,-1.0,-1.0,193.078675,0.0,✅ 触发交易,126.302,126.537,18.6,-1
1766224680.3726754,2025-12-20 09:58:00,2025-12-20 17:58:00,BarData,126.245,0,-1.0,-1.0,193.167675,0.0,✅ 触发交易,126.245,126.528,22.4,-1
1766224740.2812974,2025-12-20 09:59:00,2025-12-20 17:59:00,BarData,126.212,0,-1.0,-1.0,193.192675,0.0,✅ 触发交易,126.212,126.517,24.2,-1
1766224800.9082747,2025-12-20 10:00:00,2025-12-20 18:00:00,BarData,126.227,0,-1.0,-1.0,193.167675,0.0,✅ 触发交易,126.227,126.508,22.2,-1
1766224860.3724616,2025-12-20 10:01:00,2025-12-20 18:01:00,BarData,126.227,0,-1.0,-1.0,193.17519,0.0,✅ 触发交易,126.227,126.499,21.5,-1
1766224920.3835793,2025-12-20 10:02:00,2025-12-20 18:02:00,BarData,126.278,0,-1.0,-1.0,193.13419,0.0,✅ 触发交易,126.278,126.491,16.9,-1
1766224980.51341,2025-12-20 10:03:00,2025-12-20 18:03:00,BarData,126.272,0,-1.0,-1.0,193.13419,0.0,✅ 触发交易,126.272,126.484,16.8,-1
1766225040.371423,2025-12-20 10:04:00,2025-12-20 18:04:00,BarData,126.273,0,-1.0,-1.0,193.12419,0.0,✅ 触发交易,126.273,126.477,16.2,-1
1766225100.5789902,2025-12-20 10:05:00,2025-12-20 18:05:00,BarData,126.279,0,-1.0,-1.0,193.11019,0.0,✅ 触发交易,126.279,126.471,15.2,-1
1766225160.5593307,2025-12-20 10:06:00,2025-12-20 18:06:00,BarData,126.219,0,-1.0,-1.0,193.17119,0.0,✅ 触发交易,126.219,126.462,19.3,-1
1766225220.5682886,2025-12-20 10:07:00,2025-12-20 18:07:00,BarData,126.182,0,-1.0,-1.0,193.21919,0.0,✅ 触发交易,126.182,126.453,21.5,-1
1766225282.5552669,2025-12-20 10:08:02,2025-12-20 18:08:02,BarData,126.267,0,-1.0,-1.0,193.22319,0.0,✅ 触发交易,126.267,126.447,14.3,-1
1766225342.2866476,2025-12-20 10:09:02,2025-12-20 18:09:02,BarData,126.266,0,-1.0,-1.0,193.14619,0.0,✅ 触发交易,126.266,126.441,13.9,-1
1766225400.457103,2025-12-20 10:10:00,2025-12-20 18:10:00,BarData,126.276,0,-1.0,-1.0,193.14319,0.0,✅ 触发交易,126.276,126.436,12.7,-1
1766225460.8059773,2025-12-20 10:11:00,2025-12-20 18:11:00,BarData,126.367,0,-1.0,-1.0,193.11219,0.0,❌ 震荡 (Gap 5.3 < 10),126.367,126.434,5.3,0
1766225461.558246,2025-12-20 10:11:01,2025-12-20 18:11:01,PnlRecord,126.367,0,0,0,193.11219,0.14242196463188417,空,126.367,126.434,5.3,0
1766225461.948503,2025-12-20 10:11:01,2025-12-20 18:11:01,CloseSignal,126.367,1.0,-1.0,0,193.11219,0.0,Strategy_TrendEnd,126.367,126.434,5.3,0
1766225520.4884179,2025-12-20 10:12:00,2025-12-20 18:12:00,BarData,126.335,0,0.0,0.0,193.04919,0.0,❌ 震荡 (Gap 7.5 < 10),126.335,126.430,7.5,0
1766225582.474301,2025-12-20 10:13:02,2025-12-20 18:13:02,BarData,126.304,0,0.0,0.0,193.04919,0.0,❌ 震荡 (Gap 9.7 < 10),126.304,126.426,9.7,0
1766225640.606741,2025-12-20 10:14:00,2025-12-20 18:14:00,BarData,126.326,0,0.0,0.0,193.04919,0.0,❌ 震荡 (Gap 7.7 < 10),126.326,126.423,7.7,0
1766225701.770499,2025-12-20 10:15:01,2025-12-20 18:15:01,BarData,126.293,0,0.0,0.0,193.04919,0.0,❌ 震荡 (Gap 9.9 < 10),126.293,126.419,9.9,0
1766225760.734584,2025-12-20 10:16:00,2025-12-20 18:16:00,BarData,126.284,0,0.0,0.0,193.04919,0.0,✅ 触发交易,126.284,126.414,10.3,-1
1766225764.6089602,2025-12-20 10:16:04,2025-12-20 18:16:04,Strategy_Open,126.284,1.0,0,-1.0,193.05719000000002,0.0,Strategy_Signal,126.284,126.414,10.3,-1
1766225821.589207,2025-12-20 10:17:01,2025-12-20 18:17:01,BarData,126.233,0,-1.0,-1.0,193.10019,0.0,✅ 触发交易,126.233,126.408,13.9,-1
1766225882.4448092,2025-12-20 10:18:02,2025-12-20 18:18:02,BarData,126.231,0,-1.0,-1.0,193.10419000000002,0.0,✅ 触发交易,126.231,126.402,13.6,-1
1766225941.6611116,2025-12-20 10:19:01,2025-12-20 18:19:01,BarData,126.209,0,-1.0,-1.0,193.12519,0.0,✅ 触发交易,126.209,126.396,14.8,-1
1766226000.57317,2025-12-20 10:20:00,2025-12-20 18:20:00,BarData,126.132,0,-1.0,-1.0,193.19519,0.0,✅ 触发交易,126.132,126.387,20.3,-1
1766226062.6572948,2025-12-20 10:21:02,2025-12-20 18:21:02,BarData,126.117,0,-1.0,-1.0,193.20519000000002,0.0,✅ 触发交易,126.117,126.379,20.7,-1
1766226120.9554224,2025-12-20 10:22:00,2025-12-20 18:22:00,BarData,126.078,0,-1.0,-1.0,193.24619,0.0,✅ 触发交易,126.078,126.369,23.1,-1
1766226181.6600513,2025-12-20 10:23:01,2025-12-20 18:23:01,BarData,126.086,0,-1.0,-1.0,193.25919000000002,0.0,✅ 触发交易,126.086,126.359,21.7,-1
1766226240.6503997,2025-12-20 10:24:00,2025-12-20 18:24:00,BarData,126.064,0,-1.0,-1.0,193.25619,0.0,✅ 触发交易,126.064,126.350,22.7,-1
1766226300.8571367,2025-12-20 10:25:00,2025-12-20 18:25:00,BarData,126.041,0,-1.0,-1.0,193.26019000000002,0.0,✅ 触发交易,126.041,126.340,23.7,-1
1766226361.576677,2025-12-20 10:26:01,2025-12-20 18:26:01,BarData,126.101,0,-1.0,-1.0,193.25319000000002,0.0,✅ 触发交易,126.101,126.332,18.3,-1
1766226420.862761,2025-12-20 10:27:00,2025-12-20 18:27:00,BarData,126.099,0,-1.0,-1.0,193.22619,0.0,✅ 触发交易,126.099,126.324,17.9,-1
1766226480.6151204,2025-12-20 10:28:00,2025-12-20 18:28:00,BarData,126.07,0,-1.0,-1.0,193.26619000000002,0.0,✅ 触发交易,126.070,126.316,19.5,-1
1766226540.3117294,2025-12-20 10:29:00,2025-12-20 18:29:00,BarData,126.063,0,-1.0,-1.0,193.27519,0.0,✅ 触发交易,126.063,126.308,19.4,-1
1766226600.3921506,2025-12-20 10:30:00,2025-12-20 18:30:00,BarData,126.026,0,-1.0,-1.0,193.30719000000002,0.0,✅ 触发交易,126.026,126.298,21.6,-1
1766226660.2969027,2025-12-20 10:31:00,2025-12-20 18:31:00,BarData,126.109,0,-1.0,-1.0,193.22619,0.0,✅ 触发交易,126.109,126.292,14.5,-1
1766226720.6070204,2025-12-20 10:32:00,2025-12-20 18:32:00,BarData,126.032,0,-1.0,-1.0,193.31819000000002,0.0,✅ 触发交易,126.032,126.284,20.0,-1
1766226780.2208605,2025-12-20 10:33:00,2025-12-20 18:33:00,BarData,126.041,0,-1.0,-1.0,193.25719,0.0,✅ 触发交易,126.041,126.276,18.6,-1
1766226840.5710602,2025-12-20 10:34:00,2025-12-20 18:34:00,BarData,125.973,0,-1.0,-1.0,193.25719,0.0,✅ 触发交易,125.973,126.266,23.2,-1
1766226900.38702,2025-12-20 10:35:00,2025-12-20 18:35:00,BarData,125.978,0,-1.0,-1.0,193.34019,0.0,✅ 触发交易,125.978,126.256,22.1,-1
1766226960.5116603,2025-12-20 10:36:00,2025-12-20 18:36:00,BarData,126.024,0,-1.0,-1.0,193.35519000000002,0.0,✅ 触发交易,126.024,126.249,17.8,-1
1766227020.4588294,2025-12-20 10:37:00,2025-12-20 18:37:00,BarData,126.025,0,-1.0,-1.0,193.30319,0.0,✅ 触发交易,126.025,126.241,17.2,-1
1766227082.5855114,2025-12-20 10:38:02,2025-12-20 18:38:02,BarData,126.027,0,-1.0,-1.0,193.30419,0.0,✅ 触发交易,126.027,126.234,16.4,-1
1766227140.5861168,2025-12-20 10:39:00,2025-12-20 18:39:00,BarData,126.013,0,-1.0,-1.0,193.31519,0.0,✅ 触发交易,126.013,126.227,17.0,-1
1766227200.6457717,2025-12-20 10:40:00,2025-12-20 18:40:00,BarData,126.044,0,-1.0,-1.0,193.29719,0.0,✅ 触发交易,126.044,126.221,14.0,-1
1766227260.2139919,2025-12-20 10:41:00,2025-12-20 18:41:00,BarData,126.088,0,-1.0,-1.0,193.29719,0.0,✅ 触发交易,126.088,126.217,10.2,-1
1766227320.90657,2025-12-20 10:42:00,2025-12-20 18:42:00,BarData,126.076,0,-1.0,-1.0,193.26419,0.0,✅ 触发交易,126.076,126.212,10.8,-1
1766227380.54231,2025-12-20 10:43:00,2025-12-20 18:43:00,BarData,126.095,0,-1.0,-1.0,193.24319,0.0,❌ 震荡 (Gap 9.0 < 10),126.095,126.208,9.0,0
1766227381.2143161,2025-12-20 10:43:01,2025-12-20 18:43:01,PnlRecord,126.095,0,0,0,193.24319,1.5124400171040535,空,126.095,126.208,9.0,0
1766227381.521118,2025-12-20 10:43:01,2025-12-20 18:43:01,CloseSignal,126.095,1.0,-1.0,0,193.24319,0.0,Strategy_TrendEnd,126.095,126.208,9.0,0
1766227440.569872,2025-12-20 10:44:00,2025-12-20 18:44:00,BarData,126.142,0,0.0,0.0,193.19319,0.0,❌ 震荡 (Gap 5.1 < 10),126.142,126.206,5.1,0
1766227500.577246,2025-12-20 10:45:00,2025-12-20 18:45:00,BarData,126.169,0,0.0,0.0,193.19319,0.0,❌ 震荡 (Gap 2.8 < 10),126.169,126.205,2.8,0
1766227560.4849198,2025-12-20 10:46:00,2025-12-20 18:46:00,BarData,126.159,0,0.0,0.0,193.19319,0.0,❌ 震荡 (Gap 3.5 < 10),126.159,126.203,3.5,0
1766227620.483869,2025-12-20 10:47:00,2025-12-20 18:47:00,BarData,126.114,0,0.0,0.0,193.19319,0.0,❌ 震荡 (Gap 6.9 < 10),126.114,126.200,6.9,0
1766227680.7242815,2025-12-20 10:48:00,2025-12-20 18:48:00,BarData,126.039,0,0.0,0.0,193.19319,0.0,✅ 触发交易,126.039,126.195,12.4,-1
1766227684.6014457,2025-12-20 10:48:04,2025-12-20 18:48:04,Strategy_Open,126.039,1.0,0,-1.0,193.18618999999998,0.0,Strategy_Signal,126.039,126.195,12.4,-1
1766227740.432171,2025-12-20 10:49:00,2025-12-20 18:49:00,BarData,126.094,0,-1.0,-1.0,193.13818999999998,0.0,❌ 震荡 (Gap 7.8 < 10),126.094,126.192,7.8,0
1766227741.1182878,2025-12-20 10:49:01,2025-12-20 18:49:01,PnlRecord,126.094,0,0,0,193.13818999999998,-0.43637286871518033,空,126.094,126.192,7.8,0
1766227741.4310625,2025-12-20 10:49:01,2025-12-20 18:49:01,CloseSignal,126.094,1.0,-1.0,0,193.13818999999998,0.0,Strategy_TrendEnd,126.094,126.192,7.8,0
1766227800.515969,2025-12-20 10:50:00,2025-12-20 18:50:00,BarData,126.087,0,0.0,0.0,193.13619,0.0,❌ 震荡 (Gap 8.0 < 10),126.087,126.188,8.0,0
1766227860.4887047,2025-12-20 10:51:00,2025-12-20 18:51:00,BarData,126.058,0,0.0,0.0,193.13619,0.0,✅ 触发交易,126.058,126.184,10.0,-1
1766227864.366059,2025-12-20 10:51:04,2025-12-20 18:51:04,Strategy_Open,126.058,1.0,0,-1.0,193.13619,0.0,Strategy_Signal,126.058,126.184,10.0,-1
1766227920.5549335,2025-12-20 10:52:00,2025-12-20 18:52:00,BarData,126.065,0,-1.0,-1.0,193.12119,0.0,❌ 震荡 (Gap 9.1 < 10),126.065,126.180,9.1,0
1766227921.227985,2025-12-20 10:52:01,2025-12-20 18:52:01,PnlRecord,126.065,0,0,0,193.12119,-0.10313204074501808,空,126.065,126.180,9.1,0
1766227921.5376065,2025-12-20 10:52:01,2025-12-20 18:52:01,CloseSignal,126.065,1.0,-1.0,0,193.12119,0.0,Strategy_TrendEnd,126.065,126.180,9.1,0
1766227980.187455,2025-12-20 10:53:00,2025-12-20 18:53:00,BarData,126.037,0,0.0,0.0,193.11819,0.0,✅ 触发交易,126.037,126.175,11.0,-1
1766227984.168331,2025-12-20 10:53:04,2025-12-20 18:53:04,Strategy_Open,126.037,1.0,0,-1.0,193.10719,0.0,Strategy_Signal,126.037,126.175,11.0,-1
1766228040.5095146,2025-12-20 10:54:00,2025-12-20 18:54:00,BarData,125.998,0,-1.0,-1.0,193.15718999999999,0.0,✅ 触发交易,125.998,126.170,13.6,-1
1766228100.635132,2025-12-20 10:55:00,2025-12-20 18:55:00,BarData,126.014,0,-1.0,-1.0,193.10919,0.0,✅ 触发交易,126.014,126.165,11.9,-1
1766228160.0906303,2025-12-20 10:56:00,2025-12-20 18:56:00,BarData,126.009,0,-1.0,-1.0,193.12919,0.0,✅ 触发交易,126.009,126.159,11.9,-1
1766228221.6382802,2025-12-20 10:57:01,2025-12-20 18:57:01,BarData,126.014,0,-1.0,-1.0,193.14019,0.0,✅ 触发交易,126.014,126.155,11.2,-1
1766228280.1021209,2025-12-20 10:58:00,2025-12-20 18:58:00,BarData,126.01,0,-1.0,-1.0,193.13519,0.0,✅ 触发交易,126.010,126.150,11.1,-1
1766228340.3331296,2025-12-20 10:59:00,2025-12-20 18:59:00,BarData,125.969,0,-1.0,-1.0,193.13519,0.0,✅ 触发交易,125.969,126.144,13.9,-1
1766228400.6818428,2025-12-20 11:00:00,2025-12-20 19:00:00,BarData,126.001,0,-1.0,-1.0,193.15419,0.0,✅ 触发交易,126.001,126.139,11.0,-1
1766228460.1756115,2025-12-20 11:01:00,2025-12-20 19:01:00,BarData,125.94,0,-1.0,-1.0,193.206702,0.0,✅ 触发交易,125.940,126.133,15.3,-1
1766228522.4926832,2025-12-20 11:02:02,2025-12-20 19:02:02,BarData,125.883,0,-1.0,-1.0,193.206702,0.0,✅ 触发交易,125.883,126.125,19.2,-1
1766228582.4719737,2025-12-20 11:03:02,2025-12-20 19:03:02,BarData,125.84,0,-1.0,-1.0,193.301702,0.0,✅ 触发交易,125.840,126.115,21.9,-1
1766228640.6067564,2025-12-20 11:04:00,2025-12-20 19:04:00,BarData,125.836,0,-1.0,-1.0,193.311702,0.0,✅ 触发交易,125.836,126.106,21.5,-1
1766228700.4641109,2025-12-20 11:05:00,2025-12-20 19:05:00,BarData,125.852,0,-1.0,-1.0,193.298702,0.0,✅ 触发交易,125.852,126.098,19.5,-1
1766228760.267552,2025-12-20 11:06:00,2025-12-20 19:06:00,BarData,125.845,0,-1.0,-1.0,193.310702,0.0,✅ 触发交易,125.845,126.090,19.4,-1
1766228822.435753,2025-12-20 11:07:02,2025-12-20 19:07:02,BarData,125.86,0,-1.0,-1.0,193.303702,0.0,✅ 触发交易,125.860,126.082,17.6,-1
1766228880.1215882,2025-12-20 11:08:00,2025-12-20 19:08:00,BarData,125.863,0,-1.0,-1.0,193.281702,0.0,✅ 触发交易,125.863,126.075,16.8,-1
1766228941.870117,2025-12-20 11:09:01,2025-12-20 19:09:01,BarData,125.882,0,-1.0,-1.0,193.280702,0.0,✅ 触发交易,125.882,126.068,14.8,-1
1766229000.2854626,2025-12-20 11:10:00,2025-12-20 19:10:00,BarData,125.855,0,-1.0,-1.0,193.300702,0.0,✅ 触发交易,125.855,126.061,16.4,-1
1766229060.4587903,2025-12-20 11:11:00,2025-12-20 19:11:00,BarData,125.879,0,-1.0,-1.0,193.304702,0.0,✅ 触发交易,125.879,126.055,14.0,-1
1766229120.3118753,2025-12-20 11:12:00,2025-12-20 19:12:00,BarData,125.903,0,-1.0,-1.0,193.274702,0.0,✅ 触发交易,125.903,126.050,11.7,-1
1766229180.575262,2025-12-20 11:13:00,2025-12-20 19:13:00,BarData,125.882,0,-1.0,-1.0,193.290702,0.0,✅ 触发交易,125.882,126.045,12.9,-1
1766229240.1359642,2025-12-20 11:14:00,2025-12-20 19:14:00,BarData,125.927,0,-1.0,-1.0,193.227702,0.0,❌ 震荡 (Gap 9.1 < 10),125.927,126.041,9.1,0
1766229240.8150265,2025-12-20 11:14:00,2025-12-20 19:14:00,PnlRecord,125.927,0,0,0,193.227702,0.8648322701449955,空,125.927,126.041,9.1,0
1766229241.1121602,2025-12-20 11:14:01,2025-12-20 19:14:01,CloseSignal,125.927,1.0,-1.0,0,193.227702,0.0,Strategy_TrendEnd,125.927,126.041,9.1,0
1766229300.229735,2025-12-20 11:15:00,2025-12-20 19:15:00,BarData,125.9,0,0.0,0.0,193.218702,0.0,✅ 触发交易,125.900,126.036,10.8,-1
1766229304.1256673,2025-12-20 11:15:04,2025-12-20 19:15:04,Strategy_Open,125.9,1.0,0,-1.0,193.21470200000002,0.0,Strategy_Signal,125.900,126.036,10.8,-1
1766229362.5895066,2025-12-20 11:16:02,2025-12-20 19:16:02,BarData,125.9,0,-1.0,-1.0,193.18570200000002,0.0,✅ 触发交易,125.900,126.032,10.5,-1
1766229420.595641,2025-12-20 11:17:00,2025-12-20 19:17:00,BarData,125.878,0,-1.0,-1.0,193.201702,0.0,✅ 触发交易,125.878,126.027,11.8,-1
1766229480.4849138,2025-12-20 11:18:00,2025-12-20 19:18:00,BarData,125.89,0,-1.0,-1.0,193.20970200000002,0.0,✅ 触发交易,125.890,126.022,10.5,-1
1766229542.5287364,2025-12-20 11:19:02,2025-12-20 19:19:02,BarData,125.953,0,-1.0,-1.0,193.170702,0.0,❌ 震荡 (Gap 5.3 < 10),125.953,126.020,5.3,0
1766229543.2003307,2025-12-20 11:19:03,2025-12-20 19:19:03,PnlRecord,125.953,0,0,0,193.170702,-0.4924895345973708,空,125.953,126.020,5.3,0
1766229543.5182555,2025-12-20 11:19:03,2025-12-20 19:19:03,CloseSignal,125.953,1.0,-1.0,0,193.170702,0.0,Strategy_TrendEnd,125.953,126.020,5.3,0
1766229601.8339243,2025-12-20 11:20:01,2025-12-20 19:20:01,BarData,125.923,0,0.0,0.0,193.154702,0.0,❌ 震荡 (Gap 7.5 < 10),125.923,126.017,7.5,0
1766229660.3186326,2025-12-20 11:21:00,2025-12-20 19:21:00,BarData,125.921,0,0.0,0.0,193.154702,0.0,❌ 震荡 (Gap 7.4 < 10),125.921,126.014,7.4,0
1766229720.3313353,2025-12-20 11:22:00,2025-12-20 19:22:00,BarData,125.918,0,0.0,0.0,193.154702,0.0,❌ 震荡 (Gap 7.4 < 10),125.918,126.011,7.4,0
1766229782.5524127,2025-12-20 11:23:02,2025-12-20 19:23:02,BarData,125.953,0,0.0,0.0,193.154702,0.0,❌ 震荡 (Gap 4.4 < 10),125.953,126.009,4.4,0
1766229840.5763984,2025-12-20 11:24:00,2025-12-20 19:24:00,BarData,126.077,0,0.0,0.0,193.154702,0.0,❌ 震荡 (Gap 5.2 < 10),126.077,126.011,5.2,0
1766229901.7547193,2025-12-20 11:25:01,2025-12-20 19:25:01,BarData,126.05,0,0.0,0.0,193.154702,0.0,❌ 震荡 (Gap 3.0 < 10),126.050,126.012,3.0,0
1766229960.4675336,2025-12-20 11:26:00,2025-12-20 19:26:00,BarData,126.126,0,0.0,0.0,193.154702,0.0,❌ 震荡 (Gap 8.7 < 10),126.126,126.016,8.7,0
1766230020.1893728,2025-12-20 11:27:00,2025-12-20 19:27:00,BarData,126.071,0,0.0,0.0,193.154702,0.0,❌ 震荡 (Gap 4.2 < 10),126.071,126.018,4.2,0
1766230080.6452756,2025-12-20 11:28:00,2025-12-20 19:28:00,BarData,126.071,0,0.0,0.0,193.154702,0.0,❌ 震荡 (Gap 4.1 < 10),126.071,126.020,4.1,0
1766230140.162503,2025-12-20 11:29:00,2025-12-20 19:29:00,BarData,126.055,0,0.0,0.0,193.154702,0.0,❌ 震荡 (Gap 2.7 < 10),126.055,126.021,2.7,0
1766230200.5311785,2025-12-20 11:30:00,2025-12-20 19:30:00,BarData,126.018,0,0.0,0.0,193.154702,0.0,❌ 震荡 (Gap 0.2 < 10),126.018,126.021,0.2,0
1766230260.5283,2025-12-20 11:31:00,2025-12-20 19:31:00,BarData,126.092,0,0.0,0.0,193.154702,0.0,❌ 震荡 (Gap 5.5 < 10),126.092,126.023,5.5,0
1766230320.484192,2025-12-20 11:32:00,2025-12-20 19:32:00,BarData,126.056,0,0.0,0.0,193.154702,0.0,❌ 震荡 (Gap 2.5 < 10),126.056,126.024,2.5,0
1766230380.2689884,2025-12-20 11:33:00,2025-12-20 19:33:00,BarData,126.036,0,0.0,0.0,193.154702,0.0,❌ 震荡 (Gap 0.9 < 10),126.036,126.024,0.9,0
1766230440.4406912,2025-12-20 11:34:00,2025-12-20 19:34:00,BarData,126.175,0,0.0,0.0,193.154702,0.0,❌ 快线向下,126.175,126.029,11.5,0
1766230500.4567237,2025-12-20 11:35:00,2025-12-20 19:35:00,BarData,126.181,0,0.0,0.0,193.154702,0.0,❌ 快线向下,126.181,126.034,11.6,0
1766230560.23785,2025-12-20 11:36:00,2025-12-20 19:36:00,BarData,126.182,0,0.0,0.0,193.154702,0.0,❌ 快线向下,126.182,126.039,11.3,0
1766230620.1399567,2025-12-20 11:37:00,2025-12-20 19:37:00,BarData,126.136,0,0.0,0.0,193.154702,0.0,❌ 震荡 (Gap 7.4 < 10),126.136,126.042,7.4,0
1766230680.2801514,2025-12-20 11:38:00,2025-12-20 19:38:00,BarData,126.187,0,0.0,0.0,193.154702,0.0,❌ 快线向下,126.187,126.047,11.1,0
1766230741.0107234,2025-12-20 11:39:01,2025-12-20 19:39:01,BarData,126.23,0,0.0,0.0,193.154702,0.0,✅ 触发交易,126.230,126.053,14.0,1
1766230744.8606608,2025-12-20 11:39:04,2025-12-20 19:39:04,Strategy_Open,126.23,1.0,0,1.0,193.172702,0.0,Strategy_Signal,126.230,126.053,14.0,1
1766230801.764798,2025-12-20 11:40:01,2025-12-20 19:40:01,BarData,126.275,0,1.0,1.0,193.173702,0.0,✅ 触发交易,126.275,126.060,17.0,1
1766230860.635107,2025-12-20 11:41:00,2025-12-20 19:41:00,BarData,126.233,0,1.0,1.0,193.191702,0.0,✅ 触发交易,126.233,126.066,13.2,1
1766230920.4993365,2025-12-20 11:42:00,2025-12-20 19:42:00,BarData,126.261,0,1.0,1.0,193.17170199999998,0.0,✅ 触发交易,126.261,126.072,14.9,1
1766230981.0963695,2025-12-20 11:43:01,2025-12-20 19:43:01,BarData,126.342,0,1.0,1.0,193.17070199999998,0.0,✅ 触发交易,126.342,126.081,20.6,1
1766231041.8027606,2025-12-20 11:44:01,2025-12-20 19:44:01,BarData,126.284,0,1.0,1.0,193.19370199999997,0.0,✅ 触发交易,126.284,126.088,15.5,1
1766231100.7457004,2025-12-20 11:45:00,2025-12-20 19:45:00,BarData,126.327,0,1.0,1.0,193.25370199999998,0.0,✅ 触发交易,126.327,126.096,18.3,1
1766231160.2427156,2025-12-20 11:46:00,2025-12-20 19:46:00,BarData,126.314,0,1.0,1.0,193.24270199999998,0.0,✅ 触发交易,126.314,126.103,16.7,1
1766231220.484209,2025-12-20 11:47:00,2025-12-20 19:47:00,BarData,126.323,0,1.0,1.0,193.233702,0.0,✅ 触发交易,126.323,126.110,16.8,1
1766231280.511482,2025-12-20 11:48:00,2025-12-20 19:48:00,BarData,126.286,0,1.0,1.0,193.196702,0.0,✅ 触发交易,126.286,126.116,13.5,1
1766231340.5721402,2025-12-20 11:49:00,2025-12-20 19:49:00,BarData,126.294,0,1.0,1.0,193.203702,0.0,✅ 触发交易,126.294,126.122,13.6,1
1766231400.1179216,2025-12-20 11:50:00,2025-12-20 19:50:00,BarData,126.331,0,1.0,1.0,193.22370199999997,0.0,✅ 触发交易,126.331,126.129,16.0,1
1766231461.09686,2025-12-20 11:51:01,2025-12-20 19:51:01,BarData,126.313,0,1.0,1.0,193.22370199999997,0.0,✅ 触发交易,126.313,126.135,14.1,1
1766231521.9632971,2025-12-20 11:52:01,2025-12-20 19:52:01,BarData,126.373,0,1.0,1.0,193.280702,0.0,✅ 触发交易,126.373,126.142,18.2,1
1766231580.0833015,2025-12-20 11:53:00,2025-12-20 19:53:00,BarData,126.365,0,1.0,1.0,193.285702,0.0,✅ 触发交易,126.365,126.150,17.0,1
1766231640.2974315,2025-12-20 11:54:00,2025-12-20 19:54:00,BarData,126.326,0,1.0,1.0,193.28370199999998,0.0,✅ 触发交易,126.326,126.156,13.5,1
1766231702.5277007,2025-12-20 11:55:02,2025-12-20 19:55:02,BarData,126.288,0,1.0,1.0,193.204702,0.0,✅ 触发交易,126.288,126.160,10.1,1
1766231760.119641,2025-12-20 11:56:00,2025-12-20 19:56:00,BarData,126.322,0,1.0,1.0,193.204702,0.0,✅ 触发交易,126.322,126.165,12.4,1
1766231820.1845858,2025-12-20 11:57:00,2025-12-20 19:57:00,BarData,126.354,0,1.0,1.0,193.268702,0.0,✅ 触发交易,126.354,126.171,14.5,1
1766231880.6749868,2025-12-20 11:58:00,2025-12-20 19:58:00,BarData,126.432,0,1.0,1.0,193.280702,0.0,✅ 触发交易,126.432,126.180,19.9,1
1766231942.586112,2025-12-20 11:59:02,2025-12-20 19:59:02,BarData,126.441,0,1.0,1.0,193.37970199999998,0.0,✅ 触发交易,126.441,126.189,20.0,1
1766232000.2620764,2025-12-20 12:00:00,2025-12-20 20:00:00,BarData,126.427,0,1.0,1.0,193.35070199999998,0.0,✅ 触发交易,126.427,126.196,18.2,1
1766232060.2859838,2025-12-20 12:01:00,2025-12-20 20:01:00,BarData,126.394,0,1.0,1.0,193.31231,0.0,✅ 触发交易,126.394,126.203,15.1,1
1766232120.4525998,2025-12-20 12:02:00,2025-12-20 20:02:00,BarData,126.378,0,1.0,1.0,193.31131,0.0,✅ 触发交易,126.378,126.209,13.4,1
1766232181.2043862,2025-12-20 12:03:01,2025-12-20 20:03:01,BarData,126.288,0,1.0,1.0,193.20331,0.0,❌ 震荡 (Gap 6.1 < 10),126.288,126.211,6.1,0
1766232181.8863628,2025-12-20 12:03:01,2025-12-20 20:03:01,PnlRecord,126.288,0,0,0,193.20331,0.451553105021763,多,126.288,126.211,6.1,0
1766232182.2001429,2025-12-20 12:03:02,2025-12-20 20:03:02,CloseSignal,126.288,1.0,1.0,0,193.20331,0.0,Strategy_TrendEnd,126.288,126.211,6.1,0
1766232240.4626727,2025-12-20 12:04:00,2025-12-20 20:04:00,BarData,126.342,0,0.0,0.0,193.209311,0.0,✅ 触发交易,126.342,126.215,10.0,1
1766232244.3352787,2025-12-20 12:04:04,2025-12-20 20:04:04,Strategy_Open,126.342,1.0,0,1.0,193.19931100000002,0.0,Strategy_Signal,126.342,126.215,10.0,1
1766232301.9167554,2025-12-20 12:05:01,2025-12-20 20:05:01,BarData,126.322,0,1.0,1.0,193.19931100000002,0.0,❌ 震荡 (Gap 8.2 < 10),126.322,126.219,8.2,0
1766232302.590969,2025-12-20 12:05:02,2025-12-20 20:05:02,PnlRecord,126.322,0,0,0,193.19931100000002,-0.14247269273389807,多,126.322,126.219,8.2,0
1766232303.462354,2025-12-20 12:05:03,2025-12-20 20:05:03,CloseSignal,126.322,1.0,1.0,0,193.19931100000002,0.0,Strategy_TrendEnd,126.322,126.219,8.2,0
1766232360.1616518,2025-12-20 12:06:00,2025-12-20 20:06:00,BarData,126.334,0,0.0,0.0,193.190311,0.0,❌ 震荡 (Gap 8.8 < 10),126.334,126.223,8.8,0
1766232420.2694921,2025-12-20 12:07:00,2025-12-20 20:07:00,BarData,126.34,0,0.0,0.0,193.190311,0.0,❌ 震荡 (Gap 9.0 < 10),126.340,126.227,9.0,0
1766232481.0945594,2025-12-20 12:08:01,2025-12-20 20:08:01,BarData,126.312,0,0.0,0.0,193.190311,0.0,❌ 震荡 (Gap 6.5 < 10),126.312,126.229,6.5,0
1766232542.56956,2025-12-20 12:09:02,2025-12-20 20:09:02,BarData,126.265,0,0.0,0.0,193.190311,0.0,❌ 震荡 (Gap 2.7 < 10),126.265,126.231,2.7,0
1766232600.487773,2025-12-20 12:10:00,2025-12-20 20:10:00,BarData,126.381,0,0.0,0.0,193.190311,0.0,✅ 触发交易,126.381,126.235,11.5,1
1766232604.4641006,2025-12-20 12:10:04,2025-12-20 20:10:04,Strategy_Open,126.381,1.0,0,1.0,193.191311,0.0,Strategy_Signal,126.381,126.235,11.5,1
1766232662.4790018,2025-12-20 12:11:02,2025-12-20 20:11:02,BarData,126.297,0,1.0,1.0,193.12031100000002,0.0,❌ 震荡 (Gap 4.7 < 10),126.297,126.237,4.7,0
1766232663.183291,2025-12-20 12:11:03,2025-12-20 20:11:03,PnlRecord,126.297,0,0,0,193.12031100000002,-0.4985754985755175,多,126.297,126.237,4.7,0
1766232663.5058503,2025-12-20 12:11:03,2025-12-20 20:11:03,CloseSignal,126.297,1.0,1.0,0,193.12031100000002,0.0,Strategy_TrendEnd,126.297,126.237,4.7,0
1766232720.6421509,2025-12-20 12:12:00,2025-12-20 20:12:00,BarData,126.322,0,0.0,0.0,193.127311,0.0,❌ 震荡 (Gap 6.5 < 10),126.322,126.240,6.5,0
1766232780.5445585,2025-12-20 12:13:00,2025-12-20 20:13:00,BarData,126.253,0,0.0,0.0,193.127311,0.0,❌ 震荡 (Gap 1.0 < 10),126.253,126.241,1.0,0
1766232840.1122913,2025-12-20 12:14:00,2025-12-20 20:14:00,BarData,126.271,0,0.0,0.0,193.127311,0.0,❌ 震荡 (Gap 2.3 < 10),126.271,126.242,2.3,0
1766232900.4630582,2025-12-20 12:15:00,2025-12-20 20:15:00,BarData,126.306,0,0.0,0.0,193.127311,0.0,❌ 震荡 (Gap 4.9 < 10),126.306,126.244,4.9,0
1766232960.3849878,2025-12-20 12:16:00,2025-12-20 20:16:00,BarData,126.281,0,0.0,0.0,193.127311,0.0,❌ 震荡 (Gap 2.9 < 10),126.281,126.245,2.9,0
1766233022.5650704,2025-12-20 12:17:02,2025-12-20 20:17:02,BarData,126.274,0,0.0,0.0,193.127311,0.0,❌ 震荡 (Gap 2.2 < 10),126.274,126.246,2.2,0
1766233080.352008,2025-12-20 12:18:00,2025-12-20 20:18:00,BarData,126.255,0,0.0,0.0,193.127311,0.0,❌ 震荡 (Gap 0.7 < 10),126.255,126.246,0.7,0
1766233140.3658125,2025-12-20 12:19:00,2025-12-20 20:19:00,BarData,126.249,0,0.0,0.0,193.127311,0.0,❌ 震荡 (Gap 0.2 < 10),126.249,126.246,0.2,0
1766233200.2598436,2025-12-20 12:20:00,2025-12-20 20:20:00,BarData,126.208,0,0.0,0.0,193.127311,0.0,❌ 震荡 (Gap 2.9 < 10),126.208,126.245,2.9,0
1766233260.8598692,2025-12-20 12:21:00,2025-12-20 20:21:00,BarData,126.205,0,0.0,0.0,193.127311,0.0,❌ 震荡 (Gap 3.1 < 10),126.205,126.244,3.1,0
1766233321.1455214,2025-12-20 12:22:01,2025-12-20 20:22:01,BarData,126.229,0,0.0,0.0,193.127311,0.0,❌ 震荡 (Gap 1.1 < 10),126.229,126.243,1.1,0
1766233380.707277,2025-12-20 12:23:00,2025-12-20 20:23:00,BarData,126.188,0,0.0,0.0,193.127311,0.0,❌ 震荡 (Gap 4.2 < 10),126.188,126.241,4.2,0
1766233440.8081503,2025-12-20 12:24:00,2025-12-20 20:24:00,BarData,126.18,0,0.0,0.0,193.127311,0.0,❌ 震荡 (Gap 4.7 < 10),126.180,126.239,4.7,0
1766233502.5240414,2025-12-20 12:25:02,2025-12-20 20:25:02,BarData,126.164,0,0.0,0.0,193.127311,0.0,❌ 震荡 (Gap 5.8 < 10),126.164,126.237,5.8,0
1766233560.577374,2025-12-20 12:26:00,2025-12-20 20:26:00,BarData,126.153,0,0.0,0.0,193.127311,0.0,❌ 震荡 (Gap 6.4 < 10),126.153,126.234,6.4,0
1766233620.286696,2025-12-20 12:27:00,2025-12-20 20:27:00,BarData,126.178,0,0.0,0.0,193.127311,0.0,❌ 震荡 (Gap 4.3 < 10),126.178,126.232,4.3,0
1766233680.3650212,2025-12-20 12:28:00,2025-12-20 20:28:00,BarData,126.167,0,0.0,0.0,193.127311,0.0,❌ 震荡 (Gap 5.0 < 10),126.167,126.230,5.0,0
1766233741.0278826,2025-12-20 12:29:01,2025-12-20 20:29:01,BarData,126.162,0,0.0,0.0,193.127311,0.0,❌ 震荡 (Gap 5.2 < 10),126.162,126.228,5.2,0
1766233800.3737524,2025-12-20 12:30:00,2025-12-20 20:30:00,BarData,126.163,0,0.0,0.0,193.127311,0.0,❌ 震荡 (Gap 5.0 < 10),126.163,126.226,5.0,0
1766233860.724895,2025-12-20 12:31:00,2025-12-20 20:31:00,BarData,126.164,0,0.0,0.0,193.127311,0.0,❌ 震荡 (Gap 4.7 < 10),126.164,126.224,4.7,0
1766233920.3108933,2025-12-20 12:32:00,2025-12-20 20:32:00,BarData,126.14,0,0.0,0.0,193.127311,0.0,❌ 震荡 (Gap 6.4 < 10),126.140,126.221,6.4,0
1766233981.1822875,2025-12-20 12:33:01,2025-12-20 20:33:01,BarData,126.116,0,0.0,0.0,193.127311,0.0,❌ 震荡 (Gap 8.1 < 10),126.116,126.218,8.1,0
1766234042.6613982,2025-12-20 12:34:02,2025-12-20 20:34:02,BarData,126.108,0,0.0,0.0,193.127311,0.0,❌ 震荡 (Gap 8.4 < 10),126.108,126.214,8.4,0
1766234100.3941383,2025-12-20 12:35:00,2025-12-20 20:35:00,BarData,126.096,0,0.0,0.0,193.127311,0.0,❌ 震荡 (Gap 9.1 < 10),126.096,126.210,9.1,0
1766234160.4886332,2025-12-20 12:36:00,2025-12-20 20:36:00,BarData,126.059,0,0.0,0.0,193.127311,0.0,✅ 触发交易,126.059,126.205,11.6,-1
1766234164.3602376,2025-12-20 12:36:04,2025-12-20 20:36:04,Strategy_Open,126.059,1.0,0,-1.0,193.13131099999998,0.0,Strategy_Signal,126.059,126.205,11.6,-1
1766234220.4791782,2025-12-20 12:37:00,2025-12-20 20:37:00,BarData,126.098,0,-1.0,-1.0,193.104311,0.0,❌ 震荡 (Gap 8.2 < 10),126.098,126.202,8.2,0
1766234221.1523254,2025-12-20 12:37:01,2025-12-20 20:37:01,PnlRecord,126.098,0,0,0,193.104311,-0.16656487701960546,空,126.098,126.202,8.2,0
1766234221.5276306,2025-12-20 12:37:01,2025-12-20 20:37:01,CloseSignal,126.098,1.0,-1.0,0,193.104311,0.0,Strategy_TrendEnd,126.098,126.202,8.2,0
1766234280.6556454,2025-12-20 12:38:00,2025-12-20 20:38:00,BarData,126.161,0,0.0,0.0,193.100311,0.0,❌ 震荡 (Gap 3.1 < 10),126.161,126.200,3.1,0
1766234340.7852407,2025-12-20 12:39:00,2025-12-20 20:39:00,BarData,126.105,0,0.0,0.0,193.100311,0.0,❌ 震荡 (Gap 7.3 < 10),126.105,126.197,7.3,0
1766234400.1660535,2025-12-20 12:40:00,2025-12-20 20:40:00,BarData,126.1,0,0.0,0.0,193.100311,0.0,❌ 震荡 (Gap 7.5 < 10),126.100,126.194,7.5,0
1766234460.6211407,2025-12-20 12:41:00,2025-12-20 20:41:00,BarData,126.055,0,0.0,0.0,193.100311,0.0,✅ 触发交易,126.055,126.189,10.7,-1
1766234464.509512,2025-12-20 12:41:04,2025-12-20 20:41:04,Strategy_Open,126.055,1.0,0,-1.0,193.093311,0.0,Strategy_Signal,126.055,126.189,10.7,-1
1766234520.893901,2025-12-20 12:42:00,2025-12-20 20:42:00,BarData,126.069,0,-1.0,-1.0,193.088311,0.0,❌ 震荡 (Gap 9.2 < 10),126.069,126.186,9.2,0
1766234521.6145499,2025-12-20 12:42:01,2025-12-20 20:42:01,PnlRecord,126.069,0,0,0,193.088311,-0.15866845433122057,空,126.069,126.186,9.2,0
1766234521.933354,2025-12-20 12:42:01,2025-12-20 20:42:01,CloseSignal,126.069,1.0,-1.0,0,193.088311,0.0,Strategy_TrendEnd,126.069,126.186,9.2,0
1766234582.7157714,2025-12-20 12:43:02,2025-12-20 20:43:02,BarData,126.056,0,0.0,0.0,193.080311,0.0,❌ 震荡 (Gap 9.9 < 10),126.056,126.181,9.9,0
1766234640.5575461,2025-12-20 12:44:00,2025-12-20 20:44:00,BarData,126.059,0,0.0,0.0,193.080311,0.0,❌ 震荡 (Gap 9.4 < 10),126.059,126.177,9.4,0
1766234700.429082,2025-12-20 12:45:00,2025-12-20 20:45:00,BarData,126.081,0,0.0,0.0,193.080311,0.0,❌ 震荡 (Gap 7.4 < 10),126.081,126.174,7.4,0
1766234761.8973598,2025-12-20 12:46:01,2025-12-20 20:46:01,BarData,126.079,0,0.0,0.0,193.080311,0.0,❌ 震荡 (Gap 7.3 < 10),126.079,126.171,7.3,0
1766234820.6090732,2025-12-20 12:47:00,2025-12-20 20:47:00,BarData,126.109,0,0.0,0.0,193.080311,0.0,❌ 震荡 (Gap 4.8 < 10),126.109,126.169,4.8,0
1766234880.4460902,2025-12-20 12:48:00,2025-12-20 20:48:00,BarData,126.117,0,0.0,0.0,193.080311,0.0,❌ 震荡 (Gap 4.0 < 10),126.117,126.167,4.0,0
1766234940.560604,2025-12-20 12:49:00,2025-12-20 20:49:00,BarData,126.156,0,0.0,0.0,193.080311,0.0,❌ 震荡 (Gap 0.9 < 10),126.156,126.167,0.9,0
1766235001.1439805,2025-12-20 12:50:01,2025-12-20 20:50:01,BarData,126.125,0,0.0,0.0,193.080311,0.0,❌ 震荡 (Gap 3.2 < 10),126.125,126.166,3.2,0
1766235060.3144262,2025-12-20 12:51:00,2025-12-20 20:51:00,BarData,126.169,0,0.0,0.0,193.080311,0.0,❌ 震荡 (Gap 0.3 < 10),126.169,126.166,0.3,0
1766235122.3297772,2025-12-20 12:52:02,2025-12-20 20:52:02,BarData,126.187,0,0.0,0.0,193.080311,0.0,❌ 震荡 (Gap 1.6 < 10),126.187,126.166,1.6,0
1766235180.4137986,2025-12-20 12:53:00,2025-12-20 20:53:00,BarData,126.248,0,0.0,0.0,193.080311,0.0,❌ 震荡 (Gap 6.3 < 10),126.248,126.169,6.3,0
1766235240.350048,2025-12-20 12:54:00,2025-12-20 20:54:00,BarData,126.229,0,0.0,0.0,193.080311,0.0,❌ 震荡 (Gap 4.6 < 10),126.229,126.171,4.6,0
1766235301.1608346,2025-12-20 12:55:01,2025-12-20 20:55:01,BarData,126.246,0,0.0,0.0,193.080311,0.0,❌ 震荡 (Gap 5.7 < 10),126.246,126.173,5.7,0
1766235360.4683442,2025-12-20 12:56:00,2025-12-20 20:56:00,BarData,126.231,0,0.0,0.0,193.080311,0.0,❌ 震荡 (Gap 4.4 < 10),126.231,126.175,4.4,0
1766235420.4393551,2025-12-20 12:57:00,2025-12-20 20:57:00,BarData,126.229,0,0.0,0.0,193.080311,0.0,❌ 震荡 (Gap 4.1 < 10),126.229,126.177,4.1,0
1766235480.4845042,2025-12-20 12:58:00,2025-12-20 20:58:00,BarData,126.235,0,0.0,0.0,193.080311,0.0,❌ 震荡 (Gap 4.4 < 10),126.235,126.179,4.4,0
1766235540.7890582,2025-12-20 12:59:00,2025-12-20 20:59:00,BarData,126.221,0,0.0,0.0,193.080311,0.0,❌ 震荡 (Gap 3.2 < 10),126.221,126.180,3.2,0
1766235600.4577658,2025-12-20 13:00:00,2025-12-20 21:00:00,BarData,126.226,0,0.0,0.0,193.080311,0.0,❌ 震荡 (Gap 3.5 < 10),126.226,126.182,3.5,0
1766235660.4218767,2025-12-20 13:01:00,2025-12-20 21:01:00,BarData,126.221,0,0.0,0.0,193.080311,0.0,❌ 震荡 (Gap 3.0 < 10),126.221,126.183,3.0,0
1766235720.2727046,2025-12-20 13:02:00,2025-12-20 21:02:00,BarData,126.245,0,0.0,0.0,193.080311,0.0,❌ 震荡 (Gap 4.7 < 10),126.245,126.185,4.7,0
1766235780.2361612,2025-12-20 13:03:00,2025-12-20 21:03:00,BarData,126.289,0,0.0,0.0,193.080311,0.0,❌ 震荡 (Gap 8.0 < 10),126.289,126.189,8.0,0
1766235841.833056,2025-12-20 13:04:01,2025-12-20 21:04:01,BarData,126.253,0,0.0,0.0,193.080311,0.0,❌ 震荡 (Gap 4.9 < 10),126.253,126.191,4.9,0
1766235900.5251667,2025-12-20 13:05:00,2025-12-20 21:05:00,BarData,126.297,0,0.0,0.0,193.080311,0.0,❌ 震荡 (Gap 8.1 < 10),126.297,126.194,8.1,0
1766235960.2495825,2025-12-20 13:06:00,2025-12-20 21:06:00,BarData,126.27,0,0.0,0.0,193.080311,0.0,❌ 震荡 (Gap 5.8 < 10),126.270,126.197,5.8,0
1766236020.3167903,2025-12-20 13:07:00,2025-12-20 21:07:00,BarData,126.268,0,0.0,0.0,193.080311,0.0,❌ 震荡 (Gap 5.5 < 10),126.268,126.199,5.5,0
1766236080.6896935,2025-12-20 13:08:00,2025-12-20 21:08:00,BarData,126.164,0,0.0,0.0,193.080311,0.0,❌ 震荡 (Gap 2.7 < 10),126.164,126.198,2.7,0
1766236140.2497907,2025-12-20 13:09:00,2025-12-20 21:09:00,BarData,125.844,0,0.0,0.0,193.080311,0.0,✅ 触发交易,125.844,126.186,27.2,-1
1766236144.2047248,2025-12-20 13:09:04,2025-12-20 21:09:04,Strategy_Open,125.844,1.0,0,-1.0,193.07231099999998,0.0,Strategy_Signal,125.844,126.186,27.2,-1
1766236200.5239563,2025-12-20 13:10:00,2025-12-20 21:10:00,BarData,125.899,0,-1.0,-1.0,193.051311,0.0,✅ 触发交易,125.899,126.177,22.1,-1
1766236260.3787453,2025-12-20 13:11:00,2025-12-20 21:11:00,BarData,125.937,0,-1.0,-1.0,192.995311,0.0,✅ 触发交易,125.937,126.169,18.4,-1
1766236320.2959278,2025-12-20 13:12:00,2025-12-20 21:12:00,BarData,125.877,0,-1.0,-1.0,193.065311,0.0,✅ 触发交易,125.877,126.159,22.4,-1
1766236380.16881,2025-12-20 13:13:00,2025-12-20 21:13:00,BarData,125.808,0,-1.0,-1.0,193.064311,0.0,✅ 触发交易,125.808,126.148,27.0,-1
1766236442.7477636,2025-12-20 13:14:02,2025-12-20 21:14:02,BarData,125.819,0,-1.0,-1.0,193.11931099999998,0.0,✅ 触发交易,125.819,126.137,25.3,-1
1766236501.9079401,2025-12-20 13:15:01,2025-12-20 21:15:01,BarData,125.832,0,-1.0,-1.0,193.121311,0.0,✅ 触发交易,125.832,126.127,23.5,-1
1766236560.2965827,2025-12-20 13:16:00,2025-12-20 21:16:00,BarData,125.761,0,-1.0,-1.0,193.121311,0.0,✅ 触发交易,125.761,126.115,28.2,-1
1766236620.1025407,2025-12-20 13:17:00,2025-12-20 21:17:00,BarData,125.695,0,-1.0,-1.0,193.240311,0.0,✅ 触发交易,125.695,126.101,32.3,-1
1766236680.3434103,2025-12-20 13:18:00,2025-12-20 21:18:00,BarData,125.801,0,-1.0,-1.0,193.164311,0.0,✅ 触发交易,125.801,126.091,23.1,-1
1766236740.143421,2025-12-20 13:19:00,2025-12-20 21:19:00,BarData,125.758,0,-1.0,-1.0,193.227311,0.0,✅ 触发交易,125.758,126.081,25.6,-1
1766236800.2073689,2025-12-20 13:20:00,2025-12-20 21:20:00,BarData,125.722,0,-1.0,-1.0,193.221311,0.0,✅ 触发交易,125.722,126.069,27.6,-1
1766236860.4001753,2025-12-20 13:21:00,2025-12-20 21:21:00,BarData,125.822,0,-1.0,-1.0,193.210311,0.0,✅ 触发交易,125.822,126.061,19.0,-1
1766236920.4984367,2025-12-20 13:22:00,2025-12-20 21:22:00,BarData,125.982,0,-1.0,-1.0,192.969311,0.0,❌ 震荡 (Gap 6.0 < 10),125.982,126.058,6.0,0
1766236920.85412,2025-12-20 13:22:00,2025-12-20 21:22:00,PnlRecord,125.982,0,0,0,192.969311,-0.929567393636074,空,125.982,126.058,6.0,0
1766236921.1363864,2025-12-20 13:22:01,2025-12-20 21:22:01,CloseSignal,125.982,1.0,-1.0,0,192.969311,0.0,Strategy_TrendEnd,125.982,126.058,6.0,0
1766236980.3056488,2025-12-20 13:23:00,2025-12-20 21:23:00,BarData,125.805,0,0.0,0.0,192.995311,0.0,✅ 触发交易,125.805,126.050,19.5,-1
1766236984.1791945,2025-12-20 13:23:04,2025-12-20 21:23:04,Strategy_Open,125.805,1.0,0,-1.0,193.015311,0.0,Strategy_Signal,125.805,126.050,19.5,-1
1766237042.0302129,2025-12-20 13:24:02,2025-12-20 21:24:02,BarData,125.708,0,-1.0,-1.0,193.091311,0.0,✅ 触发交易,125.708,126.039,26.3,-1
1766237100.1820383,2025-12-20 13:25:00,2025-12-20 21:25:00,BarData,125.763,0,-1.0,-1.0,193.026311,0.0,✅ 触发交易,125.763,126.030,21.2,-1
1766237160.288247,2025-12-20 13:26:00,2025-12-20 21:26:00,BarData,125.829,0,-1.0,-1.0,192.960311,0.0,✅ 触发交易,125.829,126.023,15.4,-1
1766237220.1364768,2025-12-20 13:27:00,2025-12-20 21:27:00,BarData,125.86,0,-1.0,-1.0,192.943311,0.0,✅ 触发交易,125.860,126.018,12.5,-1
1766237282.7414458,2025-12-20 13:28:02,2025-12-20 21:28:02,BarData,125.75,0,-1.0,-1.0,193.061311,0.0,✅ 触发交易,125.750,126.009,20.6,-1
1766237340.7823246,2025-12-20 13:29:00,2025-12-20 21:29:00,BarData,125.66,0,-1.0,-1.0,193.085311,0.0,✅ 触发交易,125.660,125.997,26.9,-1
1766237402.6728675,2025-12-20 13:30:02,2025-12-20 21:30:02,BarData,125.53,0,-1.0,-1.0,193.263311,0.0,✅ 触发交易,125.530,125.982,36.0,-1
1766237461.2114124,2025-12-20 13:31:01,2025-12-20 21:31:01,BarData,125.485,0,-1.0,-1.0,193.370311,0.0,✅ 触发交易,125.485,125.966,38.3,-1
1766237520.2092738,2025-12-20 13:32:00,2025-12-20 21:32:00,BarData,125.426,0,-1.0,-1.0,193.382311,0.0,✅ 触发交易,125.426,125.948,41.6,-1
1766237582.038056,2025-12-20 13:33:02,2025-12-20 21:33:02,BarData,125.503,0,-1.0,-1.0,193.299311,0.0,✅ 触发交易,125.503,125.934,34.3,-1
1766237640.4009943,2025-12-20 13:34:00,2025-12-20 21:34:00,BarData,125.549,0,-1.0,-1.0,193.239311,0.0,✅ 触发交易,125.549,125.921,29.6,-1
1766237700.25334,2025-12-20 13:35:00,2025-12-20 21:35:00,BarData,125.588,0,-1.0,-1.0,193.205311,0.0,✅ 触发交易,125.588,125.910,25.6,-1
1766237760.2489865,2025-12-20 13:36:00,2025-12-20 21:36:00,BarData,125.559,0,-1.0,-1.0,193.253311,0.0,✅ 触发交易,125.559,125.898,27.0,-1
1766237820.553917,2025-12-20 13:37:00,2025-12-20 21:37:00,BarData,125.674,0,-1.0,-1.0,193.157311,0.0,✅ 触发交易,125.674,125.891,17.3,-1
1766237880.5382695,2025-12-20 13:38:00,2025-12-20 21:38:00,BarData,125.7,0,-1.0,-1.0,193.098311,0.0,✅ 触发交易,125.700,125.885,14.7,-1
1766237940.1938815,2025-12-20 13:39:00,2025-12-20 21:39:00,BarData,125.699,0,-1.0,-1.0,193.110311,0.0,✅ 触发交易,125.699,125.879,14.3,-1
1766238001.1344035,2025-12-20 13:40:01,2025-12-20 21:40:01,BarData,125.789,0,-1.0,-1.0,193.073311,0.0,❌ 震荡 (Gap 6.9 < 10),125.789,125.876,6.9,0
1766238001.9819684,2025-12-20 13:40:01,2025-12-20 21:40:01,PnlRecord,125.789,0,0,0,193.073311,0.15102378227144106,空,125.789,125.876,6.9,0
1766238002.4483926,2025-12-20 13:40:02,2025-12-20 21:40:02,CloseSignal,125.789,1.0,-1.0,0,193.073311,0.0,Strategy_TrendEnd,125.789,125.876,6.9,0
1766238060.279336,2025-12-20 13:41:00,2025-12-20 21:41:00,BarData,125.75,0,0.0,0.0,193.017311,0.0,❌ 震荡 (Gap 9.7 < 10),125.750,125.872,9.7,0
1766238120.2601237,2025-12-20 13:42:00,2025-12-20 21:42:00,BarData,125.783,0,0.0,0.0,193.017311,0.0,❌ 震荡 (Gap 6.8 < 10),125.783,125.869,6.8,0
1766238180.408575,2025-12-20 13:43:00,2025-12-20 21:43:00,BarData,125.785,0,0.0,0.0,193.017311,0.0,❌ 震荡 (Gap 6.4 < 10),125.785,125.866,6.4,0
1766238241.2319057,2025-12-20 13:44:01,2025-12-20 21:44:01,BarData,125.791,0,0.0,0.0,193.017311,0.0,❌ 震荡 (Gap 5.8 < 10),125.791,125.864,5.8,0
1766238300.4141243,2025-12-20 13:45:00,2025-12-20 21:45:00,BarData,125.823,0,0.0,0.0,193.017311,0.0,❌ 震荡 (Gap 3.1 < 10),125.823,125.862,3.1,0
1766238360.692451,2025-12-20 13:46:00,2025-12-20 21:46:00,BarData,125.921,0,0.0,0.0,193.017311,0.0,❌ 震荡 (Gap 4.5 < 10),125.921,125.864,4.5,0
1766238420.4404757,2025-12-20 13:47:00,2025-12-20 21:47:00,BarData,126.027,0,0.0,0.0,193.017311,0.0,❌ 快线向下,126.027,125.870,12.5,0
1766238480.502275,2025-12-20 13:48:00,2025-12-20 21:48:00,BarData,125.959,0,0.0,0.0,193.017311,0.0,❌ 震荡 (Gap 6.9 < 10),125.959,125.872,6.9,0
1766238540.607148,2025-12-20 13:49:00,2025-12-20 21:49:00,BarData,125.953,0,0.0,0.0,193.017311,0.0,❌ 震荡 (Gap 6.2 < 10),125.953,125.875,6.2,0
1766238600.289861,2025-12-20 13:50:00,2025-12-20 21:50:00,BarData,125.964,0,0.0,0.0,193.017311,0.0,❌ 震荡 (Gap 6.8 < 10),125.964,125.878,6.8,0
1766238660.365298,2025-12-20 13:51:00,2025-12-20 21:51:00,BarData,126.031,0,0.0,0.0,193.017311,0.0,❌ 快线向下,126.031,125.883,11.7,0
1766238720.4062803,2025-12-20 13:52:00,2025-12-20 21:52:00,BarData,125.995,0,0.0,0.0,193.017311,0.0,❌ 震荡 (Gap 8.6 < 10),125.995,125.887,8.6,0
1766238780.791391,2025-12-20 13:53:00,2025-12-20 21:53:00,BarData,126.013,0,0.0,0.0,193.017311,0.0,❌ 震荡 (Gap 9.7 < 10),126.013,125.891,9.7,0
1766238840.3869078,2025-12-20 13:54:00,2025-12-20 21:54:00,BarData,126.008,0,0.0,0.0,193.017311,0.0,❌ 震荡 (Gap 9.0 < 10),126.008,125.895,9.0,0
1766238900.7875218,2025-12-20 13:55:00,2025-12-20 21:55:00,BarData,125.981,0,0.0,0.0,193.017311,0.0,❌ 震荡 (Gap 6.6 < 10),125.981,125.898,6.6,0
1766238960.440371,2025-12-20 13:56:00,2025-12-20 21:56:00,BarData,126.022,0,0.0,0.0,193.017311,0.0,❌ 震荡 (Gap 9.6 < 10),126.022,125.902,9.6,0
1766239020.281733,2025-12-20 13:57:00,2025-12-20 21:57:00,BarData,126.032,0,0.0,0.0,193.017311,0.0,❌ 快线向下,126.032,125.906,10.0,0
1766239080.6242287,2025-12-20 13:58:00,2025-12-20 21:58:00,BarData,126.06,0,0.0,0.0,193.017311,0.0,✅ 触发交易,126.060,125.911,11.8,1
1766239084.4796627,2025-12-20 13:58:04,2025-12-20 21:58:04,Strategy_Open,126.06,1.0,0,1.0,193.01931100000002,0.0,Strategy_Signal,126.060,125.911,11.8,1
1766239140.3767095,2025-12-20 13:59:00,2025-12-20 21:59:00,BarData,126.067,0,1.0,1.0,193.038311,0.0,✅ 触发交易,126.067,125.916,12.0,1
1766239200.1885266,2025-12-20 14:00:00,2025-12-20 22:00:00,BarData,126.069,0,1.0,1.0,193.038311,0.0,✅ 触发交易,126.069,125.921,11.7,1
1766239260.4143283,2025-12-20 14:01:00,2025-12-20 22:01:00,BarData,126.05,0,1.0,1.0,193.016797,0.0,❌ 震荡 (Gap 9.9 < 10),126.050,125.925,9.9,0
1766239261.1003647,2025-12-20 14:01:01,2025-12-20 22:01:01,PnlRecord,126.05,0,0,0,193.016797,-0.07139514037078148,多,126.050,125.925,9.9,0
1766239261.3932905,2025-12-20 14:01:01,2025-12-20 22:01:01,CloseSignal,126.05,1.0,1.0,0,193.016797,0.0,Strategy_TrendEnd,126.050,125.925,9.9,0
1766239322.9182231,2025-12-20 14:02:02,2025-12-20 22:02:02,BarData,125.842,0,0.0,0.0,193.003798,0.0,❌ 震荡 (Gap 6.4 < 10),125.842,125.923,6.4,0
1766239380.7604923,2025-12-20 14:03:00,2025-12-20 22:03:00,BarData,125.788,0,0.0,0.0,193.003798,0.0,✅ 触发交易,125.788,125.918,10.3,-1
1766239384.6390748,2025-12-20 14:03:04,2025-12-20 22:03:04,Strategy_Open,125.788,1.0,0,-1.0,192.993798,0.0,Strategy_Signal,125.788,125.918,10.3,-1
1766239442.7147086,2025-12-20 14:04:02,2025-12-20 22:04:02,BarData,125.793,0,-1.0,-1.0,192.991798,0.0,❌ 震荡 (Gap 9.6 < 10),125.793,125.914,9.6,0
1766239443.3979204,2025-12-20 14:04:03,2025-12-20 22:04:03,PnlRecord,125.793,0,0,0,192.991798,-0.1828734992447352,空,125.793,125.914,9.6,0
1766239443.6899648,2025-12-20 14:04:03,2025-12-20 22:04:03,CloseSignal,125.793,1.0,-1.0,0,192.991798,0.0,Strategy_TrendEnd,125.793,125.914,9.6,0
1766239500.1103334,2025-12-20 14:05:00,2025-12-20 22:05:00,BarData,125.833,0,0.0,0.0,192.971798,0.0,❌ 震荡 (Gap 6.2 < 10),125.833,125.911,6.2,0
1766239561.2843509,2025-12-20 14:06:01,2025-12-20 22:06:01,BarData,125.67,0,0.0,0.0,192.971798,0.0,✅ 触发交易,125.670,125.903,18.6,-1
1766239565.1753037,2025-12-20 14:06:05,2025-12-20 22:06:05,Strategy_Open,125.67,1.0,0,-1.0,192.95679800000002,0.0,Strategy_Signal,125.670,125.903,18.6,-1
1766239623.1070807,2025-12-20 14:07:03,2025-12-20 22:07:03,BarData,125.595,0,-1.0,-1.0,193.053798,0.0,✅ 触发交易,125.595,125.893,23.8,-1
1766239680.331643,2025-12-20 14:08:00,2025-12-20 22:08:00,BarData,125.568,0,-1.0,-1.0,193.082798,0.0,✅ 触发交易,125.568,125.883,25.1,-1
1766239740.2889593,2025-12-20 14:09:00,2025-12-20 22:09:00,BarData,125.608,0,-1.0,-1.0,193.02179800000002,0.0,✅ 触发交易,125.608,125.874,21.2,-1
1766239801.3538935,2025-12-20 14:10:01,2025-12-20 22:10:01,BarData,125.623,0,-1.0,-1.0,193.022798,0.0,✅ 触发交易,125.623,125.865,19.3,-1
1766239860.1181378,2025-12-20 14:11:00,2025-12-20 22:11:00,BarData,125.667,0,-1.0,-1.0,192.972798,0.0,✅ 触发交易,125.667,125.859,15.3,-1
1766239920.4688463,2025-12-20 14:12:00,2025-12-20 22:12:00,BarData,125.668,0,-1.0,-1.0,192.929798,0.0,✅ 触发交易,125.668,125.853,14.7,-1
1766239980.1721609,2025-12-20 14:13:00,2025-12-20 22:13:00,BarData,125.662,0,-1.0,-1.0,192.972798,0.0,✅ 触发交易,125.662,125.846,14.7,-1
1766240040.5314767,2025-12-20 14:14:00,2025-12-20 22:14:00,BarData,125.688,0,-1.0,-1.0,192.96879800000002,0.0,✅ 触发交易,125.688,125.841,12.2,-1
1766240100.412151,2025-12-20 14:15:00,2025-12-20 22:15:00,BarData,125.659,0,-1.0,-1.0,192.978798,0.0,✅ 触发交易,125.659,125.835,14.0,-1
1766240160.2177553,2025-12-20 14:16:00,2025-12-20 22:16:00,BarData,125.733,0,-1.0,-1.0,192.892798,0.0,❌ 震荡 (Gap 7.9 < 10),125.733,125.832,7.9,0
1766240160.9041693,2025-12-20 14:16:00,2025-12-20 22:16:00,PnlRecord,125.733,0,0,0,192.892798,-0.5729701339317905,空,125.733,125.832,7.9,0
1766240161.2305772,2025-12-20 14:16:01,2025-12-20 22:16:01,CloseSignal,125.733,1.0,-1.0,0,192.892798,0.0,Strategy_TrendEnd,125.733,125.832,7.9,0
1766240220.5799785,2025-12-20 14:17:00,2025-12-20 22:17:00,BarData,125.799,0,0.0,0.0,192.899798,0.0,❌ 震荡 (Gap 2.5 < 10),125.799,125.831,2.5,0
1766240280.414143,2025-12-20 14:18:00,2025-12-20 22:18:00,BarData,125.811,0,0.0,0.0,192.899798,0.0,❌ 震荡 (Gap 1.5 < 10),125.811,125.830,1.5,0
1766240340.6402853,2025-12-20 14:19:00,2025-12-20 22:19:00,BarData,125.8,0,0.0,0.0,192.899798,0.0,❌ 震荡 (Gap 2.3 < 10),125.800,125.829,2.3,0
1766240400.517035,2025-12-20 14:20:00,2025-12-20 22:20:00,BarData,125.83,0,0.0,0.0,192.899798,0.0,❌ 震荡 (Gap 0.1 < 10),125.830,125.829,0.1,0
1766240460.4291768,2025-12-20 14:21:00,2025-12-20 22:21:00,BarData,125.898,0,0.0,0.0,192.899798,0.0,❌ 震荡 (Gap 5.3 < 10),125.898,125.831,5.3,0
1766240520.5968058,2025-12-20 14:22:00,2025-12-20 22:22:00,BarData,125.864,0,0.0,0.0,192.899798,0.0,❌ 震荡 (Gap 2.5 < 10),125.864,125.833,2.5,0
1766240580.2880228,2025-12-20 14:23:00,2025-12-20 22:23:00,BarData,125.866,0,0.0,0.0,192.899798,0.0,❌ 震荡 (Gap 2.6 < 10),125.866,125.834,2.6,0
1766240641.5343301,2025-12-20 14:24:01,2025-12-20 22:24:01,BarData,125.866,0,0.0,0.0,192.899798,0.0,❌ 震荡 (Gap 2.5 < 10),125.866,125.835,2.5,0
1766240700.6673813,2025-12-20 14:25:00,2025-12-20 22:25:00,BarData,125.854,0,0.0,0.0,192.899798,0.0,❌ 震荡 (Gap 1.5 < 10),125.854,125.835,1.5,0
1766240761.3810139,2025-12-20 14:26:01,2025-12-20 22:26:01,BarData,125.864,0,0.0,0.0,192.899798,0.0,❌ 震荡 (Gap 2.2 < 10),125.864,125.836,2.2,0
1766240820.2874308,2025-12-20 14:27:00,2025-12-20 22:27:00,BarData,125.896,0,0.0,0.0,192.899798,0.0,❌ 震荡 (Gap 4.6 < 10),125.896,125.838,4.6,0
1766240882.0492265,2025-12-20 14:28:02,2025-12-20 22:28:02,BarData,125.882,0,0.0,0.0,192.899798,0.0,❌ 震荡 (Gap 3.4 < 10),125.882,125.840,3.4,0
1766240940.6195698,2025-12-20 14:29:00,2025-12-20 22:29:00,BarData,125.88,0,0.0,0.0,192.899798,0.0,❌ 震荡 (Gap 3.1 < 10),125.880,125.841,3.1,0
1766241000.26602,2025-12-20 14:30:00,2025-12-20 22:30:00,BarData,125.885,0,0.0,0.0,192.899798,0.0,❌ 震荡 (Gap 3.4 < 10),125.885,125.842,3.4,0
1766241060.5582995,2025-12-20 14:31:00,2025-12-20 22:31:00,BarData,125.937,0,0.0,0.0,192.899798,0.0,❌ 震荡 (Gap 7.3 < 10),125.937,125.846,7.3,0
1766241123.641036,2025-12-20 14:32:03,2025-12-20 22:32:03,BarData,125.947,0,0.0,0.0,192.899798,0.0,❌ 震荡 (Gap 7.8 < 10),125.947,125.849,7.8,0
1766241180.4593577,2025-12-20 14:33:00,2025-12-20 22:33:00,BarData,125.991,0,0.0,0.0,192.899798,0.0,✅ 触发交易,125.991,125.854,10.9,1
1766241184.5949914,2025-12-20 14:33:04,2025-12-20 22:33:04,Strategy_Open,125.991,1.0,0,1.0,192.894798,0.0,Strategy_Signal,125.991,125.854,10.9,1
1766241240.3510478,2025-12-20 14:34:00,2025-12-20 22:34:00,BarData,125.961,0,1.0,1.0,192.864798,0.0,❌ 震荡 (Gap 8.3 < 10),125.961,125.857,8.3,0
1766241241.053244,2025-12-20 14:34:01,2025-12-20 22:34:01,PnlRecord,125.961,0,0,0,192.864798,-0.30952380952382125,多,125.961,125.857,8.3,0
1766241241.4334314,2025-12-20 14:34:01,2025-12-20 22:34:01,CloseSignal,125.961,1.0,1.0,0,192.864798,0.0,Strategy_TrendEnd,125.961,125.857,8.3,0
1766241302.0765462,2025-12-20 14:35:02,2025-12-20 22:35:02,BarData,125.957,0,0.0,0.0,192.859798,0.0,❌ 震荡 (Gap 7.7 < 10),125.957,125.860,7.7,0
1766241360.5442758,2025-12-20 14:36:00,2025-12-20 22:36:00,BarData,125.964,0,0.0,0.0,192.859798,0.0,❌ 震荡 (Gap 8.0 < 10),125.964,125.864,8.0,0
1766241420.249855,2025-12-20 14:37:00,2025-12-20 22:37:00,BarData,125.96,0,0.0,0.0,192.859798,0.0,❌ 震荡 (Gap 7.4 < 10),125.960,125.867,7.4,0
1766241480.2933698,2025-12-20 14:38:00,2025-12-20 22:38:00,BarData,126.01,0,0.0,0.0,192.859798,0.0,✅ 触发交易,126.010,125.872,11.0,1
1766241484.1494722,2025-12-20 14:38:04,2025-12-20 22:38:04,Strategy_Open,126.01,1.0,0,1.0,192.862798,0.0,Strategy_Signal,126.010,125.872,11.0,1
1766241540.3482437,2025-12-20 14:39:00,2025-12-20 22:39:00,BarData,125.99,0,1.0,1.0,192.83779800000002,0.0,❌ 震荡 (Gap 9.1 < 10),125.990,125.875,9.1,0
1766241541.056975,2025-12-20 14:39:01,2025-12-20 22:39:01,PnlRecord,125.99,0,0,0,192.83779800000002,-0.13491313974628485,多,125.990,125.875,9.1,0
1766241541.3559642,2025-12-20 14:39:01,2025-12-20 22:39:01,CloseSignal,125.99,1.0,1.0,0,192.83779800000002,0.0,Strategy_TrendEnd,125.990,125.875,9.1,0
1766241600.8207872,2025-12-20 14:40:00,2025-12-20 22:40:00,BarData,126.046,0,0.0,0.0,192.842798,0.0,✅ 触发交易,126.046,125.881,13.1,1
1766241604.7103038,2025-12-20 14:40:04,2025-12-20 22:40:04,Strategy_Open,126.046,1.0,0,1.0,192.854798,0.0,Strategy_Signal,126.046,125.881,13.1,1
1766241660.660817,2025-12-20 14:41:00,2025-12-20 22:41:00,BarData,125.956,0,1.0,1.0,192.754798,0.0,❌ 震荡 (Gap 5.8 < 10),125.956,125.884,5.8,0
1766241661.5193985,2025-12-20 14:41:01,2025-12-20 22:41:01,PnlRecord,125.956,0,0,0,192.754798,-0.72988068037572,多,125.956,125.884,5.8,0
1766241661.8369105,2025-12-20 14:41:01,2025-12-20 22:41:01,CloseSignal,125.956,1.0,1.0,0,192.754798,0.0,Strategy_TrendEnd,125.956,125.884,5.8,0
1766241720.48636,2025-12-20 14:42:00,2025-12-20 22:42:00,BarData,125.97,0,0.0,0.0,192.754798,0.0,❌ 震荡 (Gap 6.6 < 10),125.970,125.886,6.6,0
1766241780.3278124,2025-12-20 14:43:00,2025-12-20 22:43:00,BarData,126.029,0,0.0,0.0,192.754798,0.0,✅ 触发交易,126.029,125.891,10.9,1
1766241784.6192482,2025-12-20 14:43:04,2025-12-20 22:43:04,Strategy_Open,126.029,1.0,0,1.0,192.756798,0.0,Strategy_Signal,126.029,125.891,10.9,1
1766241840.4632375,2025-12-20 14:44:00,2025-12-20 22:44:00,BarData,126.133,0,1.0,1.0,192.804798,0.0,✅ 触发交易,126.133,125.899,18.6,1
1766241900.4274044,2025-12-20 14:45:00,2025-12-20 22:45:00,BarData,126.159,0,1.0,1.0,192.852798,0.0,✅ 触发交易,126.159,125.907,19.9,1
1766241960.2322936,2025-12-20 14:46:00,2025-12-20 22:46:00,BarData,126.142,0,1.0,1.0,192.88379799999998,0.0,✅ 触发交易,126.142,125.915,18.0,1
1766242021.460242,2025-12-20 14:47:01,2025-12-20 22:47:01,BarData,126.299,0,1.0,1.0,193.001798,0.0,✅ 触发交易,126.299,125.928,29.4,1
1766242081.4791014,2025-12-20 14:48:01,2025-12-20 22:48:01,BarData,126.265,0,1.0,1.0,192.991798,0.0,✅ 触发交易,126.265,125.939,25.8,1
1766242140.5663826,2025-12-20 14:49:00,2025-12-20 22:49:00,BarData,126.181,0,1.0,1.0,192.973798,0.0,✅ 触发交易,126.181,125.947,18.6,1
1766242200.230524,2025-12-20 14:50:00,2025-12-20 22:50:00,BarData,126.218,0,1.0,1.0,192.931798,0.0,✅ 触发交易,126.218,125.956,20.8,1
1766242260.326658,2025-12-20 14:51:00,2025-12-20 22:51:00,BarData,126.235,0,1.0,1.0,192.931798,0.0,✅ 触发交易,126.235,125.965,21.4,1
1766242320.4400127,2025-12-20 14:52:00,2025-12-20 22:52:00,BarData,126.267,0,1.0,1.0,193.03179799999998,0.0,✅ 触发交易,126.267,125.975,23.1,1
1766242381.6026082,2025-12-20 14:53:01,2025-12-20 22:53:01,BarData,126.265,0,1.0,1.0,192.982798,0.0,✅ 触发交易,126.265,125.984,22.2,1
1766242440.7802162,2025-12-20 14:54:00,2025-12-20 22:54:00,BarData,126.238,0,1.0,1.0,192.97879799999998,0.0,✅ 触发交易,126.238,125.993,19.4,1
1766242500.762845,2025-12-20 14:55:00,2025-12-20 22:55:00,BarData,126.326,0,1.0,1.0,192.97879799999998,0.0,✅ 触发交易,126.326,126.003,25.5,1
1766242560.2719822,2025-12-20 14:56:00,2025-12-20 22:56:00,BarData,126.239,0,1.0,1.0,192.971798,0.0,✅ 触发交易,126.239,126.011,18.0,1
1766242620.5738487,2025-12-20 14:57:00,2025-12-20 22:57:00,BarData,126.309,0,1.0,1.0,193.028798,0.0,✅ 触发交易,126.309,126.021,22.8,1
1766242680.320492,2025-12-20 14:58:00,2025-12-20 22:58:00,BarData,126.297,0,1.0,1.0,193.00779799999998,0.0,✅ 触发交易,126.297,126.030,21.1,1
1766242740.4655411,2025-12-20 14:59:00,2025-12-20 22:59:00,BarData,126.286,0,1.0,1.0,193.024798,0.0,✅ 触发交易,126.286,126.038,19.6,1
1766242801.5989878,2025-12-20 15:00:01,2025-12-20 23:00:01,BarData,126.29,0,1.0,1.0,193.01379799999998,0.0,✅ 触发交易,126.290,126.047,19.3,1
1766242860.6310728,2025-12-20 15:01:00,2025-12-20 23:01:00,BarData,126.283,0,1.0,1.0,193.013039,0.0,✅ 触发交易,126.283,126.054,18.1,1
1766242920.8852656,2025-12-20 15:02:00,2025-12-20 23:02:00,BarData,126.278,0,1.0,1.0,193.013039,0.0,✅ 触发交易,126.278,126.062,17.1,1
1766242980.8317854,2025-12-20 15:03:00,2025-12-20 23:03:00,BarData,126.252,0,1.0,1.0,192.973039,0.0,✅ 触发交易,126.252,126.068,14.6,1
1766243040.3079455,2025-12-20 15:04:00,2025-12-20 23:04:00,BarData,126.257,0,1.0,1.0,192.988039,0.0,✅ 触发交易,126.257,126.074,14.5,1
1766243100.4804423,2025-12-20 15:05:00,2025-12-20 23:05:00,BarData,126.163,0,1.0,1.0,192.933039,0.0,❌ 震荡 (Gap 6.8 < 10),126.163,126.077,6.8,0
1766243101.2508304,2025-12-20 15:05:01,2025-12-20 23:05:01,PnlRecord,126.163,0,0,0,192.933039,1.0473613634739927,多,126.163,126.077,6.8,0
1766243101.627077,2025-12-20 15:05:01,2025-12-20 23:05:01,CloseSignal,126.163,1.0,1.0,0,192.933039,0.0,Strategy_TrendEnd,126.163,126.077,6.8,0
1766243160.242394,2025-12-20 15:06:00,2025-12-20 23:06:00,BarData,126.18,0,0.0,0.0,192.90204,0.0,❌ 震荡 (Gap 7.9 < 10),126.180,126.080,7.9,0
1766243220.3686528,2025-12-20 15:07:00,2025-12-20 23:07:00,BarData,126.164,0,0.0,0.0,192.90204,0.0,❌ 震荡 (Gap 6.4 < 10),126.164,126.083,6.4,0
1766243280.4625459,2025-12-20 15:08:00,2025-12-20 23:08:00,BarData,126.208,0,0.0,0.0,192.90204,0.0,❌ 震荡 (Gap 9.6 < 10),126.208,126.087,9.6,0
1766243340.4270773,2025-12-20 15:09:00,2025-12-20 23:09:00,BarData,126.211,0,0.0,0.0,192.90204,0.0,❌ 震荡 (Gap 9.5 < 10),126.211,126.091,9.5,0
1766243400.2670052,2025-12-20 15:10:00,2025-12-20 23:10:00,BarData,126.236,0,0.0,0.0,192.90204,0.0,✅ 触发交易,126.236,126.096,11.1,1
1766243404.395088,2025-12-20 15:10:04,2025-12-20 23:10:04,Strategy_Open,126.236,1.0,0,1.0,192.898492,0.0,Strategy_Signal,126.236,126.096,11.1,1
1766243461.489343,2025-12-20 15:11:01,2025-12-20 23:11:01,BarData,126.234,0,1.0,1.0,192.893492,0.0,✅ 触发交易,126.234,126.101,10.6,1
1766243522.1640816,2025-12-20 15:12:02,2025-12-20 23:12:02,BarData,126.279,0,1.0,1.0,192.943492,0.0,✅ 触发交易,126.279,126.106,13.7,1
1766243581.4876192,2025-12-20 15:13:01,2025-12-20 23:13:01,BarData,126.276,0,1.0,1.0,192.930492,0.0,✅ 触发交易,126.276,126.112,13.0,1
1766243640.5196028,2025-12-20 15:14:00,2025-12-20 23:14:00,BarData,126.26,0,1.0,1.0,192.940492,0.0,✅ 触发交易,126.260,126.117,11.3,1
1766243700.8748257,2025-12-20 15:15:00,2025-12-20 23:15:00,BarData,126.276,0,1.0,1.0,192.941492,0.0,✅ 触发交易,126.276,126.122,12.2,1
1766243760.430772,2025-12-20 15:16:00,2025-12-20 23:16:00,BarData,126.271,0,1.0,1.0,192.942492,0.0,✅ 触发交易,126.271,126.127,11.4,1
1766243820.4735336,2025-12-20 15:17:00,2025-12-20 23:17:00,BarData,126.249,0,1.0,1.0,192.919492,0.0,❌ 震荡 (Gap 9.3 < 10),126.249,126.131,9.3,0
1766243821.1505086,2025-12-20 15:17:01,2025-12-20 23:17:01,PnlRecord,126.249,0,0,0,192.919492,0.07921482267754738,多,126.249,126.131,9.3,0
1766243821.4694767,2025-12-20 15:17:01,2025-12-20 23:17:01,CloseSignal,126.249,1.0,1.0,0,192.919492,0.0,Strategy_TrendEnd,126.249,126.131,9.3,0
1766243882.3706107,2025-12-20 15:18:02,2025-12-20 23:18:02,BarData,126.247,0,0.0,0.0,192.912492,0.0,❌ 震荡 (Gap 8.9 < 10),126.247,126.135,8.9,0
1766243942.335944,2025-12-20 15:19:02,2025-12-20 23:19:02,BarData,126.223,0,0.0,0.0,192.912492,0.0,❌ 震荡 (Gap 6.8 < 10),126.223,126.138,6.8,0
1766244000.1871445,2025-12-20 15:20:00,2025-12-20 23:20:00,BarData,125.96,0,0.0,0.0,192.912492,0.0,✅ 触发交易,125.960,126.132,13.6,-1
1766244004.175978,2025-12-20 15:20:04,2025-12-20 23:20:04,Strategy_Open,125.96,1.0,0,-1.0,192.90449199999998,0.0,Strategy_Signal,125.960,126.132,13.6,-1
1766244060.1026711,2025-12-20 15:21:00,2025-12-20 23:21:00,BarData,126.094,0,-1.0,-1.0,192.806492,0.0,❌ 震荡 (Gap 2.9 < 10),126.094,126.131,2.9,0
1766244060.7918658,2025-12-20 15:21:00,2025-12-20 23:21:00,PnlRecord,126.094,0,0,0,192.806492,-0.889015891159013,空,126.094,126.131,2.9,0
1766244061.1358175,2025-12-20 15:21:01,2025-12-20 23:21:01,CloseSignal,126.094,1.0,-1.0,0,192.806492,0.0,Strategy_TrendEnd,126.094,126.131,2.9,0
1766244120.6602643,2025-12-20 15:22:00,2025-12-20 23:22:00,BarData,126.129,0,0.0,0.0,192.771492,0.0,❌ 震荡 (Gap 0.1 < 10),126.129,126.131,0.1,0
1766244180.46312,2025-12-20 15:23:00,2025-12-20 23:23:00,BarData,126.127,0,0.0,0.0,192.771492,0.0,❌ 震荡 (Gap 0.3 < 10),126.127,126.130,0.3,0
1766244242.267577,2025-12-20 15:24:02,2025-12-20 23:24:02,BarData,126.076,0,0.0,0.0,192.771492,0.0,❌ 震荡 (Gap 4.2 < 10),126.076,126.129,4.2,0
1766244301.0228431,2025-12-20 15:25:01,2025-12-20 23:25:01,BarData,126.078,0,0.0,0.0,192.771492,0.0,❌ 震荡 (Gap 3.9 < 10),126.078,126.127,3.9,0
1766244360.5125802,2025-12-20 15:26:00,2025-12-20 23:26:00,BarData,126.097,0,0.0,0.0,192.771492,0.0,❌ 震荡 (Gap 2.3 < 10),126.097,126.126,2.3,0
1766244420.537481,2025-12-20 15:27:00,2025-12-20 23:27:00,BarData,126.101,0,0.0,0.0,192.771492,0.0,❌ 震荡 (Gap 1.9 < 10),126.101,126.125,1.9,0
1766244480.7059894,2025-12-20 15:28:00,2025-12-20 23:28:00,BarData,126.06,0,0.0,0.0,192.771492,0.0,❌ 震荡 (Gap 5.0 < 10),126.060,126.123,5.0,0
1766244540.319271,2025-12-20 15:29:00,2025-12-20 23:29:00,BarData,126.131,0,0.0,0.0,192.771492,0.0,❌ 震荡 (Gap 0.6 < 10),126.131,126.123,0.6,0
1766244600.3289704,2025-12-20 15:30:00,2025-12-20 23:30:00,BarData,126.141,0,0.0,0.0,192.771492,0.0,❌ 震荡 (Gap 1.4 < 10),126.141,126.124,1.4,0
1766244660.3039386,2025-12-20 15:31:00,2025-12-20 23:31:00,BarData,126.182,0,0.0,0.0,192.771492,0.0,❌ 震荡 (Gap 4.5 < 10),126.182,126.126,4.5,0
1766244720.220159,2025-12-20 15:32:00,2025-12-20 23:32:00,BarData,126.19,0,0.0,0.0,192.771492,0.0,❌ 震荡 (Gap 4.9 < 10),126.190,126.128,4.9,0
1766244780.5136313,2025-12-20 15:33:00,2025-12-20 23:33:00,BarData,126.193,0,0.0,0.0,192.771492,0.0,❌ 震荡 (Gap 5.0 < 10),126.193,126.130,5.0,0
1766244840.4336758,2025-12-20 15:34:00,2025-12-20 23:34:00,BarData,126.211,0,0.0,0.0,192.771492,0.0,❌ 震荡 (Gap 6.2 < 10),126.211,126.133,6.2,0
1766244902.1592834,2025-12-20 15:35:02,2025-12-20 23:35:02,BarData,126.239,0,0.0,0.0,192.771492,0.0,❌ 震荡 (Gap 8.1 < 10),126.239,126.136,8.1,0
1766244962.1951091,2025-12-20 15:36:02,2025-12-20 23:36:02,BarData,126.224,0,0.0,0.0,192.771492,0.0,❌ 震荡 (Gap 6.7 < 10),126.224,126.139,6.7,0
1766245020.2781303,2025-12-20 15:37:00,2025-12-20 23:37:00,BarData,126.24,0,0.0,0.0,192.771492,0.0,❌ 震荡 (Gap 7.7 < 10),126.240,126.142,7.7,0
1766245080.560378,2025-12-20 15:38:00,2025-12-20 23:38:00,BarData,126.217,0,0.0,0.0,192.771492,0.0,❌ 震荡 (Gap 5.7 < 10),126.217,126.145,5.7,0
1766245140.4078526,2025-12-20 15:39:00,2025-12-20 23:39:00,BarData,126.214,0,0.0,0.0,192.771492,0.0,❌ 震荡 (Gap 5.3 < 10),126.214,126.147,5.3,0
1766245200.309185,2025-12-20 15:40:00,2025-12-20 23:40:00,BarData,126.211,0,0.0,0.0,192.771492,0.0,❌ 震荡 (Gap 4.9 < 10),126.211,126.149,4.9,0
1766245260.7441669,2025-12-20 15:41:00,2025-12-20 23:41:00,BarData,126.284,0,0.0,0.0,192.771492,0.0,✅ 触发交易,126.284,126.154,10.3,1
1766245264.632676,2025-12-20 15:41:04,2025-12-20 23:41:04,Strategy_Open,126.284,1.0,0,1.0,192.766492,0.0,Strategy_Signal,126.284,126.154,10.3,1
1766245320.3988857,2025-12-20 15:42:00,2025-12-20 23:42:00,BarData,126.46,0,1.0,1.0,192.878492,0.0,✅ 触发交易,126.460,126.164,23.4,1
1766245380.599058,2025-12-20 15:43:00,2025-12-20 23:43:00,BarData,126.44,0,1.0,1.0,192.933492,0.0,✅ 触发交易,126.440,126.173,21.1,1
1766245440.4244583,2025-12-20 15:44:00,2025-12-20 23:44:00,BarData,126.449,0,1.0,1.0,192.932492,0.0,✅ 触发交易,126.449,126.182,21.1,1
1766245502.3314803,2025-12-20 15:45:02,2025-12-20 23:45:02,BarData,126.435,0,1.0,1.0,192.913492,0.0,✅ 触发交易,126.435,126.190,19.4,1
1766245560.3908827,2025-12-20 15:46:00,2025-12-20 23:46:00,BarData,126.427,0,1.0,1.0,192.909492,0.0,✅ 触发交易,126.427,126.198,18.1,1
1766245620.6307752,2025-12-20 15:47:00,2025-12-20 23:47:00,BarData,126.422,0,1.0,1.0,192.908492,0.0,✅ 触发交易,126.422,126.205,17.2,1
1766245680.4058936,2025-12-20 15:48:00,2025-12-20 23:48:00,BarData,126.433,0,1.0,1.0,192.914492,0.0,✅ 触发交易,126.433,126.213,17.4,1
1766245740.2094228,2025-12-20 15:49:00,2025-12-20 23:49:00,BarData,126.439,0,1.0,1.0,192.91149199999998,0.0,✅ 触发交易,126.439,126.220,17.3,1
1766245800.3730068,2025-12-20 15:50:00,2025-12-20 23:50:00,BarData,126.484,0,1.0,1.0,192.955492,0.0,✅ 触发交易,126.484,126.229,20.2,1
1766245860.566563,2025-12-20 15:51:00,2025-12-20 23:51:00,BarData,126.526,0,1.0,1.0,193.014492,0.0,✅ 触发交易,126.526,126.238,22.7,1
1766245921.5719545,2025-12-20 15:52:01,2025-12-20 23:52:01,BarData,126.53,0,1.0,1.0,193.004492,0.0,✅ 触发交易,126.530,126.248,22.3,1
1766245980.8856118,2025-12-20 15:53:00,2025-12-20 23:53:00,BarData,126.54,0,1.0,1.0,193.02549199999999,0.0,✅ 触发交易,126.540,126.258,22.3,1
1766246040.414263,2025-12-20 15:54:00,2025-12-20 23:54:00,BarData,126.581,0,1.0,1.0,193.065492,0.0,✅ 触发交易,126.581,126.268,24.7,1
1766246100.1821907,2025-12-20 15:55:00,2025-12-20 23:55:00,BarData,126.524,0,1.0,1.0,193.014492,0.0,✅ 触发交易,126.524,126.277,19.6,1
1766246160.7554257,2025-12-20 15:56:00,2025-12-20 23:56:00,BarData,126.539,0,1.0,1.0,193.035492,0.0,✅ 触发交易,126.539,126.285,20.1,1
1766246221.6976864,2025-12-20 15:57:01,2025-12-20 23:57:01,BarData,126.559,0,1.0,1.0,193.038492,0.0,✅ 触发交易,126.559,126.294,20.9,1
1766246280.6289182,2025-12-20 15:58:00,2025-12-20 23:58:00,BarData,126.542,0,1.0,1.0,193.02449199999998,0.0,✅ 触发交易,126.542,126.302,18.9,1
1766246340.4031312,2025-12-20 15:59:00,2025-12-20 23:59:00,BarData,126.541,0,1.0,1.0,193.040492,0.0,✅ 触发交易,126.541,126.310,18.2,1
1766246400.8520842,2025-12-20 16:00:00,2025-12-21 00:00:00,BarData,126.526,0,1.0,1.0,192.978492,0.0,✅ 触发交易,126.526,126.317,16.5,1
1766246460.3774104,2025-12-20 16:01:00,2025-12-21 00:01:00,BarData,126.428,0,1.0,1.0,192.932492,0.0,❌ 震荡 (Gap 8.5 < 10),126.428,126.321,8.5,0
1766246461.117993,2025-12-20 16:01:01,2025-12-21 00:01:01,PnlRecord,126.428,0,0,0,192.932492,1.0689428551067033,多,126.428,126.321,8.5,0
1766246461.439909,2025-12-20 16:01:01,2025-12-21 00:01:01,CloseSignal,126.428,1.0,1.0,0,192.932492,0.0,Strategy_TrendEnd,126.428,126.321,8.5,0
1766246520.7229652,2025-12-20 16:02:00,2025-12-21 00:02:00,BarData,126.396,0,0.0,0.0,192.924492,0.0,❌ 震荡 (Gap 5.8 < 10),126.396,126.323,5.8,0
1766246580.2461398,2025-12-20 16:03:00,2025-12-21 00:03:00,BarData,126.392,0,0.0,0.0,192.924492,0.0,❌ 震荡 (Gap 5.3 < 10),126.392,126.326,5.3,0
1766246640.8594122,2025-12-20 16:04:00,2025-12-21 00:04:00,BarData,126.355,0,0.0,0.0,192.924492,0.0,❌ 震荡 (Gap 2.3 < 10),126.355,126.327,2.3,0
1766246701.6460266,2025-12-20 16:05:01,2025-12-21 00:05:01,BarData,126.395,0,0.0,0.0,192.924492,0.0,❌ 震荡 (Gap 5.2 < 10),126.395,126.329,5.2,0
1766246760.5327096,2025-12-20 16:06:00,2025-12-21 00:06:00,BarData,126.349,0,0.0,0.0,192.924492,0.0,❌ 震荡 (Gap 1.5 < 10),126.349,126.329,1.5,0
1766246820.70361,2025-12-20 16:07:00,2025-12-21 00:07:00,BarData,126.394,0,0.0,0.0,192.924492,0.0,❌ 震荡 (Gap 4.9 < 10),126.394,126.332,4.9,0
1766246880.7751188,2025-12-20 16:08:00,2025-12-21 00:08:00,BarData,126.379,0,0.0,0.0,192.924492,0.0,❌ 震荡 (Gap 3.6 < 10),126.379,126.333,3.6,0
1766246940.2777972,2025-12-20 16:09:00,2025-12-21 00:09:00,BarData,126.382,0,0.0,0.0,192.924492,0.0,❌ 震荡 (Gap 3.7 < 10),126.382,126.335,3.7,0
1766247001.642279,2025-12-20 16:10:01,2025-12-21 00:10:01,BarData,126.393,0,0.0,0.0,192.924492,0.0,❌ 震荡 (Gap 4.5 < 10),126.393,126.337,4.5,0
1766247060.2322295,2025-12-20 16:11:00,2025-12-21 00:11:00,BarData,126.334,0,0.0,0.0,192.924492,0.0,❌ 震荡 (Gap 0.2 < 10),126.334,126.337,0.2,0
1766247120.4401667,2025-12-20 16:12:00,2025-12-21 00:12:00,BarData,126.316,0,0.0,0.0,192.924492,0.0,❌ 震荡 (Gap 1.6 < 10),126.316,126.336,1.6,0
1766247180.703542,2025-12-20 16:13:00,2025-12-21 00:13:00,BarData,126.328,0,0.0,0.0,192.924492,0.0,❌ 震荡 (Gap 0.6 < 10),126.328,126.336,0.6,0
1766247240.7240071,2025-12-20 16:14:00,2025-12-21 00:14:00,BarData,126.379,0,0.0,0.0,192.924492,0.0,❌ 震荡 (Gap 3.3 < 10),126.379,126.337,3.3,0
1766247300.622282,2025-12-20 16:15:00,2025-12-21 00:15:00,BarData,126.429,0,0.0,0.0,192.924492,0.0,❌ 震荡 (Gap 7.0 < 10),126.429,126.340,7.0,0
1766247360.865635,2025-12-20 16:16:00,2025-12-21 00:16:00,BarData,126.409,0,0.0,0.0,192.924492,0.0,❌ 震荡 (Gap 5.3 < 10),126.409,126.342,5.3,0
1766247420.131949,2025-12-20 16:17:00,2025-12-21 00:17:00,BarData,126.439,0,0.0,0.0,192.924492,0.0,❌ 震荡 (Gap 7.4 < 10),126.439,126.345,7.4,0
1766247480.7425017,2025-12-20 16:18:00,2025-12-21 00:18:00,BarData,126.449,0,0.0,0.0,192.924492,0.0,❌ 震荡 (Gap 7.9 < 10),126.449,126.349,7.9,0
1766247542.1988666,2025-12-20 16:19:02,2025-12-21 00:19:02,BarData,126.483,0,0.0,0.0,192.924492,0.0,✅ 触发交易,126.483,126.353,10.3,1
1766247546.2038846,2025-12-20 16:19:06,2025-12-21 00:19:06,Strategy_Open,126.483,1.0,0,1.0,192.938492,0.0,Strategy_Signal,126.483,126.353,10.3,1
1766247600.4363425,2025-12-20 16:20:00,2025-12-21 00:20:00,BarData,126.473,0,1.0,1.0,192.937492,0.0,❌ 震荡 (Gap 9.2 < 10),126.473,126.357,9.2,0
1766247601.1221588,2025-12-20 16:20:01,2025-12-21 00:20:01,PnlRecord,126.473,0,0,0,192.937492,-0.08696752158372346,多,126.473,126.357,9.2,0
1766247601.8701947,2025-12-20 16:20:01,2025-12-21 00:20:01,CloseSignal,126.473,1.0,1.0,0,192.937492,0.0,Strategy_TrendEnd,126.473,126.357,9.2,0
1766247660.294782,2025-12-20 16:21:00,2025-12-21 00:21:00,BarData,126.435,0,0.0,0.0,192.918492,0.0,❌ 震荡 (Gap 6.0 < 10),126.435,126.360,6.0,0
1766247720.544217,2025-12-20 16:22:00,2025-12-21 00:22:00,BarData,126.439,0,0.0,0.0,192.918492,0.0,❌ 震荡 (Gap 6.1 < 10),126.439,126.362,6.1,0
1766247780.4317465,2025-12-20 16:23:00,2025-12-21 00:23:00,BarData,126.456,0,0.0,0.0,192.918492,0.0,❌ 震荡 (Gap 7.2 < 10),126.456,126.365,7.2,0
1766247842.358284,2025-12-20 16:24:02,2025-12-21 00:24:02,BarData,126.446,0,0.0,0.0,192.918492,0.0,❌ 震荡 (Gap 6.2 < 10),126.446,126.368,6.2,0
1766247900.702287,2025-12-20 16:25:00,2025-12-21 00:25:00,BarData,126.445,0,0.0,0.0,192.918492,0.0,❌ 震荡 (Gap 5.9 < 10),126.445,126.371,5.9,0
1766247960.5323784,2025-12-20 16:26:00,2025-12-21 00:26:00,BarData,126.439,0,0.0,0.0,192.918492,0.0,❌ 震荡 (Gap 5.2 < 10),126.439,126.373,5.2,0
1766248020.5086887,2025-12-20 16:27:00,2025-12-21 00:27:00,BarData,126.337,0,0.0,0.0,192.918492,0.0,❌ 震荡 (Gap 2.7 < 10),126.337,126.372,2.7,0
1766248080.9893632,2025-12-20 16:28:00,2025-12-21 00:28:00,BarData,126.301,0,0.0,0.0,192.918492,0.0,❌ 震荡 (Gap 5.4 < 10),126.301,126.369,5.4,0
1766248140.5318267,2025-12-20 16:29:00,2025-12-21 00:29:00,BarData,126.308,0,0.0,0.0,192.918492,0.0,❌ 震荡 (Gap 4.7 < 10),126.308,126.367,4.7,0
1766248200.3380666,2025-12-20 16:30:00,2025-12-21 00:30:00,BarData,126.205,0,0.0,0.0,192.918492,0.0,✅ 触发交易,126.205,126.362,12.4,-1
1766248204.2098517,2025-12-20 16:30:04,2025-12-21 00:30:04,Strategy_Open,126.205,1.0,0,-1.0,192.908492,0.0,Strategy_Signal,126.205,126.362,12.4,-1
1766248261.65505,2025-12-20 16:31:01,2025-12-21 00:31:01,BarData,126.209,0,-1.0,-1.0,192.914492,0.0,✅ 触发交易,126.209,126.357,11.7,-1
1766248320.3433845,2025-12-20 16:32:00,2025-12-21 00:32:00,BarData,126.157,0,-1.0,-1.0,192.95849199999998,0.0,✅ 触发交易,126.157,126.350,15.3,-1
1766248380.2375312,2025-12-20 16:33:00,2025-12-21 00:33:00,BarData,126.151,0,-1.0,-1.0,192.966492,0.0,✅ 触发交易,126.151,126.344,15.3,-1
1766248440.3640804,2025-12-20 16:34:00,2025-12-21 00:34:00,BarData,126.17,0,-1.0,-1.0,192.966492,0.0,✅ 触发交易,126.170,126.338,13.3,-1
1766248500.8532357,2025-12-20 16:35:00,2025-12-21 00:35:00,BarData,126.137,0,-1.0,-1.0,192.97649199999998,0.0,✅ 触发交易,126.137,126.332,15.4,-1
1766248560.6037216,2025-12-20 16:36:00,2025-12-21 00:36:00,BarData,126.178,0,-1.0,-1.0,192.943492,0.0,✅ 触发交易,126.178,126.327,11.8,-1
1766248620.4766948,2025-12-20 16:37:00,2025-12-21 00:37:00,BarData,126.211,0,-1.0,-1.0,192.90049199999999,0.0,❌ 震荡 (Gap 8.9 < 10),126.211,126.323,8.9,0
1766248621.1845708,2025-12-20 16:37:01,2025-12-21 00:37:01,PnlRecord,126.211,0,0,0,192.90049199999999,-0.0713142422465598,空,126.211,126.323,8.9,0
1766248621.5339863,2025-12-20 16:37:01,2025-12-21 00:37:01,CloseSignal,126.211,1.0,-1.0,0,192.90049199999999,0.0,Strategy_TrendEnd,126.211,126.323,8.9,0
1766248680.5166104,2025-12-20 16:38:00,2025-12-21 00:38:00,BarData,126.177,0,0.0,0.0,192.908492,0.0,✅ 触发交易,126.177,126.318,11.2,-1
1766248684.441041,2025-12-20 16:38:04,2025-12-21 00:38:04,Strategy_Open,126.177,1.0,0,-1.0,192.903492,0.0,Strategy_Signal,126.177,126.318,11.2,-1
1766248740.7543507,2025-12-20 16:39:00,2025-12-21 00:39:00,BarData,126.12,0,-1.0,-1.0,192.96549199999998,0.0,✅ 触发交易,126.120,126.311,15.2,-1
1766248802.276696,2025-12-20 16:40:02,2025-12-21 00:40:02,BarData,126.091,0,-1.0,-1.0,192.982492,0.0,✅ 触发交易,126.091,126.304,16.9,-1
1766248860.643442,2025-12-20 16:41:00,2025-12-21 00:41:00,BarData,126.09,0,-1.0,-1.0,192.999492,0.0,✅ 触发交易,126.090,126.297,16.4,-1
1766248920.2636948,2025-12-20 16:42:00,2025-12-21 00:42:00,BarData,126.047,0,-1.0,-1.0,193.00749199999998,0.0,✅ 触发交易,126.047,126.289,19.2,-1
1766248980.9535325,2025-12-20 16:43:00,2025-12-21 00:43:00,BarData,126.075,0,-1.0,-1.0,193.01949199999999,0.0,✅ 触发交易,126.075,126.282,16.4,-1
1766249040.3606362,2025-12-20 16:44:00,2025-12-21 00:44:00,BarData,126.066,0,-1.0,-1.0,193.016492,0.0,✅ 触发交易,126.066,126.275,16.6,-1
1766249100.1318164,2025-12-20 16:45:00,2025-12-21 00:45:00,BarData,126.123,0,-1.0,-1.0,192.978492,0.0,✅ 触发交易,126.123,126.270,11.7,-1
1766249160.07915,2025-12-20 16:46:00,2025-12-21 00:46:00,BarData,126.1,0,-1.0,-1.0,192.984492,0.0,✅ 触发交易,126.100,126.264,13.0,-1
1766249220.4052126,2025-12-20 16:47:00,2025-12-21 00:47:00,BarData,126.172,0,-1.0,-1.0,192.975492,0.0,❌ 震荡 (Gap 7.1 < 10),126.172,126.261,7.1,0
1766249221.1071699,2025-12-20 16:47:01,2025-12-21 00:47:01,PnlRecord,126.172,0,0,0,192.975492,0.039626873360514694,空,126.172,126.261,7.1,0
1766249221.5612082,2025-12-20 16:47:01,2025-12-21 00:47:01,CloseSignal,126.172,1.0,-1.0,0,192.975492,0.0,Strategy_TrendEnd,126.172,126.261,7.1,0
1766249280.4127166,2025-12-20 16:48:00,2025-12-21 00:48:00,BarData,126.217,0,0.0,0.0,192.905492,0.0,❌ 震荡 (Gap 3.4 < 10),126.217,126.260,3.4,0
1766249340.4573114,2025-12-20 16:49:00,2025-12-21 00:49:00,BarData,126.201,0,0.0,0.0,192.905492,0.0,❌ 震荡 (Gap 4.5 < 10),126.201,126.258,4.5,0
1766249400.6351547,2025-12-20 16:50:00,2025-12-21 00:50:00,BarData,126.223,0,0.0,0.0,192.905492,0.0,❌ 震荡 (Gap 2.7 < 10),126.223,126.257,2.7,0
1766249460.21721,2025-12-20 16:51:00,2025-12-21 00:51:00,BarData,126.226,0,0.0,0.0,192.905492,0.0,❌ 震荡 (Gap 2.4 < 10),126.226,126.256,2.4,0
1766249520.6540754,2025-12-20 16:52:00,2025-12-21 00:52:00,BarData,126.234,0,0.0,0.0,192.905492,0.0,❌ 震荡 (Gap 1.7 < 10),126.234,126.255,1.7,0
1766249580.5627978,2025-12-20 16:53:00,2025-12-21 00:53:00,BarData,126.195,0,0.0,0.0,192.905492,0.0,❌ 震荡 (Gap 4.6 < 10),126.195,126.253,4.6,0
1766249640.1098292,2025-12-20 16:54:00,2025-12-21 00:54:00,BarData,126.217,0,0.0,0.0,192.905492,0.0,❌ 震荡 (Gap 2.8 < 10),126.217,126.252,2.8,0
1766249700.1503396,2025-12-20 16:55:00,2025-12-21 00:55:00,BarData,126.202,0,0.0,0.0,192.905492,0.0,❌ 震荡 (Gap 3.8 < 10),126.202,126.250,3.8,0
1766249760.4111578,2025-12-20 16:56:00,2025-12-21 00:56:00,BarData,126.19,0,0.0,0.0,192.905492,0.0,❌ 震荡 (Gap 4.6 < 10),126.190,126.248,4.6,0
1766249820.1763616,2025-12-20 16:57:00,2025-12-21 00:57:00,BarData,126.219,0,0.0,0.0,192.905492,0.0,❌ 震荡 (Gap 2.2 < 10),126.219,126.247,2.2,0
1766249880.1364002,2025-12-20 16:58:00,2025-12-21 00:58:00,BarData,126.223,0,0.0,0.0,192.905492,0.0,❌ 震荡 (Gap 1.9 < 10),126.223,126.247,1.9,0
1766249940.4408493,2025-12-20 16:59:00,2025-12-21 00:59:00,BarData,126.221,0,0.0,0.0,192.905492,0.0,❌ 震荡 (Gap 2.0 < 10),126.221,126.246,2.0,0
1766250001.8199205,2025-12-20 17:00:01,2025-12-21 01:00:01,BarData,126.272,0,0.0,0.0,192.905492,0.0,❌ 震荡 (Gap 2.0 < 10),126.272,126.247,2.0,0
1766250060.2634532,2025-12-20 17:01:00,2025-12-21 01:01:00,BarData,126.262,0,0.0,0.0,192.905492,0.0,❌ 震荡 (Gap 1.2 < 10),126.262,126.247,1.2,0
1766250120.4986577,2025-12-20 17:02:00,2025-12-21 01:02:00,BarData,126.229,0,0.0,0.0,192.905492,0.0,❌ 震荡 (Gap 1.4 < 10),126.229,126.246,1.4,0
1766250180.3648531,2025-12-20 17:03:00,2025-12-21 01:03:00,BarData,126.27,0,0.0,0.0,192.905492,0.0,❌ 震荡 (Gap 1.8 < 10),126.270,126.247,1.8,0
1766250242.3291764,2025-12-20 17:04:02,2025-12-21 01:04:02,BarData,126.213,0,0.0,0.0,192.905492,0.0,❌ 震荡 (Gap 2.6 < 10),126.213,126.246,2.6,0
1766250300.3422773,2025-12-20 17:05:00,2025-12-21 01:05:00,BarData,126.26,0,0.0,0.0,192.905492,0.0,❌ 震荡 (Gap 1.1 < 10),126.260,126.247,1.1,0
1766250360.3979404,2025-12-20 17:06:00,2025-12-21 01:06:00,BarData,126.335,0,0.0,0.0,192.905492,0.0,❌ 震荡 (Gap 6.8 < 10),126.335,126.249,6.8,0
1766250420.433584,2025-12-20 17:07:00,2025-12-21 01:07:00,BarData,126.221,0,0.0,0.0,192.905492,0.0,❌ 震荡 (Gap 2.2 < 10),126.221,126.249,2.2,0
1766250480.524361,2025-12-20 17:08:00,2025-12-21 01:08:00,BarData,126.184,0,0.0,0.0,192.905492,0.0,❌ 震荡 (Gap 4.9 < 10),126.184,126.246,4.9,0
1766250541.62604,2025-12-20 17:09:01,2025-12-21 01:09:01,BarData,126.202,0,0.0,0.0,192.905492,0.0,❌ 震荡 (Gap 3.4 < 10),126.202,126.245,3.4,0
1766250600.3805475,2025-12-20 17:10:00,2025-12-21 01:10:00,BarData,126.127,0,0.0,0.0,192.905492,0.0,❌ 震荡 (Gap 9.0 < 10),126.127,126.241,9.0,0
1766250660.3705313,2025-12-20 17:11:00,2025-12-21 01:11:00,BarData,126.045,0,0.0,0.0,192.905492,0.0,✅ 触发交易,126.045,126.235,15.0,-1
1766250664.2392857,2025-12-20 17:11:04,2025-12-21 01:11:04,Strategy_Open,126.045,1.0,0,-1.0,192.87149200000002,0.0,Strategy_Signal,126.045,126.235,15.0,-1
1766250720.4309406,2025-12-20 17:12:00,2025-12-21 01:12:00,BarData,126.084,0,-1.0,-1.0,192.868492,0.0,✅ 触发交易,126.084,126.230,11.6,-1
1766250781.5581667,2025-12-20 17:13:01,2025-12-21 01:13:01,BarData,126.162,0,-1.0,-1.0,192.784492,0.0,❌ 震荡 (Gap 5.2 < 10),126.162,126.228,5.2,0
1766250782.2609916,2025-12-20 17:13:02,2025-12-21 01:13:02,PnlRecord,126.162,0,0,0,192.784492,-0.9202989384827733,空,126.162,126.228,5.2,0
1766250782.5713513,2025-12-20 17:13:02,2025-12-21 01:13:02,CloseSignal,126.162,1.0,-1.0,0,192.784492,0.0,Strategy_TrendEnd,126.162,126.228,5.2,0
1766250842.4739318,2025-12-20 17:14:02,2025-12-21 01:14:02,BarData,126.145,0,0.0,0.0,192.789492,0.0,❌ 震荡 (Gap 6.3 < 10),126.145,126.225,6.3,0
1766250900.7114127,2025-12-20 17:15:00,2025-12-21 01:15:00,BarData,126.147,0,0.0,0.0,192.789492,0.0,❌ 震荡 (Gap 6.0 < 10),126.147,126.222,6.0,0
1766250962.4527707,2025-12-20 17:16:02,2025-12-21 01:16:02,BarData,126.151,0,0.0,0.0,192.789492,0.0,❌ 震荡 (Gap 5.5 < 10),126.151,126.220,5.5,0
1766251020.9152644,2025-12-20 17:17:00,2025-12-21 01:17:00,BarData,126.171,0,0.0,0.0,192.789492,0.0,❌ 震荡 (Gap 3.8 < 10),126.171,126.218,3.8,0
1766251080.8336158,2025-12-20 17:18:00,2025-12-21 01:18:00,BarData,126.115,0,0.0,0.0,192.789492,0.0,❌ 震荡 (Gap 7.9 < 10),126.115,126.215,7.9,0
1766251140.507894,2025-12-20 17:19:00,2025-12-21 01:19:00,BarData,126.198,0,0.0,0.0,192.789492,0.0,❌ 震荡 (Gap 1.3 < 10),126.198,126.214,1.3,0
1766251200.4523716,2025-12-20 17:20:00,2025-12-21 01:20:00,BarData,126.182,0,0.0,0.0,192.789492,0.0,❌ 震荡 (Gap 2.5 < 10),126.182,126.213,2.5,0
1766251260.9045563,2025-12-20 17:21:00,2025-12-21 01:21:00,BarData,126.163,0,0.0,0.0,192.789492,0.0,❌ 震荡 (Gap 3.9 < 10),126.163,126.212,3.9,0
1766251320.2223203,2025-12-20 17:22:00,2025-12-21 01:22:00,BarData,126.159,0,0.0,0.0,192.789492,0.0,❌ 震荡 (Gap 4.0 < 10),126.159,126.210,4.0,0
1766251381.0029397,2025-12-20 17:23:01,2025-12-21 01:23:01,BarData,126.188,0,0.0,0.0,192.789492,0.0,❌ 震荡 (Gap 1.7 < 10),126.188,126.209,1.7,0
1766251440.193391,2025-12-20 17:24:00,2025-12-21 01:24:00,BarData,126.17,0,0.0,0.0,192.789492,0.0,❌ 震荡 (Gap 3.0 < 10),126.170,126.208,3.0,0
1766251500.1204205,2025-12-20 17:25:00,2025-12-21 01:25:00,BarData,126.178,0,0.0,0.0,192.789492,0.0,❌ 震荡 (Gap 2.3 < 10),126.178,126.207,2.3,0
1766251561.7257266,2025-12-20 17:26:01,2025-12-21 01:26:01,BarData,126.175,0,0.0,0.0,192.789492,0.0,❌ 震荡 (Gap 2.5 < 10),126.175,126.206,2.5,0
1766251620.7313914,2025-12-20 17:27:00,2025-12-21 01:27:00,BarData,126.186,0,0.0,0.0,192.789492,0.0,❌ 震荡 (Gap 1.5 < 10),126.186,126.205,1.5,0
1766251680.2188587,2025-12-20 17:28:00,2025-12-21 01:28:00,BarData,126.114,0,0.0,0.0,192.789492,0.0,❌ 震荡 (Gap 7.0 < 10),126.114,126.202,7.0,0
1766251740.5866342,2025-12-20 17:29:00,2025-12-21 01:29:00,BarData,126.1,0,0.0,0.0,192.789492,0.0,❌ 震荡 (Gap 7.8 < 10),126.100,126.199,7.8,0
1766251800.8797054,2025-12-20 17:30:00,2025-12-21 01:30:00,BarData,126.108,0,0.0,0.0,192.789492,0.0,❌ 震荡 (Gap 7.0 < 10),126.108,126.196,7.0,0
1766251860.7008553,2025-12-20 17:31:00,2025-12-21 01:31:00,BarData,126.159,0,0.0,0.0,192.789492,0.0,❌ 震荡 (Gap 2.8 < 10),126.159,126.195,2.8,0
1766251920.747748,2025-12-20 17:32:00,2025-12-21 01:32:00,BarData,126.119,0,0.0,0.0,192.789492,0.0,❌ 震荡 (Gap 5.8 < 10),126.119,126.192,5.8,0
1766251980.671489,2025-12-20 17:33:00,2025-12-21 01:33:00,BarData,126.115,0,0.0,0.0,192.789492,0.0,❌ 震荡 (Gap 5.9 < 10),126.115,126.190,5.9,0
1766252040.4884648,2025-12-20 17:34:00,2025-12-21 01:34:00,BarData,126.193,0,0.0,0.0,192.789492,0.0,❌ 震荡 (Gap 0.3 < 10),126.193,126.190,0.3,0
1766252100.6496089,2025-12-20 17:35:00,2025-12-21 01:35:00,BarData,126.142,0,0.0,0.0,192.789492,0.0,❌ 震荡 (Gap 3.7 < 10),126.142,126.188,3.7,0
1766252160.2417662,2025-12-20 17:36:00,2025-12-21 01:36:00,BarData,126.155,0,0.0,0.0,192.789492,0.0,❌ 震荡 (Gap 2.5 < 10),126.155,126.187,2.5,0
1766252221.7144833,2025-12-20 17:37:01,2025-12-21 01:37:01,BarData,126.088,0,0.0,0.0,192.789492,0.0,❌ 震荡 (Gap 7.6 < 10),126.088,126.184,7.6,0
1766252282.4816792,2025-12-20 17:38:02,2025-12-21 01:38:02,BarData,126.051,0,0.0,0.0,192.789492,0.0,✅ 触发交易,126.051,126.180,10.2,-1
1766252286.4006214,2025-12-20 17:38:06,2025-12-21 01:38:06,Strategy_Open,126.051,1.0,0,-1.0,192.771492,0.0,Strategy_Signal,126.051,126.180,10.2,-1
1766252340.2050996,2025-12-20 17:39:00,2025-12-21 01:39:00,BarData,126.035,0,-1.0,-1.0,192.777492,0.0,✅ 触发交易,126.035,126.175,11.1,-1
1766252400.0982068,2025-12-20 17:40:00,2025-12-21 01:40:00,BarData,126.05,0,-1.0,-1.0,192.753492,0.0,❌ 震荡 (Gap 9.6 < 10),126.050,126.171,9.6,0
1766252400.7904236,2025-12-20 17:40:00,2025-12-21 01:40:00,PnlRecord,126.05,0,0,0,192.753492,-0.06347090652318724,空,126.050,126.171,9.6,0
1766252401.1124847,2025-12-20 17:40:01,2025-12-21 01:40:01,CloseSignal,126.05,1.0,-1.0,0,192.753492,0.0,Strategy_TrendEnd,126.050,126.171,9.6,0
1766252460.1551836,2025-12-20 17:41:00,2025-12-21 01:41:00,BarData,126.053,0,0.0,0.0,192.782492,0.0,❌ 震荡 (Gap 9.0 < 10),126.053,126.167,9.0,0
1766252520.9448855,2025-12-20 17:42:00,2025-12-21 01:42:00,BarData,126.035,0,0.0,0.0,192.782492,0.0,✅ 触发交易,126.035,126.163,10.1,-1
1766252524.8315659,2025-12-20 17:42:04,2025-12-21 01:42:04,Strategy_Open,126.035,1.0,0,-1.0,192.782492,0.0,Strategy_Signal,126.035,126.163,10.1,-1
1766252580.2758656,2025-12-20 17:43:00,2025-12-21 01:43:00,BarData,126.039,0,-1.0,-1.0,192.776492,0.0,❌ 震荡 (Gap 9.5 < 10),126.039,126.158,9.5,0
1766252580.9624708,2025-12-20 17:43:00,2025-12-21 01:43:00,PnlRecord,126.039,0,0,0,192.776492,-0.07141156867412791,空,126.039,126.158,9.5,0
1766252581.273597,2025-12-20 17:43:01,2025-12-21 01:43:01,CloseSignal,126.039,1.0,-1.0,0,192.776492,0.0,Strategy_TrendEnd,126.039,126.158,9.5,0
1766252640.3952458,2025-12-20 17:44:00,2025-12-21 01:44:00,BarData,126.042,0,0.0,0.0,192.773492,0.0,❌ 震荡 (Gap 8.9 < 10),126.042,126.155,8.9,0
1766252700.1703534,2025-12-20 17:45:00,2025-12-21 01:45:00,BarData,126.044,0,0.0,0.0,192.773492,0.0,❌ 震荡 (Gap 8.5 < 10),126.044,126.151,8.5,0
1766252760.1640105,2025-12-20 17:46:00,2025-12-21 01:46:00,BarData,126.041,0,0.0,0.0,192.773492,0.0,❌ 震荡 (Gap 8.4 < 10),126.041,126.147,8.4,0
1766252820.9239476,2025-12-20 17:47:00,2025-12-21 01:47:00,BarData,126.059,0,0.0,0.0,192.773492,0.0,❌ 震荡 (Gap 6.8 < 10),126.059,126.145,6.8,0
1766252880.6410728,2025-12-20 17:48:00,2025-12-21 01:48:00,BarData,126.049,0,0.0,0.0,192.773492,0.0,❌ 震荡 (Gap 7.3 < 10),126.049,126.141,7.3,0
1766252940.2730784,2025-12-20 17:49:00,2025-12-21 01:49:00,BarData,126.069,0,0.0,0.0,192.773492,0.0,❌ 震荡 (Gap 5.6 < 10),126.069,126.139,5.6,0
1766253002.5232835,2025-12-20 17:50:02,2025-12-21 01:50:02,BarData,126.066,0,0.0,0.0,192.773492,0.0,❌ 震荡 (Gap 5.6 < 10),126.066,126.137,5.6,0
1766253060.23381,2025-12-20 17:51:00,2025-12-21 01:51:00,BarData,126.034,0,0.0,0.0,192.773492,0.0,❌ 震荡 (Gap 7.9 < 10),126.034,126.133,7.9,0
1766253120.6323462,2025-12-20 17:52:00,2025-12-21 01:52:00,BarData,126.034,0,0.0,0.0,192.773492,0.0,❌ 震荡 (Gap 7.6 < 10),126.034,126.130,7.6,0
1766253180.6490624,2025-12-20 17:53:00,2025-12-21 01:53:00,BarData,126.032,0,0.0,0.0,192.773492,0.0,❌ 震荡 (Gap 7.5 < 10),126.032,126.127,7.5,0
1766253242.3717885,2025-12-20 17:54:02,2025-12-21 01:54:02,BarData,126.007,0,0.0,0.0,192.773492,0.0,❌ 震荡 (Gap 9.2 < 10),126.007,126.123,9.2,0
1766253300.4248056,2025-12-20 17:55:00,2025-12-21 01:55:00,BarData,125.974,0,0.0,0.0,192.773492,0.0,✅ 触发交易,125.974,126.118,11.4,-1
1766253304.285437,2025-12-20 17:55:04,2025-12-21 01:55:04,Strategy_Open,125.974,1.0,0,-1.0,192.767492,0.0,Strategy_Signal,125.974,126.118,11.4,-1
1766253361.668593,2025-12-20 17:56:01,2025-12-21 01:56:01,BarData,125.972,0,-1.0,-1.0,192.78149200000001,0.0,✅ 触发交易,125.972,126.113,11.2,-1
1766253421.1175828,2025-12-20 17:57:01,2025-12-21 01:57:01,BarData,125.959,0,-1.0,-1.0,192.766492,0.0,✅ 触发交易,125.959,126.108,11.8,-1
1766253480.546032,2025-12-20 17:58:00,2025-12-21 01:58:00,BarData,125.955,0,-1.0,-1.0,192.77049200000002,0.0,✅ 触发交易,125.955,126.103,11.8,-1
1766253540.2317252,2025-12-20 17:59:00,2025-12-21 01:59:00,BarData,125.957,0,-1.0,-1.0,192.773492,0.0,✅ 触发交易,125.957,126.098,11.2,-1
1766253600.524801,2025-12-20 18:00:00,2025-12-21 02:00:00,BarData,125.966,0,-1.0,-1.0,192.765492,0.0,✅ 触发交易,125.966,126.094,10.2,-1
1766253660.4957795,2025-12-20 18:01:00,2025-12-21 02:01:00,BarData,125.999,0,-1.0,-1.0,192.7575,0.0,❌ 震荡 (Gap 7.3 < 10),125.999,126.091,7.3,0
1766253661.1743627,2025-12-20 18:01:01,2025-12-21 02:01:01,PnlRecord,125.999,0,0,0,192.7575,-0.3731580284552611,空,125.999,126.091,7.3,0
1766253661.4904904,2025-12-20 18:01:01,2025-12-21 02:01:01,CloseSignal,125.999,1.0,-1.0,0,192.7575,0.0,Strategy_TrendEnd,125.999,126.091,7.3,0
1766253720.1058931,2025-12-20 18:02:00,2025-12-21 02:02:00,BarData,126.014,0,0.0,0.0,192.723902,0.0,❌ 震荡 (Gap 5.9 < 10),126.014,126.088,5.9,0
1766253782.5197265,2025-12-20 18:03:02,2025-12-21 02:03:02,BarData,126.043,0,0.0,0.0,192.723902,0.0,❌ 震荡 (Gap 3.5 < 10),126.043,126.087,3.5,0
1766253840.2670474,2025-12-20 18:04:00,2025-12-21 02:04:00,BarData,125.999,0,0.0,0.0,192.723902,0.0,❌ 震荡 (Gap 6.7 < 10),125.999,126.084,6.7,0
1766253900.6913931,2025-12-20 18:05:00,2025-12-21 02:05:00,BarData,125.76,0,0.0,0.0,192.723902,0.0,✅ 触发交易,125.760,126.073,24.9,-1
1766253904.5480194,2025-12-20 18:05:04,2025-12-21 02:05:04,Strategy_Open,125.76,1.0,0,-1.0,192.675902,0.0,Strategy_Signal,125.760,126.073,24.9,-1
1766253960.63244,2025-12-20 18:06:00,2025-12-21 02:06:00,BarData,125.749,0,-1.0,-1.0,192.709902,0.0,✅ 触发交易,125.749,126.063,24.9,-1
1766254020.1723778,2025-12-20 18:07:00,2025-12-21 02:07:00,BarData,125.6,0,-1.0,-1.0,192.771902,0.0,✅ 触发交易,125.600,126.048,35.6,-1
1766254080.259959,2025-12-20 18:08:00,2025-12-21 02:08:00,BarData,125.613,0,-1.0,-1.0,192.81490200000002,0.0,✅ 触发交易,125.613,126.033,33.5,-1
1766254141.7582026,2025-12-20 18:09:01,2025-12-21 02:09:01,BarData,125.689,0,-1.0,-1.0,192.76690200000002,0.0,✅ 触发交易,125.689,126.022,26.5,-1
1766254200.2999084,2025-12-20 18:10:00,2025-12-21 02:10:00,BarData,125.683,0,-1.0,-1.0,192.76090200000002,0.0,✅ 触发交易,125.683,126.011,26.1,-1
1766254260.7689455,2025-12-20 18:11:00,2025-12-21 02:11:00,BarData,125.699,0,-1.0,-1.0,192.765902,0.0,✅ 触发交易,125.699,126.001,24.0,-1
1766254320.1985111,2025-12-20 18:12:00,2025-12-21 02:12:00,BarData,125.677,0,-1.0,-1.0,192.762902,0.0,✅ 触发交易,125.677,125.990,24.9,-1
1766254380.7299242,2025-12-20 18:13:00,2025-12-21 02:13:00,BarData,125.749,0,-1.0,-1.0,192.76090200000002,0.0,✅ 触发交易,125.749,125.982,18.5,-1
1766254441.6984856,2025-12-20 18:14:01,2025-12-21 02:14:01,BarData,125.711,0,-1.0,-1.0,192.76790200000002,0.0,✅ 触发交易,125.711,125.973,20.9,-1
1766254501.720348,2025-12-20 18:15:01,2025-12-21 02:15:01,BarData,125.72,0,-1.0,-1.0,192.764902,0.0,✅ 触发交易,125.720,125.965,19.5,-1
1766254560.27884,2025-12-20 18:16:00,2025-12-21 02:16:00,BarData,125.752,0,-1.0,-1.0,192.746902,0.0,✅ 触发交易,125.752,125.958,16.4,-1
1766254620.0872464,2025-12-20 18:17:00,2025-12-21 02:17:00,BarData,125.833,0,-1.0,-1.0,192.670902,0.0,❌ 震荡 (Gap 9.6 < 10),125.833,125.954,9.6,0
1766254620.7698746,2025-12-20 18:17:00,2025-12-21 02:17:00,PnlRecord,125.833,0,0,0,192.670902,-0.5884270708259296,空,125.833,125.954,9.6,0
1766254621.1652539,2025-12-20 18:17:01,2025-12-21 02:17:01,CloseSignal,125.833,1.0,-1.0,0,192.670902,0.0,Strategy_TrendEnd,125.833,125.954,9.6,0
1766254680.2478142,2025-12-20 18:18:00,2025-12-21 02:18:00,BarData,125.827,0,0.0,0.0,192.670902,0.0,❌ 震荡 (Gap 9.8 < 10),125.827,125.950,9.8,0
1766254740.2421782,2025-12-20 18:19:00,2025-12-21 02:19:00,BarData,125.847,0,0.0,0.0,192.670902,0.0,❌ 震荡 (Gap 7.9 < 10),125.847,125.946,7.9,0
1766254801.7924936,2025-12-20 18:20:01,2025-12-21 02:20:01,BarData,125.849,0,0.0,0.0,192.670902,0.0,❌ 震荡 (Gap 7.5 < 10),125.849,125.943,7.5,0
1766254860.9389899,2025-12-20 18:21:00,2025-12-21 02:21:00,BarData,125.846,0,0.0,0.0,192.670902,0.0,❌ 震荡 (Gap 7.5 < 10),125.846,125.940,7.5,0
1766254920.1637042,2025-12-20 18:22:00,2025-12-21 02:22:00,BarData,125.794,0,0.0,0.0,192.670902,0.0,✅ 触发交易,125.794,125.935,11.2,-1
1766254924.0120206,2025-12-20 18:22:04,2025-12-21 02:22:04,Strategy_Open,125.794,1.0,0,-1.0,192.66090200000002,0.0,Strategy_Signal,125.794,125.935,11.2,-1
1766254980.2752073,2025-12-20 18:23:00,2025-12-21 02:23:00,BarData,125.781,0,-1.0,-1.0,192.685902,0.0,✅ 触发交易,125.781,125.930,11.9,-1
1766255040.3280342,2025-12-20 18:24:00,2025-12-21 02:24:00,BarData,125.784,0,-1.0,-1.0,192.685902,0.0,✅ 触发交易,125.784,125.925,11.2,-1
1766255100.6594222,2025-12-20 18:25:00,2025-12-21 02:25:00,BarData,125.771,0,-1.0,-1.0,192.681902,0.0,✅ 触发交易,125.771,125.920,11.9,-1
1766255162.503654,2025-12-20 18:26:02,2025-12-21 02:26:02,BarData,125.771,0,-1.0,-1.0,192.681902,0.0,✅ 触发交易,125.771,125.915,11.5,-1
1766255220.1245732,2025-12-20 18:27:00,2025-12-21 02:27:00,BarData,125.732,0,-1.0,-1.0,192.692902,0.0,✅ 触发交易,125.732,125.909,14.1,-1
1766255281.8344011,2025-12-20 18:28:01,2025-12-21 02:28:01,BarData,125.766,0,-1.0,-1.0,192.679902,0.0,✅ 触发交易,125.766,125.905,11.0,-1
1766255340.3103812,2025-12-20 18:29:00,2025-12-21 02:29:00,BarData,125.76,0,-1.0,-1.0,192.69690200000002,0.0,✅ 触发交易,125.760,125.900,11.1,-1
1766255400.0877094,2025-12-20 18:30:00,2025-12-21 02:30:00,BarData,125.761,0,-1.0,-1.0,192.69690200000002,0.0,✅ 触发交易,125.761,125.895,10.7,-1
1766255460.2476838,2025-12-20 18:31:00,2025-12-21 02:31:00,BarData,125.776,0,-1.0,-1.0,192.688902,0.0,❌ 震荡 (Gap 9.2 < 10),125.776,125.891,9.2,0
1766255460.9389455,2025-12-20 18:31:00,2025-12-21 02:31:00,PnlRecord,125.776,0,0,0,192.688902,0.14309108542538343,空,125.776,125.891,9.2,0
1766255461.2653518,2025-12-20 18:31:01,2025-12-21 02:31:01,CloseSignal,125.776,1.0,-1.0,0,192.688902,0.0,Strategy_TrendEnd,125.776,125.891,9.2,0
1766255520.0873501,2025-12-20 18:32:00,2025-12-21 02:32:00,BarData,125.684,0,0.0,0.0,192.681902,0.0,✅ 触发交易,125.684,125.885,16.0,-1
1766255524.0356784,2025-12-20 18:32:04,2025-12-21 02:32:04,Strategy_Open,125.684,1.0,0,-1.0,192.66690200000002,0.0,Strategy_Signal,125.684,125.885,16.0,-1
1766255580.7325928,2025-12-20 18:33:00,2025-12-21 02:33:00,BarData,125.686,0,-1.0,-1.0,192.67890200000002,0.0,✅ 触发交易,125.686,125.878,15.3,-1
1766255641.1230512,2025-12-20 18:34:01,2025-12-21 02:34:01,BarData,125.76,0,-1.0,-1.0,192.627902,0.0,❌ 震荡 (Gap 9.1 < 10),125.760,125.874,9.1,0
1766255641.808446,2025-12-20 18:34:01,2025-12-21 02:34:01,PnlRecord,125.76,0,0,0,192.627902,-0.628575520564029,空,125.760,125.874,9.1,0
1766255642.1387784,2025-12-20 18:34:02,2025-12-21 02:34:02,CloseSignal,125.76,1.0,-1.0,0,192.627902,0.0,Strategy_TrendEnd,125.760,125.874,9.1,0
1766255702.5929315,2025-12-20 18:35:02,2025-12-21 02:35:02,BarData,125.856,0,0.0,0.0,192.598902,0.0,❌ 震荡 (Gap 1.4 < 10),125.856,125.874,1.4,0
1766255760.1183527,2025-12-20 18:36:00,2025-12-21 02:36:00,BarData,125.818,0,0.0,0.0,192.598902,0.0,❌ 震荡 (Gap 4.3 < 10),125.818,125.872,4.3,0
1766255820.243776,2025-12-20 18:37:00,2025-12-21 02:37:00,BarData,125.798,0,0.0,0.0,192.598902,0.0,❌ 震荡 (Gap 5.7 < 10),125.798,125.869,5.7,0
1766255880.3607876,2025-12-20 18:38:00,2025-12-21 02:38:00,BarData,125.79,0,0.0,0.0,192.598902,0.0,❌ 震荡 (Gap 6.1 < 10),125.790,125.867,6.1,0
1766255940.0991538,2025-12-20 18:39:00,2025-12-21 02:39:00,BarData,125.79,0,0.0,0.0,192.598902,0.0,❌ 震荡 (Gap 5.9 < 10),125.790,125.864,5.9,0
1766256000.561718,2025-12-20 18:40:00,2025-12-21 02:40:00,BarData,125.801,0,0.0,0.0,192.598902,0.0,❌ 震荡 (Gap 4.9 < 10),125.801,125.862,4.9,0
1766256060.2600992,2025-12-20 18:41:00,2025-12-21 02:41:00,BarData,125.82,0,0.0,0.0,192.598902,0.0,❌ 震荡 (Gap 3.2 < 10),125.820,125.861,3.2,0
1766256120.6426299,2025-12-20 18:42:00,2025-12-21 02:42:00,BarData,125.824,0,0.0,0.0,192.598902,0.0,❌ 震荡 (Gap 2.8 < 10),125.824,125.860,2.8,0
1766256180.207948,2025-12-20 18:43:00,2025-12-21 02:43:00,BarData,125.845,0,0.0,0.0,192.598902,0.0,❌ 震荡 (Gap 1.1 < 10),125.845,125.859,1.1,0
1766256240.10812,2025-12-20 18:44:00,2025-12-21 02:44:00,BarData,125.839,0,0.0,0.0,192.598902,0.0,❌ 震荡 (Gap 1.5 < 10),125.839,125.858,1.5,0
1766256300.3158803,2025-12-20 18:45:00,2025-12-21 02:45:00,BarData,125.844,0,0.0,0.0,192.598902,0.0,❌ 震荡 (Gap 1.1 < 10),125.844,125.858,1.1,0
1766256361.2349055,2025-12-20 18:46:01,2025-12-21 02:46:01,BarData,125.834,0,0.0,0.0,192.598902,0.0,❌ 震荡 (Gap 1.8 < 10),125.834,125.857,1.8,0
1766256420.5410354,2025-12-20 18:47:00,2025-12-21 02:47:00,BarData,125.8,0,0.0,0.0,192.598902,0.0,❌ 震荡 (Gap 4.4 < 10),125.800,125.855,4.4,0
1766256480.1531155,2025-12-20 18:48:00,2025-12-21 02:48:00,BarData,125.792,0,0.0,0.0,192.598902,0.0,❌ 震荡 (Gap 4.9 < 10),125.792,125.853,4.9,0
1766256541.15132,2025-12-20 18:49:01,2025-12-21 02:49:01,BarData,125.753,0,0.0,0.0,192.598902,0.0,❌ 震荡 (Gap 7.7 < 10),125.753,125.850,7.7,0
1766256602.6507592,2025-12-20 18:50:02,2025-12-21 02:50:02,BarData,125.754,0,0.0,0.0,192.598902,0.0,❌ 震荡 (Gap 7.4 < 10),125.754,125.847,7.4,0
1766256660.5070612,2025-12-20 18:51:00,2025-12-21 02:51:00,BarData,125.743,0,0.0,0.0,192.598902,0.0,❌ 震荡 (Gap 8.0 < 10),125.743,125.843,8.0,0
1766256720.3740714,2025-12-20 18:52:00,2025-12-21 02:52:00,BarData,125.729,0,0.0,0.0,192.598902,0.0,❌ 震荡 (Gap 8.8 < 10),125.729,125.840,8.8,0
1766256780.3308957,2025-12-20 18:53:00,2025-12-21 02:53:00,BarData,125.725,0,0.0,0.0,192.598902,0.0,❌ 震荡 (Gap 8.8 < 10),125.725,125.836,8.8,0
1766256841.102791,2025-12-20 18:54:01,2025-12-21 02:54:01,BarData,125.747,0,0.0,0.0,192.598902,0.0,❌ 震荡 (Gap 6.8 < 10),125.747,125.833,6.8,0
1766256900.7463393,2025-12-20 18:55:00,2025-12-21 02:55:00,BarData,125.738,0,0.0,0.0,192.598902,0.0,❌ 震荡 (Gap 7.3 < 10),125.738,125.830,7.3,0
1766256960.3956153,2025-12-20 18:56:00,2025-12-21 02:56:00,BarData,125.783,0,0.0,0.0,192.598902,0.0,❌ 震荡 (Gap 3.6 < 10),125.783,125.828,3.6,0
1766257020.5047867,2025-12-20 18:57:00,2025-12-21 02:57:00,BarData,125.996,0,0.0,0.0,192.598902,0.0,❌ 快线向下,125.996,125.834,12.9,0
1766257080.5865715,2025-12-20 18:58:00,2025-12-21 02:58:00,BarData,125.985,0,0.0,0.0,192.598902,0.0,❌ 快线向下,125.985,125.839,11.6,0
1766257140.7903101,2025-12-20 18:59:00,2025-12-21 02:59:00,BarData,125.881,0,0.0,0.0,192.598902,0.0,❌ 震荡 (Gap 3.2 < 10),125.881,125.840,3.2,0
1766257200.3841352,2025-12-20 19:00:00,2025-12-21 03:00:00,BarData,125.918,0,0.0,0.0,192.598902,0.0,❌ 震荡 (Gap 6.0 < 10),125.918,125.843,6.0,0
1766257260.5555444,2025-12-20 19:01:00,2025-12-21 03:01:00,BarData,125.764,0,0.0,0.0,192.598902,0.0,❌ 震荡 (Gap 6.1 < 10),125.764,125.840,6.1,0
1766257320.3054268,2025-12-20 19:02:00,2025-12-21 03:02:00,BarData,125.779,0,0.0,0.0,192.598902,0.0,❌ 震荡 (Gap 4.7 < 10),125.779,125.838,4.7,0
1766257380.4263616,2025-12-20 19:03:00,2025-12-21 03:03:00,BarData,125.801,0,0.0,0.0,192.598902,0.0,❌ 震荡 (Gap 2.9 < 10),125.801,125.837,2.9,0
1766257440.2933118,2025-12-20 19:04:00,2025-12-21 03:04:00,BarData,125.831,0,0.0,0.0,192.598902,0.0,❌ 震荡 (Gap 0.5 < 10),125.831,125.837,0.5,0
1766257500.370316,2025-12-20 19:05:00,2025-12-21 03:05:00,BarData,125.81,0,0.0,0.0,192.598902,0.0,❌ 震荡 (Gap 2.1 < 10),125.810,125.836,2.1,0
1766257560.6345506,2025-12-20 19:06:00,2025-12-21 03:06:00,BarData,125.838,0,0.0,0.0,192.598902,0.0,❌ 震荡 (Gap 0.2 < 10),125.838,125.836,0.2,0
1766257620.2206912,2025-12-20 19:07:00,2025-12-21 03:07:00,BarData,125.83,0,0.0,0.0,192.598902,0.0,❌ 震荡 (Gap 0.5 < 10),125.830,125.836,0.5,0
1766257681.2005444,2025-12-20 19:08:01,2025-12-21 03:08:01,BarData,125.864,0,0.0,0.0,192.598902,0.0,❌ 震荡 (Gap 2.2 < 10),125.864,125.837,2.2,0
1766257740.3156211,2025-12-20 19:09:00,2025-12-21 03:09:00,BarData,125.928,0,0.0,0.0,192.598902,0.0,❌ 震荡 (Gap 7.0 < 10),125.928,125.840,7.0,0
1766257800.52597,2025-12-20 19:10:00,2025-12-21 03:10:00,BarData,125.952,0,0.0,0.0,192.598902,0.0,❌ 震荡 (Gap 8.6 < 10),125.952,125.843,8.6,0
1766257860.474087,2025-12-20 19:11:00,2025-12-21 03:11:00,BarData,125.982,0,0.0,0.0,192.598902,0.0,✅ 触发交易,125.982,125.848,10.6,1
1766257864.3228533,2025-12-20 19:11:04,2025-12-21 03:11:04,Strategy_Open,125.982,1.0,0,1.0,192.592902,0.0,Strategy_Signal,125.982,125.848,10.6,1
1766257921.1482923,2025-12-20 19:12:01,2025-12-21 03:12:01,BarData,126.065,0,1.0,1.0,192.58990200000002,0.0,✅ 触发交易,126.065,125.855,16.7,1
1766257980.2024333,2025-12-20 19:13:00,2025-12-21 03:13:00,BarData,126.08,0,1.0,1.0,192.698902,0.0,✅ 触发交易,126.080,125.862,17.3,1
1766258040.4697788,2025-12-20 19:14:00,2025-12-21 03:14:00,BarData,126.059,0,1.0,1.0,192.691902,0.0,✅ 触发交易,126.059,125.869,15.1,1
1766258100.6437588,2025-12-20 19:15:00,2025-12-21 03:15:00,BarData,126.049,0,1.0,1.0,192.674902,0.0,✅ 触发交易,126.049,125.875,13.8,1
1766258161.0787928,2025-12-20 19:16:01,2025-12-21 03:16:01,BarData,125.974,0,1.0,1.0,192.57690200000002,0.0,❌ 震荡 (Gap 7.6 < 10),125.974,125.878,7.6,0
1766258161.770709,2025-12-20 19:16:01,2025-12-21 03:16:01,PnlRecord,125.974,0,0,0,192.57690200000002,-0.07143820991721375,多,125.974,125.878,7.6,0
1766258162.055859,2025-12-20 19:16:02,2025-12-21 03:16:02,CloseSignal,125.974,1.0,1.0,0,192.57690200000002,0.0,Strategy_TrendEnd,125.974,125.878,7.6,0
1766258220.7887688,2025-12-20 19:17:00,2025-12-21 03:17:00,BarData,125.957,0,0.0,0.0,192.593902,0.0,❌ 震荡 (Gap 6.1 < 10),125.957,125.881,6.1,0
1766258280.1973925,2025-12-20 19:18:00,2025-12-21 03:18:00,BarData,125.873,0,0.0,0.0,192.593902,0.0,❌ 震荡 (Gap 0.6 < 10),125.873,125.880,0.6,0
1766258340.640019,2025-12-20 19:19:00,2025-12-21 03:19:00,BarData,125.846,0,0.0,0.0,192.593902,0.0,❌ 震荡 (Gap 2.6 < 10),125.846,125.879,2.6,0
1766258401.0912025,2025-12-20 19:20:01,2025-12-21 03:20:01,BarData,125.814,0,0.0,0.0,192.593902,0.0,❌ 震荡 (Gap 5.0 < 10),125.814,125.877,5.0,0
1766258462.6218932,2025-12-20 19:21:02,2025-12-21 03:21:02,BarData,125.84,0,0.0,0.0,192.593902,0.0,❌ 震荡 (Gap 2.8 < 10),125.840,125.876,2.8,0
1766258521.2669625,2025-12-20 19:22:01,2025-12-21 03:22:01,BarData,125.849,0,0.0,0.0,192.593902,0.0,❌ 震荡 (Gap 2.1 < 10),125.849,125.875,2.1,0
1766258580.5285466,2025-12-20 19:23:00,2025-12-21 03:23:00,BarData,125.885,0,0.0,0.0,192.593902,0.0,❌ 震荡 (Gap 0.8 < 10),125.885,125.875,0.8,0
1766258640.3987148,2025-12-20 19:24:00,2025-12-21 03:24:00,BarData,125.909,0,0.0,0.0,192.593902,0.0,❌ 震荡 (Gap 2.6 < 10),125.909,125.876,2.6,0
1766258701.1969895,2025-12-20 19:25:01,2025-12-21 03:25:01,BarData,125.904,0,0.0,0.0,192.593902,0.0,❌ 震荡 (Gap 2.1 < 10),125.904,125.877,2.1,0
1766258760.2210605,2025-12-20 19:26:00,2025-12-21 03:26:00,BarData,125.888,0,0.0,0.0,192.593902,0.0,❌ 震荡 (Gap 0.8 < 10),125.888,125.878,0.8,0
1766258820.237693,2025-12-20 19:27:00,2025-12-21 03:27:00,BarData,125.914,0,0.0,0.0,192.593902,0.0,❌ 震荡 (Gap 2.8 < 10),125.914,125.879,2.8,0
1766258880.2777872,2025-12-20 19:28:00,2025-12-21 03:28:00,BarData,125.946,0,0.0,0.0,192.593902,0.0,❌ 震荡 (Gap 5.2 < 10),125.946,125.881,5.2,0
1766258940.4353876,2025-12-20 19:29:00,2025-12-21 03:29:00,BarData,125.996,0,0.0,0.0,192.593902,0.0,❌ 震荡 (Gap 8.8 < 10),125.996,125.885,8.8,0
1766259000.5620346,2025-12-20 19:30:00,2025-12-21 03:30:00,BarData,125.974,0,0.0,0.0,192.593902,0.0,❌ 震荡 (Gap 6.8 < 10),125.974,125.888,6.8,0
1766259060.1637077,2025-12-20 19:31:00,2025-12-21 03:31:00,BarData,125.922,0,0.0,0.0,192.593902,0.0,❌ 震荡 (Gap 2.6 < 10),125.922,125.889,2.6,0
1766259120.385366,2025-12-20 19:32:00,2025-12-21 03:32:00,BarData,125.929,0,0.0,0.0,192.593902,0.0,❌ 震荡 (Gap 3.1 < 10),125.929,125.890,3.1,0
1766259180.1064637,2025-12-20 19:33:00,2025-12-21 03:33:00,BarData,125.937,0,0.0,0.0,192.593902,0.0,❌ 震荡 (Gap 3.6 < 10),125.937,125.892,3.6,0
1766259240.3574905,2025-12-20 19:34:00,2025-12-21 03:34:00,BarData,125.967,0,0.0,0.0,192.593902,0.0,❌ 震荡 (Gap 5.8 < 10),125.967,125.894,5.8,0
1766259301.8804252,2025-12-20 19:35:01,2025-12-21 03:35:01,BarData,126.007,0,0.0,0.0,192.593902,0.0,❌ 震荡 (Gap 8.7 < 10),126.007,125.898,8.7,0
1766259360.1964176,2025-12-20 19:36:00,2025-12-21 03:36:00,BarData,125.986,0,0.0,0.0,192.593902,0.0,❌ 震荡 (Gap 6.8 < 10),125.986,125.901,6.8,0
1766259420.3263206,2025-12-20 19:37:00,2025-12-21 03:37:00,BarData,126.001,0,0.0,0.0,192.593902,0.0,❌ 震荡 (Gap 7.7 < 10),126.001,125.904,7.7,0
1766259480.393467,2025-12-20 19:38:00,2025-12-21 03:38:00,BarData,125.954,0,0.0,0.0,192.593902,0.0,❌ 震荡 (Gap 3.8 < 10),125.954,125.906,3.8,0
1766259540.3202138,2025-12-20 19:39:00,2025-12-21 03:39:00,BarData,125.962,0,0.0,0.0,192.593902,0.0,❌ 震荡 (Gap 4.3 < 10),125.962,125.908,4.3,0
1766259600.5585332,2025-12-20 19:40:00,2025-12-21 03:40:00,BarData,125.959,0,0.0,0.0,192.593902,0.0,❌ 震荡 (Gap 4.0 < 10),125.959,125.909,4.0,0
1766259662.6008985,2025-12-20 19:41:02,2025-12-21 03:41:02,BarData,126.004,0,0.0,0.0,192.593902,0.0,❌ 震荡 (Gap 7.3 < 10),126.004,125.912,7.3,0
1766259720.114953,2025-12-20 19:42:00,2025-12-21 03:42:00,BarData,126.017,0,0.0,0.0,192.593902,0.0,❌ 震荡 (Gap 8.0 < 10),126.017,125.916,8.0,0
1766259780.4252765,2025-12-20 19:43:00,2025-12-21 03:43:00,BarData,126.02,0,0.0,0.0,192.593902,0.0,❌ 震荡 (Gap 8.0 < 10),126.020,125.919,8.0,0
1766259842.8002665,2025-12-20 19:44:02,2025-12-21 03:44:02,BarData,126.009,0,0.0,0.0,192.593902,0.0,❌ 震荡 (Gap 6.9 < 10),126.009,125.922,6.9,0
1766259900.623117,2025-12-20 19:45:00,2025-12-21 03:45:00,BarData,125.996,0,0.0,0.0,192.593902,0.0,❌ 震荡 (Gap 5.7 < 10),125.996,125.925,5.7,0
1766259960.44525,2025-12-20 19:46:00,2025-12-21 03:46:00,BarData,126.01,0,0.0,0.0,192.593902,0.0,❌ 震荡 (Gap 6.6 < 10),126.010,125.927,6.6,0
1766260020.2327979,2025-12-20 19:47:00,2025-12-21 03:47:00,BarData,125.954,0,0.0,0.0,192.593902,0.0,❌ 震荡 (Gap 2.0 < 10),125.954,125.928,2.0,0
1766260081.9078984,2025-12-20 19:48:01,2025-12-21 03:48:01,BarData,126.006,0,0.0,0.0,192.593902,0.0,❌ 震荡 (Gap 6.0 < 10),126.006,125.931,6.0,0
1766260141.916606,2025-12-20 19:49:01,2025-12-21 03:49:01,BarData,125.975,0,0.0,0.0,192.593902,0.0,❌ 震荡 (Gap 3.4 < 10),125.975,125.932,3.4,0
1766260202.6613348,2025-12-20 19:50:02,2025-12-21 03:50:02,BarData,125.99,0,0.0,0.0,192.593902,0.0,❌ 震荡 (Gap 4.4 < 10),125.990,125.934,4.4,0
1766260260.4639387,2025-12-20 19:51:00,2025-12-21 03:51:00,BarData,125.96,0,0.0,0.0,192.593902,0.0,❌ 震荡 (Gap 2.0 < 10),125.960,125.935,2.0,0
1766260321.9010937,2025-12-20 19:52:01,2025-12-21 03:52:01,BarData,125.944,0,0.0,0.0,192.593902,0.0,❌ 震荡 (Gap 0.7 < 10),125.944,125.935,0.7,0
1766260380.2949574,2025-12-20 19:53:00,2025-12-21 03:53:00,BarData,125.947,0,0.0,0.0,192.593902,0.0,❌ 震荡 (Gap 0.9 < 10),125.947,125.936,0.9,0
1766260440.6820889,2025-12-20 19:54:00,2025-12-21 03:54:00,BarData,125.999,0,0.0,0.0,192.593902,0.0,❌ 震荡 (Gap 4.9 < 10),125.999,125.938,4.9,0
1766260500.6184847,2025-12-20 19:55:00,2025-12-21 03:55:00,BarData,126.047,0,0.0,0.0,192.593902,0.0,❌ 震荡 (Gap 8.4 < 10),126.047,125.941,8.4,0
1766260560.6643496,2025-12-20 19:56:00,2025-12-21 03:56:00,BarData,126.037,0,0.0,0.0,192.593902,0.0,❌ 震荡 (Gap 7.3 < 10),126.037,125.944,7.3,0
1766260621.1221504,2025-12-20 19:57:01,2025-12-21 03:57:01,BarData,126.042,0,0.0,0.0,192.593902,0.0,❌ 震荡 (Gap 7.5 < 10),126.042,125.948,7.5,0
1766260680.360418,2025-12-20 19:58:00,2025-12-21 03:58:00,BarData,126.013,0,0.0,0.0,192.593902,0.0,❌ 震荡 (Gap 5.0 < 10),126.013,125.950,5.0,0
1766260740.220459,2025-12-20 19:59:00,2025-12-21 03:59:00,BarData,126.004,0,0.0,0.0,192.593902,0.0,❌ 震荡 (Gap 4.2 < 10),126.004,125.952,4.2,0
1766260800.4740388,2025-12-20 20:00:00,2025-12-21 04:00:00,BarData,125.976,0,0.0,0.0,192.593902,0.0,❌ 震荡 (Gap 1.9 < 10),125.976,125.952,1.9,0
1766260860.2657409,2025-12-20 20:01:00,2025-12-21 04:01:00,BarData,126.045,0,0.0,0.0,192.593902,0.0,❌ 震荡 (Gap 7.1 < 10),126.045,125.955,7.1,0
1766260920.5255208,2025-12-20 20:02:00,2025-12-21 04:02:00,BarData,125.997,0,0.0,0.0,192.593902,0.0,❌ 震荡 (Gap 3.2 < 10),125.997,125.957,3.2,0
1766260981.9366612,2025-12-20 20:03:01,2025-12-21 04:03:01,BarData,125.964,0,0.0,0.0,192.593902,0.0,❌ 震荡 (Gap 0.6 < 10),125.964,125.957,0.6,0
1766261040.1067078,2025-12-20 20:04:00,2025-12-21 04:04:00,BarData,125.928,0,0.0,0.0,192.593902,0.0,❌ 震荡 (Gap 2.2 < 10),125.928,125.956,2.2,0
1766261100.331227,2025-12-20 20:05:00,2025-12-21 04:05:00,BarData,125.966,0,0.0,0.0,192.593902,0.0,❌ 震荡 (Gap 0.8 < 10),125.966,125.956,0.8,0
1766261160.4040437,2025-12-20 20:06:00,2025-12-21 04:06:00,BarData,125.936,0,0.0,0.0,192.593902,0.0,❌ 震荡 (Gap 1.6 < 10),125.936,125.956,1.6,0
1766261220.5843709,2025-12-20 20:07:00,2025-12-21 04:07:00,BarData,125.903,0,0.0,0.0,192.593902,0.0,❌ 震荡 (Gap 4.0 < 10),125.903,125.954,4.0,0
1766261280.4072342,2025-12-20 20:08:00,2025-12-21 04:08:00,BarData,125.922,0,0.0,0.0,192.593902,0.0,❌ 震荡 (Gap 2.5 < 10),125.922,125.953,2.5,0
1766261340.478562,2025-12-20 20:09:00,2025-12-21 04:09:00,BarData,125.949,0,0.0,0.0,192.593902,0.0,❌ 震荡 (Gap 0.3 < 10),125.949,125.953,0.3,0
1766261402.1217864,2025-12-20 20:10:02,2025-12-21 04:10:02,BarData,126.012,0,0.0,0.0,192.593902,0.0,❌ 震荡 (Gap 4.5 < 10),126.012,125.955,4.5,0
1766261460.5161128,2025-12-20 20:11:00,2025-12-21 04:11:00,BarData,125.969,0,0.0,0.0,192.593902,0.0,❌ 震荡 (Gap 1.1 < 10),125.969,125.955,1.1,0
1766261520.367575,2025-12-20 20:12:00,2025-12-21 04:12:00,BarData,126.009,0,0.0,0.0,192.593902,0.0,❌ 震荡 (Gap 4.1 < 10),126.009,125.957,4.1,0
1766261580.2831857,2025-12-20 20:13:00,2025-12-21 04:13:00,BarData,126.01,0,0.0,0.0,192.593902,0.0,❌ 震荡 (Gap 4.1 < 10),126.010,125.959,4.1,0
1766261640.2579992,2025-12-20 20:14:00,2025-12-21 04:14:00,BarData,126.003,0,0.0,0.0,192.593902,0.0,❌ 震荡 (Gap 3.4 < 10),126.003,125.960,3.4,0
1766261701.1799202,2025-12-20 20:15:01,2025-12-21 04:15:01,BarData,125.985,0,0.0,0.0,192.593902,0.0,❌ 震荡 (Gap 1.9 < 10),125.985,125.961,1.9,0
1766261761.8022792,2025-12-20 20:16:01,2025-12-21 04:16:01,BarData,126.022,0,0.0,0.0,192.593902,0.0,❌ 震荡 (Gap 4.7 < 10),126.022,125.963,4.7,0
1766261820.6241038,2025-12-20 20:17:00,2025-12-21 04:17:00,BarData,126.012,0,0.0,0.0,192.593902,0.0,❌ 震荡 (Gap 3.8 < 10),126.012,125.965,3.8,0
1766261880.2991707,2025-12-20 20:18:00,2025-12-21 04:18:00,BarData,126.02,0,0.0,0.0,192.593902,0.0,❌ 震荡 (Gap 4.3 < 10),126.020,125.966,4.3,0
1766261940.1319232,2025-12-20 20:19:00,2025-12-21 04:19:00,BarData,126.042,0,0.0,0.0,192.593902,0.0,❌ 震荡 (Gap 5.8 < 10),126.042,125.969,5.8,0
1766262000.642526,2025-12-20 20:20:00,2025-12-21 04:20:00,BarData,126.064,0,0.0,0.0,192.593902,0.0,❌ 震荡 (Gap 7.3 < 10),126.064,125.972,7.3,0
1766262060.4902816,2025-12-20 20:21:00,2025-12-21 04:21:00,BarData,126.041,0,0.0,0.0,192.593902,0.0,❌ 震荡 (Gap 5.3 < 10),126.041,125.974,5.3,0
1766262121.826185,2025-12-20 20:22:01,2025-12-21 04:22:01,BarData,126.044,0,0.0,0.0,192.593902,0.0,❌ 震荡 (Gap 5.4 < 10),126.044,125.977,5.4,0
1766262180.3718803,2025-12-20 20:23:00,2025-12-21 04:23:00,BarData,126.046,0,0.0,0.0,192.593902,0.0,❌ 震荡 (Gap 5.3 < 10),126.046,125.979,5.3,0
1766262242.2129264,2025-12-20 20:24:02,2025-12-21 04:24:02,BarData,126.064,0,0.0,0.0,192.593902,0.0,❌ 震荡 (Gap 6.5 < 10),126.064,125.982,6.5,0
1766262300.3558393,2025-12-20 20:25:00,2025-12-21 04:25:00,BarData,126.063,0,0.0,0.0,192.593902,0.0,❌ 震荡 (Gap 6.2 < 10),126.063,125.984,6.2,0
1766262360.3475552,2025-12-20 20:26:00,2025-12-21 04:26:00,BarData,126.053,0,0.0,0.0,192.593902,0.0,❌ 震荡 (Gap 5.3 < 10),126.053,125.987,5.3,0
1766262420.0777464,2025-12-20 20:27:00,2025-12-21 04:27:00,BarData,126.069,0,0.0,0.0,192.593902,0.0,❌ 震荡 (Gap 6.3 < 10),126.069,125.989,6.3,0
1766262480.5372891,2025-12-20 20:28:00,2025-12-21 04:28:00,BarData,126.077,0,0.0,0.0,192.593902,0.0,❌ 震荡 (Gap 6.7 < 10),126.077,125.992,6.7,0
1766262540.7560616,2025-12-20 20:29:00,2025-12-21 04:29:00,BarData,126.056,0,0.0,0.0,192.593902,0.0,❌ 震荡 (Gap 4.9 < 10),126.056,125.994,4.9,0
1766262601.1912038,2025-12-20 20:30:01,2025-12-21 04:30:01,BarData,126.054,0,0.0,0.0,192.593902,0.0,❌ 震荡 (Gap 4.6 < 10),126.054,125.996,4.6,0
1766262662.6960576,2025-12-20 20:31:02,2025-12-21 04:31:02,BarData,126.088,0,0.0,0.0,192.593902,0.0,❌ 震荡 (Gap 7.0 < 10),126.088,125.999,7.0,0
1766262720.6006691,2025-12-20 20:32:00,2025-12-21 04:32:00,BarData,126.148,0,0.0,0.0,192.593902,0.0,✅ 触发交易,126.148,126.004,11.4,1
1766262724.491187,2025-12-20 20:32:04,2025-12-21 04:32:04,Strategy_Open,126.148,1.0,0,1.0,192.587902,0.0,Strategy_Signal,126.148,126.004,11.4,1
1766262780.6771858,2025-12-20 20:33:00,2025-12-21 04:33:00,BarData,126.121,0,1.0,1.0,192.563902,0.0,❌ 震荡 (Gap 9.0 < 10),126.121,126.008,9.0,0
1766262781.382964,2025-12-20 20:33:01,2025-12-21 04:33:01,PnlRecord,126.121,0,0,0,192.563902,-0.23781024327988787,多,126.121,126.008,9.0,0
1766262781.6731615,2025-12-20 20:33:01,2025-12-21 04:33:01,CloseSignal,126.121,1.0,1.0,0,192.563902,0.0,Strategy_TrendEnd,126.121,126.008,9.0,0
1766262840.4204504,2025-12-20 20:34:00,2025-12-21 04:34:00,BarData,126.147,0,0.0,0.0,192.556902,0.0,✅ 触发交易,126.147,126.012,10.7,1
1766262844.3027442,2025-12-20 20:34:04,2025-12-21 04:34:04,Strategy_Open,126.147,1.0,0,1.0,192.556902,0.0,Strategy_Signal,126.147,126.012,10.7,1
1766262901.8654752,2025-12-20 20:35:01,2025-12-21 04:35:01,BarData,126.135,0,1.0,1.0,192.543902,0.0,❌ 震荡 (Gap 9.4 < 10),126.135,126.016,9.4,0
1766262902.553907,2025-12-20 20:35:02,2025-12-21 04:35:02,PnlRecord,126.135,0,0,0,192.543902,-0.11890606420927917,多,126.135,126.016,9.4,0
1766262902.8462937,2025-12-20 20:35:02,2025-12-21 04:35:02,CloseSignal,126.135,1.0,1.0,0,192.543902,0.0,Strategy_TrendEnd,126.135,126.016,9.4,0
1766262962.7563531,2025-12-20 20:36:02,2025-12-21 04:36:02,BarData,126.114,0,0.0,0.0,192.537902,0.0,❌ 震荡 (Gap 7.5 < 10),126.114,126.020,7.5,0
1766263020.6467774,2025-12-20 20:37:00,2025-12-21 04:37:00,BarData,126.281,0,0.0,0.0,192.537902,0.0,✅ 触发交易,126.281,126.028,20.0,1
1766263024.4968035,2025-12-20 20:37:04,2025-12-21 04:37:04,Strategy_Open,126.281,1.0,0,1.0,192.545902,0.0,Strategy_Signal,126.281,126.028,20.0,1
1766263080.7161515,2025-12-20 20:38:00,2025-12-21 04:38:00,BarData,126.171,0,1.0,1.0,192.440902,0.0,✅ 触发交易,126.171,126.033,10.9,1
1766263106.8035107,2025-12-20 20:38:26,2025-12-21 04:38:26,SL,126.146,1.0,1.0,0.0,192.394902,0.0,🛡️ 止损 (-1.13%),126.171,126.033,10.9,1
1766263106.8037887,2025-12-20 20:38:26,2025-12-21 04:38:26,PnlRecord,126.146,0,0,0,192.428902,-1.1323234802714461,多,126.171,126.033,10.9,1
1766263140.1359887,2025-12-20 20:39:00,2025-12-21 04:39:00,BarData,126.163,0,0.0,0.0,192.394902,0.0,❌ 震荡 (Gap 10.0 < 10),126.163,126.037,10.0,0
1766263200.516462,2025-12-20 20:40:00,2025-12-21 04:40:00,BarData,126.162,0,0.0,0.0,192.394902,0.0,❌ 震荡 (Gap 9.6 < 10),126.162,126.041,9.6,0
1766263261.9529722,2025-12-20 20:41:01,2025-12-21 04:41:01,BarData,126.181,0,0.0,0.0,192.394902,0.0,✅ 触发交易,126.181,126.046,10.7,1
1766263265.8581798,2025-12-20 20:41:05,2025-12-21 04:41:05,Strategy_Open,126.181,1.0,0,1.0,192.390902,0.0,Strategy_Signal,126.181,126.046,10.7,1
1766263320.665462,2025-12-20 20:42:00,2025-12-21 04:42:00,BarData,126.158,0,1.0,1.0,192.389902,0.0,❌ 震荡 (Gap 8.6 < 10),126.158,126.050,8.6,0
1766263321.349371,2025-12-20 20:42:01,2025-12-21 04:42:01,PnlRecord,126.158,0,0,0,192.389902,-0.19020145504113828,多,126.158,126.050,8.6,0
1766263321.6495137,2025-12-20 20:42:01,2025-12-21 04:42:01,CloseSignal,126.158,1.0,1.0,0,192.389902,0.0,Strategy_TrendEnd,126.158,126.050,8.6,0
1766263380.396443,2025-12-20 20:43:00,2025-12-21 04:43:00,BarData,126.206,0,0.0,0.0,192.369902,0.0,✅ 触发交易,126.206,126.055,12.0,1
1766263384.2440422,2025-12-20 20:43:04,2025-12-21 04:43:04,Strategy_Open,126.206,1.0,0,1.0,192.357902,0.0,Strategy_Signal,126.206,126.055,12.0,1
1766263440.1531074,2025-12-20 20:44:00,2025-12-21 04:44:00,BarData,126.194,0,1.0,1.0,192.356902,0.0,✅ 触发交易,126.194,126.059,10.7,1
1766263502.7060695,2025-12-20 20:45:02,2025-12-21 04:45:02,BarData,126.2,0,1.0,1.0,192.356902,0.0,✅ 触发交易,126.200,126.064,10.8,1
1766263560.6392012,2025-12-20 20:46:00,2025-12-21 04:46:00,BarData,126.239,0,1.0,1.0,192.395902,0.0,✅ 触发交易,126.239,126.070,13.4,1
1766263620.1910915,2025-12-20 20:47:00,2025-12-21 04:47:00,BarData,126.223,0,1.0,1.0,192.386902,0.0,✅ 触发交易,126.223,126.075,11.8,1
1766263682.7547808,2025-12-20 20:48:02,2025-12-21 04:48:02,BarData,126.238,0,1.0,1.0,192.371902,0.0,✅ 触发交易,126.238,126.080,12.5,1
1766263740.0953498,2025-12-20 20:49:00,2025-12-21 04:49:00,BarData,126.215,0,1.0,1.0,192.383902,0.0,✅ 触发交易,126.215,126.084,10.3,1
1766263800.4212,2025-12-20 20:50:00,2025-12-21 04:50:00,BarData,126.219,0,1.0,1.0,192.391902,0.0,✅ 触发交易,126.219,126.089,10.3,1
1766263860.156654,2025-12-20 20:51:00,2025-12-21 04:51:00,BarData,126.206,0,1.0,1.0,192.371902,0.0,❌ 震荡 (Gap 9.0 < 10),126.206,126.093,9.0,0
1766263860.8292096,2025-12-20 20:51:00,2025-12-21 04:51:00,PnlRecord,126.206,0,0,0,192.371902,-0.015846855983735888,多,126.206,126.093,9.0,0
1766263861.131206,2025-12-20 20:51:01,2025-12-21 04:51:01,CloseSignal,126.206,1.0,1.0,0,192.371902,0.0,Strategy_TrendEnd,126.206,126.093,9.0,0
1766263920.3164833,2025-12-20 20:52:00,2025-12-21 04:52:00,BarData,126.255,0,0.0,0.0,192.365902,0.0,✅ 触发交易,126.255,126.098,12.4,1
1766263924.2196965,2025-12-20 20:52:04,2025-12-21 04:52:04,Strategy_Open,126.255,1.0,0,1.0,192.358902,0.0,Strategy_Signal,126.255,126.098,12.4,1
1766263980.2606382,2025-12-20 20:53:00,2025-12-21 04:53:00,BarData,126.264,0,1.0,1.0,192.359902,0.0,✅ 触发交易,126.264,126.103,12.7,1
1766264042.0167491,2025-12-20 20:54:02,2025-12-21 04:54:02,BarData,126.29,0,1.0,1.0,192.382902,0.0,✅ 触发交易,126.290,126.110,14.3,1
1766264100.594533,2025-12-20 20:55:00,2025-12-21 04:55:00,BarData,126.337,0,1.0,1.0,192.41590200000002,0.0,✅ 触发交易,126.337,126.117,17.4,1
1766264162.0773077,2025-12-20 20:56:02,2025-12-21 04:56:02,BarData,126.36,0,1.0,1.0,192.479902,0.0,✅ 触发交易,126.360,126.125,18.6,1
1766264220.3046765,2025-12-20 20:57:00,2025-12-21 04:57:00,BarData,126.357,0,1.0,1.0,192.46990200000002,0.0,✅ 触发交易,126.357,126.133,17.8,1
1766264281.2641962,2025-12-20 20:58:01,2025-12-21 04:58:01,BarData,126.374,0,1.0,1.0,192.493902,0.0,✅ 触发交易,126.374,126.140,18.5,1
1766264340.2891526,2025-12-20 20:59:00,2025-12-21 04:59:00,BarData,126.37,0,1.0,1.0,192.493902,0.0,✅ 触发交易,126.370,126.148,17.6,1
1766264400.486193,2025-12-20 21:00:00,2025-12-21 05:00:00,BarData,126.355,0,1.0,1.0,192.482902,0.0,✅ 触发交易,126.355,126.155,15.8,1
1766264460.2142346,2025-12-20 21:01:00,2025-12-21 05:01:00,BarData,126.38,0,1.0,1.0,192.490764,0.0,✅ 触发交易,126.380,126.162,17.2,1
1766264520.2383652,2025-12-20 21:02:00,2025-12-21 05:02:00,BarData,126.434,0,1.0,1.0,192.512764,0.0,✅ 触发交易,126.434,126.171,20.8,1
1766264582.3795476,2025-12-20 21:03:02,2025-12-21 05:03:02,BarData,126.324,0,1.0,1.0,192.486764,0.0,✅ 触发交易,126.324,126.176,11.7,1
1766264640.1653576,2025-12-20 21:04:00,2025-12-21 05:04:00,BarData,126.334,0,1.0,1.0,192.440764,0.0,✅ 触发交易,126.334,126.181,12.1,1
1766264700.3520806,2025-12-20 21:05:00,2025-12-21 05:05:00,BarData,126.316,0,1.0,1.0,192.428764,0.0,✅ 触发交易,126.316,126.186,10.3,1
1766264760.6204433,2025-12-20 21:06:00,2025-12-21 05:06:00,BarData,126.316,0,1.0,1.0,192.429764,0.0,❌ 震荡 (Gap 10.0 < 10),126.316,126.190,10.0,0
1766264761.362462,2025-12-20 21:06:01,2025-12-21 05:06:01,PnlRecord,126.316,0,0,0,192.429764,0.47522493980485897,多,126.316,126.190,10.0,0
1766264761.6596205,2025-12-20 21:06:01,2025-12-21 05:06:01,CloseSignal,126.316,1.0,1.0,0,192.429764,0.0,Strategy_TrendEnd,126.316,126.190,10.0,0
1766264820.485584,2025-12-20 21:07:00,2025-12-21 05:07:00,BarData,126.252,0,0.0,0.0,192.423075,0.0,❌ 震荡 (Gap 4.8 < 10),126.252,126.192,4.8,0
1766264880.7703545,2025-12-20 21:08:00,2025-12-21 05:08:00,BarData,126.212,0,0.0,0.0,192.423075,0.0,❌ 震荡 (Gap 1.5 < 10),126.212,126.193,1.5,0
1766264940.0802393,2025-12-20 21:09:00,2025-12-21 05:09:00,BarData,126.244,0,0.0,0.0,192.423075,0.0,❌ 震荡 (Gap 3.9 < 10),126.244,126.194,3.9,0
1766265000.1631107,2025-12-20 21:10:00,2025-12-21 05:10:00,BarData,126.319,0,0.0,0.0,192.423075,0.0,❌ 震荡 (Gap 9.5 < 10),126.319,126.198,9.5,0
1766265060.897492,2025-12-20 21:11:00,2025-12-21 05:11:00,BarData,126.314,0,0.0,0.0,192.423075,0.0,❌ 震荡 (Gap 8.8 < 10),126.314,126.202,8.8,0
1766265120.4654129,2025-12-20 21:12:00,2025-12-21 05:12:00,BarData,126.302,0,0.0,0.0,192.423075,0.0,❌ 震荡 (Gap 7.6 < 10),126.302,126.205,7.6,0
1766265180.2476487,2025-12-20 21:13:00,2025-12-21 05:13:00,BarData,126.286,0,0.0,0.0,192.423075,0.0,❌ 震荡 (Gap 6.2 < 10),126.286,126.208,6.2,0
1766265242.7248962,2025-12-20 21:14:02,2025-12-21 05:14:02,BarData,126.28,0,0.0,0.0,192.423075,0.0,❌ 震荡 (Gap 5.5 < 10),126.280,126.210,5.5,0
1766265300.1618304,2025-12-20 21:15:00,2025-12-21 05:15:00,BarData,126.281,0,0.0,0.0,192.423075,0.0,❌ 震荡 (Gap 5.4 < 10),126.281,126.213,5.4,0
1766265360.0971267,2025-12-20 21:16:00,2025-12-21 05:16:00,BarData,126.247,0,0.0,0.0,192.423075,0.0,❌ 震荡 (Gap 2.6 < 10),126.247,126.214,2.6,0
1766265420.2341576,2025-12-20 21:17:00,2025-12-21 05:17:00,BarData,126.292,0,0.0,0.0,192.423075,0.0,❌ 震荡 (Gap 6.0 < 10),126.292,126.216,6.0,0
1766265481.344893,2025-12-20 21:18:01,2025-12-21 05:18:01,BarData,126.292,0,0.0,0.0,192.423075,0.0,❌ 震荡 (Gap 5.8 < 10),126.292,126.219,5.8,0
1766265540.416357,2025-12-20 21:19:00,2025-12-21 05:19:00,BarData,126.264,0,0.0,0.0,192.423075,0.0,❌ 震荡 (Gap 3.5 < 10),126.264,126.220,3.5,0
1766265600.5223134,2025-12-20 21:20:00,2025-12-21 05:20:00,BarData,126.358,0,0.0,0.0,192.423075,0.0,✅ 触发交易,126.358,126.225,10.5,1
1766265604.385078,2025-12-20 21:20:04,2025-12-21 05:20:04,Strategy_Open,126.358,1.0,0,1.0,192.457075,0.0,Strategy_Signal,126.358,126.225,10.5,1
1766265660.1905627,2025-12-20 21:21:00,2025-12-21 05:21:00,BarData,126.349,0,1.0,1.0,192.427075,0.0,❌ 震荡 (Gap 9.5 < 10),126.349,126.229,9.5,0
1766265660.8676486,2025-12-20 21:21:00,2025-12-21 05:21:00,PnlRecord,126.349,0,0,0,192.427075,-0.07913959433036748,多,126.349,126.229,9.5,0
1766265661.1862612,2025-12-20 21:21:01,2025-12-21 05:21:01,CloseSignal,126.349,1.0,1.0,0,192.427075,0.0,Strategy_TrendEnd,126.349,126.229,9.5,0
1766265720.4684908,2025-12-20 21:22:00,2025-12-21 05:22:00,BarData,126.174,0,0.0,0.0,192.413075,0.0,❌ 震荡 (Gap 4.2 < 10),126.174,126.227,4.2,0
1766265780.2866938,2025-12-20 21:23:00,2025-12-21 05:23:00,BarData,126.212,0,0.0,0.0,192.413075,0.0,❌ 震荡 (Gap 1.2 < 10),126.212,126.227,1.2,0
1766265840.0806515,2025-12-20 21:24:00,2025-12-21 05:24:00,BarData,126.208,0,0.0,0.0,192.413075,0.0,❌ 震荡 (Gap 1.4 < 10),126.208,126.226,1.4,0
1766265900.4226768,2025-12-20 21:25:00,2025-12-21 05:25:00,BarData,126.257,0,0.0,0.0,192.413075,0.0,❌ 震荡 (Gap 2.4 < 10),126.257,126.227,2.4,0
1766265960.1016903,2025-12-20 21:26:00,2025-12-21 05:26:00,BarData,126.269,0,0.0,0.0,192.413075,0.0,❌ 震荡 (Gap 3.2 < 10),126.269,126.228,3.2,0
1766266022.0684755,2025-12-20 21:27:02,2025-12-21 05:27:02,BarData,126.203,0,0.0,0.0,192.413075,0.0,❌ 震荡 (Gap 2.0 < 10),126.203,126.228,2.0,0
1766266081.318554,2025-12-20 21:28:01,2025-12-21 05:28:01,BarData,126.215,0,0.0,0.0,192.413075,0.0,❌ 震荡 (Gap 1.0 < 10),126.215,126.227,1.0,0
1766266140.5096262,2025-12-20 21:29:00,2025-12-21 05:29:00,BarData,126.221,0,0.0,0.0,192.413075,0.0,❌ 震荡 (Gap 0.5 < 10),126.221,126.227,0.5,0
1766266200.2405007,2025-12-20 21:30:00,2025-12-21 05:30:00,BarData,126.223,0,0.0,0.0,192.413075,0.0,❌ 震荡 (Gap 0.3 < 10),126.223,126.227,0.3,0
1766266261.2682142,2025-12-20 21:31:01,2025-12-21 05:31:01,BarData,126.303,0,0.0,0.0,192.413075,0.0,❌ 震荡 (Gap 5.8 < 10),126.303,126.229,5.8,0
1766266320.6354074,2025-12-20 21:32:00,2025-12-21 05:32:00,BarData,126.312,0,0.0,0.0,192.413075,0.0,❌ 震荡 (Gap 6.3 < 10),126.312,126.232,6.3,0
1766266381.0278163,2025-12-20 21:33:01,2025-12-21 05:33:01,BarData,126.322,0,0.0,0.0,192.413075,0.0,❌ 震荡 (Gap 6.9 < 10),126.322,126.235,6.9,0
1766266440.2227924,2025-12-20 21:34:00,2025-12-21 05:34:00,BarData,126.33,0,0.0,0.0,192.413075,0.0,❌ 震荡 (Gap 7.3 < 10),126.330,126.238,7.3,0
1766266500.5678914,2025-12-20 21:35:00,2025-12-21 05:35:00,BarData,126.322,0,0.0,0.0,192.413075,0.0,❌ 震荡 (Gap 6.4 < 10),126.322,126.241,6.4,0
1766266560.1878946,2025-12-20 21:36:00,2025-12-21 05:36:00,BarData,126.349,0,0.0,0.0,192.413075,0.0,❌ 震荡 (Gap 8.3 < 10),126.349,126.244,8.3,0
1766266621.280669,2025-12-20 21:37:01,2025-12-21 05:37:01,BarData,126.449,0,0.0,0.0,192.413075,0.0,✅ 触发交易,126.449,126.251,15.6,1
1766266625.1426532,2025-12-20 21:37:05,2025-12-21 05:37:05,Strategy_Open,126.449,1.0,0,1.0,192.407075,0.0,Strategy_Signal,126.449,126.251,15.6,1
1766266681.3217106,2025-12-20 21:38:01,2025-12-21 05:38:01,BarData,126.467,0,1.0,1.0,192.413075,0.0,✅ 触发交易,126.467,126.258,16.5,1
1766266740.2763684,2025-12-20 21:39:00,2025-12-21 05:39:00,BarData,126.429,0,1.0,1.0,192.397075,0.0,✅ 触发交易,126.429,126.264,13.1,1
1766266800.5082946,2025-12-20 21:40:00,2025-12-21 05:40:00,BarData,126.383,0,1.0,1.0,192.385075,0.0,❌ 震荡 (Gap 9.1 < 10),126.383,126.268,9.1,0
1766266801.1858816,2025-12-20 21:40:01,2025-12-21 05:40:01,PnlRecord,126.383,0,0,0,192.385075,-0.6088881859876497,多,126.383,126.268,9.1,0
1766266801.5476925,2025-12-20 21:40:01,2025-12-21 05:40:01,CloseSignal,126.383,1.0,1.0,0,192.385075,0.0,Strategy_TrendEnd,126.383,126.268,9.1,0
1766266860.7417111,2025-12-20 21:41:00,2025-12-21 05:41:00,BarData,126.368,0,0.0,0.0,192.345075,0.0,❌ 震荡 (Gap 7.7 < 10),126.368,126.271,7.7,0
1766266920.6347659,2025-12-20 21:42:00,2025-12-21 05:42:00,BarData,126.382,0,0.0,0.0,192.345075,0.0,❌ 震荡 (Gap 8.5 < 10),126.382,126.275,8.5,0
1766266980.5788484,2025-12-20 21:43:00,2025-12-21 05:43:00,BarData,126.393,0,0.0,0.0,192.345075,0.0,❌ 震荡 (Gap 9.1 < 10),126.393,126.279,9.1,0
1766267040.2728913,2025-12-20 21:44:00,2025-12-21 05:44:00,BarData,126.377,0,0.0,0.0,192.345075,0.0,❌ 震荡 (Gap 7.5 < 10),126.377,126.282,7.5,0
1766267102.366786,2025-12-20 21:45:02,2025-12-21 05:45:02,BarData,126.375,0,0.0,0.0,192.345075,0.0,❌ 震荡 (Gap 7.1 < 10),126.375,126.285,7.1,0
1766267160.097043,2025-12-20 21:46:00,2025-12-21 05:46:00,BarData,126.354,0,0.0,0.0,192.345075,0.0,❌ 震荡 (Gap 5.3 < 10),126.354,126.287,5.3,0
1766267220.1432762,2025-12-20 21:47:00,2025-12-21 05:47:00,BarData,126.341,0,0.0,0.0,192.345075,0.0,❌ 震荡 (Gap 4.1 < 10),126.341,126.289,4.1,0
1766267280.149442,2025-12-20 21:48:00,2025-12-21 05:48:00,BarData,126.319,0,0.0,0.0,192.345075,0.0,❌ 震荡 (Gap 2.3 < 10),126.319,126.290,2.3,0
1766267342.044229,2025-12-20 21:49:02,2025-12-21 05:49:02,BarData,126.225,0,0.0,0.0,192.345075,0.0,❌ 震荡 (Gap 5.0 < 10),126.225,126.288,5.0,0
1766267400.7422135,2025-12-20 21:50:00,2025-12-21 05:50:00,BarData,126.278,0,0.0,0.0,192.345075,0.0,❌ 震荡 (Gap 0.7 < 10),126.278,126.287,0.7,0
1766267460.2556546,2025-12-20 21:51:00,2025-12-21 05:51:00,BarData,126.194,0,0.0,0.0,192.345075,0.0,❌ 震荡 (Gap 7.2 < 10),126.194,126.284,7.2,0
1766267520.1309202,2025-12-20 21:52:00,2025-12-21 05:52:00,BarData,126.24,0,0.0,0.0,192.345075,0.0,❌ 震荡 (Gap 3.4 < 10),126.240,126.283,3.4,0
1766267580.133221,2025-12-20 21:53:00,2025-12-21 05:53:00,BarData,126.232,0,0.0,0.0,192.345075,0.0,❌ 震荡 (Gap 3.9 < 10),126.232,126.281,3.9,0
1766267642.291657,2025-12-20 21:54:02,2025-12-21 05:54:02,BarData,126.238,0,0.0,0.0,192.345075,0.0,❌ 震荡 (Gap 3.3 < 10),126.238,126.280,3.3,0
1766267701.3490129,2025-12-20 21:55:01,2025-12-21 05:55:01,BarData,126.23,0,0.0,0.0,192.345075,0.0,❌ 震荡 (Gap 3.8 < 10),126.230,126.278,3.8,0
1766267760.100827,2025-12-20 21:56:00,2025-12-21 05:56:00,BarData,126.222,0,0.0,0.0,192.345075,0.0,❌ 震荡 (Gap 4.3 < 10),126.222,126.276,4.3,0
1766267820.2039602,2025-12-20 21:57:00,2025-12-21 05:57:00,BarData,126.182,0,0.0,0.0,192.345075,0.0,❌ 震荡 (Gap 7.2 < 10),126.182,126.273,7.2,0
1766267880.3221202,2025-12-20 21:58:00,2025-12-21 05:58:00,BarData,126.273,0,0.0,0.0,192.345075,0.0,❌ 震荡 (Gap 0.0 < 10),126.273,126.273,0.0,0
1766267942.16215,2025-12-20 21:59:02,2025-12-21 05:59:02,BarData,126.272,0,0.0,0.0,192.345075,0.0,❌ 震荡 (Gap 0.1 < 10),126.272,126.273,0.1,0
1766268000.608372,2025-12-20 22:00:00,2025-12-21 06:00:00,BarData,126.275,0,0.0,0.0,192.345075,0.0,❌ 震荡 (Gap 0.1 < 10),126.275,126.273,0.1,0
1766268060.3570228,2025-12-20 22:01:00,2025-12-21 06:01:00,BarData,126.297,0,0.0,0.0,192.345075,0.0,❌ 震荡 (Gap 1.8 < 10),126.297,126.274,1.8,0
1766268121.3864028,2025-12-20 22:02:01,2025-12-21 06:02:01,BarData,126.281,0,0.0,0.0,192.345075,0.0,❌ 震荡 (Gap 0.5 < 10),126.281,126.274,0.5,0
1766268180.1637769,2025-12-20 22:03:00,2025-12-21 06:03:00,BarData,126.297,0,0.0,0.0,192.345075,0.0,❌ 震荡 (Gap 1.7 < 10),126.297,126.275,1.7,0
1766268240.3944016,2025-12-20 22:04:00,2025-12-21 06:04:00,BarData,126.273,0,0.0,0.0,192.345075,0.0,❌ 震荡 (Gap 0.2 < 10),126.273,126.275,0.2,0
1766268300.2369716,2025-12-20 22:05:00,2025-12-21 06:05:00,BarData,126.275,0,0.0,0.0,192.345075,0.0,❌ 震荡 (Gap 0.0 < 10),126.275,126.275,0.0,0
1766268360.4471092,2025-12-20 22:06:00,2025-12-21 06:06:00,BarData,126.205,0,0.0,0.0,192.345075,0.0,❌ 震荡 (Gap 5.4 < 10),126.205,126.273,5.4,0
1766268420.597416,2025-12-20 22:07:00,2025-12-21 06:07:00,BarData,126.255,0,0.0,0.0,192.345075,0.0,❌ 震荡 (Gap 1.4 < 10),126.255,126.272,1.4,0
1766268480.4141796,2025-12-20 22:08:00,2025-12-21 06:08:00,BarData,126.161,0,0.0,0.0,192.345075,0.0,❌ 震荡 (Gap 8.5 < 10),126.161,126.268,8.5,0
1766268540.23992,2025-12-20 22:09:00,2025-12-21 06:09:00,BarData,126.155,0,0.0,0.0,192.345075,0.0,❌ 震荡 (Gap 8.7 < 10),126.155,126.265,8.7,0
1766268600.457493,2025-12-20 22:10:00,2025-12-21 06:10:00,BarData,126.127,0,0.0,0.0,192.345075,0.0,✅ 触发交易,126.127,126.260,10.6,-1
1766268604.3175669,2025-12-20 22:10:04,2025-12-21 06:10:04,Strategy_Open,126.127,1.0,0,-1.0,192.345075,0.0,Strategy_Signal,126.127,126.260,10.6,-1
1766268660.3054316,2025-12-20 22:11:00,2025-12-21 06:11:00,BarData,126.114,0,-1.0,-1.0,192.349075,0.0,✅ 触发交易,126.114,126.255,11.2,-1
1766268720.9328628,2025-12-20 22:12:00,2025-12-21 06:12:00,BarData,126.119,0,-1.0,-1.0,192.355075,0.0,✅ 触发交易,126.119,126.251,10.5,-1
1766268780.4966493,2025-12-20 22:13:00,2025-12-21 06:13:00,BarData,126.075,0,-1.0,-1.0,192.404075,0.0,✅ 触发交易,126.075,126.245,13.5,-1
1766268840.2993045,2025-12-20 22:14:00,2025-12-21 06:14:00,BarData,125.923,0,-1.0,-1.0,192.55007500000002,0.0,✅ 触发交易,125.923,126.235,24.7,-1
1766268900.7103975,2025-12-20 22:15:00,2025-12-21 06:15:00,BarData,125.972,0,-1.0,-1.0,192.55007500000002,0.0,✅ 触发交易,125.972,126.226,20.2,-1
1766268960.4771397,2025-12-20 22:16:00,2025-12-21 06:16:00,BarData,125.948,0,-1.0,-1.0,192.528075,0.0,✅ 触发交易,125.948,126.217,21.3,-1
1766269020.1841877,2025-12-20 22:17:00,2025-12-21 06:17:00,BarData,125.913,0,-1.0,-1.0,192.54907500000002,0.0,✅ 触发交易,125.913,126.207,23.3,-1
1766269080.5244477,2025-12-20 22:18:00,2025-12-21 06:18:00,BarData,125.815,0,-1.0,-1.0,192.63207500000001,0.0,✅ 触发交易,125.815,126.194,30.1,-1
1766269141.400599,2025-12-20 22:19:01,2025-12-21 06:19:01,BarData,125.85,0,-1.0,-1.0,192.630075,0.0,✅ 触发交易,125.850,126.183,26.4,-1
1766269200.5714238,2025-12-20 22:20:00,2025-12-21 06:20:00,BarData,125.738,0,-1.0,-1.0,192.738075,0.0,✅ 触发交易,125.738,126.168,34.2,-1
1766269261.379527,2025-12-20 22:21:01,2025-12-21 06:21:01,BarData,125.757,0,-1.0,-1.0,192.720075,0.0,✅ 触发交易,125.757,126.155,31.6,-1
1766269320.7748406,2025-12-20 22:22:00,2025-12-21 06:22:00,BarData,125.775,0,-1.0,-1.0,192.720075,0.0,✅ 触发交易,125.775,126.142,29.2,-1
1766269380.13368,2025-12-20 22:23:00,2025-12-21 06:23:00,BarData,125.799,0,-1.0,-1.0,192.720075,0.0,✅ 触发交易,125.799,126.131,26.4,-1
1766269440.6862264,2025-12-20 22:24:00,2025-12-21 06:24:00,BarData,125.799,0,-1.0,-1.0,192.673075,0.0,✅ 触发交易,125.799,126.120,25.5,-1
1766269500.6156065,2025-12-20 22:25:00,2025-12-21 06:25:00,BarData,125.803,0,-1.0,-1.0,192.66907500000002,0.0,✅ 触发交易,125.803,126.110,24.4,-1
1766269560.7349284,2025-12-20 22:26:00,2025-12-21 06:26:00,BarData,125.814,0,-1.0,-1.0,192.659075,0.0,✅ 触发交易,125.814,126.100,22.7,-1
1766269622.1885755,2025-12-20 22:27:02,2025-12-21 06:27:02,BarData,125.868,0,-1.0,-1.0,192.60907500000002,0.0,✅ 触发交易,125.868,126.092,17.8,-1
1766269680.5813913,2025-12-20 22:28:00,2025-12-21 06:28:00,BarData,125.912,0,-1.0,-1.0,192.55507500000002,0.0,✅ 触发交易,125.912,126.087,13.9,-1
1766269740.118123,2025-12-20 22:29:00,2025-12-21 06:29:00,BarData,125.855,0,-1.0,-1.0,192.605075,0.0,✅ 触发交易,125.855,126.079,17.8,-1
1766269800.5199742,2025-12-20 22:30:00,2025-12-21 06:30:00,BarData,125.836,0,-1.0,-1.0,192.620075,0.0,✅ 触发交易,125.836,126.071,18.7,-1
1766269860.477141,2025-12-20 22:31:00,2025-12-21 06:31:00,BarData,125.885,0,-1.0,-1.0,192.59707500000002,0.0,✅ 触发交易,125.885,126.065,14.3,-1
1766269922.082142,2025-12-20 22:32:02,2025-12-21 06:32:02,BarData,125.907,0,-1.0,-1.0,192.56207500000002,0.0,✅ 触发交易,125.907,126.060,12.1,-1
1766269980.7716026,2025-12-20 22:33:00,2025-12-21 06:33:00,BarData,125.98,0,-1.0,-1.0,192.485075,0.0,❌ 震荡 (Gap 6.1 < 10),125.980,126.057,6.1,0
1766269981.1336598,2025-12-20 22:33:01,2025-12-21 06:33:01,PnlRecord,125.98,0,0,0,192.485075,1.165491924805881,空,125.980,126.057,6.1,0
1766269981.5205092,2025-12-20 22:33:01,2025-12-21 06:33:01,CloseSignal,125.98,1.0,-1.0,0,192.485075,0.0,Strategy_TrendEnd,125.980,126.057,6.1,0
1766270040.190136,2025-12-20 22:34:00,2025-12-21 06:34:00,BarData,125.955,0,0.0,0.0,192.491075,0.0,❌ 震荡 (Gap 7.8 < 10),125.955,126.054,7.8,0
1766270100.4187284,2025-12-20 22:35:00,2025-12-21 06:35:00,BarData,125.937,0,0.0,0.0,192.491075,0.0,❌ 震荡 (Gap 9.0 < 10),125.937,126.050,9.0,0
1766270161.3244348,2025-12-20 22:36:01,2025-12-21 06:36:01,BarData,125.943,0,0.0,0.0,192.491075,0.0,❌ 震荡 (Gap 8.2 < 10),125.943,126.046,8.2,0
1766270220.4271505,2025-12-20 22:37:00,2025-12-21 06:37:00,BarData,125.994,0,0.0,0.0,192.491075,0.0,❌ 震荡 (Gap 4.0 < 10),125.994,126.045,4.0,0
1766270280.1981363,2025-12-20 22:38:00,2025-12-21 06:38:00,BarData,125.954,0,0.0,0.0,192.491075,0.0,❌ 震荡 (Gap 7.0 < 10),125.954,126.042,7.0,0
1766270340.6331043,2025-12-20 22:39:00,2025-12-21 06:39:00,BarData,125.928,0,0.0,0.0,192.491075,0.0,❌ 震荡 (Gap 8.7 < 10),125.928,126.038,8.7,0
1766270400.6177237,2025-12-20 22:40:00,2025-12-21 06:40:00,BarData,125.932,0,0.0,0.0,192.491075,0.0,❌ 震荡 (Gap 8.1 < 10),125.932,126.034,8.1,0
1766270461.4085324,2025-12-20 22:41:01,2025-12-21 06:41:01,BarData,125.991,0,0.0,0.0,192.491075,0.0,❌ 震荡 (Gap 3.3 < 10),125.991,126.033,3.3,0
1766270520.3264825,2025-12-20 22:42:00,2025-12-21 06:42:00,BarData,126.037,0,0.0,0.0,192.491075,0.0,❌ 震荡 (Gap 0.3 < 10),126.037,126.033,0.3,0
1766270580.2074745,2025-12-20 22:43:00,2025-12-21 06:43:00,BarData,126.053,0,0.0,0.0,192.491075,0.0,❌ 震荡 (Gap 1.5 < 10),126.053,126.034,1.5,0
1766270641.5416505,2025-12-20 22:44:01,2025-12-21 06:44:01,BarData,126.006,0,0.0,0.0,192.491075,0.0,❌ 震荡 (Gap 2.1 < 10),126.006,126.033,2.1,0
1766270700.385128,2025-12-20 22:45:00,2025-12-21 06:45:00,BarData,126.02,0,0.0,0.0,192.491075,0.0,❌ 震荡 (Gap 1.0 < 10),126.020,126.033,1.0,0
1766270760.4293175,2025-12-20 22:46:00,2025-12-21 06:46:00,BarData,126.084,0,0.0,0.0,192.491075,0.0,❌ 震荡 (Gap 3.9 < 10),126.084,126.034,3.9,0
1766270820.495847,2025-12-20 22:47:00,2025-12-21 06:47:00,BarData,126.09,0,0.0,0.0,192.491075,0.0,❌ 震荡 (Gap 4.3 < 10),126.090,126.036,4.3,0
1766270880.577271,2025-12-20 22:48:00,2025-12-21 06:48:00,BarData,126.037,0,0.0,0.0,192.491075,0.0,❌ 震荡 (Gap 0.1 < 10),126.037,126.036,0.1,0
1766270941.4244275,2025-12-20 22:49:01,2025-12-21 06:49:01,BarData,126.033,0,0.0,0.0,192.491075,0.0,❌ 震荡 (Gap 0.2 < 10),126.033,126.036,0.2,0
1766271002.381756,2025-12-20 22:50:02,2025-12-21 06:50:02,BarData,125.98,0,0.0,0.0,192.491075,0.0,❌ 震荡 (Gap 4.3 < 10),125.980,126.034,4.3,0
1766271060.6304483,2025-12-20 22:51:00,2025-12-21 06:51:00,BarData,125.963,0,0.0,0.0,192.491075,0.0,❌ 震荡 (Gap 5.5 < 10),125.963,126.032,5.5,0
1766271122.0734792,2025-12-20 22:52:02,2025-12-21 06:52:02,BarData,125.976,0,0.0,0.0,192.491075,0.0,❌ 震荡 (Gap 4.3 < 10),125.976,126.030,4.3,0
1766271180.0769937,2025-12-20 22:53:00,2025-12-21 06:53:00,BarData,126.051,0,0.0,0.0,192.491075,0.0,❌ 震荡 (Gap 1.6 < 10),126.051,126.031,1.6,0
1766271242.1953206,2025-12-20 22:54:02,2025-12-21 06:54:02,BarData,126.147,0,0.0,0.0,192.491075,0.0,❌ 震荡 (Gap 8.9 < 10),126.147,126.034,8.9,0
1766271300.3618526,2025-12-20 22:55:00,2025-12-21 06:55:00,BarData,126.091,0,0.0,0.0,192.491075,0.0,❌ 震荡 (Gap 4.3 < 10),126.091,126.036,4.3,0
1766271360.8977096,2025-12-20 22:56:00,2025-12-21 06:56:00,BarData,126.15,0,0.0,0.0,192.491075,0.0,❌ 震荡 (Gap 8.7 < 10),126.150,126.040,8.7,0
1766271421.4315085,2025-12-20 22:57:01,2025-12-21 06:57:01,BarData,126.143,0,0.0,0.0,192.491075,0.0,❌ 震荡 (Gap 7.9 < 10),126.143,126.043,7.9,0
1766271480.606321,2025-12-20 22:58:00,2025-12-21 06:58:00,BarData,126.155,0,0.0,0.0,192.491075,0.0,❌ 震荡 (Gap 8.6 < 10),126.155,126.047,8.6,0
1766271540.1090808,2025-12-20 22:59:00,2025-12-21 06:59:00,BarData,126.143,0,0.0,0.0,192.491075,0.0,❌ 震荡 (Gap 7.4 < 10),126.143,126.050,7.4,0
1766271602.2526588,2025-12-20 23:00:02,2025-12-21 07:00:02,BarData,125.984,0,0.0,0.0,192.491075,0.0,❌ 震荡 (Gap 5.1 < 10),125.984,126.048,5.1,0
1766271661.5402606,2025-12-20 23:01:01,2025-12-21 07:01:01,BarData,126.005,0,0.0,0.0,192.491075,0.0,❌ 震荡 (Gap 3.3 < 10),126.005,126.047,3.3,0
1766271720.3616905,2025-12-20 23:02:00,2025-12-21 07:02:00,BarData,125.978,0,0.0,0.0,192.491075,0.0,❌ 震荡 (Gap 5.3 < 10),125.978,126.044,5.3,0
1766271782.042652,2025-12-20 23:03:02,2025-12-21 07:03:02,BarData,125.9,0,0.0,0.0,192.491075,0.0,✅ 触发交易,125.900,126.040,11.1,-1
1766271785.595855,2025-12-20 23:03:05,2025-12-21 07:03:05,Strategy_Open,125.9,1.0,0,-1.0,192.456075,0.0,Strategy_Signal,125.900,126.040,11.1,-1
1766271840.192656,2025-12-20 23:04:00,2025-12-21 07:04:00,BarData,125.859,0,-1.0,-1.0,192.463075,0.0,✅ 触发交易,125.859,126.034,13.9,-1
1766271900.4106925,2025-12-20 23:05:00,2025-12-21 07:05:00,BarData,125.7,0,-1.0,-1.0,192.63107499999998,0.0,✅ 触发交易,125.700,126.023,25.7,-1
1766271960.486731,2025-12-20 23:06:00,2025-12-21 07:06:00,BarData,125.771,0,-1.0,-1.0,192.564075,0.0,✅ 触发交易,125.771,126.015,19.4,-1
1766272020.3349903,2025-12-20 23:07:00,2025-12-21 07:07:00,BarData,125.786,0,-1.0,-1.0,192.595075,0.0,✅ 触发交易,125.786,126.007,17.6,-1
1766272083.696909,2025-12-20 23:08:03,2025-12-21 07:08:03,BarData,125.745,0,-1.0,-1.0,192.63707499999998,0.0,✅ 触发交易,125.745,125.998,20.2,-1
1766272140.3807743,2025-12-20 23:09:00,2025-12-21 07:09:00,BarData,125.756,0,-1.0,-1.0,192.629075,0.0,✅ 触发交易,125.756,125.991,18.6,-1
1766272200.5618725,2025-12-20 23:10:00,2025-12-21 07:10:00,BarData,125.773,0,-1.0,-1.0,192.609075,0.0,✅ 触发交易,125.773,125.983,16.7,-1
1766272260.4050262,2025-12-20 23:11:00,2025-12-21 07:11:00,BarData,125.763,0,-1.0,-1.0,192.600075,0.0,✅ 触发交易,125.763,125.976,16.9,-1
1766272321.4496644,2025-12-20 23:12:01,2025-12-21 07:12:01,BarData,125.842,0,-1.0,-1.0,192.550075,0.0,✅ 触发交易,125.842,125.972,10.3,-1
1766272380.3724794,2025-12-20 23:13:00,2025-12-21 07:13:00,BarData,125.792,0,-1.0,-1.0,192.522075,0.0,✅ 触发交易,125.792,125.966,13.8,-1
1766272440.2141175,2025-12-20 23:14:00,2025-12-21 07:14:00,BarData,125.814,0,-1.0,-1.0,192.571075,0.0,✅ 触发交易,125.814,125.961,11.7,-1
1766272500.233571,2025-12-20 23:15:00,2025-12-21 07:15:00,BarData,125.82,0,-1.0,-1.0,192.563075,0.0,✅ 触发交易,125.820,125.956,10.8,-1
1766272560.441609,2025-12-20 23:16:00,2025-12-21 07:16:00,BarData,125.796,0,-1.0,-1.0,192.573075,0.0,✅ 触发交易,125.796,125.951,12.3,-1
1766272620.403299,2025-12-20 23:17:00,2025-12-21 07:17:00,BarData,125.768,0,-1.0,-1.0,192.61407499999999,0.0,✅ 触发交易,125.768,125.945,14.1,-1
1766272680.2764337,2025-12-20 23:18:00,2025-12-21 07:18:00,BarData,125.827,0,-1.0,-1.0,192.556075,0.0,❌ 震荡 (Gap 9.1 < 10),125.827,125.941,9.1,0
1766272680.9480963,2025-12-20 23:18:00,2025-12-21 07:18:00,PnlRecord,125.827,0,0,0,192.556075,0.5718869887767395,空,125.827,125.941,9.1,0
1766272681.2645984,2025-12-20 23:18:01,2025-12-21 07:18:01,CloseSignal,125.827,1.0,-1.0,0,192.556075,0.0,Strategy_TrendEnd,125.827,125.941,9.1,0
1766272740.3489556,2025-12-20 23:19:00,2025-12-21 07:19:00,BarData,125.842,0,0.0,0.0,192.558075,0.0,❌ 震荡 (Gap 7.6 < 10),125.842,125.938,7.6,0
1766272800.7370002,2025-12-20 23:20:00,2025-12-21 07:20:00,BarData,125.812,0,0.0,0.0,192.558075,0.0,❌ 震荡 (Gap 9.7 < 10),125.812,125.934,9.7,0
1766272860.3818889,2025-12-20 23:21:00,2025-12-21 07:21:00,BarData,125.836,0,0.0,0.0,192.558075,0.0,❌ 震荡 (Gap 7.5 < 10),125.836,125.931,7.5,0
1766272920.4449275,2025-12-20 23:22:00,2025-12-21 07:22:00,BarData,125.57,0,0.0,0.0,192.558075,0.0,✅ 触发交易,125.570,125.919,27.8,-1
1766272924.298153,2025-12-20 23:22:04,2025-12-21 07:22:04,Strategy_Open,125.57,1.0,0,-1.0,192.55507500000002,0.0,Strategy_Signal,125.570,125.919,27.8,-1
1766272980.262996,2025-12-20 23:23:00,2025-12-21 07:23:00,BarData,125.602,0,-1.0,-1.0,192.560075,0.0,✅ 触发交易,125.602,125.908,24.4,-1
1766273040.678968,2025-12-20 23:24:00,2025-12-21 07:24:00,BarData,125.661,0,-1.0,-1.0,192.503075,0.0,✅ 触发交易,125.661,125.900,19.0,-1
1766273100.712349,2025-12-20 23:25:00,2025-12-21 07:25:00,BarData,125.645,0,-1.0,-1.0,192.51307500000001,0.0,✅ 触发交易,125.645,125.892,19.6,-1
1766273160.4665787,2025-12-20 23:26:00,2025-12-21 07:26:00,BarData,125.683,0,-1.0,-1.0,192.459075,0.0,✅ 触发交易,125.683,125.885,16.1,-1
1766273220.4497397,2025-12-20 23:27:00,2025-12-21 07:27:00,BarData,125.663,0,-1.0,-1.0,192.484075,0.0,✅ 触发交易,125.663,125.878,17.1,-1
1766273280.5995786,2025-12-20 23:28:00,2025-12-21 07:28:00,BarData,125.7,0,-1.0,-1.0,192.443075,0.0,✅ 触发交易,125.700,125.872,13.7,-1
1766273294.2712977,2025-12-20 23:28:14,2025-12-21 07:28:14,SL,125.734,1.0,-1.0,0.0,192.418075,0.0,🛡️ 止损 (-1.16%),125.700,125.872,13.7,-1
1766273294.2716045,2025-12-20 23:28:14,2025-12-21 07:28:14,PnlRecord,125.734,0,0,0,192.443075,-1.162531452049565,空,125.700,125.872,13.7,-1
1766273340.3798444,2025-12-20 23:29:00,2025-12-21 07:29:00,BarData,125.715,0,0.0,0.0,192.418075,0.0,✅ 触发交易,125.715,125.867,12.1,-1
1766273344.2436903,2025-12-20 23:29:04,2025-12-21 07:29:04,Strategy_Open,125.715,1.0,0,-1.0,192.40507499999998,0.0,Strategy_Signal,125.715,125.867,12.1,-1
1766273400.752291,2025-12-20 23:30:00,2025-12-21 07:30:00,BarData,125.636,0,-1.0,-1.0,192.41707499999998,0.0,✅ 触发交易,125.636,125.859,17.8,-1
1766273460.2194378,2025-12-20 23:31:00,2025-12-21 07:31:00,BarData,125.654,0,-1.0,-1.0,192.443075,0.0,✅ 触发交易,125.654,125.852,15.8,-1
1766273520.1755178,2025-12-20 23:32:00,2025-12-21 07:32:00,BarData,125.659,0,-1.0,-1.0,192.44607499999998,0.0,✅ 触发交易,125.659,125.846,14.9,-1
1766273580.4445977,2025-12-20 23:33:00,2025-12-21 07:33:00,BarData,125.631,0,-1.0,-1.0,192.46307499999998,0.0,✅ 触发交易,125.631,125.839,16.6,-1
1766273640.2889261,2025-12-20 23:34:00,2025-12-21 07:34:00,BarData,125.536,0,-1.0,-1.0,192.525075,0.0,✅ 触发交易,125.536,125.829,23.4,-1
1766273700.5599103,2025-12-20 23:35:00,2025-12-21 07:35:00,BarData,125.558,0,-1.0,-1.0,192.56507499999998,0.0,✅ 触发交易,125.558,125.820,20.9,-1
1766273762.272242,2025-12-20 23:36:02,2025-12-21 07:36:02,BarData,125.623,0,-1.0,-1.0,192.56507499999998,0.0,✅ 触发交易,125.623,125.814,15.2,-1
1766273821.4529252,2025-12-20 23:37:01,2025-12-21 07:37:01,BarData,125.594,0,-1.0,-1.0,192.48907499999999,0.0,✅ 触发交易,125.594,125.807,16.9,-1
1766273880.198497,2025-12-20 23:38:00,2025-12-21 07:38:00,BarData,125.621,0,-1.0,-1.0,192.503075,0.0,✅ 触发交易,125.621,125.800,14.3,-1
1766273940.2105882,2025-12-20 23:39:00,2025-12-21 07:39:00,BarData,125.603,0,-1.0,-1.0,192.516075,0.0,✅ 触发交易,125.603,125.794,15.2,-1
1766274000.7877584,2025-12-20 23:40:00,2025-12-21 07:40:00,BarData,125.592,0,-1.0,-1.0,192.516075,0.0,✅ 触发交易,125.592,125.787,15.6,-1
1766274060.2738714,2025-12-20 23:41:00,2025-12-21 07:41:00,BarData,125.562,0,-1.0,-1.0,192.54107499999998,0.0,✅ 触发交易,125.562,125.780,17.4,-1
1766274120.5066147,2025-12-20 23:42:00,2025-12-21 07:42:00,BarData,125.569,0,-1.0,-1.0,192.544075,0.0,✅ 触发交易,125.569,125.773,16.3,-1
1766274180.4956088,2025-12-20 23:43:00,2025-12-21 07:43:00,BarData,125.564,0,-1.0,-1.0,192.54807499999998,0.0,✅ 触发交易,125.564,125.766,16.1,-1
1766274240.4437754,2025-12-20 23:44:00,2025-12-21 07:44:00,BarData,125.586,0,-1.0,-1.0,192.54807499999998,0.0,✅ 触发交易,125.586,125.760,13.9,-1
1766274301.440428,2025-12-20 23:45:01,2025-12-21 07:45:01,BarData,125.622,0,-1.0,-1.0,192.501075,0.0,✅ 触发交易,125.622,125.756,10.6,-1
1766274360.820272,2025-12-20 23:46:00,2025-12-21 07:46:00,BarData,125.72,0,-1.0,-1.0,192.41007499999998,0.0,❌ 震荡 (Gap 2.8 < 10),125.720,125.755,2.8,0
1766274361.50943,2025-12-20 23:46:01,2025-12-21 07:46:01,PnlRecord,125.72,0,0,0,192.41007499999998,-0.16706576822409724,空,125.720,125.755,2.8,0
1766274361.81431,2025-12-20 23:46:01,2025-12-21 07:46:01,CloseSignal,125.72,1.0,-1.0,0,192.41007499999998,0.0,Strategy_TrendEnd,125.720,125.755,2.8,0
1766274420.1617813,2025-12-20 23:47:00,2025-12-21 07:47:00,BarData,125.68,0,0.0,0.0,192.400075,0.0,❌ 震荡 (Gap 5.7 < 10),125.680,125.752,5.7,0
1766274480.11095,2025-12-20 23:48:00,2025-12-21 07:48:00,BarData,125.679,0,0.0,0.0,192.400075,0.0,❌ 震荡 (Gap 5.6 < 10),125.679,125.750,5.6,0
1766274540.5074959,2025-12-20 23:49:00,2025-12-21 07:49:00,BarData,125.696,0,0.0,0.0,192.400075,0.0,❌ 震荡 (Gap 4.1 < 10),125.696,125.748,4.1,0
1766274600.5176382,2025-12-20 23:50:00,2025-12-21 07:50:00,BarData,125.681,0,0.0,0.0,192.400075,0.0,❌ 震荡 (Gap 5.2 < 10),125.681,125.746,5.2,0
1766274660.6760325,2025-12-20 23:51:00,2025-12-21 07:51:00,BarData,125.718,0,0.0,0.0,192.400075,0.0,❌ 震荡 (Gap 2.1 < 10),125.718,125.745,2.1,0
1766274720.6326907,2025-12-20 23:52:00,2025-12-21 07:52:00,BarData,125.737,0,0.0,0.0,192.400075,0.0,❌ 震荡 (Gap 0.6 < 10),125.737,125.745,0.6,0
1766274780.594105,2025-12-20 23:53:00,2025-12-21 07:53:00,BarData,125.718,0,0.0,0.0,192.400075,0.0,❌ 震荡 (Gap 2.0 < 10),125.718,125.744,2.0,0
1766274840.4560442,2025-12-20 23:54:00,2025-12-21 07:54:00,BarData,125.727,0,0.0,0.0,192.400075,0.0,❌ 震荡 (Gap 1.3 < 10),125.727,125.743,1.3,0
1766274900.4893396,2025-12-20 23:55:00,2025-12-21 07:55:00,BarData,125.784,0,0.0,0.0,192.400075,0.0,❌ 震荡 (Gap 3.1 < 10),125.784,125.745,3.1,0
1766274960.756102,2025-12-20 23:56:00,2025-12-21 07:56:00,BarData,125.754,0,0.0,0.0,192.400075,0.0,❌ 震荡 (Gap 0.7 < 10),125.754,125.745,0.7,0
1766275020.7059598,2025-12-20 23:57:00,2025-12-21 07:57:00,BarData,125.733,0,0.0,0.0,192.400075,0.0,❌ 震荡 (Gap 0.9 < 10),125.733,125.744,0.9,0
1766275080.150534,2025-12-20 23:58:00,2025-12-21 07:58:00,BarData,125.759,0,0.0,0.0,192.400075,0.0,❌ 震荡 (Gap 1.1 < 10),125.759,125.745,1.1,0
1766275140.316025,2025-12-20 23:59:00,2025-12-21 07:59:00,BarData,125.749,0,0.0,0.0,192.400075,0.0,❌ 震荡 (Gap 0.3 < 10),125.749,125.745,0.3,0
1766275200.6438599,2025-12-21 00:00:00,2025-12-21 08:00:00,BarData,125.718,0,0.0,0.0,192.400075,0.0,❌ 震荡 (Gap 2.1 < 10),125.718,125.744,2.1,0
1766275261.4219983,2025-12-21 00:01:01,2025-12-21 08:01:01,BarData,125.686,0,0.0,0.0,192.400075,0.0,❌ 震荡 (Gap 4.5 < 10),125.686,125.742,4.5,0
1766275322.2348175,2025-12-21 00:02:02,2025-12-21 08:02:02,BarData,125.69,0,0.0,0.0,192.400075,0.0,❌ 震荡 (Gap 4.0 < 10),125.690,125.741,4.0,0
1766275380.733197,2025-12-21 00:03:00,2025-12-21 08:03:00,BarData,125.699,0,0.0,0.0,192.400075,0.0,❌ 震荡 (Gap 3.2 < 10),125.699,125.739,3.2,0
1766275440.6482382,2025-12-21 00:04:00,2025-12-21 08:04:00,BarData,125.731,0,0.0,0.0,192.400075,0.0,❌ 震荡 (Gap 0.6 < 10),125.731,125.739,0.6,0
1766275500.4751031,2025-12-21 00:05:00,2025-12-21 08:05:00,BarData,125.7,0,0.0,0.0,192.400075,0.0,❌ 震荡 (Gap 3.0 < 10),125.700,125.738,3.0,0
1766275560.444348,2025-12-21 00:06:00,2025-12-21 08:06:00,BarData,125.751,0,0.0,0.0,192.400075,0.0,❌ 震荡 (Gap 1.0 < 10),125.751,125.738,1.0,0
1766275620.260259,2025-12-21 00:07:00,2025-12-21 08:07:00,BarData,125.741,0,0.0,0.0,192.400075,0.0,❌ 震荡 (Gap 0.2 < 10),125.741,125.738,0.2,0
1766275680.4807777,2025-12-21 00:08:00,2025-12-21 08:08:00,BarData,125.684,0,0.0,0.0,192.400075,0.0,❌ 震荡 (Gap 4.2 < 10),125.684,125.736,4.2,0
1766275740.9342053,2025-12-21 00:09:00,2025-12-21 08:09:00,BarData,125.649,0,0.0,0.0,192.400075,0.0,❌ 震荡 (Gap 6.7 < 10),125.649,125.734,6.7,0
1766275800.9162076,2025-12-21 00:10:00,2025-12-21 08:10:00,BarData,125.666,0,0.0,0.0,192.400075,0.0,❌ 震荡 (Gap 5.2 < 10),125.666,125.731,5.2,0
1766275860.8427536,2025-12-21 00:11:00,2025-12-21 08:11:00,BarData,125.626,0,0.0,0.0,192.400075,0.0,❌ 震荡 (Gap 8.1 < 10),125.626,125.728,8.1,0
1766275920.4073606,2025-12-21 00:12:00,2025-12-21 08:12:00,BarData,125.621,0,0.0,0.0,192.400075,0.0,❌ 震荡 (Gap 8.2 < 10),125.621,125.724,8.2,0
1766275980.6681488,2025-12-21 00:13:00,2025-12-21 08:13:00,BarData,125.62,0,0.0,0.0,192.400075,0.0,❌ 震荡 (Gap 8.0 < 10),125.620,125.721,8.0,0
1766276040.6808684,2025-12-21 00:14:00,2025-12-21 08:14:00,BarData,125.632,0,0.0,0.0,192.400075,0.0,❌ 震荡 (Gap 6.8 < 10),125.632,125.718,6.8,0
1766276100.355811,2025-12-21 00:15:00,2025-12-21 08:15:00,BarData,125.645,0,0.0,0.0,192.400075,0.0,❌ 震荡 (Gap 5.6 < 10),125.645,125.716,5.6,0
1766276160.1071033,2025-12-21 00:16:00,2025-12-21 08:16:00,BarData,125.685,0,0.0,0.0,192.400075,0.0,❌ 震荡 (Gap 2.4 < 10),125.685,125.715,2.4,0
1766276220.2685366,2025-12-21 00:17:00,2025-12-21 08:17:00,BarData,125.666,0,0.0,0.0,192.400075,0.0,❌ 震荡 (Gap 3.7 < 10),125.666,125.713,3.7,0
1766276281.4033995,2025-12-21 00:18:01,2025-12-21 08:18:01,BarData,125.668,0,0.0,0.0,192.400075,0.0,❌ 震荡 (Gap 3.5 < 10),125.668,125.712,3.5,0
1766276340.8202226,2025-12-21 00:19:00,2025-12-21 08:19:00,BarData,125.748,0,0.0,0.0,192.400075,0.0,❌ 震荡 (Gap 2.8 < 10),125.748,125.713,2.8,0
1766276400.2478154,2025-12-21 00:20:00,2025-12-21 08:20:00,BarData,125.791,0,0.0,0.0,192.400075,0.0,❌ 震荡 (Gap 6.0 < 10),125.791,125.715,6.0,0
1766276461.5816483,2025-12-21 00:21:01,2025-12-21 08:21:01,BarData,125.78,0,0.0,0.0,192.400075,0.0,❌ 震荡 (Gap 5.0 < 10),125.780,125.717,5.0,0
1766276521.5109243,2025-12-21 00:22:01,2025-12-21 08:22:01,BarData,125.939,0,0.0,0.0,192.400075,0.0,✅ 触发交易,125.939,125.725,17.0,1
1766276525.4490108,2025-12-21 00:22:05,2025-12-21 08:22:05,Strategy_Open,125.939,1.0,0,1.0,192.40246399999998,0.0,Strategy_Signal,125.939,125.725,17.0,1
1766276580.487411,2025-12-21 00:23:00,2025-12-21 08:23:00,BarData,125.997,0,1.0,1.0,192.42646399999998,0.0,✅ 触发交易,125.997,125.734,20.9,1
1766276640.117279,2025-12-21 00:24:00,2025-12-21 08:24:00,BarData,125.986,0,1.0,1.0,192.43246399999998,0.0,✅ 触发交易,125.986,125.742,19.4,1
1766276700.1602573,2025-12-21 00:25:00,2025-12-21 08:25:00,BarData,125.984,0,1.0,1.0,192.42646399999998,0.0,✅ 触发交易,125.984,125.750,18.6,1
1766276760.2251124,2025-12-21 00:26:00,2025-12-21 08:26:00,BarData,126.006,0,1.0,1.0,192.46146399999998,0.0,✅ 触发交易,126.006,125.758,19.7,1
1766276820.2533755,2025-12-21 00:27:00,2025-12-21 08:27:00,BarData,126.0,0,1.0,1.0,192.439464,0.0,✅ 触发交易,126.000,125.766,18.6,1
1766276881.7080193,2025-12-21 00:28:01,2025-12-21 08:28:01,BarData,125.962,0,1.0,1.0,192.40846399999998,0.0,✅ 触发交易,125.962,125.773,15.0,1
1766276940.368824,2025-12-21 00:29:00,2025-12-21 08:29:00,BarData,125.937,0,1.0,1.0,192.382464,0.0,✅ 触发交易,125.937,125.778,12.6,1
1766277000.5512311,2025-12-21 00:30:00,2025-12-21 08:30:00,BarData,125.903,0,1.0,1.0,192.352464,0.0,❌ 震荡 (Gap 9.6 < 10),125.903,125.782,9.6,0
1766277001.2263649,2025-12-21 00:30:01,2025-12-21 08:30:01,PnlRecord,125.903,0,0,0,192.352464,-0.4445891123301819,多,125.903,125.782,9.6,0
1766277001.558768,2025-12-21 00:30:01,2025-12-21 08:30:01,CloseSignal,125.903,1.0,1.0,0,192.352464,0.0,Strategy_TrendEnd,125.903,125.782,9.6,0
1766277060.600135,2025-12-21 00:31:00,2025-12-21 08:31:00,BarData,125.932,0,0.0,0.0,192.372464,0.0,✅ 触发交易,125.932,125.787,11.5,1
1766277064.5953999,2025-12-21 00:31:04,2025-12-21 08:31:04,Strategy_Open,125.932,1.0,0,1.0,192.35746400000002,0.0,Strategy_Signal,125.932,125.787,11.5,1
1766277122.2830324,2025-12-21 00:32:02,2025-12-21 08:32:02,BarData,125.94,0,1.0,1.0,192.377464,0.0,✅ 触发交易,125.940,125.792,11.8,1
1766277180.1082654,2025-12-21 00:33:00,2025-12-21 08:33:00,BarData,125.839,0,1.0,1.0,192.27346400000002,0.0,❌ 震荡 (Gap 3.6 < 10),125.839,125.794,3.6,0
1766277180.7804406,2025-12-21 00:33:00,2025-12-21 08:33:00,PnlRecord,125.839,0,0,0,192.27346400000002,-0.7861010973653999,多,125.839,125.794,3.6,0
1766277181.089013,2025-12-21 00:33:01,2025-12-21 08:33:01,CloseSignal,125.839,1.0,1.0,0,192.27346400000002,0.0,Strategy_TrendEnd,125.839,125.794,3.6,0
1766277240.3526418,2025-12-21 00:34:00,2025-12-21 08:34:00,BarData,125.783,0,0.0,0.0,192.273464,0.0,❌ 震荡 (Gap 0.8 < 10),125.783,125.793,0.8,0
1766277300.085664,2025-12-21 00:35:00,2025-12-21 08:35:00,BarData,125.811,0,0.0,0.0,192.273464,0.0,❌ 震荡 (Gap 1.4 < 10),125.811,125.794,1.4,0
1766277360.4451826,2025-12-21 00:36:00,2025-12-21 08:36:00,BarData,125.768,0,0.0,0.0,192.273464,0.0,❌ 震荡 (Gap 2.0 < 10),125.768,125.793,2.0,0
1766277422.2445228,2025-12-21 00:37:02,2025-12-21 08:37:02,BarData,125.806,0,0.0,0.0,192.273464,0.0,❌ 震荡 (Gap 1.0 < 10),125.806,125.793,1.0,0
1766277480.4116035,2025-12-21 00:38:00,2025-12-21 08:38:00,BarData,125.708,0,0.0,0.0,192.273464,0.0,❌ 震荡 (Gap 6.6 < 10),125.708,125.791,6.6,0
1766277540.618555,2025-12-21 00:39:00,2025-12-21 08:39:00,BarData,125.672,0,0.0,0.0,192.273464,0.0,❌ 震荡 (Gap 9.1 < 10),125.672,125.787,9.1,0
1766277600.0933387,2025-12-21 00:40:00,2025-12-21 08:40:00,BarData,125.749,0,0.0,0.0,192.273464,0.0,❌ 震荡 (Gap 2.9 < 10),125.749,125.785,2.9,0
1766277660.7666724,2025-12-21 00:41:00,2025-12-21 08:41:00,BarData,125.743,0,0.0,0.0,192.273464,0.0,❌ 震荡 (Gap 3.3 < 10),125.743,125.784,3.3,0
1766277720.3556566,2025-12-21 00:42:00,2025-12-21 08:42:00,BarData,125.701,0,0.0,0.0,192.273464,0.0,❌ 震荡 (Gap 6.4 < 10),125.701,125.781,6.4,0
1766277781.5762079,2025-12-21 00:43:01,2025-12-21 08:43:01,BarData,125.689,0,0.0,0.0,192.273464,0.0,❌ 震荡 (Gap 7.1 < 10),125.689,125.778,7.1,0
1766277840.3732138,2025-12-21 00:44:00,2025-12-21 08:44:00,BarData,125.704,0,0.0,0.0,192.273464,0.0,❌ 震荡 (Gap 5.7 < 10),125.704,125.776,5.7,0
1766277900.1819737,2025-12-21 00:45:00,2025-12-21 08:45:00,BarData,125.739,0,0.0,0.0,192.273464,0.0,❌ 震荡 (Gap 2.8 < 10),125.739,125.775,2.8,0
1766277960.345758,2025-12-21 00:46:00,2025-12-21 08:46:00,BarData,125.709,0,0.0,0.0,192.273464,0.0,❌ 震荡 (Gap 5.1 < 10),125.709,125.773,5.1,0
1766278020.4573686,2025-12-21 00:47:00,2025-12-21 08:47:00,BarData,125.721,0,0.0,0.0,192.273464,0.0,❌ 震荡 (Gap 4.0 < 10),125.721,125.771,4.0,0
1766278080.650312,2025-12-21 00:48:00,2025-12-21 08:48:00,BarData,125.794,0,0.0,0.0,192.273464,0.0,❌ 震荡 (Gap 1.8 < 10),125.794,125.772,1.8,0
1766278140.3937135,2025-12-21 00:49:00,2025-12-21 08:49:00,BarData,125.846,0,0.0,0.0,192.273464,0.0,❌ 震荡 (Gap 5.7 < 10),125.846,125.774,5.7,0
1766278200.1783416,2025-12-21 00:50:00,2025-12-21 08:50:00,BarData,125.792,0,0.0,0.0,192.273464,0.0,❌ 震荡 (Gap 1.4 < 10),125.792,125.775,1.4,0
1766278260.6700664,2025-12-21 00:51:00,2025-12-21 08:51:00,BarData,125.801,0,0.0,0.0,192.273464,0.0,❌ 震荡 (Gap 2.0 < 10),125.801,125.775,2.0,0
1766278320.3972855,2025-12-21 00:52:00,2025-12-21 08:52:00,BarData,125.791,0,0.0,0.0,192.273464,0.0,❌ 震荡 (Gap 1.2 < 10),125.791,125.776,1.2,0
1766278380.2717316,2025-12-21 00:53:00,2025-12-21 08:53:00,BarData,125.781,0,0.0,0.0,192.273464,0.0,❌ 震荡 (Gap 0.4 < 10),125.781,125.776,0.4,0
1766278440.5056756,2025-12-21 00:54:00,2025-12-21 08:54:00,BarData,125.79,0,0.0,0.0,192.273464,0.0,❌ 震荡 (Gap 1.1 < 10),125.790,125.777,1.1,0
1766278500.8084328,2025-12-21 00:55:00,2025-12-21 08:55:00,BarData,125.782,0,0.0,0.0,192.273464,0.0,❌ 震荡 (Gap 0.4 < 10),125.782,125.777,0.4,0
1766278560.495976,2025-12-21 00:56:00,2025-12-21 08:56:00,BarData,125.79,0,0.0,0.0,192.273464,0.0,❌ 震荡 (Gap 1.0 < 10),125.790,125.777,1.0,0
1766278620.694483,2025-12-21 00:57:00,2025-12-21 08:57:00,BarData,125.771,0,0.0,0.0,192.273464,0.0,❌ 震荡 (Gap 0.5 < 10),125.771,125.777,0.5,0
1766278680.6166046,2025-12-21 00:58:00,2025-12-21 08:58:00,BarData,125.778,0,0.0,0.0,192.273464,0.0,❌ 震荡 (Gap 0.1 < 10),125.778,125.777,0.1,0
1766278740.4288268,2025-12-21 00:59:00,2025-12-21 08:59:00,BarData,125.954,0,0.0,0.0,192.273464,0.0,✅ 触发交易,125.954,125.783,13.6,1
1766278744.2805774,2025-12-21 00:59:04,2025-12-21 08:59:04,Strategy_Open,125.954,1.0,0,1.0,192.267464,0.0,Strategy_Signal,125.954,125.783,13.6,1
1766278800.570771,2025-12-21 01:00:00,2025-12-21 09:00:00,BarData,125.93,0,1.0,1.0,192.25446399999998,0.0,✅ 触发交易,125.930,125.788,11.3,1
1766278862.3709383,2025-12-21 01:01:02,2025-12-21 09:01:02,BarData,125.862,0,1.0,1.0,192.17873999999998,0.0,❌ 震荡 (Gap 5.7 < 10),125.862,125.790,5.7,0
1766278863.0675879,2025-12-21 01:01:03,2025-12-21 09:01:03,PnlRecord,125.862,0,0,0,192.17873999999998,-0.8176874528639593,多,125.862,125.790,5.7,0
1766278863.3769412,2025-12-21 01:01:03,2025-12-21 09:01:03,CloseSignal,125.862,1.0,1.0,0,192.17873999999998,0.0,Strategy_TrendEnd,125.862,125.790,5.7,0
1766278920.5861828,2025-12-21 01:02:00,2025-12-21 09:02:00,BarData,125.855,0,0.0,0.0,192.16474,0.0,❌ 震荡 (Gap 5.0 < 10),125.855,125.792,5.0,0
1766278980.618567,2025-12-21 01:03:00,2025-12-21 09:03:00,BarData,125.801,0,0.0,0.0,192.16474,0.0,❌ 震荡 (Gap 0.7 < 10),125.801,125.793,0.7,0
1766279040.088819,2025-12-21 01:04:00,2025-12-21 09:04:00,BarData,125.812,0,0.0,0.0,192.16474,0.0,❌ 震荡 (Gap 1.5 < 10),125.812,125.793,1.5,0
1766279100.8477201,2025-12-21 01:05:00,2025-12-21 09:05:00,BarData,125.846,0,0.0,0.0,192.16474,0.0,❌ 震荡 (Gap 4.1 < 10),125.846,125.795,4.1,0
1766279160.3082256,2025-12-21 01:06:00,2025-12-21 09:06:00,BarData,125.851,0,0.0,0.0,192.16474,0.0,❌ 震荡 (Gap 4.3 < 10),125.851,125.797,4.3,0
1766279220.1032507,2025-12-21 01:07:00,2025-12-21 09:07:00,BarData,125.907,0,0.0,0.0,192.16474,0.0,❌ 震荡 (Gap 8.5 < 10),125.907,125.800,8.5,0
1766279280.5435514,2025-12-21 01:08:00,2025-12-21 09:08:00,BarData,125.876,0,0.0,0.0,192.16474,0.0,❌ 震荡 (Gap 5.8 < 10),125.876,125.803,5.8,0
1766279340.177549,2025-12-21 01:09:00,2025-12-21 09:09:00,BarData,125.871,0,0.0,0.0,192.16474,0.0,❌ 震荡 (Gap 5.2 < 10),125.871,125.805,5.2,0
1766279400.4039102,2025-12-21 01:10:00,2025-12-21 09:10:00,BarData,125.798,0,0.0,0.0,192.16474,0.0,❌ 震荡 (Gap 0.5 < 10),125.798,125.805,0.5,0
1766279461.553614,2025-12-21 01:11:01,2025-12-21 09:11:01,BarData,125.803,0,0.0,0.0,192.16474,0.0,❌ 震荡 (Gap 0.1 < 10),125.803,125.805,0.1,0
1766279520.5516422,2025-12-21 01:12:00,2025-12-21 09:12:00,BarData,125.799,0,0.0,0.0,192.16474,0.0,❌ 震荡 (Gap 0.4 < 10),125.799,125.805,0.4,0
1766279580.1898766,2025-12-21 01:13:00,2025-12-21 09:13:00,BarData,125.76,0,0.0,0.0,192.16474,0.0,❌ 震荡 (Gap 3.4 < 10),125.760,125.803,3.4,0
1766279641.6125891,2025-12-21 01:14:01,2025-12-21 09:14:01,BarData,125.725,0,0.0,0.0,192.16474,0.0,❌ 震荡 (Gap 6.0 < 10),125.725,125.801,6.0,0
1766279701.5017838,2025-12-21 01:15:01,2025-12-21 09:15:01,BarData,125.704,0,0.0,0.0,192.16474,0.0,❌ 震荡 (Gap 7.4 < 10),125.704,125.797,7.4,0
1766279760.3921208,2025-12-21 01:16:00,2025-12-21 09:16:00,BarData,125.704,0,0.0,0.0,192.16474,0.0,❌ 震荡 (Gap 7.2 < 10),125.704,125.794,7.2,0
1766279822.2346265,2025-12-21 01:17:02,2025-12-21 09:17:02,BarData,125.712,0,0.0,0.0,192.16474,0.0,❌ 震荡 (Gap 6.3 < 10),125.712,125.792,6.3,0
1766279880.753312,2025-12-21 01:18:00,2025-12-21 09:18:00,BarData,125.695,0,0.0,0.0,192.16474,0.0,❌ 震荡 (Gap 7.4 < 10),125.695,125.788,7.4,0
1766279941.6205554,2025-12-21 01:19:01,2025-12-21 09:19:01,BarData,125.699,0,0.0,0.0,192.16474,0.0,❌ 震荡 (Gap 6.9 < 10),125.699,125.786,6.9,0
1766280000.3762841,2025-12-21 01:20:00,2025-12-21 09:20:00,BarData,125.757,0,0.0,0.0,192.16474,0.0,❌ 震荡 (Gap 2.2 < 10),125.757,125.785,2.2,0
1766280060.3636143,2025-12-21 01:21:00,2025-12-21 09:21:00,BarData,125.685,0,0.0,0.0,192.16474,0.0,❌ 震荡 (Gap 7.7 < 10),125.685,125.781,7.7,0
1766280120.281023,2025-12-21 01:22:00,2025-12-21 09:22:00,BarData,125.686,0,0.0,0.0,192.16474,0.0,❌ 震荡 (Gap 7.3 < 10),125.686,125.778,7.3,0
1766280180.6480057,2025-12-21 01:23:00,2025-12-21 09:23:00,BarData,125.721,0,0.0,0.0,192.16474,0.0,❌ 震荡 (Gap 4.4 < 10),125.721,125.776,4.4,0
1766280240.3805664,2025-12-21 01:24:00,2025-12-21 09:24:00,BarData,125.711,0,0.0,0.0,192.16474,0.0,❌ 震荡 (Gap 5.0 < 10),125.711,125.774,5.0,0
1766280300.112504,2025-12-21 01:25:00,2025-12-21 09:25:00,BarData,125.671,0,0.0,0.0,192.16474,0.0,❌ 震荡 (Gap 7.9 < 10),125.671,125.771,7.9,0
1766280360.4313765,2025-12-21 01:26:00,2025-12-21 09:26:00,BarData,125.671,0,0.0,0.0,192.16474,0.0,❌ 震荡 (Gap 7.7 < 10),125.671,125.768,7.7,0
1766280421.6163526,2025-12-21 01:27:01,2025-12-21 09:27:01,BarData,125.652,0,0.0,0.0,192.16474,0.0,❌ 震荡 (Gap 8.9 < 10),125.652,125.764,8.9,0
1766280480.711551,2025-12-21 01:28:00,2025-12-21 09:28:00,BarData,125.662,0,0.0,0.0,192.16474,0.0,❌ 震荡 (Gap 7.8 < 10),125.662,125.760,7.8,0
1766280540.16842,2025-12-21 01:29:00,2025-12-21 09:29:00,BarData,125.61,0,0.0,0.0,192.16474,0.0,✅ 触发交易,125.610,125.755,11.6,-1
1766280544.0368729,2025-12-21 01:29:04,2025-12-21 09:29:04,Strategy_Open,125.61,1.0,0,-1.0,192.16974,0.0,Strategy_Signal,125.610,125.755,11.6,-1
1766280600.619407,2025-12-21 01:30:00,2025-12-21 09:30:00,BarData,125.638,0,-1.0,-1.0,192.13674,0.0,❌ 震荡 (Gap 9.0 < 10),125.638,125.752,9.0,0
1766280601.3042386,2025-12-21 01:30:01,2025-12-21 09:30:01,PnlRecord,125.638,0,0,0,192.13674,-0.23087517614192116,空,125.638,125.752,9.0,0
1766280601.6217825,2025-12-21 01:30:01,2025-12-21 09:30:01,CloseSignal,125.638,1.0,-1.0,0,192.13674,0.0,Strategy_TrendEnd,125.638,125.752,9.0,0
1766280662.7435124,2025-12-21 01:31:02,2025-12-21 09:31:02,BarData,125.6,0,0.0,0.0,192.14074,0.0,✅ 触发交易,125.600,125.747,11.7,-1
1766280666.601913,2025-12-21 01:31:06,2025-12-21 09:31:06,Strategy_Open,125.6,1.0,0,-1.0,192.14473999999998,0.0,Strategy_Signal,125.600,125.747,11.7,-1
1766280720.286722,2025-12-21 01:32:00,2025-12-21 09:32:00,BarData,125.603,0,-1.0,-1.0,192.14574,0.0,✅ 触发交易,125.603,125.742,11.1,-1
1766280781.673294,2025-12-21 01:33:01,2025-12-21 09:33:01,BarData,125.606,0,-1.0,-1.0,192.14574,0.0,✅ 触发交易,125.606,125.737,10.5,-1
1766280840.4120104,2025-12-21 01:34:00,2025-12-21 09:34:00,BarData,125.55,0,-1.0,-1.0,192.15573999999998,0.0,✅ 触发交易,125.550,125.731,14.4,-1
1766280900.153901,2025-12-21 01:35:00,2025-12-21 09:35:00,BarData,125.533,0,-1.0,-1.0,192.23574,0.0,✅ 触发交易,125.533,125.725,15.3,-1
1766280960.8305619,2025-12-21 01:36:00,2025-12-21 09:36:00,BarData,125.547,0,-1.0,-1.0,192.21074,0.0,✅ 触发交易,125.547,125.719,13.7,-1
1766281020.3957646,2025-12-21 01:37:00,2025-12-21 09:37:00,BarData,125.543,0,-1.0,-1.0,192.20973999999998,0.0,✅ 触发交易,125.543,125.713,13.6,-1
1766281080.4103873,2025-12-21 01:38:00,2025-12-21 09:38:00,BarData,125.495,0,-1.0,-1.0,192.21174,0.0,✅ 触发交易,125.495,125.706,16.8,-1
1766281140.3672209,2025-12-21 01:39:00,2025-12-21 09:39:00,BarData,125.516,0,-1.0,-1.0,192.23474,0.0,✅ 触发交易,125.516,125.700,14.6,-1
1766281200.415818,2025-12-21 01:40:00,2025-12-21 09:40:00,BarData,125.4,0,-1.0,-1.0,192.47773999999998,0.0,✅ 触发交易,125.400,125.690,23.1,-1
1766281260.3917046,2025-12-21 01:41:00,2025-12-21 09:41:00,BarData,125.334,0,-1.0,-1.0,192.42274,0.0,✅ 触发交易,125.334,125.678,27.5,-1
1766281320.2284837,2025-12-21 01:42:00,2025-12-21 09:42:00,BarData,125.262,0,-1.0,-1.0,192.51973999999998,0.0,✅ 触发交易,125.262,125.665,32.1,-1
1766281380.7418907,2025-12-21 01:43:00,2025-12-21 09:43:00,BarData,125.253,0,-1.0,-1.0,192.49274,0.0,✅ 触发交易,125.253,125.651,31.8,-1
1766281442.3821945,2025-12-21 01:44:02,2025-12-21 09:44:02,BarData,125.265,0,-1.0,-1.0,192.50173999999998,0.0,✅ 触发交易,125.265,125.639,29.8,-1
1766281500.5822613,2025-12-21 01:45:00,2025-12-21 09:45:00,BarData,125.263,0,-1.0,-1.0,192.51674,0.0,✅ 触发交易,125.263,125.626,29.0,-1
1766281560.2694283,2025-12-21 01:46:00,2025-12-21 09:46:00,BarData,125.244,0,-1.0,-1.0,192.51574,0.0,✅ 触发交易,125.244,125.614,29.5,-1
1766281620.6263614,2025-12-21 01:47:00,2025-12-21 09:47:00,BarData,125.324,0,-1.0,-1.0,192.48074,0.0,✅ 触发交易,125.324,125.604,22.4,-1
1766281680.6432447,2025-12-21 01:48:00,2025-12-21 09:48:00,BarData,125.279,0,-1.0,-1.0,192.46174,0.0,✅ 触发交易,125.279,125.594,25.1,-1
1766281740.3052351,2025-12-21 01:49:00,2025-12-21 09:49:00,BarData,125.245,0,-1.0,-1.0,192.50374,0.0,✅ 触发交易,125.245,125.582,26.9,-1
1766281800.6184914,2025-12-21 01:50:00,2025-12-21 09:50:00,BarData,125.381,0,-1.0,-1.0,192.39174,0.0,✅ 触发交易,125.381,125.576,15.5,-1
1766281861.8117292,2025-12-21 01:51:01,2025-12-21 09:51:01,BarData,125.309,0,-1.0,-1.0,192.44374,0.0,✅ 触发交易,125.309,125.567,20.6,-1
1766281920.4866545,2025-12-21 01:52:00,2025-12-21 09:52:00,BarData,125.301,0,-1.0,-1.0,192.46573999999998,0.0,✅ 触发交易,125.301,125.558,20.5,-1
1766281980.4541247,2025-12-21 01:53:00,2025-12-21 09:53:00,BarData,125.304,0,-1.0,-1.0,192.45674,0.0,✅ 触发交易,125.304,125.550,19.6,-1
1766282040.1470068,2025-12-21 01:54:00,2025-12-21 09:54:00,BarData,125.321,0,-1.0,-1.0,192.43974,0.0,✅ 触发交易,125.321,125.542,17.7,-1
1766282100.4311152,2025-12-21 01:55:00,2025-12-21 09:55:00,BarData,125.287,0,-1.0,-1.0,192.46674,0.0,✅ 触发交易,125.287,125.534,19.7,-1
1766282160.5898793,2025-12-21 01:56:00,2025-12-21 09:56:00,BarData,125.226,0,-1.0,-1.0,192.50674,0.0,✅ 触发交易,125.226,125.524,23.8,-1
1766282220.4759483,2025-12-21 01:57:00,2025-12-21 09:57:00,BarData,125.178,0,-1.0,-1.0,192.59673999999998,0.0,✅ 触发交易,125.178,125.512,26.7,-1
1766282281.605996,2025-12-21 01:58:01,2025-12-21 09:58:01,BarData,125.059,0,-1.0,-1.0,192.57574,0.0,✅ 触发交易,125.059,125.498,35.1,-1
1766282340.4015417,2025-12-21 01:59:00,2025-12-21 09:59:00,BarData,125.061,0,-1.0,-1.0,192.68874,0.0,✅ 触发交易,125.061,125.483,33.8,-1
1766282400.0789785,2025-12-21 02:00:00,2025-12-21 10:00:00,BarData,125.022,0,-1.0,-1.0,192.72874,0.0,✅ 触发交易,125.022,125.468,35.7,-1
1766282425.7197738,2025-12-21 02:00:25,2025-12-21 10:00:25,TP,124.991,1.0,-1.0,0.0,192.765488,0.0,🚀 止盈 (+5.02%),125.022,125.468,35.7,-1
1766282425.7200744,2025-12-21 02:00:25,2025-12-21 10:00:25,PnlRecord,124.991,0,0,0,192.73648699999998,5.02300552451004,空,125.022,125.468,35.7,-1
1766282460.6221654,2025-12-21 02:01:00,2025-12-21 10:01:00,BarData,124.978,0,0.0,0.0,192.765488,0.0,✅ 触发交易,124.978,125.452,37.9,-1
1766282464.5265746,2025-12-21 02:01:04,2025-12-21 10:01:04,Strategy_Open,124.978,1.0,0,-1.0,192.780488,0.0,Strategy_Signal,124.978,125.452,37.9,-1
1766282520.5605555,2025-12-21 02:02:00,2025-12-21 10:02:00,BarData,124.874,0,-1.0,-1.0,192.878488,0.0,✅ 触发交易,124.874,125.433,44.8,-1
1766282580.4468226,2025-12-21 02:03:00,2025-12-21 10:03:00,BarData,125.003,0,-1.0,-1.0,192.79148800000002,0.0,✅ 触发交易,125.003,125.419,33.3,-1
1766282608.4100711,2025-12-21 02:03:28,2025-12-21 10:03:28,SL,125.128,1.0,-1.0,0.0,192.608488,0.0,🛡️ 止损 (-1.20%),125.003,125.419,33.3,-1
1766282608.410383,2025-12-21 02:03:28,2025-12-21 10:03:28,PnlRecord,125.128,0,0,0,192.711488,-1.2002112371777889,空,125.003,125.419,33.3,-1
1766282640.2501733,2025-12-21 02:04:00,2025-12-21 10:04:00,BarData,125.096,0,0.0,0.0,192.608488,0.0,✅ 触发交易,125.096,125.408,25.0,-1
1766282644.2493167,2025-12-21 02:04:04,2025-12-21 10:04:04,Strategy_Open,125.096,1.0,0,-1.0,192.589488,0.0,Strategy_Signal,125.096,125.408,25.0,-1
1766282664.3411036,2025-12-21 02:04:24,2025-12-21 10:04:24,SL,125.234,1.0,-1.0,0.0,192.457488,0.0,🛡️ 止损 (-1.03%),125.096,125.408,25.0,-1
1766282664.341381,2025-12-21 02:04:24,2025-12-21 10:04:24,PnlRecord,125.234,0,0,0,192.549488,-1.0311338475679683,空,125.096,125.408,25.0,-1
1766282700.5780122,2025-12-21 02:05:00,2025-12-21 10:05:00,BarData,125.181,0,0.0,0.0,192.457488,0.0,✅ 触发交易,125.181,125.401,17.6,-1
1766282704.666549,2025-12-21 02:05:04,2025-12-21 10:05:04,Strategy_Open,125.181,1.0,0,-1.0,192.460488,0.0,Strategy_Signal,125.181,125.401,17.6,-1
1766282760.6842608,2025-12-21 02:06:00,2025-12-21 10:06:00,BarData,125.13,0,-1.0,-1.0,192.467488,0.0,✅ 触发交易,125.130,125.392,20.9,-1
1766282820.432632,2025-12-21 02:07:00,2025-12-21 10:07:00,BarData,125.083,0,-1.0,-1.0,192.52448800000002,0.0,✅ 触发交易,125.083,125.382,23.9,-1
1766282880.854667,2025-12-21 02:08:00,2025-12-21 10:08:00,BarData,124.974,0,-1.0,-1.0,192.657488,0.0,✅ 触发交易,124.974,125.369,31.6,-1
1766282940.5520399,2025-12-21 02:09:00,2025-12-21 10:09:00,BarData,124.984,0,-1.0,-1.0,192.64448800000002,0.0,✅ 触发交易,124.984,125.356,29.8,-1
1766283000.267014,2025-12-21 02:10:00,2025-12-21 10:10:00,BarData,125.003,0,-1.0,-1.0,192.609488,0.0,✅ 触发交易,125.003,125.344,27.3,-1
1766283060.6364167,2025-12-21 02:11:00,2025-12-21 10:11:00,BarData,125.02,0,-1.0,-1.0,192.57348800000003,0.0,✅ 触发交易,125.020,125.334,25.1,-1
1766283120.1814635,2025-12-21 02:12:00,2025-12-21 10:12:00,BarData,124.974,0,-1.0,-1.0,192.62648800000002,0.0,✅ 触发交易,124.974,125.322,27.8,-1
1766283180.1563697,2025-12-21 02:13:00,2025-12-21 10:13:00,BarData,124.996,0,-1.0,-1.0,192.618488,0.0,✅ 触发交易,124.996,125.311,25.2,-1
1766283240.4744992,2025-12-21 02:14:00,2025-12-21 10:14:00,BarData,124.989,0,-1.0,-1.0,192.62548800000002,0.0,✅ 触发交易,124.989,125.301,24.9,-1
1766283302.3873777,2025-12-21 02:15:02,2025-12-21 10:15:02,BarData,125.053,0,-1.0,-1.0,192.516488,0.0,✅ 触发交易,125.053,125.293,19.2,-1
1766283362.4625666,2025-12-21 02:16:02,2025-12-21 10:16:02,BarData,125.07,0,-1.0,-1.0,192.522488,0.0,✅ 触发交易,125.070,125.285,17.2,-1
1766283420.240317,2025-12-21 02:17:00,2025-12-21 10:17:00,BarData,124.961,0,-1.0,-1.0,192.60848800000002,0.0,✅ 触发交易,124.961,125.275,25.1,-1
1766283480.303141,2025-12-21 02:18:00,2025-12-21 10:18:00,BarData,124.992,0,-1.0,-1.0,192.624488,0.0,✅ 触发交易,124.992,125.265,21.9,-1
1766283542.4546392,2025-12-21 02:19:02,2025-12-21 10:19:02,BarData,124.994,0,-1.0,-1.0,192.636488,0.0,✅ 触发交易,124.994,125.256,21.0,-1
1766283600.5675147,2025-12-21 02:20:00,2025-12-21 10:20:00,BarData,125.041,0,-1.0,-1.0,192.574488,0.0,✅ 触发交易,125.041,125.249,16.7,-1
1766283660.2141287,2025-12-21 02:21:00,2025-12-21 10:21:00,BarData,125.008,0,-1.0,-1.0,192.599488,0.0,✅ 触发交易,125.008,125.242,18.7,-1
1766283720.186385,2025-12-21 02:22:00,2025-12-21 10:22:00,BarData,124.896,0,-1.0,-1.0,192.639488,0.0,✅ 触发交易,124.896,125.230,26.8,-1
1766283781.0133045,2025-12-21 02:23:01,2025-12-21 10:23:01,BarData,124.87,0,-1.0,-1.0,192.74548800000002,0.0,✅ 触发交易,124.870,125.218,27.9,-1
1766283840.4637787,2025-12-21 02:24:00,2025-12-21 10:24:00,BarData,124.838,0,-1.0,-1.0,192.77448800000002,0.0,✅ 触发交易,124.838,125.206,29.5,-1
1766283902.4640462,2025-12-21 02:25:02,2025-12-21 10:25:02,BarData,124.826,0,-1.0,-1.0,192.78648800000002,0.0,✅ 触发交易,124.826,125.193,29.4,-1
1766283960.7494175,2025-12-21 02:26:00,2025-12-21 10:26:00,BarData,124.809,0,-1.0,-1.0,192.81548800000002,0.0,✅ 触发交易,124.809,125.181,29.8,-1
1766284020.1080854,2025-12-21 02:27:00,2025-12-21 10:27:00,BarData,124.68,0,-1.0,-1.0,192.93548800000002,0.0,✅ 触发交易,124.680,125.164,38.9,-1
1766284080.4743936,2025-12-21 02:28:00,2025-12-21 10:28:00,BarData,124.795,0,-1.0,-1.0,192.94248800000003,0.0,✅ 触发交易,124.795,125.152,28.6,-1
1766284140.8078895,2025-12-21 02:29:00,2025-12-21 10:29:00,BarData,124.979,0,-1.0,-1.0,192.628488,0.0,✅ 触发交易,124.979,125.147,13.4,-1
1766284200.3120947,2025-12-21 02:30:00,2025-12-21 10:30:00,BarData,124.949,0,-1.0,-1.0,192.701488,0.0,✅ 触发交易,124.949,125.140,15.3,-1
1766284260.5853243,2025-12-21 02:31:00,2025-12-21 10:31:00,BarData,124.836,0,-1.0,-1.0,192.76348800000002,0.0,✅ 触发交易,124.836,125.130,23.6,-1
1766284320.9568772,2025-12-21 02:32:00,2025-12-21 10:32:00,BarData,124.858,0,-1.0,-1.0,192.723488,0.0,✅ 触发交易,124.858,125.121,21.1,-1
1766284382.524551,2025-12-21 02:33:02,2025-12-21 10:33:02,BarData,124.97,0,-1.0,-1.0,192.64948800000002,0.0,✅ 触发交易,124.970,125.116,11.7,-1
1766284442.5226173,2025-12-21 02:34:02,2025-12-21 10:34:02,BarData,124.9,0,-1.0,-1.0,192.719488,0.0,✅ 触发交易,124.900,125.109,16.7,-1
1766284500.6311421,2025-12-21 02:35:00,2025-12-21 10:35:00,BarData,124.924,0,-1.0,-1.0,192.68548800000002,0.0,✅ 触发交易,124.924,125.103,14.3,-1
1766284560.6596694,2025-12-21 02:36:00,2025-12-21 10:36:00,BarData,124.963,0,-1.0,-1.0,192.66148800000002,0.0,✅ 触发交易,124.963,125.099,10.8,-1
1766284622.5979655,2025-12-21 02:37:02,2025-12-21 10:37:02,BarData,124.949,0,-1.0,-1.0,192.68648800000003,0.0,✅ 触发交易,124.949,125.094,11.6,-1
1766284680.6247685,2025-12-21 02:38:00,2025-12-21 10:38:00,BarData,124.861,0,-1.0,-1.0,192.752488,0.0,✅ 触发交易,124.861,125.086,18.0,-1
1766284740.1034763,2025-12-21 02:39:00,2025-12-21 10:39:00,BarData,124.851,0,-1.0,-1.0,192.75648800000002,0.0,✅ 触发交易,124.851,125.078,18.2,-1
1766284800.5502083,2025-12-21 02:40:00,2025-12-21 10:40:00,BarData,124.702,0,-1.0,-1.0,192.927488,0.0,✅ 触发交易,124.702,125.066,29.2,-1
1766284860.4965482,2025-12-21 02:41:00,2025-12-21 10:41:00,BarData,124.649,0,-1.0,-1.0,192.975488,0.0,✅ 触发交易,124.649,125.052,32.4,-1
1766284921.7745378,2025-12-21 02:42:01,2025-12-21 10:42:01,BarData,124.618,0,-1.0,-1.0,193.00148800000002,0.0,✅ 触发交易,124.618,125.038,33.7,-1
1766284980.3135233,2025-12-21 02:43:00,2025-12-21 10:43:00,BarData,124.641,0,-1.0,-1.0,192.967488,0.0,✅ 触发交易,124.641,125.025,30.8,-1
1766285040.5606544,2025-12-21 02:44:00,2025-12-21 10:44:00,BarData,124.715,0,-1.0,-1.0,192.89948800000002,0.0,✅ 触发交易,124.715,125.015,24.0,-1
1766285100.8933163,2025-12-21 02:45:00,2025-12-21 10:45:00,BarData,124.681,0,-1.0,-1.0,192.939488,0.0,✅ 触发交易,124.681,125.004,25.9,-1
1766285160.472197,2025-12-21 02:46:00,2025-12-21 10:46:00,BarData,124.681,0,-1.0,-1.0,192.94048800000002,0.0,✅ 触发交易,124.681,124.993,25.1,-1
1766285220.766267,2025-12-21 02:47:00,2025-12-21 10:47:00,BarData,124.772,0,-1.0,-1.0,192.83348800000002,0.0,✅ 触发交易,124.772,124.986,17.2,-1
1766285280.1081014,2025-12-21 02:48:00,2025-12-21 10:48:00,BarData,124.674,0,-1.0,-1.0,192.975488,0.0,✅ 触发交易,124.674,124.976,24.2,-1
1766285340.563479,2025-12-21 02:49:00,2025-12-21 10:49:00,BarData,124.678,0,-1.0,-1.0,192.93048800000003,0.0,✅ 触发交易,124.678,124.966,23.1,-1
1766285400.5751512,2025-12-21 02:50:00,2025-12-21 10:50:00,BarData,124.677,0,-1.0,-1.0,192.932488,0.0,✅ 触发交易,124.677,124.957,22.4,-1
1766285460.9285808,2025-12-21 02:51:00,2025-12-21 10:51:00,BarData,124.68,0,-1.0,-1.0,192.937488,0.0,✅ 触发交易,124.680,124.948,21.5,-1
1766285520.5153491,2025-12-21 02:52:00,2025-12-21 10:52:00,BarData,124.705,0,-1.0,-1.0,192.91248800000002,0.0,✅ 触发交易,124.705,124.940,18.8,-1
1766285580.234567,2025-12-21 02:53:00,2025-12-21 10:53:00,BarData,124.706,0,-1.0,-1.0,192.915488,0.0,✅ 触发交易,124.706,124.932,18.1,-1
1766285640.5640628,2025-12-21 02:54:00,2025-12-21 10:54:00,BarData,124.725,0,-1.0,-1.0,192.862488,0.0,✅ 触发交易,124.725,124.925,16.0,-1
1766285700.2133605,2025-12-21 02:55:00,2025-12-21 10:55:00,BarData,124.795,0,-1.0,-1.0,192.83948800000002,0.0,✅ 触发交易,124.795,124.921,10.1,-1
1766285760.7371306,2025-12-21 02:56:00,2025-12-21 10:56:00,BarData,124.731,0,-1.0,-1.0,192.885488,0.0,✅ 触发交易,124.731,124.915,14.7,-1
1766285820.9274442,2025-12-21 02:57:00,2025-12-21 10:57:00,BarData,124.79,0,-1.0,-1.0,192.871488,0.0,❌ 震荡 (Gap 9.7 < 10),124.790,124.911,9.7,0
1766285821.612547,2025-12-21 02:57:01,2025-12-21 10:57:01,PnlRecord,124.79,0,0,0,192.871488,2.964182133412126,空,124.790,124.911,9.7,0
1766285822.1491842,2025-12-21 02:57:02,2025-12-21 10:57:02,CloseSignal,124.79,1.0,-1.0,0,192.871488,0.0,Strategy_TrendEnd,124.790,124.911,9.7,0
1766285880.5312986,2025-12-21 02:58:00,2025-12-21 10:58:00,BarData,124.877,0,0.0,0.0,192.831488,0.0,❌ 震荡 (Gap 2.6 < 10),124.877,124.909,2.6,0
1766285940.2696893,2025-12-21 02:59:00,2025-12-21 10:59:00,BarData,124.816,0,0.0,0.0,192.831488,0.0,❌ 震荡 (Gap 7.2 < 10),124.816,124.906,7.2,0
1766286000.211102,2025-12-21 03:00:00,2025-12-21 11:00:00,BarData,124.818,0,0.0,0.0,192.831488,0.0,❌ 震荡 (Gap 6.8 < 10),124.818,124.903,6.8,0
1766286060.3051279,2025-12-21 03:01:00,2025-12-21 11:01:00,BarData,124.793,0,0.0,0.0,192.831488,0.0,❌ 震荡 (Gap 8.6 < 10),124.793,124.900,8.6,0
1766286120.3100996,2025-12-21 03:02:00,2025-12-21 11:02:00,BarData,124.899,0,0.0,0.0,192.831488,0.0,❌ 震荡 (Gap 0.1 < 10),124.899,124.900,0.1,0
1766286180.5551965,2025-12-21 03:03:00,2025-12-21 11:03:00,BarData,124.985,0,0.0,0.0,192.831488,0.0,❌ 震荡 (Gap 6.6 < 10),124.985,124.903,6.6,0
1766286240.2092984,2025-12-21 03:04:00,2025-12-21 11:04:00,BarData,125.1,0,0.0,0.0,192.831488,0.0,❌ 快线向下,125.100,124.909,15.3,0
1766286302.714897,2025-12-21 03:05:02,2025-12-21 11:05:02,BarData,125.082,0,0.0,0.0,192.831488,0.0,❌ 快线向下,125.082,124.915,13.4,0
1766286360.122448,2025-12-21 03:06:00,2025-12-21 11:06:00,BarData,125.06,0,0.0,0.0,192.831488,0.0,❌ 快线向下,125.060,124.920,11.2,0
1766286420.5647662,2025-12-21 03:07:00,2025-12-21 11:07:00,BarData,125.026,0,0.0,0.0,192.831488,0.0,❌ 震荡 (Gap 8.2 < 10),125.026,124.923,8.2,0
1766286480.314156,2025-12-21 03:08:00,2025-12-21 11:08:00,BarData,125.077,0,0.0,0.0,192.831488,0.0,❌ 快线向下,125.077,124.928,11.9,0
1766286542.5027552,2025-12-21 03:09:02,2025-12-21 11:09:02,BarData,125.122,0,0.0,0.0,192.831488,0.0,❌ 快线向下,125.122,124.934,15.0,0
1766286602.7475748,2025-12-21 03:10:02,2025-12-21 11:10:02,BarData,125.089,0,0.0,0.0,192.831488,0.0,❌ 快线向下,125.089,124.940,12.0,0
1766286660.7048712,2025-12-21 03:11:00,2025-12-21 11:11:00,BarData,125.021,0,0.0,0.0,192.831488,0.0,❌ 震荡 (Gap 6.3 < 10),125.021,124.942,6.3,0
1766286720.540818,2025-12-21 03:12:00,2025-12-21 11:12:00,BarData,124.996,0,0.0,0.0,192.831488,0.0,❌ 震荡 (Gap 4.2 < 10),124.996,124.944,4.2,0
1766286780.6291218,2025-12-21 03:13:00,2025-12-21 11:13:00,BarData,125.017,0,0.0,0.0,192.831488,0.0,❌ 震荡 (Gap 5.7 < 10),125.017,124.946,5.7,0
1766286840.464875,2025-12-21 03:14:00,2025-12-21 11:14:00,BarData,125.066,0,0.0,0.0,192.831488,0.0,❌ 震荡 (Gap 9.3 < 10),125.066,124.950,9.3,0
1766286900.893156,2025-12-21 03:15:00,2025-12-21 11:15:00,BarData,125.087,0,0.0,0.0,192.831488,0.0,❌ 快线向下,125.087,124.955,10.6,0
1766286960.4593377,2025-12-21 03:16:00,2025-12-21 11:16:00,BarData,125.097,0,0.0,0.0,192.831488,0.0,❌ 快线向下,125.097,124.959,11.0,0
1766287020.5605767,2025-12-21 03:17:00,2025-12-21 11:17:00,BarData,125.129,0,0.0,0.0,192.831488,0.0,❌ 快线向下,125.129,124.965,13.1,0
1766287080.1626287,2025-12-21 03:18:00,2025-12-21 11:18:00,BarData,125.152,0,0.0,0.0,192.831488,0.0,❌ 快线向下,125.152,124.971,14.5,0
1766287140.1844559,2025-12-21 03:19:00,2025-12-21 11:19:00,BarData,125.243,0,0.0,0.0,192.831488,0.0,❌ 快线向下,125.243,124.980,21.0,0
1766287200.346865,2025-12-21 03:20:00,2025-12-21 11:20:00,BarData,125.373,0,0.0,0.0,192.831488,0.0,✅ 触发交易,125.373,124.993,30.3,1
1766287204.2079363,2025-12-21 03:20:04,2025-12-21 11:20:04,Strategy_Open,125.373,1.0,0,1.0,192.906382,0.0,Strategy_Signal,125.373,124.993,30.3,1
1766287261.819048,2025-12-21 03:21:01,2025-12-21 11:21:01,BarData,125.363,0,1.0,1.0,192.876382,0.0,✅ 触发交易,125.363,125.005,28.6,1
1766287321.9606545,2025-12-21 03:22:01,2025-12-21 11:22:01,BarData,125.395,0,1.0,1.0,192.845382,0.0,✅ 触发交易,125.395,125.018,30.1,1
1766287380.1275713,2025-12-21 03:23:00,2025-12-21 11:23:00,BarData,125.352,0,1.0,1.0,192.845382,0.0,✅ 触发交易,125.352,125.029,25.8,1
1766287427.1096854,2025-12-21 03:23:47,2025-12-21 11:23:47,SL,125.252,1.0,1.0,0.0,192.701382,0.0,🛡️ 止损 (-1.04%),125.352,125.029,25.8,1
1766287427.1100183,2025-12-21 03:23:47,2025-12-21 11:23:47,PnlRecord,125.252,0,0,0,192.72938200000002,-1.0368314431099332,多,125.352,125.029,25.8,1
1766287440.2871308,2025-12-21 03:24:00,2025-12-21 11:24:00,BarData,125.274,0,0.0,0.0,192.701382,0.0,❌ 快线向下,125.274,125.037,18.9,0
1766287500.2160194,2025-12-21 03:25:00,2025-12-21 11:25:00,BarData,125.264,0,0.0,0.0,192.701382,0.0,❌ 快线向下,125.264,125.044,17.5,0
1766287560.4480674,2025-12-21 03:26:00,2025-12-21 11:26:00,BarData,125.248,0,0.0,0.0,192.701382,0.0,❌ 快线向下,125.248,125.051,15.7,0
1766287620.9437418,2025-12-21 03:27:00,2025-12-21 11:27:00,BarData,125.291,0,0.0,0.0,192.701382,0.0,✅ 触发交易,125.291,125.059,18.5,1
1766287624.8530097,2025-12-21 03:27:04,2025-12-21 11:27:04,Strategy_Open,125.291,1.0,0,1.0,192.702382,0.0,Strategy_Signal,125.291,125.059,18.5,1
1766287680.3505552,2025-12-21 03:28:00,2025-12-21 11:28:00,BarData,125.291,0,1.0,1.0,192.709382,0.0,✅ 触发交易,125.291,125.066,17.9,1
1766287741.0945585,2025-12-21 03:29:01,2025-12-21 11:29:01,BarData,125.312,0,1.0,1.0,192.727382,0.0,✅ 触发交易,125.312,125.074,19.0,1
1766287800.667081,2025-12-21 03:30:00,2025-12-21 11:30:00,BarData,125.283,0,1.0,1.0,192.714382,0.0,✅ 触发交易,125.283,125.081,16.1,1
1766287862.6980734,2025-12-21 03:31:02,2025-12-21 11:31:02,BarData,125.303,0,1.0,1.0,192.729382,0.0,✅ 触发交易,125.303,125.089,17.1,1
1766287920.5892665,2025-12-21 03:32:00,2025-12-21 11:32:00,BarData,125.287,0,1.0,1.0,192.709382,0.0,✅ 触发交易,125.287,125.095,15.3,1
1766287980.2323365,2025-12-21 03:33:00,2025-12-21 11:33:00,BarData,125.223,0,1.0,1.0,192.66338199999998,0.0,❌ 震荡 (Gap 9.9 < 10),125.223,125.099,9.9,0
1766287980.9269278,2025-12-21 03:33:00,2025-12-21 11:33:00,PnlRecord,125.223,0,0,0,192.66338199999998,-0.4868937773379446,多,125.223,125.099,9.9,0
1766287981.256347,2025-12-21 03:33:01,2025-12-21 11:33:01,CloseSignal,125.223,1.0,1.0,0,192.66338199999998,0.0,Strategy_TrendEnd,125.223,125.099,9.9,0
1766288040.5513678,2025-12-21 03:34:00,2025-12-21 11:34:00,BarData,125.282,0,0.0,0.0,192.619464,0.0,✅ 触发交易,125.282,125.105,14.1,1
1766288044.4273462,2025-12-21 03:34:04,2025-12-21 11:34:04,Strategy_Open,125.282,1.0,0,1.0,192.612464,0.0,Strategy_Signal,125.282,125.105,14.1,1
1766288100.361733,2025-12-21 03:35:00,2025-12-21 11:35:00,BarData,125.254,0,1.0,1.0,192.595464,0.0,❌ 快线向下,125.254,125.110,11.5,0
1766288101.0435119,2025-12-21 03:35:01,2025-12-21 11:35:01,PnlRecord,125.254,0,0,0,192.595464,-0.22349579348981968,多,125.254,125.110,11.5,0
1766288101.3744245,2025-12-21 03:35:01,2025-12-21 11:35:01,CloseSignal,125.254,1.0,1.0,0,192.595464,0.0,Strategy_TrendEnd,125.254,125.110,11.5,0
1766288160.6274464,2025-12-21 03:36:00,2025-12-21 11:36:00,BarData,125.111,0,0.0,0.0,192.584464,0.0,❌ 震荡 (Gap 0.1 < 10),125.111,125.110,0.1,0
1766288220.5946314,2025-12-21 03:37:00,2025-12-21 11:37:00,BarData,125.016,0,0.0,0.0,192.584464,0.0,❌ 震荡 (Gap 7.3 < 10),125.016,125.107,7.3,0
1766288280.237997,2025-12-21 03:38:00,2025-12-21 11:38:00,BarData,125.142,0,0.0,0.0,192.584464,0.0,❌ 震荡 (Gap 2.7 < 10),125.142,125.108,2.7,0
1766288340.5158892,2025-12-21 03:39:00,2025-12-21 11:39:00,BarData,125.093,0,0.0,0.0,192.584464,0.0,❌ 震荡 (Gap 1.2 < 10),125.093,125.108,1.2,0
1766288400.132701,2025-12-21 03:40:00,2025-12-21 11:40:00,BarData,125.128,0,0.0,0.0,192.584464,0.0,❌ 震荡 (Gap 1.6 < 10),125.128,125.108,1.6,0
1766288460.2112749,2025-12-21 03:41:00,2025-12-21 11:41:00,BarData,125.126,0,0.0,0.0,192.584464,0.0,❌ 震荡 (Gap 1.4 < 10),125.126,125.109,1.4,0
1766288520.2191195,2025-12-21 03:42:00,2025-12-21 11:42:00,BarData,125.09,0,0.0,0.0,192.584464,0.0,❌ 震荡 (Gap 1.5 < 10),125.090,125.108,1.5,0
1766288580.1936185,2025-12-21 03:43:00,2025-12-21 11:43:00,BarData,125.106,0,0.0,0.0,192.584464,0.0,❌ 震荡 (Gap 0.2 < 10),125.106,125.108,0.2,0
1766288640.6286306,2025-12-21 03:44:00,2025-12-21 11:44:00,BarData,125.094,0,0.0,0.0,192.584464,0.0,❌ 震荡 (Gap 1.1 < 10),125.094,125.108,1.1,0
1766288700.4937465,2025-12-21 03:45:00,2025-12-21 11:45:00,BarData,125.113,0,0.0,0.0,192.584464,0.0,❌ 震荡 (Gap 0.4 < 10),125.113,125.108,0.4,0
1766288760.596986,2025-12-21 03:46:00,2025-12-21 11:46:00,BarData,125.091,0,0.0,0.0,192.584464,0.0,❌ 震荡 (Gap 1.3 < 10),125.091,125.107,1.3,0
1766288820.3139167,2025-12-21 03:47:00,2025-12-21 11:47:00,BarData,125.094,0,0.0,0.0,192.584464,0.0,❌ 震荡 (Gap 1.0 < 10),125.094,125.107,1.0,0
1766288880.288159,2025-12-21 03:48:00,2025-12-21 11:48:00,BarData,125.105,0,0.0,0.0,192.584464,0.0,❌ 震荡 (Gap 0.2 < 10),125.105,125.107,0.2,0
1766288940.547029,2025-12-21 03:49:00,2025-12-21 11:49:00,BarData,125.197,0,0.0,0.0,192.584464,0.0,❌ 震荡 (Gap 7.0 < 10),125.197,125.110,7.0,0
1766289000.385296,2025-12-21 03:50:00,2025-12-21 11:50:00,BarData,125.197,0,0.0,0.0,192.584464,0.0,❌ 震荡 (Gap 6.7 < 10),125.197,125.113,6.7,0
1766289062.6008468,2025-12-21 03:51:02,2025-12-21 11:51:02,BarData,125.187,0,0.0,0.0,192.584464,0.0,❌ 震荡 (Gap 5.7 < 10),125.187,125.115,5.7,0
1766289120.4000297,2025-12-21 03:52:00,2025-12-21 11:52:00,BarData,125.158,0,0.0,0.0,192.584464,0.0,❌ 震荡 (Gap 3.3 < 10),125.158,125.117,3.3,0
1766289180.4072955,2025-12-21 03:53:00,2025-12-21 11:53:00,BarData,125.21,0,0.0,0.0,192.584464,0.0,❌ 震荡 (Gap 7.2 < 10),125.210,125.120,7.2,0
1766289240.3406832,2025-12-21 03:54:00,2025-12-21 11:54:00,BarData,125.132,0,0.0,0.0,192.584464,0.0,❌ 震荡 (Gap 1.0 < 10),125.132,125.120,1.0,0
1766289300.668714,2025-12-21 03:55:00,2025-12-21 11:55:00,BarData,125.151,0,0.0,0.0,192.584464,0.0,❌ 震荡 (Gap 2.4 < 10),125.151,125.121,2.4,0
1766289360.3838627,2025-12-21 03:56:00,2025-12-21 11:56:00,BarData,125.153,0,0.0,0.0,192.584464,0.0,❌ 震荡 (Gap 2.5 < 10),125.153,125.122,2.5,0
1766289420.896154,2025-12-21 03:57:00,2025-12-21 11:57:00,BarData,125.145,0,0.0,0.0,192.584464,0.0,❌ 震荡 (Gap 1.8 < 10),125.145,125.123,1.8,0
1766289480.287056,2025-12-21 03:58:00,2025-12-21 11:58:00,BarData,125.232,0,0.0,0.0,192.584464,0.0,❌ 震荡 (Gap 8.4 < 10),125.232,125.126,8.4,0
1766289540.1188605,2025-12-21 03:59:00,2025-12-21 11:59:00,BarData,125.196,0,0.0,0.0,192.584464,0.0,❌ 震荡 (Gap 5.4 < 10),125.196,125.129,5.4,0
1766289600.4865115,2025-12-21 04:00:00,2025-12-21 12:00:00,BarData,125.147,0,0.0,0.0,192.584464,0.0,❌ 震荡 (Gap 1.4 < 10),125.147,125.129,1.4,0
1766289660.4219692,2025-12-21 04:01:00,2025-12-21 12:01:00,BarData,125.158,0,0.0,0.0,192.584464,0.0,❌ 震荡 (Gap 2.2 < 10),125.158,125.130,2.2,0
1766289720.3367877,2025-12-21 04:02:00,2025-12-21 12:02:00,BarData,125.152,0,0.0,0.0,192.584464,0.0,❌ 震荡 (Gap 1.7 < 10),125.152,125.131,1.7,0
1766289780.2659464,2025-12-21 04:03:00,2025-12-21 12:03:00,BarData,125.123,0,0.0,0.0,192.584464,0.0,❌ 震荡 (Gap 0.6 < 10),125.123,125.131,0.6,0
1766289841.8021238,2025-12-21 04:04:01,2025-12-21 12:04:01,BarData,125.092,0,0.0,0.0,192.584464,0.0,❌ 震荡 (Gap 3.0 < 10),125.092,125.129,3.0,0
1766289900.3154194,2025-12-21 04:05:00,2025-12-21 12:05:00,BarData,125.185,0,0.0,0.0,192.584464,0.0,❌ 震荡 (Gap 4.3 < 10),125.185,125.131,4.3,0
1766289962.6061962,2025-12-21 04:06:02,2025-12-21 12:06:02,BarData,125.238,0,0.0,0.0,192.584464,0.0,❌ 震荡 (Gap 8.2 < 10),125.238,125.135,8.2,0
1766290020.7520876,2025-12-21 04:07:00,2025-12-21 12:07:00,BarData,125.192,0,0.0,0.0,192.584464,0.0,❌ 震荡 (Gap 4.4 < 10),125.192,125.137,4.4,0
1766290080.2086818,2025-12-21 04:08:00,2025-12-21 12:08:00,BarData,125.213,0,0.0,0.0,192.584464,0.0,❌ 震荡 (Gap 5.9 < 10),125.213,125.139,5.9,0
1766290142.6301608,2025-12-21 04:09:02,2025-12-21 12:09:02,BarData,125.24,0,0.0,0.0,192.584464,0.0,❌ 震荡 (Gap 7.8 < 10),125.240,125.142,7.8,0
1766290200.71189,2025-12-21 04:10:00,2025-12-21 12:10:00,BarData,125.224,0,0.0,0.0,192.584464,0.0,❌ 震荡 (Gap 6.3 < 10),125.224,125.145,6.3,0
1766290260.3957238,2025-12-21 04:11:00,2025-12-21 12:11:00,BarData,125.12,0,0.0,0.0,192.584464,0.0,❌ 震荡 (Gap 1.9 < 10),125.120,125.144,1.9,0
1766290322.617323,2025-12-21 04:12:02,2025-12-21 12:12:02,BarData,125.168,0,0.0,0.0,192.584464,0.0,❌ 震荡 (Gap 1.8 < 10),125.168,125.145,1.8,0
1766290382.6444066,2025-12-21 04:13:02,2025-12-21 12:13:02,BarData,125.17,0,0.0,0.0,192.584464,0.0,❌ 震荡 (Gap 1.9 < 10),125.170,125.146,1.9,0
1766290440.3666945,2025-12-21 04:14:00,2025-12-21 12:14:00,BarData,125.205,0,0.0,0.0,192.584464,0.0,❌ 震荡 (Gap 4.6 < 10),125.205,125.148,4.6,0
1766290500.5670214,2025-12-21 04:15:00,2025-12-21 12:15:00,BarData,125.213,0,0.0,0.0,192.584464,0.0,❌ 震荡 (Gap 5.0 < 10),125.213,125.150,5.0,0
1766290560.2605994,2025-12-21 04:16:00,2025-12-21 12:16:00,BarData,125.228,0,0.0,0.0,192.584464,0.0,❌ 震荡 (Gap 6.0 < 10),125.228,125.153,6.0,0
1766290620.6135426,2025-12-21 04:17:00,2025-12-21 12:17:00,BarData,125.258,0,0.0,0.0,192.584464,0.0,❌ 震荡 (Gap 8.1 < 10),125.258,125.156,8.1,0
1766290680.0883849,2025-12-21 04:18:00,2025-12-21 12:18:00,BarData,125.25,0,0.0,0.0,192.584464,0.0,❌ 震荡 (Gap 7.3 < 10),125.250,125.159,7.3,0
1766290740.5749254,2025-12-21 04:19:00,2025-12-21 12:19:00,BarData,125.249,0,0.0,0.0,192.584464,0.0,❌ 震荡 (Gap 6.9 < 10),125.249,125.162,6.9,0
1766290802.764188,2025-12-21 04:20:02,2025-12-21 12:20:02,BarData,125.262,0,0.0,0.0,192.584464,0.0,❌ 震荡 (Gap 7.7 < 10),125.262,125.165,7.7,0
1766290860.4056487,2025-12-21 04:21:00,2025-12-21 12:21:00,BarData,125.328,0,0.0,0.0,192.584464,0.0,✅ 触发交易,125.328,125.171,12.6,1
1766290864.4921167,2025-12-21 04:21:04,2025-12-21 12:21:04,Strategy_Open,125.328,1.0,0,1.0,192.577464,0.0,Strategy_Signal,125.328,125.171,12.6,1
1766290921.8823528,2025-12-21 04:22:01,2025-12-21 12:22:01,BarData,125.27,0,1.0,1.0,192.521464,0.0,❌ 震荡 (Gap 7.7 < 10),125.270,125.174,7.7,0
1766290922.578667,2025-12-21 04:22:02,2025-12-21 12:22:02,PnlRecord,125.27,0,0,0,192.521464,-0.4787361365993958,多,125.270,125.174,7.7,0
1766290922.9313383,2025-12-21 04:22:02,2025-12-21 12:22:02,CloseSignal,125.27,1.0,1.0,0,192.521464,0.0,Strategy_TrendEnd,125.270,125.174,7.7,0
1766290980.3227026,2025-12-21 04:23:00,2025-12-21 12:23:00,BarData,125.227,0,0.0,0.0,192.452656,0.0,❌ 震荡 (Gap 4.1 < 10),125.227,125.176,4.1,0
1766291040.4537728,2025-12-21 04:24:00,2025-12-21 12:24:00,BarData,125.236,0,0.0,0.0,192.452656,0.0,❌ 震荡 (Gap 4.7 < 10),125.236,125.178,4.7,0
1766291100.365279,2025-12-21 04:25:00,2025-12-21 12:25:00,BarData,125.316,0,0.0,0.0,192.452656,0.0,✅ 触发交易,125.316,125.182,10.7,1
1766291104.2965617,2025-12-21 04:25:04,2025-12-21 12:25:04,Strategy_Open,125.316,1.0,0,1.0,192.457656,0.0,Strategy_Signal,125.316,125.182,10.7,1
1766291161.7794166,2025-12-21 04:26:01,2025-12-21 12:26:01,BarData,125.318,0,1.0,1.0,192.459656,0.0,✅ 触发交易,125.318,125.187,10.5,1
1766291222.6498117,2025-12-21 04:27:02,2025-12-21 12:27:02,BarData,125.356,0,1.0,1.0,192.487656,0.0,✅ 触发交易,125.356,125.192,13.1,1
1766291280.4246416,2025-12-21 04:28:00,2025-12-21 12:28:00,BarData,125.348,0,1.0,1.0,192.49265599999998,0.0,✅ 触发交易,125.348,125.197,12.0,1
1766291340.6188536,2025-12-21 04:29:00,2025-12-21 12:29:00,BarData,125.319,0,1.0,1.0,192.475656,0.0,❌ 震荡 (Gap 9.4 < 10),125.319,125.201,9.4,0
1766291341.2896361,2025-12-21 04:29:01,2025-12-21 12:29:01,PnlRecord,125.319,0,0,0,192.475656,0.06384116318595785,多,125.319,125.201,9.4,0
1766291341.6131277,2025-12-21 04:29:01,2025-12-21 12:29:01,CloseSignal,125.319,1.0,1.0,0,192.475656,0.0,Strategy_TrendEnd,125.319,125.201,9.4,0
1766291400.2949224,2025-12-21 04:30:00,2025-12-21 12:30:00,BarData,125.294,0,0.0,0.0,192.475656,0.0,❌ 震荡 (Gap 7.2 < 10),125.294,125.204,7.2,0
1766291460.117482,2025-12-21 04:31:00,2025-12-21 12:31:00,BarData,125.328,0,0.0,0.0,192.436656,0.0,❌ 震荡 (Gap 9.5 < 10),125.328,125.208,9.5,0
1766291520.2384555,2025-12-21 04:32:00,2025-12-21 12:32:00,BarData,125.277,0,0.0,0.0,192.436656,0.0,❌ 震荡 (Gap 5.3 < 10),125.277,125.211,5.3,0
1766291580.2642956,2025-12-21 04:33:00,2025-12-21 12:33:00,BarData,125.302,0,0.0,0.0,192.436656,0.0,❌ 震荡 (Gap 7.1 < 10),125.302,125.214,7.1,0
1766291640.5481453,2025-12-21 04:34:00,2025-12-21 12:34:00,BarData,125.224,0,0.0,0.0,192.436656,0.0,❌ 震荡 (Gap 0.8 < 10),125.224,125.214,0.8,0
1766291702.0329146,2025-12-21 04:35:02,2025-12-21 12:35:02,BarData,125.227,0,0.0,0.0,192.436656,0.0,❌ 震荡 (Gap 1.0 < 10),125.227,125.214,1.0,0
1766291760.1584332,2025-12-21 04:36:00,2025-12-21 12:36:00,BarData,125.233,0,0.0,0.0,192.436656,0.0,❌ 震荡 (Gap 1.4 < 10),125.233,125.215,1.4,0
1766291820.2760808,2025-12-21 04:37:00,2025-12-21 12:37:00,BarData,125.189,0,0.0,0.0,192.436656,0.0,❌ 震荡 (Gap 2.0 < 10),125.189,125.214,2.0,0
1766291880.2465103,2025-12-21 04:38:00,2025-12-21 12:38:00,BarData,125.196,0,0.0,0.0,192.436656,0.0,❌ 震荡 (Gap 1.4 < 10),125.196,125.214,1.4,0
1766291940.232025,2025-12-21 04:39:00,2025-12-21 12:39:00,BarData,125.189,0,0.0,0.0,192.436656,0.0,❌ 震荡 (Gap 1.9 < 10),125.189,125.213,1.9,0
1766292000.230898,2025-12-21 04:40:00,2025-12-21 12:40:00,BarData,125.197,0,0.0,0.0,192.436656,0.0,❌ 震荡 (Gap 1.2 < 10),125.197,125.212,1.2,0
1766292060.412053,2025-12-21 04:41:00,2025-12-21 12:41:00,BarData,125.201,0,0.0,0.0,192.436656,0.0,❌ 震荡 (Gap 0.9 < 10),125.201,125.212,0.9,0
1766292120.4135551,2025-12-21 04:42:00,2025-12-21 12:42:00,BarData,125.115,0,0.0,0.0,192.436656,0.0,❌ 震荡 (Gap 7.5 < 10),125.115,125.209,7.5,0
1766292180.6423714,2025-12-21 04:43:00,2025-12-21 12:43:00,BarData,125.163,0,0.0,0.0,192.436656,0.0,❌ 震荡 (Gap 3.5 < 10),125.163,125.207,3.5,0
1766292240.7792125,2025-12-21 04:44:00,2025-12-21 12:44:00,BarData,125.139,0,0.0,0.0,192.436656,0.0,❌ 震荡 (Gap 5.3 < 10),125.139,125.205,5.3,0
1766292300.361953,2025-12-21 04:45:00,2025-12-21 12:45:00,BarData,125.133,0,0.0,0.0,192.436656,0.0,❌ 震荡 (Gap 5.6 < 10),125.133,125.203,5.6,0
1766292362.6792655,2025-12-21 04:46:02,2025-12-21 12:46:02,BarData,125.103,0,0.0,0.0,192.436656,0.0,❌ 震荡 (Gap 7.7 < 10),125.103,125.199,7.7,0
1766292420.3905644,2025-12-21 04:47:00,2025-12-21 12:47:00,BarData,125.099,0,0.0,0.0,192.436656,0.0,❌ 震荡 (Gap 7.8 < 10),125.099,125.196,7.8,0
1766292480.546774,2025-12-21 04:48:00,2025-12-21 12:48:00,BarData,125.099,0,0.0,0.0,192.436656,0.0,❌ 震荡 (Gap 7.5 < 10),125.099,125.193,7.5,0
1766292540.1526396,2025-12-21 04:49:00,2025-12-21 12:49:00,BarData,125.078,0,0.0,0.0,192.436656,0.0,❌ 震荡 (Gap 8.9 < 10),125.078,125.189,8.9,0
1766292601.8788764,2025-12-21 04:50:01,2025-12-21 12:50:01,BarData,125.071,0,0.0,0.0,192.436656,0.0,❌ 震荡 (Gap 9.1 < 10),125.071,125.185,9.1,0
1766292660.5092714,2025-12-21 04:51:00,2025-12-21 12:51:00,BarData,125.076,0,0.0,0.0,192.436656,0.0,❌ 震荡 (Gap 8.4 < 10),125.076,125.182,8.4,0
1766292720.4902318,2025-12-21 04:52:00,2025-12-21 12:52:00,BarData,125.076,0,0.0,0.0,192.436656,0.0,❌ 震荡 (Gap 8.2 < 10),125.076,125.178,8.2,0
1766292782.5665767,2025-12-21 04:53:02,2025-12-21 12:53:02,BarData,125.072,0,0.0,0.0,192.436656,0.0,❌ 震荡 (Gap 8.2 < 10),125.072,125.175,8.2,0
1766292840.1631682,2025-12-21 04:54:00,2025-12-21 12:54:00,BarData,125.09,0,0.0,0.0,192.436656,0.0,❌ 震荡 (Gap 6.5 < 10),125.090,125.172,6.5,0
1766292900.5887198,2025-12-21 04:55:00,2025-12-21 12:55:00,BarData,125.113,0,0.0,0.0,192.436656,0.0,❌ 震荡 (Gap 4.6 < 10),125.113,125.170,4.6,0
1766292961.0814128,2025-12-21 04:56:01,2025-12-21 12:56:01,BarData,125.12,0,0.0,0.0,192.436656,0.0,❌ 震荡 (Gap 3.9 < 10),125.120,125.168,3.9,0
1766293020.2712016,2025-12-21 04:57:00,2025-12-21 12:57:00,BarData,125.108,0,0.0,0.0,192.436656,0.0,❌ 震荡 (Gap 4.7 < 10),125.108,125.166,4.7,0
1766293080.6982422,2025-12-21 04:58:00,2025-12-21 12:58:00,BarData,125.119,0,0.0,0.0,192.436656,0.0,❌ 震荡 (Gap 3.7 < 10),125.119,125.165,3.7,0
1766293140.3487344,2025-12-21 04:59:00,2025-12-21 12:59:00,BarData,125.129,0,0.0,0.0,192.436656,0.0,❌ 震荡 (Gap 2.8 < 10),125.129,125.164,2.8,0
1766293203.3096197,2025-12-21 05:00:03,2025-12-21 13:00:03,BarData,125.11,0,0.0,0.0,192.436656,0.0,❌ 震荡 (Gap 4.1 < 10),125.110,125.162,4.1,0
1766293260.433494,2025-12-21 05:01:00,2025-12-21 13:01:00,BarData,125.049,0,0.0,0.0,192.436656,0.0,❌ 震荡 (Gap 8.7 < 10),125.049,125.158,8.7,0
1766293321.1749105,2025-12-21 05:02:01,2025-12-21 13:02:01,BarData,125.008,0,0.0,0.0,192.436656,0.0,✅ 触发交易,125.008,125.153,11.6,-1
1766293325.1612055,2025-12-21 05:02:05,2025-12-21 13:02:05,Strategy_Open,125.008,1.0,0,-1.0,192.407656,0.0,Strategy_Signal,125.008,125.153,11.6,-1
1766293380.60407,2025-12-21 05:03:00,2025-12-21 13:03:00,BarData,125.074,0,-1.0,-1.0,192.367656,0.0,❌ 震荡 (Gap 6.1 < 10),125.074,125.151,6.1,0
1766293381.308391,2025-12-21 05:03:01,2025-12-21 13:03:01,PnlRecord,125.074,0,0,0,192.367656,-0.5359699856807464,空,125.074,125.151,6.1,0
1766293381.639228,2025-12-21 05:03:01,2025-12-21 13:03:01,CloseSignal,125.074,1.0,-1.0,0,192.367656,0.0,Strategy_TrendEnd,125.074,125.151,6.1,0
1766293440.1604288,2025-12-21 05:04:00,2025-12-21 13:04:00,BarData,125.079,0,0.0,0.0,192.393656,0.0,❌ 震荡 (Gap 5.5 < 10),125.079,125.148,5.5,0
1766293502.9333003,2025-12-21 05:05:02,2025-12-21 13:05:02,BarData,125.04,0,0.0,0.0,192.393656,0.0,❌ 震荡 (Gap 8.4 < 10),125.040,125.145,8.4,0
1766293560.0989583,2025-12-21 05:06:00,2025-12-21 13:06:00,BarData,125.083,0,0.0,0.0,192.393656,0.0,❌ 震荡 (Gap 4.8 < 10),125.083,125.143,4.8,0
1766293620.5361345,2025-12-21 05:07:00,2025-12-21 13:07:00,BarData,125.044,0,0.0,0.0,192.393656,0.0,❌ 震荡 (Gap 7.6 < 10),125.044,125.139,7.6,0
1766293680.1423433,2025-12-21 05:08:00,2025-12-21 13:08:00,BarData,125.106,0,0.0,0.0,192.393656,0.0,❌ 震荡 (Gap 2.6 < 10),125.106,125.138,2.6,0
1766293740.2551699,2025-12-21 05:09:00,2025-12-21 13:09:00,BarData,125.127,0,0.0,0.0,192.393656,0.0,❌ 震荡 (Gap 0.9 < 10),125.127,125.138,0.9,0
1766293800.1910973,2025-12-21 05:10:00,2025-12-21 13:10:00,BarData,125.044,0,0.0,0.0,192.393656,0.0,❌ 震荡 (Gap 7.3 < 10),125.044,125.135,7.3,0
1766293860.3889542,2025-12-21 05:11:00,2025-12-21 13:11:00,BarData,125.085,0,0.0,0.0,192.393656,0.0,❌ 震荡 (Gap 3.9 < 10),125.085,125.133,3.9,0
1766293920.4930763,2025-12-21 05:12:00,2025-12-21 13:12:00,BarData,125.097,0,0.0,0.0,192.393656,0.0,❌ 震荡 (Gap 2.8 < 10),125.097,125.132,2.8,0
1766293980.5953677,2025-12-21 05:13:00,2025-12-21 13:13:00,BarData,125.092,0,0.0,0.0,192.393656,0.0,❌ 震荡 (Gap 3.1 < 10),125.092,125.131,3.1,0
1766294040.41683,2025-12-21 05:14:00,2025-12-21 13:14:00,BarData,125.112,0,0.0,0.0,192.393656,0.0,❌ 震荡 (Gap 1.5 < 10),125.112,125.130,1.5,0
1766294100.4066968,2025-12-21 05:15:00,2025-12-21 13:15:00,BarData,125.202,0,0.0,0.0,192.393656,0.0,❌ 震荡 (Gap 5.5 < 10),125.202,125.133,5.5,0
1766294160.3032508,2025-12-21 05:16:00,2025-12-21 13:16:00,BarData,125.273,0,0.0,0.0,192.393656,0.0,✅ 触发交易,125.273,125.137,10.8,1
1766294164.1950152,2025-12-21 05:16:04,2025-12-21 13:16:04,Strategy_Open,125.273,1.0,0,1.0,192.393656,0.0,Strategy_Signal,125.273,125.137,10.8,1
1766294220.3328974,2025-12-21 05:17:00,2025-12-21 13:17:00,BarData,125.287,0,1.0,1.0,192.401656,0.0,✅ 触发交易,125.287,125.142,11.6,1
1766294282.5707707,2025-12-21 05:18:02,2025-12-21 13:18:02,BarData,125.178,0,1.0,1.0,192.354656,0.0,❌ 震荡 (Gap 2.8 < 10),125.178,125.143,2.8,0
1766294283.336246,2025-12-21 05:18:03,2025-12-21 13:18:03,PnlRecord,125.178,0,0,0,192.354656,-0.846077711439679,多,125.178,125.143,2.8,0
1766294283.6536627,2025-12-21 05:18:03,2025-12-21 13:18:03,CloseSignal,125.178,1.0,1.0,0,192.354656,0.0,Strategy_TrendEnd,125.178,125.143,2.8,0
1766294340.5203202,2025-12-21 05:19:00,2025-12-21 13:19:00,BarData,125.191,0,0.0,0.0,192.284656,0.0,❌ 震荡 (Gap 3.7 < 10),125.191,125.145,3.7,0
1766294400.1209366,2025-12-21 05:20:00,2025-12-21 13:20:00,BarData,125.17,0,0.0,0.0,192.284656,0.0,❌ 震荡 (Gap 1.9 < 10),125.170,125.146,1.9,0
1766294460.7228372,2025-12-21 05:21:00,2025-12-21 13:21:00,BarData,125.22,0,0.0,0.0,192.284656,0.0,❌ 震荡 (Gap 5.7 < 10),125.220,125.148,5.7,0
1766294520.490384,2025-12-21 05:22:00,2025-12-21 13:22:00,BarData,125.235,0,0.0,0.0,192.284656,0.0,❌ 震荡 (Gap 6.7 < 10),125.235,125.151,6.7,0
1766294580.1542032,2025-12-21 05:23:00,2025-12-21 13:23:00,BarData,125.296,0,0.0,0.0,192.284656,0.0,✅ 触发交易,125.296,125.156,11.2,1
1766294584.0151324,2025-12-21 05:23:04,2025-12-21 13:23:04,Strategy_Open,125.296,1.0,0,1.0,192.294656,0.0,Strategy_Signal,125.296,125.156,11.2,1
1766294640.5558543,2025-12-21 05:24:00,2025-12-21 13:24:00,BarData,125.3,0,1.0,1.0,192.290656,0.0,✅ 触发交易,125.300,125.160,11.1,1
1766294700.428081,2025-12-21 05:25:00,2025-12-21 13:25:00,BarData,125.301,0,1.0,1.0,192.288656,0.0,✅ 触发交易,125.301,125.165,10.9,1
1766294760.3257535,2025-12-21 05:26:00,2025-12-21 13:26:00,BarData,125.334,0,1.0,1.0,192.30965600000002,0.0,✅ 触发交易,125.334,125.171,13.0,1
1766294820.2035441,2025-12-21 05:27:00,2025-12-21 13:27:00,BarData,125.297,0,1.0,1.0,192.293656,0.0,❌ 震荡 (Gap 9.8 < 10),125.297,125.175,9.8,0
1766294820.898065,2025-12-21 05:27:00,2025-12-21 13:27:00,PnlRecord,125.297,0,0,0,192.293656,0.0,多,125.297,125.175,9.8,0
1766294821.2168229,2025-12-21 05:27:01,2025-12-21 13:27:01,CloseSignal,125.297,1.0,1.0,0,192.293656,0.0,Strategy_TrendEnd,125.297,125.175,9.8,0
1766294880.7211318,2025-12-21 05:28:00,2025-12-21 13:28:00,BarData,125.295,0,0.0,0.0,192.284656,0.0,❌ 震荡 (Gap 9.3 < 10),125.295,125.179,9.3,0
1766294940.5328007,2025-12-21 05:29:00,2025-12-21 13:29:00,BarData,125.304,0,0.0,0.0,192.284656,0.0,❌ 震荡 (Gap 9.7 < 10),125.304,125.183,9.7,0
1766295000.5662398,2025-12-21 05:30:00,2025-12-21 13:30:00,BarData,125.343,0,0.0,0.0,192.284656,0.0,✅ 触发交易,125.343,125.188,12.4,1
1766295004.4239507,2025-12-21 05:30:04,2025-12-21 13:30:04,Strategy_Open,125.343,1.0,0,1.0,192.289656,0.0,Strategy_Signal,125.343,125.188,12.4,1
1766295060.588229,2025-12-21 05:31:00,2025-12-21 13:31:00,BarData,125.345,0,1.0,1.0,192.283656,0.0,✅ 触发交易,125.345,125.193,12.1,1
1766295121.949122,2025-12-21 05:32:01,2025-12-21 13:32:01,BarData,125.296,0,1.0,1.0,192.253656,0.0,❌ 震荡 (Gap 7.9 < 10),125.296,125.197,7.9,0
1766295122.7092013,2025-12-21 05:32:02,2025-12-21 13:32:02,PnlRecord,125.296,0,0,0,192.253656,-0.3829461322439655,多,125.296,125.197,7.9,0
1766295123.0506945,2025-12-21 05:32:03,2025-12-21 13:32:03,CloseSignal,125.296,1.0,1.0,0,192.253656,0.0,Strategy_TrendEnd,125.296,125.197,7.9,0
1766295181.972747,2025-12-21 05:33:01,2025-12-21 13:33:01,BarData,125.298,0,0.0,0.0,192.233656,0.0,❌ 震荡 (Gap 7.8 < 10),125.298,125.200,7.8,0
1766295240.2841132,2025-12-21 05:34:00,2025-12-21 13:34:00,BarData,125.326,0,0.0,0.0,192.233656,0.0,❌ 震荡 (Gap 9.7 < 10),125.326,125.204,9.7,0
1766295300.6092012,2025-12-21 05:35:00,2025-12-21 13:35:00,BarData,125.297,0,0.0,0.0,192.233656,0.0,❌ 震荡 (Gap 7.2 < 10),125.297,125.207,7.2,0
1766295361.201019,2025-12-21 05:36:01,2025-12-21 13:36:01,BarData,125.306,0,0.0,0.0,192.233656,0.0,❌ 震荡 (Gap 7.6 < 10),125.306,125.210,7.6,0
1766295420.2569969,2025-12-21 05:37:00,2025-12-21 13:37:00,BarData,125.267,0,0.0,0.0,192.233656,0.0,❌ 震荡 (Gap 4.4 < 10),125.267,125.212,4.4,0
1766295481.298426,2025-12-21 05:38:01,2025-12-21 13:38:01,BarData,125.247,0,0.0,0.0,192.233656,0.0,❌ 震荡 (Gap 2.7 < 10),125.247,125.213,2.7,0
1766295540.1886692,2025-12-21 05:39:00,2025-12-21 13:39:00,BarData,125.269,0,0.0,0.0,192.233656,0.0,❌ 震荡 (Gap 4.3 < 10),125.269,125.215,4.3,0
1766295600.2271407,2025-12-21 05:40:00,2025-12-21 13:40:00,BarData,125.31,0,0.0,0.0,192.233656,0.0,❌ 震荡 (Gap 7.3 < 10),125.310,125.218,7.3,0
1766295660.5562775,2025-12-21 05:41:00,2025-12-21 13:41:00,BarData,125.334,0,0.0,0.0,192.233656,0.0,❌ 震荡 (Gap 8.9 < 10),125.334,125.222,8.9,0
1766295720.592744,2025-12-21 05:42:00,2025-12-21 13:42:00,BarData,125.34,0,0.0,0.0,192.233656,0.0,❌ 震荡 (Gap 9.1 < 10),125.340,125.226,9.1,0
1766295780.3821337,2025-12-21 05:43:00,2025-12-21 13:43:00,BarData,125.3,0,0.0,0.0,192.233656,0.0,❌ 震荡 (Gap 5.7 < 10),125.300,125.228,5.7,0
1766295840.4391503,2025-12-21 05:44:00,2025-12-21 13:44:00,BarData,125.245,0,0.0,0.0,192.233656,0.0,❌ 震荡 (Gap 1.3 < 10),125.245,125.229,1.3,0
1766295900.5484724,2025-12-21 05:45:00,2025-12-21 13:45:00,BarData,125.264,0,0.0,0.0,192.233656,0.0,❌ 震荡 (Gap 2.7 < 10),125.264,125.230,2.7,0
1766295961.328972,2025-12-21 05:46:01,2025-12-21 13:46:01,BarData,125.224,0,0.0,0.0,192.233656,0.0,❌ 震荡 (Gap 0.5 < 10),125.224,125.230,0.5,0
1766296020.5957203,2025-12-21 05:47:00,2025-12-21 13:47:00,BarData,125.227,0,0.0,0.0,192.233656,0.0,❌ 震荡 (Gap 0.2 < 10),125.227,125.230,0.2,0
1766296080.4396963,2025-12-21 05:48:00,2025-12-21 13:48:00,BarData,125.18,0,0.0,0.0,192.233656,0.0,❌ 震荡 (Gap 3.8 < 10),125.180,125.228,3.8,0
1766296140.281415,2025-12-21 05:49:00,2025-12-21 13:49:00,BarData,125.172,0,0.0,0.0,192.233656,0.0,❌ 震荡 (Gap 4.3 < 10),125.172,125.226,4.3,0
1766296201.1791492,2025-12-21 05:50:01,2025-12-21 13:50:01,BarData,125.158,0,0.0,0.0,192.233656,0.0,❌ 震荡 (Gap 5.3 < 10),125.158,125.224,5.3,0
1766296260.3582897,2025-12-21 05:51:00,2025-12-21 13:51:00,BarData,125.2,0,0.0,0.0,192.233656,0.0,❌ 震荡 (Gap 1.9 < 10),125.200,125.223,1.9,0
1766296320.7710567,2025-12-21 05:52:00,2025-12-21 13:52:00,BarData,125.243,0,0.0,0.0,192.233656,0.0,❌ 震荡 (Gap 1.5 < 10),125.243,125.224,1.5,0
1766296380.6261225,2025-12-21 05:53:00,2025-12-21 13:53:00,BarData,125.228,0,0.0,0.0,192.233656,0.0,❌ 震荡 (Gap 0.3 < 10),125.228,125.224,0.3,0
1766296441.971856,2025-12-21 05:54:01,2025-12-21 13:54:01,BarData,125.217,0,0.0,0.0,192.233656,0.0,❌ 震荡 (Gap 0.5 < 10),125.217,125.224,0.5,0
1766296502.028154,2025-12-21 05:55:02,2025-12-21 13:55:02,BarData,125.221,0,0.0,0.0,192.233656,0.0,❌ 震荡 (Gap 0.2 < 10),125.221,125.224,0.2,0
1766296560.7541845,2025-12-21 05:56:00,2025-12-21 13:56:00,BarData,125.247,0,0.0,0.0,192.233656,0.0,❌ 震荡 (Gap 1.8 < 10),125.247,125.224,1.8,0
1766296620.453951,2025-12-21 05:57:00,2025-12-21 13:57:00,BarData,125.256,0,0.0,0.0,192.233656,0.0,❌ 震荡 (Gap 2.4 < 10),125.256,125.225,2.4,0
1766296680.4451017,2025-12-21 05:58:00,2025-12-21 13:58:00,BarData,125.227,0,0.0,0.0,192.233656,0.0,❌ 震荡 (Gap 0.1 < 10),125.227,125.226,0.1,0
1766296742.832586,2025-12-21 05:59:02,2025-12-21 13:59:02,BarData,125.209,0,0.0,0.0,192.233656,0.0,❌ 震荡 (Gap 1.3 < 10),125.209,125.225,1.3,0
1766296800.5976899,2025-12-21 06:00:00,2025-12-21 14:00:00,BarData,125.207,0,0.0,0.0,192.233656,0.0,❌ 震荡 (Gap 1.4 < 10),125.207,125.224,1.4,0
1766296860.2803178,2025-12-21 06:01:00,2025-12-21 14:01:00,BarData,125.161,0,0.0,0.0,192.233656,0.0,❌ 震荡 (Gap 4.9 < 10),125.161,125.222,4.9,0
1766296921.2503765,2025-12-21 06:02:01,2025-12-21 14:02:01,BarData,125.124,0,0.0,0.0,192.233656,0.0,❌ 震荡 (Gap 7.6 < 10),125.124,125.219,7.6,0
1766296981.9891257,2025-12-21 06:03:01,2025-12-21 14:03:01,BarData,125.079,0,0.0,0.0,192.233656,0.0,✅ 触发交易,125.079,125.215,10.8,-1
1766296985.850115,2025-12-21 06:03:05,2025-12-21 14:03:05,Strategy_Open,125.079,1.0,0,-1.0,192.219656,0.0,Strategy_Signal,125.079,125.215,10.8,-1
1766297040.5414503,2025-12-21 06:04:00,2025-12-21 14:04:00,BarData,125.129,0,-1.0,-1.0,192.198656,0.0,❌ 震荡 (Gap 6.6 < 10),125.129,125.212,6.6,0
1766297041.2191668,2025-12-21 06:04:01,2025-12-21 14:04:01,PnlRecord,125.129,0,0,0,192.198656,-0.38375132913873267,空,125.129,125.212,6.6,0
1766297041.610553,2025-12-21 06:04:01,2025-12-21 14:04:01,CloseSignal,125.129,1.0,-1.0,0,192.198656,0.0,Strategy_TrendEnd,125.129,125.212,6.6,0
1766297100.3062258,2025-12-21 06:05:00,2025-12-21 14:05:00,BarData,125.097,0,0.0,0.0,192.182656,0.0,❌ 震荡 (Gap 8.9 < 10),125.097,125.208,8.9,0
1766297160.1838162,2025-12-21 06:06:00,2025-12-21 14:06:00,BarData,125.141,0,0.0,0.0,192.182656,0.0,❌ 震荡 (Gap 5.2 < 10),125.141,125.206,5.2,0
1766297220.323798,2025-12-21 06:07:00,2025-12-21 14:07:00,BarData,125.133,0,0.0,0.0,192.182656,0.0,❌ 震荡 (Gap 5.6 < 10),125.133,125.203,5.6,0
1766297280.2752957,2025-12-21 06:08:00,2025-12-21 14:08:00,BarData,125.161,0,0.0,0.0,192.182656,0.0,❌ 震荡 (Gap 3.3 < 10),125.161,125.202,3.3,0
1766297344.2721682,2025-12-21 06:09:04,2025-12-21 14:09:04,BarData,125.143,0,0.0,0.0,192.182656,0.0,❌ 震荡 (Gap 4.6 < 10),125.143,125.200,4.6,0
1766297400.546526,2025-12-21 06:10:00,2025-12-21 14:10:00,BarData,125.172,0,0.0,0.0,192.182656,0.0,❌ 震荡 (Gap 2.2 < 10),125.172,125.199,2.2,0
1766297460.6252677,2025-12-21 06:11:00,2025-12-21 14:11:00,BarData,125.142,0,0.0,0.0,192.182656,0.0,❌ 震荡 (Gap 4.4 < 10),125.142,125.197,4.4,0
1766297520.5109425,2025-12-21 06:12:00,2025-12-21 14:12:00,BarData,125.251,0,0.0,0.0,192.182656,0.0,❌ 震荡 (Gap 4.2 < 10),125.251,125.199,4.2,0
1766297580.5416458,2025-12-21 06:13:00,2025-12-21 14:13:00,BarData,125.264,0,0.0,0.0,192.182656,0.0,❌ 震荡 (Gap 5.0 < 10),125.264,125.201,5.0,0
1766297641.9494672,2025-12-21 06:14:01,2025-12-21 14:14:01,BarData,125.226,0,0.0,0.0,192.182656,0.0,❌ 震荡 (Gap 1.9 < 10),125.226,125.202,1.9,0
1766297700.2610626,2025-12-21 06:15:00,2025-12-21 14:15:00,BarData,125.235,0,0.0,0.0,192.182656,0.0,❌ 震荡 (Gap 2.6 < 10),125.235,125.203,2.6,0
1766297760.3912435,2025-12-21 06:16:00,2025-12-21 14:16:00,BarData,125.24,0,0.0,0.0,192.182656,0.0,❌ 震荡 (Gap 2.9 < 10),125.240,125.204,2.9,0
1766297820.1287918,2025-12-21 06:17:00,2025-12-21 14:17:00,BarData,125.323,0,0.0,0.0,192.182656,0.0,❌ 震荡 (Gap 9.2 < 10),125.323,125.208,9.2,0
1766297881.4659863,2025-12-21 06:18:01,2025-12-21 14:18:01,BarData,125.412,0,0.0,0.0,192.182656,0.0,✅ 触发交易,125.412,125.215,15.7,1
1766297885.454994,2025-12-21 06:18:05,2025-12-21 14:18:05,Strategy_Open,125.412,1.0,0,1.0,192.17265600000002,0.0,Strategy_Signal,125.412,125.215,15.7,1
1766297940.8887496,2025-12-21 06:19:00,2025-12-21 14:19:00,BarData,125.373,0,1.0,1.0,192.141656,0.0,✅ 触发交易,125.373,125.220,12.2,1
1766297989.4837646,2025-12-21 06:19:49,2025-12-21 14:19:49,SL,125.285,1.0,1.0,0.0,192.057656,0.0,🛡️ 止损 (-1.04%),125.373,125.220,12.2,1
1766297989.484057,2025-12-21 06:19:49,2025-12-21 14:19:49,PnlRecord,125.285,0,0,0,192.105656,-1.0445238247113624,多,125.373,125.220,12.2,1
1766298000.4417057,2025-12-21 06:20:00,2025-12-21 14:20:00,BarData,125.304,0,0.0,0.0,192.057656,0.0,❌ 震荡 (Gap 6.5 < 10),125.304,125.223,6.5,0
1766298060.2707033,2025-12-21 06:21:00,2025-12-21 14:21:00,BarData,125.305,0,0.0,0.0,192.057656,0.0,❌ 震荡 (Gap 6.3 < 10),125.305,125.225,6.3,0
1766298121.318942,2025-12-21 06:22:01,2025-12-21 14:22:01,BarData,125.288,0,0.0,0.0,192.057656,0.0,❌ 震荡 (Gap 4.8 < 10),125.288,125.228,4.8,0
1766298180.8525186,2025-12-21 06:23:00,2025-12-21 14:23:00,BarData,125.171,0,0.0,0.0,192.057656,0.0,❌ 震荡 (Gap 4.4 < 10),125.171,125.226,4.4,0
1766298240.3418427,2025-12-21 06:24:00,2025-12-21 14:24:00,BarData,125.208,0,0.0,0.0,192.057656,0.0,❌ 震荡 (Gap 1.4 < 10),125.208,125.225,1.4,0
1766298300.626179,2025-12-21 06:25:00,2025-12-21 14:25:00,BarData,125.266,0,0.0,0.0,192.057656,0.0,❌ 震荡 (Gap 3.2 < 10),125.266,125.226,3.2,0
1766298361.2891383,2025-12-21 06:26:01,2025-12-21 14:26:01,BarData,125.245,0,0.0,0.0,192.057656,0.0,❌ 震荡 (Gap 1.4 < 10),125.245,125.227,1.4,0
1766298422.1419296,2025-12-21 06:27:02,2025-12-21 14:27:02,BarData,125.173,0,0.0,0.0,192.057656,0.0,❌ 震荡 (Gap 4.2 < 10),125.173,125.225,4.2,0
1766298482.0781279,2025-12-21 06:28:02,2025-12-21 14:28:02,BarData,125.173,0,0.0,0.0,192.057656,0.0,❌ 震荡 (Gap 4.0 < 10),125.173,125.224,4.0,0
1766298542.083159,2025-12-21 06:29:02,2025-12-21 14:29:02,BarData,125.155,0,0.0,0.0,192.057656,0.0,❌ 震荡 (Gap 5.3 < 10),125.155,125.221,5.3,0
1766298600.8390546,2025-12-21 06:30:00,2025-12-21 14:30:00,BarData,125.153,0,0.0,0.0,192.057656,0.0,❌ 震荡 (Gap 5.3 < 10),125.153,125.219,5.3,0
1766298660.192204,2025-12-21 06:31:00,2025-12-21 14:31:00,BarData,125.207,0,0.0,0.0,192.057656,0.0,❌ 震荡 (Gap 0.9 < 10),125.207,125.219,0.9,0
1766298720.4710417,2025-12-21 06:32:00,2025-12-21 14:32:00,BarData,125.162,0,0.0,0.0,192.057656,0.0,❌ 震荡 (Gap 4.4 < 10),125.162,125.217,4.4,0
1766298782.1590464,2025-12-21 06:33:02,2025-12-21 14:33:02,BarData,125.201,0,0.0,0.0,192.057656,0.0,❌ 震荡 (Gap 1.2 < 10),125.201,125.216,1.2,0
1766298840.0915682,2025-12-21 06:34:00,2025-12-21 14:34:00,BarData,125.197,0,0.0,0.0,192.057656,0.0,❌ 震荡 (Gap 1.5 < 10),125.197,125.216,1.5,0
1766298900.1861017,2025-12-21 06:35:00,2025-12-21 14:35:00,BarData,125.221,0,0.0,0.0,192.057656,0.0,❌ 震荡 (Gap 0.4 < 10),125.221,125.216,0.4,0
1766298960.5790296,2025-12-21 06:36:00,2025-12-21 14:36:00,BarData,125.192,0,0.0,0.0,192.057656,0.0,❌ 震荡 (Gap 1.8 < 10),125.192,125.215,1.8,0
1766299020.0790536,2025-12-21 06:37:00,2025-12-21 14:37:00,BarData,125.214,0,0.0,0.0,192.057656,0.0,❌ 震荡 (Gap 0.1 < 10),125.214,125.215,0.1,0
1766299080.4719818,2025-12-21 06:38:00,2025-12-21 14:38:00,BarData,125.221,0,0.0,0.0,192.057656,0.0,❌ 震荡 (Gap 0.5 < 10),125.221,125.215,0.5,0
1766299140.5451047,2025-12-21 06:39:00,2025-12-21 14:39:00,BarData,125.259,0,0.0,0.0,192.057656,0.0,❌ 震荡 (Gap 3.4 < 10),125.259,125.217,3.4,0
1766299200.611079,2025-12-21 06:40:00,2025-12-21 14:40:00,BarData,125.225,0,0.0,0.0,192.057656,0.0,❌ 震荡 (Gap 0.6 < 10),125.225,125.217,0.6,0
1766299260.3785026,2025-12-21 06:41:00,2025-12-21 14:41:00,BarData,125.236,0,0.0,0.0,192.057656,0.0,❌ 震荡 (Gap 1.5 < 10),125.236,125.218,1.5,0
1766299320.8094783,2025-12-21 06:42:00,2025-12-21 14:42:00,BarData,125.223,0,0.0,0.0,192.057656,0.0,❌ 震荡 (Gap 0.4 < 10),125.223,125.218,0.4,0
1766299380.3657222,2025-12-21 06:43:00,2025-12-21 14:43:00,BarData,125.198,0,0.0,0.0,192.057656,0.0,❌ 震荡 (Gap 1.5 < 10),125.198,125.217,1.5,0
1766299440.5768008,2025-12-21 06:44:00,2025-12-21 14:44:00,BarData,125.18,0,0.0,0.0,192.057656,0.0,❌ 震荡 (Gap 2.9 < 10),125.180,125.216,2.9,0
1766299500.290163,2025-12-21 06:45:00,2025-12-21 14:45:00,BarData,125.186,0,0.0,0.0,192.057656,0.0,❌ 震荡 (Gap 2.3 < 10),125.186,125.215,2.3,0
1766299560.62339,2025-12-21 06:46:00,2025-12-21 14:46:00,BarData,125.265,0,0.0,0.0,192.057656,0.0,❌ 震荡 (Gap 3.9 < 10),125.265,125.217,3.9,0
1766299620.7861032,2025-12-21 06:47:00,2025-12-21 14:47:00,BarData,125.287,0,0.0,0.0,192.057656,0.0,❌ 震荡 (Gap 5.4 < 10),125.287,125.219,5.4,0
1766299680.201562,2025-12-21 06:48:00,2025-12-21 14:48:00,BarData,125.271,0,0.0,0.0,192.057656,0.0,❌ 震荡 (Gap 4.0 < 10),125.271,125.221,4.0,0
1766299740.7726169,2025-12-21 06:49:00,2025-12-21 14:49:00,BarData,125.271,0,0.0,0.0,192.057656,0.0,❌ 震荡 (Gap 3.9 < 10),125.271,125.222,3.9,0
1766299800.2449527,2025-12-21 06:50:00,2025-12-21 14:50:00,BarData,125.21,0,0.0,0.0,192.057656,0.0,❌ 震荡 (Gap 0.9 < 10),125.210,125.222,0.9,0
1766299860.3922138,2025-12-21 06:51:00,2025-12-21 14:51:00,BarData,125.204,0,0.0,0.0,192.057656,0.0,❌ 震荡 (Gap 1.4 < 10),125.204,125.221,1.4,0
1766299921.3294222,2025-12-21 06:52:01,2025-12-21 14:52:01,BarData,125.255,0,0.0,0.0,192.057656,0.0,❌ 震荡 (Gap 2.6 < 10),125.255,125.222,2.6,0
1766299980.1859186,2025-12-21 06:53:00,2025-12-21 14:53:00,BarData,125.369,0,0.0,0.0,192.057656,0.0,✅ 触发交易,125.369,125.227,11.3,1
1766299984.0648937,2025-12-21 06:53:04,2025-12-21 14:53:04,Strategy_Open,125.369,1.0,0,1.0,192.05465600000002,0.0,Strategy_Signal,125.369,125.227,11.3,1
1766300040.7553365,2025-12-21 06:54:00,2025-12-21 14:54:00,BarData,125.355,0,1.0,1.0,192.046656,0.0,❌ 震荡 (Gap 9.9 < 10),125.355,125.231,9.9,0
1766300041.465073,2025-12-21 06:54:01,2025-12-21 14:54:01,PnlRecord,125.355,0,0,0,192.046656,-0.11167034912933654,多,125.355,125.231,9.9,0
1766300041.7989278,2025-12-21 06:54:01,2025-12-21 14:54:01,CloseSignal,125.355,1.0,1.0,0,192.046656,0.0,Strategy_TrendEnd,125.355,125.231,9.9,0
1766300100.3924403,2025-12-21 06:55:00,2025-12-21 14:55:00,BarData,125.358,0,0.0,0.0,192.044656,0.0,❌ 震荡 (Gap 9.8 < 10),125.358,125.235,9.8,0
1766300160.0847342,2025-12-21 06:56:00,2025-12-21 14:56:00,BarData,125.351,0,0.0,0.0,192.044656,0.0,❌ 震荡 (Gap 8.9 < 10),125.351,125.239,8.9,0
1766300220.189193,2025-12-21 06:57:00,2025-12-21 14:57:00,BarData,125.343,0,0.0,0.0,192.044656,0.0,❌ 震荡 (Gap 8.0 < 10),125.343,125.243,8.0,0
1766300280.0834336,2025-12-21 06:58:00,2025-12-21 14:58:00,BarData,125.351,0,0.0,0.0,192.044656,0.0,❌ 震荡 (Gap 8.4 < 10),125.351,125.246,8.4,0
1766300340.2038908,2025-12-21 06:59:00,2025-12-21 14:59:00,BarData,125.355,0,0.0,0.0,192.044656,0.0,❌ 震荡 (Gap 8.4 < 10),125.355,125.250,8.4,0
1766300400.5036557,2025-12-21 07:00:00,2025-12-21 15:00:00,BarData,125.326,0,0.0,0.0,192.044656,0.0,❌ 震荡 (Gap 5.9 < 10),125.326,125.252,5.9,0
1766300460.5968592,2025-12-21 07:01:00,2025-12-21 15:01:00,BarData,125.272,0,0.0,0.0,192.044656,0.0,❌ 震荡 (Gap 1.5 < 10),125.272,125.253,1.5,0
1766300520.8269825,2025-12-21 07:02:00,2025-12-21 15:02:00,BarData,125.287,0,0.0,0.0,192.044656,0.0,❌ 震荡 (Gap 2.6 < 10),125.287,125.254,2.6,0
1766300580.2781806,2025-12-21 07:03:00,2025-12-21 15:03:00,BarData,125.367,0,0.0,0.0,192.044656,0.0,❌ 震荡 (Gap 8.7 < 10),125.367,125.258,8.7,0
1766300640.7828574,2025-12-21 07:04:00,2025-12-21 15:04:00,BarData,125.329,0,0.0,0.0,192.044656,0.0,❌ 震荡 (Gap 5.5 < 10),125.329,125.260,5.5,0
1766300700.4688392,2025-12-21 07:05:00,2025-12-21 15:05:00,BarData,125.281,0,0.0,0.0,192.044656,0.0,❌ 震荡 (Gap 1.6 < 10),125.281,125.261,1.6,0
1766300760.4879005,2025-12-21 07:06:00,2025-12-21 15:06:00,BarData,125.229,0,0.0,0.0,192.044656,0.0,❌ 震荡 (Gap 2.5 < 10),125.229,125.260,2.5,0
1766300820.439766,2025-12-21 07:07:00,2025-12-21 15:07:00,BarData,125.257,0,0.0,0.0,192.044656,0.0,❌ 震荡 (Gap 0.2 < 10),125.257,125.260,0.2,0
1766300880.9827728,2025-12-21 07:08:00,2025-12-21 15:08:00,BarData,125.275,0,0.0,0.0,192.044656,0.0,❌ 震荡 (Gap 1.2 < 10),125.275,125.260,1.2,0
1766300940.3302686,2025-12-21 07:09:00,2025-12-21 15:09:00,BarData,125.281,0,0.0,0.0,192.044656,0.0,❌ 震荡 (Gap 1.6 < 10),125.281,125.261,1.6,0
1766301002.0717685,2025-12-21 07:10:02,2025-12-21 15:10:02,BarData,125.289,0,0.0,0.0,192.044656,0.0,❌ 震荡 (Gap 2.2 < 10),125.289,125.262,2.2,0
1766301060.3622456,2025-12-21 07:11:00,2025-12-21 15:11:00,BarData,125.274,0,0.0,0.0,192.044656,0.0,❌ 震荡 (Gap 0.9 < 10),125.274,125.262,0.9,0
1766301120.6437218,2025-12-21 07:12:00,2025-12-21 15:12:00,BarData,125.312,0,0.0,0.0,192.044656,0.0,❌ 震荡 (Gap 3.8 < 10),125.312,125.264,3.8,0
1766301180.6065469,2025-12-21 07:13:00,2025-12-21 15:13:00,BarData,125.302,0,0.0,0.0,192.044656,0.0,❌ 震荡 (Gap 2.9 < 10),125.302,125.265,2.9,0
1766301241.3218496,2025-12-21 07:14:01,2025-12-21 15:14:01,BarData,125.31,0,0.0,0.0,192.044656,0.0,❌ 震荡 (Gap 3.5 < 10),125.310,125.267,3.5,0
1766301300.1016984,2025-12-21 07:15:00,2025-12-21 15:15:00,BarData,125.302,0,0.0,0.0,192.044656,0.0,❌ 震荡 (Gap 2.7 < 10),125.302,125.268,2.7,0
1766301360.3911233,2025-12-21 07:16:00,2025-12-21 15:16:00,BarData,125.289,0,0.0,0.0,192.044656,0.0,❌ 震荡 (Gap 1.6 < 10),125.289,125.268,1.6,0
1766301420.2017636,2025-12-21 07:17:00,2025-12-21 15:17:00,BarData,125.366,0,0.0,0.0,192.044656,0.0,❌ 震荡 (Gap 7.5 < 10),125.366,125.272,7.5,0
1766301480.4065127,2025-12-21 07:18:00,2025-12-21 15:18:00,BarData,125.405,0,0.0,0.0,192.044656,0.0,✅ 触发交易,125.405,125.276,10.3,1
1766301484.284008,2025-12-21 07:18:04,2025-12-21 15:18:04,Strategy_Open,125.405,1.0,0,1.0,192.045656,0.0,Strategy_Signal,125.405,125.276,10.3,1
1766301540.7341378,2025-12-21 07:19:00,2025-12-21 15:19:00,BarData,125.4,0,1.0,1.0,192.04165600000002,0.0,❌ 震荡 (Gap 9.6 < 10),125.400,125.280,9.6,0
1766301541.4225562,2025-12-21 07:19:01,2025-12-21 15:19:01,PnlRecord,125.4,0,0,0,192.04165600000002,-0.047844600736808664,多,125.400,125.280,9.6,0
1766301541.7436833,2025-12-21 07:19:01,2025-12-21 15:19:01,CloseSignal,125.4,1.0,1.0,0,192.04165600000002,0.0,Strategy_TrendEnd,125.400,125.280,9.6,0
1766301600.31218,2025-12-21 07:20:00,2025-12-21 15:20:00,BarData,125.374,0,0.0,0.0,192.038656,0.0,❌ 震荡 (Gap 7.3 < 10),125.374,125.283,7.3,0
1766301660.1474233,2025-12-21 07:21:00,2025-12-21 15:21:00,BarData,125.372,0,0.0,0.0,192.038656,0.0,❌ 震荡 (Gap 6.9 < 10),125.372,125.286,6.9,0
1766301721.3327951,2025-12-21 07:22:01,2025-12-21 15:22:01,BarData,125.374,0,0.0,0.0,192.038656,0.0,❌ 震荡 (Gap 6.8 < 10),125.374,125.289,6.8,0
1766301780.230833,2025-12-21 07:23:00,2025-12-21 15:23:00,BarData,125.378,0,0.0,0.0,192.038656,0.0,❌ 震荡 (Gap 6.9 < 10),125.378,125.292,6.9,0
1766301840.2164123,2025-12-21 07:24:00,2025-12-21 15:24:00,BarData,125.318,0,0.0,0.0,192.038656,0.0,❌ 震荡 (Gap 2.0 < 10),125.318,125.293,2.0,0
1766301900.5079763,2025-12-21 07:25:00,2025-12-21 15:25:00,BarData,125.324,0,0.0,0.0,192.038656,0.0,❌ 震荡 (Gap 2.4 < 10),125.324,125.294,2.4,0
1766301960.316938,2025-12-21 07:26:00,2025-12-21 15:26:00,BarData,125.336,0,0.0,0.0,192.038656,0.0,❌ 震荡 (Gap 3.3 < 10),125.336,125.295,3.3,0
1766302021.373472,2025-12-21 07:27:01,2025-12-21 15:27:01,BarData,125.362,0,0.0,0.0,192.038656,0.0,❌ 震荡 (Gap 5.2 < 10),125.362,125.297,5.2,0
1766302080.3864908,2025-12-21 07:28:00,2025-12-21 15:28:00,BarData,125.392,0,0.0,0.0,192.038656,0.0,❌ 震荡 (Gap 7.3 < 10),125.392,125.300,7.3,0
1766302140.130268,2025-12-21 07:29:00,2025-12-21 15:29:00,BarData,125.363,0,0.0,0.0,192.038656,0.0,❌ 震荡 (Gap 4.8 < 10),125.363,125.302,4.8,0
1766302200.3602836,2025-12-21 07:30:00,2025-12-21 15:30:00,BarData,125.351,0,0.0,0.0,192.038656,0.0,❌ 震荡 (Gap 3.7 < 10),125.351,125.304,3.7,0
1766302260.2169085,2025-12-21 07:31:00,2025-12-21 15:31:00,BarData,125.333,0,0.0,0.0,192.038656,0.0,❌ 震荡 (Gap 2.2 < 10),125.333,125.305,2.2,0
1766302320.4460979,2025-12-21 07:32:00,2025-12-21 15:32:00,BarData,125.265,0,0.0,0.0,192.038656,0.0,❌ 震荡 (Gap 3.1 < 10),125.265,125.304,3.1,0
1766302380.610566,2025-12-21 07:33:00,2025-12-21 15:33:00,BarData,125.29,0,0.0,0.0,192.038656,0.0,❌ 震荡 (Gap 1.1 < 10),125.290,125.303,1.1,0
1766302440.533897,2025-12-21 07:34:00,2025-12-21 15:34:00,BarData,125.289,0,0.0,0.0,192.038656,0.0,❌ 震荡 (Gap 1.1 < 10),125.289,125.303,1.1,0
1766302500.4062698,2025-12-21 07:35:00,2025-12-21 15:35:00,BarData,125.307,0,0.0,0.0,192.038656,0.0,❌ 震荡 (Gap 0.3 < 10),125.307,125.303,0.3,0
1766302560.2506378,2025-12-21 07:36:00,2025-12-21 15:36:00,BarData,125.312,0,0.0,0.0,192.038656,0.0,❌ 震荡 (Gap 0.7 < 10),125.312,125.303,0.7,0
1766302620.2750275,2025-12-21 07:37:00,2025-12-21 15:37:00,BarData,125.25,0,0.0,0.0,192.038656,0.0,❌ 震荡 (Gap 4.1 < 10),125.250,125.301,4.1,0
1766302680.23735,2025-12-21 07:38:00,2025-12-21 15:38:00,BarData,125.238,0,0.0,0.0,192.038656,0.0,❌ 震荡 (Gap 4.9 < 10),125.238,125.299,4.9,0
1766302740.6084554,2025-12-21 07:39:00,2025-12-21 15:39:00,BarData,125.238,0,0.0,0.0,192.038656,0.0,❌ 震荡 (Gap 4.7 < 10),125.238,125.297,4.7,0
1766302800.6487677,2025-12-21 07:40:00,2025-12-21 15:40:00,BarData,125.206,0,0.0,0.0,192.038656,0.0,❌ 震荡 (Gap 7.1 < 10),125.206,125.294,7.1,0
1766302860.370069,2025-12-21 07:41:00,2025-12-21 15:41:00,BarData,125.273,0,0.0,0.0,192.038656,0.0,❌ 震荡 (Gap 1.6 < 10),125.273,125.294,1.6,0
1766302922.158712,2025-12-21 07:42:02,2025-12-21 15:42:02,BarData,125.265,0,0.0,0.0,192.038656,0.0,❌ 震荡 (Gap 2.2 < 10),125.265,125.293,2.2,0
1766302980.4744906,2025-12-21 07:43:00,2025-12-21 15:43:00,BarData,125.264,0,0.0,0.0,192.038656,0.0,❌ 震荡 (Gap 2.2 < 10),125.264,125.292,2.2,0
1766303040.181651,2025-12-21 07:44:00,2025-12-21 15:44:00,BarData,125.172,0,0.0,0.0,192.038656,0.0,❌ 震荡 (Gap 9.3 < 10),125.172,125.288,9.3,0
1766303102.1698806,2025-12-21 07:45:02,2025-12-21 15:45:02,BarData,125.145,0,0.0,0.0,192.038656,0.0,✅ 触发交易,125.145,125.283,11.0,-1
1766303106.018233,2025-12-21 07:45:06,2025-12-21 15:45:06,Strategy_Open,125.145,1.0,0,-1.0,192.036656,0.0,Strategy_Signal,125.145,125.283,11.0,-1
1766303160.2981052,2025-12-21 07:46:00,2025-12-21 15:46:00,BarData,125.145,0,-1.0,-1.0,192.038656,0.0,✅ 触发交易,125.145,125.279,10.7,-1
1766303220.2517576,2025-12-21 07:47:00,2025-12-21 15:47:00,BarData,125.134,0,-1.0,-1.0,192.038656,0.0,✅ 触发交易,125.134,125.274,11.2,-1
1766303280.5874145,2025-12-21 07:48:00,2025-12-21 15:48:00,BarData,125.149,0,-1.0,-1.0,192.031656,0.0,❌ 震荡 (Gap 9.7 < 10),125.149,125.270,9.7,0
1766303281.273953,2025-12-21 07:48:01,2025-12-21 15:48:01,PnlRecord,125.149,0,0,0,192.031656,-0.03196292300934827,空,125.149,125.270,9.7,0
1766303281.5986662,2025-12-21 07:48:01,2025-12-21 15:48:01,CloseSignal,125.149,1.0,-1.0,0,192.031656,0.0,Strategy_TrendEnd,125.149,125.270,9.7,0
1766303340.811208,2025-12-21 07:49:00,2025-12-21 15:49:00,BarData,125.172,0,0.0,0.0,192.030656,0.0,❌ 震荡 (Gap 7.6 < 10),125.172,125.267,7.6,0
1766303400.290772,2025-12-21 07:50:00,2025-12-21 15:50:00,BarData,125.251,0,0.0,0.0,192.030656,0.0,❌ 震荡 (Gap 1.2 < 10),125.251,125.266,1.2,0
1766303460.6647434,2025-12-21 07:51:00,2025-12-21 15:51:00,BarData,125.303,0,0.0,0.0,192.030656,0.0,❌ 震荡 (Gap 2.8 < 10),125.303,125.267,2.8,0
1766303520.2510145,2025-12-21 07:52:00,2025-12-21 15:52:00,BarData,125.253,0,0.0,0.0,192.030656,0.0,❌ 震荡 (Gap 1.1 < 10),125.253,125.267,1.1,0
1766303580.155513,2025-12-21 07:53:00,2025-12-21 15:53:00,BarData,125.238,0,0.0,0.0,192.030656,0.0,❌ 震荡 (Gap 2.2 < 10),125.238,125.266,2.2,0
1766303640.6414487,2025-12-21 07:54:00,2025-12-21 15:54:00,BarData,125.191,0,0.0,0.0,192.030656,0.0,❌ 震荡 (Gap 5.8 < 10),125.191,125.263,5.8,0
1766303700.6787937,2025-12-21 07:55:00,2025-12-21 15:55:00,BarData,125.201,0,0.0,0.0,192.030656,0.0,❌ 震荡 (Gap 4.8 < 10),125.201,125.261,4.8,0
1766303760.5687907,2025-12-21 07:56:00,2025-12-21 15:56:00,BarData,125.166,0,0.0,0.0,192.030656,0.0,❌ 震荡 (Gap 7.4 < 10),125.166,125.258,7.4,0
1766303820.2920215,2025-12-21 07:57:00,2025-12-21 15:57:00,BarData,125.213,0,0.0,0.0,192.030656,0.0,❌ 震荡 (Gap 3.5 < 10),125.213,125.257,3.5,0
1766303880.3681738,2025-12-21 07:58:00,2025-12-21 15:58:00,BarData,125.233,0,0.0,0.0,192.030656,0.0,❌ 震荡 (Gap 1.8 < 10),125.233,125.256,1.8,0
1766303940.5351174,2025-12-21 07:59:00,2025-12-21 15:59:00,BarData,125.198,0,0.0,0.0,192.030656,0.0,❌ 震荡 (Gap 4.5 < 10),125.198,125.254,4.5,0
1766304000.161084,2025-12-21 08:00:00,2025-12-21 16:00:00,BarData,125.225,0,0.0,0.0,192.030656,0.0,❌ 震荡 (Gap 2.2 < 10),125.225,125.253,2.2,0
1766304060.3693624,2025-12-21 08:01:00,2025-12-21 16:01:00,BarData,125.177,0,0.0,0.0,192.030656,0.0,❌ 震荡 (Gap 5.9 < 10),125.177,125.251,5.9,0
1766304120.190656,2025-12-21 08:02:00,2025-12-21 16:02:00,BarData,125.14,0,0.0,0.0,192.030656,0.0,❌ 震荡 (Gap 8.6 < 10),125.140,125.247,8.6,0
1766304180.6014006,2025-12-21 08:03:00,2025-12-21 16:03:00,BarData,125.161,0,0.0,0.0,192.030656,0.0,❌ 震荡 (Gap 6.6 < 10),125.161,125.244,6.6,0
1766304240.8655367,2025-12-21 08:04:00,2025-12-21 16:04:00,BarData,125.13,0,0.0,0.0,192.030656,0.0,❌ 震荡 (Gap 8.8 < 10),125.130,125.240,8.8,0
1766304300.765413,2025-12-21 08:05:00,2025-12-21 16:05:00,BarData,125.018,0,0.0,0.0,192.030656,0.0,✅ 触发交易,125.018,125.233,17.2,-1
1766304304.6532598,2025-12-21 08:05:04,2025-12-21 16:05:04,Strategy_Open,125.018,1.0,0,-1.0,192.029656,0.0,Strategy_Signal,125.018,125.233,17.2,-1
1766304360.4568167,2025-12-21 08:06:00,2025-12-21 16:06:00,BarData,125.032,0,-1.0,-1.0,192.013656,0.0,✅ 触发交易,125.032,125.227,15.6,-1
1766304420.4352095,2025-12-21 08:07:00,2025-12-21 16:07:00,BarData,125.004,0,-1.0,-1.0,192.017656,0.0,✅ 触发交易,125.004,125.219,17.2,-1
1766304480.777269,2025-12-21 08:08:00,2025-12-21 16:08:00,BarData,124.911,0,-1.0,-1.0,192.140656,0.0,✅ 触发交易,124.911,125.209,23.9,-1
1766304540.318047,2025-12-21 08:09:00,2025-12-21 16:09:00,BarData,124.814,0,-1.0,-1.0,192.233656,0.0,✅ 触发交易,124.814,125.196,30.6,-1
1766304600.1090202,2025-12-21 08:10:00,2025-12-21 16:10:00,BarData,124.85,0,-1.0,-1.0,192.196656,0.0,✅ 触发交易,124.850,125.185,26.8,-1
1766304660.4787781,2025-12-21 08:11:00,2025-12-21 16:11:00,BarData,124.873,0,-1.0,-1.0,192.179656,0.0,✅ 触发交易,124.873,125.175,24.2,-1
1766304722.160147,2025-12-21 08:12:02,2025-12-21 16:12:02,BarData,124.853,0,-1.0,-1.0,192.178656,0.0,✅ 触发交易,124.853,125.164,24.9,-1
1766304780.483877,2025-12-21 08:13:00,2025-12-21 16:13:00,BarData,124.886,0,-1.0,-1.0,192.174656,0.0,✅ 触发交易,124.886,125.155,21.5,-1
1766304840.5541282,2025-12-21 08:14:00,2025-12-21 16:14:00,BarData,124.923,0,-1.0,-1.0,192.174656,0.0,✅ 触发交易,124.923,125.147,18.0,-1
1766304900.112546,2025-12-21 08:15:00,2025-12-21 16:15:00,BarData,124.927,0,-1.0,-1.0,192.090656,0.0,✅ 触发交易,124.927,125.140,17.1,-1
1766304960.2013814,2025-12-21 08:16:00,2025-12-21 16:16:00,BarData,124.863,0,-1.0,-1.0,192.154656,0.0,✅ 触发交易,124.863,125.131,21.5,-1
1766305020.4311159,2025-12-21 08:17:00,2025-12-21 16:17:00,BarData,124.988,0,-1.0,-1.0,192.05165599999998,0.0,✅ 触发交易,124.988,125.126,11.1,-1
1766305081.321822,2025-12-21 08:18:01,2025-12-21 16:18:01,BarData,125.011,0,-1.0,-1.0,192.019656,0.0,❌ 震荡 (Gap 8.9 < 10),125.011,125.123,8.9,0
1766305082.009993,2025-12-21 08:18:02,2025-12-21 16:18:02,PnlRecord,125.011,0,0,0,192.019656,0.0479934728876891,空,125.011,125.123,8.9,0
1766305082.372743,2025-12-21 08:18:02,2025-12-21 16:18:02,CloseSignal,125.011,1.0,-1.0,0,192.019656,0.0,Strategy_TrendEnd,125.011,125.123,8.9,0
1766305141.572355,2025-12-21 08:19:01,2025-12-21 16:19:01,BarData,124.986,0,0.0,0.0,192.035656,0.0,✅ 触发交易,124.986,125.118,10.6,-1
1766305145.4391286,2025-12-21 08:19:05,2025-12-21 16:19:05,Strategy_Open,124.986,1.0,0,-1.0,192.023656,0.0,Strategy_Signal,124.986,125.118,10.6,-1
1766305200.5836995,2025-12-21 08:20:00,2025-12-21 16:20:00,BarData,124.998,0,-1.0,-1.0,192.013656,0.0,❌ 震荡 (Gap 9.3 < 10),124.998,125.114,9.3,0
1766305201.2613454,2025-12-21 08:20:01,2025-12-21 16:20:01,PnlRecord,124.998,0,0,0,192.013656,-0.09601075320436253,空,124.998,125.114,9.3,0
1766305201.6011107,2025-12-21 08:20:01,2025-12-21 16:20:01,CloseSignal,124.998,1.0,-1.0,0,192.013656,0.0,Strategy_TrendEnd,124.998,125.114,9.3,0
1766305260.252981,2025-12-21 08:21:00,2025-12-21 16:21:00,BarData,124.929,0,0.0,0.0,192.035656,0.0,✅ 触发交易,124.929,125.108,14.3,-1
1766305264.1380963,2025-12-21 08:21:04,2025-12-21 16:21:04,Strategy_Open,124.929,1.0,0,-1.0,192.02165599999998,0.0,Strategy_Signal,124.929,125.108,14.3,-1
1766305320.475031,2025-12-21 08:22:00,2025-12-21 16:22:00,BarData,124.938,0,-1.0,-1.0,192.00965599999998,0.0,✅ 触发交易,124.938,125.103,13.2,-1
1766305380.086744,2025-12-21 08:23:00,2025-12-21 16:23:00,BarData,124.947,0,-1.0,-1.0,192.007656,0.0,✅ 触发交易,124.947,125.097,12.0,-1
1766305440.545427,2025-12-21 08:24:00,2025-12-21 16:24:00,BarData,124.942,0,-1.0,-1.0,192.00465599999998,0.0,✅ 触发交易,124.942,125.092,12.0,-1
1766305490.3201356,2025-12-21 08:24:50,2025-12-21 16:24:50,SL,125.094,1.0,-1.0,0.0,191.855112,0.0,🛡️ 止损 (-1.44%),124.942,125.092,12.0,-1
1766305490.320439,2025-12-21 08:24:50,2025-12-21 16:24:50,PnlRecord,125.094,0,0,0,191.969656,-1.4409914020845749,空,124.942,125.092,12.0,-1
1766305500.6700628,2025-12-21 08:25:00,2025-12-21 16:25:00,BarData,125.1,0,0.0,0.0,191.855112,0.0,❌ 震荡 (Gap 0.6 < 10),125.100,125.093,0.6,0
1766305560.5803022,2025-12-21 08:26:00,2025-12-21 16:26:00,BarData,125.142,0,0.0,0.0,191.855112,0.0,❌ 震荡 (Gap 3.8 < 10),125.142,125.094,3.8,0
1766305620.2187681,2025-12-21 08:27:00,2025-12-21 16:27:00,BarData,125.189,0,0.0,0.0,191.855112,0.0,❌ 震荡 (Gap 7.3 < 10),125.189,125.097,7.3,0
1766305680.6369617,2025-12-21 08:28:00,2025-12-21 16:28:00,BarData,125.149,0,0.0,0.0,191.855112,0.0,❌ 震荡 (Gap 4.0 < 10),125.149,125.099,4.0,0
1766305740.3242428,2025-12-21 08:29:00,2025-12-21 16:29:00,BarData,125.161,0,0.0,0.0,191.855112,0.0,❌ 震荡 (Gap 4.8 < 10),125.161,125.101,4.8,0
1766305800.090976,2025-12-21 08:30:00,2025-12-21 16:30:00,BarData,125.224,0,0.0,0.0,191.855112,0.0,❌ 震荡 (Gap 9.5 < 10),125.224,125.105,9.5,0
1766305860.0889752,2025-12-21 08:31:00,2025-12-21 16:31:00,BarData,125.207,0,0.0,0.0,191.855112,0.0,❌ 震荡 (Gap 7.9 < 10),125.207,125.108,7.9,0
1766305920.4830642,2025-12-21 08:32:00,2025-12-21 16:32:00,BarData,125.232,0,0.0,0.0,191.855112,0.0,❌ 震荡 (Gap 9.5 < 10),125.232,125.112,9.5,0
1766305980.2620077,2025-12-21 08:33:00,2025-12-21 16:33:00,BarData,125.614,0,0.0,0.0,191.855112,0.0,✅ 触发交易,125.614,125.129,38.6,1
1766305984.1382194,2025-12-21 08:33:04,2025-12-21 16:33:04,Strategy_Open,125.614,1.0,0,1.0,191.85911199999998,0.0,Strategy_Signal,125.614,125.129,38.6,1
1766306040.7297583,2025-12-21 08:34:00,2025-12-21 16:34:00,BarData,125.553,0,1.0,1.0,191.81811199999999,0.0,✅ 触发交易,125.553,125.143,32.7,1
1766306072.2661932,2025-12-21 08:34:32,2025-12-21 16:34:32,SL,125.459,1.0,1.0,0.0,191.707568,0.0,🛡️ 止损 (-1.04%),125.553,125.143,32.7,1
1766306072.2665133,2025-12-21 08:34:32,2025-12-21 16:34:32,PnlRecord,125.459,0,0,0,191.78211199999998,-1.0351225027669257,多,125.553,125.143,32.7,1
1766306100.4146764,2025-12-21 08:35:00,2025-12-21 16:35:00,BarData,125.444,0,0.0,0.0,191.707568,0.0,✅ 触发交易,125.444,125.153,23.2,1
1766306104.2918236,2025-12-21 08:35:04,2025-12-21 16:35:04,Strategy_Open,125.444,1.0,0,1.0,191.68656800000002,0.0,Strategy_Signal,125.444,125.153,23.2,1
1766306160.4512115,2025-12-21 08:36:00,2025-12-21 16:36:00,BarData,125.427,0,1.0,1.0,191.659568,0.0,✅ 触发交易,125.427,125.162,21.2,1
1766306203.2525048,2025-12-21 08:36:43,2025-12-21 16:36:43,SL,125.337,1.0,1.0,0.0,191.589568,0.0,🛡️ 止损 (-1.08%),125.427,125.162,21.2,1
1766306203.2529254,2025-12-21 08:36:43,2025-12-21 16:36:43,PnlRecord,125.337,0,0,0,191.647568,-1.0759372609027584,多,125.427,125.162,21.2,1
1766306220.4043396,2025-12-21 08:37:00,2025-12-21 16:37:00,BarData,125.321,0,0.0,0.0,191.589568,0.0,✅ 触发交易,125.321,125.167,12.3,1
1766306224.268303,2025-12-21 08:37:04,2025-12-21 16:37:04,Strategy_Open,125.321,1.0,0,1.0,191.60856800000002,0.0,Strategy_Signal,125.321,125.167,12.3,1
1766306280.3458748,2025-12-21 08:38:00,2025-12-21 16:38:00,BarData,125.364,0,1.0,1.0,191.648568,0.0,✅ 触发交易,125.364,125.173,15.2,1
1766306340.2226293,2025-12-21 08:39:00,2025-12-21 16:39:00,BarData,125.325,0,1.0,1.0,191.59556800000001,0.0,✅ 触发交易,125.325,125.178,11.7,1
1766306400.1891828,2025-12-21 08:40:00,2025-12-21 16:40:00,BarData,125.387,0,1.0,1.0,191.64356800000002,0.0,✅ 触发交易,125.387,125.185,16.1,1
1766306460.4405415,2025-12-21 08:41:00,2025-12-21 16:41:00,BarData,125.336,0,1.0,1.0,191.61456800000002,0.0,✅ 触发交易,125.336,125.190,11.6,1
1766306520.1261868,2025-12-21 08:42:00,2025-12-21 16:42:00,BarData,125.543,0,1.0,1.0,191.61956800000002,0.0,✅ 触发交易,125.543,125.202,27.2,1
1766306580.4262335,2025-12-21 08:43:00,2025-12-21 16:43:00,BarData,125.606,0,1.0,1.0,191.79256800000002,0.0,✅ 触发交易,125.606,125.215,31.1,1
1766306640.478526,2025-12-21 08:44:00,2025-12-21 16:44:00,BarData,125.726,0,1.0,1.0,191.898568,0.0,✅ 触发交易,125.726,125.232,39.3,1
1766306700.4027705,2025-12-21 08:45:00,2025-12-21 16:45:00,BarData,125.66,0,1.0,1.0,192.016568,0.0,✅ 触发交易,125.660,125.246,33.0,1
1766306760.5117862,2025-12-21 08:46:00,2025-12-21 16:46:00,BarData,125.631,0,1.0,1.0,191.91356800000003,0.0,✅ 触发交易,125.631,125.258,29.7,1
1766306820.3135345,2025-12-21 08:47:00,2025-12-21 16:47:00,BarData,125.493,0,1.0,1.0,191.796568,0.0,✅ 触发交易,125.493,125.266,18.1,1
1766306880.1525793,2025-12-21 08:48:00,2025-12-21 16:48:00,BarData,125.589,0,1.0,1.0,191.897568,0.0,✅ 触发交易,125.589,125.277,24.9,1
1766306941.460034,2025-12-21 08:49:01,2025-12-21 16:49:01,BarData,125.449,0,1.0,1.0,191.777568,0.0,✅ 触发交易,125.449,125.282,13.3,1
1766307000.152348,2025-12-21 08:50:00,2025-12-21 16:50:00,BarData,125.527,0,1.0,1.0,191.79456800000003,0.0,✅ 触发交易,125.527,125.290,18.9,1
1766307061.4648874,2025-12-21 08:51:01,2025-12-21 16:51:01,BarData,125.524,0,1.0,1.0,191.801568,0.0,✅ 触发交易,125.524,125.298,18.0,1
1766307120.6961327,2025-12-21 08:52:00,2025-12-21 16:52:00,BarData,125.444,0,1.0,1.0,191.73956800000002,0.0,✅ 触发交易,125.444,125.303,11.3,1
1766307180.6002574,2025-12-21 08:53:00,2025-12-21 16:53:00,BarData,125.493,0,1.0,1.0,191.772568,0.0,✅ 触发交易,125.493,125.309,14.7,1
1766307242.53047,2025-12-21 08:54:02,2025-12-21 16:54:02,BarData,125.434,0,1.0,1.0,191.747568,0.0,❌ 震荡 (Gap 9.6 < 10),125.434,125.313,9.6,0
1766307243.2986207,2025-12-21 08:54:03,2025-12-21 16:54:03,PnlRecord,125.434,0,0,0,191.747568,1.0135108174323488,多,125.434,125.313,9.6,0
1766307243.6496124,2025-12-21 08:54:03,2025-12-21 16:54:03,CloseSignal,125.434,1.0,1.0,0,191.747568,0.0,Strategy_TrendEnd,125.434,125.313,9.6,0
1766307302.3851547,2025-12-21 08:55:02,2025-12-21 16:55:02,BarData,125.427,0,0.0,0.0,191.714568,0.0,❌ 震荡 (Gap 8.8 < 10),125.427,125.317,8.8,0
1766307360.3039284,2025-12-21 08:56:00,2025-12-21 16:56:00,BarData,125.479,0,0.0,0.0,191.714568,0.0,✅ 触发交易,125.479,125.322,12.5,1
1766307364.1671078,2025-12-21 08:56:04,2025-12-21 16:56:04,Strategy_Open,125.479,1.0,0,1.0,191.71156800000003,0.0,Strategy_Signal,125.479,125.322,12.5,1
1766307420.8523326,2025-12-21 08:57:00,2025-12-21 16:57:00,BarData,125.473,0,1.0,1.0,191.72256800000002,0.0,✅ 触发交易,125.473,125.327,11.6,1
1766307482.3357346,2025-12-21 08:58:02,2025-12-21 16:58:02,BarData,125.478,0,1.0,1.0,191.72156800000002,0.0,✅ 触发交易,125.478,125.332,11.6,1
1766307540.631112,2025-12-21 08:59:00,2025-12-21 16:59:00,BarData,125.475,0,1.0,1.0,191.72156800000002,0.0,✅ 触发交易,125.475,125.337,11.0,1
1766307600.2947984,2025-12-21 09:00:00,2025-12-21 17:00:00,BarData,125.492,0,1.0,1.0,191.75656800000002,0.0,✅ 触发交易,125.492,125.342,12.0,1
1766307660.5581868,2025-12-21 09:01:00,2025-12-21 17:01:00,BarData,125.649,0,1.0,1.0,191.79069800000002,0.0,✅ 触发交易,125.649,125.352,23.6,1
1766307720.0930588,2025-12-21 09:02:00,2025-12-21 17:02:00,BarData,125.668,0,1.0,1.0,191.89669800000001,0.0,✅ 触发交易,125.668,125.362,24.3,1
1766307780.2325325,2025-12-21 09:03:00,2025-12-21 17:03:00,BarData,125.836,0,1.0,1.0,192.096698,0.0,✅ 触发交易,125.836,125.378,36.4,1
1766307840.3227062,2025-12-21 09:04:00,2025-12-21 17:04:00,BarData,125.749,0,1.0,1.0,192.102698,0.0,✅ 触发交易,125.749,125.390,28.6,1
1766307900.446305,2025-12-21 09:05:00,2025-12-21 17:05:00,BarData,125.843,0,1.0,1.0,192.04669800000002,0.0,✅ 触发交易,125.843,125.405,34.8,1
1766307960.9386814,2025-12-21 09:06:00,2025-12-21 17:06:00,BarData,125.538,0,1.0,1.0,191.78969800000002,0.0,✅ 触发交易,125.538,125.409,10.3,1
1766308020.6340065,2025-12-21 09:07:00,2025-12-21 17:07:00,BarData,125.476,0,1.0,1.0,191.75069800000003,0.0,❌ 震荡 (Gap 5.2 < 10),125.476,125.411,5.2,0
1766308021.313838,2025-12-21 09:07:01,2025-12-21 17:07:01,PnlRecord,125.476,0,0,0,191.75069800000003,-0.02390838307605347,多,125.476,125.411,5.2,0
1766308021.6558046,2025-12-21 09:07:01,2025-12-21 17:07:01,CloseSignal,125.476,1.0,1.0,0,191.75069800000003,0.0,Strategy_TrendEnd,125.476,125.411,5.2,0
1766308080.5082557,2025-12-21 09:08:00,2025-12-21 17:08:00,BarData,125.458,0,0.0,0.0,191.739698,0.0,❌ 震荡 (Gap 3.6 < 10),125.458,125.413,3.6,0
1766308140.7560685,2025-12-21 09:09:00,2025-12-21 17:09:00,BarData,125.49,0,0.0,0.0,191.739698,0.0,❌ 震荡 (Gap 5.9 < 10),125.490,125.415,5.9,0
1766308201.7574894,2025-12-21 09:10:01,2025-12-21 17:10:01,BarData,125.63,0,0.0,0.0,191.739698,0.0,✅ 触发交易,125.630,125.422,16.5,1
1766308206.443779,2025-12-21 09:10:06,2025-12-21 17:10:06,Strategy_Open,125.63,1.0,0,1.0,191.741698,0.0,Strategy_Signal,125.630,125.422,16.5,1
1766308260.4035976,2025-12-21 09:11:00,2025-12-21 17:11:00,BarData,125.71,0,1.0,1.0,191.774698,0.0,✅ 触发交易,125.710,125.432,22.1,1
1766308320.4059331,2025-12-21 09:12:00,2025-12-21 17:12:00,BarData,125.638,0,1.0,1.0,191.71869800000002,0.0,✅ 触发交易,125.638,125.439,15.9,1
1766308380.5080647,2025-12-21 09:13:00,2025-12-21 17:13:00,BarData,125.643,0,1.0,1.0,191.717698,0.0,✅ 触发交易,125.643,125.445,15.7,1
1766308442.306832,2025-12-21 09:14:02,2025-12-21 17:14:02,BarData,125.686,0,1.0,1.0,191.788698,0.0,✅ 触发交易,125.686,125.453,18.5,1
1766308500.16486,2025-12-21 09:15:00,2025-12-21 17:15:00,BarData,125.73,0,1.0,1.0,191.78969800000002,0.0,✅ 触发交易,125.730,125.462,21.3,1
1766308560.600431,2025-12-21 09:16:00,2025-12-21 17:16:00,BarData,125.636,0,1.0,1.0,191.719698,0.0,✅ 触发交易,125.636,125.468,13.4,1
1766308620.568655,2025-12-21 09:17:00,2025-12-21 17:17:00,BarData,125.776,0,1.0,1.0,191.83769800000002,0.0,✅ 触发交易,125.776,125.478,23.7,1
1766308680.1391044,2025-12-21 09:18:00,2025-12-21 17:18:00,BarData,125.899,0,1.0,1.0,191.83769800000002,0.0,✅ 触发交易,125.899,125.492,32.3,1
1766308740.3400223,2025-12-21 09:19:00,2025-12-21 17:19:00,BarData,125.853,0,1.0,1.0,191.983698,0.0,✅ 触发交易,125.853,125.504,27.8,1
1766308801.7152271,2025-12-21 09:20:01,2025-12-21 17:20:01,BarData,125.775,0,1.0,1.0,191.847698,0.0,✅ 触发交易,125.775,125.513,20.9,1
1766308860.479581,2025-12-21 09:21:00,2025-12-21 17:21:00,BarData,125.789,0,1.0,1.0,191.870698,0.0,✅ 触发交易,125.789,125.522,21.2,1
1766308921.0380526,2025-12-21 09:22:01,2025-12-21 17:22:01,BarData,125.83,0,1.0,1.0,191.867698,0.0,✅ 触发交易,125.830,125.532,23.7,1
1766308981.70638,2025-12-21 09:23:01,2025-12-21 17:23:01,BarData,125.814,0,1.0,1.0,191.894698,0.0,✅ 触发交易,125.814,125.541,21.7,1
1766309040.5253046,2025-12-21 09:24:00,2025-12-21 17:24:00,BarData,125.842,0,1.0,1.0,191.895698,0.0,✅ 触发交易,125.842,125.551,23.1,1
1766309100.2884943,2025-12-21 09:25:00,2025-12-21 17:25:00,BarData,125.83,0,1.0,1.0,191.922698,0.0,✅ 触发交易,125.830,125.560,21.5,1
1766309160.2808313,2025-12-21 09:26:00,2025-12-21 17:26:00,BarData,125.855,0,1.0,1.0,191.92669800000002,0.0,✅ 触发交易,125.855,125.570,22.7,1
1766309220.7355344,2025-12-21 09:27:00,2025-12-21 17:27:00,BarData,125.846,0,1.0,1.0,191.916698,0.0,✅ 触发交易,125.846,125.579,21.2,1
1766309280.10442,2025-12-21 09:28:00,2025-12-21 17:28:00,BarData,125.841,0,1.0,1.0,191.923698,0.0,✅ 触发交易,125.841,125.587,20.2,1
1766309342.2876177,2025-12-21 09:29:02,2025-12-21 17:29:02,BarData,125.821,0,1.0,1.0,191.917698,0.0,✅ 触发交易,125.821,125.595,18.0,1
1766309400.5021663,2025-12-21 09:30:00,2025-12-21 17:30:00,BarData,125.782,0,1.0,1.0,191.856698,0.0,✅ 触发交易,125.782,125.601,14.4,1
1766309460.5877113,2025-12-21 09:31:00,2025-12-21 17:31:00,BarData,125.815,0,1.0,1.0,191.83769800000002,0.0,✅ 触发交易,125.815,125.608,16.4,1
1766309520.6715562,2025-12-21 09:32:00,2025-12-21 17:32:00,BarData,125.854,0,1.0,1.0,191.872698,0.0,✅ 触发交易,125.854,125.616,18.9,1
1766309580.676362,2025-12-21 09:33:00,2025-12-21 17:33:00,BarData,125.936,0,1.0,1.0,192.020698,0.0,✅ 触发交易,125.936,125.627,24.6,1
1766309640.5737412,2025-12-21 09:34:00,2025-12-21 17:34:00,BarData,126.09,0,1.0,1.0,192.084698,0.0,✅ 触发交易,126.090,125.642,35.5,1
1766309700.3684213,2025-12-21 09:35:00,2025-12-21 17:35:00,BarData,126.204,0,1.0,1.0,192.267698,0.0,✅ 触发交易,126.204,125.660,43.1,1
1766309760.7660775,2025-12-21 09:36:00,2025-12-21 17:36:00,BarData,126.156,0,1.0,1.0,192.237698,0.0,✅ 触发交易,126.156,125.677,38.0,1
1766309788.5793612,2025-12-21 09:36:28,2025-12-21 17:36:28,TP,126.291,1.0,1.0,0.0,192.322698,0.0,🚀 止盈 (+5.01%),126.156,125.677,38.0,1
1766309788.5796766,2025-12-21 09:36:28,2025-12-21 17:36:28,PnlRecord,126.291,0,0,0,192.27769800000002,5.005490920087144,多,126.156,125.677,38.0,1
1766309820.743839,2025-12-21 09:37:00,2025-12-21 17:37:00,BarData,126.163,0,0.0,0.0,192.322698,0.0,✅ 触发交易,126.163,125.693,37.3,1
1766309824.5950084,2025-12-21 09:37:04,2025-12-21 17:37:04,Strategy_Open,126.163,1.0,0,1.0,192.31969800000002,0.0,Strategy_Signal,126.163,125.693,37.3,1
1766309880.552217,2025-12-21 09:38:00,2025-12-21 17:38:00,BarData,126.136,0,1.0,1.0,192.268698,0.0,✅ 触发交易,126.136,125.707,34.0,1
1766309941.8293433,2025-12-21 09:39:01,2025-12-21 17:39:01,BarData,126.111,0,1.0,1.0,192.263698,0.0,✅ 触发交易,126.111,125.720,31.0,1
1766310000.372704,2025-12-21 09:40:00,2025-12-21 17:40:00,BarData,126.16,0,1.0,1.0,192.330698,0.0,✅ 触发交易,126.160,125.735,33.7,1
1766310060.4709628,2025-12-21 09:41:00,2025-12-21 17:41:00,BarData,126.152,0,1.0,1.0,192.293698,0.0,✅ 触发交易,126.152,125.748,32.0,1
1766310119.4960272,2025-12-21 09:41:59,2025-12-21 17:41:59,SL,126.018,1.0,1.0,0.0,192.212698,0.0,🛡️ 止损 (-1.04%),126.152,125.748,32.0,1
1766310119.4963276,2025-12-21 09:41:59,2025-12-21 17:41:59,PnlRecord,126.018,0,0,0,192.280698,-1.038454525997037,多,126.152,125.748,32.0,1
1766310123.2723415,2025-12-21 09:42:03,2025-12-21 17:42:03,BarData,126.076,0,0.0,0.0,192.212698,0.0,✅ 触发交易,126.076,125.759,25.1,1
1766310126.78925,2025-12-21 09:42:06,2025-12-21 17:42:06,Strategy_Open,126.076,1.0,0,1.0,192.20469799999998,0.0,Strategy_Signal,126.076,125.759,25.1,1
1766310180.3683887,2025-12-21 09:43:00,2025-12-21 17:43:00,BarData,126.109,0,1.0,1.0,192.232698,0.0,✅ 触发交易,126.109,125.771,26.8,1
1766310240.1076992,2025-12-21 09:44:00,2025-12-21 17:44:00,BarData,126.042,0,1.0,1.0,192.184698,0.0,✅ 触发交易,126.042,125.780,20.8,1
1766310300.2844303,2025-12-21 09:45:00,2025-12-21 17:45:00,BarData,126.075,0,1.0,1.0,192.18669799999998,0.0,✅ 触发交易,126.075,125.789,22.7,1
1766310360.535442,2025-12-21 09:46:00,2025-12-21 17:46:00,BarData,126.176,0,1.0,1.0,192.18669799999998,0.0,✅ 触发交易,126.176,125.802,29.6,1
1766310420.2986598,2025-12-21 09:47:00,2025-12-21 17:47:00,BarData,126.2,0,1.0,1.0,192.34269799999998,0.0,✅ 触发交易,126.200,125.815,30.5,1
1766310481.7588613,2025-12-21 09:48:01,2025-12-21 17:48:01,BarData,126.072,0,1.0,1.0,192.279698,0.0,✅ 触发交易,126.072,125.823,19.7,1
1766310540.293817,2025-12-21 09:49:00,2025-12-21 17:49:00,BarData,126.247,0,1.0,1.0,192.34269799999998,0.0,✅ 触发交易,126.247,125.837,32.5,1
1766310601.6001227,2025-12-21 09:50:01,2025-12-21 17:50:01,BarData,126.239,0,1.0,1.0,192.36469799999998,0.0,✅ 触发交易,126.239,125.850,30.8,1
1766310661.814614,2025-12-21 09:51:01,2025-12-21 17:51:01,BarData,126.363,0,1.0,1.0,192.45469799999998,0.0,✅ 触发交易,126.363,125.867,39.2,1
1766310722.5917351,2025-12-21 09:52:02,2025-12-21 17:52:02,BarData,126.434,0,1.0,1.0,192.536698,0.0,✅ 触发交易,126.434,125.886,43.4,1
1766310780.572511,2025-12-21 09:53:00,2025-12-21 17:53:00,BarData,126.356,0,1.0,1.0,192.566698,0.0,✅ 触发交易,126.356,125.901,36.0,1
1766310840.2236617,2025-12-21 09:54:00,2025-12-21 17:54:00,BarData,126.326,0,1.0,1.0,192.474698,0.0,✅ 触发交易,126.326,125.915,32.5,1
1766310900.4520452,2025-12-21 09:55:00,2025-12-21 17:55:00,BarData,126.413,0,1.0,1.0,192.58569799999998,0.0,✅ 触发交易,126.413,125.932,38.1,1
1766310960.740904,2025-12-21 09:56:00,2025-12-21 17:56:00,BarData,126.444,0,1.0,1.0,192.57469799999998,0.0,✅ 触发交易,126.444,125.948,39.2,1
1766311020.6386137,2025-12-21 09:57:00,2025-12-21 17:57:00,BarData,126.372,0,1.0,1.0,192.427698,0.0,✅ 触发交易,126.372,125.962,32.4,1
1766311080.153468,2025-12-21 09:58:00,2025-12-21 17:58:00,BarData,126.287,0,1.0,1.0,192.435698,0.0,✅ 触发交易,126.287,125.973,24.9,1
1766311140.6330242,2025-12-21 09:59:00,2025-12-21 17:59:00,BarData,126.194,0,1.0,1.0,192.36469799999998,0.0,✅ 触发交易,126.194,125.980,17.0,1
1766311201.938007,2025-12-21 10:00:01,2025-12-21 18:00:01,BarData,126.269,0,1.0,1.0,192.333698,0.0,✅ 触发交易,126.269,125.990,22.1,1
1766311260.511438,2025-12-21 10:01:00,2025-12-21 18:01:00,BarData,126.334,0,1.0,1.0,192.44320299999998,0.0,✅ 触发交易,126.334,126.001,26.4,1
1766311320.4430115,2025-12-21 10:02:00,2025-12-21 18:02:00,BarData,126.411,0,1.0,1.0,192.535203,0.0,✅ 触发交易,126.411,126.014,31.4,1
1766311380.5821111,2025-12-21 10:03:00,2025-12-21 18:03:00,BarData,126.422,0,1.0,1.0,192.565203,0.0,✅ 触发交易,126.422,126.028,31.2,1
1766311440.3144677,2025-12-21 10:04:00,2025-12-21 18:04:00,BarData,126.544,0,1.0,1.0,192.458203,0.0,✅ 触发交易,126.544,126.045,39.5,1
1766311500.632836,2025-12-21 10:05:00,2025-12-21 18:05:00,BarData,126.465,0,1.0,1.0,192.605203,0.0,✅ 触发交易,126.465,126.058,32.2,1
1766311562.4905226,2025-12-21 10:06:02,2025-12-21 18:06:02,BarData,126.351,0,1.0,1.0,192.52520299999998,0.0,✅ 触发交易,126.351,126.068,22.4,1
1766311620.6268613,2025-12-21 10:07:00,2025-12-21 18:07:00,BarData,126.306,0,1.0,1.0,192.457203,0.0,✅ 触发交易,126.306,126.076,18.2,1
1766311680.1202388,2025-12-21 10:08:00,2025-12-21 18:08:00,BarData,126.335,0,1.0,1.0,192.447203,0.0,✅ 触发交易,126.335,126.084,19.8,1
1766311740.5495925,2025-12-21 10:09:00,2025-12-21 18:09:00,BarData,126.399,0,1.0,1.0,192.498203,0.0,✅ 触发交易,126.399,126.095,24.1,1
1766311800.951636,2025-12-21 10:10:00,2025-12-21 18:10:00,BarData,126.476,0,1.0,1.0,192.581203,0.0,✅ 触发交易,126.476,126.107,29.2,1
1766311860.928262,2025-12-21 10:11:00,2025-12-21 18:11:00,BarData,126.382,0,1.0,1.0,192.51420299999998,0.0,✅ 触发交易,126.382,126.116,21.0,1
1766311920.14105,2025-12-21 10:12:00,2025-12-21 18:12:00,BarData,126.268,0,1.0,1.0,192.410203,0.0,✅ 触发交易,126.268,126.121,11.6,1
1766311980.1242595,2025-12-21 10:13:00,2025-12-21 18:13:00,BarData,126.269,0,1.0,1.0,192.441203,0.0,✅ 触发交易,126.269,126.126,11.3,1
1766312040.9631398,2025-12-21 10:14:00,2025-12-21 18:14:00,BarData,126.288,0,1.0,1.0,192.43020299999998,0.0,✅ 触发交易,126.288,126.131,12.4,1
1766312100.2163415,2025-12-21 10:15:00,2025-12-21 18:15:00,BarData,126.306,0,1.0,1.0,192.40720299999998,0.0,✅ 触发交易,126.306,126.137,13.4,1
1766312160.2292335,2025-12-21 10:16:00,2025-12-21 18:16:00,BarData,126.281,0,1.0,1.0,192.40720299999998,0.0,✅ 触发交易,126.281,126.142,11.0,1
1766312220.1595786,2025-12-21 10:17:00,2025-12-21 18:17:00,BarData,126.313,0,1.0,1.0,192.450203,0.0,✅ 触发交易,126.313,126.147,13.1,1
1766312281.6153705,2025-12-21 10:18:01,2025-12-21 18:18:01,BarData,126.354,0,1.0,1.0,192.450203,0.0,✅ 触发交易,126.354,126.154,15.8,1
1766312340.2277668,2025-12-21 10:19:00,2025-12-21 18:19:00,BarData,126.3,0,1.0,1.0,192.510203,0.0,✅ 触发交易,126.300,126.159,11.2,1
1766312400.6258967,2025-12-21 10:20:00,2025-12-21 18:20:00,BarData,126.378,0,1.0,1.0,192.504203,0.0,✅ 触发交易,126.378,126.166,16.8,1
1766312462.484509,2025-12-21 10:21:02,2025-12-21 18:21:02,BarData,126.366,0,1.0,1.0,192.512203,0.0,✅ 触发交易,126.366,126.173,15.3,1
1766312520.489298,2025-12-21 10:22:00,2025-12-21 18:22:00,BarData,126.293,0,1.0,1.0,192.422203,0.0,❌ 震荡 (Gap 9.2 < 10),126.293,126.177,9.2,0
1766312521.1972942,2025-12-21 10:22:01,2025-12-21 18:22:01,PnlRecord,126.293,0,0,0,192.422203,1.7052935484382952,多,126.293,126.177,9.2,0
1766312521.5246346,2025-12-21 10:22:01,2025-12-21 18:22:01,CloseSignal,126.293,1.0,1.0,0,192.422203,0.0,Strategy_TrendEnd,126.293,126.177,9.2,0
1766312580.1094184,2025-12-21 10:23:00,2025-12-21 18:23:00,BarData,126.313,0,0.0,0.0,192.429204,0.0,✅ 触发交易,126.313,126.181,10.4,1
1766312583.9660711,2025-12-21 10:23:03,2025-12-21 18:23:03,Strategy_Open,126.313,1.0,0,1.0,192.428204,0.0,Strategy_Signal,126.313,126.181,10.4,1
1766312640.3218887,2025-12-21 10:24:00,2025-12-21 18:24:00,BarData,126.23,0,1.0,1.0,192.328204,0.0,❌ 震荡 (Gap 3.8 < 10),126.230,126.183,3.8,0
1766312640.998579,2025-12-21 10:24:00,2025-12-21 18:24:00,PnlRecord,126.23,0,0,0,192.328204,-0.7045654256287545,多,126.230,126.183,3.8,0
1766312641.3405638,2025-12-21 10:24:01,2025-12-21 18:24:01,CloseSignal,126.23,1.0,1.0,0,192.328204,0.0,Strategy_TrendEnd,126.230,126.183,3.8,0
1766312700.5171783,2025-12-21 10:25:00,2025-12-21 18:25:00,BarData,126.197,0,0.0,0.0,192.347204,0.0,❌ 震荡 (Gap 1.1 < 10),126.197,126.183,1.1,0
1766312762.5182145,2025-12-21 10:26:02,2025-12-21 18:26:02,BarData,126.174,0,0.0,0.0,192.347204,0.0,❌ 震荡 (Gap 0.7 < 10),126.174,126.183,0.7,0
1766312820.5649188,2025-12-21 10:27:00,2025-12-21 18:27:00,BarData,126.228,0,0.0,0.0,192.347204,0.0,❌ 震荡 (Gap 3.5 < 10),126.228,126.184,3.5,0
1766312880.83192,2025-12-21 10:28:00,2025-12-21 18:28:00,BarData,126.266,0,0.0,0.0,192.347204,0.0,❌ 震荡 (Gap 6.3 < 10),126.266,126.187,6.3,0
1766312940.1346495,2025-12-21 10:29:00,2025-12-21 18:29:00,BarData,126.254,0,0.0,0.0,192.347204,0.0,❌ 震荡 (Gap 5.1 < 10),126.254,126.189,5.1,0
1766313000.2869465,2025-12-21 10:30:00,2025-12-21 18:30:00,BarData,126.235,0,0.0,0.0,192.347204,0.0,❌ 震荡 (Gap 3.5 < 10),126.235,126.191,3.5,0
1766313060.1767457,2025-12-21 10:31:00,2025-12-21 18:31:00,BarData,126.236,0,0.0,0.0,192.347204,0.0,❌ 震荡 (Gap 3.5 < 10),126.236,126.192,3.5,0
1766313120.575492,2025-12-21 10:32:00,2025-12-21 18:32:00,BarData,126.218,0,0.0,0.0,192.347204,0.0,❌ 震荡 (Gap 2.0 < 10),126.218,126.193,2.0,0
1766313180.9163811,2025-12-21 10:33:00,2025-12-21 18:33:00,BarData,126.078,0,0.0,0.0,192.347204,0.0,❌ 震荡 (Gap 8.8 < 10),126.078,126.189,8.8,0
1766313240.1222563,2025-12-21 10:34:00,2025-12-21 18:34:00,BarData,125.969,0,0.0,0.0,192.347204,0.0,❌ 快线向上,125.969,126.182,16.9,0
1766313300.645502,2025-12-21 10:35:00,2025-12-21 18:35:00,BarData,125.854,0,0.0,0.0,192.347204,0.0,❌ 快线向上,125.854,126.171,25.2,0
1766313361.7839336,2025-12-21 10:36:01,2025-12-21 18:36:01,BarData,125.818,0,0.0,0.0,192.347204,0.0,❌ 快线向上,125.818,126.160,27.2,0
1766313420.2789748,2025-12-21 10:37:00,2025-12-21 18:37:00,BarData,125.984,0,0.0,0.0,192.347204,0.0,❌ 快线向上,125.984,126.154,13.5,0
1766313480.086741,2025-12-21 10:38:00,2025-12-21 18:38:00,BarData,125.95,0,0.0,0.0,192.347204,0.0,❌ 快线向上,125.950,126.147,15.7,0
1766313540.4015718,2025-12-21 10:39:00,2025-12-21 18:39:00,BarData,126.028,0,0.0,0.0,192.347204,0.0,❌ 震荡 (Gap 9.2 < 10),126.028,126.143,9.2,0
1766313600.3028173,2025-12-21 10:40:00,2025-12-21 18:40:00,BarData,126.106,0,0.0,0.0,192.347204,0.0,❌ 震荡 (Gap 2.9 < 10),126.106,126.142,2.9,0
1766313660.3791533,2025-12-21 10:41:00,2025-12-21 18:41:00,BarData,125.998,0,0.0,0.0,192.347204,0.0,❌ 快线向上,125.998,126.137,11.1,0
1766313720.3046007,2025-12-21 10:42:00,2025-12-21 18:42:00,BarData,125.971,0,0.0,0.0,192.347204,0.0,❌ 快线向上,125.971,126.132,12.8,0
1766313780.3260279,2025-12-21 10:43:00,2025-12-21 18:43:00,BarData,126.031,0,0.0,0.0,192.347204,0.0,❌ 震荡 (Gap 7.7 < 10),126.031,126.129,7.7,0
1766313840.3366547,2025-12-21 10:44:00,2025-12-21 18:44:00,BarData,125.978,0,0.0,0.0,192.347204,0.0,❌ 快线向上,125.978,126.124,11.6,0
1766313900.3989458,2025-12-21 10:45:00,2025-12-21 18:45:00,BarData,125.933,0,0.0,0.0,192.347204,0.0,❌ 快线向上,125.933,126.117,14.6,0
1766313962.3830729,2025-12-21 10:46:02,2025-12-21 18:46:02,BarData,125.878,0,0.0,0.0,192.347204,0.0,❌ 快线向上,125.878,126.110,18.4,0
1766314020.528651,2025-12-21 10:47:00,2025-12-21 18:47:00,BarData,125.808,0,0.0,0.0,192.347204,0.0,✅ 触发交易,125.808,126.100,23.2,-1
1766314024.392621,2025-12-21 10:47:04,2025-12-21 18:47:04,Strategy_Open,125.808,1.0,0,-1.0,192.342204,0.0,Strategy_Signal,125.808,126.100,23.2,-1
1766314081.7537005,2025-12-21 10:48:01,2025-12-21 18:48:01,BarData,125.813,0,-1.0,-1.0,192.376204,0.0,✅ 触发交易,125.813,126.090,22.0,-1
1766314140.8445835,2025-12-21 10:49:00,2025-12-21 18:49:00,BarData,125.817,0,-1.0,-1.0,192.34920400000001,0.0,❌ 快线向上,125.817,126.081,21.0,0
1766314141.520812,2025-12-21 10:49:01,2025-12-21 18:49:01,PnlRecord,125.817,0,0,0,192.34920400000001,-0.015896355760404872,空,125.817,126.081,21.0,0
1766314141.8887675,2025-12-21 10:49:01,2025-12-21 18:49:01,CloseSignal,125.817,1.0,-1.0,0,192.34920400000001,0.0,Strategy_TrendEnd,125.817,126.081,21.0,0
1766314200.259414,2025-12-21 10:50:00,2025-12-21 18:50:00,BarData,125.879,0,0.0,0.0,192.345204,0.0,❌ 快线向上,125.879,126.075,15.5,0
1766314260.0877068,2025-12-21 10:51:00,2025-12-21 18:51:00,BarData,125.86,0,0.0,0.0,192.345204,0.0,❌ 快线向上,125.860,126.068,16.5,0
1766314321.7503307,2025-12-21 10:52:01,2025-12-21 18:52:01,BarData,125.784,0,0.0,0.0,192.345204,0.0,✅ 触发交易,125.784,126.058,21.8,-1
1766314325.6180496,2025-12-21 10:52:05,2025-12-21 18:52:05,Strategy_Open,125.784,1.0,0,-1.0,192.349204,0.0,Strategy_Signal,125.784,126.058,21.8,-1
1766314381.8311412,2025-12-21 10:53:01,2025-12-21 18:53:01,BarData,125.732,0,-1.0,-1.0,192.37820399999998,0.0,✅ 触发交易,125.732,126.048,25.1,-1
1766314440.1738262,2025-12-21 10:54:00,2025-12-21 18:54:00,BarData,125.777,0,-1.0,-1.0,192.392204,0.0,✅ 触发交易,125.777,126.039,20.8,-1
1766314502.566679,2025-12-21 10:55:02,2025-12-21 18:55:02,BarData,125.709,0,-1.0,-1.0,192.394204,0.0,✅ 触发交易,125.709,126.028,25.4,-1
1766314560.8743715,2025-12-21 10:56:00,2025-12-21 18:56:00,BarData,125.736,0,-1.0,-1.0,192.409204,0.0,✅ 触发交易,125.736,126.018,22.5,-1
1766314620.3134634,2025-12-21 10:57:00,2025-12-21 18:57:00,BarData,125.572,0,-1.0,-1.0,192.548204,0.0,✅ 触发交易,125.572,126.004,34.4,-1
1766314682.5194294,2025-12-21 10:58:02,2025-12-21 18:58:02,BarData,125.676,0,-1.0,-1.0,192.508204,0.0,✅ 触发交易,125.676,125.993,25.2,-1
1766314740.3295617,2025-12-21 10:59:00,2025-12-21 18:59:00,BarData,125.717,0,-1.0,-1.0,192.423204,0.0,✅ 触发交易,125.717,125.984,21.2,-1
1766314802.6393023,2025-12-21 11:00:02,2025-12-21 19:00:02,BarData,125.678,0,-1.0,-1.0,192.371204,0.0,✅ 触发交易,125.678,125.974,23.5,-1
1766314860.165708,2025-12-21 11:01:00,2025-12-21 19:01:00,BarData,125.65,0,-1.0,-1.0,192.420336,0.0,✅ 触发交易,125.650,125.963,24.9,-1
1766314920.104528,2025-12-21 11:02:00,2025-12-21 19:02:00,BarData,125.706,0,-1.0,-1.0,192.506336,0.0,✅ 触发交易,125.706,125.955,19.8,-1
1766314980.5574296,2025-12-21 11:03:00,2025-12-21 19:03:00,BarData,125.602,0,-1.0,-1.0,192.506336,0.0,✅ 触发交易,125.602,125.943,27.2,-1
1766315040.9346087,2025-12-21 11:04:00,2025-12-21 19:04:00,BarData,125.64,0,-1.0,-1.0,192.507336,0.0,✅ 触发交易,125.640,125.933,23.3,-1
1766315100.6547508,2025-12-21 11:05:00,2025-12-21 19:05:00,BarData,125.555,0,-1.0,-1.0,192.576336,0.0,✅ 触发交易,125.555,125.921,29.1,-1
1766315160.2918777,2025-12-21 11:06:00,2025-12-21 19:06:00,BarData,125.583,0,-1.0,-1.0,192.569336,0.0,✅ 触发交易,125.583,125.910,26.0,-1
1766315220.1108298,2025-12-21 11:07:00,2025-12-21 19:07:00,BarData,125.609,0,-1.0,-1.0,192.526336,0.0,✅ 触发交易,125.609,125.900,23.2,-1
1766315282.7192082,2025-12-21 11:08:02,2025-12-21 19:08:02,BarData,125.725,0,-1.0,-1.0,192.399336,0.0,✅ 触发交易,125.725,125.894,13.5,-1
1766315340.4170687,2025-12-21 11:09:00,2025-12-21 19:09:00,BarData,125.682,0,-1.0,-1.0,192.444336,0.0,✅ 触发交易,125.682,125.887,16.3,-1
1766315400.2900324,2025-12-21 11:10:00,2025-12-21 19:10:00,BarData,125.662,0,-1.0,-1.0,192.456336,0.0,✅ 触发交易,125.662,125.880,17.3,-1
1766315460.3602767,2025-12-21 11:11:00,2025-12-21 19:11:00,BarData,125.659,0,-1.0,-1.0,192.458336,0.0,✅ 触发交易,125.659,125.873,17.0,-1
1766315520.6422267,2025-12-21 11:12:00,2025-12-21 19:12:00,BarData,125.643,0,-1.0,-1.0,192.494336,0.0,✅ 触发交易,125.643,125.865,17.7,-1
1766315582.5761201,2025-12-21 11:13:02,2025-12-21 19:13:02,BarData,125.618,0,-1.0,-1.0,192.49033599999999,0.0,✅ 触发交易,125.618,125.857,19.0,-1
1766315642.43858,2025-12-21 11:14:02,2025-12-21 19:14:02,BarData,125.621,0,-1.0,-1.0,192.489336,0.0,✅ 触发交易,125.621,125.849,18.2,-1
1766315700.2699542,2025-12-21 11:15:00,2025-12-21 19:15:00,BarData,125.612,0,-1.0,-1.0,192.520336,0.0,✅ 触发交易,125.612,125.842,18.3,-1
1766315760.1415281,2025-12-21 11:16:00,2025-12-21 19:16:00,BarData,125.622,0,-1.0,-1.0,192.491336,0.0,✅ 触发交易,125.622,125.834,16.9,-1
1766315820.2455463,2025-12-21 11:17:00,2025-12-21 19:17:00,BarData,125.604,0,-1.0,-1.0,192.513336,0.0,✅ 触发交易,125.604,125.827,17.7,-1
1766315880.1335876,2025-12-21 11:18:00,2025-12-21 19:18:00,BarData,125.493,0,-1.0,-1.0,192.613336,0.0,✅ 触发交易,125.493,125.816,25.7,-1
1766315940.751144,2025-12-21 11:19:00,2025-12-21 19:19:00,BarData,125.522,0,-1.0,-1.0,192.590336,0.0,✅ 触发交易,125.522,125.806,22.6,-1
1766316000.9016984,2025-12-21 11:20:00,2025-12-21 19:20:00,BarData,125.571,0,-1.0,-1.0,192.56133599999998,0.0,✅ 触发交易,125.571,125.798,18.1,-1
1766316060.3752463,2025-12-21 11:21:00,2025-12-21 19:21:00,BarData,125.59,0,-1.0,-1.0,192.539336,0.0,✅ 触发交易,125.590,125.792,16.1,-1
1766316120.2163424,2025-12-21 11:22:00,2025-12-21 19:22:00,BarData,125.634,0,-1.0,-1.0,192.522336,0.0,✅ 触发交易,125.634,125.786,12.1,-1
1766316180.7706532,2025-12-21 11:23:00,2025-12-21 19:23:00,BarData,125.718,0,-1.0,-1.0,192.402336,0.0,❌ 震荡 (Gap 5.3 < 10),125.718,125.784,5.3,0
1766316181.4611568,2025-12-21 11:23:01,2025-12-21 19:23:01,PnlRecord,125.718,0,0,0,192.402336,0.5247090249952497,空,125.718,125.784,5.3,0
1766316181.8096752,2025-12-21 11:23:01,2025-12-21 19:23:01,CloseSignal,125.718,1.0,-1.0,0,192.402336,0.0,Strategy_TrendEnd,125.718,125.784,5.3,0
1766316240.2022738,2025-12-21 11:24:00,2025-12-21 19:24:00,BarData,125.646,0,0.0,0.0,192.435336,0.0,✅ 触发交易,125.646,125.780,10.6,-1
1766316244.070413,2025-12-21 11:24:04,2025-12-21 19:24:04,Strategy_Open,125.646,1.0,0,-1.0,192.412336,0.0,Strategy_Signal,125.646,125.780,10.6,-1
1766316301.0516598,2025-12-21 11:25:01,2025-12-21 19:25:01,BarData,125.593,0,-1.0,-1.0,192.483336,0.0,✅ 触发交易,125.593,125.774,14.4,-1
1766316360.404547,2025-12-21 11:26:00,2025-12-21 19:26:00,BarData,125.523,0,-1.0,-1.0,192.508336,0.0,✅ 触发交易,125.523,125.765,19.3,-1
1766316420.325236,2025-12-21 11:27:00,2025-12-21 19:27:00,BarData,125.454,0,-1.0,-1.0,192.61633600000002,0.0,✅ 触发交易,125.454,125.755,24.0,-1
1766316481.762977,2025-12-21 11:28:01,2025-12-21 19:28:01,BarData,125.475,0,-1.0,-1.0,192.594336,0.0,✅ 触发交易,125.475,125.746,21.6,-1
1766316540.3001313,2025-12-21 11:29:00,2025-12-21 19:29:00,BarData,125.415,0,-1.0,-1.0,192.620336,0.0,✅ 触发交易,125.415,125.735,25.5,-1
1766316600.5491548,2025-12-21 11:30:00,2025-12-21 19:30:00,BarData,125.42,0,-1.0,-1.0,192.625336,0.0,✅ 触发交易,125.420,125.725,24.3,-1
1766316661.9014559,2025-12-21 11:31:01,2025-12-21 19:31:01,BarData,125.433,0,-1.0,-1.0,192.641336,0.0,✅ 触发交易,125.433,125.715,22.5,-1
1766316722.4965947,2025-12-21 11:32:02,2025-12-21 19:32:02,BarData,125.45,0,-1.0,-1.0,192.64033600000002,0.0,✅ 触发交易,125.450,125.707,20.4,-1
1766316780.6140225,2025-12-21 11:33:00,2025-12-21 19:33:00,BarData,125.425,0,-1.0,-1.0,192.63433600000002,0.0,✅ 触发交易,125.425,125.697,21.7,-1
1766316840.299512,2025-12-21 11:34:00,2025-12-21 19:34:00,BarData,125.391,0,-1.0,-1.0,192.63433600000002,0.0,✅ 触发交易,125.391,125.687,23.6,-1
1766316900.4163718,2025-12-21 11:35:00,2025-12-21 19:35:00,BarData,125.345,0,-1.0,-1.0,192.69933600000002,0.0,✅ 触发交易,125.345,125.676,26.4,-1
1766316961.7882638,2025-12-21 11:36:01,2025-12-21 19:36:01,BarData,125.364,0,-1.0,-1.0,192.720336,0.0,✅ 触发交易,125.364,125.666,24.1,-1
1766317020.3930047,2025-12-21 11:37:00,2025-12-21 19:37:00,BarData,125.346,0,-1.0,-1.0,192.719336,0.0,✅ 触发交易,125.346,125.655,24.7,-1
1766317080.4034545,2025-12-21 11:38:00,2025-12-21 19:38:00,BarData,125.354,0,-1.0,-1.0,192.66333600000002,0.0,✅ 触发交易,125.354,125.645,23.2,-1
1766317140.3307781,2025-12-21 11:39:00,2025-12-21 19:39:00,BarData,125.354,0,-1.0,-1.0,192.721336,0.0,✅ 触发交易,125.354,125.636,22.5,-1
1766317200.142109,2025-12-21 11:40:00,2025-12-21 19:40:00,BarData,125.326,0,-1.0,-1.0,192.746336,0.0,✅ 触发交易,125.326,125.626,23.9,-1
1766317262.483589,2025-12-21 11:41:02,2025-12-21 19:41:02,BarData,125.295,0,-1.0,-1.0,192.76433600000001,0.0,✅ 触发交易,125.295,125.615,25.5,-1
1766317320.860937,2025-12-21 11:42:00,2025-12-21 19:42:00,BarData,125.3,0,-1.0,-1.0,192.762336,0.0,✅ 触发交易,125.300,125.605,24.3,-1
1766317380.6980288,2025-12-21 11:43:00,2025-12-21 19:43:00,BarData,125.323,0,-1.0,-1.0,192.745336,0.0,✅ 触发交易,125.323,125.595,21.7,-1
1766317442.6307824,2025-12-21 11:44:02,2025-12-21 19:44:02,BarData,125.276,0,-1.0,-1.0,192.78233600000002,0.0,✅ 触发交易,125.276,125.585,24.7,-1
1766317500.6118586,2025-12-21 11:45:00,2025-12-21 19:45:00,BarData,125.295,0,-1.0,-1.0,192.766336,0.0,✅ 触发交易,125.295,125.575,22.4,-1
1766317560.8523421,2025-12-21 11:46:00,2025-12-21 19:46:00,BarData,125.333,0,-1.0,-1.0,192.745336,0.0,✅ 触发交易,125.333,125.567,18.7,-1
1766317620.2941353,2025-12-21 11:47:00,2025-12-21 19:47:00,BarData,125.366,0,-1.0,-1.0,192.668336,0.0,✅ 触发交易,125.366,125.561,15.5,-1
1766317680.1231432,2025-12-21 11:48:00,2025-12-21 19:48:00,BarData,125.402,0,-1.0,-1.0,192.66433600000002,0.0,✅ 触发交易,125.402,125.556,12.2,-1
1766317740.171643,2025-12-21 11:49:00,2025-12-21 19:49:00,BarData,125.378,0,-1.0,-1.0,192.688336,0.0,✅ 触发交易,125.378,125.550,13.7,-1
1766317800.2311296,2025-12-21 11:50:00,2025-12-21 19:50:00,BarData,125.366,0,-1.0,-1.0,192.690336,0.0,✅ 触发交易,125.366,125.544,14.2,-1
1766317860.7956753,2025-12-21 11:51:00,2025-12-21 19:51:00,BarData,125.388,0,-1.0,-1.0,192.688336,0.0,✅ 触发交易,125.388,125.539,12.0,-1
1766317920.231681,2025-12-21 11:52:00,2025-12-21 19:52:00,BarData,125.399,0,-1.0,-1.0,192.674336,0.0,✅ 触发交易,125.399,125.534,10.8,-1
1766317982.0385334,2025-12-21 11:53:02,2025-12-21 19:53:02,BarData,125.364,0,-1.0,-1.0,192.662336,0.0,✅ 触发交易,125.364,125.528,13.1,-1
1766318040.513091,2025-12-21 11:54:00,2025-12-21 19:54:00,BarData,125.349,0,-1.0,-1.0,192.662336,0.0,✅ 触发交易,125.349,125.523,13.8,-1
1766318100.1157756,2025-12-21 11:55:00,2025-12-21 19:55:00,BarData,125.349,0,-1.0,-1.0,192.706336,0.0,✅ 触发交易,125.349,125.517,13.4,-1
1766318160.5767698,2025-12-21 11:56:00,2025-12-21 19:56:00,BarData,125.368,0,-1.0,-1.0,192.706336,0.0,✅ 触发交易,125.368,125.512,11.5,-1
1766318220.5827506,2025-12-21 11:57:00,2025-12-21 19:57:00,BarData,125.412,0,-1.0,-1.0,192.64633600000002,0.0,❌ 震荡 (Gap 7.7 < 10),125.412,125.509,7.7,0
1766318221.29591,2025-12-21 11:57:01,2025-12-21 19:57:01,PnlRecord,125.412,0,0,0,192.64633600000002,1.759091958322968,空,125.412,125.509,7.7,0
1766318221.6381087,2025-12-21 11:57:01,2025-12-21 19:57:01,CloseSignal,125.412,1.0,-1.0,0,192.64633600000002,0.0,Strategy_TrendEnd,125.412,125.509,7.7,0
1766318280.4246683,2025-12-21 11:58:00,2025-12-21 19:58:00,BarData,125.369,0,0.0,0.0,192.656336,0.0,✅ 触发交易,125.369,125.504,10.8,-1
1766318284.3170984,2025-12-21 11:58:04,2025-12-21 19:58:04,Strategy_Open,125.369,1.0,0,-1.0,192.659336,0.0,Strategy_Signal,125.369,125.504,10.8,-1
1766318340.1253703,2025-12-21 11:59:00,2025-12-21 19:59:00,BarData,125.378,0,-1.0,-1.0,192.66433600000002,0.0,❌ 震荡 (Gap 9.7 < 10),125.378,125.500,9.7,0
1766318340.8265598,2025-12-21 11:59:00,2025-12-21 19:59:00,PnlRecord,125.378,0,0,0,192.66433600000002,-0.07178808158316921,空,125.378,125.500,9.7,0
1766318341.3084939,2025-12-21 11:59:01,2025-12-21 19:59:01,CloseSignal,125.378,1.0,-1.0,0,192.66433600000002,0.0,Strategy_TrendEnd,125.378,125.500,9.7,0
1766318400.441929,2025-12-21 12:00:00,2025-12-21 20:00:00,BarData,125.4,0,0.0,0.0,192.643336,0.0,❌ 震荡 (Gap 7.7 < 10),125.400,125.497,7.7,0
1766320363.9819317,2025-12-21 12:32:43,2025-12-21 20:32:43,BarData,125.764,0,0.0,0.0,192.643336,0.0,✅ 触发交易,125.764,125.506,20.6,1
1766320364.9407742,2025-12-21 12:32:44,2025-12-21 20:32:44,BarData,125.716,0,0.0,0.0,192.643336,0.0,✅ 触发交易,125.716,125.512,16.2,1
1766320365.9555643,2025-12-21 12:32:45,2025-12-21 20:32:45,BarData,125.749,0,0.0,0.0,192.643336,0.0,✅ 触发交易,125.749,125.520,18.2,1
1766320366.981363,2025-12-21 12:32:46,2025-12-21 20:32:46,BarData,125.749,0,0.0,0.0,192.643336,0.0,✅ 触发交易,125.749,125.528,17.6,1
1766320368.004073,2025-12-21 12:32:48,2025-12-21 20:32:48,BarData,125.749,0,0.0,0.0,192.643336,0.0,✅ 触发交易,125.749,125.535,17.0,1
1766320368.9407718,2025-12-21 12:32:48,2025-12-21 20:32:48,BarData,125.749,0,0.0,0.0,192.643336,0.0,✅ 触发交易,125.749,125.542,16.5,1
1766320369.9651928,2025-12-21 12:32:49,2025-12-21 20:32:49,BarData,125.71,0,0.0,0.0,192.643336,0.0,✅ 触发交易,125.710,125.547,12.9,1
1766320370.988966,2025-12-21 12:32:50,2025-12-21 20:32:50,BarData,125.71,0,0.0,0.0,192.643336,0.0,✅ 触发交易,125.710,125.553,12.5,1
1766320372.0217428,2025-12-21 12:32:52,2025-12-21 20:32:52,BarData,125.713,0,0.0,0.0,192.643336,0.0,✅ 触发交易,125.713,125.558,12.3,1
1766320372.980307,2025-12-21 12:32:52,2025-12-21 20:32:52,BarData,125.713,0,0.0,0.0,192.643336,0.0,✅ 触发交易,125.713,125.563,11.9,1
1766320373.9998105,2025-12-21 12:32:53,2025-12-21 20:32:53,BarData,125.713,0,0.0,0.0,192.643336,0.0,✅ 触发交易,125.713,125.568,11.5,1
1766320476.4495313,2025-12-21 12:34:36,2025-12-21 20:34:36,BarData,125.742,0,0.0,0.0,192.643336,0.0,✅ 触发交易,125.742,125.574,13.4,1
1766320480.9543202,2025-12-21 12:34:40,2025-12-21 20:34:40,BarData,125.77,0,0.0,0.0,192.643336,0.0,✅ 触发交易,125.770,125.580,15.1,1
1766320485.0102901,2025-12-21 12:34:45,2025-12-21 20:34:45,BarData,125.767,0,0.0,0.0,192.643336,0.0,✅ 触发交易,125.767,125.586,14.4,1
1766320497.2954264,2025-12-21 12:34:57,2025-12-21 20:34:57,BarData,125.767,0,0.0,0.0,192.643336,0.0,✅ 触发交易,125.767,125.592,13.9,1
1766320501.7556634,2025-12-21 12:35:01,2025-12-21 20:35:01,BarData,125.712,0,0.0,0.0,192.643336,0.0,❌ 震荡 (Gap 9.2 < 10),125.712,125.596,9.2,0
1766320502.47772,2025-12-21 12:35:02,2025-12-21 20:35:02,BarData,125.75,0,0.0,0.0,192.643336,0.0,✅ 触发交易,125.750,125.601,11.8,1
1766320528.8647296,2025-12-21 12:35:28,2025-12-21 20:35:28,BarData,125.765,0,0.0,0.0,192.643336,0.0,✅ 触发交易,125.765,125.607,12.6,1
1766320545.5143723,2025-12-21 12:35:45,2025-12-21 20:35:45,BarData,125.777,0,0.0,0.0,192.643336,0.0,✅ 触发交易,125.777,125.612,13.1,1
1766320586.4221575,2025-12-21 12:36:26,2025-12-21 20:36:26,BarData,125.794,0,0.0,0.0,192.643336,0.0,✅ 触发交易,125.794,125.618,14.0,1
1766320590.807516,2025-12-21 12:36:30,2025-12-21 20:36:30,BarData,125.775,0,0.0,0.0,192.643336,0.0,✅ 触发交易,125.775,125.623,12.1,1
1766320633.1960917,2025-12-21 12:37:13,2025-12-21 20:37:13,BarData,125.743,0,0.0,0.0,192.279336,0.0,❌ 震荡 (Gap 9.2 < 10),125.743,125.627,9.2,0
1766320633.7061493,2025-12-21 12:37:13,2025-12-21 20:37:13,BarData,125.743,0,0.0,0.0,192.279336,0.0,❌ 震荡 (Gap 8.9 < 10),125.743,125.631,8.9,0
1766320634.2920213,2025-12-21 12:37:14,2025-12-21 20:37:14,BarData,125.743,0,0.0,0.0,192.279336,0.0,❌ 震荡 (Gap 8.6 < 10),125.743,125.635,8.6,0
1766320634.7983704,2025-12-21 12:37:14,2025-12-21 20:37:14,BarData,125.743,0,0.0,0.0,192.279336,0.0,❌ 震荡 (Gap 8.3 < 10),125.743,125.638,8.3,0
1766320635.382316,2025-12-21 12:37:15,2025-12-21 20:37:15,BarData,125.743,0,0.0,0.0,192.279336,0.0,❌ 震荡 (Gap 8.1 < 10),125.743,125.642,8.1,0
1766320635.8926246,2025-12-21 12:37:15,2025-12-21 20:37:15,BarData,125.743,0,0.0,0.0,192.279336,0.0,❌ 震荡 (Gap 7.8 < 10),125.743,125.645,7.8,0
1766320636.4743378,2025-12-21 12:37:16,2025-12-21 20:37:16,BarData,125.736,0,0.0,0.0,192.279336,0.0,❌ 震荡 (Gap 7.0 < 10),125.736,125.648,7.0,0
1766320636.9804301,2025-12-21 12:37:16,2025-12-21 20:37:16,BarData,125.736,0,0.0,0.0,192.279336,0.0,❌ 震荡 (Gap 6.8 < 10),125.736,125.651,6.8,0
1766320637.562241,2025-12-21 12:37:17,2025-12-21 20:37:17,BarData,125.736,0,0.0,0.0,192.279336,0.0,❌ 震荡 (Gap 6.6 < 10),125.736,125.654,6.6,0
1766320638.21333,2025-12-21 12:37:18,2025-12-21 20:37:18,BarData,125.736,0,0.0,0.0,192.279336,0.0,❌ 震荡 (Gap 6.3 < 10),125.736,125.656,6.3,0
1766320638.7203748,2025-12-21 12:37:18,2025-12-21 20:37:18,BarData,125.736,0,0.0,0.0,192.279336,0.0,❌ 震荡 (Gap 6.1 < 10),125.736,125.659,6.1,0
1766320639.304914,2025-12-21 12:37:19,2025-12-21 20:37:19,BarData,125.736,0,0.0,0.0,192.279336,0.0,❌ 震荡 (Gap 5.9 < 10),125.736,125.661,5.9,0
1766320639.8119311,2025-12-21 12:37:19,2025-12-21 20:37:19,BarData,125.736,0,0.0,0.0,192.279336,0.0,❌ 震荡 (Gap 5.7 < 10),125.736,125.664,5.7,0
1766320640.394751,2025-12-21 12:37:20,2025-12-21 20:37:20,BarData,125.736,0,0.0,0.0,192.279336,0.0,❌ 震荡 (Gap 5.5 < 10),125.736,125.666,5.5,0
1766320640.9006183,2025-12-21 12:37:20,2025-12-21 20:37:20,BarData,125.736,0,0.0,0.0,192.279336,0.0,❌ 震荡 (Gap 5.4 < 10),125.736,125.669,5.4,0
1766320641.482234,2025-12-21 12:37:21,2025-12-21 20:37:21,BarData,125.736,0,0.0,0.0,192.279336,0.0,❌ 震荡 (Gap 5.2 < 10),125.736,125.671,5.2,0
1766320680.3932667,2025-12-21 12:38:00,2025-12-21 20:38:00,BarData,125.687,0,0.0,0.0,192.271336,0.0,❌ 震荡 (Gap 1.2 < 10),125.687,125.671,1.2,0
1766320740.1455545,2025-12-21 12:39:00,2025-12-21 20:39:00,BarData,125.725,0,0.0,0.0,192.271336,0.0,❌ 震荡 (Gap 4.1 < 10),125.725,125.673,4.1,0
1766320825.9211094,2025-12-21 12:40:25,2025-12-21 20:40:25,BarData,125.597,0,0.0,0.0,190.999336,0.0,❌ 震荡 (Gap 5.9 < 10),125.597,125.671,5.9,0
1766320860.4594753,2025-12-21 12:41:00,2025-12-21 20:41:00,BarData,125.601,0,0.0,0.0,191.263336,0.0,❌ 震荡 (Gap 5.4 < 10),125.601,125.668,5.4,0
1766320920.9350781,2025-12-21 12:42:00,2025-12-21 20:42:00,BarData,125.331,0,0.0,0.0,189.191336,0.0,✅ 触发交易,125.331,125.657,26.0,-1
1766320924.8577912,2025-12-21 12:42:04,2025-12-21 20:42:04,Strategy_Open,125.331,1.0,0,7.0,189.515336,0.0,Strategy_Signal,125.331,125.657,26.0,-1
1766320929.002565,2025-12-21 12:42:09,2025-12-21 20:42:09,SL,125.365,7.0,7.0,0.0,189.403336,0.0,🛡️ 止损 (-3.27%),125.331,125.657,26.0,-1
1766320929.002893,2025-12-21 12:42:09,2025-12-21 20:42:09,PnlRecord,125.365,0,0,0,189.515336,-3.267714031293739,多,125.331,125.657,26.0,-1
1766320980.0985503,2025-12-21 12:43:00,2025-12-21 20:43:00,BarData,125.179,0,0.0,0.0,189.403336,0.0,✅ 触发交易,125.179,125.642,37.0,-1
1766320983.975052,2025-12-21 12:43:03,2025-12-21 20:43:03,Strategy_Open,125.179,1.0,0,-1.0,189.46633599999998,0.0,Strategy_Signal,125.179,125.642,37.0,-1
1766321033.953704,2025-12-21 12:43:53,2025-12-21 20:43:53,SL,125.294,1.0,-1.0,0.0,189.263336,0.0,🛡️ 止损 (-1.20%),125.179,125.642,37.0,-1
1766321033.9540095,2025-12-21 12:43:53,2025-12-21 20:43:53,PnlRecord,125.294,0,0,0,189.285336,-1.1986191906922543,空,125.179,125.642,37.0,-1
1766321040.2473533,2025-12-21 12:44:00,2025-12-21 20:44:00,BarData,125.284,0,0.0,0.0,189.263336,0.0,✅ 触发交易,125.284,125.630,27.6,-1
1766321043.789992,2025-12-21 12:44:03,2025-12-21 20:44:03,Strategy_Open,125.284,1.0,0,-1.0,189.24133600000002,0.0,Strategy_Signal,125.284,125.630,27.6,-1
1766321100.441301,2025-12-21 12:45:00,2025-12-21 20:45:00,BarData,125.174,0,-1.0,-1.0,189.415336,0.0,✅ 触发交易,125.174,125.615,35.2,-1
1766321160.2141767,2025-12-21 12:46:00,2025-12-21 20:46:00,BarData,125.276,0,-1.0,-1.0,189.21733600000002,0.0,✅ 触发交易,125.276,125.604,26.2,-1
1766321220.4350262,2025-12-21 12:47:00,2025-12-21 20:47:00,BarData,125.256,0,-1.0,-1.0,189.238336,0.0,✅ 触发交易,125.256,125.592,26.9,-1
1766321280.1538184,2025-12-21 12:48:00,2025-12-21 20:48:00,BarData,125.347,0,-1.0,-1.0,189.186336,0.0,✅ 触发交易,125.347,125.584,18.9,-1
1766321314.7778535,2025-12-21 12:48:34,2025-12-21 20:48:34,SL,125.397,1.0,-1.0,0.0,189.136336,0.0,🛡️ 止损 (-1.01%),125.347,125.584,18.9,-1
1766321314.7781622,2025-12-21 12:48:34,2025-12-21 20:48:34,PnlRecord,125.397,0,0,0,189.203336,-1.0138101700328055,空,125.347,125.584,18.9,-1
1766321340.68556,2025-12-21 12:49:00,2025-12-21 20:49:00,BarData,125.425,0,0.0,0.0,189.136336,0.0,✅ 触发交易,125.425,125.579,12.3,-1
1766321344.5568664,2025-12-21 12:49:04,2025-12-21 20:49:04,Strategy_Open,125.425,1.0,0,-1.0,189.143336,0.0,Strategy_Signal,125.425,125.579,12.3,-1
1766321400.5571635,2025-12-21 12:50:00,2025-12-21 20:50:00,BarData,125.395,0,-1.0,-1.0,189.165336,0.0,✅ 触发交易,125.395,125.573,14.2,-1
1766321460.7754655,2025-12-21 12:51:00,2025-12-21 20:51:00,BarData,125.403,0,-1.0,-1.0,189.119336,0.0,✅ 触发交易,125.403,125.567,13.1,-1
1766321520.5814877,2025-12-21 12:52:00,2025-12-21 20:52:00,BarData,125.391,0,-1.0,-1.0,189.157336,0.0,✅ 触发交易,125.391,125.562,13.6,-1
1766321580.6355665,2025-12-21 12:53:00,2025-12-21 20:53:00,BarData,125.34,0,-1.0,-1.0,189.224336,0.0,✅ 触发交易,125.340,125.554,17.1,-1
1766321640.5781908,2025-12-21 12:54:00,2025-12-21 20:54:00,BarData,125.361,0,-1.0,-1.0,189.197336,0.0,✅ 触发交易,125.361,125.548,14.9,-1
1766321702.3531532,2025-12-21 12:55:02,2025-12-21 20:55:02,BarData,125.305,0,-1.0,-1.0,189.219336,0.0,✅ 触发交易,125.305,125.540,18.8,-1
1766321760.5398734,2025-12-21 12:56:00,2025-12-21 20:56:00,BarData,125.269,0,-1.0,-1.0,189.219336,0.0,✅ 触发交易,125.269,125.531,20.9,-1
1766321820.2594833,2025-12-21 12:57:00,2025-12-21 20:57:00,BarData,125.27,0,-1.0,-1.0,189.321336,0.0,✅ 触发交易,125.270,125.523,20.2,-1
1766321880.8229651,2025-12-21 12:58:00,2025-12-21 20:58:00,BarData,125.368,0,-1.0,-1.0,189.210336,0.0,✅ 触发交易,125.368,125.518,11.9,-1
1766321940.3699083,2025-12-21 12:59:00,2025-12-21 20:59:00,BarData,125.448,0,-1.0,-1.0,189.151336,0.0,❌ 震荡 (Gap 5.4 < 10),125.448,125.515,5.4,0
1766321941.082409,2025-12-21 12:59:01,2025-12-21 20:59:01,PnlRecord,125.448,0,0,0,189.151336,-0.18337651983253844,空,125.448,125.515,5.4,0
1766321941.3964493,2025-12-21 12:59:01,2025-12-21 20:59:01,CloseSignal,125.448,1.0,-1.0,0,189.151336,0.0,Strategy_TrendEnd,125.448,125.515,5.4,0
1766322003.0041347,2025-12-21 13:00:03,2025-12-21 21:00:03,BarData,125.502,0,0.0,0.0,189.109336,0.0,❌ 震荡 (Gap 1.0 < 10),125.502,125.515,1.0,0
1766322060.4246948,2025-12-21 13:01:00,2025-12-21 21:01:00,BarData,125.371,0,0.0,0.0,189.109336,0.0,✅ 触发交易,125.371,125.510,11.1,-1
1766322064.2945795,2025-12-21 13:01:04,2025-12-21 21:01:04,Strategy_Open,125.371,1.0,0,-1.0,189.107336,0.0,Strategy_Signal,125.371,125.510,11.1,-1
1766322120.150292,2025-12-21 13:02:00,2025-12-21 21:02:00,BarData,125.353,0,-1.0,-1.0,189.108336,0.0,✅ 触发交易,125.353,125.505,12.1,-1
1766322180.5394099,2025-12-21 13:03:00,2025-12-21 21:03:00,BarData,125.365,0,-1.0,-1.0,189.11733600000002,0.0,✅ 触发交易,125.365,125.500,10.8,-1
1766322240.0800211,2025-12-21 13:04:00,2025-12-21 21:04:00,BarData,125.28,0,-1.0,-1.0,189.11733600000002,0.0,✅ 触发交易,125.280,125.493,17.0,-1
1766322293.0316958,2025-12-21 13:04:53,2025-12-21 21:04:53,TP,124.707,1.0,-1.0,0.0,189.771336,0.0,🚀 止盈 (+5.27%),125.280,125.493,17.0,-1
1766322293.0320117,2025-12-21 13:04:53,2025-12-21 21:04:53,PnlRecord,124.707,0,0,0,189.57533600000002,5.2724778252823805,空,125.280,125.493,17.0,-1
1766322300.646955,2025-12-21 13:05:00,2025-12-21 21:05:00,BarData,124.506,0,0.0,0.0,189.771336,0.0,✅ 触发交易,124.506,125.461,76.7,-1
1766322304.5262284,2025-12-21 13:05:04,2025-12-21 21:05:04,Strategy_Open,124.506,1.0,0,-1.0,189.731689,0.0,Strategy_Signal,124.506,125.461,76.7,-1
1766322324.076062,2025-12-21 13:05:24,2025-12-21 21:05:24,SL,124.506,1.0,-1.0,0.0,189.631689,0.0,🛡️ 止损 (-1.00%),124.506,125.461,76.7,-1
1766322324.076371,2025-12-21 13:05:24,2025-12-21 21:05:24,PnlRecord,124.506,0,0,0,189.91468899999998,-1.0049766443427854,空,124.506,125.461,76.7,-1
1766322362.476062,2025-12-21 13:06:02,2025-12-21 21:06:02,BarData,124.607,0,0.0,0.0,189.631689,0.0,✅ 触发交易,124.607,125.433,66.3,-1
1766322366.3773344,2025-12-21 13:06:06,2025-12-21 21:06:06,Strategy_Open,124.607,1.0,0,-1.0,189.686689,0.0,Strategy_Signal,124.607,125.433,66.3,-1
1766322381.1386452,2025-12-21 13:06:21,2025-12-21 21:06:21,SL,124.699,1.0,-1.0,0.0,189.515689,0.0,🛡️ 止损 (-1.00%),124.607,125.433,66.3,-1
1766322381.1389713,2025-12-21 13:06:21,2025-12-21 21:06:21,PnlRecord,124.699,0,0,0,189.63568899999999,-1.0034196541814504,空,124.607,125.433,66.3,-1
1766322420.2449543,2025-12-21 13:07:00,2025-12-21 21:07:00,BarData,124.571,0,0.0,0.0,189.515689,0.0,✅ 触发交易,124.571,125.405,66.9,-1
1766322424.1010177,2025-12-21 13:07:04,2025-12-21 21:07:04,Strategy_Open,124.571,1.0,0,-1.0,189.538689,0.0,Strategy_Signal,124.571,125.405,66.9,-1
1766322467.605136,2025-12-21 13:07:47,2025-12-21 21:07:47,SL,124.688,1.0,-1.0,0.0,189.412689,0.0,🛡️ 止损 (-1.00%),124.571,125.405,66.9,-1
1766322467.6054435,2025-12-21 13:07:47,2025-12-21 21:07:47,PnlRecord,124.688,0,0,0,189.429689,-1.0035082648940696,空,124.571,125.405,66.9,-1
1766322480.175697,2025-12-21 13:08:00,2025-12-21 21:08:00,BarData,124.641,0,0.0,0.0,189.412689,0.0,✅ 触发交易,124.641,125.380,59.3,-1
1766322484.031495,2025-12-21 13:08:04,2025-12-21 21:08:04,Strategy_Open,124.641,1.0,0,-1.0,189.377689,0.0,Strategy_Signal,124.641,125.380,59.3,-1
1766322533.6629925,2025-12-21 13:08:53,2025-12-21 21:08:53,SL,124.796,1.0,-1.0,0.0,189.263027,0.0,🛡️ 止损 (-1.13%),124.641,125.380,59.3,-1
1766322533.6634278,2025-12-21 13:08:53,2025-12-21 21:08:53,PnlRecord,124.796,0,0,0,189.357689,-1.1311218964342011,空,124.641,125.380,59.3,-1
1766322540.1218534,2025-12-21 13:09:00,2025-12-21 21:09:00,BarData,124.812,0,0.0,0.0,189.263027,0.0,✅ 触发交易,124.812,125.361,44.0,-1
1766322543.6615899,2025-12-21 13:09:03,2025-12-21 21:09:03,Strategy_Open,124.812,1.0,0,-1.0,189.26734399999998,0.0,Strategy_Signal,124.812,125.361,44.0,-1
1766322600.713794,2025-12-21 13:10:00,2025-12-21 21:10:00,BarData,124.768,0,-1.0,-1.0,189.276344,0.0,✅ 触发交易,124.768,125.341,46.0,-1
1766322627.3004556,2025-12-21 13:10:27,2025-12-21 21:10:27,SL,124.896,1.0,-1.0,0.0,189.147344,0.0,🛡️ 止损 (-1.06%),124.768,125.341,46.0,-1
1766322627.300757,2025-12-21 13:10:27,2025-12-21 21:10:27,PnlRecord,124.896,0,0,0,189.16734399999999,-1.0579974992786783,空,124.768,125.341,46.0,-1
1766322660.2675128,2025-12-21 13:11:00,2025-12-21 21:11:00,BarData,124.918,0,0.0,0.0,189.147344,0.0,✅ 触发交易,124.918,125.328,32.8,-1
1766322664.1856217,2025-12-21 13:11:04,2025-12-21 21:11:04,Strategy_Open,124.918,1.0,0,-1.0,189.11434400000002,0.0,Strategy_Signal,124.918,125.328,32.8,-1
1766322721.962129,2025-12-21 13:12:01,2025-12-21 21:12:01,BarData,124.874,0,-1.0,-1.0,189.123344,0.0,✅ 触发交易,124.874,125.313,35.1,-1
1766322780.524652,2025-12-21 13:13:00,2025-12-21 21:13:00,BarData,124.956,0,-1.0,-1.0,189.118344,0.0,✅ 触发交易,124.956,125.301,27.6,-1
1766322842.1393826,2025-12-21 13:14:02,2025-12-21 21:14:02,BarData,124.901,0,-1.0,-1.0,189.134344,0.0,✅ 触发交易,124.901,125.288,31.0,-1
1766322900.1951182,2025-12-21 13:15:00,2025-12-21 21:15:00,BarData,124.658,0,-1.0,-1.0,189.33434400000002,0.0,✅ 触发交易,124.658,125.267,48.9,-1
1766322961.0842211,2025-12-21 13:16:01,2025-12-21 21:16:01,BarData,124.512,0,-1.0,-1.0,189.605344,0.0,✅ 触发交易,124.512,125.243,58.7,-1
1766323020.5413942,2025-12-21 13:17:00,2025-12-21 21:17:00,BarData,124.472,0,-1.0,-1.0,189.571344,0.0,✅ 触发交易,124.472,125.217,59.9,-1
1766323081.9488096,2025-12-21 13:18:01,2025-12-21 21:18:01,BarData,124.523,0,-1.0,-1.0,189.636344,0.0,✅ 触发交易,124.523,125.194,53.9,-1
1766323140.3039267,2025-12-21 13:19:00,2025-12-21 21:19:00,BarData,124.502,0,-1.0,-1.0,189.446344,0.0,✅ 触发交易,124.502,125.172,53.8,-1
1766323200.3576064,2025-12-21 13:20:00,2025-12-21 21:20:00,BarData,124.614,0,-1.0,-1.0,189.454344,0.0,✅ 触发交易,124.614,125.153,43.3,-1
1766323261.1613374,2025-12-21 13:21:01,2025-12-21 21:21:01,BarData,124.555,0,-1.0,-1.0,189.436344,0.0,✅ 触发交易,124.555,125.134,46.5,-1
1766323320.5603983,2025-12-21 13:22:00,2025-12-21 21:22:00,BarData,124.572,0,-1.0,-1.0,189.395344,0.0,✅ 触发交易,124.572,125.115,43.6,-1
1766323381.0720544,2025-12-21 13:23:01,2025-12-21 21:23:01,BarData,124.482,0,-1.0,-1.0,189.541344,0.0,✅ 触发交易,124.482,125.095,49.2,-1
1766323442.6310887,2025-12-21 13:24:02,2025-12-21 21:24:02,BarData,124.523,0,-1.0,-1.0,189.562344,0.0,✅ 触发交易,124.523,125.076,44.4,-1
1766323500.523497,2025-12-21 13:25:00,2025-12-21 21:25:00,BarData,124.471,0,-1.0,-1.0,189.562344,0.0,✅ 触发交易,124.471,125.056,47.0,-1
1766323560.7638278,2025-12-21 13:26:00,2025-12-21 21:26:00,BarData,124.441,0,-1.0,-1.0,189.699344,0.0,✅ 触发交易,124.441,125.036,47.8,-1
1766323620.5011477,2025-12-21 13:27:00,2025-12-21 21:27:00,BarData,124.443,0,-1.0,-1.0,189.61434400000002,0.0,✅ 触发交易,124.443,125.016,46.1,-1
1766323663.5646222,2025-12-21 13:27:43,2025-12-21 21:27:43,TP,124.28,1.0,-1.0,0.0,189.803344,0.0,🚀 止盈 (+5.10%),124.443,125.016,46.1,-1
1766323663.5649264,2025-12-21 13:27:43,2025-12-21 21:27:43,PnlRecord,124.28,0,0,0,189.657344,5.09938599229889,空,124.443,125.016,46.1,-1
1766323680.4990036,2025-12-21 13:28:00,2025-12-21 21:28:00,BarData,124.331,0,0.0,0.0,189.803344,0.0,✅ 触发交易,124.331,124.994,53.3,-1
1766323684.3900769,2025-12-21 13:28:04,2025-12-21 21:28:04,Strategy_Open,124.331,1.0,0,-1.0,189.82234400000002,0.0,Strategy_Signal,124.331,124.994,53.3,-1
1766323740.378957,2025-12-21 13:29:00,2025-12-21 21:29:00,BarData,124.241,0,-1.0,-1.0,189.90734400000002,0.0,✅ 触发交易,124.241,124.969,58.6,-1
1766323800.7734377,2025-12-21 13:30:00,2025-12-21 21:30:00,BarData,124.262,0,-1.0,-1.0,189.926344,0.0,✅ 触发交易,124.262,124.946,55.1,-1
1766323817.8311787,2025-12-21 13:30:17,2025-12-21 21:30:17,TP,123.681,1.0,-1.0,0.0,190.355344,0.0,🚀 止盈 (+5.22%),124.262,124.946,55.1,-1
1766323817.831486,2025-12-21 13:30:17,2025-12-21 21:30:17,PnlRecord,123.681,0,0,0,189.926344,5.219979087911212,空,124.262,124.946,55.1,-1
1766323860.6670227,2025-12-21 13:31:00,2025-12-21 21:31:00,BarData,124.191,0,0.0,0.0,190.355344,0.0,✅ 触发交易,124.191,124.921,58.8,-1
1766323864.550592,2025-12-21 13:31:04,2025-12-21 21:31:04,Strategy_Open,124.191,1.0,0,-1.0,190.401344,0.0,Strategy_Signal,124.191,124.921,58.8,-1
1766323920.3032858,2025-12-21 13:32:00,2025-12-21 21:32:00,BarData,123.768,0,-1.0,-1.0,190.606344,0.0,✅ 触发交易,123.768,124.884,90.1,-1
1766323950.7667093,2025-12-21 13:32:30,2025-12-21 21:32:30,TP,123.4,1.0,-1.0,0.0,191.035344,0.0,🚀 止盈 (+5.90%),123.768,124.884,90.1,-1
1766323950.7670357,2025-12-21 13:32:30,2025-12-21 21:32:30,PnlRecord,123.4,0,0,0,190.796344,5.896948409757349,空,123.768,124.884,90.1,-1
1766323980.2229388,2025-12-21 13:33:00,2025-12-21 21:33:00,BarData,123.585,0,0.0,0.0,191.035344,0.0,✅ 触发交易,123.585,124.841,101.6,-1
1766323984.211215,2025-12-21 13:33:04,2025-12-21 21:33:04,Strategy_Open,123.585,1.0,0,-1.0,190.988921,0.0,Strategy_Signal,123.585,124.841,101.6,-1
1766323997.831161,2025-12-21 13:33:17,2025-12-21 21:33:17,SL,123.699,1.0,-1.0,0.0,190.863921,0.0,🛡️ 止损 (-1.42%),123.585,124.841,101.6,-1
1766323997.8314672,2025-12-21 13:33:17,2025-12-21 21:33:17,PnlRecord,123.699,0,0,0,190.988921,-1.4167287328777982,空,123.585,124.841,101.6,-1
1766324040.2176836,2025-12-21 13:34:00,2025-12-21 21:34:00,BarData,123.769,0,0.0,0.0,190.863921,0.0,✅ 触发交易,123.769,124.806,83.8,-1
1766324044.0952175,2025-12-21 13:34:04,2025-12-21 21:34:04,Strategy_Open,123.769,1.0,0,-1.0,190.83692100000002,0.0,Strategy_Signal,123.769,124.806,83.8,-1
1766324103.6832986,2025-12-21 13:35:03,2025-12-21 21:35:03,SL,123.839,1.0,-1.0,0.0,190.718921,0.0,🛡️ 止损 (-1.07%),123.769,124.806,83.8,-1
1766324103.683604,2025-12-21 13:35:03,2025-12-21 21:35:03,PnlRecord,123.839,0,0,0,190.951921,-1.0670374352300598,空,123.769,124.806,83.8,-1
1766324106.1985245,2025-12-21 13:35:06,2025-12-21 21:35:06,BarData,123.812,0,0.0,0.0,190.718921,0.0,✅ 触发交易,123.812,124.773,77.6,-1
1766324109.735775,2025-12-21 13:35:09,2025-12-21 21:35:09,Strategy_Open,123.812,1.0,0,-1.0,190.670921,0.0,Strategy_Signal,123.812,124.773,77.6,-1
1766324120.037306,2025-12-21 13:35:20,2025-12-21 21:35:20,SL,123.951,1.0,-1.0,0.0,190.618921,0.0,🛡️ 止损 (-1.08%),123.812,124.773,77.6,-1
1766324120.0376499,2025-12-21 13:35:20,2025-12-21 21:35:20,PnlRecord,123.951,0,0,0,190.667921,-1.0822423415201496,空,123.812,124.773,77.6,-1
1766324160.591862,2025-12-21 13:36:00,2025-12-21 21:36:00,BarData,123.701,0,0.0,0.0,190.618921,0.0,✅ 触发交易,123.701,124.738,83.8,-1
1766324164.4499002,2025-12-21 13:36:04,2025-12-21 21:36:04,Strategy_Open,123.701,1.0,0,-1.0,190.633921,0.0,Strategy_Signal,123.701,124.738,83.8,-1
1766324220.6459155,2025-12-21 13:37:00,2025-12-21 21:37:00,BarData,123.617,0,-1.0,-1.0,190.692921,0.0,✅ 触发交易,123.617,124.701,87.7,-1
1766324241.0323918,2025-12-21 13:37:21,2025-12-21 21:37:21,SL,123.837,1.0,-1.0,0.0,190.467921,0.0,🛡️ 止损 (-1.14%),123.617,124.701,87.7,-1
1766324241.032759,2025-12-21 13:37:21,2025-12-21 21:37:21,PnlRecord,123.837,0,0,0,190.692921,-1.1398913465270124,空,123.617,124.701,87.7,-1
1766324282.1384573,2025-12-21 13:38:02,2025-12-21 21:38:02,BarData,123.784,0,0.0,0.0,190.467921,0.0,✅ 触发交易,123.784,124.671,71.7,-1
1766324285.9959812,2025-12-21 13:38:05,2025-12-21 21:38:05,Strategy_Open,123.784,1.0,0,-1.0,190.432921,0.0,Strategy_Signal,123.784,124.671,71.7,-1
1766324340.546702,2025-12-21 13:39:00,2025-12-21 21:39:00,BarData,123.858,0,-1.0,-1.0,190.434921,0.0,✅ 触发交易,123.858,124.645,63.5,-1
1766324400.2121673,2025-12-21 13:40:00,2025-12-21 21:40:00,BarData,123.755,0,-1.0,-1.0,190.53092099999998,0.0,✅ 触发交易,123.755,124.615,69.5,-1
1766324460.5397804,2025-12-21 13:41:00,2025-12-21 21:41:00,BarData,123.833,0,-1.0,-1.0,190.43692099999998,0.0,✅ 触发交易,123.833,124.590,61.1,-1
1766324520.571282,2025-12-21 13:42:00,2025-12-21 21:42:00,BarData,123.887,0,-1.0,-1.0,190.504921,0.0,✅ 触发交易,123.887,124.567,54.9,-1
1766324580.3421953,2025-12-21 13:43:00,2025-12-21 21:43:00,BarData,123.807,0,-1.0,-1.0,190.50092099999998,0.0,✅ 触发交易,123.807,124.542,59.4,-1
1766324641.4422224,2025-12-21 13:44:01,2025-12-21 21:44:01,BarData,123.684,0,-1.0,-1.0,190.57892099999998,0.0,✅ 触发交易,123.684,124.514,67.1,-1
1766324700.2088437,2025-12-21 13:45:00,2025-12-21 21:45:00,BarData,123.754,0,-1.0,-1.0,190.523921,0.0,✅ 触发交易,123.754,124.489,59.4,-1
1766324760.6733475,2025-12-21 13:46:00,2025-12-21 21:46:00,BarData,123.662,0,-1.0,-1.0,190.523921,0.0,✅ 触发交易,123.662,124.462,64.7,-1
1766324821.36727,2025-12-21 13:47:01,2025-12-21 21:47:01,BarData,123.712,0,-1.0,-1.0,190.487921,0.0,✅ 触发交易,123.712,124.437,58.6,-1
1766324880.2607057,2025-12-21 13:48:00,2025-12-21 21:48:00,BarData,123.645,0,-1.0,-1.0,190.702921,0.0,✅ 触发交易,123.645,124.411,62.0,-1
1766324940.628363,2025-12-21 13:49:00,2025-12-21 21:49:00,BarData,123.547,0,-1.0,-1.0,190.717921,0.0,✅ 触发交易,123.547,124.383,67.7,-1
1766325000.6272998,2025-12-21 13:50:00,2025-12-21 21:50:00,BarData,123.668,0,-1.0,-1.0,190.717921,0.0,✅ 触发交易,123.668,124.359,55.9,-1
1766325060.683982,2025-12-21 13:51:00,2025-12-21 21:51:00,BarData,123.543,0,-1.0,-1.0,190.812921,0.0,✅ 触发交易,123.543,124.333,63.9,-1
1766325120.1208677,2025-12-21 13:52:00,2025-12-21 21:52:00,BarData,123.548,0,-1.0,-1.0,190.743921,0.0,✅ 触发交易,123.548,124.307,61.4,-1
1766325180.3373976,2025-12-21 13:53:00,2025-12-21 21:53:00,BarData,123.639,0,-1.0,-1.0,190.702921,0.0,✅ 触发交易,123.639,124.285,52.2,-1
1766325240.5003903,2025-12-21 13:54:00,2025-12-21 21:54:00,BarData,123.56,0,-1.0,-1.0,190.72892099999999,0.0,✅ 触发交易,123.560,124.261,56.8,-1
1766325300.4495645,2025-12-21 13:55:00,2025-12-21 21:55:00,BarData,123.7,0,-1.0,-1.0,190.621921,0.0,✅ 触发交易,123.700,124.243,43.9,-1
1766325360.2577436,2025-12-21 13:56:00,2025-12-21 21:56:00,BarData,123.606,0,-1.0,-1.0,190.767921,0.0,✅ 触发交易,123.606,124.222,49.8,-1
1766325422.200904,2025-12-21 13:57:02,2025-12-21 21:57:02,BarData,123.488,0,-1.0,-1.0,190.778921,0.0,✅ 触发交易,123.488,124.198,57.5,-1
1766325480.4004307,2025-12-21 13:58:00,2025-12-21 21:58:00,BarData,123.535,0,-1.0,-1.0,190.730921,0.0,✅ 触发交易,123.535,124.176,51.9,-1
1766325542.7923055,2025-12-21 13:59:02,2025-12-21 21:59:02,BarData,123.682,0,-1.0,-1.0,190.568921,0.0,✅ 触发交易,123.682,124.160,38.6,-1
1766325600.4049516,2025-12-21 14:00:00,2025-12-21 22:00:00,BarData,123.575,0,-1.0,-1.0,190.669921,0.0,✅ 触发交易,123.575,124.141,45.8,-1
1766325660.6576607,2025-12-21 14:01:00,2025-12-21 22:01:00,BarData,123.637,0,-1.0,-1.0,190.72955,0.0,✅ 触发交易,123.637,124.124,39.4,-1
1766325720.1259737,2025-12-21 14:02:00,2025-12-21 22:02:00,BarData,123.775,0,-1.0,-1.0,190.54555,0.0,✅ 触发交易,123.775,124.113,27.3,-1
1766325780.4609573,2025-12-21 14:03:00,2025-12-21 22:03:00,BarData,123.741,0,-1.0,-1.0,190.51254999999998,0.0,✅ 触发交易,123.741,124.101,29.1,-1
1766325827.37576,2025-12-21 14:03:47,2025-12-21 22:03:47,SL,123.995,1.0,-1.0,0.0,190.23455,0.0,🛡️ 止损 (-1.53%),123.741,124.101,29.1,-1
1766325827.376812,2025-12-21 14:03:47,2025-12-21 22:03:47,PnlRecord,123.995,0,0,0,190.49554999999998,-1.5346714591494506,空,123.741,124.101,29.1,-1
1766325840.584744,2025-12-21 14:04:00,2025-12-21 22:04:00,BarData,123.961,0,0.0,0.0,190.23455,0.0,✅ 触发交易,123.961,124.096,10.9,-1
1766325844.5183232,2025-12-21 14:04:04,2025-12-21 22:04:04,Strategy_Open,123.961,1.0,0,-1.0,190.21955000000003,0.0,Strategy_Signal,123.961,124.096,10.9,-1
1766325900.3869026,2025-12-21 14:05:00,2025-12-21 22:05:00,BarData,123.947,0,-1.0,-1.0,190.22155,0.0,✅ 触发交易,123.947,124.091,11.6,-1
1766325943.2780263,2025-12-21 14:05:43,2025-12-21 22:05:43,SL,124.086,1.0,-1.0,0.0,190.09255,0.0,🛡️ 止损 (-1.11%),123.947,124.091,11.6,-1
1766325943.2783525,2025-12-21 14:05:43,2025-12-21 22:05:43,PnlRecord,124.086,0,0,0,190.14355,-1.1133701229548296,空,123.947,124.091,11.6,-1
1766325960.6817057,2025-12-21 14:06:00,2025-12-21 22:06:00,BarData,124.176,0,0.0,0.0,190.09255,0.0,❌ 震荡 (Gap 6.6 < 10),124.176,124.094,6.6,0
1766326020.7387962,2025-12-21 14:07:00,2025-12-21 22:07:00,BarData,124.1,0,0.0,0.0,190.09255,0.0,❌ 震荡 (Gap 0.5 < 10),124.100,124.094,0.5,0
1766326080.4322693,2025-12-21 14:08:00,2025-12-21 22:08:00,BarData,124.301,0,0.0,0.0,190.09255,0.0,❌ 快线向下,124.301,124.101,16.1,0
1766326140.6426623,2025-12-21 14:09:00,2025-12-21 22:09:00,BarData,124.6,0,0.0,0.0,190.09255,0.0,❌ 快线向下,124.600,124.117,38.7,0
1766326200.698555,2025-12-21 14:10:00,2025-12-21 22:10:00,BarData,124.436,0,0.0,0.0,190.09255,0.0,❌ 快线向下,124.436,124.128,24.8,0
1766326260.326504,2025-12-21 14:11:00,2025-12-21 22:11:00,BarData,124.244,0,0.0,0.0,190.09255,0.0,❌ 震荡 (Gap 9.1 < 10),124.244,124.132,9.1,0
1766326320.730824,2025-12-21 14:12:00,2025-12-21 22:12:00,BarData,124.229,0,0.0,0.0,190.09255,0.0,❌ 震荡 (Gap 7.6 < 10),124.229,124.135,7.6,0
1766326380.2964487,2025-12-21 14:13:00,2025-12-21 22:13:00,BarData,124.083,0,0.0,0.0,190.09255,0.0,❌ 震荡 (Gap 4.0 < 10),124.083,124.133,4.0,0
1766326442.2124996,2025-12-21 14:14:02,2025-12-21 22:14:02,BarData,124.133,0,0.0,0.0,190.09255,0.0,❌ 震荡 (Gap 0.0 < 10),124.133,124.133,0.0,0
1766326500.5963273,2025-12-21 14:15:00,2025-12-21 22:15:00,BarData,124.095,0,0.0,0.0,190.09255,0.0,❌ 震荡 (Gap 3.0 < 10),124.095,124.132,3.0,0
1766326560.623617,2025-12-21 14:16:00,2025-12-21 22:16:00,BarData,124.199,0,0.0,0.0,190.09255,0.0,❌ 震荡 (Gap 5.2 < 10),124.199,124.134,5.2,0
1766326620.3580997,2025-12-21 14:17:00,2025-12-21 22:17:00,BarData,124.195,0,0.0,0.0,190.09255,0.0,❌ 震荡 (Gap 4.8 < 10),124.195,124.136,4.8,0
1766326680.2020779,2025-12-21 14:18:00,2025-12-21 22:18:00,BarData,124.303,0,0.0,0.0,190.09255,0.0,❌ 快线向下,124.303,124.141,13.0,0
1766326740.7127655,2025-12-21 14:19:00,2025-12-21 22:19:00,BarData,124.242,0,0.0,0.0,190.09255,0.0,❌ 震荡 (Gap 7.8 < 10),124.242,124.145,7.8,0
1766326800.5442939,2025-12-21 14:20:00,2025-12-21 22:20:00,BarData,124.251,0,0.0,0.0,190.09255,0.0,❌ 震荡 (Gap 8.3 < 10),124.251,124.148,8.3,0
1766326860.4642663,2025-12-21 14:21:00,2025-12-21 22:21:00,BarData,124.314,0,0.0,0.0,190.09255,0.0,❌ 快线向下,124.314,124.154,12.9,0
1766326922.1883173,2025-12-21 14:22:02,2025-12-21 22:22:02,BarData,124.31,0,0.0,0.0,190.09255,0.0,❌ 快线向下,124.310,124.159,12.2,0
1766326980.2033362,2025-12-21 14:23:00,2025-12-21 22:23:00,BarData,124.301,0,0.0,0.0,190.09255,0.0,❌ 快线向下,124.301,124.163,11.1,0
1766327040.1575816,2025-12-21 14:24:00,2025-12-21 22:24:00,BarData,124.18,0,0.0,0.0,190.09255,0.0,❌ 震荡 (Gap 1.3 < 10),124.180,124.164,1.3,0
1766327100.2133703,2025-12-21 14:25:00,2025-12-21 22:25:00,BarData,124.25,0,0.0,0.0,190.09255,0.0,❌ 震荡 (Gap 6.7 < 10),124.250,124.167,6.7,0
1766327160.8040843,2025-12-21 14:26:00,2025-12-21 22:26:00,BarData,124.175,0,0.0,0.0,190.09255,0.0,❌ 震荡 (Gap 0.6 < 10),124.175,124.167,0.6,0
1766327220.2734222,2025-12-21 14:27:00,2025-12-21 22:27:00,BarData,124.001,0,0.0,0.0,190.09255,0.0,✅ 触发交易,124.001,124.162,13.0,-1
1766327224.162472,2025-12-21 14:27:04,2025-12-21 22:27:04,Strategy_Open,124.001,1.0,0,-1.0,190.11954999999998,0.0,Strategy_Signal,124.001,124.162,13.0,-1
1766327280.4674907,2025-12-21 14:28:00,2025-12-21 22:28:00,BarData,124.031,0,-1.0,-1.0,190.07954999999998,0.0,✅ 触发交易,124.031,124.157,10.2,-1
1766327324.3603556,2025-12-21 14:28:44,2025-12-21 22:28:44,SL,124.116,1.0,-1.0,0.0,189.95055,0.0,🛡️ 止损 (-1.04%),124.031,124.157,10.2,-1
1766327324.3606682,2025-12-21 14:28:44,2025-12-21 22:28:44,PnlRecord,124.116,0,0,0,190.00854999999999,-1.0404316581577495,空,124.031,124.157,10.2,-1
1766327340.2004774,2025-12-21 14:29:00,2025-12-21 22:29:00,BarData,124.16,0,0.0,0.0,189.95055,0.0,❌ 震荡 (Gap 0.2 < 10),124.160,124.157,0.2,0
1766327400.277025,2025-12-21 14:30:00,2025-12-21 22:30:00,BarData,124.09,0,0.0,0.0,189.95055,0.0,❌ 震荡 (Gap 5.3 < 10),124.090,124.155,5.3,0
1766327460.4921477,2025-12-21 14:31:00,2025-12-21 22:31:00,BarData,124.194,0,0.0,0.0,189.95055,0.0,❌ 震荡 (Gap 3.0 < 10),124.194,124.157,3.0,0
1766327522.2079892,2025-12-21 14:32:02,2025-12-21 22:32:02,BarData,124.224,0,0.0,0.0,189.95055,0.0,❌ 震荡 (Gap 5.3 < 10),124.224,124.159,5.3,0
1766327580.5331368,2025-12-21 14:33:00,2025-12-21 22:33:00,BarData,124.303,0,0.0,0.0,189.95055,0.0,❌ 快线向下,124.303,124.163,11.2,0
1766327640.682711,2025-12-21 14:34:00,2025-12-21 22:34:00,BarData,124.291,0,0.0,0.0,189.95055,0.0,❌ 震荡 (Gap 9.9 < 10),124.291,124.168,9.9,0
1766327700.2140527,2025-12-21 14:35:00,2025-12-21 22:35:00,BarData,124.267,0,0.0,0.0,189.95055,0.0,❌ 震荡 (Gap 7.7 < 10),124.267,124.171,7.7,0
1766327761.3440793,2025-12-21 14:36:01,2025-12-21 22:36:01,BarData,124.299,0,0.0,0.0,189.95055,0.0,❌ 震荡 (Gap 10.0 < 10),124.299,124.175,10.0,0
1766327820.696227,2025-12-21 14:37:00,2025-12-21 22:37:00,BarData,124.045,0,0.0,0.0,189.95055,0.0,✅ 触发交易,124.045,124.171,10.1,-1
1766327824.5576982,2025-12-21 14:37:04,2025-12-21 22:37:04,Strategy_Open,124.045,1.0,0,-1.0,189.96040299999999,0.0,Strategy_Signal,124.045,124.171,10.1,-1
1766327880.520718,2025-12-21 14:38:00,2025-12-21 22:38:00,BarData,124.037,0,-1.0,-1.0,189.946403,0.0,✅ 触发交易,124.037,124.166,10.4,-1
1766327940.3066938,2025-12-21 14:39:00,2025-12-21 22:39:00,BarData,124.106,0,-1.0,-1.0,189.874403,0.0,❌ 震荡 (Gap 4.7 < 10),124.106,124.164,4.7,0
1766327940.9853687,2025-12-21 14:39:00,2025-12-21 22:39:00,PnlRecord,124.106,0,0,0,189.874403,-0.5885530463666386,空,124.106,124.164,4.7,0
1766327941.3085892,2025-12-21 14:39:01,2025-12-21 22:39:01,CloseSignal,124.106,1.0,-1.0,0,189.874403,0.0,Strategy_TrendEnd,124.106,124.164,4.7,0
1766328000.617937,2025-12-21 14:40:00,2025-12-21 22:40:00,BarData,124.166,0,0.0,0.0,189.881403,0.0,❌ 震荡 (Gap 0.1 < 10),124.166,124.165,0.1,0
1766328061.3701694,2025-12-21 14:41:01,2025-12-21 22:41:01,BarData,124.133,0,0.0,0.0,189.881403,0.0,❌ 震荡 (Gap 2.5 < 10),124.133,124.163,2.5,0
1766328122.4032774,2025-12-21 14:42:02,2025-12-21 22:42:02,BarData,124.112,0,0.0,0.0,189.881403,0.0,❌ 震荡 (Gap 4.0 < 10),124.112,124.162,4.0,0
1766328180.8065052,2025-12-21 14:43:00,2025-12-21 22:43:00,BarData,124.184,0,0.0,0.0,189.881403,0.0,❌ 震荡 (Gap 1.7 < 10),124.184,124.163,1.7,0
1766328240.5568388,2025-12-21 14:44:00,2025-12-21 22:44:00,BarData,124.256,0,0.0,0.0,189.881403,0.0,❌ 震荡 (Gap 7.3 < 10),124.256,124.166,7.3,0
1766328300.5786526,2025-12-21 14:45:00,2025-12-21 22:45:00,BarData,124.246,0,0.0,0.0,189.881403,0.0,❌ 震荡 (Gap 6.3 < 10),124.246,124.168,6.3,0
1766328360.6546512,2025-12-21 14:46:00,2025-12-21 22:46:00,BarData,124.169,0,0.0,0.0,189.881403,0.0,❌ 震荡 (Gap 0.1 < 10),124.169,124.168,0.1,0
1766328420.654685,2025-12-21 14:47:00,2025-12-21 22:47:00,BarData,124.151,0,0.0,0.0,189.881403,0.0,❌ 震荡 (Gap 1.3 < 10),124.151,124.168,1.3,0
1766328480.1929862,2025-12-21 14:48:00,2025-12-21 22:48:00,BarData,124.222,0,0.0,0.0,189.881403,0.0,❌ 震荡 (Gap 4.2 < 10),124.222,124.169,4.2,0
1766328540.330745,2025-12-21 14:49:00,2025-12-21 22:49:00,BarData,124.276,0,0.0,0.0,189.881403,0.0,❌ 震荡 (Gap 8.3 < 10),124.276,124.173,8.3,0
1766328600.2759073,2025-12-21 14:50:00,2025-12-21 22:50:00,BarData,124.324,0,0.0,0.0,189.881403,0.0,❌ 快线向下,124.324,124.178,11.8,0
1766328660.5189028,2025-12-21 14:51:00,2025-12-21 22:51:00,BarData,124.233,0,0.0,0.0,189.881403,0.0,❌ 震荡 (Gap 4.3 < 10),124.233,124.180,4.3,0
1766328720.4436705,2025-12-21 14:52:00,2025-12-21 22:52:00,BarData,124.359,0,0.0,0.0,189.881403,0.0,❌ 快线向下,124.359,124.186,13.9,0
1766328780.4787319,2025-12-21 14:53:00,2025-12-21 22:53:00,BarData,124.374,0,0.0,0.0,189.881403,0.0,❌ 快线向下,124.374,124.192,14.7,0
1766328841.5030115,2025-12-21 14:54:01,2025-12-21 22:54:01,BarData,124.327,0,0.0,0.0,189.881403,0.0,❌ 快线向下,124.327,124.196,10.5,0
1766328900.4244657,2025-12-21 14:55:00,2025-12-21 22:55:00,BarData,124.408,0,0.0,0.0,189.881403,0.0,❌ 快线向下,124.408,124.203,16.5,0
1766328960.3216648,2025-12-21 14:56:00,2025-12-21 22:56:00,BarData,124.376,0,0.0,0.0,189.881403,0.0,❌ 快线向下,124.376,124.209,13.4,0
1766329020.6213648,2025-12-21 14:57:00,2025-12-21 22:57:00,BarData,124.325,0,0.0,0.0,189.881403,0.0,❌ 震荡 (Gap 9.0 < 10),124.325,124.213,9.0,0
1766329082.1401463,2025-12-21 14:58:02,2025-12-21 22:58:02,BarData,124.384,0,0.0,0.0,189.881403,0.0,❌ 快线向下,124.384,124.218,13.3,0
1766329142.2298555,2025-12-21 14:59:02,2025-12-21 22:59:02,BarData,124.362,0,0.0,0.0,189.881403,0.0,❌ 快线向下,124.362,124.223,11.2,0
1766329200.0803432,2025-12-21 15:00:00,2025-12-21 23:00:00,BarData,124.372,0,0.0,0.0,189.881403,0.0,❌ 快线向下,124.372,124.228,11.6,0
1766329260.7558014,2025-12-21 15:01:00,2025-12-21 23:01:00,BarData,124.293,0,0.0,0.0,189.881403,0.0,❌ 震荡 (Gap 5.1 < 10),124.293,124.230,5.1,0
1766329320.582093,2025-12-21 15:02:00,2025-12-21 23:02:00,BarData,124.233,0,0.0,0.0,189.881403,0.0,❌ 震荡 (Gap 0.2 < 10),124.233,124.230,0.2,0
1766329383.7321653,2025-12-21 15:03:03,2025-12-21 23:03:03,BarData,124.219,0,0.0,0.0,189.881403,0.0,❌ 震荡 (Gap 0.9 < 10),124.219,124.230,0.9,0
1766329440.0854907,2025-12-21 15:04:00,2025-12-21 23:04:00,BarData,124.09,0,0.0,0.0,189.881403,0.0,✅ 触发交易,124.090,124.225,10.9,-1
1766329443.9517736,2025-12-21 15:04:03,2025-12-21 23:04:03,Strategy_Open,124.09,1.0,0,-1.0,189.904652,0.0,Strategy_Signal,124.090,124.225,10.9,-1
1766329501.543191,2025-12-21 15:05:01,2025-12-21 23:05:01,BarData,124.059,0,-1.0,-1.0,189.907652,0.0,✅ 触发交易,124.059,124.220,13.0,-1
1766329562.9208765,2025-12-21 15:06:02,2025-12-21 23:06:02,BarData,124.023,0,-1.0,-1.0,189.983652,0.0,✅ 触发交易,124.023,124.213,15.3,-1
1766329620.2397056,2025-12-21 15:07:00,2025-12-21 23:07:00,BarData,124.079,0,-1.0,-1.0,189.925652,0.0,✅ 触发交易,124.079,124.209,10.5,-1
1766329680.7988741,2025-12-21 15:08:00,2025-12-21 23:08:00,BarData,124.074,0,-1.0,-1.0,189.96165200000002,0.0,✅ 触发交易,124.074,124.204,10.5,-1
1766329740.6822104,2025-12-21 15:09:00,2025-12-21 23:09:00,BarData,124.083,0,-1.0,-1.0,189.92665200000002,0.0,❌ 震荡 (Gap 9.5 < 10),124.083,124.200,9.5,0
1766329741.3675482,2025-12-21 15:09:01,2025-12-21 23:09:01,PnlRecord,124.083,0,0,0,189.92665200000002,0.2900442317453522,空,124.083,124.200,9.5,0
1766329741.7259257,2025-12-21 15:09:01,2025-12-21 23:09:01,CloseSignal,124.083,1.0,-1.0,0,189.92665200000002,0.0,Strategy_TrendEnd,124.083,124.200,9.5,0
1766329800.4952536,2025-12-21 15:10:00,2025-12-21 23:10:00,BarData,124.063,0,0.0,0.0,189.952652,0.0,✅ 触发交易,124.063,124.196,10.7,-1
1766329804.3908215,2025-12-21 15:10:04,2025-12-21 23:10:04,Strategy_Open,124.063,1.0,0,-1.0,189.945652,0.0,Strategy_Signal,124.063,124.196,10.7,-1
1766329860.1352983,2025-12-21 15:11:00,2025-12-21 23:11:00,BarData,124.135,0,-1.0,-1.0,189.907652,0.0,❌ 震荡 (Gap 4.7 < 10),124.135,124.194,4.7,0
1766329860.817807,2025-12-21 15:11:00,2025-12-21 23:11:00,PnlRecord,124.135,0,0,0,189.907652,-0.5803503058929957,空,124.135,124.194,4.7,0
1766329861.173104,2025-12-21 15:11:01,2025-12-21 23:11:01,CloseSignal,124.135,1.0,-1.0,0,189.907652,0.0,Strategy_TrendEnd,124.135,124.194,4.7,0
1766329922.2870412,2025-12-21 15:12:02,2025-12-21 23:12:02,BarData,124.114,0,0.0,0.0,189.891652,0.0,❌ 震荡 (Gap 6.2 < 10),124.114,124.191,6.2,0
1766329980.2830617,2025-12-21 15:13:00,2025-12-21 23:13:00,BarData,124.178,0,0.0,0.0,189.891652,0.0,❌ 震荡 (Gap 1.0 < 10),124.178,124.191,1.0,0
1766330041.5498402,2025-12-21 15:14:01,2025-12-21 23:14:01,BarData,124.093,0,0.0,0.0,189.891652,0.0,❌ 震荡 (Gap 7.6 < 10),124.093,124.188,7.6,0
1766330100.5492165,2025-12-21 15:15:00,2025-12-21 23:15:00,BarData,124.011,0,0.0,0.0,189.891652,0.0,✅ 触发交易,124.011,124.182,13.8,-1
1766330104.5875287,2025-12-21 15:15:04,2025-12-21 23:15:04,Strategy_Open,124.011,1.0,0,-1.0,189.88365199999998,0.0,Strategy_Signal,124.011,124.182,13.8,-1
1766330125.7464192,2025-12-21 15:15:25,2025-12-21 23:15:25,SL,124.103,1.0,-1.0,0.0,189.750652,0.0,🛡️ 止损 (-1.07%),124.011,124.182,13.8,-1
1766330125.746728,2025-12-21 15:15:25,2025-12-21 23:15:25,PnlRecord,124.103,0,0,0,189.833652,-1.07284020327495,空,124.011,124.182,13.8,-1
1766330162.3357608,2025-12-21 15:16:02,2025-12-21 23:16:02,BarData,124.076,0,0.0,0.0,189.750652,0.0,❌ 震荡 (Gap 8.3 < 10),124.076,124.178,8.3,0
1766330220.2110584,2025-12-21 15:17:00,2025-12-21 23:17:00,BarData,124.067,0,0.0,0.0,189.750652,0.0,❌ 震荡 (Gap 8.7 < 10),124.067,124.175,8.7,0
1766330280.5874662,2025-12-21 15:18:00,2025-12-21 23:18:00,BarData,124.006,0,0.0,0.0,189.750652,0.0,✅ 触发交易,124.006,124.169,13.2,-1
1766330284.7384677,2025-12-21 15:18:04,2025-12-21 23:18:04,Strategy_Open,124.006,1.0,0,-1.0,189.752652,0.0,Strategy_Signal,124.006,124.169,13.2,-1
1766330340.638719,2025-12-21 15:19:00,2025-12-21 23:19:00,BarData,124.072,0,-1.0,-1.0,189.69365200000001,0.0,❌ 震荡 (Gap 7.6 < 10),124.072,124.166,7.6,0
1766330341.3270085,2025-12-21 15:19:01,2025-12-21 23:19:01,PnlRecord,124.072,0,0,0,189.69365200000001,-0.645202916317168,空,124.072,124.166,7.6,0
1766330341.6724591,2025-12-21 15:19:01,2025-12-21 23:19:01,CloseSignal,124.072,1.0,-1.0,0,189.69365200000001,0.0,Strategy_TrendEnd,124.072,124.166,7.6,0
1766330400.761863,2025-12-21 15:20:00,2025-12-21 23:20:00,BarData,124.024,0,0.0,0.0,189.671652,0.0,✅ 触发交易,124.024,124.161,11.1,-1
1766330404.7976503,2025-12-21 15:20:04,2025-12-21 23:20:04,Strategy_Open,124.024,1.0,0,-1.0,189.68572699999999,0.0,Strategy_Signal,124.024,124.161,11.1,-1
1766330460.270041,2025-12-21 15:21:00,2025-12-21 23:21:00,BarData,123.997,0,-1.0,-1.0,189.719727,0.0,✅ 触发交易,123.997,124.156,12.8,-1
1766330490.1771061,2025-12-21 15:21:30,2025-12-21 23:21:30,SL,124.14,1.0,-1.0,0.0,189.519727,0.0,🛡️ 止损 (-1.02%),123.997,124.156,12.8,-1
1766330490.177398,2025-12-21 15:21:30,2025-12-21 23:21:30,PnlRecord,124.14,0,0,0,189.697727,-1.0160143209638006,空,123.997,124.156,12.8,-1
1766330520.389443,2025-12-21 15:22:00,2025-12-21 23:22:00,BarData,124.081,0,0.0,0.0,189.519727,0.0,❌ 震荡 (Gap 5.8 < 10),124.081,124.154,5.8,0
1766330580.4806519,2025-12-21 15:23:00,2025-12-21 23:23:00,BarData,124.227,0,0.0,0.0,189.519727,0.0,❌ 震荡 (Gap 5.7 < 10),124.227,124.156,5.7,0
1766330640.4169738,2025-12-21 15:24:00,2025-12-21 23:24:00,BarData,124.27,0,0.0,0.0,189.519727,0.0,❌ 震荡 (Gap 8.9 < 10),124.270,124.160,8.9,0
1766330700.1031687,2025-12-21 15:25:00,2025-12-21 23:25:00,BarData,124.262,0,0.0,0.0,189.519727,0.0,❌ 震荡 (Gap 8.0 < 10),124.262,124.163,8.0,0
1766330760.459844,2025-12-21 15:26:00,2025-12-21 23:26:00,BarData,124.207,0,0.0,0.0,189.519727,0.0,❌ 震荡 (Gap 3.4 < 10),124.207,124.164,3.4,0
1766330821.6823874,2025-12-21 15:27:01,2025-12-21 23:27:01,BarData,124.129,0,0.0,0.0,189.519727,0.0,❌ 震荡 (Gap 2.8 < 10),124.129,124.163,2.8,0
1766330880.5675566,2025-12-21 15:28:00,2025-12-21 23:28:00,BarData,124.137,0,0.0,0.0,189.519727,0.0,❌ 震荡 (Gap 2.0 < 10),124.137,124.162,2.0,0
1766330940.1671195,2025-12-21 15:29:00,2025-12-21 23:29:00,BarData,124.226,0,0.0,0.0,189.519727,0.0,❌ 震荡 (Gap 4.9 < 10),124.226,124.165,4.9,0
1766331000.83277,2025-12-21 15:30:00,2025-12-21 23:30:00,BarData,124.218,0,0.0,0.0,189.519727,0.0,❌ 震荡 (Gap 4.2 < 10),124.218,124.166,4.2,0
1766331062.340798,2025-12-21 15:31:02,2025-12-21 23:31:02,BarData,124.372,0,0.0,0.0,189.519727,0.0,❌ 快线向下,124.372,124.173,16.0,0
1766331120.4750524,2025-12-21 15:32:00,2025-12-21 23:32:00,BarData,124.448,0,0.0,0.0,189.519727,0.0,❌ 快线向下,124.448,124.182,21.4,0
1766331180.6241655,2025-12-21 15:33:00,2025-12-21 23:33:00,BarData,124.39,0,0.0,0.0,189.519727,0.0,❌ 快线向下,124.390,124.189,16.2,0
1766331240.3746195,2025-12-21 15:34:00,2025-12-21 23:34:00,BarData,124.381,0,0.0,0.0,189.519727,0.0,❌ 快线向下,124.381,124.195,14.9,0
1766331300.5801682,2025-12-21 15:35:00,2025-12-21 23:35:00,BarData,124.315,0,0.0,0.0,189.519727,0.0,❌ 震荡 (Gap 9.3 < 10),124.315,124.199,9.3,0
1766331360.4676673,2025-12-21 15:36:00,2025-12-21 23:36:00,BarData,124.341,0,0.0,0.0,189.519727,0.0,❌ 快线向下,124.341,124.204,11.0,0
1766331420.48022,2025-12-21 15:37:00,2025-12-21 23:37:00,BarData,124.35,0,0.0,0.0,189.519727,0.0,❌ 快线向下,124.350,124.209,11.4,0
1766331480.350765,2025-12-21 15:38:00,2025-12-21 23:38:00,BarData,124.527,0,0.0,0.0,189.519727,0.0,✅ 触发交易,124.527,124.219,24.7,1
1766331484.2407672,2025-12-21 15:38:04,2025-12-21 23:38:04,Strategy_Open,124.527,1.0,0,1.0,189.52272699999997,0.0,Strategy_Signal,124.527,124.219,24.7,1
1766331512.0713143,2025-12-21 15:38:32,2025-12-21 23:38:32,SL,124.376,1.0,1.0,0.0,189.381727,0.0,🛡️ 止损 (-1.16%),124.527,124.219,24.7,1
1766331512.0716162,2025-12-21 15:38:32,2025-12-21 23:38:32,PnlRecord,124.376,0,0,0,189.41072699999998,-1.1564407324123938,多,124.527,124.219,24.7,1
1766331542.460324,2025-12-21 15:39:02,2025-12-21 23:39:02,BarData,124.393,0,0.0,0.0,189.381727,0.0,❌ 快线向下,124.393,124.225,13.5,0
1766331600.5565324,2025-12-21 15:40:00,2025-12-21 23:40:00,BarData,124.319,0,0.0,0.0,189.381727,0.0,❌ 震荡 (Gap 7.3 < 10),124.319,124.228,7.3,0
1766331660.786714,2025-12-21 15:41:00,2025-12-21 23:41:00,BarData,123.942,0,0.0,0.0,189.381727,0.0,✅ 触发交易,123.942,124.218,22.3,-1
1766331664.691036,2025-12-21 15:41:04,2025-12-21 23:41:04,Strategy_Open,123.942,1.0,0,-1.0,189.37872700000003,0.0,Strategy_Signal,123.942,124.218,22.3,-1
1766331720.529823,2025-12-21 15:42:00,2025-12-21 23:42:00,BarData,124.027,0,-1.0,-1.0,189.310727,0.0,✅ 触发交易,124.027,124.212,14.9,-1
1766331736.9614978,2025-12-21 15:42:16,2025-12-21 23:42:16,SL,124.051,1.0,-1.0,0.0,189.270727,0.0,🛡️ 止损 (-1.05%),124.027,124.212,14.9,-1
1766331736.961864,2025-12-21 15:42:16,2025-12-21 23:42:16,PnlRecord,124.051,0,0,0,189.28172700000002,-1.0490554466151456,空,124.027,124.212,14.9,-1
1766331780.564892,2025-12-21 15:43:00,2025-12-21 23:43:00,BarData,124.05,0,0.0,0.0,189.270727,0.0,✅ 触发交易,124.050,124.207,12.6,-1
1766331784.444688,2025-12-21 15:43:04,2025-12-21 23:43:04,Strategy_Open,124.05,1.0,0,-1.0,189.27372699999998,0.0,Strategy_Signal,124.050,124.207,12.6,-1
1766331840.533228,2025-12-21 15:44:00,2025-12-21 23:44:00,BarData,124.108,0,-1.0,-1.0,189.254727,0.0,❌ 震荡 (Gap 7.7 < 10),124.108,124.204,7.7,0
1766331841.2355452,2025-12-21 15:44:01,2025-12-21 23:44:01,PnlRecord,124.108,0,0,0,189.254727,-0.4917490951011072,空,124.108,124.204,7.7,0
1766331841.591851,2025-12-21 15:44:01,2025-12-21 23:44:01,CloseSignal,124.108,1.0,-1.0,0,189.254727,0.0,Strategy_TrendEnd,124.108,124.204,7.7,0
1766331900.3229845,2025-12-21 15:45:00,2025-12-21 23:45:00,BarData,124.114,0,0.0,0.0,189.206727,0.0,❌ 震荡 (Gap 7.0 < 10),124.114,124.201,7.0,0
1766331960.4984324,2025-12-21 15:46:00,2025-12-21 23:46:00,BarData,124.129,0,0.0,0.0,189.206727,0.0,❌ 震荡 (Gap 5.6 < 10),124.129,124.198,5.6,0
1766332020.5585482,2025-12-21 15:47:00,2025-12-21 23:47:00,BarData,124.044,0,0.0,0.0,189.206727,0.0,✅ 触发交易,124.044,124.193,12.0,-1
1766332024.4317844,2025-12-21 15:47:04,2025-12-21 23:47:04,Strategy_Open,124.044,1.0,0,-1.0,189.19772700000001,0.0,Strategy_Signal,124.044,124.193,12.0,-1
1766332080.0919569,2025-12-21 15:48:00,2025-12-21 23:48:00,BarData,124.133,0,-1.0,-1.0,189.136727,0.0,❌ 震荡 (Gap 4.7 < 10),124.133,124.191,4.7,0
1766332080.7661893,2025-12-21 15:48:00,2025-12-21 23:48:00,PnlRecord,124.133,0,0,0,189.136727,-0.7174873432007887,空,124.133,124.191,4.7,0
1766332081.1235726,2025-12-21 15:48:01,2025-12-21 23:48:01,CloseSignal,124.133,1.0,-1.0,0,189.136727,0.0,Strategy_TrendEnd,124.133,124.191,4.7,0
1766332142.4001484,2025-12-21 15:49:02,2025-12-21 23:49:02,BarData,124.228,0,0.0,0.0,189.108727,0.0,❌ 震荡 (Gap 2.9 < 10),124.228,124.192,2.9,0
1766332200.717985,2025-12-21 15:50:00,2025-12-21 23:50:00,BarData,124.209,0,0.0,0.0,189.108727,0.0,❌ 震荡 (Gap 1.3 < 10),124.209,124.193,1.3,0
1766332260.5984066,2025-12-21 15:51:00,2025-12-21 23:51:00,BarData,124.829,0,0.0,0.0,189.108727,0.0,✅ 触发交易,124.829,124.214,49.3,1
1766332264.4653046,2025-12-21 15:51:04,2025-12-21 23:51:04,Strategy_Open,124.829,1.0,0,1.0,189.11872699999998,0.0,Strategy_Signal,124.829,124.214,49.3,1
1766332320.641955,2025-12-21 15:52:00,2025-12-21 23:52:00,BarData,124.902,0,1.0,1.0,189.186727,0.0,✅ 触发交易,124.902,124.236,53.3,1
1766332380.3379934,2025-12-21 15:53:00,2025-12-21 23:53:00,BarData,124.885,0,1.0,1.0,189.17772699999998,0.0,✅ 触发交易,124.885,124.258,50.2,1
1766332440.2669861,2025-12-21 15:54:00,2025-12-21 23:54:00,BarData,125.128,0,1.0,1.0,189.426727,0.0,✅ 触发交易,125.128,124.286,67.3,1
1766332501.0743678,2025-12-21 15:55:01,2025-12-21 23:55:01,BarData,125.133,0,1.0,1.0,189.401727,0.0,✅ 触发交易,125.133,124.314,65.5,1
1766332560.255716,2025-12-21 15:56:00,2025-12-21 23:56:00,BarData,124.977,0,1.0,1.0,189.259727,0.0,✅ 触发交易,124.977,124.336,51.3,1
1766332620.1693878,2025-12-21 15:57:00,2025-12-21 23:57:00,BarData,124.962,0,1.0,1.0,189.24972699999998,0.0,✅ 触发交易,124.962,124.356,48.5,1
1766332680.3398368,2025-12-21 15:58:00,2025-12-21 23:58:00,BarData,124.969,0,1.0,1.0,189.25472699999997,0.0,✅ 触发交易,124.969,124.376,47.4,1
1766332740.5679553,2025-12-21 15:59:00,2025-12-21 23:59:00,BarData,125.008,0,1.0,1.0,189.28472699999998,0.0,✅ 触发交易,125.008,124.397,48.9,1
1766332800.2011938,2025-12-21 16:00:00,2025-12-22 00:00:00,BarData,125.007,0,1.0,1.0,189.28672699999998,0.0,✅ 触发交易,125.007,124.417,47.2,1
1766332860.0910509,2025-12-21 16:01:00,2025-12-22 00:01:00,BarData,124.911,0,1.0,1.0,189.17522599999998,0.0,✅ 触发交易,124.911,124.433,38.2,1
1766332921.1367302,2025-12-21 16:02:01,2025-12-22 00:02:01,BarData,125.057,0,1.0,1.0,189.334226,0.0,✅ 触发交易,125.057,124.454,48.2,1
1766332980.4655883,2025-12-21 16:03:00,2025-12-22 00:03:00,BarData,125.071,0,1.0,1.0,189.355226,0.0,✅ 触发交易,125.071,124.474,47.7,1
1766333040.3102982,2025-12-21 16:04:00,2025-12-22 00:04:00,BarData,125.089,0,1.0,1.0,189.350226,0.0,✅ 触发交易,125.089,124.494,47.6,1
1766333100.5897439,2025-12-21 16:05:00,2025-12-22 00:05:00,BarData,125.112,0,1.0,1.0,189.380226,0.0,✅ 触发交易,125.112,124.514,47.8,1
1766333160.3592772,2025-12-21 16:06:00,2025-12-22 00:06:00,BarData,125.037,0,1.0,1.0,189.343226,0.0,✅ 触发交易,125.037,124.531,40.4,1
1766333221.0094163,2025-12-21 16:07:01,2025-12-22 00:07:01,BarData,125.116,0,1.0,1.0,189.338226,0.0,✅ 触发交易,125.116,124.551,45.2,1
1766333280.5337553,2025-12-21 16:08:00,2025-12-22 00:08:00,BarData,125.177,0,1.0,1.0,189.416226,0.0,✅ 触发交易,125.177,124.571,48.4,1
1766333340.51916,2025-12-21 16:09:00,2025-12-22 00:09:00,BarData,125.051,0,1.0,1.0,189.344226,0.0,✅ 触发交易,125.051,124.587,37.1,1
1766333400.087619,2025-12-21 16:10:00,2025-12-22 00:10:00,BarData,125.116,0,1.0,1.0,189.393226,0.0,✅ 触发交易,125.116,124.604,40.9,1
1766333461.708114,2025-12-21 16:11:01,2025-12-22 00:11:01,BarData,125.031,0,1.0,1.0,189.310226,0.0,✅ 触发交易,125.031,124.618,33.0,1
1766333522.635773,2025-12-21 16:12:02,2025-12-22 00:12:02,BarData,124.939,0,1.0,1.0,189.206226,0.0,✅ 触发交易,124.939,124.629,24.8,1
1766333580.0912402,2025-12-21 16:13:00,2025-12-22 00:13:00,BarData,124.958,0,1.0,1.0,189.236226,0.0,✅ 触发交易,124.958,124.640,25.5,1
1766333640.6015506,2025-12-21 16:14:00,2025-12-22 00:14:00,BarData,124.879,0,1.0,1.0,189.17422599999998,0.0,✅ 触发交易,124.879,124.647,18.5,1
1766333701.8174896,2025-12-21 16:15:01,2025-12-22 00:15:01,BarData,124.75,0,1.0,1.0,189.023226,0.0,❌ 震荡 (Gap 8.0 < 10),124.750,124.651,8.0,0
1766333702.505529,2025-12-21 16:15:02,2025-12-22 00:15:02,PnlRecord,124.75,0,0,0,189.023226,-0.6328657603601209,多,124.750,124.651,8.0,0
1766333702.8589911,2025-12-21 16:15:02,2025-12-22 00:15:02,CloseSignal,124.75,1.0,1.0,0,189.023226,0.0,Strategy_TrendEnd,124.750,124.651,8.0,0
1766333760.337554,2025-12-21 16:16:00,2025-12-22 00:16:00,BarData,124.791,0,0.0,0.0,189.027226,0.0,✅ 触发交易,124.791,124.655,10.9,1
1766333765.1242607,2025-12-21 16:16:05,2025-12-22 00:16:05,Strategy_Open,124.791,1.0,0,1.0,189.02422600000003,0.0,Strategy_Signal,124.791,124.655,10.9,1
1766333822.5138547,2025-12-21 16:17:02,2025-12-22 00:17:02,BarData,124.802,0,1.0,1.0,189.039226,0.0,✅ 触发交易,124.802,124.660,11.4,1
1766333880.2409124,2025-12-21 16:18:00,2025-12-22 00:18:00,BarData,124.865,0,1.0,1.0,189.084226,0.0,✅ 触发交易,124.865,124.667,15.9,1
1766333941.0694566,2025-12-21 16:19:01,2025-12-22 00:19:01,BarData,124.944,0,1.0,1.0,189.14322600000003,0.0,✅ 触发交易,124.944,124.676,21.5,1
1766334000.2558398,2025-12-21 16:20:00,2025-12-22 00:20:00,BarData,124.957,0,1.0,1.0,189.14322600000003,0.0,✅ 触发交易,124.957,124.685,21.8,1
1766334060.5826921,2025-12-21 16:21:00,2025-12-22 00:21:00,BarData,125.081,0,1.0,1.0,189.20022600000001,0.0,✅ 触发交易,125.081,124.698,30.6,1
1766334120.4909172,2025-12-21 16:22:00,2025-12-22 00:22:00,BarData,125.167,0,1.0,1.0,189.42122600000002,0.0,✅ 触发交易,125.167,124.714,36.2,1
1766334180.6142535,2025-12-21 16:23:00,2025-12-22 00:23:00,BarData,125.197,0,1.0,1.0,189.413226,0.0,✅ 触发交易,125.197,124.729,37.3,1
1766334240.1228395,2025-12-21 16:24:00,2025-12-22 00:24:00,BarData,125.306,0,1.0,1.0,189.50022600000003,0.0,✅ 触发交易,125.306,124.748,44.5,1
1766334248.7296596,2025-12-21 16:24:08,2025-12-22 00:24:08,TP,125.414,1.0,1.0,0.0,189.638964,0.0,🚀 止盈 (+5.03%),125.306,124.748,44.5,1
1766334248.7300196,2025-12-21 16:24:08,2025-12-22 00:24:08,PnlRecord,125.414,0,0,0,189.50022600000003,5.032615838315197,多,125.306,124.748,44.5,1
1766334300.6444457,2025-12-21 16:25:00,2025-12-22 00:25:00,BarData,125.351,0,0.0,0.0,189.638964,0.0,✅ 触发交易,125.351,124.768,46.5,1
1766334304.651078,2025-12-21 16:25:04,2025-12-22 00:25:04,Strategy_Open,125.351,1.0,0,1.0,189.64196399999997,0.0,Strategy_Signal,125.351,124.768,46.5,1
1766334360.30869,2025-12-21 16:26:00,2025-12-22 00:26:00,BarData,125.46,0,1.0,1.0,189.69696399999998,0.0,✅ 触发交易,125.460,124.791,53.3,1
1766334421.8398623,2025-12-21 16:27:01,2025-12-22 00:27:01,BarData,125.517,0,1.0,1.0,189.771964,0.0,✅ 触发交易,125.517,124.815,56.0,1
1766334482.7658236,2025-12-21 16:28:02,2025-12-22 00:28:02,BarData,125.471,0,1.0,1.0,189.747964,0.0,✅ 触发交易,125.471,124.836,50.6,1
1766334540.3483007,2025-12-21 16:29:00,2025-12-22 00:29:00,BarData,125.377,0,1.0,1.0,189.65396399999997,0.0,✅ 触发交易,125.377,124.854,41.7,1
1766334600.3500688,2025-12-21 16:30:00,2025-12-22 00:30:00,BarData,125.374,0,1.0,1.0,189.646964,0.0,✅ 触发交易,125.374,124.871,40.1,1
1766334660.6591713,2025-12-21 16:31:00,2025-12-22 00:31:00,BarData,125.369,0,1.0,1.0,189.745964,0.0,✅ 触发交易,125.369,124.887,38.4,1
1766334720.1482227,2025-12-21 16:32:00,2025-12-22 00:32:00,BarData,125.39,0,1.0,1.0,189.65596399999998,0.0,✅ 触发交易,125.390,124.904,38.8,1
1766334781.0095015,2025-12-21 16:33:01,2025-12-22 00:33:01,BarData,125.357,0,1.0,1.0,189.675964,0.0,✅ 触发交易,125.357,124.919,35.0,1
1766334842.6114552,2025-12-21 16:34:02,2025-12-22 00:34:02,BarData,125.412,0,1.0,1.0,189.710964,0.0,✅ 触发交易,125.412,124.935,38.1,1
1766334900.6562665,2025-12-21 16:35:00,2025-12-22 00:35:00,BarData,125.361,0,1.0,1.0,189.680964,0.0,✅ 触发交易,125.361,124.949,32.9,1
1766334960.3330896,2025-12-21 16:36:00,2025-12-22 00:36:00,BarData,125.43,0,1.0,1.0,189.70196399999998,0.0,✅ 触发交易,125.430,124.964,37.1,1
1766335021.1192107,2025-12-21 16:37:01,2025-12-22 00:37:01,BarData,125.381,0,1.0,1.0,189.72096399999998,0.0,✅ 触发交易,125.381,124.978,32.1,1
1766335080.1035764,2025-12-21 16:38:00,2025-12-22 00:38:00,BarData,125.378,0,1.0,1.0,189.65596399999998,0.0,✅ 触发交易,125.378,124.991,30.8,1
1766335142.625403,2025-12-21 16:39:02,2025-12-22 00:39:02,BarData,125.386,0,1.0,1.0,189.670964,0.0,✅ 触发交易,125.386,125.004,30.4,1
1766335200.2286484,2025-12-21 16:40:00,2025-12-22 00:40:00,BarData,125.32,0,1.0,1.0,189.70796399999998,0.0,✅ 触发交易,125.320,125.015,24.4,1
1766335260.4263585,2025-12-21 16:41:00,2025-12-22 00:41:00,BarData,125.299,0,1.0,1.0,189.58996399999998,0.0,✅ 触发交易,125.299,125.024,22.0,1
1766335321.2089195,2025-12-21 16:42:01,2025-12-22 00:42:01,BarData,125.296,0,1.0,1.0,189.580964,0.0,✅ 触发交易,125.296,125.033,21.0,1
1766335380.0931575,2025-12-21 16:43:00,2025-12-22 00:43:00,BarData,125.264,0,1.0,1.0,189.543964,0.0,✅ 触发交易,125.264,125.040,17.9,1
1766335440.3437858,2025-12-21 16:44:00,2025-12-22 00:44:00,BarData,125.332,0,1.0,1.0,189.609964,0.0,✅ 触发交易,125.332,125.050,22.5,1
1766335500.2600112,2025-12-21 16:45:00,2025-12-22 00:45:00,BarData,125.382,0,1.0,1.0,189.598964,0.0,✅ 触发交易,125.382,125.061,25.6,1
1766335560.2175858,2025-12-21 16:46:00,2025-12-22 00:46:00,BarData,125.381,0,1.0,1.0,189.682964,0.0,✅ 触发交易,125.381,125.071,24.7,1
1766335620.4827278,2025-12-21 16:47:00,2025-12-22 00:47:00,BarData,125.377,0,1.0,1.0,189.66096399999998,0.0,✅ 触发交易,125.377,125.081,23.6,1
1766335680.4243915,2025-12-21 16:48:00,2025-12-22 00:48:00,BarData,125.301,0,1.0,1.0,189.59096399999999,0.0,✅ 触发交易,125.301,125.089,17.0,1
1766335699.2030194,2025-12-21 16:48:19,2025-12-22 00:48:19,SL,125.122,1.0,1.0,0.0,189.424964,0.0,🛡️ 止损 (-1.88%),125.301,125.089,17.0,1
1766335699.2037013,2025-12-21 16:48:19,2025-12-22 00:48:19,PnlRecord,125.122,0,0,0,189.581964,-1.8826082100863464,多,125.301,125.089,17.0,1
1766335740.4632025,2025-12-21 16:49:00,2025-12-22 00:49:00,BarData,125.22,0,0.0,0.0,189.424964,0.0,✅ 触发交易,125.220,125.093,10.2,1
1766335744.3589737,2025-12-21 16:49:04,2025-12-22 00:49:04,Strategy_Open,125.22,1.0,0,1.0,189.424964,0.0,Strategy_Signal,125.220,125.093,10.2,1
1766335801.104892,2025-12-21 16:50:01,2025-12-22 00:50:01,BarData,125.262,0,1.0,1.0,189.425964,0.0,✅ 触发交易,125.262,125.098,13.1,1
1766335860.09567,2025-12-21 16:51:00,2025-12-22 00:51:00,BarData,125.299,0,1.0,1.0,189.49996399999998,0.0,✅ 触发交易,125.299,125.105,15.5,1
1766335920.2138479,2025-12-21 16:52:00,2025-12-22 00:52:00,BarData,125.313,0,1.0,1.0,189.51796399999998,0.0,✅ 触发交易,125.313,125.112,16.1,1
1766335980.1598227,2025-12-21 16:53:00,2025-12-22 00:53:00,BarData,125.255,0,1.0,1.0,189.474964,0.0,✅ 触发交易,125.255,125.116,11.1,1
1766336040.4026625,2025-12-21 16:54:00,2025-12-22 00:54:00,BarData,125.268,0,1.0,1.0,189.474964,0.0,✅ 触发交易,125.268,125.121,11.7,1
1766336100.430689,2025-12-21 16:55:00,2025-12-22 00:55:00,BarData,125.241,0,1.0,1.0,189.444964,0.0,❌ 震荡 (Gap 9.2 < 10),125.241,125.125,9.2,0
1766336101.1942601,2025-12-21 16:55:01,2025-12-22 00:55:01,PnlRecord,125.241,0,0,0,189.444964,0.16770483948251713,多,125.241,125.125,9.2,0
1766336101.6140633,2025-12-21 16:55:01,2025-12-22 00:55:01,CloseSignal,125.241,1.0,1.0,0,189.444964,0.0,Strategy_TrendEnd,125.241,125.125,9.2,0
1766336160.265542,2025-12-21 16:56:00,2025-12-22 00:56:00,BarData,125.268,0,0.0,0.0,189.441964,0.0,✅ 触发交易,125.268,125.130,11.0,1
1766336164.1831436,2025-12-21 16:56:04,2025-12-22 00:56:04,Strategy_Open,125.268,1.0,0,1.0,189.445964,0.0,Strategy_Signal,125.268,125.130,11.0,1
1766336222.6572475,2025-12-21 16:57:02,2025-12-22 00:57:02,BarData,125.318,0,1.0,1.0,189.48596400000002,0.0,✅ 触发交易,125.318,125.136,14.5,1
1766336280.2215602,2025-12-21 16:58:00,2025-12-22 00:58:00,BarData,125.353,0,1.0,1.0,189.53296400000002,0.0,✅ 触发交易,125.353,125.143,16.7,1
1766336340.395966,2025-12-21 16:59:00,2025-12-22 00:59:00,BarData,125.374,0,1.0,1.0,189.54596400000003,0.0,✅ 触发交易,125.374,125.151,17.8,1
1766336400.2179313,2025-12-21 17:00:00,2025-12-22 01:00:00,BarData,125.398,0,1.0,1.0,189.58596400000002,0.0,✅ 触发交易,125.398,125.159,19.1,1
1766336460.4124286,2025-12-21 17:01:00,2025-12-22 01:01:00,BarData,125.383,0,1.0,1.0,189.58596400000002,0.0,✅ 触发交易,125.383,125.166,17.3,1
1766336520.5331137,2025-12-21 17:02:00,2025-12-22 01:02:00,BarData,125.403,0,1.0,1.0,189.57546200000002,0.0,✅ 触发交易,125.403,125.174,18.3,1
1766336581.1453104,2025-12-21 17:03:01,2025-12-22 01:03:01,BarData,125.426,0,1.0,1.0,189.604462,0.0,✅ 触发交易,125.426,125.182,19.4,1
1766336642.013455,2025-12-21 17:04:02,2025-12-22 01:04:02,BarData,125.37,0,1.0,1.0,189.584462,0.0,✅ 触发交易,125.370,125.189,14.5,1
1766336702.6648512,2025-12-21 17:05:02,2025-12-22 01:05:02,BarData,125.421,0,1.0,1.0,189.603462,0.0,✅ 触发交易,125.421,125.196,17.9,1
1766336760.454056,2025-12-21 17:06:00,2025-12-22 01:06:00,BarData,125.38,0,1.0,1.0,189.59546200000003,0.0,✅ 触发交易,125.380,125.202,14.2,1
1766336820.1786146,2025-12-21 17:07:00,2025-12-22 01:07:00,BarData,125.381,0,1.0,1.0,189.50546200000002,0.0,✅ 触发交易,125.381,125.208,13.8,1
1766336881.057414,2025-12-21 17:08:01,2025-12-22 01:08:01,BarData,125.317,0,1.0,1.0,189.495462,0.0,❌ 震荡 (Gap 8.4 < 10),125.317,125.212,8.4,0
1766336881.7568097,2025-12-21 17:08:01,2025-12-22 01:08:01,PnlRecord,125.317,0,0,0,189.495462,0.40713361965727113,多,125.317,125.212,8.4,0
1766336882.1419,2025-12-21 17:08:02,2025-12-22 01:08:02,CloseSignal,125.317,1.0,1.0,0,189.495462,0.0,Strategy_TrendEnd,125.317,125.212,8.4,0
1766336940.1794176,2025-12-21 17:09:00,2025-12-22 01:09:00,BarData,125.621,0,0.0,0.0,189.486462,0.0,✅ 触发交易,125.621,125.225,31.5,1
1766336944.0435538,2025-12-21 17:09:04,2025-12-22 01:09:04,Strategy_Open,125.621,1.0,0,1.0,189.49046199999998,0.0,Strategy_Signal,125.621,125.225,31.5,1
1766337000.742022,2025-12-21 17:10:00,2025-12-22 01:10:00,BarData,125.87,0,1.0,1.0,189.738462,0.0,✅ 触发交易,125.870,125.246,49.6,1
1766337060.5824687,2025-12-21 17:11:00,2025-12-22 01:11:00,BarData,126.014,0,1.0,1.0,189.875462,0.0,✅ 触发交易,126.014,125.271,58.9,1
1766337120.158165,2025-12-21 17:12:00,2025-12-22 01:12:00,BarData,125.951,0,1.0,1.0,189.827462,0.0,✅ 触发交易,125.951,125.294,52.2,1
1766337180.1192863,2025-12-21 17:13:00,2025-12-22 01:13:00,BarData,126.063,0,1.0,1.0,189.87046199999997,0.0,✅ 触发交易,126.063,125.319,59.0,1
1766337240.549907,2025-12-21 17:14:00,2025-12-22 01:14:00,BarData,126.058,0,1.0,1.0,189.89546199999998,0.0,✅ 触发交易,126.058,125.343,56.7,1
1766337300.368062,2025-12-21 17:15:00,2025-12-22 01:15:00,BarData,126.082,0,1.0,1.0,189.94346199999998,0.0,✅ 触发交易,126.082,125.367,56.7,1
1766337361.8062434,2025-12-21 17:16:01,2025-12-22 01:16:01,BarData,126.047,0,1.0,1.0,189.905462,0.0,✅ 触发交易,126.047,125.390,52.2,1
1766337420.3601465,2025-12-21 17:17:00,2025-12-22 01:17:00,BarData,126.17,0,1.0,1.0,189.905462,0.0,✅ 触发交易,126.170,125.415,59.8,1
1766337436.0397685,2025-12-21 17:17:16,2025-12-22 01:17:16,TP,126.25,1.0,1.0,0.0,190.110462,0.0,🚀 止盈 (+5.01%),126.170,125.415,59.8,1
1766337436.0401237,2025-12-21 17:17:16,2025-12-22 01:17:16,PnlRecord,126.25,0,0,0,189.905462,5.007124604962585,多,126.170,125.415,59.8,1
1766337480.7731824,2025-12-21 17:18:00,2025-12-22 01:18:00,BarData,126.164,0,0.0,0.0,190.110462,0.0,✅ 触发交易,126.164,125.440,57.4,1
1766337484.6301033,2025-12-21 17:18:04,2025-12-22 01:18:04,Strategy_Open,126.164,1.0,0,1.0,190.10646200000002,0.0,Strategy_Signal,126.164,125.440,57.4,1
1766337540.723049,2025-12-21 17:19:00,2025-12-22 01:19:00,BarData,126.267,0,1.0,1.0,190.07746200000003,0.0,✅ 触发交易,126.267,125.467,63.4,1
1766337600.2030869,2025-12-21 17:20:00,2025-12-22 01:20:00,BarData,126.179,0,1.0,1.0,190.07746200000003,0.0,✅ 触发交易,126.179,125.490,54.6,1
1766337620.3267612,2025-12-21 17:20:20,2025-12-22 01:20:20,SL,126.057,1.0,1.0,0.0,189.984462,0.0,🛡️ 止损 (-1.01%),126.179,125.490,54.6,1
1766337620.3271043,2025-12-21 17:20:20,2025-12-22 01:20:20,PnlRecord,126.057,0,0,0,189.99846200000002,-1.0064667469726378,多,126.179,125.490,54.6,1
1766337660.5248954,2025-12-21 17:21:00,2025-12-22 01:21:00,BarData,126.042,0,0.0,0.0,189.984462,0.0,✅ 触发交易,126.042,125.508,42.3,1
1766337664.391737,2025-12-21 17:21:04,2025-12-22 01:21:04,Strategy_Open,126.042,1.0,0,1.0,189.98046200000002,0.0,Strategy_Signal,126.042,125.508,42.3,1
1766337722.0309966,2025-12-21 17:22:02,2025-12-22 01:22:02,BarData,126.078,0,1.0,1.0,189.99246200000002,0.0,✅ 触发交易,126.078,125.527,43.7,1
1766337780.317321,2025-12-21 17:23:00,2025-12-22 01:23:00,BarData,126.063,0,1.0,1.0,190.05146200000001,0.0,✅ 触发交易,126.063,125.545,41.1,1
1766337840.3983724,2025-12-21 17:24:00,2025-12-22 01:24:00,BarData,126.037,0,1.0,1.0,189.964462,0.0,✅ 触发交易,126.037,125.561,37.8,1
1766337900.7227995,2025-12-21 17:25:00,2025-12-22 01:25:00,BarData,126.001,0,1.0,1.0,189.943462,0.0,✅ 触发交易,126.001,125.575,33.8,1
1766337960.252553,2025-12-21 17:26:00,2025-12-22 01:26:00,BarData,125.957,0,1.0,1.0,189.90346200000002,0.0,✅ 触发交易,125.957,125.588,29.3,1
1766337992.1091475,2025-12-21 17:26:32,2025-12-22 01:26:32,SL,125.91,1.0,1.0,0.0,189.855462,0.0,🛡️ 止损 (-1.06%),125.957,125.588,29.3,1
1766337992.1094596,2025-12-21 17:26:32,2025-12-22 01:26:32,PnlRecord,125.91,0,0,0,189.90346200000002,-1.063120814953511,多,125.957,125.588,29.3,1
1766338020.5871458,2025-12-21 17:27:00,2025-12-22 01:27:00,BarData,125.685,0,0.0,0.0,189.855462,0.0,❌ 震荡 (Gap 7.5 < 10),125.685,125.591,7.5,0
1766338080.1652982,2025-12-21 17:28:00,2025-12-22 01:28:00,BarData,125.652,0,0.0,0.0,189.855462,0.0,❌ 震荡 (Gap 4.7 < 10),125.652,125.593,4.7,0
1766338140.5904953,2025-12-21 17:29:00,2025-12-22 01:29:00,BarData,125.73,0,0.0,0.0,189.855462,0.0,✅ 触发交易,125.730,125.597,10.6,1
1766338144.4569395,2025-12-21 17:29:04,2025-12-22 01:29:04,Strategy_Open,125.73,1.0,0,1.0,189.851462,0.0,Strategy_Signal,125.730,125.597,10.6,1
1766338200.55865,2025-12-21 17:30:00,2025-12-22 01:30:00,BarData,125.723,0,1.0,1.0,189.86046199999998,0.0,❌ 震荡 (Gap 9.7 < 10),125.723,125.601,9.7,0
1766338201.2453887,2025-12-21 17:30:01,2025-12-22 01:30:01,PnlRecord,125.723,0,0,0,189.86046199999998,-0.04772168712071381,多,125.723,125.601,9.7,0
1766338201.6204362,2025-12-21 17:30:01,2025-12-22 01:30:01,CloseSignal,125.723,1.0,1.0,0,189.86046199999998,0.0,Strategy_TrendEnd,125.723,125.601,9.7,0
1766338260.4938238,2025-12-21 17:31:00,2025-12-22 01:31:00,BarData,125.707,0,0.0,0.0,189.867462,0.0,❌ 震荡 (Gap 8.1 < 10),125.707,125.605,8.1,0
1766338320.3059037,2025-12-21 17:32:00,2025-12-22 01:32:00,BarData,125.668,0,0.0,0.0,189.867462,0.0,❌ 震荡 (Gap 4.9 < 10),125.668,125.607,4.9,0
1766338380.4677012,2025-12-21 17:33:00,2025-12-22 01:33:00,BarData,125.705,0,0.0,0.0,189.867462,0.0,❌ 震荡 (Gap 7.5 < 10),125.705,125.610,7.5,0
1766338441.203668,2025-12-21 17:34:01,2025-12-22 01:34:01,BarData,125.718,0,0.0,0.0,189.867462,0.0,❌ 震荡 (Gap 8.3 < 10),125.718,125.614,8.3,0
1766338502.1794603,2025-12-21 17:35:02,2025-12-22 01:35:02,BarData,125.795,0,0.0,0.0,189.867462,0.0,✅ 触发交易,125.795,125.620,13.9,1
1766338506.1987686,2025-12-21 17:35:06,2025-12-22 01:35:06,Strategy_Open,125.795,1.0,0,1.0,189.891462,0.0,Strategy_Signal,125.795,125.620,13.9,1
1766338560.1042538,2025-12-21 17:36:00,2025-12-22 01:36:00,BarData,125.776,0,1.0,1.0,189.867462,0.0,✅ 触发交易,125.776,125.625,12.0,1
1766338600.435359,2025-12-21 17:36:40,2025-12-22 01:36:40,SL,125.649,1.0,1.0,0.0,189.721462,0.0,🛡️ 止损 (-1.16%),125.776,125.625,12.0,1
1766338600.4356713,2025-12-21 17:36:40,2025-12-22 01:36:40,PnlRecord,125.649,0,0,0,189.867462,-1.1606184665527308,多,125.776,125.625,12.0,1
1766338620.5555205,2025-12-21 17:37:00,2025-12-22 01:37:00,BarData,125.655,0,0.0,0.0,189.721462,0.0,❌ 震荡 (Gap 2.3 < 10),125.655,125.626,2.3,0
1766338681.1948712,2025-12-21 17:38:01,2025-12-22 01:38:01,BarData,125.695,0,0.0,0.0,189.721462,0.0,❌ 震荡 (Gap 5.3 < 10),125.695,125.628,5.3,0
1766338742.7238913,2025-12-21 17:39:02,2025-12-22 01:39:02,BarData,125.746,0,0.0,0.0,189.721462,0.0,❌ 震荡 (Gap 9.1 < 10),125.746,125.632,9.1,0
1766338800.5984366,2025-12-21 17:40:00,2025-12-22 01:40:00,BarData,125.675,0,0.0,0.0,189.721462,0.0,❌ 震荡 (Gap 3.3 < 10),125.675,125.633,3.3,0
1766338860.7690156,2025-12-21 17:41:00,2025-12-22 01:41:00,BarData,125.758,0,0.0,0.0,189.721462,0.0,❌ 震荡 (Gap 9.6 < 10),125.758,125.637,9.6,0
1766338920.4464102,2025-12-21 17:42:00,2025-12-22 01:42:00,BarData,125.718,0,0.0,0.0,189.721462,0.0,❌ 震荡 (Gap 6.2 < 10),125.718,125.640,6.2,0
1766338981.232709,2025-12-21 17:43:01,2025-12-22 01:43:01,BarData,125.664,0,0.0,0.0,189.721462,0.0,❌ 震荡 (Gap 1.8 < 10),125.664,125.641,1.8,0
1766339040.3900933,2025-12-21 17:44:00,2025-12-22 01:44:00,BarData,125.649,0,0.0,0.0,189.721462,0.0,❌ 震荡 (Gap 0.6 < 10),125.649,125.641,0.6,0
1766339100.3306298,2025-12-21 17:45:00,2025-12-22 01:45:00,BarData,125.678,0,0.0,0.0,189.721462,0.0,❌ 震荡 (Gap 2.8 < 10),125.678,125.642,2.8,0
1766339160.2137406,2025-12-21 17:46:00,2025-12-22 01:46:00,BarData,125.663,0,0.0,0.0,189.721462,0.0,❌ 震荡 (Gap 1.6 < 10),125.663,125.643,1.6,0
1766339220.2517862,2025-12-21 17:47:00,2025-12-22 01:47:00,BarData,125.616,0,0.0,0.0,189.721462,0.0,❌ 震荡 (Gap 2.1 < 10),125.616,125.642,2.1,0
1766339280.476563,2025-12-21 17:48:00,2025-12-22 01:48:00,BarData,125.594,0,0.0,0.0,189.721462,0.0,❌ 震荡 (Gap 3.7 < 10),125.594,125.641,3.7,0
1766339340.1575718,2025-12-21 17:49:00,2025-12-22 01:49:00,BarData,125.615,0,0.0,0.0,189.721462,0.0,❌ 震荡 (Gap 2.0 < 10),125.615,125.640,2.0,0
1766339401.3913696,2025-12-21 17:50:01,2025-12-22 01:50:01,BarData,125.522,0,0.0,0.0,189.721462,0.0,❌ 震荡 (Gap 9.1 < 10),125.522,125.636,9.1,0
1766339460.5253055,2025-12-21 17:51:00,2025-12-22 01:51:00,BarData,125.543,0,0.0,0.0,189.721462,0.0,❌ 震荡 (Gap 7.2 < 10),125.543,125.633,7.2,0
1766339520.387011,2025-12-21 17:52:00,2025-12-22 01:52:00,BarData,125.506,0,0.0,0.0,189.721462,0.0,❌ 震荡 (Gap 9.8 < 10),125.506,125.629,9.8,0
1766339581.1913366,2025-12-21 17:53:01,2025-12-22 01:53:01,BarData,125.456,0,0.0,0.0,189.721462,0.0,❌ 快线向上,125.456,125.623,13.3,0
1766339642.7741392,2025-12-21 17:54:02,2025-12-22 01:54:02,BarData,125.442,0,0.0,0.0,189.721462,0.0,❌ 快线向上,125.442,125.617,14.0,0
1766339700.5189538,2025-12-21 17:55:00,2025-12-22 01:55:00,BarData,125.351,0,0.0,0.0,189.721462,0.0,❌ 快线向上,125.351,125.608,20.5,0
1766339760.501392,2025-12-21 17:56:00,2025-12-22 01:56:00,BarData,125.422,0,0.0,0.0,189.721462,0.0,❌ 快线向上,125.422,125.602,14.4,0
1766339820.3464227,2025-12-21 17:57:00,2025-12-22 01:57:00,BarData,125.379,0,0.0,0.0,189.721462,0.0,❌ 快线向上,125.379,125.595,17.2,0
1766339882.0770202,2025-12-21 17:58:02,2025-12-22 01:58:02,BarData,125.354,0,0.0,0.0,189.721462,0.0,❌ 快线向上,125.354,125.587,18.6,0
1766339941.9462357,2025-12-21 17:59:01,2025-12-22 01:59:01,BarData,125.391,0,0.0,0.0,189.721462,0.0,❌ 快线向上,125.391,125.581,15.1,0
1766340000.4484274,2025-12-21 18:00:00,2025-12-22 02:00:00,BarData,125.374,0,0.0,0.0,189.721462,0.0,❌ 快线向上,125.374,125.574,15.9,0
1766340060.0943758,2025-12-21 18:01:00,2025-12-22 02:01:00,BarData,125.229,0,0.0,0.0,189.721462,0.0,❌ 快线向上,125.229,125.563,26.6,0
1766340120.360862,2025-12-21 18:02:00,2025-12-22 02:02:00,BarData,125.071,0,0.0,0.0,189.721462,0.0,✅ 触发交易,125.071,125.546,38.0,-1
1766340124.227173,2025-12-21 18:02:04,2025-12-22 02:02:04,Strategy_Open,125.071,1.0,0,-1.0,189.717462,0.0,Strategy_Signal,125.071,125.546,38.0,-1
1766340180.3126311,2025-12-21 18:03:00,2025-12-22 02:03:00,BarData,124.903,0,-1.0,-1.0,189.856462,0.0,✅ 触发交易,124.903,125.525,49.8,-1
1766340240.6636262,2025-12-21 18:04:00,2025-12-22 02:04:00,BarData,124.7,0,-1.0,-1.0,189.976462,0.0,✅ 触发交易,124.700,125.498,64.0,-1
1766340300.332404,2025-12-21 18:05:00,2025-12-22 02:05:00,BarData,124.696,0,-1.0,-1.0,190.030462,0.0,✅ 触发交易,124.696,125.472,62.2,-1
1766340360.851709,2025-12-21 18:06:00,2025-12-22 02:06:00,BarData,124.687,0,-1.0,-1.0,190.047462,0.0,✅ 触发交易,124.687,125.446,60.9,-1
1766340420.1180177,2025-12-21 18:07:00,2025-12-22 02:07:00,BarData,124.6,0,-1.0,-1.0,190.150462,0.0,✅ 触发交易,124.600,125.418,65.7,-1
1766340480.0833163,2025-12-21 18:08:00,2025-12-22 02:08:00,BarData,124.545,0,-1.0,-1.0,190.294462,0.0,✅ 触发交易,124.545,125.390,67.8,-1
1766340540.5447075,2025-12-21 18:09:00,2025-12-22 02:09:00,BarData,124.603,0,-1.0,-1.0,190.184462,0.0,✅ 触发交易,124.603,125.364,61.1,-1
1766340601.3524833,2025-12-21 18:10:01,2025-12-22 02:10:01,BarData,124.502,0,-1.0,-1.0,190.192462,0.0,✅ 触发交易,124.502,125.336,67.0,-1
1766340642.351252,2025-12-21 18:10:42,2025-12-22 02:10:42,TP,124.437,1.0,-1.0,0.0,190.346462,0.0,🚀 止盈 (+5.06%),124.502,125.336,67.0,-1
1766340642.351573,2025-12-21 18:10:42,2025-12-22 02:10:42,PnlRecord,124.437,0,0,0,190.273462,5.061165747181544,空,124.502,125.336,67.0,-1
1766340660.4221117,2025-12-21 18:11:00,2025-12-22 02:11:00,BarData,124.372,0,0.0,0.0,190.346462,0.0,✅ 触发交易,124.372,125.304,74.9,-1
1766340664.3007708,2025-12-21 18:11:04,2025-12-22 02:11:04,Strategy_Open,124.372,1.0,0,-1.0,190.328462,0.0,Strategy_Signal,124.372,125.304,74.9,-1
1766340719.581273,2025-12-21 18:11:59,2025-12-22 02:11:59,SL,124.51,1.0,-1.0,0.0,190.209462,0.0,🛡️ 止损 (-1.04%),124.372,125.304,74.9,-1
1766340719.5815842,2025-12-21 18:11:59,2025-12-22 02:11:59,PnlRecord,124.51,0,0,0,190.275462,-1.0371358969617939,空,124.372,125.304,74.9,-1
1766340722.4290895,2025-12-21 18:12:02,2025-12-22 02:12:02,BarData,124.467,0,0.0,0.0,190.209462,0.0,✅ 触发交易,124.467,125.277,65.1,-1
1766340725.966307,2025-12-21 18:12:05,2025-12-22 02:12:05,Strategy_Open,124.467,1.0,0,-1.0,190.224462,0.0,Strategy_Signal,124.467,125.277,65.1,-1
1766340780.9155989,2025-12-21 18:13:00,2025-12-22 02:13:00,BarData,124.357,0,-1.0,-1.0,190.28346200000001,0.0,✅ 触发交易,124.357,125.247,71.5,-1
1766340842.1288104,2025-12-21 18:14:02,2025-12-22 02:14:02,BarData,124.363,0,-1.0,-1.0,190.252462,0.0,✅ 触发交易,124.363,125.218,68.7,-1
1766340900.5964508,2025-12-21 18:15:00,2025-12-22 02:15:00,BarData,124.321,0,-1.0,-1.0,190.366462,0.0,✅ 触发交易,124.321,125.188,69.8,-1
1766340962.8008046,2025-12-21 18:16:02,2025-12-22 02:16:02,BarData,124.33,0,-1.0,-1.0,190.31346200000002,0.0,✅ 触发交易,124.330,125.160,66.8,-1
1766341020.3242834,2025-12-21 18:17:00,2025-12-22 02:17:00,BarData,124.458,0,-1.0,-1.0,190.241462,0.0,✅ 触发交易,124.458,125.137,54.6,-1
1766341080.684367,2025-12-21 18:18:00,2025-12-22 02:18:00,BarData,124.431,0,-1.0,-1.0,190.231462,0.0,✅ 触发交易,124.431,125.114,54.9,-1
1766341126.3041403,2025-12-21 18:18:46,2025-12-22 02:18:46,SL,124.608,1.0,-1.0,0.0,190.121462,0.0,🛡️ 止损 (-1.08%),124.431,125.114,54.9,-1
1766341126.3044658,2025-12-21 18:18:46,2025-12-22 02:18:46,PnlRecord,124.608,0,0,0,190.161462,-1.0845725579041647,空,124.431,125.114,54.9,-1
1766341140.2314224,2025-12-21 18:19:00,2025-12-22 02:19:00,BarData,124.576,0,0.0,0.0,190.121462,0.0,✅ 触发交易,124.576,125.096,41.8,-1
1766341144.097148,2025-12-21 18:19:04,2025-12-22 02:19:04,Strategy_Open,124.576,1.0,0,-1.0,190.11846200000002,0.0,Strategy_Signal,124.576,125.096,41.8,-1
1766341200.452307,2025-12-21 18:20:00,2025-12-22 02:20:00,BarData,124.47,0,-1.0,-1.0,190.180462,0.0,✅ 触发交易,124.470,125.076,48.7,-1
1766341260.4351306,2025-12-21 18:21:00,2025-12-22 02:21:00,BarData,124.487,0,-1.0,-1.0,190.19446200000002,0.0,✅ 触发交易,124.487,125.056,45.7,-1
1766341320.1351624,2025-12-21 18:22:00,2025-12-22 02:22:00,BarData,124.453,0,-1.0,-1.0,190.27846200000002,0.0,✅ 触发交易,124.453,125.037,46.9,-1
1766341380.2021272,2025-12-21 18:23:00,2025-12-22 02:23:00,BarData,124.441,0,-1.0,-1.0,190.23646200000002,0.0,✅ 触发交易,124.441,125.017,46.3,-1
1766341440.7449567,2025-12-21 18:24:00,2025-12-22 02:24:00,BarData,124.453,0,-1.0,-1.0,190.222462,0.0,✅ 触发交易,124.453,124.999,43.8,-1
1766341500.3645442,2025-12-21 18:25:00,2025-12-22 02:25:00,BarData,124.356,0,-1.0,-1.0,190.30846200000002,0.0,✅ 触发交易,124.356,124.978,50.0,-1
1766341560.519708,2025-12-21 18:26:00,2025-12-22 02:26:00,BarData,124.454,0,-1.0,-1.0,190.23046200000002,0.0,✅ 触发交易,124.454,124.960,40.7,-1
1766341620.1387136,2025-12-21 18:27:00,2025-12-22 02:27:00,BarData,124.473,0,-1.0,-1.0,190.205462,0.0,✅ 触发交易,124.473,124.944,37.9,-1
1766341680.903644,2025-12-21 18:28:00,2025-12-22 02:28:00,BarData,124.492,0,-1.0,-1.0,190.179462,0.0,✅ 触发交易,124.492,124.930,35.1,-1
1766341742.042397,2025-12-21 18:29:02,2025-12-22 02:29:02,BarData,124.574,0,-1.0,-1.0,190.11846200000002,0.0,✅ 触发交易,124.574,124.918,27.6,-1
1766341800.6293166,2025-12-21 18:30:00,2025-12-22 02:30:00,BarData,124.604,0,-1.0,-1.0,190.036462,0.0,✅ 触发交易,124.604,124.908,24.4,-1
1766341855.276482,2025-12-21 18:30:55,2025-12-22 02:30:55,SL,124.689,1.0,-1.0,0.0,189.988462,0.0,🛡️ 止损 (-1.07%),124.604,124.908,24.4,-1
1766341855.2768233,2025-12-21 18:30:55,2025-12-22 02:30:55,PnlRecord,124.689,0,0,0,189.994462,-1.0677928000256556,空,124.604,124.908,24.4,-1
1766341860.609122,2025-12-21 18:31:00,2025-12-22 02:31:00,BarData,124.723,0,0.0,0.0,189.988462,0.0,✅ 触发交易,124.723,124.902,14.3,-1
1766341864.1382935,2025-12-21 18:31:04,2025-12-22 02:31:04,Strategy_Open,124.723,1.0,0,-1.0,189.995462,0.0,Strategy_Signal,124.723,124.902,14.3,-1
1766341920.4217875,2025-12-21 18:32:00,2025-12-22 02:32:00,BarData,124.747,0,-1.0,-1.0,189.955462,0.0,✅ 触发交易,124.747,124.896,12.0,-1
1766341954.5291784,2025-12-21 18:32:34,2025-12-22 02:32:34,SL,124.872,1.0,-1.0,0.0,189.856462,0.0,🛡️ 止损 (-1.22%),124.747,124.896,12.0,-1
1766341954.5294843,2025-12-21 18:32:34,2025-12-22 02:32:34,PnlRecord,124.872,0,0,0,189.88446199999998,-1.218729955099431,空,124.747,124.896,12.0,-1
1766341980.1304553,2025-12-21 18:33:00,2025-12-22 02:33:00,BarData,124.844,0,0.0,0.0,189.856462,0.0,❌ 震荡 (Gap 4.1 < 10),124.844,124.895,4.1,0
1766342040.5266857,2025-12-21 18:34:00,2025-12-22 02:34:00,BarData,124.887,0,0.0,0.0,189.856462,0.0,❌ 震荡 (Gap 0.6 < 10),124.887,124.895,0.6,0
1766342100.2557034,2025-12-21 18:35:00,2025-12-22 02:35:00,BarData,124.806,0,0.0,0.0,189.856462,0.0,❌ 震荡 (Gap 6.9 < 10),124.806,124.892,6.9,0
1766342161.5395079,2025-12-21 18:36:01,2025-12-22 02:36:01,BarData,124.83,0,0.0,0.0,189.856462,0.0,❌ 震荡 (Gap 4.8 < 10),124.830,124.890,4.8,0
1766342220.3123271,2025-12-21 18:37:00,2025-12-22 02:37:00,BarData,125.055,0,0.0,0.0,189.856462,0.0,✅ 触发交易,125.055,124.895,12.8,1
1766342224.1662247,2025-12-21 18:37:04,2025-12-22 02:37:04,Strategy_Open,125.055,1.0,0,1.0,189.868462,0.0,Strategy_Signal,125.055,124.895,12.8,1
1766342241.2681255,2025-12-21 18:37:21,2025-12-22 02:37:21,SL,124.927,1.0,1.0,0.0,189.716462,0.0,🛡️ 止损 (-1.08%),125.055,124.895,12.8,1
1766342241.2684336,2025-12-21 18:37:21,2025-12-22 02:37:21,PnlRecord,124.927,0,0,0,189.787462,-1.0794645855654867,多,125.055,124.895,12.8,1
1766342280.6859527,2025-12-21 18:38:00,2025-12-22 02:38:00,BarData,124.998,0,0.0,0.0,189.716462,0.0,❌ 震荡 (Gap 8.0 < 10),124.998,124.898,8.0,0
1766342340.5137618,2025-12-21 18:39:00,2025-12-22 02:39:00,BarData,125.002,0,0.0,0.0,189.716462,0.0,❌ 震荡 (Gap 8.0 < 10),125.002,124.902,8.0,0
1766342400.5584784,2025-12-21 18:40:00,2025-12-22 02:40:00,BarData,125.005,0,0.0,0.0,189.716462,0.0,❌ 震荡 (Gap 8.0 < 10),125.005,124.905,8.0,0
1766342460.4652855,2025-12-21 18:41:00,2025-12-22 02:41:00,BarData,125.054,0,0.0,0.0,189.716462,0.0,✅ 触发交易,125.054,124.910,11.5,1
1766342464.31815,2025-12-21 18:41:04,2025-12-22 02:41:04,Strategy_Open,125.054,1.0,0,1.0,189.70646200000002,0.0,Strategy_Signal,125.054,124.910,11.5,1
1766342520.565138,2025-12-21 18:42:00,2025-12-22 02:42:00,BarData,125.033,0,1.0,1.0,189.726462,0.0,❌ 震荡 (Gap 9.5 < 10),125.033,124.914,9.5,0
1766342521.3393195,2025-12-21 18:42:01,2025-12-22 02:42:01,PnlRecord,125.033,0,0,0,189.726462,-0.18391760491296807,多,125.033,124.914,9.5,0
1766342521.7147133,2025-12-21 18:42:01,2025-12-22 02:42:01,CloseSignal,125.033,1.0,1.0,0,189.726462,0.0,Strategy_TrendEnd,125.033,124.914,9.5,0
1766342580.4958477,2025-12-21 18:43:00,2025-12-22 02:43:00,BarData,125.042,0,0.0,0.0,189.692462,0.0,❌ 震荡 (Gap 9.9 < 10),125.042,124.918,9.9,0
1766342640.459686,2025-12-21 18:44:00,2025-12-22 02:44:00,BarData,125.064,0,0.0,0.0,189.692462,0.0,✅ 触发交易,125.064,124.923,11.3,1
1766342644.3300676,2025-12-21 18:44:04,2025-12-22 02:44:04,Strategy_Open,125.064,1.0,0,1.0,189.684462,0.0,Strategy_Signal,125.064,124.923,11.3,1
1766342700.487233,2025-12-21 18:45:00,2025-12-22 02:45:00,BarData,125.061,0,1.0,1.0,189.685462,0.0,✅ 触发交易,125.061,124.928,10.7,1
1766342760.277637,2025-12-21 18:46:00,2025-12-22 02:46:00,BarData,125.1,0,1.0,1.0,189.691462,0.0,✅ 触发交易,125.100,124.933,13.3,1
1766342820.3839517,2025-12-21 18:47:00,2025-12-22 02:47:00,BarData,125.089,0,1.0,1.0,189.732462,0.0,✅ 触发交易,125.089,124.938,12.0,1
1766342880.1429489,2025-12-21 18:48:00,2025-12-22 02:48:00,BarData,125.096,0,1.0,1.0,189.727462,0.0,✅ 触发交易,125.096,124.944,12.2,1
1766342940.7192118,2025-12-21 18:49:00,2025-12-22 02:49:00,BarData,125.07,0,1.0,1.0,189.696462,0.0,❌ 震荡 (Gap 9.8 < 10),125.070,124.948,9.8,0
1766342941.392274,2025-12-21 18:49:01,2025-12-22 02:49:01,PnlRecord,125.07,0,0,0,189.696462,0.023987142891411115,多,125.070,124.948,9.8,0
1766342941.715932,2025-12-21 18:49:01,2025-12-22 02:49:01,CloseSignal,125.07,1.0,1.0,0,189.696462,0.0,Strategy_TrendEnd,125.070,124.948,9.8,0
1766343000.7395294,2025-12-21 18:50:00,2025-12-22 02:50:00,BarData,125.01,0,0.0,0.0,189.692462,0.0,❌ 震荡 (Gap 4.8 < 10),125.010,124.950,4.8,0
1766343060.777171,2025-12-21 18:51:00,2025-12-22 02:51:00,BarData,125.039,0,0.0,0.0,189.692462,0.0,❌ 震荡 (Gap 6.9 < 10),125.039,124.953,6.9,0
1766343120.777298,2025-12-21 18:52:00,2025-12-22 02:52:00,BarData,124.988,0,0.0,0.0,189.692462,0.0,❌ 震荡 (Gap 2.7 < 10),124.988,124.954,2.7,0
1766343181.4306579,2025-12-21 18:53:01,2025-12-22 02:53:01,BarData,125.024,0,0.0,0.0,189.692462,0.0,❌ 震荡 (Gap 5.4 < 10),125.024,124.956,5.4,0
1766343240.8083181,2025-12-21 18:54:00,2025-12-22 02:54:00,BarData,125.05,0,0.0,0.0,189.692462,0.0,❌ 震荡 (Gap 7.3 < 10),125.050,124.959,7.3,0
1766343300.2203586,2025-12-21 18:55:00,2025-12-22 02:55:00,BarData,125.011,0,0.0,0.0,189.692462,0.0,❌ 震荡 (Gap 4.0 < 10),125.011,124.961,4.0,0
1766343360.5212777,2025-12-21 18:56:00,2025-12-22 02:56:00,BarData,125.038,0,0.0,0.0,189.692462,0.0,❌ 震荡 (Gap 6.0 < 10),125.038,124.963,6.0,0
1766343421.4558585,2025-12-21 18:57:01,2025-12-22 02:57:01,BarData,125.127,0,0.0,0.0,189.692462,0.0,✅ 触发交易,125.127,124.969,12.6,1
1766343425.3003445,2025-12-21 18:57:05,2025-12-22 02:57:05,Strategy_Open,125.127,1.0,0,1.0,189.696462,0.0,Strategy_Signal,125.127,124.969,12.6,1
1766343480.349086,2025-12-21 18:58:00,2025-12-22 02:58:00,BarData,125.082,0,1.0,1.0,189.644462,0.0,❌ 震荡 (Gap 8.8 < 10),125.082,124.972,8.8,0
1766343481.0431385,2025-12-21 18:58:01,2025-12-22 02:58:01,PnlRecord,125.082,0,0,0,189.644462,-0.36762355348128695,多,125.082,124.972,8.8,0
1766343481.3619094,2025-12-21 18:58:01,2025-12-22 02:58:01,CloseSignal,125.082,1.0,1.0,0,189.644462,0.0,Strategy_TrendEnd,125.082,124.972,8.8,0
1766343540.3774035,2025-12-21 18:59:00,2025-12-22 02:59:00,BarData,125.067,0,0.0,0.0,189.632462,0.0,❌ 震荡 (Gap 7.3 < 10),125.067,124.976,7.3,0
1766343600.490207,2025-12-21 19:00:00,2025-12-22 03:00:00,BarData,125.041,0,0.0,0.0,189.632462,0.0,❌ 震荡 (Gap 5.1 < 10),125.041,124.978,5.1,0
1766343660.1171455,2025-12-21 19:01:00,2025-12-22 03:01:00,BarData,125.216,0,0.0,0.0,189.632462,0.0,✅ 触发交易,125.216,124.986,18.4,1
1766343664.0333831,2025-12-21 19:01:04,2025-12-22 03:01:04,Strategy_Open,125.216,1.0,0,1.0,189.695462,0.0,Strategy_Signal,125.216,124.986,18.4,1
1766343720.4183037,2025-12-21 19:02:00,2025-12-22 03:02:00,BarData,125.312,0,1.0,1.0,189.777462,0.0,✅ 触发交易,125.312,124.996,25.2,1
1766343780.2384152,2025-12-21 19:03:00,2025-12-22 03:03:00,BarData,125.256,0,1.0,1.0,189.662462,0.0,✅ 触发交易,125.256,125.005,20.1,1
1766343840.6898997,2025-12-21 19:04:00,2025-12-22 03:04:00,BarData,125.162,0,1.0,1.0,189.621462,0.0,✅ 触发交易,125.162,125.010,12.2,1
1766343876.2505856,2025-12-21 19:04:36,2025-12-22 03:04:36,SL,125.089,1.0,1.0,0.0,189.503787,0.0,🛡️ 止损 (-1.02%),125.162,125.010,12.2,1
1766343876.2508824,2025-12-21 19:04:36,2025-12-22 03:04:36,PnlRecord,125.089,0,0,0,189.577462,-1.0222254166766502,多,125.162,125.010,12.2,1
1766343916.8008995,2025-12-21 19:05:16,2025-12-22 03:05:16,BarData,125.208,0,0.0,0.0,189.503787,0.0,✅ 触发交易,125.208,125.016,15.3,1
1766343923.5755322,2025-12-21 19:05:23,2025-12-22 03:05:23,Strategy_Open,125.208,1.0,0,1.0,189.504787,0.0,Strategy_Signal,125.208,125.016,15.3,1
1766343960.1442726,2025-12-21 19:06:00,2025-12-22 03:06:00,BarData,125.261,0,1.0,1.0,189.53078699999998,0.0,✅ 触发交易,125.261,125.024,18.9,1
1766344020.6037195,2025-12-21 19:07:00,2025-12-22 03:07:00,BarData,125.292,0,1.0,1.0,189.546787,0.0,✅ 触发交易,125.292,125.033,20.7,1
1766344080.3401318,2025-12-21 19:08:00,2025-12-22 03:08:00,BarData,125.139,0,1.0,1.0,189.427787,0.0,❌ 震荡 (Gap 8.2 < 10),125.139,125.037,8.2,0
1766344081.0301678,2025-12-21 19:08:01,2025-12-22 03:08:01,PnlRecord,125.139,0,0,0,189.427787,-0.7346423808801236,多,125.139,125.037,8.2,0
1766344081.351688,2025-12-21 19:08:01,2025-12-22 03:08:01,CloseSignal,125.139,1.0,1.0,0,189.427787,0.0,Strategy_TrendEnd,125.139,125.037,8.2,0
1766344154.9098845,2025-12-21 19:09:14,2025-12-22 03:09:14,BarData,125.18,0,0.0,0.0,189.401787,0.0,✅ 触发交易,125.180,125.041,11.1,1
1766344158.7662632,2025-12-21 19:09:18,2025-12-22 03:09:18,Strategy_Open,125.18,1.0,0,1.0,189.40278700000002,0.0,Strategy_Signal,125.180,125.041,11.1,1
1766344211.918532,2025-12-21 19:10:11,2025-12-22 03:10:11,BarData,125.218,0,1.0,1.0,189.448787,0.0,✅ 触发交易,125.218,125.047,13.6,1
1766344260.4967165,2025-12-21 19:11:00,2025-12-22 03:11:00,BarData,125.19,0,1.0,1.0,189.412787,0.0,✅ 触发交易,125.190,125.052,11.0,1
1766344320.554712,2025-12-21 19:12:00,2025-12-22 03:12:00,BarData,125.165,0,1.0,1.0,189.40278700000002,0.0,❌ 震荡 (Gap 8.7 < 10),125.165,125.056,8.7,0
1766344321.2335584,2025-12-21 19:12:01,2025-12-22 03:12:01,PnlRecord,125.165,0,0,0,189.40278700000002,-0.06391154641971963,多,125.165,125.056,8.7,0
1766344321.5558467,2025-12-21 19:12:01,2025-12-22 03:12:01,CloseSignal,125.165,1.0,1.0,0,189.40278700000002,0.0,Strategy_TrendEnd,125.165,125.056,8.7,0
1766344380.1049478,2025-12-21 19:13:00,2025-12-22 03:13:00,BarData,125.204,0,0.0,0.0,189.388787,0.0,✅ 触发交易,125.204,125.060,11.5,1
1766344384.088834,2025-12-21 19:13:04,2025-12-22 03:13:04,Strategy_Open,125.204,1.0,0,1.0,189.392787,0.0,Strategy_Signal,125.204,125.060,11.5,1
1766344440.552163,2025-12-21 19:14:00,2025-12-22 03:14:00,BarData,125.167,0,1.0,1.0,189.339787,0.0,❌ 震荡 (Gap 8.2 < 10),125.167,125.064,8.2,0
1766344441.3744843,2025-12-21 19:14:01,2025-12-22 03:14:01,PnlRecord,125.167,0,0,0,189.339787,-0.3434230492771516,多,125.167,125.064,8.2,0
1766344441.693883,2025-12-21 19:14:01,2025-12-22 03:14:01,CloseSignal,125.167,1.0,1.0,0,189.339787,0.0,Strategy_TrendEnd,125.167,125.064,8.2,0
1766344500.6917155,2025-12-21 19:15:00,2025-12-22 03:15:00,BarData,125.162,0,0.0,0.0,189.343787,0.0,❌ 震荡 (Gap 7.6 < 10),125.162,125.067,7.6,0
1766344560.3755243,2025-12-21 19:16:00,2025-12-22 03:16:00,BarData,125.21,0,0.0,0.0,189.343787,0.0,✅ 触发交易,125.210,125.072,11.0,1
1766344564.3808045,2025-12-21 19:16:04,2025-12-22 03:16:04,Strategy_Open,125.21,1.0,0,1.0,189.343787,0.0,Strategy_Signal,125.210,125.072,11.0,1
1766344620.4765816,2025-12-21 19:17:00,2025-12-22 03:17:00,BarData,125.22,0,1.0,1.0,189.339787,0.0,✅ 触发交易,125.220,125.077,11.4,1
1766344680.1758409,2025-12-21 19:18:00,2025-12-22 03:18:00,BarData,125.221,0,1.0,1.0,189.34178699999998,0.0,✅ 触发交易,125.221,125.081,11.1,1
1766344740.9138734,2025-12-21 19:19:00,2025-12-22 03:19:00,BarData,125.199,0,1.0,1.0,189.33578699999998,0.0,❌ 震荡 (Gap 9.1 < 10),125.199,125.085,9.1,0
1766344741.5856543,2025-12-21 19:19:01,2025-12-22 03:19:01,PnlRecord,125.199,0,0,0,189.33578699999998,-0.11979491111218049,多,125.199,125.085,9.1,0
1766344741.9510207,2025-12-21 19:19:01,2025-12-22 03:19:01,CloseSignal,125.199,1.0,1.0,0,189.33578699999998,0.0,Strategy_TrendEnd,125.199,125.085,9.1,0
1766344800.2025845,2025-12-21 19:20:00,2025-12-22 03:20:00,BarData,125.22,0,0.0,0.0,189.327787,0.0,✅ 触发交易,125.220,125.090,10.4,1
1766344804.0824738,2025-12-21 19:20:04,2025-12-22 03:20:04,Strategy_Open,125.22,1.0,0,1.0,189.32478700000001,0.0,Strategy_Signal,125.220,125.090,10.4,1
1766344860.9606218,2025-12-21 19:21:00,2025-12-22 03:21:00,BarData,125.242,0,1.0,1.0,189.349787,0.0,✅ 触发交易,125.242,125.095,11.8,1
1766344921.694462,2025-12-21 19:22:01,2025-12-22 03:22:01,BarData,125.296,0,1.0,1.0,189.358787,0.0,✅ 触发交易,125.296,125.101,15.5,1
1766344981.781238,2025-12-21 19:23:01,2025-12-22 03:23:01,BarData,125.277,0,1.0,1.0,189.377787,0.0,✅ 触发交易,125.277,125.107,13.6,1
1766345040.713851,2025-12-21 19:24:00,2025-12-22 03:24:00,BarData,125.322,0,1.0,1.0,189.412787,0.0,✅ 触发交易,125.322,125.114,16.6,1
1766345100.3245776,2025-12-21 19:25:00,2025-12-22 03:25:00,BarData,125.298,0,1.0,1.0,189.411787,0.0,✅ 触发交易,125.298,125.120,14.2,1
1766345160.26159,2025-12-21 19:26:00,2025-12-22 03:26:00,BarData,125.311,0,1.0,1.0,189.400787,0.0,✅ 触发交易,125.311,125.126,14.7,1
1766345221.7649007,2025-12-21 19:27:01,2025-12-22 03:27:01,BarData,125.324,0,1.0,1.0,189.410787,0.0,✅ 触发交易,125.324,125.133,15.3,1
1766345280.5297515,2025-12-21 19:28:00,2025-12-22 03:28:00,BarData,125.317,0,1.0,1.0,189.411787,0.0,✅ 触发交易,125.317,125.139,14.2,1
1766345340.7200792,2025-12-21 19:29:00,2025-12-22 03:29:00,BarData,125.264,0,1.0,1.0,189.379787,0.0,❌ 震荡 (Gap 9.7 < 10),125.264,125.143,9.7,0
1766345341.4023468,2025-12-21 19:29:01,2025-12-22 03:29:01,PnlRecord,125.264,0,0,0,189.379787,0.29546343839580863,多,125.264,125.143,9.7,0
1766345341.801778,2025-12-21 19:29:01,2025-12-22 03:29:01,CloseSignal,125.264,1.0,1.0,0,189.379787,0.0,Strategy_TrendEnd,125.264,125.143,9.7,0
1766345400.6365936,2025-12-21 19:30:00,2025-12-22 03:30:00,BarData,125.292,0,0.0,0.0,189.370787,0.0,✅ 触发交易,125.292,125.148,11.5,1
1766345404.4999146,2025-12-21 19:30:04,2025-12-22 03:30:04,Strategy_Open,125.292,1.0,0,1.0,189.371787,0.0,Strategy_Signal,125.292,125.148,11.5,1
1766345462.5058725,2025-12-21 19:31:02,2025-12-22 03:31:02,BarData,125.242,0,1.0,1.0,189.290787,0.0,❌ 震荡 (Gap 7.3 < 10),125.242,125.151,7.3,0
1766345463.1798801,2025-12-21 19:31:03,2025-12-22 03:31:03,PnlRecord,125.242,0,0,0,189.290787,-0.39108954354257197,多,125.242,125.151,7.3,0
1766345463.5177517,2025-12-21 19:31:03,2025-12-22 03:31:03,CloseSignal,125.242,1.0,1.0,0,189.290787,0.0,Strategy_TrendEnd,125.242,125.151,7.3,0
1766345520.4828925,2025-12-21 19:32:00,2025-12-22 03:32:00,BarData,125.216,0,0.0,0.0,189.312787,0.0,❌ 震荡 (Gap 5.0 < 10),125.216,125.153,5.0,0
1766345580.2884018,2025-12-21 19:33:00,2025-12-22 03:33:00,BarData,125.234,0,0.0,0.0,189.312787,0.0,❌ 震荡 (Gap 6.2 < 10),125.234,125.156,6.2,0
1766345640.388617,2025-12-21 19:34:00,2025-12-22 03:34:00,BarData,125.177,0,0.0,0.0,189.312787,0.0,❌ 震荡 (Gap 1.6 < 10),125.177,125.156,1.6,0
1766345700.459615,2025-12-21 19:35:00,2025-12-22 03:35:00,BarData,125.102,0,0.0,0.0,189.312787,0.0,❌ 震荡 (Gap 4.2 < 10),125.102,125.155,4.2,0
1766345760.3033285,2025-12-21 19:36:00,2025-12-22 03:36:00,BarData,125.135,0,0.0,0.0,189.312787,0.0,❌ 震荡 (Gap 1.5 < 10),125.135,125.154,1.5,0
1766345820.183185,2025-12-21 19:37:00,2025-12-22 03:37:00,BarData,125.224,0,0.0,0.0,189.312787,0.0,❌ 震荡 (Gap 5.4 < 10),125.224,125.156,5.4,0
1766345880.1582549,2025-12-21 19:38:00,2025-12-22 03:38:00,BarData,125.359,0,0.0,0.0,189.312787,0.0,✅ 触发交易,125.359,125.163,15.6,1
1766345884.030967,2025-12-21 19:38:04,2025-12-22 03:38:04,Strategy_Open,125.359,1.0,0,1.0,189.31201299999998,0.0,Strategy_Signal,125.359,125.163,15.6,1
1766345940.9393797,2025-12-21 19:39:00,2025-12-22 03:39:00,BarData,125.392,0,1.0,1.0,189.303013,0.0,✅ 触发交易,125.392,125.170,17.7,1
1766346001.7419543,2025-12-21 19:40:01,2025-12-22 03:40:01,BarData,125.427,0,1.0,1.0,189.38301299999998,0.0,✅ 触发交易,125.427,125.179,19.8,1
1766346060.4697716,2025-12-21 19:41:00,2025-12-22 03:41:00,BarData,125.454,0,1.0,1.0,189.41201299999997,0.0,✅ 触发交易,125.454,125.188,21.2,1
1766346120.3340974,2025-12-21 19:42:00,2025-12-22 03:42:00,BarData,125.485,0,1.0,1.0,189.440013,0.0,✅ 触发交易,125.485,125.198,22.9,1
1766346181.83406,2025-12-21 19:43:01,2025-12-22 03:43:01,BarData,125.483,0,1.0,1.0,189.409013,0.0,✅ 触发交易,125.483,125.207,22.0,1
1766346240.6380653,2025-12-21 19:44:00,2025-12-22 03:44:00,BarData,125.433,0,1.0,1.0,189.398013,0.0,✅ 触发交易,125.433,125.214,17.4,1
1766346302.5916007,2025-12-21 19:45:02,2025-12-22 03:45:02,BarData,125.386,0,1.0,1.0,189.33701299999998,0.0,✅ 触发交易,125.386,125.220,13.2,1
1766346360.8240497,2025-12-21 19:46:00,2025-12-22 03:46:00,BarData,125.337,0,1.0,1.0,189.28701299999997,0.0,❌ 震荡 (Gap 9.0 < 10),125.337,125.224,9.0,0
1766346361.490582,2025-12-21 19:46:01,2025-12-22 03:46:01,PnlRecord,125.337,0,0,0,189.28701299999997,-0.21537283430650764,多,125.337,125.224,9.0,0
1766346361.8281515,2025-12-21 19:46:01,2025-12-22 03:46:01,CloseSignal,125.337,1.0,1.0,0,189.28701299999997,0.0,Strategy_TrendEnd,125.337,125.224,9.0,0
1766346420.525263,2025-12-21 19:47:00,2025-12-22 03:47:00,BarData,125.376,0,0.0,0.0,189.279013,0.0,✅ 触发交易,125.376,125.229,11.7,1
1766346424.390218,2025-12-21 19:47:04,2025-12-22 03:47:04,Strategy_Open,125.376,1.0,0,1.0,189.264013,0.0,Strategy_Signal,125.376,125.229,11.7,1
1766346480.0859687,2025-12-21 19:48:00,2025-12-22 03:48:00,BarData,125.338,0,1.0,1.0,189.250013,0.0,❌ 震荡 (Gap 8.4 < 10),125.338,125.232,8.4,0
1766346480.7831514,2025-12-21 19:48:00,2025-12-22 03:48:00,PnlRecord,125.338,0,0,0,189.250013,-0.3030883103625169,多,125.338,125.232,8.4,0
1766346481.1271536,2025-12-21 19:48:01,2025-12-22 03:48:01,CloseSignal,125.338,1.0,1.0,0,189.250013,0.0,Strategy_TrendEnd,125.338,125.232,8.4,0
1766346540.4663792,2025-12-21 19:49:00,2025-12-22 03:49:00,BarData,125.36,0,0.0,0.0,189.241013,0.0,❌ 震荡 (Gap 9.8 < 10),125.360,125.237,9.8,0
1766346600.3516493,2025-12-21 19:50:00,2025-12-22 03:50:00,BarData,125.398,0,0.0,0.0,189.241013,0.0,✅ 触发交易,125.398,125.242,12.4,1
1766346604.236008,2025-12-21 19:50:04,2025-12-22 03:50:04,Strategy_Open,125.398,1.0,0,1.0,189.234013,0.0,Strategy_Signal,125.398,125.242,12.4,1
1766346662.6143558,2025-12-21 19:51:02,2025-12-22 03:51:02,BarData,125.41,0,1.0,1.0,189.24901300000002,0.0,✅ 触发交易,125.410,125.247,13.0,1
1766346720.207103,2025-12-21 19:52:00,2025-12-22 03:52:00,BarData,125.586,0,1.0,1.0,189.361013,0.0,✅ 触发交易,125.586,125.259,26.1,1
1766346780.171781,2025-12-21 19:53:00,2025-12-22 03:53:00,BarData,125.562,0,1.0,1.0,189.388013,0.0,✅ 触发交易,125.562,125.268,23.4,1
1766346840.5648196,2025-12-21 19:54:00,2025-12-22 03:54:00,BarData,125.632,0,1.0,1.0,189.496013,0.0,✅ 触发交易,125.632,125.280,28.0,1
1766346902.5652428,2025-12-21 19:55:02,2025-12-22 03:55:02,BarData,125.684,0,1.0,1.0,189.471013,0.0,✅ 触发交易,125.684,125.294,31.1,1
1766346960.769436,2025-12-21 19:56:00,2025-12-22 03:56:00,BarData,125.592,0,1.0,1.0,189.42101300000002,0.0,✅ 触发交易,125.592,125.303,23.0,1
1766347020.7318127,2025-12-21 19:57:00,2025-12-22 03:57:00,BarData,125.643,0,1.0,1.0,189.47001300000002,0.0,✅ 触发交易,125.643,125.315,26.1,1
1766347081.751885,2025-12-21 19:58:01,2025-12-22 03:58:01,BarData,125.655,0,1.0,1.0,189.496013,0.0,✅ 触发交易,125.655,125.326,26.2,1
1766347140.9473078,2025-12-21 19:59:00,2025-12-22 03:59:00,BarData,125.601,0,1.0,1.0,189.424013,0.0,✅ 触发交易,125.601,125.335,21.2,1
1766347200.3667252,2025-12-21 20:00:00,2025-12-22 04:00:00,BarData,125.576,0,1.0,1.0,189.430013,0.0,✅ 触发交易,125.576,125.343,18.6,1
1766347260.3902013,2025-12-21 20:01:00,2025-12-22 04:01:00,BarData,125.544,0,1.0,1.0,189.417531,0.0,✅ 触发交易,125.544,125.349,15.5,1
1766347320.52572,2025-12-21 20:02:00,2025-12-22 04:02:00,BarData,125.605,0,1.0,1.0,189.44553100000002,0.0,✅ 触发交易,125.605,125.358,19.7,1
1766347380.7637143,2025-12-21 20:03:00,2025-12-22 04:03:00,BarData,125.591,0,1.0,1.0,189.43953100000002,0.0,✅ 触发交易,125.591,125.365,18.0,1
1766347440.6306708,2025-12-21 20:04:00,2025-12-22 04:04:00,BarData,125.59,0,1.0,1.0,189.456531,0.0,✅ 触发交易,125.590,125.373,17.3,1
1766347500.263601,2025-12-21 20:05:00,2025-12-22 04:05:00,BarData,125.631,0,1.0,1.0,189.48153100000002,0.0,✅ 触发交易,125.631,125.381,19.9,1
1766347561.2645037,2025-12-21 20:06:01,2025-12-22 04:06:01,BarData,125.592,0,1.0,1.0,189.512531,0.0,✅ 触发交易,125.592,125.388,16.2,1
1766347620.2264764,2025-12-21 20:07:00,2025-12-22 04:07:00,BarData,125.64,0,1.0,1.0,189.50053100000002,0.0,✅ 触发交易,125.640,125.396,19.4,1
1766347680.513417,2025-12-21 20:08:00,2025-12-22 04:08:00,BarData,125.635,0,1.0,1.0,189.49953100000002,0.0,✅ 触发交易,125.635,125.404,18.4,1
1766347740.6073942,2025-12-21 20:09:00,2025-12-22 04:09:00,BarData,125.604,0,1.0,1.0,189.491531,0.0,✅ 触发交易,125.604,125.411,15.4,1
1766347800.3588774,2025-12-21 20:10:00,2025-12-22 04:10:00,BarData,125.508,0,1.0,1.0,189.359531,0.0,❌ 震荡 (Gap 7.5 < 10),125.508,125.414,7.5,0
1766347801.04221,2025-12-21 20:10:01,2025-12-22 04:10:01,PnlRecord,125.508,0,0,0,189.359531,0.8772069729979699,多,125.508,125.414,7.5,0
1766347801.4281821,2025-12-21 20:10:01,2025-12-22 04:10:01,CloseSignal,125.508,1.0,1.0,0,189.359531,0.0,Strategy_TrendEnd,125.508,125.414,7.5,0
1766347860.1323235,2025-12-21 20:11:00,2025-12-22 04:11:00,BarData,125.505,0,0.0,0.0,189.347532,0.0,❌ 震荡 (Gap 7.0 < 10),125.505,125.417,7.0,0
1766347920.3085144,2025-12-21 20:12:00,2025-12-22 04:12:00,BarData,125.531,0,0.0,0.0,189.347532,0.0,❌ 震荡 (Gap 8.8 < 10),125.531,125.421,8.8,0
1766347980.3236556,2025-12-21 20:13:00,2025-12-22 04:13:00,BarData,125.483,0,0.0,0.0,189.347532,0.0,❌ 震荡 (Gap 4.8 < 10),125.483,125.423,4.8,0
1766348040.2405288,2025-12-21 20:14:00,2025-12-22 04:14:00,BarData,125.49,0,0.0,0.0,189.347532,0.0,❌ 震荡 (Gap 5.2 < 10),125.490,125.425,5.2,0
1766348100.3792758,2025-12-21 20:15:00,2025-12-22 04:15:00,BarData,125.457,0,0.0,0.0,189.347532,0.0,❌ 震荡 (Gap 2.5 < 10),125.457,125.426,2.5,0
1766348161.91981,2025-12-21 20:16:01,2025-12-22 04:16:01,BarData,125.525,0,0.0,0.0,189.347532,0.0,❌ 震荡 (Gap 7.6 < 10),125.525,125.429,7.6,0
1766348221.1609123,2025-12-21 20:17:01,2025-12-22 04:17:01,BarData,125.536,0,0.0,0.0,189.347532,0.0,❌ 震荡 (Gap 8.2 < 10),125.536,125.433,8.2,0
1766348280.5791173,2025-12-21 20:18:00,2025-12-22 04:18:00,BarData,125.558,0,0.0,0.0,189.347532,0.0,❌ 震荡 (Gap 9.7 < 10),125.558,125.437,9.7,0
1766348340.2570329,2025-12-21 20:19:00,2025-12-22 04:19:00,BarData,125.552,0,0.0,0.0,189.347532,0.0,❌ 震荡 (Gap 8.9 < 10),125.552,125.441,8.9,0
1766348400.4842367,2025-12-21 20:20:00,2025-12-22 04:20:00,BarData,125.556,0,0.0,0.0,189.347532,0.0,❌ 震荡 (Gap 8.9 < 10),125.556,125.444,8.9,0
1766348460.4151032,2025-12-21 20:21:00,2025-12-22 04:21:00,BarData,125.529,0,0.0,0.0,189.347532,0.0,❌ 震荡 (Gap 6.5 < 10),125.529,125.447,6.5,0
1766348521.1393762,2025-12-21 20:22:01,2025-12-22 04:22:01,BarData,125.546,0,0.0,0.0,189.347532,0.0,❌ 震荡 (Gap 7.6 < 10),125.546,125.450,7.6,0
1766348580.6641943,2025-12-21 20:23:00,2025-12-22 04:23:00,BarData,125.49,0,0.0,0.0,189.347532,0.0,❌ 震荡 (Gap 3.1 < 10),125.490,125.452,3.1,0
1766348640.1911106,2025-12-21 20:24:00,2025-12-22 04:24:00,BarData,125.501,0,0.0,0.0,189.347532,0.0,❌ 震荡 (Gap 3.8 < 10),125.501,125.453,3.8,0
1766348702.615804,2025-12-21 20:25:02,2025-12-22 04:25:02,BarData,125.434,0,0.0,0.0,189.347532,0.0,❌ 震荡 (Gap 1.5 < 10),125.434,125.453,1.5,0
1766348760.3287268,2025-12-21 20:26:00,2025-12-22 04:26:00,BarData,125.371,0,0.0,0.0,189.347532,0.0,❌ 震荡 (Gap 6.3 < 10),125.371,125.450,6.3,0
1766348820.187943,2025-12-21 20:27:00,2025-12-22 04:27:00,BarData,125.422,0,0.0,0.0,189.347532,0.0,❌ 震荡 (Gap 2.2 < 10),125.422,125.449,2.2,0
1766348880.4038732,2025-12-21 20:28:00,2025-12-22 04:28:00,BarData,125.408,0,0.0,0.0,189.347532,0.0,❌ 震荡 (Gap 3.2 < 10),125.408,125.448,3.2,0
1766348940.4455235,2025-12-21 20:29:00,2025-12-22 04:29:00,BarData,125.426,0,0.0,0.0,189.347532,0.0,❌ 震荡 (Gap 1.7 < 10),125.426,125.447,1.7,0
1766349000.2692063,2025-12-21 20:30:00,2025-12-22 04:30:00,BarData,125.413,0,0.0,0.0,189.347532,0.0,❌ 震荡 (Gap 2.6 < 10),125.413,125.446,2.6,0
1766349060.3609579,2025-12-21 20:31:00,2025-12-22 04:31:00,BarData,125.423,0,0.0,0.0,189.347532,0.0,❌ 震荡 (Gap 1.8 < 10),125.423,125.445,1.8,0
1766349120.4659905,2025-12-21 20:32:00,2025-12-22 04:32:00,BarData,125.468,0,0.0,0.0,189.347532,0.0,❌ 震荡 (Gap 1.8 < 10),125.468,125.446,1.8,0
1766349180.4653046,2025-12-21 20:33:00,2025-12-22 04:33:00,BarData,125.48,0,0.0,0.0,189.347532,0.0,❌ 震荡 (Gap 2.6 < 10),125.480,125.447,2.6,0
1766349240.5456204,2025-12-21 20:34:00,2025-12-22 04:34:00,BarData,125.487,0,0.0,0.0,189.347532,0.0,❌ 震荡 (Gap 3.1 < 10),125.487,125.448,3.1,0
1766349300.3524082,2025-12-21 20:35:00,2025-12-22 04:35:00,BarData,125.475,0,0.0,0.0,189.347532,0.0,❌ 震荡 (Gap 2.1 < 10),125.475,125.449,2.1,0
1766349361.150179,2025-12-21 20:36:01,2025-12-22 04:36:01,BarData,125.5,0,0.0,0.0,189.347532,0.0,❌ 震荡 (Gap 3.9 < 10),125.500,125.451,3.9,0
1766349420.176903,2025-12-21 20:37:00,2025-12-22 04:37:00,BarData,125.499,0,0.0,0.0,189.347532,0.0,❌ 震荡 (Gap 3.7 < 10),125.499,125.452,3.7,0
1766349480.6537123,2025-12-21 20:38:00,2025-12-22 04:38:00,BarData,125.547,0,0.0,0.0,189.347532,0.0,❌ 震荡 (Gap 7.3 < 10),125.547,125.456,7.3,0
1766349540.856726,2025-12-21 20:39:00,2025-12-22 04:39:00,BarData,125.585,0,0.0,0.0,189.347532,0.0,❌ 震荡 (Gap 10.0 < 10),125.585,125.460,10.0,0
1766349600.1653452,2025-12-21 20:40:00,2025-12-22 04:40:00,BarData,125.579,0,0.0,0.0,189.347532,0.0,❌ 震荡 (Gap 9.2 < 10),125.579,125.464,9.2,0
1766349660.243665,2025-12-21 20:41:00,2025-12-22 04:41:00,BarData,125.603,0,0.0,0.0,189.347532,0.0,✅ 触发交易,125.603,125.468,10.7,1
1766349664.1071055,2025-12-21 20:41:04,2025-12-22 04:41:04,Strategy_Open,125.603,1.0,0,1.0,189.342532,0.0,Strategy_Signal,125.603,125.468,10.7,1
1766349720.6601253,2025-12-21 20:42:00,2025-12-22 04:42:00,BarData,125.658,0,1.0,1.0,189.404532,0.0,✅ 触发交易,125.658,125.474,14.6,1
1766349780.3479025,2025-12-21 20:43:00,2025-12-22 04:43:00,BarData,125.652,0,1.0,1.0,189.409532,0.0,✅ 触发交易,125.652,125.480,13.7,1
1766349841.4342072,2025-12-21 20:44:01,2025-12-22 04:44:01,BarData,125.673,0,1.0,1.0,189.415532,0.0,✅ 触发交易,125.673,125.487,14.8,1
1766349900.3861187,2025-12-21 20:45:00,2025-12-22 04:45:00,BarData,125.662,0,1.0,1.0,189.408532,0.0,✅ 触发交易,125.662,125.492,13.5,1
1766349960.3024406,2025-12-21 20:46:00,2025-12-22 04:46:00,BarData,125.691,0,1.0,1.0,189.434532,0.0,✅ 触发交易,125.691,125.499,15.3,1
1766350020.5613348,2025-12-21 20:47:00,2025-12-22 04:47:00,BarData,125.573,0,1.0,1.0,189.324532,0.0,❌ 震荡 (Gap 5.7 < 10),125.573,125.501,5.7,0
1766350021.2482126,2025-12-21 20:47:01,2025-12-22 04:47:01,PnlRecord,125.573,0,0,0,189.324532,-0.23884779822138913,多,125.573,125.501,5.7,0
1766350021.5746968,2025-12-21 20:47:01,2025-12-22 04:47:01,CloseSignal,125.573,1.0,1.0,0,189.324532,0.0,Strategy_TrendEnd,125.573,125.501,5.7,0
1766350080.4803889,2025-12-21 20:48:00,2025-12-22 04:48:00,BarData,125.522,0,0.0,0.0,189.317532,0.0,❌ 震荡 (Gap 1.6 < 10),125.522,125.502,1.6,0
1766350142.7616336,2025-12-21 20:49:02,2025-12-22 04:49:02,BarData,125.532,0,0.0,0.0,189.317532,0.0,❌ 震荡 (Gap 2.3 < 10),125.532,125.503,2.3,0
1766350200.4608197,2025-12-21 20:50:00,2025-12-22 04:50:00,BarData,125.532,0,0.0,0.0,189.317532,0.0,❌ 震荡 (Gap 2.2 < 10),125.532,125.504,2.2,0
1766350260.2823467,2025-12-21 20:51:00,2025-12-22 04:51:00,BarData,125.494,0,0.0,0.0,189.317532,0.0,❌ 震荡 (Gap 0.8 < 10),125.494,125.504,0.8,0
1766350320.345481,2025-12-21 20:52:00,2025-12-22 04:52:00,BarData,125.467,0,0.0,0.0,189.317532,0.0,❌ 震荡 (Gap 2.8 < 10),125.467,125.502,2.8,0
1766350380.366048,2025-12-21 20:53:00,2025-12-22 04:53:00,BarData,125.44,0,0.0,0.0,189.317532,0.0,❌ 震荡 (Gap 4.8 < 10),125.440,125.500,4.8,0
1766350441.796385,2025-12-21 20:54:01,2025-12-22 04:54:01,BarData,125.433,0,0.0,0.0,189.317532,0.0,❌ 震荡 (Gap 5.2 < 10),125.433,125.498,5.2,0
1766350500.0956185,2025-12-21 20:55:00,2025-12-22 04:55:00,BarData,125.352,0,0.0,0.0,189.317532,0.0,❌ 快线向上,125.352,125.493,11.3,0
1766350560.297088,2025-12-21 20:56:00,2025-12-22 04:56:00,BarData,125.279,0,0.0,0.0,189.317532,0.0,✅ 触发交易,125.279,125.486,16.5,-1
1766350564.1667707,2025-12-21 20:56:04,2025-12-22 04:56:04,Strategy_Open,125.279,1.0,0,-1.0,189.305532,0.0,Strategy_Signal,125.279,125.486,16.5,-1
1766350620.249378,2025-12-21 20:57:00,2025-12-22 04:57:00,BarData,125.308,0,-1.0,-1.0,189.284532,0.0,✅ 触发交易,125.308,125.480,13.8,-1
1766350680.6211932,2025-12-21 20:58:00,2025-12-22 04:58:00,BarData,125.273,0,-1.0,-1.0,189.319532,0.0,✅ 触发交易,125.273,125.474,16.0,-1
1766350740.227661,2025-12-21 20:59:00,2025-12-22 04:59:00,BarData,125.234,0,-1.0,-1.0,189.364532,0.0,✅ 触发交易,125.234,125.466,18.5,-1
1766350800.3057196,2025-12-21 21:00:00,2025-12-22 05:00:00,BarData,125.262,0,-1.0,-1.0,189.331532,0.0,✅ 触发交易,125.262,125.459,15.7,-1
1766350860.4018366,2025-12-21 21:01:00,2025-12-22 05:01:00,BarData,125.119,0,-1.0,-1.0,189.428646,0.0,✅ 触发交易,125.119,125.448,26.3,-1
1766350920.4722073,2025-12-21 21:02:00,2025-12-22 05:02:00,BarData,125.045,0,-1.0,-1.0,189.536646,0.0,✅ 触发交易,125.045,125.435,31.2,-1
1766350980.7108345,2025-12-21 21:03:00,2025-12-22 05:03:00,BarData,124.991,0,-1.0,-1.0,189.601646,0.0,✅ 触发交易,124.991,125.420,34.3,-1
1766351040.5850055,2025-12-21 21:04:00,2025-12-22 05:04:00,BarData,125.024,0,-1.0,-1.0,189.572646,0.0,✅ 触发交易,125.024,125.407,30.7,-1
1766351100.2330186,2025-12-21 21:05:00,2025-12-22 05:05:00,BarData,125.086,0,-1.0,-1.0,189.500646,0.0,✅ 触发交易,125.086,125.397,24.8,-1
1766351160.1453972,2025-12-21 21:06:00,2025-12-22 05:06:00,BarData,125.016,0,-1.0,-1.0,189.578646,0.0,✅ 触发交易,125.016,125.384,29.5,-1
1766351220.5678227,2025-12-21 21:07:00,2025-12-22 05:07:00,BarData,125.116,0,-1.0,-1.0,189.493646,0.0,✅ 触发交易,125.116,125.375,20.7,-1
1766351280.525183,2025-12-21 21:08:00,2025-12-22 05:08:00,BarData,125.094,0,-1.0,-1.0,189.518646,0.0,✅ 触发交易,125.094,125.366,21.8,-1
1766351340.3797894,2025-12-21 21:09:00,2025-12-22 05:09:00,BarData,125.181,0,-1.0,-1.0,189.412646,0.0,✅ 触发交易,125.181,125.360,14.3,-1
1766351400.0800993,2025-12-21 21:10:00,2025-12-22 05:10:00,BarData,125.1,0,-1.0,-1.0,189.499646,0.0,✅ 触发交易,125.100,125.352,20.1,-1
1766351460.2261217,2025-12-21 21:11:00,2025-12-22 05:11:00,BarData,125.168,0,-1.0,-1.0,189.427646,0.0,✅ 触发交易,125.168,125.346,14.2,-1
1766351520.5742776,2025-12-21 21:12:00,2025-12-22 05:12:00,BarData,125.2,0,-1.0,-1.0,189.371646,0.0,✅ 触发交易,125.200,125.341,11.2,-1
1766351580.2752614,2025-12-21 21:13:00,2025-12-22 05:13:00,BarData,125.138,0,-1.0,-1.0,189.423646,0.0,✅ 触发交易,125.138,125.334,15.7,-1
1766351640.194373,2025-12-21 21:14:00,2025-12-22 05:14:00,BarData,125.13,0,-1.0,-1.0,189.443646,0.0,✅ 触发交易,125.130,125.327,15.8,-1
1766351700.4674125,2025-12-21 21:15:00,2025-12-22 05:15:00,BarData,125.077,0,-1.0,-1.0,189.503646,0.0,✅ 触发交易,125.077,125.319,19.4,-1
1766351760.6326318,2025-12-21 21:16:00,2025-12-22 05:16:00,BarData,125.135,0,-1.0,-1.0,189.456646,0.0,✅ 触发交易,125.135,125.313,14.2,-1
1766351820.560003,2025-12-21 21:17:00,2025-12-22 05:17:00,BarData,125.159,0,-1.0,-1.0,189.447646,0.0,✅ 触发交易,125.159,125.308,11.9,-1
1766351880.546499,2025-12-21 21:18:00,2025-12-22 05:18:00,BarData,125.154,0,-1.0,-1.0,189.430646,0.0,✅ 触发交易,125.154,125.303,11.9,-1
1766351940.2870462,2025-12-21 21:19:00,2025-12-22 05:19:00,BarData,125.166,0,-1.0,-1.0,189.421646,0.0,✅ 触发交易,125.166,125.299,10.6,-1
1766352000.4661548,2025-12-21 21:20:00,2025-12-22 05:20:00,BarData,125.241,0,-1.0,-1.0,189.342646,0.0,❌ 震荡 (Gap 4.4 < 10),125.241,125.297,4.4,0
1766352001.154147,2025-12-21 21:20:01,2025-12-22 05:20:01,PnlRecord,125.241,0,0,0,189.342646,0.2474615237244229,空,125.241,125.297,4.4,0
1766352001.475148,2025-12-21 21:20:01,2025-12-22 05:20:01,CloseSignal,125.241,1.0,-1.0,0,189.342646,0.0,Strategy_TrendEnd,125.241,125.297,4.4,0
1766352060.49394,2025-12-21 21:21:00,2025-12-22 05:21:00,BarData,125.18,0,0.0,0.0,189.343647,0.0,❌ 震荡 (Gap 9.0 < 10),125.180,125.293,9.0,0
1766352120.1023273,2025-12-21 21:22:00,2025-12-22 05:22:00,BarData,125.217,0,0.0,0.0,189.343647,0.0,❌ 震荡 (Gap 5.9 < 10),125.217,125.290,5.9,0
1766352180.470838,2025-12-21 21:23:00,2025-12-22 05:23:00,BarData,125.123,0,0.0,0.0,189.343647,0.0,✅ 触发交易,125.123,125.285,12.9,-1
1766352184.337904,2025-12-21 21:23:04,2025-12-22 05:23:04,Strategy_Open,125.123,1.0,0,-1.0,189.350647,0.0,Strategy_Signal,125.123,125.285,12.9,-1
1766352240.4918344,2025-12-21 21:24:00,2025-12-22 05:24:00,BarData,125.081,0,-1.0,-1.0,189.380647,0.0,✅ 触发交易,125.081,125.278,15.8,-1
1766352300.0867302,2025-12-21 21:25:00,2025-12-22 05:25:00,BarData,125.11,0,-1.0,-1.0,189.35764700000001,0.0,✅ 触发交易,125.110,125.273,13.0,-1
1766352360.4877427,2025-12-21 21:26:00,2025-12-22 05:26:00,BarData,125.137,0,-1.0,-1.0,189.32864700000002,0.0,✅ 触发交易,125.137,125.268,10.5,-1
1766352420.4128385,2025-12-21 21:27:00,2025-12-22 05:27:00,BarData,125.093,0,-1.0,-1.0,189.37564700000001,0.0,✅ 触发交易,125.093,125.263,13.6,-1
1766352480.2489822,2025-12-21 21:28:00,2025-12-22 05:28:00,BarData,125.156,0,-1.0,-1.0,189.336647,0.0,❌ 震荡 (Gap 8.2 < 10),125.156,125.259,8.2,0
1766352480.9255893,2025-12-21 21:28:00,2025-12-22 05:28:00,PnlRecord,125.156,0,0,0,189.336647,-0.279729222113081,空,125.156,125.259,8.2,0
1766352481.2460232,2025-12-21 21:28:01,2025-12-22 05:28:01,CloseSignal,125.156,1.0,-1.0,0,189.336647,0.0,Strategy_TrendEnd,125.156,125.259,8.2,0
1766352540.627211,2025-12-21 21:29:00,2025-12-22 05:29:00,BarData,125.175,0,0.0,0.0,189.308647,0.0,❌ 震荡 (Gap 6.5 < 10),125.175,125.256,6.5,0
1766352600.3466668,2025-12-21 21:30:00,2025-12-22 05:30:00,BarData,125.101,0,0.0,0.0,189.308647,0.0,✅ 触发交易,125.101,125.251,12.0,-1
1766352604.221972,2025-12-21 21:30:04,2025-12-22 05:30:04,Strategy_Open,125.101,1.0,0,-1.0,189.301647,0.0,Strategy_Signal,125.101,125.251,12.0,-1
1766352660.2085779,2025-12-21 21:31:00,2025-12-22 05:31:00,BarData,125.115,0,-1.0,-1.0,189.296647,0.0,✅ 触发交易,125.115,125.247,10.5,-1
1766352720.5241725,2025-12-21 21:32:00,2025-12-22 05:32:00,BarData,125.181,0,-1.0,-1.0,189.23364700000002,0.0,❌ 震荡 (Gap 5.1 < 10),125.181,125.245,5.1,0
1766352721.2105427,2025-12-21 21:32:01,2025-12-22 05:32:01,PnlRecord,125.181,0,0,0,189.23364700000002,-0.6474820143885138,空,125.181,125.245,5.1,0
1766352721.537532,2025-12-21 21:32:01,2025-12-22 05:32:01,CloseSignal,125.181,1.0,-1.0,0,189.23364700000002,0.0,Strategy_TrendEnd,125.181,125.245,5.1,0
1766352780.3786917,2025-12-21 21:33:00,2025-12-22 05:33:00,BarData,125.189,0,0.0,0.0,189.227647,0.0,❌ 震荡 (Gap 4.3 < 10),125.189,125.243,4.3,0
1766352840.088582,2025-12-21 21:34:00,2025-12-22 05:34:00,BarData,125.258,0,0.0,0.0,189.227647,0.0,❌ 震荡 (Gap 1.2 < 10),125.258,125.243,1.2,0
1766352900.4373586,2025-12-21 21:35:00,2025-12-22 05:35:00,BarData,125.216,0,0.0,0.0,189.227647,0.0,❌ 震荡 (Gap 2.1 < 10),125.216,125.242,2.1,0
1766352960.565459,2025-12-21 21:36:00,2025-12-22 05:36:00,BarData,125.233,0,0.0,0.0,189.227647,0.0,❌ 震荡 (Gap 0.7 < 10),125.233,125.242,0.7,0
1766353020.6641479,2025-12-21 21:37:00,2025-12-22 05:37:00,BarData,125.279,0,0.0,0.0,189.227647,0.0,❌ 震荡 (Gap 2.9 < 10),125.279,125.243,2.9,0
1766353080.3460014,2025-12-21 21:38:00,2025-12-22 05:38:00,BarData,125.131,0,0.0,0.0,189.227647,0.0,❌ 震荡 (Gap 8.7 < 10),125.131,125.240,8.7,0
1766353140.610467,2025-12-21 21:39:00,2025-12-22 05:39:00,BarData,125.146,0,0.0,0.0,189.227647,0.0,❌ 震荡 (Gap 7.2 < 10),125.146,125.236,7.2,0
1766353200.5575302,2025-12-21 21:40:00,2025-12-22 05:40:00,BarData,125.055,0,0.0,0.0,189.227647,0.0,✅ 触发交易,125.055,125.231,14.0,-1
1766353204.4234805,2025-12-21 21:40:04,2025-12-22 05:40:04,Strategy_Open,125.055,1.0,0,-1.0,189.223647,0.0,Strategy_Signal,125.055,125.231,14.0,-1
1766353260.3779888,2025-12-21 21:41:00,2025-12-22 05:41:00,BarData,125.062,0,-1.0,-1.0,189.233647,0.0,✅ 触发交易,125.062,125.225,13.0,-1
1766353320.649995,2025-12-21 21:42:00,2025-12-22 05:42:00,BarData,125.123,0,-1.0,-1.0,189.168647,0.0,❌ 震荡 (Gap 7.9 < 10),125.123,125.222,7.9,0
1766353321.3486657,2025-12-21 21:42:01,2025-12-22 05:42:01,PnlRecord,125.123,0,0,0,189.168647,-0.5117584500116518,空,125.123,125.222,7.9,0
1766353321.7552269,2025-12-21 21:42:01,2025-12-22 05:42:01,CloseSignal,125.123,1.0,-1.0,0,189.168647,0.0,Strategy_TrendEnd,125.123,125.222,7.9,0
1766353380.1471312,2025-12-21 21:43:00,2025-12-22 05:43:00,BarData,125.126,0,0.0,0.0,189.156647,0.0,❌ 震荡 (Gap 7.4 < 10),125.126,125.219,7.4,0
1766353440.345893,2025-12-21 21:44:00,2025-12-22 05:44:00,BarData,125.076,0,0.0,0.0,189.156647,0.0,✅ 触发交易,125.076,125.214,11.0,-1
1766353444.2088888,2025-12-21 21:44:04,2025-12-22 05:44:04,Strategy_Open,125.076,1.0,0,-1.0,189.17264699999998,0.0,Strategy_Signal,125.076,125.214,11.0,-1
1766353500.6899104,2025-12-21 21:45:00,2025-12-22 05:45:00,BarData,124.972,0,-1.0,-1.0,189.222647,0.0,✅ 触发交易,124.972,125.206,18.7,-1
1766353560.478746,2025-12-21 21:46:00,2025-12-22 05:46:00,BarData,124.859,0,-1.0,-1.0,189.304647,0.0,✅ 触发交易,124.859,125.195,26.9,-1
1766353620.2546754,2025-12-21 21:47:00,2025-12-22 05:47:00,BarData,124.698,0,-1.0,-1.0,189.520647,0.0,✅ 触发交易,124.698,125.178,38.5,-1
1766353680.4255698,2025-12-21 21:48:00,2025-12-22 05:48:00,BarData,124.691,0,-1.0,-1.0,189.52964699999998,0.0,✅ 触发交易,124.691,125.162,37.8,-1
1766353740.225421,2025-12-21 21:49:00,2025-12-22 05:49:00,BarData,124.673,0,-1.0,-1.0,189.491647,0.0,✅ 触发交易,124.673,125.146,38.0,-1
1766353800.284668,2025-12-21 21:50:00,2025-12-22 05:50:00,BarData,124.597,0,-1.0,-1.0,189.58264699999998,0.0,✅ 触发交易,124.597,125.128,42.6,-1
1766353860.2405105,2025-12-21 21:51:00,2025-12-22 05:51:00,BarData,124.692,0,-1.0,-1.0,189.537647,0.0,✅ 触发交易,124.692,125.114,33.8,-1
1766353920.4175513,2025-12-21 21:52:00,2025-12-22 05:52:00,BarData,124.836,0,-1.0,-1.0,189.443647,0.0,✅ 触发交易,124.836,125.105,21.5,-1
1766353980.501733,2025-12-21 21:53:00,2025-12-22 05:53:00,BarData,124.76,0,-1.0,-1.0,189.465647,0.0,✅ 触发交易,124.760,125.094,26.7,-1
1766354040.3941717,2025-12-21 21:54:00,2025-12-22 05:54:00,BarData,124.757,0,-1.0,-1.0,189.466647,0.0,✅ 触发交易,124.757,125.082,26.1,-1
1766354100.3829484,2025-12-21 21:55:00,2025-12-22 05:55:00,BarData,124.777,0,-1.0,-1.0,189.472647,0.0,✅ 触发交易,124.777,125.072,23.7,-1
1766354160.5446513,2025-12-21 21:56:00,2025-12-22 05:56:00,BarData,124.786,0,-1.0,-1.0,189.447647,0.0,✅ 触发交易,124.786,125.063,22.2,-1
1766354220.3529813,2025-12-21 21:57:00,2025-12-22 05:57:00,BarData,124.846,0,-1.0,-1.0,189.395647,0.0,✅ 触发交易,124.846,125.056,16.8,-1
1766354280.1507585,2025-12-21 21:58:00,2025-12-22 05:58:00,BarData,124.804,0,-1.0,-1.0,189.42864699999998,0.0,✅ 触发交易,124.804,125.048,19.5,-1
1766354340.5116646,2025-12-21 21:59:00,2025-12-22 05:59:00,BarData,124.78,0,-1.0,-1.0,189.45164699999998,0.0,✅ 触发交易,124.780,125.039,20.8,-1
1766354400.447474,2025-12-21 22:00:00,2025-12-22 06:00:00,BarData,124.789,0,-1.0,-1.0,189.45164699999998,0.0,✅ 触发交易,124.789,125.031,19.4,-1
1766354594.1359046,2025-12-21 22:03:14,2025-12-22 06:03:14,BarData,124.789,0,-1.0,-1.0,189.40802399999998,0.0,✅ 触发交易,124.789,125.023,18.7,-1
1766354594.6453185,2025-12-21 22:03:14,2025-12-22 06:03:14,BarData,124.789,0,-1.0,-1.0,189.40802399999998,0.0,✅ 触发交易,124.789,125.015,18.1,-1
1766354595.225417,2025-12-21 22:03:15,2025-12-22 06:03:15,BarData,124.789,0,-1.0,-1.0,189.40802399999998,0.0,✅ 触发交易,124.789,125.008,17.5,-1
1766354640.3894677,2025-12-21 22:04:00,2025-12-22 06:04:00,BarData,124.858,0,-1.0,-1.0,189.377024,0.0,✅ 触发交易,124.858,125.003,11.6,-1
1766354700.0852342,2025-12-21 22:05:00,2025-12-22 06:05:00,BarData,124.867,0,-1.0,-1.0,189.362024,0.0,✅ 触发交易,124.867,124.998,10.5,-1
1766354760.2989378,2025-12-21 22:06:00,2025-12-22 06:06:00,BarData,124.862,0,-1.0,-1.0,189.374024,0.0,✅ 触发交易,124.862,124.994,10.6,-1
1766354820.4642317,2025-12-21 22:07:00,2025-12-22 06:07:00,BarData,124.882,0,-1.0,-1.0,189.345024,0.0,❌ 震荡 (Gap 8.7 < 10),124.882,124.990,8.7,0
1766354821.1430297,2025-12-21 22:07:01,2025-12-22 06:07:01,PnlRecord,124.882,0,0,0,189.345024,1.5430741555066787,空,124.882,124.990,8.7,0
1766354821.470942,2025-12-21 22:07:01,2025-12-22 06:07:01,CloseSignal,124.882,1.0,-1.0,0,189.345024,0.0,Strategy_TrendEnd,124.882,124.990,8.7,0
1766354880.4765098,2025-12-21 22:08:00,2025-12-22 06:08:00,BarData,124.899,0,0.0,0.0,189.347024,0.0,❌ 震荡 (Gap 7.1 < 10),124.899,124.987,7.1,0
1766354940.1863604,2025-12-21 22:09:00,2025-12-22 06:09:00,BarData,124.911,0,0.0,0.0,189.347024,0.0,❌ 震荡 (Gap 5.9 < 10),124.911,124.985,5.9,0
1766355000.168846,2025-12-21 22:10:00,2025-12-22 06:10:00,BarData,124.907,0,0.0,0.0,189.347024,0.0,❌ 震荡 (Gap 6.0 < 10),124.907,124.982,6.0,0
1766355060.1083336,2025-12-21 22:11:00,2025-12-22 06:11:00,BarData,124.815,0,0.0,0.0,189.347024,0.0,✅ 触发交易,124.815,124.977,13.0,-1
1766355063.9729664,2025-12-21 22:11:03,2025-12-22 06:11:03,Strategy_Open,124.815,1.0,0,-1.0,189.343024,0.0,Strategy_Signal,124.815,124.977,13.0,-1
1766355120.499767,2025-12-21 22:12:00,2025-12-22 06:12:00,BarData,124.801,0,-1.0,-1.0,189.362024,0.0,✅ 触发交易,124.801,124.971,13.6,-1
1766355180.4976225,2025-12-21 22:13:00,2025-12-22 06:13:00,BarData,124.771,0,-1.0,-1.0,189.395024,0.0,✅ 触发交易,124.771,124.964,15.5,-1
1766355216.378027,2025-12-21 22:13:36,2025-12-22 06:13:36,SL,124.947,1.0,-1.0,0.0,189.230024,0.0,🛡️ 止损 (-1.06%),124.771,124.964,15.5,-1
1766355216.3783581,2025-12-21 22:13:36,2025-12-22 06:13:36,PnlRecord,124.947,0,0,0,189.234024,-1.0575651964908463,空,124.771,124.964,15.5,-1
1766355240.1973257,2025-12-21 22:14:00,2025-12-22 06:14:00,BarData,124.941,0,0.0,0.0,189.230024,0.0,❌ 震荡 (Gap 1.8 < 10),124.941,124.964,1.8,0
1766355300.5624893,2025-12-21 22:15:00,2025-12-22 06:15:00,BarData,125.104,0,0.0,0.0,189.230024,0.0,❌ 快线向下,125.104,124.968,10.9,0
1766355360.2608438,2025-12-21 22:16:00,2025-12-22 06:16:00,BarData,125.27,0,0.0,0.0,189.230024,0.0,✅ 触发交易,125.270,124.978,23.3,1
1766355364.1385543,2025-12-21 22:16:04,2025-12-22 06:16:04,Strategy_Open,125.27,1.0,0,1.0,189.200124,0.0,Strategy_Signal,125.270,124.978,23.3,1
1766355420.2419417,2025-12-21 22:17:00,2025-12-22 06:17:00,BarData,125.178,0,1.0,1.0,189.152124,0.0,✅ 触发交易,125.178,124.985,15.4,1
1766355480.5852299,2025-12-21 22:18:00,2025-12-22 06:18:00,BarData,125.23,0,1.0,1.0,189.196124,0.0,✅ 触发交易,125.230,124.993,18.9,1
1766355505.3103237,2025-12-21 22:18:25,2025-12-22 06:18:25,SL,125.14,1.0,1.0,0.0,189.095124,0.0,🛡️ 止损 (-1.05%),125.230,124.993,18.9,1
1766355505.3107314,2025-12-21 22:18:25,2025-12-22 06:18:25,PnlRecord,125.14,0,0,0,189.117124,-1.0537071332780268,多,125.230,124.993,18.9,1
1766355540.2831511,2025-12-21 22:19:00,2025-12-22 06:19:00,BarData,125.145,0,0.0,0.0,189.095124,0.0,✅ 触发交易,125.145,124.998,11.8,1
1766355544.1513352,2025-12-21 22:19:04,2025-12-22 06:19:04,Strategy_Open,125.145,1.0,0,1.0,189.095124,0.0,Strategy_Signal,125.145,124.998,11.8,1
1766355578.111464,2025-12-21 22:19:38,2025-12-22 06:19:38,SL,125.001,1.0,1.0,0.0,188.946322,0.0,🛡️ 止损 (-1.12%),125.145,124.998,11.8,1
1766355578.111766,2025-12-21 22:19:38,2025-12-22 06:19:38,PnlRecord,125.001,0,0,0,189.034124,-1.1187380634644168,多,125.145,124.998,11.8,1
1766355600.4723904,2025-12-21 22:20:00,2025-12-22 06:20:00,BarData,124.932,0,0.0,0.0,188.946322,0.0,❌ 震荡 (Gap 5.1 < 10),124.932,124.996,5.1,0
1766355660.208891,2025-12-21 22:21:00,2025-12-22 06:21:00,BarData,124.925,0,0.0,0.0,188.946322,0.0,❌ 震荡 (Gap 5.5 < 10),124.925,124.993,5.5,0
1766355720.0850818,2025-12-21 22:22:00,2025-12-22 06:22:00,BarData,124.926,0,0.0,0.0,188.946322,0.0,❌ 震荡 (Gap 5.2 < 10),124.926,124.991,5.2,0
1766355780.537718,2025-12-21 22:23:00,2025-12-22 06:23:00,BarData,125.008,0,0.0,0.0,188.946322,0.0,❌ 震荡 (Gap 1.3 < 10),125.008,124.992,1.3,0
1766355840.2864552,2025-12-21 22:24:00,2025-12-22 06:24:00,BarData,124.907,0,0.0,0.0,188.946322,0.0,❌ 震荡 (Gap 6.6 < 10),124.907,124.989,6.6,0
1766355900.5005794,2025-12-21 22:25:00,2025-12-22 06:25:00,BarData,124.983,0,0.0,0.0,188.946322,0.0,❌ 震荡 (Gap 0.5 < 10),124.983,124.989,0.5,0
1766355960.346957,2025-12-21 22:26:00,2025-12-22 06:26:00,BarData,125.051,0,0.0,0.0,188.946322,0.0,❌ 震荡 (Gap 4.8 < 10),125.051,124.991,4.8,0
1766356020.467808,2025-12-21 22:27:00,2025-12-22 06:27:00,BarData,125.116,0,0.0,0.0,188.946322,0.0,❌ 震荡 (Gap 9.7 < 10),125.116,124.995,9.7,0
1766356080.237953,2025-12-21 22:28:00,2025-12-22 06:28:00,BarData,125.126,0,0.0,0.0,188.946322,0.0,❌ 快线向下,125.126,124.999,10.1,0
1766356140.1203597,2025-12-21 22:29:00,2025-12-22 06:29:00,BarData,125.12,0,0.0,0.0,188.946322,0.0,❌ 震荡 (Gap 9.3 < 10),125.120,125.003,9.3,0
1766356200.0915504,2025-12-21 22:30:00,2025-12-22 06:30:00,BarData,125.175,0,0.0,0.0,188.946322,0.0,✅ 触发交易,125.175,125.009,13.3,1
1766356203.9441829,2025-12-21 22:30:03,2025-12-22 06:30:03,Strategy_Open,125.175,1.0,0,1.0,188.95932200000001,0.0,Strategy_Signal,125.175,125.009,13.3,1
1766356260.4784424,2025-12-21 22:31:00,2025-12-22 06:31:00,BarData,125.3,0,1.0,1.0,189.072322,0.0,✅ 触发交易,125.300,125.018,22.5,1
1766356320.5036528,2025-12-21 22:32:00,2025-12-22 06:32:00,BarData,125.149,0,1.0,1.0,188.933322,0.0,✅ 触发交易,125.149,125.023,10.1,1
1766356380.0799646,2025-12-21 22:33:00,2025-12-22 06:33:00,BarData,125.083,0,1.0,1.0,188.849322,0.0,❌ 震荡 (Gap 4.7 < 10),125.083,125.025,4.7,0
1766356380.7642972,2025-12-21 22:33:00,2025-12-22 06:33:00,PnlRecord,125.083,0,0,0,188.849322,-0.7748841667998755,多,125.083,125.025,4.7,0
1766356381.0932329,2025-12-21 22:33:01,2025-12-22 06:33:01,CloseSignal,125.083,1.0,1.0,0,188.849322,0.0,Strategy_TrendEnd,125.083,125.025,4.7,0
1766356440.5418108,2025-12-21 22:34:00,2025-12-22 06:34:00,BarData,125.115,0,0.0,0.0,188.839322,0.0,❌ 震荡 (Gap 7.0 < 10),125.115,125.027,7.0,0
1766356500.2664876,2025-12-21 22:35:00,2025-12-22 06:35:00,BarData,125.198,0,0.0,0.0,188.839322,0.0,✅ 触发交易,125.198,125.033,13.2,1
1766356504.1224675,2025-12-21 22:35:04,2025-12-22 06:35:04,Strategy_Open,125.198,1.0,0,1.0,188.85232200000002,0.0,Strategy_Signal,125.198,125.033,13.2,1
1766356560.4295757,2025-12-21 22:36:00,2025-12-22 06:36:00,BarData,125.206,0,1.0,1.0,188.861322,0.0,✅ 触发交易,125.206,125.039,13.4,1
1766356620.1142294,2025-12-21 22:37:00,2025-12-22 06:37:00,BarData,125.193,0,1.0,1.0,188.833322,0.0,✅ 触发交易,125.193,125.044,11.9,1
1766356680.2670293,2025-12-21 22:38:00,2025-12-22 06:38:00,BarData,125.2,0,1.0,1.0,188.851322,0.0,✅ 触发交易,125.200,125.049,12.1,1
1766356740.3155615,2025-12-21 22:39:00,2025-12-22 06:39:00,BarData,125.249,0,1.0,1.0,188.90032200000002,0.0,✅ 触发交易,125.249,125.055,15.5,1
1766356800.2763605,2025-12-21 22:40:00,2025-12-22 06:40:00,BarData,125.21,0,1.0,1.0,188.869322,0.0,✅ 触发交易,125.210,125.061,11.9,1
1766356860.5663345,2025-12-21 22:41:00,2025-12-22 06:41:00,BarData,125.306,0,1.0,1.0,188.952322,0.0,✅ 触发交易,125.306,125.069,18.9,1
1766356920.1865852,2025-12-21 22:42:00,2025-12-22 06:42:00,BarData,125.325,0,1.0,1.0,188.993322,0.0,✅ 触发交易,125.325,125.077,19.8,1
1766356980.2146287,2025-12-21 22:43:00,2025-12-22 06:43:00,BarData,125.488,0,1.0,1.0,189.11432200000002,0.0,✅ 触发交易,125.488,125.090,31.7,1
1766357040.5315678,2025-12-21 22:44:00,2025-12-22 06:44:00,BarData,125.517,0,1.0,1.0,189.153322,0.0,✅ 触发交易,125.517,125.104,32.9,1
1766357100.713755,2025-12-21 22:45:00,2025-12-22 06:45:00,BarData,125.393,0,1.0,1.0,189.040322,0.0,✅ 触发交易,125.393,125.114,22.3,1
1766357160.1493778,2025-12-21 22:46:00,2025-12-22 06:46:00,BarData,125.375,0,1.0,1.0,189.018322,0.0,✅ 触发交易,125.375,125.122,20.1,1
1766357220.675764,2025-12-21 22:47:00,2025-12-22 06:47:00,BarData,125.387,0,1.0,1.0,189.028322,0.0,✅ 触发交易,125.387,125.131,20.4,1
1766357280.1043465,2025-12-21 22:48:00,2025-12-22 06:48:00,BarData,125.328,0,1.0,1.0,188.97832200000002,0.0,✅ 触发交易,125.328,125.138,15.2,1
1766357340.664883,2025-12-21 22:49:00,2025-12-22 06:49:00,BarData,125.317,0,1.0,1.0,188.946322,0.0,✅ 触发交易,125.317,125.143,13.8,1
1766357400.2611597,2025-12-21 22:50:00,2025-12-22 06:50:00,BarData,125.38,0,1.0,1.0,189.016322,0.0,✅ 触发交易,125.380,125.151,18.2,1
1766357460.2332633,2025-12-21 22:51:00,2025-12-22 06:51:00,BarData,125.363,0,1.0,1.0,189.006322,0.0,✅ 触发交易,125.363,125.158,16.3,1
1766357520.5130587,2025-12-21 22:52:00,2025-12-22 06:52:00,BarData,125.462,0,1.0,1.0,189.12132200000002,0.0,✅ 触发交易,125.462,125.168,23.4,1
1766357580.4276643,2025-12-21 22:53:00,2025-12-22 06:53:00,BarData,125.569,0,1.0,1.0,189.23432200000002,0.0,✅ 触发交易,125.569,125.181,30.9,1
1766357640.5296383,2025-12-21 22:54:00,2025-12-22 06:54:00,BarData,125.643,0,1.0,1.0,189.28832200000002,0.0,✅ 触发交易,125.643,125.196,35.5,1
1766357700.4968238,2025-12-21 22:55:00,2025-12-22 06:55:00,BarData,125.642,0,1.0,1.0,189.289322,0.0,✅ 触发交易,125.642,125.211,34.3,1
1766357760.2820005,2025-12-21 22:56:00,2025-12-22 06:56:00,BarData,125.796,0,1.0,1.0,189.331322,0.0,✅ 触发交易,125.796,125.230,45.0,1
1766357820.2023785,2025-12-21 22:57:00,2025-12-22 06:57:00,BarData,125.69,0,1.0,1.0,189.33432200000001,0.0,✅ 触发交易,125.690,125.245,35.4,1
1766357880.3071527,2025-12-21 22:58:00,2025-12-22 06:58:00,BarData,125.67,0,1.0,1.0,189.319322,0.0,✅ 触发交易,125.670,125.259,32.7,1
1766357940.676882,2025-12-21 22:59:00,2025-12-22 06:59:00,BarData,125.743,0,1.0,1.0,189.37032200000002,0.0,✅ 触发交易,125.743,125.275,37.2,1
1766358000.534541,2025-12-21 23:00:00,2025-12-22 07:00:00,BarData,125.741,0,1.0,1.0,189.35932200000002,0.0,✅ 触发交易,125.741,125.290,35.8,1
1766358006.0905247,2025-12-21 23:00:06,2025-12-22 07:00:06,TP,125.845,1.0,1.0,0.0,189.546593,0.0,🚀 止盈 (+5.17%),125.741,125.290,35.8,1
1766358006.09085,2025-12-21 23:00:06,2025-12-22 07:00:06,PnlRecord,125.845,0,0,0,189.35932200000002,5.167814182335226,多,125.741,125.290,35.8,1
1766358060.414881,2025-12-21 23:01:00,2025-12-22 07:01:00,BarData,125.885,0,0.0,0.0,189.546593,0.0,✅ 触发交易,125.885,125.310,45.7,1
1766358064.2750742,2025-12-21 23:01:04,2025-12-22 07:01:04,Strategy_Open,125.885,1.0,0,1.0,189.548593,0.0,Strategy_Signal,125.885,125.310,45.7,1
1766358120.270029,2025-12-21 23:02:00,2025-12-22 07:02:00,BarData,126.041,0,1.0,1.0,189.649593,0.0,✅ 触发交易,126.041,125.334,56.1,1
1766358180.5086098,2025-12-21 23:03:00,2025-12-22 07:03:00,BarData,126.003,0,1.0,1.0,189.777593,0.0,✅ 触发交易,126.003,125.356,51.4,1
1766358266.2891188,2025-12-21 23:04:26,2025-12-22 07:04:26,BarData,126.062,0,1.0,1.0,189.714593,0.0,✅ 触发交易,126.062,125.379,54.2,1
1766358300.091131,2025-12-21 23:05:00,2025-12-22 07:05:00,BarData,126.002,0,1.0,1.0,189.664593,0.0,✅ 触发交易,126.002,125.399,47.8,1
1766358360.3130248,2025-12-21 23:06:00,2025-12-22 07:06:00,BarData,126.02,0,1.0,1.0,189.659593,0.0,✅ 触发交易,126.020,125.420,47.6,1
1766358392.4484103,2025-12-21 23:06:32,2025-12-22 07:06:32,SL,125.751,1.0,1.0,0.0,189.391839,0.0,🛡️ 止损 (-1.09%),126.020,125.420,47.6,1
1766358392.4487157,2025-12-21 23:06:32,2025-12-22 07:06:32,PnlRecord,125.751,0,0,0,189.474593,-1.0882689374682293,多,126.020,125.420,47.6,1
1766358420.6730127,2025-12-21 23:07:00,2025-12-22 07:07:00,BarData,125.654,0,0.0,0.0,189.391839,0.0,✅ 触发交易,125.654,125.427,18.0,1
1766358424.5427995,2025-12-21 23:07:04,2025-12-22 07:07:04,Strategy_Open,125.654,1.0,0,1.0,189.421839,0.0,Strategy_Signal,125.654,125.427,18.0,1
1766358480.5361743,2025-12-21 23:08:00,2025-12-22 07:08:00,BarData,125.798,0,1.0,1.0,189.480839,0.0,✅ 触发交易,125.798,125.440,28.5,1
1766358540.3131568,2025-12-21 23:09:00,2025-12-22 07:09:00,BarData,125.829,0,1.0,1.0,189.478839,0.0,✅ 触发交易,125.829,125.452,29.9,1
1766358600.414778,2025-12-21 23:10:00,2025-12-22 07:10:00,BarData,125.924,0,1.0,1.0,189.628839,0.0,✅ 触发交易,125.924,125.468,36.2,1
1766358662.694739,2025-12-21 23:11:02,2025-12-22 07:11:02,BarData,125.867,0,1.0,1.0,189.551839,0.0,✅ 触发交易,125.867,125.481,30.7,1
1766358720.6212826,2025-12-21 23:12:00,2025-12-22 07:12:00,BarData,125.817,0,1.0,1.0,189.532839,0.0,✅ 触发交易,125.817,125.492,25.8,1
1766358780.418121,2025-12-21 23:13:00,2025-12-22 07:13:00,BarData,125.754,0,1.0,1.0,189.456839,0.0,✅ 触发交易,125.754,125.500,20.2,1
1766358840.2832935,2025-12-21 23:14:00,2025-12-22 07:14:00,BarData,125.764,0,1.0,1.0,189.425839,0.0,✅ 触发交易,125.764,125.509,20.3,1
1766358900.5292764,2025-12-21 23:15:00,2025-12-22 07:15:00,BarData,125.622,0,1.0,1.0,189.327839,0.0,❌ 震荡 (Gap 8.7 < 10),125.622,125.513,8.7,0
1766358901.203559,2025-12-21 23:15:01,2025-12-22 07:15:01,PnlRecord,125.622,0,0,0,189.327839,-0.6602760431168084,多,125.622,125.513,8.7,0
1766358901.6189318,2025-12-21 23:15:01,2025-12-22 07:15:01,CloseSignal,125.622,1.0,1.0,0,189.327839,0.0,Strategy_TrendEnd,125.622,125.513,8.7,0
1766358960.253447,2025-12-21 23:16:00,2025-12-22 07:16:00,BarData,125.95,0,0.0,0.0,189.348839,0.0,✅ 触发交易,125.950,125.527,33.6,1
1766358964.146837,2025-12-21 23:16:04,2025-12-22 07:16:04,Strategy_Open,125.95,1.0,0,1.0,189.340839,0.0,Strategy_Signal,125.950,125.527,33.6,1
1766359020.5108292,2025-12-21 23:17:00,2025-12-22 07:17:00,BarData,126.002,0,1.0,1.0,189.407839,0.0,✅ 触发交易,126.002,125.543,36.5,1
1766359080.1786566,2025-12-21 23:18:00,2025-12-22 07:18:00,BarData,126.038,0,1.0,1.0,189.415839,0.0,✅ 触发交易,126.038,125.559,38.0,1
1766359140.5233595,2025-12-21 23:19:00,2025-12-22 07:19:00,BarData,125.849,0,1.0,1.0,189.25083899999998,0.0,✅ 触发交易,125.849,125.568,22.3,1
1766359153.5500076,2025-12-21 23:19:13,2025-12-22 07:19:13,SL,125.805,1.0,1.0,0.0,189.202839,0.0,🛡️ 止损 (-1.13%),125.849,125.568,22.3,1
1766359153.5502985,2025-12-21 23:19:13,2025-12-22 07:19:13,PnlRecord,125.805,0,0,0,189.25083899999998,-1.1274583753483285,多,125.849,125.568,22.3,1
1766359200.3719208,2025-12-21 23:20:00,2025-12-22 07:20:00,BarData,125.895,0,0.0,0.0,189.202839,0.0,✅ 触发交易,125.895,125.579,25.1,1
1766359204.3610604,2025-12-21 23:20:04,2025-12-22 07:20:04,Strategy_Open,125.895,1.0,0,1.0,189.19283900000002,0.0,Strategy_Signal,125.895,125.579,25.1,1
1766359260.7879364,2025-12-21 23:21:00,2025-12-22 07:21:00,BarData,125.894,0,1.0,1.0,189.15783900000002,0.0,✅ 触发交易,125.894,125.589,24.2,1
1766359320.1022112,2025-12-21 23:22:00,2025-12-22 07:22:00,BarData,125.984,0,1.0,1.0,189.241839,0.0,✅ 触发交易,125.984,125.602,30.3,1
1766359380.4445622,2025-12-21 23:23:00,2025-12-22 07:23:00,BarData,125.979,0,1.0,1.0,189.255839,0.0,✅ 触发交易,125.979,125.615,28.9,1
1766359440.0923412,2025-12-21 23:24:00,2025-12-22 07:24:00,BarData,126.027,0,1.0,1.0,189.284839,0.0,✅ 触发交易,126.027,125.628,31.6,1
1766359500.205849,2025-12-21 23:25:00,2025-12-22 07:25:00,BarData,126.093,0,1.0,1.0,189.332839,0.0,✅ 触发交易,126.093,125.644,35.6,1
1766359560.1442702,2025-12-21 23:26:00,2025-12-22 07:26:00,BarData,126.074,0,1.0,1.0,189.31283900000003,0.0,✅ 触发交易,126.074,125.658,33.0,1
1766359620.283625,2025-12-21 23:27:00,2025-12-22 07:27:00,BarData,126.056,0,1.0,1.0,189.285839,0.0,✅ 触发交易,126.056,125.671,30.6,1
1766359680.556576,2025-12-21 23:28:00,2025-12-22 07:28:00,BarData,126.01,0,1.0,1.0,189.268839,0.0,✅ 触发交易,126.010,125.682,26.0,1
1766359740.358909,2025-12-21 23:29:00,2025-12-22 07:29:00,BarData,125.934,0,1.0,1.0,189.178839,0.0,✅ 触发交易,125.934,125.690,19.4,1
1766359787.2266014,2025-12-21 23:29:47,2025-12-22 07:29:47,SL,125.797,1.0,1.0,0.0,189.030839,0.0,🛡️ 止损 (-1.14%),125.934,125.690,19.4,1
1766359787.226905,2025-12-21 23:29:47,2025-12-22 07:29:47,PnlRecord,125.797,0,0,0,189.10883900000002,-1.1354613307924464,多,125.934,125.690,19.4,1
1766359800.6998627,2025-12-21 23:30:00,2025-12-22 07:30:00,BarData,125.746,0,0.0,0.0,189.030839,0.0,❌ 震荡 (Gap 4.3 < 10),125.746,125.692,4.3,0
1766359860.334724,2025-12-21 23:31:00,2025-12-22 07:31:00,BarData,125.594,0,0.0,0.0,189.030839,0.0,❌ 震荡 (Gap 7.5 < 10),125.594,125.689,7.5,0
1766359920.102013,2025-12-21 23:32:00,2025-12-22 07:32:00,BarData,125.583,0,0.0,0.0,189.030839,0.0,❌ 震荡 (Gap 8.1 < 10),125.583,125.685,8.1,0
1766359980.2243125,2025-12-21 23:33:00,2025-12-22 07:33:00,BarData,125.476,0,0.0,0.0,189.030839,0.0,❌ 快线向上,125.476,125.678,16.1,0
1766360040.5814767,2025-12-21 23:34:00,2025-12-22 07:34:00,BarData,125.502,0,0.0,0.0,189.030839,0.0,❌ 快线向上,125.502,125.673,13.6,0
1766360100.342349,2025-12-21 23:35:00,2025-12-22 07:35:00,BarData,125.499,0,0.0,0.0,189.030839,0.0,❌ 快线向上,125.499,125.667,13.4,0
1766360160.3370042,2025-12-21 23:36:00,2025-12-22 07:36:00,BarData,125.642,0,0.0,0.0,189.030839,0.0,❌ 震荡 (Gap 1.9 < 10),125.642,125.666,1.9,0
1766360220.185729,2025-12-21 23:37:00,2025-12-22 07:37:00,BarData,125.679,0,0.0,0.0,189.030839,0.0,❌ 震荡 (Gap 1.0 < 10),125.679,125.667,1.0,0
1766360280.2855694,2025-12-21 23:38:00,2025-12-22 07:38:00,BarData,125.661,0,0.0,0.0,189.030839,0.0,❌ 震荡 (Gap 0.4 < 10),125.661,125.666,0.4,0
1766360340.1048899,2025-12-21 23:39:00,2025-12-22 07:39:00,BarData,125.726,0,0.0,0.0,189.030839,0.0,❌ 震荡 (Gap 4.6 < 10),125.726,125.668,4.6,0
1766360400.307529,2025-12-21 23:40:00,2025-12-22 07:40:00,BarData,125.941,0,0.0,0.0,189.030839,0.0,✅ 触发交易,125.941,125.677,20.9,1
1766360404.158731,2025-12-21 23:40:04,2025-12-22 07:40:04,Strategy_Open,125.941,1.0,0,1.0,189.02983899999998,0.0,Strategy_Signal,125.941,125.677,20.9,1
1766360460.4916012,2025-12-21 23:41:00,2025-12-22 07:41:00,BarData,125.943,0,1.0,1.0,189.031839,0.0,✅ 触发交易,125.943,125.686,20.4,1
1766360520.118198,2025-12-21 23:42:00,2025-12-22 07:42:00,BarData,125.986,0,1.0,1.0,189.08883899999998,0.0,✅ 触发交易,125.986,125.696,23.0,1
1766360580.3480134,2025-12-21 23:43:00,2025-12-22 07:43:00,BarData,125.912,0,1.0,1.0,188.989839,0.0,✅ 触发交易,125.912,125.703,16.6,1
1766360640.2219152,2025-12-21 23:44:00,2025-12-22 07:44:00,BarData,125.861,0,1.0,1.0,188.92883899999998,0.0,✅ 触发交易,125.861,125.708,12.2,1
1766360662.5678592,2025-12-21 23:44:22,2025-12-22 07:44:22,SL,125.824,1.0,1.0,0.0,188.903839,0.0,🛡️ 止损 (-1.00%),125.861,125.708,12.2,1
1766360662.5681796,2025-12-21 23:44:22,2025-12-22 07:44:22,PnlRecord,125.824,0,0,0,188.929839,-1.0003969829297719,多,125.861,125.708,12.2,1
1766360700.5192955,2025-12-21 23:45:00,2025-12-22 07:45:00,BarData,125.83,0,0.0,0.0,188.903839,0.0,❌ 震荡 (Gap 9.4 < 10),125.830,125.712,9.4,0
1766360760.1633759,2025-12-21 23:46:00,2025-12-22 07:46:00,BarData,125.861,0,0.0,0.0,188.903839,0.0,✅ 触发交易,125.861,125.717,11.4,1
1766360764.150866,2025-12-21 23:46:04,2025-12-22 07:46:04,Strategy_Open,125.861,1.0,0,1.0,188.891839,0.0,Strategy_Signal,125.861,125.717,11.4,1
1766360820.513709,2025-12-21 23:47:00,2025-12-22 07:47:00,BarData,125.878,0,1.0,1.0,188.925839,0.0,✅ 触发交易,125.878,125.722,12.4,1
1766360880.28008,2025-12-21 23:48:00,2025-12-22 07:48:00,BarData,125.924,0,1.0,1.0,188.945839,0.0,✅ 触发交易,125.924,125.729,15.5,1
1766360940.1406748,2025-12-21 23:49:00,2025-12-22 07:49:00,BarData,125.936,0,1.0,1.0,188.967839,0.0,✅ 触发交易,125.936,125.736,15.9,1
1766361000.4524088,2025-12-21 23:50:00,2025-12-22 07:50:00,BarData,125.955,0,1.0,1.0,188.97783900000002,0.0,✅ 触发交易,125.955,125.743,16.8,1
1766361060.5726066,2025-12-21 23:51:00,2025-12-22 07:51:00,BarData,126.033,0,1.0,1.0,189.059839,0.0,✅ 触发交易,126.033,125.752,22.3,1
1766361120.157235,2025-12-21 23:52:00,2025-12-22 07:52:00,BarData,126.086,0,1.0,1.0,189.106839,0.0,✅ 触发交易,126.086,125.763,25.6,1
1766361180.2325811,2025-12-21 23:53:00,2025-12-22 07:53:00,BarData,126.095,0,1.0,1.0,189.124839,0.0,✅ 触发交易,126.095,125.774,25.4,1
1766361240.161084,2025-12-21 23:54:00,2025-12-22 07:54:00,BarData,126.058,0,1.0,1.0,189.069839,0.0,✅ 触发交易,126.058,125.783,21.8,1
1766361300.0831523,2025-12-21 23:55:00,2025-12-22 07:55:00,BarData,125.978,0,1.0,1.0,189.016839,0.0,✅ 触发交易,125.978,125.790,14.9,1
1766361360.4648254,2025-12-21 23:56:00,2025-12-22 07:56:00,BarData,125.961,0,1.0,1.0,188.987839,0.0,✅ 触发交易,125.961,125.795,13.1,1
1766361420.2954555,2025-12-21 23:57:00,2025-12-22 07:57:00,BarData,125.923,0,1.0,1.0,188.978839,0.0,❌ 震荡 (Gap 9.8 < 10),125.923,125.800,9.8,0
1766361420.9782863,2025-12-21 23:57:00,2025-12-22 07:57:00,PnlRecord,125.923,0,0,0,188.978839,0.5085055498614097,多,125.923,125.800,9.8,0
1766361421.316266,2025-12-21 23:57:01,2025-12-22 07:57:01,CloseSignal,125.923,1.0,1.0,0,188.978839,0.0,Strategy_TrendEnd,125.923,125.800,9.8,0
1766361480.5629947,2025-12-21 23:58:00,2025-12-22 07:58:00,BarData,125.977,0,0.0,0.0,189.062839,0.0,✅ 触发交易,125.977,125.805,13.6,1
1766361484.4384568,2025-12-21 23:58:04,2025-12-22 07:58:04,Strategy_Open,125.977,1.0,0,1.0,189.057839,0.0,Strategy_Signal,125.977,125.805,13.6,1
1766361540.4949098,2025-12-21 23:59:00,2025-12-22 07:59:00,BarData,125.956,0,1.0,1.0,189.063839,0.0,✅ 触发交易,125.956,125.810,11.6,1
1766361600.2396138,2025-12-22 00:00:00,2025-12-22 08:00:00,BarData,125.958,0,1.0,1.0,189.059839,0.0,✅ 触发交易,125.958,125.815,11.3,1
1766361660.564457,2025-12-22 00:01:00,2025-12-22 08:01:00,BarData,126.057,0,1.0,1.0,189.075704,0.0,✅ 触发交易,126.057,125.823,18.6,1
1766361720.5605645,2025-12-22 00:02:00,2025-12-22 08:02:00,BarData,126.043,0,1.0,1.0,189.165704,0.0,✅ 触发交易,126.043,125.830,16.9,1
1766361780.1368585,2025-12-22 00:03:00,2025-12-22 08:03:00,BarData,125.967,0,1.0,1.0,189.075704,0.0,✅ 触发交易,125.967,125.835,10.5,1
1766361840.5179982,2025-12-22 00:04:00,2025-12-22 08:04:00,BarData,125.982,0,1.0,1.0,189.050704,0.0,✅ 触发交易,125.982,125.840,11.3,1
1766361900.5107176,2025-12-22 00:05:00,2025-12-22 08:05:00,BarData,126.004,0,1.0,1.0,189.109704,0.0,✅ 触发交易,126.004,125.845,12.6,1
1766361960.1966264,2025-12-22 00:06:00,2025-12-22 08:06:00,BarData,126.187,0,1.0,1.0,189.235704,0.0,✅ 触发交易,126.187,125.856,26.2,1
1766362020.1549125,2025-12-22 00:07:00,2025-12-22 08:07:00,BarData,126.15,0,1.0,1.0,189.185704,0.0,✅ 触发交易,126.150,125.866,22.5,1
1766362080.3234825,2025-12-22 00:08:00,2025-12-22 08:08:00,BarData,126.217,0,1.0,1.0,189.284704,0.0,✅ 触发交易,126.217,125.877,26.9,1
1766362140.477294,2025-12-22 00:09:00,2025-12-22 08:09:00,BarData,126.047,0,1.0,1.0,189.155704,0.0,✅ 触发交易,126.047,125.883,13.0,1
1766362200.508846,2025-12-22 00:10:00,2025-12-22 08:10:00,BarData,126.242,0,1.0,1.0,189.296704,0.0,✅ 触发交易,126.242,125.895,27.5,1
1766362213.1571026,2025-12-22 00:10:13,2025-12-22 08:10:13,TP,126.688,1.0,1.0,0.0,189.746705,0.0,🚀 止盈 (+5.65%),126.242,125.895,27.5,1
1766362213.1574047,2025-12-22 00:10:13,2025-12-22 08:10:13,PnlRecord,126.688,0,0,0,189.322704,5.651870197497963,多,126.242,125.895,27.5,1
1766362260.1825728,2025-12-22 00:11:00,2025-12-22 08:11:00,BarData,126.471,0,0.0,0.0,189.746705,0.0,✅ 触发交易,126.471,125.914,44.1,1
1766362264.049057,2025-12-22 00:11:04,2025-12-22 08:11:04,Strategy_Open,126.471,1.0,0,1.0,189.722705,0.0,Strategy_Signal,126.471,125.914,44.1,1
1766362320.3725827,2025-12-22 00:12:00,2025-12-22 08:12:00,BarData,126.711,0,1.0,1.0,189.866705,0.0,✅ 触发交易,126.711,125.940,60.9,1
1766362380.4828682,2025-12-22 00:13:00,2025-12-22 08:13:00,BarData,126.818,0,1.0,1.0,189.949705,0.0,✅ 触发交易,126.818,125.969,67.0,1
1766362440.2481668,2025-12-22 00:14:00,2025-12-22 08:14:00,BarData,127.072,0,1.0,1.0,190.153705,0.0,✅ 触发交易,127.072,126.005,84.0,1
1766362450.468989,2025-12-22 00:14:10,2025-12-22 08:14:10,TP,127.242,1.0,1.0,0.0,190.443705,0.0,🚀 止盈 (+5.25%),127.072,126.005,84.0,1
1766362450.4692566,2025-12-22 00:14:10,2025-12-22 08:14:10,PnlRecord,127.242,0,0,0,190.168705,5.245777307272998,多,127.072,126.005,84.0,1
1766362500.6658669,2025-12-22 00:15:00,2025-12-22 08:15:00,BarData,127.674,0,0.0,0.0,190.443705,0.0,✅ 触发交易,127.674,126.059,126.5,1
1766362504.5177708,2025-12-22 00:15:04,2025-12-22 08:15:04,Strategy_Open,127.674,1.0,0,1.0,190.370705,0.0,Strategy_Signal,127.674,126.059,126.5,1
1766362519.308457,2025-12-22 00:15:19,2025-12-22 08:15:19,TP,128.493,1.0,1.0,0.0,191.018705,0.0,🚀 止盈 (+5.87%),127.674,126.059,126.5,1
1766362519.3087492,2025-12-22 00:15:19,2025-12-22 08:15:19,PnlRecord,128.493,0,0,0,190.377705,5.871163194852165,多,127.674,126.059,126.5,1
1766362560.414432,2025-12-22 00:16:00,2025-12-22 08:16:00,BarData,128.281,0,0.0,0.0,191.018705,0.0,✅ 触发交易,128.281,126.132,167.5,1
1766362564.2860236,2025-12-22 00:16:04,2025-12-22 08:16:04,Strategy_Open,128.281,1.0,0,1.0,190.98970500000001,0.0,Strategy_Signal,128.281,126.132,167.5,1
1766362573.3157413,2025-12-22 00:16:13,2025-12-22 08:16:13,SL,128.231,1.0,1.0,0.0,190.875705,0.0,🛡️ 止损 (-1.08%),128.281,126.132,167.5,1
1766362573.3160586,2025-12-22 00:16:13,2025-12-22 08:16:13,PnlRecord,128.231,0,0,0,190.98970500000001,-1.0750259018922421,多,128.281,126.132,167.5,1
1766362620.3369842,2025-12-22 00:17:00,2025-12-22 08:17:00,BarData,128.395,0,0.0,0.0,190.875705,0.0,✅ 触发交易,128.395,126.206,170.5,1
1766362624.1905448,2025-12-22 00:17:04,2025-12-22 08:17:04,Strategy_Open,128.395,1.0,0,1.0,190.74670500000002,0.0,Strategy_Signal,128.395,126.206,170.5,1
1766362628.5725539,2025-12-22 00:17:08,2025-12-22 08:17:08,SL,128.097,1.0,1.0,0.0,190.569705,0.0,🛡️ 止损 (-2.29%),128.395,126.206,170.5,1
1766362628.5728385,2025-12-22 00:17:08,2025-12-22 08:17:08,PnlRecord,128.097,0,0,0,190.74670500000002,-2.2898801317848037,多,128.395,126.206,170.5,1
1766362680.3075209,2025-12-22 00:18:00,2025-12-22 08:18:00,BarData,127.406,0,0.0,0.0,190.569705,0.0,✅ 触发交易,127.406,126.246,91.1,1
1766362684.4638524,2025-12-22 00:18:04,2025-12-22 08:18:04,Strategy_Open,127.406,1.0,0,1.0,190.489705,0.0,Strategy_Signal,127.406,126.246,91.1,1
1766362690.1914742,2025-12-22 00:18:10,2025-12-22 08:18:10,SL,127.259,1.0,1.0,0.0,190.313705,0.0,🛡️ 止损 (-1.97%),127.406,126.246,91.1,1
1766362690.1917906,2025-12-22 00:18:10,2025-12-22 08:18:10,PnlRecord,127.259,0,0,0,190.479705,-1.9684730609364345,多,127.406,126.246,91.1,1
1766362740.612956,2025-12-22 00:19:00,2025-12-22 08:19:00,BarData,127.119,0,0.0,0.0,190.313705,0.0,✅ 触发交易,127.119,126.274,66.4,1
1766362744.485858,2025-12-22 00:19:04,2025-12-22 08:19:04,Strategy_Open,127.119,1.0,0,1.0,190.237705,0.0,Strategy_Signal,127.119,126.274,66.4,1
1766362748.5990617,2025-12-22 00:19:08,2025-12-22 08:19:08,SL,126.987,1.0,1.0,0.0,190.133705,0.0,🛡️ 止损 (-1.25%),127.119,126.274,66.4,1
1766362748.5993812,2025-12-22 00:19:08,2025-12-22 08:19:08,PnlRecord,126.987,0,0,0,190.237705,-1.2505308857534332,多,127.119,126.274,66.4,1
1766362800.4016914,2025-12-22 00:20:00,2025-12-22 08:20:00,BarData,127.032,0,0.0,0.0,190.133705,0.0,✅ 触发交易,127.032,126.299,57.7,1
1766362804.2719417,2025-12-22 00:20:04,2025-12-22 08:20:04,Strategy_Open,127.032,1.0,0,1.0,190.087705,0.0,Strategy_Signal,127.032,126.299,57.7,1
1766362820.4016325,2025-12-22 00:20:20,2025-12-22 08:20:20,SL,126.918,1.0,1.0,0.0,189.897705,0.0,🛡️ 止损 (-1.24%),127.032,126.299,57.7,1
1766362820.401974,2025-12-22 00:20:20,2025-12-22 08:20:20,PnlRecord,126.918,0,0,0,190.038705,-1.2354908518591106,多,127.032,126.299,57.7,1
1766362860.6629605,2025-12-22 00:21:00,2025-12-22 08:21:00,BarData,126.66,0,0.0,0.0,189.897705,0.0,✅ 触发交易,126.660,126.311,27.5,1
1766362864.5351503,2025-12-22 00:21:04,2025-12-22 08:21:04,Strategy_Open,126.66,1.0,0,1.0,189.878705,0.0,Strategy_Signal,126.660,126.311,27.5,1
1766362902.556138,2025-12-22 00:21:42,2025-12-22 08:21:42,SL,126.555,1.0,1.0,0.0,189.782705,0.0,🛡️ 止损 (-1.10%),126.660,126.311,27.5,1
1766362902.556441,2025-12-22 00:21:42,2025-12-22 08:21:42,PnlRecord,126.555,0,0,0,189.795705,-1.0971316715866244,多,126.660,126.311,27.5,1
1766362920.4797316,2025-12-22 00:22:00,2025-12-22 08:22:00,BarData,126.68,0,0.0,0.0,189.782705,0.0,✅ 触发交易,126.680,126.323,28.2,1
1766362924.344809,2025-12-22 00:22:04,2025-12-22 08:22:04,Strategy_Open,126.68,1.0,0,1.0,189.736705,0.0,Strategy_Signal,126.680,126.323,28.2,1
1766362939.1830778,2025-12-22 00:22:19,2025-12-22 08:22:19,SL,126.548,1.0,1.0,0.0,189.641705,0.0,🛡️ 止损 (-1.11%),126.680,126.323,28.2,1
1766362939.1833825,2025-12-22 00:22:19,2025-12-22 08:22:19,PnlRecord,126.548,0,0,0,189.704705,-1.1129616620226788,多,126.680,126.323,28.2,1
1766362980.304404,2025-12-22 00:23:00,2025-12-22 08:23:00,BarData,126.904,0,0.0,0.0,189.641705,0.0,✅ 触发交易,126.904,126.342,44.3,1
1766362984.1665857,2025-12-22 00:23:04,2025-12-22 08:23:04,Strategy_Open,126.904,1.0,0,1.0,189.609705,0.0,Strategy_Signal,126.904,126.342,44.3,1
1766362997.5334961,2025-12-22 00:23:17,2025-12-22 08:23:17,SL,126.664,1.0,1.0,0.0,189.382705,0.0,🛡️ 止损 (-1.66%),126.904,126.342,44.3,1
1766362997.533812,2025-12-22 00:23:17,2025-12-22 08:23:17,PnlRecord,126.664,0,0,0,189.609705,-1.6551854595897801,多,126.904,126.342,44.3,1
1766363040.2827277,2025-12-22 00:24:00,2025-12-22 08:24:00,BarData,126.782,0,0.0,0.0,189.382705,0.0,✅ 触发交易,126.782,126.357,33.5,1
1766363044.2953084,2025-12-22 00:24:04,2025-12-22 08:24:04,Strategy_Open,126.782,1.0,0,1.0,189.38070499999998,0.0,Strategy_Signal,126.782,126.357,33.5,1
1766363082.3128886,2025-12-22 00:24:42,2025-12-22 08:24:42,SL,126.621,1.0,1.0,0.0,189.153705,0.0,🛡️ 止损 (-1.29%),126.782,126.357,33.5,1
1766363082.3132014,2025-12-22 00:24:42,2025-12-22 08:24:42,PnlRecord,126.621,0,0,0,189.263705,-1.285651186269647,多,126.782,126.357,33.5,1
1766363100.2440581,2025-12-22 00:25:00,2025-12-22 08:25:00,BarData,126.565,0,0.0,0.0,189.153705,0.0,✅ 触发交易,126.565,126.364,15.9,1
1766363104.0901024,2025-12-22 00:25:04,2025-12-22 08:25:04,Strategy_Open,126.565,1.0,0,1.0,189.12670500000002,0.0,Strategy_Signal,126.565,126.364,15.9,1
1766363160.4859126,2025-12-22 00:26:00,2025-12-22 08:26:00,BarData,126.471,0,1.0,1.0,189.085705,0.0,❌ 震荡 (Gap 8.2 < 10),126.471,126.367,8.2,0
1766363161.1582723,2025-12-22 00:26:01,2025-12-22 08:26:01,PnlRecord,126.471,0,0,0,189.085705,-0.5057889121586356,多,126.471,126.367,8.2,0
1766363161.4969041,2025-12-22 00:26:01,2025-12-22 08:26:01,CloseSignal,126.471,1.0,1.0,0,189.085705,0.0,Strategy_TrendEnd,126.471,126.367,8.2,0
1766363220.293035,2025-12-22 00:27:00,2025-12-22 08:27:00,BarData,126.611,0,0.0,0.0,189.087705,0.0,✅ 触发交易,126.611,126.375,18.6,1
1766363224.1615148,2025-12-22 00:27:04,2025-12-22 08:27:04,Strategy_Open,126.611,1.0,0,1.0,189.106705,0.0,Strategy_Signal,126.611,126.375,18.6,1
1766363280.17034,2025-12-22 00:28:00,2025-12-22 08:28:00,BarData,126.652,0,1.0,1.0,189.078705,0.0,✅ 触发交易,126.652,126.384,21.2,1
1766363340.46858,2025-12-22 00:29:00,2025-12-22 08:29:00,BarData,126.8,0,1.0,1.0,189.186705,0.0,✅ 触发交易,126.800,126.398,31.7,1
1766363400.1878603,2025-12-22 00:30:00,2025-12-22 08:30:00,BarData,126.84,0,1.0,1.0,189.251705,0.0,✅ 触发交易,126.840,126.412,33.7,1
1766363460.5588298,2025-12-22 00:31:00,2025-12-22 08:31:00,BarData,126.771,0,1.0,1.0,189.157705,0.0,✅ 触发交易,126.771,126.424,27.4,1
1766363473.040704,2025-12-22 00:31:13,2025-12-22 08:31:13,SL,126.561,1.0,1.0,0.0,188.931705,0.0,🛡️ 止损 (-1.04%),126.771,126.424,27.4,1
1766363473.0411766,2025-12-22 00:31:13,2025-12-22 08:31:13,PnlRecord,126.561,0,0,0,189.124705,-1.041888659989035,多,126.771,126.424,27.4,1
1766363520.546722,2025-12-22 00:32:00,2025-12-22 08:32:00,BarData,126.545,0,0.0,0.0,188.931705,0.0,❌ 震荡 (Gap 9.2 < 10),126.545,126.428,9.2,0
1766363580.6051276,2025-12-22 00:33:00,2025-12-22 08:33:00,BarData,126.407,0,0.0,0.0,188.931705,0.0,❌ 震荡 (Gap 1.6 < 10),126.407,126.427,1.6,0
1766363640.5714688,2025-12-22 00:34:00,2025-12-22 08:34:00,BarData,126.479,0,0.0,0.0,188.931705,0.0,❌ 震荡 (Gap 4.0 < 10),126.479,126.429,4.0,0
1766363700.3258126,2025-12-22 00:35:00,2025-12-22 08:35:00,BarData,126.535,0,0.0,0.0,188.931705,0.0,❌ 震荡 (Gap 8.1 < 10),126.535,126.432,8.1,0
1766363760.4238546,2025-12-22 00:36:00,2025-12-22 08:36:00,BarData,126.608,0,0.0,0.0,188.931705,0.0,✅ 触发交易,126.608,126.438,13.4,1
1766363764.3336616,2025-12-22 00:36:04,2025-12-22 08:36:04,Strategy_Open,126.608,1.0,0,1.0,188.94770499999998,0.0,Strategy_Signal,126.608,126.438,13.4,1
1766363820.2579646,2025-12-22 00:37:00,2025-12-22 08:37:00,BarData,126.606,0,1.0,1.0,189.016705,0.0,✅ 触发交易,126.606,126.444,12.8,1
1766363880.373839,2025-12-22 00:38:00,2025-12-22 08:38:00,BarData,126.998,0,1.0,1.0,189.297705,0.0,✅ 触发交易,126.998,126.462,42.2,1
1766363890.4044564,2025-12-22 00:38:10,2025-12-22 08:38:10,TP,127.2,1.0,1.0,0.0,189.558705,0.0,🚀 止盈 (+5.09%),126.998,126.462,42.2,1
1766363890.4047656,2025-12-22 00:38:10,2025-12-22 08:38:10,PnlRecord,127.2,0,0,0,189.297705,5.088656405069736,多,126.998,126.462,42.2,1
1766363940.1398811,2025-12-22 00:39:00,2025-12-22 08:39:00,BarData,127.031,0,0.0,0.0,189.558705,0.0,✅ 触发交易,127.031,126.481,43.3,1
1766363944.0107286,2025-12-22 00:39:04,2025-12-22 08:39:04,Strategy_Open,127.031,1.0,0,1.0,189.54970500000002,0.0,Strategy_Signal,127.031,126.481,43.3,1
1766364000.3253899,2025-12-22 00:40:00,2025-12-22 08:40:00,BarData,127.114,0,1.0,1.0,189.550705,0.0,✅ 触发交易,127.114,126.501,48.2,1
1766364060.6820352,2025-12-22 00:41:00,2025-12-22 08:41:00,BarData,127.15,0,1.0,1.0,189.59670500000001,0.0,✅ 触发交易,127.150,126.523,49.3,1
1766364120.177204,2025-12-22 00:42:00,2025-12-22 08:42:00,BarData,126.995,0,1.0,1.0,189.474705,0.0,✅ 触发交易,126.995,126.538,36.0,1
1766364139.330855,2025-12-22 00:42:19,2025-12-22 08:42:19,SL,126.895,1.0,1.0,0.0,189.389705,0.0,🛡️ 止损 (-1.32%),126.995,126.538,36.0,1
1766364139.3311472,2025-12-22 00:42:19,2025-12-22 08:42:19,PnlRecord,126.895,0,0,0,189.475705,-1.322178761716679,多,126.995,126.538,36.0,1
1766364180.0877504,2025-12-22 00:43:00,2025-12-22 08:43:00,BarData,126.834,0,0.0,0.0,189.389705,0.0,✅ 触发交易,126.834,126.548,22.6,1
1766364183.9549747,2025-12-22 00:43:03,2025-12-22 08:43:03,Strategy_Open,126.834,1.0,0,1.0,189.39370499999998,0.0,Strategy_Signal,126.834,126.548,22.6,1
1766364240.432354,2025-12-22 00:44:00,2025-12-22 08:44:00,BarData,126.896,0,1.0,1.0,189.456705,0.0,✅ 触发交易,126.896,126.559,26.5,1
1766364300.0884318,2025-12-22 00:45:00,2025-12-22 08:45:00,BarData,126.961,0,1.0,1.0,189.516705,0.0,✅ 触发交易,126.961,126.572,30.6,1
1766364360.4417684,2025-12-22 00:46:00,2025-12-22 08:46:00,BarData,126.754,0,1.0,1.0,189.346705,0.0,✅ 触发交易,126.754,126.578,13.9,1
1766364420.456434,2025-12-22 00:47:00,2025-12-22 08:47:00,BarData,126.913,0,1.0,1.0,189.439705,0.0,✅ 触发交易,126.913,126.589,25.5,1
1766364480.106944,2025-12-22 00:48:00,2025-12-22 08:48:00,BarData,126.961,0,1.0,1.0,189.580705,0.0,✅ 触发交易,126.961,126.601,28.3,1
1766364540.2348385,2025-12-22 00:49:00,2025-12-22 08:49:00,BarData,127.005,0,1.0,1.0,189.580705,0.0,✅ 触发交易,127.005,126.615,30.7,1
1766364600.706113,2025-12-22 00:50:00,2025-12-22 08:50:00,BarData,126.953,0,1.0,1.0,189.497705,0.0,✅ 触发交易,126.953,126.626,25.8,1
1766364660.682462,2025-12-22 00:51:00,2025-12-22 08:51:00,BarData,126.944,0,1.0,1.0,189.491705,0.0,✅ 触发交易,126.944,126.636,24.2,1
1766364720.2428164,2025-12-22 00:52:00,2025-12-22 08:52:00,BarData,126.806,0,1.0,1.0,189.457705,0.0,✅ 触发交易,126.806,126.642,12.9,1
1766364745.138261,2025-12-22 00:52:25,2025-12-22 08:52:25,SL,126.687,1.0,1.0,0.0,189.268705,0.0,🛡️ 止损 (-1.03%),126.806,126.642,12.9,1
1766364745.1385605,2025-12-22 00:52:25,2025-12-22 08:52:25,PnlRecord,126.687,0,0,0,189.326705,-1.0329763913640038,多,126.806,126.642,12.9,1
1766364780.28908,2025-12-22 00:53:00,2025-12-22 08:53:00,BarData,126.532,0,0.0,0.0,189.268705,0.0,❌ 震荡 (Gap 8.4 < 10),126.532,126.638,8.4,0
1766364840.0908217,2025-12-22 00:54:00,2025-12-22 08:54:00,BarData,126.522,0,0.0,0.0,189.268705,0.0,❌ 震荡 (Gap 8.9 < 10),126.522,126.634,8.9,0
1766364900.2804446,2025-12-22 00:55:00,2025-12-22 08:55:00,BarData,126.479,0,0.0,0.0,189.268705,0.0,❌ 快线向上,126.479,126.629,11.9,0
1766364960.0067441,2025-12-22 00:56:00,2025-12-22 08:56:00,BarData,126.507,0,0.0,0.0,189.268705,0.0,❌ 震荡 (Gap 9.4 < 10),126.507,126.625,9.4,0
1766365020.3196914,2025-12-22 00:57:00,2025-12-22 08:57:00,BarData,126.608,0,0.0,0.0,189.268705,0.0,❌ 震荡 (Gap 1.3 < 10),126.608,126.625,1.3,0
1766365080.121785,2025-12-22 00:58:00,2025-12-22 08:58:00,BarData,126.575,0,0.0,0.0,189.268705,0.0,❌ 震荡 (Gap 3.8 < 10),126.575,126.623,3.8,0
1766365140.255864,2025-12-22 00:59:00,2025-12-22 08:59:00,BarData,126.589,0,0.0,0.0,189.268705,0.0,❌ 震荡 (Gap 2.6 < 10),126.589,126.622,2.6,0
1766365200.2593563,2025-12-22 01:00:00,2025-12-22 09:00:00,BarData,126.219,0,0.0,0.0,189.268705,0.0,❌ 快线向上,126.219,126.609,30.9,0
1766365260.2257645,2025-12-22 01:01:00,2025-12-22 09:01:00,BarData,126.421,0,0.0,0.0,189.268705,0.0,❌ 快线向上,126.421,126.603,14.4,0
1766365320.343971,2025-12-22 01:02:00,2025-12-22 09:02:00,BarData,126.483,0,0.0,0.0,189.268705,0.0,❌ 震荡 (Gap 9.1 < 10),126.483,126.599,9.1,0
1766365380.4788659,2025-12-22 01:03:00,2025-12-22 09:03:00,BarData,126.651,0,0.0,0.0,189.268705,0.0,❌ 震荡 (Gap 4.0 < 10),126.651,126.600,4.0,0
1766365440.2512217,2025-12-22 01:04:00,2025-12-22 09:04:00,BarData,126.46,0,0.0,0.0,189.268705,0.0,❌ 快线向上,126.460,126.596,10.7,0
1766365500.4844503,2025-12-22 01:05:00,2025-12-22 09:05:00,BarData,126.46,0,0.0,0.0,189.268705,0.0,❌ 快线向上,126.460,126.591,10.4,0
1766365560.5920346,2025-12-22 01:06:00,2025-12-22 09:06:00,BarData,126.592,0,0.0,0.0,189.268705,0.0,❌ 震荡 (Gap 0.1 < 10),126.592,126.591,0.1,0
1766365620.5679731,2025-12-22 01:07:00,2025-12-22 09:07:00,BarData,126.672,0,0.0,0.0,189.268705,0.0,❌ 震荡 (Gap 6.2 < 10),126.672,126.594,6.2,0
1766365680.2654955,2025-12-22 01:08:00,2025-12-22 09:08:00,BarData,126.577,0,0.0,0.0,189.268705,0.0,❌ 震荡 (Gap 1.3 < 10),126.577,126.593,1.3,0
1766365740.265994,2025-12-22 01:09:00,2025-12-22 09:09:00,BarData,126.602,0,0.0,0.0,189.268705,0.0,❌ 震荡 (Gap 0.7 < 10),126.602,126.594,0.7,0
1766365800.3987575,2025-12-22 01:10:00,2025-12-22 09:10:00,BarData,126.447,0,0.0,0.0,189.268705,0.0,❌ 快线向上,126.447,126.589,11.2,0
1766365860.4803777,2025-12-22 01:11:00,2025-12-22 09:11:00,BarData,126.465,0,0.0,0.0,189.268705,0.0,❌ 震荡 (Gap 9.5 < 10),126.465,126.585,9.5,0
1766365920.5319939,2025-12-22 01:12:00,2025-12-22 09:12:00,BarData,126.493,0,0.0,0.0,189.268705,0.0,❌ 震荡 (Gap 7.0 < 10),126.493,126.582,7.0,0
1766365980.307754,2025-12-22 01:13:00,2025-12-22 09:13:00,BarData,126.699,0,0.0,0.0,189.268705,0.0,❌ 震荡 (Gap 8.9 < 10),126.699,126.586,8.9,0
1766366040.582967,2025-12-22 01:14:00,2025-12-22 09:14:00,BarData,126.541,0,0.0,0.0,189.268705,0.0,❌ 震荡 (Gap 3.4 < 10),126.541,126.584,3.4,0
1766366100.1720266,2025-12-22 01:15:00,2025-12-22 09:15:00,BarData,126.616,0,0.0,0.0,189.268705,0.0,❌ 震荡 (Gap 2.4 < 10),126.616,126.585,2.4,0
1766366160.1565094,2025-12-22 01:16:00,2025-12-22 09:16:00,BarData,126.702,0,0.0,0.0,189.268705,0.0,❌ 震荡 (Gap 8.9 < 10),126.702,126.589,8.9,0
1766366220.2531292,2025-12-22 01:17:00,2025-12-22 09:17:00,BarData,126.8,0,0.0,0.0,189.268705,0.0,✅ 触发交易,126.800,126.596,16.1,1
1766366224.1250029,2025-12-22 01:17:04,2025-12-22 09:17:04,Strategy_Open,126.8,1.0,0,1.0,189.262705,0.0,Strategy_Signal,126.800,126.596,16.1,1
1766366280.4886668,2025-12-22 01:18:00,2025-12-22 09:18:00,BarData,126.969,0,1.0,1.0,189.391705,0.0,✅ 触发交易,126.969,126.608,28.4,1
1766366340.3020935,2025-12-22 01:19:00,2025-12-22 09:19:00,BarData,126.935,0,1.0,1.0,189.397705,0.0,✅ 触发交易,126.935,126.619,24.9,1
1766366400.551733,2025-12-22 01:20:00,2025-12-22 09:20:00,BarData,126.979,0,1.0,1.0,189.429705,0.0,✅ 触发交易,126.979,126.631,27.4,1
1766366460.330069,2025-12-22 01:21:00,2025-12-22 09:21:00,BarData,127.029,0,1.0,1.0,189.43170500000002,0.0,✅ 触发交易,127.029,126.644,30.3,1
1766366520.3349488,2025-12-22 01:22:00,2025-12-22 09:22:00,BarData,127.078,0,1.0,1.0,189.504705,0.0,✅ 触发交易,127.078,126.658,33.0,1
1766366580.3868854,2025-12-22 01:23:00,2025-12-22 09:23:00,BarData,127.116,0,1.0,1.0,189.566705,0.0,✅ 触发交易,127.116,126.673,34.8,1
1766366640.55789,2025-12-22 01:24:00,2025-12-22 09:24:00,BarData,127.075,0,1.0,1.0,189.557705,0.0,✅ 触发交易,127.075,126.686,30.6,1
1766366700.4693553,2025-12-22 01:25:00,2025-12-22 09:25:00,BarData,127.114,0,1.0,1.0,189.58070500000002,0.0,✅ 触发交易,127.114,126.700,32.5,1
1766366760.390562,2025-12-22 01:26:00,2025-12-22 09:26:00,BarData,127.041,0,1.0,1.0,189.50170500000002,0.0,✅ 触发交易,127.041,126.711,25.9,1
1766366820.326611,2025-12-22 01:27:00,2025-12-22 09:27:00,BarData,127.035,0,1.0,1.0,189.49670500000002,0.0,✅ 触发交易,127.035,126.722,24.6,1
1766366880.3513434,2025-12-22 01:28:00,2025-12-22 09:28:00,BarData,127.024,0,1.0,1.0,189.492705,0.0,✅ 触发交易,127.024,126.732,23.0,1
1766366940.2086637,2025-12-22 01:29:00,2025-12-22 09:29:00,BarData,127.008,0,1.0,1.0,189.475705,0.0,✅ 触发交易,127.008,126.741,21.0,1
1766367000.2785563,2025-12-22 01:30:00,2025-12-22 09:30:00,BarData,126.96,0,1.0,1.0,189.423705,0.0,✅ 触发交易,126.960,126.748,16.7,1
1766367060.519021,2025-12-22 01:31:00,2025-12-22 09:31:00,BarData,126.935,0,1.0,1.0,189.39570500000002,0.0,✅ 触发交易,126.935,126.754,14.2,1
1766367120.307828,2025-12-22 01:32:00,2025-12-22 09:32:00,BarData,127.14,0,1.0,1.0,189.61470500000001,0.0,✅ 触发交易,127.140,126.767,29.3,1
1766367180.3792694,2025-12-22 01:33:00,2025-12-22 09:33:00,BarData,127.096,0,1.0,1.0,189.582705,0.0,✅ 触发交易,127.096,126.778,25.0,1
1766367240.5865686,2025-12-22 01:34:00,2025-12-22 09:34:00,BarData,126.988,0,1.0,1.0,189.439705,0.0,✅ 触发交易,126.988,126.785,16.0,1
1766367300.4786448,2025-12-22 01:35:00,2025-12-22 09:35:00,BarData,126.951,0,1.0,1.0,189.46070500000002,0.0,✅ 触发交易,126.951,126.790,12.7,1
1766367360.204112,2025-12-22 01:36:00,2025-12-22 09:36:00,BarData,127.007,0,1.0,1.0,189.475705,0.0,✅ 触发交易,127.007,126.797,16.5,1
1766367420.5687206,2025-12-22 01:37:00,2025-12-22 09:37:00,BarData,127.205,0,1.0,1.0,189.712705,0.0,✅ 触发交易,127.205,126.811,31.0,1
1766367480.2888181,2025-12-22 01:38:00,2025-12-22 09:38:00,BarData,126.995,0,1.0,1.0,189.47170500000001,0.0,✅ 触发交易,126.995,126.817,14.0,1
1766367540.5187285,2025-12-22 01:39:00,2025-12-22 09:39:00,BarData,127.088,0,1.0,1.0,189.564705,0.0,✅ 触发交易,127.088,126.826,20.7,1
1766367600.34377,2025-12-22 01:40:00,2025-12-22 09:40:00,BarData,127.222,0,1.0,1.0,189.68770500000002,0.0,✅ 触发交易,127.222,126.839,30.1,1
1766367660.525155,2025-12-22 01:41:00,2025-12-22 09:41:00,BarData,127.037,0,1.0,1.0,189.49670500000002,0.0,✅ 触发交易,127.037,126.845,15.1,1
1766367720.3567593,2025-12-22 01:42:00,2025-12-22 09:42:00,BarData,127.06,0,1.0,1.0,189.51570500000003,0.0,✅ 触发交易,127.060,126.852,16.4,1
1766367780.1177106,2025-12-22 01:43:00,2025-12-22 09:43:00,BarData,127.087,0,1.0,1.0,189.54970500000002,0.0,✅ 触发交易,127.087,126.860,17.9,1
1766367840.359688,2025-12-22 01:44:00,2025-12-22 09:44:00,BarData,127.012,0,1.0,1.0,189.480705,0.0,✅ 触发交易,127.012,126.865,11.6,1
1766367900.2306573,2025-12-22 01:45:00,2025-12-22 09:45:00,BarData,126.953,0,1.0,1.0,189.445705,0.0,❌ 震荡 (Gap 6.7 < 10),126.953,126.868,6.7,0
1766367900.9088159,2025-12-22 01:45:00,2025-12-22 09:45:00,PnlRecord,126.953,0,0,0,189.445705,1.2066246056782792,多,126.953,126.868,6.7,0
1766367901.2429056,2025-12-22 01:45:01,2025-12-22 09:45:01,CloseSignal,126.953,1.0,1.0,0,189.445705,0.0,Strategy_TrendEnd,126.953,126.868,6.7,0
1766367960.4663537,2025-12-22 01:46:00,2025-12-22 09:46:00,BarData,126.999,0,0.0,0.0,189.424705,0.0,✅ 触发交易,126.999,126.872,10.0,1
1766367964.3391879,2025-12-22 01:46:04,2025-12-22 09:46:04,Strategy_Open,126.999,1.0,0,1.0,189.420705,0.0,Strategy_Signal,126.999,126.872,10.0,1
1766368020.2993178,2025-12-22 01:47:00,2025-12-22 09:47:00,BarData,126.901,0,1.0,1.0,189.30970499999998,0.0,❌ 震荡 (Gap 2.2 < 10),126.901,126.873,2.2,0
1766368021.0624812,2025-12-22 01:47:01,2025-12-22 09:47:01,PnlRecord,126.901,0,0,0,189.30970499999998,-0.8582001417211941,多,126.901,126.873,2.2,0
1766368021.391261,2025-12-22 01:47:01,2025-12-22 09:47:01,CloseSignal,126.901,1.0,1.0,0,189.30970499999998,0.0,Strategy_TrendEnd,126.901,126.873,2.2,0
1766368080.2718942,2025-12-22 01:48:00,2025-12-22 09:48:00,BarData,126.87,0,0.0,0.0,189.334705,0.0,❌ 震荡 (Gap 0.2 < 10),126.870,126.873,0.2,0
1766368140.5313587,2025-12-22 01:49:00,2025-12-22 09:49:00,BarData,126.852,0,0.0,0.0,189.334705,0.0,❌ 震荡 (Gap 1.6 < 10),126.852,126.872,1.6,0
1766368200.2765563,2025-12-22 01:50:00,2025-12-22 09:50:00,BarData,126.766,0,0.0,0.0,189.334705,0.0,❌ 震荡 (Gap 8.1 < 10),126.766,126.869,8.1,0
1766368260.4146495,2025-12-22 01:51:00,2025-12-22 09:51:00,BarData,126.75,0,0.0,0.0,189.334705,0.0,❌ 震荡 (Gap 9.1 < 10),126.750,126.865,9.1,0
1766368320.4585383,2025-12-22 01:52:00,2025-12-22 09:52:00,BarData,126.341,0,0.0,0.0,189.334705,0.0,✅ 触发交易,126.341,126.848,40.1,-1
1766368324.321922,2025-12-22 01:52:04,2025-12-22 09:52:04,Strategy_Open,126.341,1.0,0,-1.0,189.35270500000001,0.0,Strategy_Signal,126.341,126.848,40.1,-1
1766368380.576148,2025-12-22 01:53:00,2025-12-22 09:53:00,BarData,126.059,0,-1.0,-1.0,189.53770500000002,0.0,✅ 触发交易,126.059,126.822,60.5,-1
1766368440.1844246,2025-12-22 01:54:00,2025-12-22 09:54:00,BarData,125.872,0,-1.0,-1.0,189.784705,0.0,✅ 触发交易,125.872,126.791,73.0,-1
1766368500.2693188,2025-12-22 01:55:00,2025-12-22 09:55:00,BarData,125.956,0,-1.0,-1.0,189.70470500000002,0.0,✅ 触发交易,125.956,126.763,64.1,-1
1766368560.094368,2025-12-22 01:56:00,2025-12-22 09:56:00,BarData,126.044,0,-1.0,-1.0,189.62870500000002,0.0,✅ 触发交易,126.044,126.740,55.2,-1
1766368620.3600311,2025-12-22 01:57:00,2025-12-22 09:57:00,BarData,126.113,0,-1.0,-1.0,189.518705,0.0,✅ 触发交易,126.113,126.719,48.1,-1
1766368680.3302162,2025-12-22 01:58:00,2025-12-22 09:58:00,BarData,126.048,0,-1.0,-1.0,189.601705,0.0,✅ 触发交易,126.048,126.697,51.5,-1
1766368740.3415465,2025-12-22 01:59:00,2025-12-22 09:59:00,BarData,126.002,0,-1.0,-1.0,189.65170500000002,0.0,✅ 触发交易,126.002,126.674,53.4,-1
1766368800.5861096,2025-12-22 02:00:00,2025-12-22 10:00:00,BarData,125.996,0,-1.0,-1.0,189.65521700000002,0.0,✅ 触发交易,125.996,126.652,52.1,-1
1766368860.1414275,2025-12-22 02:01:00,2025-12-22 10:01:00,BarData,125.868,0,-1.0,-1.0,189.800217,0.0,✅ 触发交易,125.868,126.626,60.3,-1
1766368920.5715935,2025-12-22 02:02:00,2025-12-22 10:02:00,BarData,125.903,0,-1.0,-1.0,189.75121700000003,0.0,✅ 触发交易,125.903,126.603,55.6,-1
1766368952.4528818,2025-12-22 02:02:32,2025-12-22 10:02:32,TP,125.654,1.0,-1.0,0.0,190.001217,0.0,🚀 止盈 (+5.23%),125.903,126.603,55.6,-1
1766368952.4531853,2025-12-22 02:02:32,2025-12-22 10:02:32,PnlRecord,125.654,0,0,0,189.926217,5.22507402188195,空,125.903,126.603,55.6,-1
1766368980.457127,2025-12-22 02:03:00,2025-12-22 10:03:00,BarData,125.709,0,0.0,0.0,190.001217,0.0,✅ 触发交易,125.709,126.573,68.8,-1
1766368984.334016,2025-12-22 02:03:04,2025-12-22 10:03:04,Strategy_Open,125.709,1.0,0,-1.0,189.984217,0.0,Strategy_Signal,125.709,126.573,68.8,-1
1766369040.414133,2025-12-22 02:04:00,2025-12-22 10:04:00,BarData,125.657,0,-1.0,-1.0,190.057217,0.0,✅ 触发交易,125.657,126.543,70.5,-1
1766369100.2063184,2025-12-22 02:05:00,2025-12-22 10:05:00,BarData,125.721,0,-1.0,-1.0,189.992217,0.0,✅ 触发交易,125.721,126.516,63.3,-1
1766369143.2720964,2025-12-22 02:05:43,2025-12-22 10:05:43,TP,125.038,1.0,-1.0,0.0,190.797217,0.0,🚀 止盈 (+5.32%),125.721,126.516,63.3,-1
1766369143.2724004,2025-12-22 02:05:43,2025-12-22 10:05:43,PnlRecord,125.038,0,0,0,190.193217,5.3218993373479355,空,125.721,126.516,63.3,-1
1766369160.3107986,2025-12-22 02:06:00,2025-12-22 10:06:00,BarData,124.807,0,0.0,0.0,190.797217,0.0,✅ 触发交易,124.807,126.460,132.5,-1
1766369164.1726313,2025-12-22 02:06:04,2025-12-22 10:06:04,Strategy_Open,124.807,1.0,0,-1.0,190.910037,0.0,Strategy_Signal,124.807,126.460,132.5,-1
1766369191.189393,2025-12-22 02:06:31,2025-12-22 10:06:31,SL,124.929,1.0,-1.0,0.0,190.640037,0.0,🛡️ 止损 (-1.31%),124.807,126.460,132.5,-1
1766369191.1898205,2025-12-22 02:06:31,2025-12-22 10:06:31,PnlRecord,124.929,0,0,0,190.894037,-1.3064456662872632,空,124.807,126.460,132.5,-1
1766369220.3972125,2025-12-22 02:07:00,2025-12-22 10:07:00,BarData,125.088,0,0.0,0.0,190.640037,0.0,✅ 触发交易,125.088,126.415,106.1,-1
1766369224.2571309,2025-12-22 02:07:04,2025-12-22 10:07:04,Strategy_Open,125.088,1.0,0,-1.0,190.620201,0.0,Strategy_Signal,125.088,126.415,106.1,-1
1766369246.297961,2025-12-22 02:07:26,2025-12-22 10:07:26,SL,125.25,1.0,-1.0,0.0,190.531201,0.0,🛡️ 止损 (-1.11%),125.088,126.415,106.1,-1
1766369246.2983003,2025-12-22 02:07:26,2025-12-22 10:07:26,PnlRecord,125.25,0,0,0,190.68120100000002,-1.1110134200829327,空,125.088,126.415,106.1,-1
1766369280.2884915,2025-12-22 02:08:00,2025-12-22 10:08:00,BarData,125.182,0,0.0,0.0,190.531201,0.0,✅ 触发交易,125.182,126.375,95.3,-1
1766369284.1600285,2025-12-22 02:08:04,2025-12-22 10:08:04,Strategy_Open,125.182,1.0,0,-1.0,190.512201,0.0,Strategy_Signal,125.182,126.375,95.3,-1
1766369307.3839874,2025-12-22 02:08:27,2025-12-22 10:08:27,SL,125.351,1.0,-1.0,0.0,190.415201,0.0,🛡️ 止损 (-1.19%),125.182,126.375,95.3,-1
1766369307.3842862,2025-12-22 02:08:27,2025-12-22 10:08:27,PnlRecord,125.351,0,0,0,190.470201,-1.1900768358333007,空,125.182,126.375,95.3,-1
1766369340.686867,2025-12-22 02:09:00,2025-12-22 10:09:00,BarData,125.284,0,0.0,0.0,190.415201,0.0,✅ 触发交易,125.284,126.339,84.2,-1
1766369344.583759,2025-12-22 02:09:04,2025-12-22 10:09:04,Strategy_Open,125.284,1.0,0,-1.0,190.415201,0.0,Strategy_Signal,125.284,126.339,84.2,-1
1766369400.2875688,2025-12-22 02:10:00,2025-12-22 10:10:00,BarData,125.262,0,-1.0,-1.0,190.409201,0.0,✅ 触发交易,125.262,126.304,83.2,-1
1766369460.6482255,2025-12-22 02:11:00,2025-12-22 10:11:00,BarData,125.186,0,-1.0,-1.0,190.474201,0.0,✅ 触发交易,125.186,126.267,86.4,-1
1766369520.3111017,2025-12-22 02:12:00,2025-12-22 10:12:00,BarData,124.994,0,-1.0,-1.0,190.688201,0.0,✅ 触发交易,124.994,126.225,98.5,-1
1766369580.237021,2025-12-22 02:13:00,2025-12-22 10:13:00,BarData,125.286,0,-1.0,-1.0,190.37720099999999,0.0,✅ 触发交易,125.286,126.195,72.5,-1
1766369640.491139,2025-12-22 02:14:00,2025-12-22 10:14:00,BarData,125.201,0,-1.0,-1.0,190.435201,0.0,✅ 触发交易,125.201,126.162,76.8,-1
1766369700.4886305,2025-12-22 02:15:00,2025-12-22 10:15:00,BarData,125.023,0,-1.0,-1.0,190.62720099999999,0.0,✅ 触发交易,125.023,126.125,88.1,-1
1766369760.5532713,2025-12-22 02:16:00,2025-12-22 10:16:00,BarData,124.714,0,-1.0,-1.0,190.927201,0.0,✅ 触发交易,124.714,126.078,109.4,-1
1766369771.169389,2025-12-22 02:16:11,2025-12-22 10:16:11,TP,124.604,1.0,-1.0,0.0,191.042201,0.0,🚀 止盈 (+5.02%),124.714,126.078,109.4,-1
1766369771.1696815,2025-12-22 02:16:11,2025-12-22 10:16:11,PnlRecord,124.604,0,0,0,190.927201,5.022637803134995,空,124.714,126.078,109.4,-1
1766369820.4240346,2025-12-22 02:17:00,2025-12-22 10:17:00,BarData,124.612,0,0.0,0.0,191.042201,0.0,✅ 触发交易,124.612,126.030,113.8,-1
1766369824.2871964,2025-12-22 02:17:04,2025-12-22 10:17:04,Strategy_Open,124.612,1.0,0,-1.0,191.010201,0.0,Strategy_Signal,124.612,126.030,113.8,-1
1766369859.4559429,2025-12-22 02:17:39,2025-12-22 10:17:39,SL,124.772,1.0,-1.0,0.0,190.840201,0.0,🛡️ 止损 (-1.22%),124.612,126.030,113.8,-1
1766369859.4562492,2025-12-22 02:17:39,2025-12-22 10:17:39,PnlRecord,124.772,0,0,0,190.94920100000002,-1.2197079120526482,空,124.612,126.030,113.8,-1
1766369880.5039623,2025-12-22 02:18:00,2025-12-22 10:18:00,BarData,124.814,0,0.0,0.0,190.840201,0.0,✅ 触发交易,124.814,125.990,94.3,-1
1766369884.3970184,2025-12-22 02:18:04,2025-12-22 10:18:04,Strategy_Open,124.814,1.0,0,-1.0,190.893201,0.0,Strategy_Signal,124.814,125.990,94.3,-1
1766369940.3604093,2025-12-22 02:19:00,2025-12-22 10:19:00,BarData,124.818,0,-1.0,-1.0,190.843201,0.0,✅ 触发交易,124.818,125.952,90.9,-1
1766370000.1013286,2025-12-22 02:20:00,2025-12-22 10:20:00,BarData,124.783,0,-1.0,-1.0,190.864201,0.0,✅ 触发交易,124.783,125.914,90.6,-1
1766370060.5386138,2025-12-22 02:21:00,2025-12-22 10:21:00,BarData,124.858,0,-1.0,-1.0,190.81220100000002,0.0,✅ 触发交易,124.858,125.879,81.8,-1
1766370120.4205053,2025-12-22 02:22:00,2025-12-22 10:22:00,BarData,124.839,0,-1.0,-1.0,190.763201,0.0,✅ 触发交易,124.839,125.845,80.6,-1
1766370145.1134863,2025-12-22 02:22:25,2025-12-22 10:22:25,SL,124.96,1.0,-1.0,0.0,190.686201,0.0,🛡️ 止损 (-1.23%),124.839,125.845,80.6,-1
1766370145.1137931,2025-12-22 02:22:25,2025-12-22 10:22:25,PnlRecord,124.96,0,0,0,190.757201,-1.2258927784498592,空,124.839,125.845,80.6,-1
1766370180.4161618,2025-12-22 02:23:00,2025-12-22 10:23:00,BarData,125.063,0,0.0,0.0,190.686201,0.0,✅ 触发交易,125.063,125.819,60.5,-1
1766370184.4191368,2025-12-22 02:23:04,2025-12-22 10:23:04,Strategy_Open,125.063,1.0,0,-1.0,190.66320100000002,0.0,Strategy_Signal,125.063,125.819,60.5,-1
1766370240.3695474,2025-12-22 02:24:00,2025-12-22 10:24:00,BarData,125.112,0,-1.0,-1.0,190.715201,0.0,✅ 触发交易,125.112,125.796,54.7,-1
1766370300.1554384,2025-12-22 02:25:00,2025-12-22 10:25:00,BarData,125.195,0,-1.0,-1.0,190.627201,0.0,✅ 触发交易,125.195,125.776,46.4,-1
1766370319.2063255,2025-12-22 02:25:19,2025-12-22 10:25:19,SL,125.255,1.0,-1.0,0.0,190.553201,0.0,🛡️ 止损 (-1.04%),125.195,125.776,46.4,-1
1766370319.2066295,2025-12-22 02:25:19,2025-12-22 10:25:19,PnlRecord,125.255,0,0,0,190.56220100000002,-1.0389610389610024,空,125.195,125.776,46.4,-1
1766370360.5393133,2025-12-22 02:26:00,2025-12-22 10:26:00,BarData,125.334,0,0.0,0.0,190.553201,0.0,✅ 触发交易,125.334,125.762,34.1,-1
1766370364.4114933,2025-12-22 02:26:04,2025-12-22 10:26:04,Strategy_Open,125.334,1.0,0,-1.0,190.560201,0.0,Strategy_Signal,125.334,125.762,34.1,-1
1766370420.1345432,2025-12-22 02:27:00,2025-12-22 10:27:00,BarData,125.128,0,-1.0,-1.0,190.709201,0.0,✅ 触发交易,125.128,125.741,49.0,-1
1766370480.1019523,2025-12-22 02:28:00,2025-12-22 10:28:00,BarData,125.047,0,-1.0,-1.0,190.810201,0.0,✅ 触发交易,125.047,125.718,53.7,-1
1766370540.3532252,2025-12-22 02:29:00,2025-12-22 10:29:00,BarData,124.94,0,-1.0,-1.0,190.942201,0.0,✅ 触发交易,124.940,125.693,60.3,-1
1766370600.288192,2025-12-22 02:30:00,2025-12-22 10:30:00,BarData,124.941,0,-1.0,-1.0,190.916201,0.0,✅ 触发交易,124.941,125.668,58.2,-1
1766370660.4822338,2025-12-22 02:31:00,2025-12-22 10:31:00,BarData,125.072,0,-1.0,-1.0,190.793201,0.0,✅ 触发交易,125.072,125.649,46.1,-1
1766370720.2935448,2025-12-22 02:32:00,2025-12-22 10:32:00,BarData,125.182,0,-1.0,-1.0,190.673201,0.0,✅ 触发交易,125.182,125.633,36.1,-1
1766370780.360973,2025-12-22 02:33:00,2025-12-22 10:33:00,BarData,125.013,0,-1.0,-1.0,190.79420100000002,0.0,✅ 触发交易,125.013,125.613,48.0,-1
1766370840.3659687,2025-12-22 02:34:00,2025-12-22 10:34:00,BarData,125.197,0,-1.0,-1.0,190.637201,0.0,✅ 触发交易,125.197,125.599,32.1,-1
1766370900.224284,2025-12-22 02:35:00,2025-12-22 10:35:00,BarData,125.111,0,-1.0,-1.0,190.725201,0.0,✅ 触发交易,125.111,125.583,37.8,-1
1766370960.5136275,2025-12-22 02:36:00,2025-12-22 10:36:00,BarData,125.174,0,-1.0,-1.0,190.677201,0.0,✅ 触发交易,125.174,125.570,31.6,-1
1766371020.1870215,2025-12-22 02:37:00,2025-12-22 10:37:00,BarData,125.224,0,-1.0,-1.0,190.584201,0.0,✅ 触发交易,125.224,125.559,26.7,-1
1766371080.2540247,2025-12-22 02:38:00,2025-12-22 10:38:00,BarData,125.341,0,-1.0,-1.0,190.500201,0.0,✅ 触发交易,125.341,125.551,16.8,-1
1766371140.2853491,2025-12-22 02:39:00,2025-12-22 10:39:00,BarData,125.279,0,-1.0,-1.0,190.587201,0.0,✅ 触发交易,125.279,125.543,21.0,-1
1766371200.2268965,2025-12-22 02:40:00,2025-12-22 10:40:00,BarData,125.343,0,-1.0,-1.0,190.543201,0.0,✅ 触发交易,125.343,125.536,15.4,-1
1766371260.1496024,2025-12-22 02:41:00,2025-12-22 10:41:00,BarData,125.278,0,-1.0,-1.0,190.574201,0.0,✅ 触发交易,125.278,125.528,19.9,-1
1766371320.4147344,2025-12-22 02:42:00,2025-12-22 10:42:00,BarData,125.162,0,-1.0,-1.0,190.701201,0.0,✅ 触发交易,125.162,125.516,28.2,-1
1766371380.2583444,2025-12-22 02:43:00,2025-12-22 10:43:00,BarData,125.104,0,-1.0,-1.0,190.748201,0.0,✅ 触发交易,125.104,125.502,31.8,-1
1766371440.4520416,2025-12-22 02:44:00,2025-12-22 10:44:00,BarData,125.115,0,-1.0,-1.0,190.738201,0.0,✅ 触发交易,125.115,125.489,29.9,-1
1766371500.3227463,2025-12-22 02:45:00,2025-12-22 10:45:00,BarData,125.14,0,-1.0,-1.0,190.735201,0.0,✅ 触发交易,125.140,125.478,27.0,-1
1766371560.354065,2025-12-22 02:46:00,2025-12-22 10:46:00,BarData,125.213,0,-1.0,-1.0,190.686201,0.0,✅ 触发交易,125.213,125.469,20.5,-1
1766371620.2461698,2025-12-22 02:47:00,2025-12-22 10:47:00,BarData,125.198,0,-1.0,-1.0,190.687201,0.0,✅ 触发交易,125.198,125.460,21.0,-1
1766371680.3179893,2025-12-22 02:48:00,2025-12-22 10:48:00,BarData,125.16,0,-1.0,-1.0,190.688201,0.0,✅ 触发交易,125.160,125.450,23.2,-1
1766371740.127394,2025-12-22 02:49:00,2025-12-22 10:49:00,BarData,125.221,0,-1.0,-1.0,190.625201,0.0,✅ 触发交易,125.221,125.443,17.7,-1
1766371800.67985,2025-12-22 02:50:00,2025-12-22 10:50:00,BarData,125.205,0,-1.0,-1.0,190.676201,0.0,✅ 触发交易,125.205,125.435,18.4,-1
1766371860.205148,2025-12-22 02:51:00,2025-12-22 10:51:00,BarData,125.199,0,-1.0,-1.0,190.676201,0.0,✅ 触发交易,125.199,125.427,18.2,-1
1766371920.4229116,2025-12-22 02:52:00,2025-12-22 10:52:00,BarData,125.233,0,-1.0,-1.0,190.637201,0.0,✅ 触发交易,125.233,125.421,15.0,-1
1766371980.7216978,2025-12-22 02:53:00,2025-12-22 10:53:00,BarData,125.277,0,-1.0,-1.0,190.607201,0.0,✅ 触发交易,125.277,125.416,11.1,-1
1766372040.7028384,2025-12-22 02:54:00,2025-12-22 10:54:00,BarData,125.334,0,-1.0,-1.0,190.527201,0.0,❌ 震荡 (Gap 6.4 < 10),125.334,125.414,6.4,0
1766372041.3790421,2025-12-22 02:54:01,2025-12-22 10:54:01,PnlRecord,125.334,0,0,0,190.527201,-0.11171401212902972,空,125.334,125.414,6.4,0
1766372041.7121353,2025-12-22 02:54:01,2025-12-22 10:54:01,CloseSignal,125.334,1.0,-1.0,0,190.527201,0.0,Strategy_TrendEnd,125.334,125.414,6.4,0
1766372100.4373899,2025-12-22 02:55:00,2025-12-22 10:55:00,BarData,125.305,0,0.0,0.0,190.540201,0.0,❌ 震荡 (Gap 8.4 < 10),125.305,125.410,8.4,0
1766372160.4215436,2025-12-22 02:56:00,2025-12-22 10:56:00,BarData,125.311,0,0.0,0.0,190.540201,0.0,❌ 震荡 (Gap 7.6 < 10),125.311,125.407,7.6,0
1766372220.2262254,2025-12-22 02:57:00,2025-12-22 10:57:00,BarData,125.279,0,0.0,0.0,190.540201,0.0,❌ 震荡 (Gap 9.9 < 10),125.279,125.403,9.9,0
1766372280.1374786,2025-12-22 02:58:00,2025-12-22 10:58:00,BarData,125.219,0,0.0,0.0,190.540201,0.0,✅ 触发交易,125.219,125.397,14.2,-1
1766372284.1509266,2025-12-22 02:58:04,2025-12-22 10:58:04,Strategy_Open,125.219,1.0,0,-1.0,190.564201,0.0,Strategy_Signal,125.219,125.397,14.2,-1
1766372340.4483418,2025-12-22 02:59:00,2025-12-22 10:59:00,BarData,125.14,0,-1.0,-1.0,190.613201,0.0,✅ 触发交易,125.140,125.388,19.8,-1
1766372400.141349,2025-12-22 03:00:00,2025-12-22 11:00:00,BarData,125.152,0,-1.0,-1.0,190.602201,0.0,✅ 触发交易,125.152,125.380,18.3,-1
1766372460.565426,2025-12-22 03:01:00,2025-12-22 11:01:00,BarData,125.146,0,-1.0,-1.0,190.613576,0.0,✅ 触发交易,125.146,125.373,18.1,-1
1766372520.2185655,2025-12-22 03:02:00,2025-12-22 11:02:00,BarData,125.145,0,-1.0,-1.0,190.614576,0.0,✅ 触发交易,125.145,125.365,17.6,-1
1766372580.3063936,2025-12-22 03:03:00,2025-12-22 11:03:00,BarData,125.139,0,-1.0,-1.0,190.618576,0.0,✅ 触发交易,125.139,125.358,17.5,-1
1766372640.3938243,2025-12-22 03:04:00,2025-12-22 11:04:00,BarData,124.997,0,-1.0,-1.0,190.740576,0.0,✅ 触发交易,124.997,125.346,27.9,-1
1766372700.1736252,2025-12-22 03:05:00,2025-12-22 11:05:00,BarData,124.979,0,-1.0,-1.0,190.770576,0.0,✅ 触发交易,124.979,125.334,28.4,-1
1766372760.5897524,2025-12-22 03:06:00,2025-12-22 11:06:00,BarData,124.87,0,-1.0,-1.0,190.842576,0.0,✅ 触发交易,124.870,125.319,35.9,-1
1766372820.0970752,2025-12-22 03:07:00,2025-12-22 11:07:00,BarData,124.884,0,-1.0,-1.0,190.868576,0.0,✅ 触发交易,124.884,125.305,33.7,-1
1766372880.4695048,2025-12-22 03:08:00,2025-12-22 11:08:00,BarData,125.212,0,-1.0,-1.0,190.59357599999998,0.0,❌ 震荡 (Gap 7.1 < 10),125.212,125.302,7.1,0
1766372881.1626742,2025-12-22 03:08:01,2025-12-22 11:08:01,PnlRecord,125.212,0,0,0,190.59357599999998,0.039930680338895304,空,125.212,125.302,7.1,0
1766372881.49264,2025-12-22 03:08:01,2025-12-22 11:08:01,CloseSignal,125.212,1.0,-1.0,0,190.59357599999998,0.0,Strategy_TrendEnd,125.212,125.302,7.1,0
1766372940.3083298,2025-12-22 03:09:00,2025-12-22 11:09:00,BarData,125.296,0,0.0,0.0,190.545577,0.0,❌ 震荡 (Gap 0.4 < 10),125.296,125.301,0.4,0
1766373000.3940232,2025-12-22 03:10:00,2025-12-22 11:10:00,BarData,125.388,0,0.0,0.0,190.545577,0.0,❌ 震荡 (Gap 6.7 < 10),125.388,125.304,6.7,0
1766373060.370587,2025-12-22 03:11:00,2025-12-22 11:11:00,BarData,125.605,0,0.0,0.0,190.545577,0.0,❌ 快线向下,125.605,125.314,23.2,0
1766373120.5082192,2025-12-22 03:12:00,2025-12-22 11:12:00,BarData,125.397,0,0.0,0.0,190.545577,0.0,❌ 震荡 (Gap 6.4 < 10),125.397,125.317,6.4,0
1766373180.373757,2025-12-22 03:13:00,2025-12-22 11:13:00,BarData,125.326,0,0.0,0.0,190.545577,0.0,❌ 震荡 (Gap 0.7 < 10),125.326,125.317,0.7,0
1766373240.229704,2025-12-22 03:14:00,2025-12-22 11:14:00,BarData,125.302,0,0.0,0.0,190.545577,0.0,❌ 震荡 (Gap 1.2 < 10),125.302,125.317,1.2,0
1766373300.382905,2025-12-22 03:15:00,2025-12-22 11:15:00,BarData,125.263,0,0.0,0.0,190.545577,0.0,❌ 震荡 (Gap 4.1 < 10),125.263,125.315,4.1,0
1766373360.2777793,2025-12-22 03:16:00,2025-12-22 11:16:00,BarData,125.223,0,0.0,0.0,190.545577,0.0,❌ 震荡 (Gap 7.1 < 10),125.223,125.312,7.1,0
1766373420.1551402,2025-12-22 03:17:00,2025-12-22 11:17:00,BarData,125.433,0,0.0,0.0,190.545577,0.0,❌ 震荡 (Gap 9.3 < 10),125.433,125.316,9.3,0
1766373480.4497724,2025-12-22 03:18:00,2025-12-22 11:18:00,BarData,125.358,0,0.0,0.0,190.545577,0.0,❌ 震荡 (Gap 3.3 < 10),125.358,125.317,3.3,0
1766373540.3927245,2025-12-22 03:19:00,2025-12-22 11:19:00,BarData,125.506,0,0.0,0.0,190.545577,0.0,❌ 快线向下,125.506,125.323,14.6,0
1766373600.4129877,2025-12-22 03:20:00,2025-12-22 11:20:00,BarData,125.502,0,0.0,0.0,190.545577,0.0,❌ 快线向下,125.502,125.329,13.8,0
1766373660.342755,2025-12-22 03:21:00,2025-12-22 11:21:00,BarData,125.66,0,0.0,0.0,190.545577,0.0,❌ 快线向下,125.660,125.340,25.5,0
1766373720.1387208,2025-12-22 03:22:00,2025-12-22 11:22:00,BarData,125.666,0,0.0,0.0,190.545577,0.0,❌ 快线向下,125.666,125.351,25.1,0
1766373780.3881273,2025-12-22 03:23:00,2025-12-22 11:23:00,BarData,125.66,0,0.0,0.0,190.545577,0.0,❌ 快线向下,125.660,125.361,23.8,0
1766373840.457654,2025-12-22 03:24:00,2025-12-22 11:24:00,BarData,125.75,0,0.0,0.0,190.545577,0.0,✅ 触发交易,125.750,125.374,29.9,1
1766373844.3269625,2025-12-22 03:24:04,2025-12-22 11:24:04,Strategy_Open,125.75,1.0,0,1.0,190.60057700000002,0.0,Strategy_Signal,125.750,125.374,29.9,1
1766373900.1194649,2025-12-22 03:25:00,2025-12-22 11:25:00,BarData,126.04,0,1.0,1.0,190.830577,0.0,✅ 触发交易,126.040,125.395,51.1,1
1766373960.5427134,2025-12-22 03:26:00,2025-12-22 11:26:00,BarData,126.023,0,1.0,1.0,190.78557700000002,0.0,✅ 触发交易,126.023,125.416,48.2,1
1766374020.7194996,2025-12-22 03:27:00,2025-12-22 11:27:00,BarData,126.02,0,1.0,1.0,190.76757700000002,0.0,✅ 触发交易,126.020,125.436,46.4,1
1766374080.4583507,2025-12-22 03:28:00,2025-12-22 11:28:00,BarData,126.016,0,1.0,1.0,190.79257700000002,0.0,✅ 触发交易,126.016,125.455,44.5,1
1766374140.4703217,2025-12-22 03:29:00,2025-12-22 11:29:00,BarData,126.087,0,1.0,1.0,190.855577,0.0,✅ 触发交易,126.087,125.476,48.5,1
1766374200.4734335,2025-12-22 03:30:00,2025-12-22 11:30:00,BarData,126.124,0,1.0,1.0,190.864577,0.0,✅ 触发交易,126.124,125.497,49.7,1
1766374260.1360862,2025-12-22 03:31:00,2025-12-22 11:31:00,BarData,126.135,0,1.0,1.0,190.92257700000002,0.0,✅ 触发交易,126.135,125.518,48.9,1
1766374320.3729875,2025-12-22 03:32:00,2025-12-22 11:32:00,BarData,126.165,0,1.0,1.0,190.943577,0.0,✅ 触发交易,126.165,125.539,49.6,1
1766374380.4308472,2025-12-22 03:33:00,2025-12-22 11:33:00,BarData,126.345,0,1.0,1.0,191.126577,0.0,✅ 触发交易,126.345,125.565,61.7,1
1766374398.083478,2025-12-22 03:33:18,2025-12-22 11:33:18,TP,126.391,1.0,1.0,0.0,191.202577,0.0,🚀 止盈 (+5.10%),126.345,125.565,61.7,1
1766374398.0837896,2025-12-22 03:33:18,2025-12-22 11:33:18,PnlRecord,126.391,0,0,0,191.085577,5.097415506958293,多,126.345,125.565,61.7,1
1766374440.3889287,2025-12-22 03:34:00,2025-12-22 11:34:00,BarData,126.324,0,0.0,0.0,191.202577,0.0,✅ 触发交易,126.324,125.590,58.1,1
1766374444.3072793,2025-12-22 03:34:04,2025-12-22 11:34:04,Strategy_Open,126.324,1.0,0,1.0,191.172577,0.0,Strategy_Signal,126.324,125.590,58.1,1
1766374463.1892576,2025-12-22 03:34:23,2025-12-22 11:34:23,SL,126.135,1.0,1.0,0.0,190.981577,0.0,🛡️ 止损 (-1.13%),126.324,125.590,58.1,1
1766374463.189569,2025-12-22 03:34:23,2025-12-22 11:34:23,PnlRecord,126.135,0,0,0,191.142577,-1.1324221162831267,多,126.324,125.590,58.1,1
1766374500.338392,2025-12-22 03:35:00,2025-12-22 11:35:00,BarData,126.073,0,0.0,0.0,190.981577,0.0,✅ 触发交易,126.073,125.606,37.0,1
1766374504.2171397,2025-12-22 03:35:04,2025-12-22 11:35:04,Strategy_Open,126.073,1.0,0,1.0,190.958577,0.0,Strategy_Signal,126.073,125.606,37.0,1
1766374560.306742,2025-12-22 03:36:00,2025-12-22 11:36:00,BarData,126.226,0,1.0,1.0,191.061577,0.0,✅ 触发交易,126.226,125.626,47.5,1
1766374620.467239,2025-12-22 03:37:00,2025-12-22 11:37:00,BarData,126.254,0,1.0,1.0,191.041577,0.0,✅ 触发交易,126.254,125.647,48.1,1
1766374680.2819839,2025-12-22 03:38:00,2025-12-22 11:38:00,BarData,126.179,0,1.0,1.0,191.02257699999998,0.0,✅ 触发交易,126.179,125.664,40.8,1
1766374740.3864279,2025-12-22 03:39:00,2025-12-22 11:39:00,BarData,126.021,0,1.0,1.0,190.88357699999997,0.0,✅ 触发交易,126.021,125.676,27.4,1
1766374746.5784495,2025-12-22 03:39:06,2025-12-22 11:39:06,SL,126.004,1.0,1.0,0.0,190.845577,0.0,🛡️ 止损 (-1.02%),126.021,125.676,27.4,1
1766374746.578741,2025-12-22 03:39:06,2025-12-22 11:39:06,PnlRecord,126.004,0,0,0,190.88357699999997,-1.0227299755019756,多,126.021,125.676,27.4,1
1766374800.145606,2025-12-22 03:40:00,2025-12-22 11:40:00,BarData,125.995,0,0.0,0.0,190.845577,0.0,✅ 触发交易,125.995,125.687,24.5,1
1766374804.0139725,2025-12-22 03:40:04,2025-12-22 11:40:04,Strategy_Open,125.995,1.0,0,1.0,190.83757699999998,0.0,Strategy_Signal,125.995,125.687,24.5,1
1766374860.3019433,2025-12-22 03:41:00,2025-12-22 11:41:00,BarData,126.042,0,1.0,1.0,190.850577,0.0,✅ 触发交易,126.042,125.698,27.3,1
1766374920.4001696,2025-12-22 03:42:00,2025-12-22 11:42:00,BarData,126.05,0,1.0,1.0,190.869577,0.0,✅ 触发交易,126.050,125.710,27.0,1
1766374980.3746688,2025-12-22 03:43:00,2025-12-22 11:43:00,BarData,126.035,0,1.0,1.0,190.851577,0.0,✅ 触发交易,126.035,125.720,25.0,1
1766375040.660279,2025-12-22 03:44:00,2025-12-22 11:44:00,BarData,126.118,0,1.0,1.0,190.93857699999998,0.0,✅ 触发交易,126.118,125.733,30.5,1
1766375100.4920688,2025-12-22 03:45:00,2025-12-22 11:45:00,BarData,125.992,0,1.0,1.0,190.816577,0.0,✅ 触发交易,125.992,125.742,19.8,1
1766375160.5495617,2025-12-22 03:46:00,2025-12-22 11:46:00,BarData,126.062,0,1.0,1.0,190.898577,0.0,✅ 触发交易,126.062,125.752,24.6,1
1766375220.1145442,2025-12-22 03:47:00,2025-12-22 11:47:00,BarData,126.012,0,1.0,1.0,190.834577,0.0,✅ 触发交易,126.012,125.761,19.9,1
1766375280.442994,2025-12-22 03:48:00,2025-12-22 11:48:00,BarData,125.94,0,1.0,1.0,190.764577,0.0,✅ 触发交易,125.940,125.767,13.7,1
1766375303.4787266,2025-12-22 03:48:23,2025-12-22 11:48:23,SL,125.886,1.0,1.0,0.0,190.710577,0.0,🛡️ 止损 (-1.07%),125.940,125.767,13.7,1
1766375303.4791176,2025-12-22 03:48:23,2025-12-22 11:48:23,PnlRecord,125.886,0,0,0,190.734577,-1.071250029756986,多,125.940,125.767,13.7,1
1766375340.3569272,2025-12-22 03:49:00,2025-12-22 11:49:00,BarData,125.874,0,0.0,0.0,190.710577,0.0,❌ 震荡 (Gap 8.2 < 10),125.874,125.770,8.2,0
1766375400.3652017,2025-12-22 03:50:00,2025-12-22 11:50:00,BarData,125.791,0,0.0,0.0,190.710577,0.0,❌ 震荡 (Gap 1.6 < 10),125.791,125.771,1.6,0
1766375460.1250143,2025-12-22 03:51:00,2025-12-22 11:51:00,BarData,125.87,0,0.0,0.0,190.710577,0.0,❌ 震荡 (Gap 7.6 < 10),125.870,125.774,7.6,0
1766375520.3499722,2025-12-22 03:52:00,2025-12-22 11:52:00,BarData,125.821,0,0.0,0.0,190.710577,0.0,❌ 震荡 (Gap 3.6 < 10),125.821,125.776,3.6,0
1766375580.3496466,2025-12-22 03:53:00,2025-12-22 11:53:00,BarData,125.821,0,0.0,0.0,190.710577,0.0,❌ 震荡 (Gap 3.5 < 10),125.821,125.777,3.5,0
1766375640.5777748,2025-12-22 03:54:00,2025-12-22 11:54:00,BarData,125.88,0,0.0,0.0,190.710577,0.0,❌ 震荡 (Gap 7.9 < 10),125.880,125.781,7.9,0
1766375700.2918208,2025-12-22 03:55:00,2025-12-22 11:55:00,BarData,125.874,0,0.0,0.0,190.710577,0.0,❌ 震荡 (Gap 7.2 < 10),125.874,125.784,7.2,0
1766375760.1715431,2025-12-22 03:56:00,2025-12-22 11:56:00,BarData,125.904,0,0.0,0.0,190.710577,0.0,❌ 震荡 (Gap 9.2 < 10),125.904,125.788,9.2,0
1766375820.3825457,2025-12-22 03:57:00,2025-12-22 11:57:00,BarData,125.972,0,0.0,0.0,190.710577,0.0,✅ 触发交易,125.972,125.794,14.2,1
1766375824.2786763,2025-12-22 03:57:04,2025-12-22 11:57:04,Strategy_Open,125.972,1.0,0,1.0,190.704577,0.0,Strategy_Signal,125.972,125.794,14.2,1
1766375880.2556765,2025-12-22 03:58:00,2025-12-22 11:58:00,BarData,126.01,0,1.0,1.0,190.738577,0.0,✅ 触发交易,126.010,125.801,16.6,1
1766375940.2175713,2025-12-22 03:59:00,2025-12-22 11:59:00,BarData,125.966,0,1.0,1.0,190.699577,0.0,✅ 触发交易,125.966,125.806,12.7,1
1766376000.776348,2025-12-22 04:00:00,2025-12-22 12:00:00,BarData,125.981,0,1.0,1.0,190.71419,0.0,✅ 触发交易,125.981,125.812,13.4,1
1766376060.2293708,2025-12-22 04:01:00,2025-12-22 12:01:00,BarData,125.991,0,1.0,1.0,190.71619,0.0,✅ 触发交易,125.991,125.818,13.7,1
1766376120.5200086,2025-12-22 04:02:00,2025-12-22 12:02:00,BarData,126.038,0,1.0,1.0,190.76619,0.0,✅ 触发交易,126.038,125.825,16.9,1
1766376180.1299624,2025-12-22 04:03:00,2025-12-22 12:03:00,BarData,126.057,0,1.0,1.0,190.77919,0.0,✅ 触发交易,126.057,125.833,17.8,1
1766376240.6755998,2025-12-22 04:04:00,2025-12-22 12:04:00,BarData,125.904,0,1.0,1.0,190.64819,0.0,❌ 震荡 (Gap 5.5 < 10),125.904,125.835,5.5,0
1766376241.3759413,2025-12-22 04:04:01,2025-12-22 12:04:01,PnlRecord,125.904,0,0,0,190.64819,-0.5398024957926987,多,125.904,125.835,5.5,0
1766376241.7178307,2025-12-22 04:04:01,2025-12-22 12:04:01,CloseSignal,125.904,1.0,1.0,0,190.64819,0.0,Strategy_TrendEnd,125.904,125.835,5.5,0
1766376300.3538365,2025-12-22 04:05:00,2025-12-22 12:05:00,BarData,125.927,0,0.0,0.0,190.579352,0.0,❌ 震荡 (Gap 7.1 < 10),125.927,125.838,7.1,0
1766376360.3425474,2025-12-22 04:06:00,2025-12-22 12:06:00,BarData,125.891,0,0.0,0.0,190.579352,0.0,❌ 震荡 (Gap 4.1 < 10),125.891,125.840,4.1,0
1766376420.4446774,2025-12-22 04:07:00,2025-12-22 12:07:00,BarData,125.846,0,0.0,0.0,190.579352,0.0,❌ 震荡 (Gap 0.5 < 10),125.846,125.840,0.5,0
1766376480.632037,2025-12-22 04:08:00,2025-12-22 12:08:00,BarData,125.928,0,0.0,0.0,190.579352,0.0,❌ 震荡 (Gap 6.8 < 10),125.928,125.843,6.8,0
1766376540.6864114,2025-12-22 04:09:00,2025-12-22 12:09:00,BarData,125.87,0,0.0,0.0,190.579352,0.0,❌ 震荡 (Gap 2.1 < 10),125.870,125.844,2.1,0
1766376600.3696368,2025-12-22 04:10:00,2025-12-22 12:10:00,BarData,125.87,0,0.0,0.0,190.579352,0.0,❌ 震荡 (Gap 2.0 < 10),125.870,125.845,2.0,0
1766376660.525246,2025-12-22 04:11:00,2025-12-22 12:11:00,BarData,125.988,0,0.0,0.0,190.579352,0.0,✅ 触发交易,125.988,125.849,11.0,1
1766376664.775124,2025-12-22 04:11:04,2025-12-22 12:11:04,Strategy_Open,125.988,1.0,0,1.0,190.578352,0.0,Strategy_Signal,125.988,125.849,11.0,1
1766376713.049689,2025-12-22 04:11:53,2025-12-22 12:11:53,SL,125.851,1.0,1.0,0.0,190.452352,0.0,🛡️ 止损 (-1.03%),125.988,125.849,11.0,1
1766376713.0501554,2025-12-22 04:11:53,2025-12-22 12:11:53,PnlRecord,125.851,0,0,0,190.452352,-1.031901635960942,多,125.988,125.849,11.0,1
1766376720.3579593,2025-12-22 04:12:00,2025-12-22 12:12:00,BarData,125.851,0,0.0,0.0,190.452352,0.0,❌ 震荡 (Gap 0.1 < 10),125.851,125.849,0.1,0
1766376780.3097966,2025-12-22 04:13:00,2025-12-22 12:13:00,BarData,125.852,0,0.0,0.0,190.452352,0.0,❌ 震荡 (Gap 0.2 < 10),125.852,125.849,0.2,0
1766376840.5368433,2025-12-22 04:14:00,2025-12-22 12:14:00,BarData,125.821,0,0.0,0.0,190.452352,0.0,❌ 震荡 (Gap 2.2 < 10),125.821,125.848,2.2,0
1766376900.4420805,2025-12-22 04:15:00,2025-12-22 12:15:00,BarData,125.813,0,0.0,0.0,190.452352,0.0,❌ 震荡 (Gap 2.7 < 10),125.813,125.847,2.7,0
1766376960.5313962,2025-12-22 04:16:00,2025-12-22 12:16:00,BarData,125.813,0,0.0,0.0,190.452352,0.0,❌ 震荡 (Gap 2.6 < 10),125.813,125.846,2.6,0
1766377020.4487965,2025-12-22 04:17:00,2025-12-22 12:17:00,BarData,125.837,0,0.0,0.0,190.452352,0.0,❌ 震荡 (Gap 0.7 < 10),125.837,125.846,0.7,0
1766377080.7755356,2025-12-22 04:18:00,2025-12-22 12:18:00,BarData,125.847,0,0.0,0.0,190.452352,0.0,❌ 震荡 (Gap 0.1 < 10),125.847,125.846,0.1,0
1766377140.501768,2025-12-22 04:19:00,2025-12-22 12:19:00,BarData,125.972,0,0.0,0.0,190.452352,0.0,❌ 震荡 (Gap 9.7 < 10),125.972,125.850,9.7,0
1766377200.8013163,2025-12-22 04:20:00,2025-12-22 12:20:00,BarData,126.058,0,0.0,0.0,190.452352,0.0,✅ 触发交易,126.058,125.857,16.0,1
1766377204.6883743,2025-12-22 04:20:04,2025-12-22 12:20:04,Strategy_Open,126.058,1.0,0,1.0,190.43935199999999,0.0,Strategy_Signal,126.058,125.857,16.0,1
1766377260.1553378,2025-12-22 04:21:00,2025-12-22 12:21:00,BarData,126.07,0,1.0,1.0,190.470352,0.0,✅ 触发交易,126.070,125.864,16.3,1
1766377320.2712789,2025-12-22 04:22:00,2025-12-22 12:22:00,BarData,126.244,0,1.0,1.0,190.601352,0.0,✅ 触发交易,126.244,125.876,29.1,1
1766377380.5166385,2025-12-22 04:23:00,2025-12-22 12:23:00,BarData,126.152,0,1.0,1.0,190.542352,0.0,✅ 触发交易,126.152,125.885,21.1,1
1766377440.3609672,2025-12-22 04:24:00,2025-12-22 12:24:00,BarData,126.225,0,1.0,1.0,190.603352,0.0,✅ 触发交易,126.225,125.897,26.0,1
1766377500.6736274,2025-12-22 04:25:00,2025-12-22 12:25:00,BarData,126.249,0,1.0,1.0,190.642352,0.0,✅ 触发交易,126.249,125.908,27.0,1
1766377560.387055,2025-12-22 04:26:00,2025-12-22 12:26:00,BarData,126.182,0,1.0,1.0,190.517352,0.0,✅ 触发交易,126.182,125.917,21.0,1
1766377620.4162512,2025-12-22 04:27:00,2025-12-22 12:27:00,BarData,126.162,0,1.0,1.0,190.55235199999998,0.0,✅ 触发交易,126.162,125.925,18.8,1
1766377680.5664523,2025-12-22 04:28:00,2025-12-22 12:28:00,BarData,126.202,0,1.0,1.0,190.607352,0.0,✅ 触发交易,126.202,125.934,21.2,1
1766377740.0950103,2025-12-22 04:29:00,2025-12-22 12:29:00,BarData,126.301,0,1.0,1.0,190.70535199999998,0.0,✅ 触发交易,126.301,125.946,28.1,1
1766377800.4094846,2025-12-22 04:30:00,2025-12-22 12:30:00,BarData,126.328,0,1.0,1.0,190.757352,0.0,✅ 触发交易,126.328,125.959,29.2,1
1766377860.4625812,2025-12-22 04:31:00,2025-12-22 12:31:00,BarData,126.197,0,1.0,1.0,190.573352,0.0,✅ 触发交易,126.197,125.967,18.3,1
1766377920.329995,2025-12-22 04:32:00,2025-12-22 12:32:00,BarData,126.159,0,1.0,1.0,190.562352,0.0,✅ 触发交易,126.159,125.973,14.8,1
1766377980.257725,2025-12-22 04:33:00,2025-12-22 12:33:00,BarData,126.059,0,1.0,1.0,190.46735199999998,0.0,❌ 震荡 (Gap 6.6 < 10),126.059,125.976,6.6,0
1766377980.9540188,2025-12-22 04:33:00,2025-12-22 12:33:00,PnlRecord,126.059,0,0,0,190.46735199999998,0.07933422716555391,多,126.059,125.976,6.6,0
1766377981.3124716,2025-12-22 04:33:01,2025-12-22 12:33:01,CloseSignal,126.059,1.0,1.0,0,190.46735199999998,0.0,Strategy_TrendEnd,126.059,125.976,6.6,0
1766378040.184433,2025-12-22 04:34:00,2025-12-22 12:34:00,BarData,126.098,0,0.0,0.0,190.437352,0.0,❌ 震荡 (Gap 9.4 < 10),126.098,125.980,9.4,0
1766378100.2362902,2025-12-22 04:35:00,2025-12-22 12:35:00,BarData,126.075,0,0.0,0.0,190.437352,0.0,❌ 震荡 (Gap 7.3 < 10),126.075,125.983,7.3,0
1766378160.26786,2025-12-22 04:36:00,2025-12-22 12:36:00,BarData,125.972,0,0.0,0.0,190.437352,0.0,❌ 震荡 (Gap 0.8 < 10),125.972,125.982,0.8,0
1766378220.5066075,2025-12-22 04:37:00,2025-12-22 12:37:00,BarData,126.101,0,0.0,0.0,190.437352,0.0,❌ 震荡 (Gap 9.1 < 10),126.101,125.986,9.1,0
1766378280.695069,2025-12-22 04:38:00,2025-12-22 12:38:00,BarData,126.137,0,0.0,0.0,190.437352,0.0,✅ 触发交易,126.137,125.991,11.6,1
1766378284.5673401,2025-12-22 04:38:04,2025-12-22 12:38:04,Strategy_Open,126.137,1.0,0,1.0,190.429352,0.0,Strategy_Signal,126.137,125.991,11.6,1
1766378340.552847,2025-12-22 04:39:00,2025-12-22 12:39:00,BarData,126.21,0,1.0,1.0,190.521352,0.0,✅ 触发交易,126.210,125.998,16.8,1
1766378400.2417405,2025-12-22 04:40:00,2025-12-22 12:40:00,BarData,126.136,0,1.0,1.0,190.495352,0.0,✅ 触发交易,126.136,126.003,10.5,1
1766378460.2304854,2025-12-22 04:41:00,2025-12-22 12:41:00,BarData,126.121,0,1.0,1.0,190.408352,0.0,❌ 震荡 (Gap 9.1 < 10),126.121,126.007,9.1,0
1766378460.926168,2025-12-22 04:41:00,2025-12-22 12:41:00,PnlRecord,126.121,0,0,0,190.408352,-0.08721022420963666,多,126.121,126.007,9.1,0
1766378461.2641246,2025-12-22 04:41:01,2025-12-22 12:41:01,CloseSignal,126.121,1.0,1.0,0,190.408352,0.0,Strategy_TrendEnd,126.121,126.007,9.1,0
1766378520.3336036,2025-12-22 04:42:00,2025-12-22 12:42:00,BarData,126.238,0,0.0,0.0,190.418352,0.0,✅ 触发交易,126.238,126.014,17.7,1
1766378524.2098956,2025-12-22 04:42:04,2025-12-22 12:42:04,Strategy_Open,126.238,1.0,0,1.0,190.416352,0.0,Strategy_Signal,126.238,126.014,17.7,1
1766378580.4394631,2025-12-22 04:43:00,2025-12-22 12:43:00,BarData,126.312,0,1.0,1.0,190.487352,0.0,✅ 触发交易,126.312,126.024,22.8,1
1766378640.2001219,2025-12-22 04:44:00,2025-12-22 12:44:00,BarData,126.309,0,1.0,1.0,190.471352,0.0,✅ 触发交易,126.309,126.033,21.8,1
1766378700.5163057,2025-12-22 04:45:00,2025-12-22 12:45:00,BarData,126.292,0,1.0,1.0,190.460352,0.0,✅ 触发交易,126.292,126.042,19.8,1
1766378760.1964602,2025-12-22 04:46:00,2025-12-22 12:46:00,BarData,126.273,0,1.0,1.0,190.422352,0.0,✅ 触发交易,126.273,126.050,17.7,1
1766378820.4803953,2025-12-22 04:47:00,2025-12-22 12:47:00,BarData,126.287,0,1.0,1.0,190.404352,0.0,✅ 触发交易,126.287,126.057,18.2,1
1766378880.5404425,2025-12-22 04:48:00,2025-12-22 12:48:00,BarData,126.231,0,1.0,1.0,190.394352,0.0,✅ 触发交易,126.231,126.063,13.3,1
1766378940.4372818,2025-12-22 04:49:00,2025-12-22 12:49:00,BarData,126.243,0,1.0,1.0,190.415352,0.0,✅ 触发交易,126.243,126.069,13.8,1
1766379000.537245,2025-12-22 04:50:00,2025-12-22 12:50:00,BarData,126.588,0,1.0,1.0,190.759352,0.0,✅ 触发交易,126.588,126.086,39.7,1
1766379060.3893187,2025-12-22 04:51:00,2025-12-22 12:51:00,BarData,126.577,0,1.0,1.0,190.752352,0.0,✅ 触发交易,126.577,126.102,37.5,1
1766379120.482768,2025-12-22 04:52:00,2025-12-22 12:52:00,BarData,126.66,0,1.0,1.0,190.835352,0.0,✅ 触发交易,126.660,126.120,42.6,1
1766379180.0958166,2025-12-22 04:53:00,2025-12-22 12:53:00,BarData,126.654,0,1.0,1.0,190.859352,0.0,✅ 触发交易,126.654,126.138,40.8,1
1766379240.2438664,2025-12-22 04:54:00,2025-12-22 12:54:00,BarData,126.629,0,1.0,1.0,190.838352,0.0,✅ 触发交易,126.629,126.154,37.5,1
1766379300.3847637,2025-12-22 04:55:00,2025-12-22 12:55:00,BarData,126.53,0,1.0,1.0,190.714352,0.0,✅ 触发交易,126.530,126.166,28.7,1
1766379360.556145,2025-12-22 04:56:00,2025-12-22 12:56:00,BarData,126.59,0,1.0,1.0,190.764352,0.0,✅ 触发交易,126.590,126.180,32.4,1
1766379420.345335,2025-12-22 04:57:00,2025-12-22 12:57:00,BarData,126.445,0,1.0,1.0,190.617352,0.0,✅ 触发交易,126.445,126.189,20.3,1
1766379480.7037394,2025-12-22 04:58:00,2025-12-22 12:58:00,BarData,126.4,0,1.0,1.0,190.573352,0.0,✅ 触发交易,126.400,126.196,16.2,1
1766379540.5588944,2025-12-22 04:59:00,2025-12-22 12:59:00,BarData,126.526,0,1.0,1.0,190.650352,0.0,✅ 触发交易,126.526,126.207,25.2,1
1766379600.3929472,2025-12-22 05:00:00,2025-12-22 13:00:00,BarData,126.486,0,1.0,1.0,190.667352,0.0,✅ 触发交易,126.486,126.216,21.4,1
1766379660.4678974,2025-12-22 05:01:00,2025-12-22 13:01:00,BarData,126.544,0,1.0,1.0,190.715833,0.0,✅ 触发交易,126.544,126.227,25.1,1
1766379720.4796195,2025-12-22 05:02:00,2025-12-22 13:02:00,BarData,126.481,0,1.0,1.0,190.660833,0.0,✅ 触发交易,126.481,126.235,19.5,1
1766379780.3882642,2025-12-22 05:03:00,2025-12-22 13:03:00,BarData,126.45,0,1.0,1.0,190.628833,0.0,✅ 触发交易,126.450,126.242,16.5,1
1766379840.2894223,2025-12-22 05:04:00,2025-12-22 13:04:00,BarData,126.456,0,1.0,1.0,190.625833,0.0,✅ 触发交易,126.456,126.249,16.4,1
1766379900.3241136,2025-12-22 05:05:00,2025-12-22 13:05:00,BarData,126.514,0,1.0,1.0,190.666833,0.0,✅ 触发交易,126.514,126.258,20.3,1
1766379960.3225403,2025-12-22 05:06:00,2025-12-22 13:06:00,BarData,126.516,0,1.0,1.0,190.641833,0.0,✅ 触发交易,126.516,126.266,19.8,1
1766380020.4447908,2025-12-22 05:07:00,2025-12-22 13:07:00,BarData,126.64,0,1.0,1.0,190.801833,0.0,✅ 触发交易,126.640,126.278,28.6,1
1766380080.4833045,2025-12-22 05:08:00,2025-12-22 13:08:00,BarData,126.504,0,1.0,1.0,190.707833,0.0,✅ 触发交易,126.504,126.286,17.3,1
1766380140.0948915,2025-12-22 05:09:00,2025-12-22 13:09:00,BarData,126.616,0,1.0,1.0,190.802833,0.0,✅ 触发交易,126.616,126.297,25.2,1
1766380200.662465,2025-12-22 05:10:00,2025-12-22 13:10:00,BarData,126.389,0,1.0,1.0,190.587833,0.0,❌ 震荡 (Gap 7.1 < 10),126.389,126.300,7.1,0
1766380201.352657,2025-12-22 05:10:01,2025-12-22 13:10:01,PnlRecord,126.389,0,0,0,190.587833,1.188222340164224,多,126.389,126.300,7.1,0
1766380201.7940626,2025-12-22 05:10:01,2025-12-22 13:10:01,CloseSignal,126.389,1.0,1.0,0,190.587833,0.0,Strategy_TrendEnd,126.389,126.300,7.1,0
1766380260.399631,2025-12-22 05:11:00,2025-12-22 13:11:00,BarData,126.376,0,0.0,0.0,190.556833,0.0,❌ 震荡 (Gap 5.8 < 10),126.376,126.302,5.8,0
1766380320.1081607,2025-12-22 05:12:00,2025-12-22 13:12:00,BarData,126.398,0,0.0,0.0,190.556833,0.0,❌ 震荡 (Gap 7.3 < 10),126.398,126.305,7.3,0
1766380380.1828306,2025-12-22 05:13:00,2025-12-22 13:13:00,BarData,126.497,0,0.0,0.0,190.556833,0.0,✅ 触发交易,126.497,126.312,14.7,1
1766380384.06397,2025-12-22 05:13:04,2025-12-22 13:13:04,Strategy_Open,126.497,1.0,0,1.0,190.573833,0.0,Strategy_Signal,126.497,126.312,14.7,1
1766380402.2373145,2025-12-22 05:13:22,2025-12-22 13:13:22,SL,126.351,1.0,1.0,0.0,190.444833,0.0,🛡️ 止损 (-1.04%),126.497,126.312,14.7,1
1766380402.2376292,2025-12-22 05:13:22,2025-12-22 13:13:22,PnlRecord,126.351,0,0,0,190.49983300000002,-1.0436185099974304,多,126.497,126.312,14.7,1
1766380440.4552815,2025-12-22 05:14:00,2025-12-22 13:14:00,BarData,126.355,0,0.0,0.0,190.444833,0.0,❌ 震荡 (Gap 3.3 < 10),126.355,126.313,3.3,0
1766380500.290973,2025-12-22 05:15:00,2025-12-22 13:15:00,BarData,126.359,0,0.0,0.0,190.444833,0.0,❌ 震荡 (Gap 3.5 < 10),126.359,126.314,3.5,0
1766380560.39794,2025-12-22 05:16:00,2025-12-22 13:16:00,BarData,126.408,0,0.0,0.0,190.444833,0.0,❌ 震荡 (Gap 7.2 < 10),126.408,126.318,7.2,0
1766380620.5049963,2025-12-22 05:17:00,2025-12-22 13:17:00,BarData,126.356,0,0.0,0.0,190.444833,0.0,❌ 震荡 (Gap 2.9 < 10),126.356,126.319,2.9,0
1766380680.2356143,2025-12-22 05:18:00,2025-12-22 13:18:00,BarData,126.389,0,0.0,0.0,190.444833,0.0,❌ 震荡 (Gap 5.4 < 10),126.389,126.321,5.4,0
1766380740.2646928,2025-12-22 05:19:00,2025-12-22 13:19:00,BarData,126.428,0,0.0,0.0,190.444833,0.0,❌ 震荡 (Gap 8.2 < 10),126.428,126.325,8.2,0
1766380800.3563466,2025-12-22 05:20:00,2025-12-22 13:20:00,BarData,126.432,0,0.0,0.0,190.444833,0.0,❌ 震荡 (Gap 8.2 < 10),126.432,126.328,8.2,0
1766380860.33985,2025-12-22 05:21:00,2025-12-22 13:21:00,BarData,126.379,0,0.0,0.0,190.444833,0.0,❌ 震荡 (Gap 3.9 < 10),126.379,126.330,3.9,0
1766380920.2866828,2025-12-22 05:22:00,2025-12-22 13:22:00,BarData,126.412,0,0.0,0.0,190.444833,0.0,❌ 震荡 (Gap 6.3 < 10),126.412,126.332,6.3,0
1766380980.322908,2025-12-22 05:23:00,2025-12-22 13:23:00,BarData,126.334,0,0.0,0.0,190.444833,0.0,❌ 震荡 (Gap 0.1 < 10),126.334,126.333,0.1,0
1766381040.65212,2025-12-22 05:24:00,2025-12-22 13:24:00,BarData,126.345,0,0.0,0.0,190.444833,0.0,❌ 震荡 (Gap 1.0 < 10),126.345,126.333,1.0,0
1766381100.1192768,2025-12-22 05:25:00,2025-12-22 13:25:00,BarData,126.278,0,0.0,0.0,190.444833,0.0,❌ 震荡 (Gap 4.2 < 10),126.278,126.331,4.2,0
1766381160.6613612,2025-12-22 05:26:00,2025-12-22 13:26:00,BarData,126.203,0,0.0,0.0,190.444833,0.0,❌ 震荡 (Gap 9.8 < 10),126.203,126.327,9.8,0
1766381220.219706,2025-12-22 05:27:00,2025-12-22 13:27:00,BarData,126.257,0,0.0,0.0,190.444833,0.0,❌ 震荡 (Gap 5.4 < 10),126.257,126.325,5.4,0
1766381280.3508306,2025-12-22 05:28:00,2025-12-22 13:28:00,BarData,126.119,0,0.0,0.0,190.444833,0.0,❌ 快线向上,126.119,126.318,15.8,0
1766381340.4355922,2025-12-22 05:29:00,2025-12-22 13:29:00,BarData,126.107,0,0.0,0.0,190.444833,0.0,❌ 快线向上,126.107,126.311,16.2,0
1766381400.4979565,2025-12-22 05:30:00,2025-12-22 13:30:00,BarData,126.086,0,0.0,0.0,190.444833,0.0,✅ 触发交易,126.086,126.304,17.3,-1
1766381404.5094383,2025-12-22 05:30:04,2025-12-22 13:30:04,Strategy_Open,126.086,1.0,0,-1.0,190.415833,0.0,Strategy_Signal,126.086,126.304,17.3,-1
1766381460.165971,2025-12-22 05:31:00,2025-12-22 13:31:00,BarData,126.072,0,-1.0,-1.0,190.426833,0.0,✅ 触发交易,126.072,126.296,17.8,-1
1766381520.5584724,2025-12-22 05:32:00,2025-12-22 13:32:00,BarData,126.074,0,-1.0,-1.0,190.417833,0.0,✅ 触发交易,126.074,126.289,17.0,-1
1766381580.224027,2025-12-22 05:33:00,2025-12-22 13:33:00,BarData,126.064,0,-1.0,-1.0,190.42483299999998,0.0,✅ 触发交易,126.064,126.281,17.2,-1
1766381640.5036354,2025-12-22 05:34:00,2025-12-22 13:34:00,BarData,126.072,0,-1.0,-1.0,190.362833,0.0,✅ 触发交易,126.072,126.275,16.1,-1
1766381700.3596215,2025-12-22 05:35:00,2025-12-22 13:35:00,BarData,126.089,0,-1.0,-1.0,190.386833,0.0,❌ 快线向上,126.089,126.268,14.2,0
1766381701.049786,2025-12-22 05:35:01,2025-12-22 13:35:01,PnlRecord,126.089,0,0,0,190.386833,-0.2062460833075228,空,126.089,126.268,14.2,0
1766381701.4008038,2025-12-22 05:35:01,2025-12-22 13:35:01,CloseSignal,126.089,1.0,-1.0,0,190.386833,0.0,Strategy_TrendEnd,126.089,126.268,14.2,0
1766381760.5024,2025-12-22 05:36:00,2025-12-22 13:36:00,BarData,126.031,0,0.0,0.0,190.448833,0.0,✅ 触发交易,126.031,126.261,18.2,-1
1766381764.3792357,2025-12-22 05:36:04,2025-12-22 13:36:04,Strategy_Open,126.031,1.0,0,-1.0,190.435833,0.0,Strategy_Signal,126.031,126.261,18.2,-1
1766381823.9613473,2025-12-22 05:37:03,2025-12-22 13:37:03,SL,126.159,1.0,-1.0,0.0,190.319833,0.0,🛡️ 止损 (-1.05%),126.031,126.261,18.2,-1
1766381823.9616601,2025-12-22 05:37:03,2025-12-22 13:37:03,PnlRecord,126.159,0,0,0,190.347833,-1.0473946059178194,空,126.031,126.261,18.2,-1
1766381826.3214734,2025-12-22 05:37:06,2025-12-22 13:37:06,BarData,126.159,0,0.0,0.0,190.319833,0.0,❌ 震荡 (Gap 7.8 < 10),126.159,126.257,7.8,0
1766381880.4317322,2025-12-22 05:38:00,2025-12-22 13:38:00,BarData,126.185,0,0.0,0.0,190.319833,0.0,❌ 震荡 (Gap 5.5 < 10),126.185,126.255,5.5,0
1766381940.6572855,2025-12-22 05:39:00,2025-12-22 13:39:00,BarData,126.433,0,0.0,0.0,190.319833,0.0,✅ 触发交易,126.433,126.261,13.6,1
1766381944.5562563,2025-12-22 05:39:04,2025-12-22 13:39:04,Strategy_Open,126.433,1.0,0,1.0,190.304833,0.0,Strategy_Signal,126.433,126.261,13.6,1
1766382000.4048257,2025-12-22 05:40:00,2025-12-22 13:40:00,BarData,126.391,0,1.0,1.0,190.30583299999998,0.0,❌ 震荡 (Gap 10.0 < 10),126.391,126.265,10.0,0
1766382001.10529,2025-12-22 05:40:01,2025-12-22 13:40:01,PnlRecord,126.391,0,0,0,190.30583299999998,-0.11075511253507214,多,126.391,126.265,10.0,0
1766382001.464442,2025-12-22 05:40:01,2025-12-22 13:40:01,CloseSignal,126.391,1.0,1.0,0,190.30583299999998,0.0,Strategy_TrendEnd,126.391,126.265,10.0,0
1766382060.5646818,2025-12-22 05:41:00,2025-12-22 13:41:00,BarData,126.307,0,0.0,0.0,190.300833,0.0,❌ 震荡 (Gap 3.2 < 10),126.307,126.266,3.2,0
1766382120.45833,2025-12-22 05:42:00,2025-12-22 13:42:00,BarData,126.367,0,0.0,0.0,190.300833,0.0,❌ 震荡 (Gap 7.7 < 10),126.367,126.270,7.7,0
1766382180.4592502,2025-12-22 05:43:00,2025-12-22 13:43:00,BarData,126.36,0,0.0,0.0,190.300833,0.0,❌ 震荡 (Gap 6.9 < 10),126.360,126.273,6.9,0
1766382240.4344208,2025-12-22 05:44:00,2025-12-22 13:44:00,BarData,126.389,0,0.0,0.0,190.300833,0.0,❌ 震荡 (Gap 8.9 < 10),126.389,126.276,8.9,0
1766382300.5027223,2025-12-22 05:45:00,2025-12-22 13:45:00,BarData,126.39,0,0.0,0.0,190.300833,0.0,❌ 震荡 (Gap 8.7 < 10),126.390,126.280,8.7,0
1766382360.489964,2025-12-22 05:46:00,2025-12-22 13:46:00,BarData,126.407,0,0.0,0.0,190.300833,0.0,❌ 震荡 (Gap 9.7 < 10),126.407,126.284,9.7,0
1766382420.6926613,2025-12-22 05:47:00,2025-12-22 13:47:00,BarData,126.454,0,0.0,0.0,190.300833,0.0,✅ 触发交易,126.454,126.290,13.0,1
1766382424.8532214,2025-12-22 05:47:04,2025-12-22 13:47:04,Strategy_Open,126.454,1.0,0,1.0,190.299833,0.0,Strategy_Signal,126.454,126.290,13.0,1
1766382480.608223,2025-12-22 05:48:00,2025-12-22 13:48:00,BarData,126.532,0,1.0,1.0,190.37983300000002,0.0,✅ 触发交易,126.532,126.298,18.5,1
1766382540.5097883,2025-12-22 05:49:00,2025-12-22 13:49:00,BarData,126.54,0,1.0,1.0,190.341833,0.0,✅ 触发交易,126.540,126.306,18.5,1
1766382600.585134,2025-12-22 05:50:00,2025-12-22 13:50:00,BarData,126.405,0,1.0,1.0,190.286833,0.0,❌ 震荡 (Gap 7.6 < 10),126.405,126.309,7.6,0
1766382601.256128,2025-12-22 05:50:01,2025-12-22 13:50:01,PnlRecord,126.405,0,0,0,190.286833,-0.42701587075654596,多,126.405,126.309,7.6,0
1766382601.6126635,2025-12-22 05:50:01,2025-12-22 13:50:01,CloseSignal,126.405,1.0,1.0,0,190.286833,0.0,Strategy_TrendEnd,126.405,126.309,7.6,0
1766382660.5420432,2025-12-22 05:51:00,2025-12-22 13:51:00,BarData,126.426,0,0.0,0.0,190.266833,0.0,❌ 震荡 (Gap 8.9 < 10),126.426,126.313,8.9,0
1766382720.4794376,2025-12-22 05:52:00,2025-12-22 13:52:00,BarData,126.467,0,0.0,0.0,190.266833,0.0,✅ 触发交易,126.467,126.318,11.8,1
1766382724.5121837,2025-12-22 05:52:04,2025-12-22 13:52:04,Strategy_Open,126.467,1.0,0,1.0,190.250833,0.0,Strategy_Signal,126.467,126.318,11.8,1
1766382780.2714458,2025-12-22 05:53:00,2025-12-22 13:53:00,BarData,126.431,0,1.0,1.0,190.24083299999998,0.0,❌ 震荡 (Gap 8.6 < 10),126.431,126.322,8.6,0
1766382780.9818285,2025-12-22 05:53:00,2025-12-22 13:53:00,PnlRecord,126.431,0,0,0,190.24083299999998,-0.27675422643237385,多,126.431,126.322,8.6,0
1766382781.3284237,2025-12-22 05:53:01,2025-12-22 13:53:01,CloseSignal,126.431,1.0,1.0,0,190.24083299999998,0.0,Strategy_TrendEnd,126.431,126.322,8.6,0
1766382840.384025,2025-12-22 05:54:00,2025-12-22 13:54:00,BarData,126.477,0,0.0,0.0,190.233833,0.0,✅ 触发交易,126.477,126.327,11.9,1
1766382844.2461352,2025-12-22 05:54:04,2025-12-22 13:54:04,Strategy_Open,126.477,1.0,0,1.0,190.21883300000002,0.0,Strategy_Signal,126.477,126.327,11.9,1
1766382900.2375765,2025-12-22 05:55:00,2025-12-22 13:55:00,BarData,126.446,0,1.0,1.0,190.189833,0.0,❌ 震荡 (Gap 9.1 < 10),126.446,126.331,9.1,0
1766382900.9305327,2025-12-22 05:55:00,2025-12-22 13:55:00,PnlRecord,126.446,0,0,0,190.189833,-0.22138937647268056,多,126.446,126.331,9.1,0
1766382901.307917,2025-12-22 05:55:01,2025-12-22 13:55:01,CloseSignal,126.446,1.0,1.0,0,190.189833,0.0,Strategy_TrendEnd,126.446,126.331,9.1,0
1766382960.6522515,2025-12-22 05:56:00,2025-12-22 13:56:00,BarData,126.494,0,0.0,0.0,190.199755,0.0,✅ 触发交易,126.494,126.336,12.5,1
1766382964.543041,2025-12-22 05:56:04,2025-12-22 13:56:04,Strategy_Open,126.494,1.0,0,1.0,190.174755,0.0,Strategy_Signal,126.494,126.336,12.5,1
1766383020.4297633,2025-12-22 05:57:00,2025-12-22 13:57:00,BarData,126.442,0,1.0,1.0,190.119755,0.0,❌ 震荡 (Gap 8.1 < 10),126.442,126.339,8.1,0
1766383021.129532,2025-12-22 05:57:01,2025-12-22 13:57:01,PnlRecord,126.442,0,0,0,190.119755,-0.4189888928417051,多,126.442,126.339,8.1,0
1766383021.61556,2025-12-22 05:57:01,2025-12-22 13:57:01,CloseSignal,126.442,1.0,1.0,0,190.119755,0.0,Strategy_TrendEnd,126.442,126.339,8.1,0
1766383080.5230348,2025-12-22 05:58:00,2025-12-22 13:58:00,BarData,126.439,0,0.0,0.0,190.137755,0.0,❌ 震荡 (Gap 7.6 < 10),126.439,126.343,7.6,0
1766383140.2247715,2025-12-22 05:59:00,2025-12-22 13:59:00,BarData,126.258,0,0.0,0.0,190.137755,0.0,❌ 震荡 (Gap 6.5 < 10),126.258,126.340,6.5,0
1766383200.4975927,2025-12-22 06:00:00,2025-12-22 14:00:00,BarData,126.28,0,0.0,0.0,190.137755,0.0,❌ 震荡 (Gap 4.6 < 10),126.280,126.338,4.6,0
1766383260.45655,2025-12-22 06:01:00,2025-12-22 14:01:00,BarData,126.098,0,0.0,0.0,190.137755,0.0,✅ 触发交易,126.098,126.330,18.4,-1
1766383264.4139488,2025-12-22 06:01:04,2025-12-22 14:01:04,Strategy_Open,126.098,1.0,0,-1.0,190.124755,0.0,Strategy_Signal,126.098,126.330,18.4,-1
1766383320.1406753,2025-12-22 06:02:00,2025-12-22 14:02:00,BarData,126.18,0,-1.0,-1.0,190.067755,0.0,❌ 快线向上,126.180,126.325,11.5,0
1766383320.8172243,2025-12-22 06:02:00,2025-12-22 14:02:00,PnlRecord,126.18,0,0,0,190.067755,-0.6344171292625893,空,126.180,126.325,11.5,0
1766383321.2289755,2025-12-22 06:02:01,2025-12-22 14:02:01,CloseSignal,126.18,1.0,-1.0,0,190.067755,0.0,Strategy_TrendEnd,126.180,126.325,11.5,0
1766383380.5820248,2025-12-22 06:03:00,2025-12-22 14:03:00,BarData,126.14,0,0.0,0.0,190.022755,0.0,✅ 触发交易,126.140,126.319,14.2,-1
1766383384.461926,2025-12-22 06:03:04,2025-12-22 14:03:04,Strategy_Open,126.14,1.0,0,-1.0,190.00275499999998,0.0,Strategy_Signal,126.140,126.319,14.2,-1
1766383440.1956036,2025-12-22 06:04:00,2025-12-22 14:04:00,BarData,126.138,0,-1.0,-1.0,189.970755,0.0,✅ 触发交易,126.138,126.313,13.9,-1
1766383500.2391057,2025-12-22 06:05:00,2025-12-22 14:05:00,BarData,126.124,0,-1.0,-1.0,190.04575499999999,0.0,✅ 触发交易,126.124,126.307,14.5,-1
1766383560.161015,2025-12-22 06:06:00,2025-12-22 14:06:00,BarData,126.124,0,-1.0,-1.0,189.995755,0.0,✅ 触发交易,126.124,126.301,14.0,-1
1766383620.2187085,2025-12-22 06:07:00,2025-12-22 14:07:00,BarData,126.082,0,-1.0,-1.0,190.05675499999998,0.0,✅ 触发交易,126.082,126.294,16.8,-1
1766383680.4446354,2025-12-22 06:08:00,2025-12-22 14:08:00,BarData,126.02,0,-1.0,-1.0,190.126755,0.0,✅ 触发交易,126.020,126.285,21.0,-1
1766383740.352399,2025-12-22 06:09:00,2025-12-22 14:09:00,BarData,126.102,0,-1.0,-1.0,190.03875499999998,0.0,✅ 触发交易,126.102,126.279,14.0,-1
1766383800.560668,2025-12-22 06:10:00,2025-12-22 14:10:00,BarData,126.051,0,-1.0,-1.0,190.100755,0.0,✅ 触发交易,126.051,126.271,17.5,-1
1766383860.5318336,2025-12-22 06:11:00,2025-12-22 14:11:00,BarData,125.951,0,-1.0,-1.0,190.15675499999998,0.0,✅ 触发交易,125.951,126.261,24.6,-1
1766383920.5707667,2025-12-22 06:12:00,2025-12-22 14:12:00,BarData,125.97,0,-1.0,-1.0,190.194755,0.0,✅ 触发交易,125.970,126.251,22.3,-1
1766383980.502887,2025-12-22 06:13:00,2025-12-22 14:13:00,BarData,125.982,0,-1.0,-1.0,190.165755,0.0,✅ 触发交易,125.982,126.243,20.7,-1
1766384040.4190824,2025-12-22 06:14:00,2025-12-22 14:14:00,BarData,125.947,0,-1.0,-1.0,190.206755,0.0,✅ 触发交易,125.947,126.233,22.7,-1
1766384100.6783283,2025-12-22 06:15:00,2025-12-22 14:15:00,BarData,126.006,0,-1.0,-1.0,190.15875499999999,0.0,✅ 触发交易,126.006,126.225,17.4,-1
1766384160.432721,2025-12-22 06:16:00,2025-12-22 14:16:00,BarData,125.973,0,-1.0,-1.0,190.178755,0.0,✅ 触发交易,125.973,126.217,19.4,-1
1766384220.4619553,2025-12-22 06:17:00,2025-12-22 14:17:00,BarData,125.933,0,-1.0,-1.0,190.190755,0.0,✅ 触发交易,125.933,126.208,21.8,-1
1766384280.4207122,2025-12-22 06:18:00,2025-12-22 14:18:00,BarData,126.123,0,-1.0,-1.0,190.036755,0.0,❌ 震荡 (Gap 6.5 < 10),126.123,126.205,6.5,0
1766384281.1165583,2025-12-22 06:18:01,2025-12-22 14:18:01,PnlRecord,126.123,0,0,0,190.036755,0.07928139344969917,空,126.123,126.205,6.5,0
1766384281.4648604,2025-12-22 06:18:01,2025-12-22 14:18:01,CloseSignal,126.123,1.0,-1.0,0,190.036755,0.0,Strategy_TrendEnd,126.123,126.205,6.5,0
1766384340.2846365,2025-12-22 06:19:00,2025-12-22 14:19:00,BarData,126.204,0,0.0,0.0,190.036755,0.0,❌ 震荡 (Gap 0.1 < 10),126.204,126.205,0.1,0
1766384400.654923,2025-12-22 06:20:00,2025-12-22 14:20:00,BarData,126.419,0,0.0,0.0,190.036755,0.0,✅ 触发交易,126.419,126.212,16.4,1
1766384404.555838,2025-12-22 06:20:04,2025-12-22 14:20:04,Strategy_Open,126.419,1.0,0,1.0,190.038755,0.0,Strategy_Signal,126.419,126.212,16.4,1
1766384460.4230063,2025-12-22 06:21:00,2025-12-22 14:21:00,BarData,126.318,0,1.0,1.0,190.023755,0.0,❌ 震荡 (Gap 8.1 < 10),126.318,126.215,8.1,0
1766384461.1455512,2025-12-22 06:21:01,2025-12-22 14:21:01,PnlRecord,126.318,0,0,0,190.023755,-0.46685710216255727,多,126.318,126.215,8.1,0
1766384461.5081074,2025-12-22 06:21:01,2025-12-22 14:21:01,CloseSignal,126.318,1.0,1.0,0,190.023755,0.0,Strategy_TrendEnd,126.318,126.215,8.1,0
1766384520.3999994,2025-12-22 06:22:00,2025-12-22 14:22:00,BarData,126.319,0,0.0,0.0,189.991755,0.0,❌ 震荡 (Gap 7.9 < 10),126.319,126.219,7.9,0
1766384580.56766,2025-12-22 06:23:00,2025-12-22 14:23:00,BarData,126.344,0,0.0,0.0,189.991755,0.0,❌ 震荡 (Gap 9.6 < 10),126.344,126.223,9.6,0
1766384640.6780365,2025-12-22 06:24:00,2025-12-22 14:24:00,BarData,126.348,0,0.0,0.0,189.991755,0.0,❌ 震荡 (Gap 9.6 < 10),126.348,126.227,9.6,0
1766384700.4137108,2025-12-22 06:25:00,2025-12-22 14:25:00,BarData,126.365,0,0.0,0.0,189.991755,0.0,✅ 触发交易,126.365,126.232,10.6,1
1766384704.3031104,2025-12-22 06:25:04,2025-12-22 14:25:04,Strategy_Open,126.365,1.0,0,1.0,189.99375500000002,0.0,Strategy_Signal,126.365,126.232,10.6,1
1766384737.2159653,2025-12-22 06:25:37,2025-12-22 14:25:37,SL,126.239,1.0,1.0,0.0,189.855755,0.0,🛡️ 止损 (-1.01%),126.365,126.232,10.6,1
1766384737.2162583,2025-12-22 06:25:37,2025-12-22 14:25:37,PnlRecord,126.239,0,0,0,189.913755,-1.0050171723406245,多,126.365,126.232,10.6,1
1766384760.630438,2025-12-22 06:26:00,2025-12-22 14:26:00,BarData,126.184,0,0.0,0.0,189.855755,0.0,❌ 震荡 (Gap 3.6 < 10),126.184,126.230,3.6,0
1766384820.21348,2025-12-22 06:27:00,2025-12-22 14:27:00,BarData,126.128,0,0.0,0.0,189.855755,0.0,❌ 震荡 (Gap 7.8 < 10),126.128,126.227,7.8,0
1766384880.5043797,2025-12-22 06:28:00,2025-12-22 14:28:00,BarData,126.142,0,0.0,0.0,189.855755,0.0,❌ 震荡 (Gap 6.5 < 10),126.142,126.224,6.5,0
1766384940.4455354,2025-12-22 06:29:00,2025-12-22 14:29:00,BarData,126.172,0,0.0,0.0,189.855755,0.0,❌ 震荡 (Gap 4.0 < 10),126.172,126.222,4.0,0
1766385000.4100158,2025-12-22 06:30:00,2025-12-22 14:30:00,BarData,126.153,0,0.0,0.0,189.855755,0.0,❌ 震荡 (Gap 5.3 < 10),126.153,126.220,5.3,0
1766385060.2870092,2025-12-22 06:31:00,2025-12-22 14:31:00,BarData,126.198,0,0.0,0.0,189.855755,0.0,❌ 震荡 (Gap 1.7 < 10),126.198,126.219,1.7,0
1766385120.2558758,2025-12-22 06:32:00,2025-12-22 14:32:00,BarData,126.247,0,0.0,0.0,189.855755,0.0,❌ 震荡 (Gap 2.1 < 10),126.247,126.220,2.1,0
1766385180.575385,2025-12-22 06:33:00,2025-12-22 14:33:00,BarData,126.223,0,0.0,0.0,189.855755,0.0,❌ 震荡 (Gap 0.2 < 10),126.223,126.220,0.2,0
1766385240.4496753,2025-12-22 06:34:00,2025-12-22 14:34:00,BarData,126.208,0,0.0,0.0,189.855755,0.0,❌ 震荡 (Gap 0.9 < 10),126.208,126.220,0.9,0
1766385300.4887877,2025-12-22 06:35:00,2025-12-22 14:35:00,BarData,126.171,0,0.0,0.0,189.855755,0.0,❌ 震荡 (Gap 3.7 < 10),126.171,126.218,3.7,0
1766385360.283217,2025-12-22 06:36:00,2025-12-22 14:36:00,BarData,126.075,0,0.0,0.0,189.855755,0.0,✅ 触发交易,126.075,126.214,11.0,-1
1766385364.1462414,2025-12-22 06:36:04,2025-12-22 14:36:04,Strategy_Open,126.075,1.0,0,-1.0,189.850755,0.0,Strategy_Signal,126.075,126.214,11.0,-1
1766385398.2698524,2025-12-22 06:36:38,2025-12-22 14:36:38,SL,126.203,1.0,-1.0,0.0,189.712755,0.0,🛡️ 止损 (-1.11%),126.075,126.214,11.0,-1
1766385398.2701614,2025-12-22 06:36:38,2025-12-22 14:36:38,PnlRecord,126.203,0,0,0,189.77575499999998,-1.1105558331945184,空,126.075,126.214,11.0,-1
1766385420.443875,2025-12-22 06:37:00,2025-12-22 14:37:00,BarData,126.234,0,0.0,0.0,189.712755,0.0,❌ 震荡 (Gap 1.6 < 10),126.234,126.214,1.6,0
1766385480.2079568,2025-12-22 06:38:00,2025-12-22 14:38:00,BarData,126.149,0,0.0,0.0,189.712755,0.0,❌ 震荡 (Gap 5.0 < 10),126.149,126.212,5.0,0
1766385540.2467113,2025-12-22 06:39:00,2025-12-22 14:39:00,BarData,126.157,0,0.0,0.0,189.712755,0.0,❌ 震荡 (Gap 4.2 < 10),126.157,126.210,4.2,0
1766385600.2213452,2025-12-22 06:40:00,2025-12-22 14:40:00,BarData,126.098,0,0.0,0.0,189.712755,0.0,❌ 震荡 (Gap 8.6 < 10),126.098,126.207,8.6,0
1766385660.395859,2025-12-22 06:41:00,2025-12-22 14:41:00,BarData,126.134,0,0.0,0.0,189.712755,0.0,❌ 震荡 (Gap 5.6 < 10),126.134,126.204,5.6,0
1766385720.580922,2025-12-22 06:42:00,2025-12-22 14:42:00,BarData,126.234,0,0.0,0.0,189.712755,0.0,❌ 震荡 (Gap 2.3 < 10),126.234,126.205,2.3,0
1766385780.5938416,2025-12-22 06:43:00,2025-12-22 14:43:00,BarData,126.243,0,0.0,0.0,189.712755,0.0,❌ 震荡 (Gap 2.9 < 10),126.243,126.206,2.9,0
1766385840.2524345,2025-12-22 06:44:00,2025-12-22 14:44:00,BarData,126.237,0,0.0,0.0,189.712755,0.0,❌ 震荡 (Gap 2.3 < 10),126.237,126.207,2.3,0
1766385900.5098815,2025-12-22 06:45:00,2025-12-22 14:45:00,BarData,126.263,0,0.0,0.0,189.712755,0.0,❌ 震荡 (Gap 4.3 < 10),126.263,126.209,4.3,0
1766385960.20507,2025-12-22 06:46:00,2025-12-22 14:46:00,BarData,126.181,0,0.0,0.0,189.712755,0.0,❌ 震荡 (Gap 2.2 < 10),126.181,126.208,2.2,0
1766386020.2568045,2025-12-22 06:47:00,2025-12-22 14:47:00,BarData,126.132,0,0.0,0.0,189.712755,0.0,❌ 震荡 (Gap 5.9 < 10),126.132,126.206,5.9,0
1766386080.535269,2025-12-22 06:48:00,2025-12-22 14:48:00,BarData,126.092,0,0.0,0.0,189.712755,0.0,❌ 震荡 (Gap 8.7 < 10),126.092,126.202,8.7,0
1766386140.4821358,2025-12-22 06:49:00,2025-12-22 14:49:00,BarData,126.083,0,0.0,0.0,189.712755,0.0,❌ 震荡 (Gap 9.1 < 10),126.083,126.198,9.1,0
1766386200.3228436,2025-12-22 06:50:00,2025-12-22 14:50:00,BarData,126.022,0,0.0,0.0,189.712755,0.0,✅ 触发交易,126.022,126.192,13.5,-1
1766386204.2264845,2025-12-22 06:50:04,2025-12-22 14:50:04,Strategy_Open,126.022,1.0,0,-1.0,189.69275499999998,0.0,Strategy_Signal,126.022,126.192,13.5,-1
1766386260.4172578,2025-12-22 06:51:00,2025-12-22 14:51:00,BarData,125.92,0,-1.0,-1.0,189.773755,0.0,✅ 触发交易,125.920,126.183,20.9,-1
1766386320.2087255,2025-12-22 06:52:00,2025-12-22 14:52:00,BarData,125.82,0,-1.0,-1.0,189.78775499999998,0.0,✅ 触发交易,125.820,126.172,27.9,-1
1766386380.152091,2025-12-22 06:53:00,2025-12-22 14:53:00,BarData,125.881,0,-1.0,-1.0,189.810755,0.0,✅ 触发交易,125.881,126.162,22.3,-1
1766386440.1167915,2025-12-22 06:54:00,2025-12-22 14:54:00,BarData,125.895,0,-1.0,-1.0,189.772755,0.0,✅ 触发交易,125.895,126.153,20.5,-1
1766386500.4954545,2025-12-22 06:55:00,2025-12-22 14:55:00,BarData,125.995,0,-1.0,-1.0,189.732755,0.0,✅ 触发交易,125.995,126.148,12.1,-1
1766386560.5659208,2025-12-22 06:56:00,2025-12-22 14:56:00,BarData,125.908,0,-1.0,-1.0,189.77675499999998,0.0,✅ 触发交易,125.908,126.140,18.4,-1
1766386620.422573,2025-12-22 06:57:00,2025-12-22 14:57:00,BarData,125.882,0,-1.0,-1.0,189.81875499999998,0.0,✅ 触发交易,125.882,126.132,19.8,-1
1766386680.479864,2025-12-22 06:58:00,2025-12-22 14:58:00,BarData,125.846,0,-1.0,-1.0,189.845755,0.0,✅ 触发交易,125.846,126.122,22.0,-1
1766386740.3765078,2025-12-22 06:59:00,2025-12-22 14:59:00,BarData,125.793,0,-1.0,-1.0,189.91275499999998,0.0,✅ 触发交易,125.793,126.112,25.3,-1
1766386800.6095324,2025-12-22 07:00:00,2025-12-22 15:00:00,BarData,125.634,0,-1.0,-1.0,190.036755,0.0,✅ 触发交易,125.634,126.096,36.8,-1
1766386860.3014538,2025-12-22 07:01:00,2025-12-22 15:01:00,BarData,125.743,0,-1.0,-1.0,190.03249699999998,0.0,✅ 触发交易,125.743,126.084,27.1,-1
1766386920.3346283,2025-12-22 07:02:00,2025-12-22 15:02:00,BarData,125.768,0,-1.0,-1.0,189.93149699999998,0.0,✅ 触发交易,125.768,126.074,24.3,-1
1766386980.5474896,2025-12-22 07:03:00,2025-12-22 15:03:00,BarData,125.791,0,-1.0,-1.0,189.89649699999998,0.0,✅ 触发交易,125.791,126.065,21.8,-1
1766387040.164333,2025-12-22 07:04:00,2025-12-22 15:04:00,BarData,125.863,0,-1.0,-1.0,189.857497,0.0,✅ 触发交易,125.863,126.058,15.5,-1
1766387100.4376328,2025-12-22 07:05:00,2025-12-22 15:05:00,BarData,125.895,0,-1.0,-1.0,189.81849699999998,0.0,✅ 触发交易,125.895,126.053,12.5,-1
1766387160.091678,2025-12-22 07:06:00,2025-12-22 15:06:00,BarData,125.815,0,-1.0,-1.0,189.897497,0.0,✅ 触发交易,125.815,126.045,18.3,-1
1766387221.3968523,2025-12-22 07:07:01,2025-12-22 15:07:01,SL,126.148,1.0,-1.0,0.0,189.559298,0.0,🛡️ 止损 (-1.12%),125.815,126.045,18.3,-1
1766387221.3971362,2025-12-22 07:07:01,2025-12-22 15:07:01,PnlRecord,126.148,0,0,0,189.61549699999998,-1.118985453189038,空,125.815,126.045,18.3,-1
1766387224.369856,2025-12-22 07:07:04,2025-12-22 15:07:04,BarData,126.163,0,0.0,0.0,189.559298,0.0,❌ 震荡 (Gap 9.1 < 10),126.163,126.049,9.1,0
1766387280.6043372,2025-12-22 07:08:00,2025-12-22 15:08:00,BarData,126.151,0,0.0,0.0,189.559298,0.0,❌ 震荡 (Gap 7.8 < 10),126.151,126.052,7.8,0
1766387340.315687,2025-12-22 07:09:00,2025-12-22 15:09:00,BarData,126.258,0,0.0,0.0,189.559298,0.0,✅ 触发交易,126.258,126.059,15.8,1
1766387344.197428,2025-12-22 07:09:04,2025-12-22 15:09:04,Strategy_Open,126.258,1.0,0,1.0,189.551298,0.0,Strategy_Signal,126.258,126.059,15.8,1
1766387400.32468,2025-12-22 07:10:00,2025-12-22 15:10:00,BarData,126.295,0,1.0,1.0,189.634298,0.0,✅ 触发交易,126.295,126.067,18.1,1
1766387460.2102914,2025-12-22 07:11:00,2025-12-22 15:11:00,BarData,126.301,0,1.0,1.0,189.63329800000002,0.0,✅ 触发交易,126.301,126.074,17.9,1
1766387520.4334352,2025-12-22 07:12:00,2025-12-22 15:12:00,BarData,126.395,0,1.0,1.0,189.699298,0.0,✅ 触发交易,126.395,126.085,24.5,1
1766387580.5238972,2025-12-22 07:13:00,2025-12-22 15:13:00,BarData,126.353,0,1.0,1.0,189.693298,0.0,✅ 触发交易,126.353,126.094,20.5,1
1766387640.1890807,2025-12-22 07:14:00,2025-12-22 15:14:00,BarData,126.394,0,1.0,1.0,189.73429800000002,0.0,✅ 触发交易,126.394,126.103,23.0,1
1766387700.3309636,2025-12-22 07:15:00,2025-12-22 15:15:00,BarData,126.418,0,1.0,1.0,189.75729800000002,0.0,✅ 触发交易,126.418,126.114,24.1,1
1766387760.4350102,2025-12-22 07:16:00,2025-12-22 15:16:00,BarData,126.378,0,1.0,1.0,189.735298,0.0,✅ 触发交易,126.378,126.122,20.2,1
1766387820.3300767,2025-12-22 07:17:00,2025-12-22 15:17:00,BarData,126.391,0,1.0,1.0,189.70929800000002,0.0,✅ 触发交易,126.391,126.131,20.5,1
1766387880.4127731,2025-12-22 07:18:00,2025-12-22 15:18:00,BarData,126.358,0,1.0,1.0,189.689298,0.0,✅ 触发交易,126.358,126.139,17.4,1
1766387940.3831377,2025-12-22 07:19:00,2025-12-22 15:19:00,BarData,126.325,0,1.0,1.0,189.737298,0.0,✅ 触发交易,126.325,126.145,14.3,1
1766388000.5087695,2025-12-22 07:20:00,2025-12-22 15:20:00,BarData,126.293,0,1.0,1.0,189.642298,0.0,✅ 触发交易,126.293,126.150,11.3,1
1766388060.5206587,2025-12-22 07:21:00,2025-12-22 15:21:00,BarData,126.317,0,1.0,1.0,189.659298,0.0,✅ 触发交易,126.317,126.155,12.8,1
1766388120.4959052,2025-12-22 07:22:00,2025-12-22 15:22:00,BarData,126.26,0,1.0,1.0,189.62129800000002,0.0,❌ 震荡 (Gap 8.0 < 10),126.260,126.159,8.0,0
1766388121.1878967,2025-12-22 07:22:01,2025-12-22 15:22:01,PnlRecord,126.26,0,0,0,189.62129800000002,0.3169069877991305,多,126.260,126.159,8.0,0
1766388121.5348358,2025-12-22 07:22:01,2025-12-22 15:22:01,CloseSignal,126.26,1.0,1.0,0,189.62129800000002,0.0,Strategy_TrendEnd,126.260,126.159,8.0,0
1766388180.4967458,2025-12-22 07:23:00,2025-12-22 15:23:00,BarData,126.406,0,0.0,0.0,189.605298,0.0,✅ 触发交易,126.406,126.167,18.9,1
1766388184.3591728,2025-12-22 07:23:04,2025-12-22 15:23:04,Strategy_Open,126.406,1.0,0,1.0,189.603298,0.0,Strategy_Signal,126.406,126.167,18.9,1
1766388244.2146673,2025-12-22 07:24:04,2025-12-22 15:24:04,SL,126.278,1.0,1.0,0.0,189.458298,0.0,🛡️ 止损 (-1.02%),126.406,126.167,18.9,1
1766388244.2150877,2025-12-22 07:24:04,2025-12-22 15:24:04,PnlRecord,126.278,0,0,0,189.516298,-1.0205131044957216,多,126.406,126.167,18.9,1
1766388246.5644898,2025-12-22 07:24:06,2025-12-22 15:24:06,BarData,126.278,0,0.0,0.0,189.458298,0.0,❌ 震荡 (Gap 8.5 < 10),126.278,126.170,8.5,0
1766388300.711609,2025-12-22 07:25:00,2025-12-22 15:25:00,BarData,126.312,0,0.0,0.0,189.458298,0.0,✅ 触发交易,126.312,126.175,10.8,1
1766388304.247871,2025-12-22 07:25:04,2025-12-22 15:25:04,Strategy_Open,126.312,1.0,0,1.0,189.45529800000003,0.0,Strategy_Signal,126.312,126.175,10.8,1
1766388360.5927927,2025-12-22 07:26:00,2025-12-22 15:26:00,BarData,126.309,0,1.0,1.0,189.45329800000002,0.0,✅ 触发交易,126.309,126.179,10.3,1
1766388420.3804526,2025-12-22 07:27:00,2025-12-22 15:27:00,BarData,126.299,0,1.0,1.0,189.446298,0.0,❌ 震荡 (Gap 9.2 < 10),126.299,126.183,9.2,0
1766388421.0633402,2025-12-22 07:27:01,2025-12-22 15:27:01,PnlRecord,126.299,0,0,0,189.446298,-0.10291975425922334,多,126.299,126.183,9.2,0
1766388421.4245238,2025-12-22 07:27:01,2025-12-22 15:27:01,CloseSignal,126.299,1.0,1.0,0,189.446298,0.0,Strategy_TrendEnd,126.299,126.183,9.2,0
1766388480.2328808,2025-12-22 07:28:00,2025-12-22 15:28:00,BarData,126.353,0,0.0,0.0,189.44046,0.0,✅ 触发交易,126.353,126.189,13.0,1
1766388484.0861857,2025-12-22 07:28:04,2025-12-22 15:28:04,Strategy_Open,126.353,1.0,0,1.0,189.41046,0.0,Strategy_Signal,126.353,126.189,13.0,1
1766388540.4667938,2025-12-22 07:29:00,2025-12-22 15:29:00,BarData,126.267,0,1.0,1.0,189.34946,0.0,❌ 震荡 (Gap 6.0 < 10),126.267,126.191,6.0,0
1766388541.186725,2025-12-22 07:29:01,2025-12-22 15:29:01,PnlRecord,126.267,0,0,0,189.34946,-0.7201760078507746,多,126.267,126.191,6.0,0
1766388541.6310241,2025-12-22 07:29:01,2025-12-22 15:29:01,CloseSignal,126.267,1.0,1.0,0,189.34946,0.0,Strategy_TrendEnd,126.267,126.191,6.0,0
1766388600.6755743,2025-12-22 07:30:00,2025-12-22 15:30:00,BarData,126.292,0,0.0,0.0,189.34846,0.0,❌ 震荡 (Gap 7.7 < 10),126.292,126.195,7.7,0
1766388660.169782,2025-12-22 07:31:00,2025-12-22 15:31:00,BarData,126.262,0,0.0,0.0,189.34846,0.0,❌ 震荡 (Gap 5.2 < 10),126.262,126.197,5.2,0
1766388720.177902,2025-12-22 07:32:00,2025-12-22 15:32:00,BarData,126.253,0,0.0,0.0,189.34846,0.0,❌ 震荡 (Gap 4.3 < 10),126.253,126.199,4.3,0
1766388780.3754785,2025-12-22 07:33:00,2025-12-22 15:33:00,BarData,126.321,0,0.0,0.0,189.34846,0.0,❌ 震荡 (Gap 9.4 < 10),126.321,126.203,9.4,0
1766388840.4985218,2025-12-22 07:34:00,2025-12-22 15:34:00,BarData,126.311,0,0.0,0.0,189.34846,0.0,❌ 震荡 (Gap 8.3 < 10),126.311,126.206,8.3,0
1766388900.127378,2025-12-22 07:35:00,2025-12-22 15:35:00,BarData,126.294,0,0.0,0.0,189.34846,0.0,❌ 震荡 (Gap 6.7 < 10),126.294,126.209,6.7,0
1766388960.321512,2025-12-22 07:36:00,2025-12-22 15:36:00,BarData,126.245,0,0.0,0.0,189.34846,0.0,❌ 震荡 (Gap 2.7 < 10),126.245,126.210,2.7,0
1766389020.2578912,2025-12-22 07:37:00,2025-12-22 15:37:00,BarData,126.223,0,0.0,0.0,189.34846,0.0,❌ 震荡 (Gap 1.0 < 10),126.223,126.211,1.0,0
1766389080.66833,2025-12-22 07:38:00,2025-12-22 15:38:00,BarData,126.214,0,0.0,0.0,189.34846,0.0,❌ 震荡 (Gap 0.2 < 10),126.214,126.211,0.2,0
1766389140.5326948,2025-12-22 07:39:00,2025-12-22 15:39:00,BarData,126.181,0,0.0,0.0,189.34846,0.0,❌ 震荡 (Gap 2.3 < 10),126.181,126.210,2.3,0
1766389200.4801476,2025-12-22 07:40:00,2025-12-22 15:40:00,BarData,126.095,0,0.0,0.0,189.34846,0.0,❌ 震荡 (Gap 8.8 < 10),126.095,126.206,8.8,0
1766389260.4165654,2025-12-22 07:41:00,2025-12-22 15:41:00,BarData,126.15,0,0.0,0.0,189.34846,0.0,❌ 震荡 (Gap 4.3 < 10),126.150,126.204,4.3,0
1766389320.2304943,2025-12-22 07:42:00,2025-12-22 15:42:00,BarData,126.146,0,0.0,0.0,189.34846,0.0,❌ 震荡 (Gap 4.5 < 10),126.146,126.202,4.5,0
1766389380.4215667,2025-12-22 07:43:00,2025-12-22 15:43:00,BarData,126.267,0,0.0,0.0,189.34846,0.0,❌ 震荡 (Gap 4.9 < 10),126.267,126.205,4.9,0
1766389440.5381913,2025-12-22 07:44:00,2025-12-22 15:44:00,BarData,126.317,0,0.0,0.0,189.34846,0.0,❌ 震荡 (Gap 8.6 < 10),126.317,126.208,8.6,0
1766389500.4160738,2025-12-22 07:45:00,2025-12-22 15:45:00,BarData,126.284,0,0.0,0.0,189.34846,0.0,❌ 震荡 (Gap 5.8 < 10),126.284,126.211,5.8,0
1766389560.5440648,2025-12-22 07:46:00,2025-12-22 15:46:00,BarData,126.261,0,0.0,0.0,189.34846,0.0,❌ 震荡 (Gap 3.9 < 10),126.261,126.212,3.9,0
1766389620.6115887,2025-12-22 07:47:00,2025-12-22 15:47:00,BarData,126.216,0,0.0,0.0,189.34846,0.0,❌ 震荡 (Gap 0.3 < 10),126.216,126.212,0.3,0
1766389680.5531032,2025-12-22 07:48:00,2025-12-22 15:48:00,BarData,126.255,0,0.0,0.0,189.34846,0.0,❌ 震荡 (Gap 3.3 < 10),126.255,126.214,3.3,0
1766389740.1292086,2025-12-22 07:49:00,2025-12-22 15:49:00,BarData,126.32,0,0.0,0.0,189.34846,0.0,❌ 震荡 (Gap 8.1 < 10),126.320,126.217,8.1,0
1766389800.5135028,2025-12-22 07:50:00,2025-12-22 15:50:00,BarData,126.228,0,0.0,0.0,189.34846,0.0,❌ 震荡 (Gap 0.8 < 10),126.228,126.218,0.8,0
1766389860.384505,2025-12-22 07:51:00,2025-12-22 15:51:00,BarData,126.196,0,0.0,0.0,189.34846,0.0,❌ 震荡 (Gap 1.7 < 10),126.196,126.217,1.7,0
1766389920.3334951,2025-12-22 07:52:00,2025-12-22 15:52:00,BarData,126.266,0,0.0,0.0,189.34846,0.0,❌ 震荡 (Gap 3.8 < 10),126.266,126.219,3.8,0
1766389980.2436426,2025-12-22 07:53:00,2025-12-22 15:53:00,BarData,126.172,0,0.0,0.0,189.34846,0.0,❌ 震荡 (Gap 3.6 < 10),126.172,126.217,3.6,0
1766390040.4570215,2025-12-22 07:54:00,2025-12-22 15:54:00,BarData,126.157,0,0.0,0.0,189.34846,0.0,❌ 震荡 (Gap 4.6 < 10),126.157,126.215,4.6,0
1766390100.2182372,2025-12-22 07:55:00,2025-12-22 15:55:00,BarData,126.179,0,0.0,0.0,189.34846,0.0,❌ 震荡 (Gap 2.8 < 10),126.179,126.214,2.8,0
1766390160.3713455,2025-12-22 07:56:00,2025-12-22 15:56:00,BarData,126.184,0,0.0,0.0,189.34846,0.0,❌ 震荡 (Gap 2.3 < 10),126.184,126.213,2.3,0
1766390220.35886,2025-12-22 07:57:00,2025-12-22 15:57:00,BarData,126.183,0,0.0,0.0,189.34846,0.0,❌ 震荡 (Gap 2.3 < 10),126.183,126.212,2.3,0
1766390280.545593,2025-12-22 07:58:00,2025-12-22 15:58:00,BarData,126.172,0,0.0,0.0,189.34846,0.0,❌ 震荡 (Gap 3.1 < 10),126.172,126.211,3.1,0
1766390340.4977202,2025-12-22 07:59:00,2025-12-22 15:59:00,BarData,126.283,0,0.0,0.0,189.34846,0.0,❌ 震荡 (Gap 5.5 < 10),126.283,126.213,5.5,0
1766390400.2469664,2025-12-22 08:00:00,2025-12-22 16:00:00,BarData,126.222,0,0.0,0.0,189.34846,0.0,❌ 震荡 (Gap 0.7 < 10),126.222,126.213,0.7,0
1766390460.3961744,2025-12-22 08:01:00,2025-12-22 16:01:00,BarData,126.334,0,0.0,0.0,189.34846,0.0,❌ 震荡 (Gap 9.2 < 10),126.334,126.217,9.2,0
1766390520.56607,2025-12-22 08:02:00,2025-12-22 16:02:00,BarData,126.446,0,0.0,0.0,189.34846,0.0,✅ 触发交易,126.446,126.225,17.5,1
1766390524.4435873,2025-12-22 08:02:04,2025-12-22 16:02:04,Strategy_Open,126.446,1.0,0,1.0,189.34346,0.0,Strategy_Signal,126.446,126.225,17.5,1
1766390580.5112827,2025-12-22 08:03:00,2025-12-22 16:03:00,BarData,126.429,0,1.0,1.0,189.30246,0.0,✅ 触发交易,126.429,126.231,15.6,1
1766390640.300152,2025-12-22 08:04:00,2025-12-22 16:04:00,BarData,126.44,0,1.0,1.0,189.36246,0.0,✅ 触发交易,126.440,126.238,16.0,1
1766390675.3296218,2025-12-22 08:04:35,2025-12-22 16:04:35,SL,126.338,1.0,1.0,0.0,189.22046,0.0,🛡️ 止损 (-1.01%),126.440,126.238,16.0,1
1766390675.329949,2025-12-22 08:04:35,2025-12-22 16:04:35,PnlRecord,126.338,0,0,0,189.23245999999997,-1.0121297423813524,多,126.440,126.238,16.0,1
1766390700.5523362,2025-12-22 08:05:00,2025-12-22 16:05:00,BarData,126.398,0,0.0,0.0,189.22046,0.0,✅ 触发交易,126.398,126.244,12.2,1
1766390704.0967104,2025-12-22 08:05:04,2025-12-22 16:05:04,Strategy_Open,126.398,1.0,0,1.0,189.18946,0.0,Strategy_Signal,126.398,126.244,12.2,1
1766390760.1595166,2025-12-22 08:06:00,2025-12-22 16:06:00,BarData,126.449,0,1.0,1.0,189.23946,0.0,✅ 触发交易,126.449,126.250,15.7,1
1766390820.124873,2025-12-22 08:07:00,2025-12-22 16:07:00,BarData,126.339,0,1.0,1.0,189.15246,0.0,❌ 震荡 (Gap 6.8 < 10),126.339,126.253,6.8,0
1766390820.8184583,2025-12-22 08:07:00,2025-12-22 16:07:00,PnlRecord,126.339,0,0,0,189.15246,-0.4746872997413134,多,126.339,126.253,6.8,0
1766390821.1680288,2025-12-22 08:07:01,2025-12-22 16:07:01,CloseSignal,126.339,1.0,1.0,0,189.15246,0.0,Strategy_TrendEnd,126.339,126.253,6.8,0
1766390880.6114755,2025-12-22 08:08:00,2025-12-22 16:08:00,BarData,126.281,0,0.0,0.0,189.15646,0.0,❌ 震荡 (Gap 2.1 < 10),126.281,126.254,2.1,0
1766390940.2994118,2025-12-22 08:09:00,2025-12-22 16:09:00,BarData,126.134,0,0.0,0.0,189.15646,0.0,❌ 震荡 (Gap 9.2 < 10),126.134,126.250,9.2,0
1766391000.408987,2025-12-22 08:10:00,2025-12-22 16:10:00,BarData,126.164,0,0.0,0.0,189.15646,0.0,❌ 震荡 (Gap 6.6 < 10),126.164,126.247,6.6,0
1766391060.483294,2025-12-22 08:11:00,2025-12-22 16:11:00,BarData,126.122,0,0.0,0.0,189.15646,0.0,❌ 震荡 (Gap 9.6 < 10),126.122,126.243,9.6,0
1766391120.0879688,2025-12-22 08:12:00,2025-12-22 16:12:00,BarData,126.125,0,0.0,0.0,189.15646,0.0,❌ 震荡 (Gap 9.1 < 10),126.125,126.239,9.1,0
1766391180.4116035,2025-12-22 08:13:00,2025-12-22 16:13:00,BarData,126.031,0,0.0,0.0,189.15646,0.0,✅ 触发交易,126.031,126.233,16.0,-1
1766391184.2992568,2025-12-22 08:13:04,2025-12-22 16:13:04,Strategy_Open,126.031,1.0,0,-1.0,189.15946,0.0,Strategy_Signal,126.031,126.233,16.0,-1
1766391240.6120863,2025-12-22 08:14:00,2025-12-22 16:14:00,BarData,126.083,0,-1.0,-1.0,189.11946,0.0,✅ 触发交易,126.083,126.228,11.5,-1
1766391300.168807,2025-12-22 08:15:00,2025-12-22 16:15:00,BarData,126.147,0,-1.0,-1.0,189.06446,0.0,❌ 震荡 (Gap 6.2 < 10),126.147,126.225,6.2,0
1766391300.5299695,2025-12-22 08:15:00,2025-12-22 16:15:00,PnlRecord,126.147,0,0,0,189.06446,-0.8648185467875472,空,126.147,126.225,6.2,0
1766391300.904135,2025-12-22 08:15:00,2025-12-22 16:15:00,CloseSignal,126.147,1.0,-1.0,0,189.06446,0.0,Strategy_TrendEnd,126.147,126.225,6.2,0
1766391360.1528919,2025-12-22 08:16:00,2025-12-22 16:16:00,BarData,126.175,0,0.0,0.0,189.04546,0.0,❌ 震荡 (Gap 3.8 < 10),126.175,126.223,3.8,0
1766391420.2169852,2025-12-22 08:17:00,2025-12-22 16:17:00,BarData,126.305,0,0.0,0.0,189.04546,0.0,❌ 震荡 (Gap 6.3 < 10),126.305,126.226,6.3,0
1766391480.2705975,2025-12-22 08:18:00,2025-12-22 16:18:00,BarData,126.4,0,0.0,0.0,189.04546,0.0,✅ 触发交易,126.400,126.232,13.3,1
1766391484.1235902,2025-12-22 08:18:04,2025-12-22 16:18:04,Strategy_Open,126.4,1.0,0,1.0,189.04345999999998,0.0,Strategy_Signal,126.400,126.232,13.3,1
1766391540.7840579,2025-12-22 08:19:00,2025-12-22 16:19:00,BarData,126.5,0,1.0,1.0,189.11445999999998,0.0,✅ 触发交易,126.500,126.241,20.5,1
1766391600.4800475,2025-12-22 08:20:00,2025-12-22 16:20:00,BarData,126.71,0,1.0,1.0,189.25546,0.0,✅ 触发交易,126.710,126.256,35.8,1
1766391660.3832374,2025-12-22 08:21:00,2025-12-22 16:21:00,BarData,126.847,0,1.0,1.0,189.50946,0.0,✅ 触发交易,126.847,126.275,45.1,1
1766391668.5954964,2025-12-22 08:21:08,2025-12-22 16:21:08,TP,127.075,1.0,1.0,0.0,189.78546,0.0,🚀 止盈 (+5.13%),126.847,126.275,45.1,1
1766391668.595799,2025-12-22 08:21:08,2025-12-22 16:21:08,PnlRecord,127.075,0,0,0,189.61445999999998,5.1334377422365725,多,126.847,126.275,45.1,1
1766391720.3226721,2025-12-22 08:22:00,2025-12-22 16:22:00,BarData,127.107,0,0.0,0.0,189.78546,0.0,✅ 触发交易,127.107,126.303,63.3,1
1766391724.182081,2025-12-22 08:22:04,2025-12-22 16:22:04,Strategy_Open,127.107,1.0,0,1.0,189.72246,0.0,Strategy_Signal,127.107,126.303,63.3,1
1766391766.163153,2025-12-22 08:22:46,2025-12-22 16:22:46,SL,126.924,1.0,1.0,0.0,189.582703,0.0,🛡️ 止损 (-1.32%),127.107,126.303,63.3,1
1766391766.163472,2025-12-22 08:22:46,2025-12-22 16:22:46,PnlRecord,126.924,0,0,0,189.68446,-1.321877065432853,多,127.107,126.303,63.3,1
1766391780.3713317,2025-12-22 08:23:00,2025-12-22 16:23:00,BarData,126.886,0,0.0,0.0,189.582703,0.0,✅ 触发交易,126.886,126.322,44.5,1
1766391784.2835534,2025-12-22 08:23:04,2025-12-22 16:23:04,Strategy_Open,126.886,1.0,0,1.0,189.57870300000002,0.0,Strategy_Signal,126.886,126.322,44.5,1
1766391840.2978356,2025-12-22 08:24:00,2025-12-22 16:24:00,BarData,126.93,0,1.0,1.0,189.588703,0.0,✅ 触发交易,126.930,126.342,46.4,1
1766391900.1028502,2025-12-22 08:25:00,2025-12-22 16:25:00,BarData,126.828,0,1.0,1.0,189.615703,0.0,✅ 触发交易,126.828,126.358,37.1,1
1766391960.6665635,2025-12-22 08:26:00,2025-12-22 16:26:00,BarData,127.041,0,1.0,1.0,189.69170300000002,0.0,✅ 触发交易,127.041,126.380,52.0,1
1766392020.5046594,2025-12-22 08:27:00,2025-12-22 16:27:00,BarData,127.082,0,1.0,1.0,189.80470300000002,0.0,✅ 触发交易,127.082,126.403,53.4,1
1766392080.549516,2025-12-22 08:28:00,2025-12-22 16:28:00,BarData,127.14,0,1.0,1.0,189.854703,0.0,✅ 触发交易,127.140,126.427,56.1,1
1766392140.527761,2025-12-22 08:29:00,2025-12-22 16:29:00,BarData,127.248,0,1.0,1.0,189.927703,0.0,✅ 触发交易,127.248,126.454,62.4,1
1766392200.0862377,2025-12-22 08:30:00,2025-12-22 16:30:00,BarData,127.203,0,1.0,1.0,189.856703,0.0,✅ 触发交易,127.203,126.479,56.9,1
1766392260.0893168,2025-12-22 08:31:00,2025-12-22 16:31:00,BarData,127.268,0,1.0,1.0,189.987703,0.0,✅ 触发交易,127.268,126.505,60.0,1
1766392320.618977,2025-12-22 08:32:00,2025-12-22 16:32:00,BarData,127.292,0,1.0,1.0,189.999703,0.0,✅ 触发交易,127.292,126.530,59.8,1
1766392380.1020527,2025-12-22 08:33:00,2025-12-22 16:33:00,BarData,127.007,0,1.0,1.0,189.725703,0.0,✅ 触发交易,127.007,126.546,36.3,1
1766392440.5351777,2025-12-22 08:34:00,2025-12-22 16:34:00,BarData,127.035,0,1.0,1.0,189.723703,0.0,✅ 触发交易,127.035,126.562,37.2,1
1766392500.7790174,2025-12-22 08:35:00,2025-12-22 16:35:00,BarData,126.908,0,1.0,1.0,189.605703,0.0,✅ 触发交易,126.908,126.573,26.4,1
1766392560.541297,2025-12-22 08:36:00,2025-12-22 16:36:00,BarData,126.846,0,1.0,1.0,189.509703,0.0,✅ 触发交易,126.846,126.582,20.8,1
1766392592.9907184,2025-12-22 08:36:32,2025-12-22 16:36:32,SL,126.756,1.0,1.0,0.0,189.450703,0.0,🛡️ 止损 (-1.03%),126.846,126.582,20.8,1
1766392592.991075,2025-12-22 08:36:32,2025-12-22 16:36:32,PnlRecord,126.756,0,0,0,189.52570300000002,-1.0324146681693176,多,126.846,126.582,20.8,1
1766392620.516417,2025-12-22 08:37:00,2025-12-22 16:37:00,BarData,126.831,0,0.0,0.0,189.450703,0.0,✅ 触发交易,126.831,126.590,19.0,1
1766392624.3929613,2025-12-22 08:37:04,2025-12-22 16:37:04,Strategy_Open,126.831,1.0,0,1.0,189.452703,0.0,Strategy_Signal,126.831,126.590,19.0,1
1766392680.4574573,2025-12-22 08:38:00,2025-12-22 16:38:00,BarData,126.844,0,1.0,1.0,189.445703,0.0,✅ 触发交易,126.844,126.599,19.3,1
1766392740.397097,2025-12-22 08:39:00,2025-12-22 16:39:00,BarData,126.817,0,1.0,1.0,189.413703,0.0,✅ 触发交易,126.817,126.606,16.6,1
1766392801.1351938,2025-12-22 08:40:01,2025-12-22 16:40:01,BarData,126.819,0,1.0,1.0,189.420703,0.0,✅ 触发交易,126.819,126.613,16.3,1
1766392860.3706622,2025-12-22 08:41:00,2025-12-22 16:41:00,BarData,126.871,0,1.0,1.0,189.496703,0.0,✅ 触发交易,126.871,126.621,19.7,1
1766392920.420172,2025-12-22 08:42:00,2025-12-22 16:42:00,BarData,126.91,0,1.0,1.0,189.527703,0.0,✅ 触发交易,126.910,126.631,22.0,1
1766392980.3283727,2025-12-22 08:43:00,2025-12-22 16:43:00,BarData,126.859,0,1.0,1.0,189.472703,0.0,✅ 触发交易,126.859,126.638,17.4,1
1766393040.4496353,2025-12-22 08:44:00,2025-12-22 16:44:00,BarData,126.777,0,1.0,1.0,189.401703,0.0,✅ 触发交易,126.777,126.643,10.6,1
1766393101.510263,2025-12-22 08:45:01,2025-12-22 16:45:01,BarData,126.815,0,1.0,1.0,189.418703,0.0,✅ 触发交易,126.815,126.648,13.1,1
1766393160.5043032,2025-12-22 08:46:00,2025-12-22 16:46:00,BarData,126.891,0,1.0,1.0,189.481703,0.0,✅ 触发交易,126.891,126.656,18.5,1
1766393220.2489355,2025-12-22 08:47:00,2025-12-22 16:47:00,BarData,126.799,0,1.0,1.0,189.452703,0.0,✅ 触发交易,126.799,126.661,10.9,1
1766393279.109191,2025-12-22 08:47:59,2025-12-22 16:47:59,SL,126.72,1.0,1.0,0.0,189.322703,0.0,🛡️ 止损 (-1.01%),126.799,126.661,10.9,1
1766393279.1095371,2025-12-22 08:47:59,2025-12-22 16:47:59,PnlRecord,126.72,0,0,0,189.35770300000001,-1.0090817356205861,多,126.799,126.661,10.9,1
1766393282.546234,2025-12-22 08:48:02,2025-12-22 16:48:02,BarData,126.679,0,0.0,0.0,189.322703,0.0,❌ 震荡 (Gap 1.4 < 10),126.679,126.662,1.4,0
1766393340.368277,2025-12-22 08:49:00,2025-12-22 16:49:00,BarData,126.59,0,0.0,0.0,189.322703,0.0,❌ 震荡 (Gap 5.5 < 10),126.590,126.659,5.5,0
1766393401.646873,2025-12-22 08:50:01,2025-12-22 16:50:01,BarData,126.533,0,0.0,0.0,189.322703,0.0,❌ 震荡 (Gap 9.7 < 10),126.533,126.655,9.7,0
1766393460.4542384,2025-12-22 08:51:00,2025-12-22 16:51:00,BarData,126.357,0,0.0,0.0,189.322703,0.0,✅ 触发交易,126.357,126.645,22.8,-1
1766393464.3118243,2025-12-22 08:51:04,2025-12-22 16:51:04,Strategy_Open,126.357,1.0,0,-1.0,189.30432499999998,0.0,Strategy_Signal,126.357,126.645,22.8,-1
1766393520.5669641,2025-12-22 08:52:00,2025-12-22 16:52:00,BarData,126.204,0,-1.0,-1.0,189.445325,0.0,✅ 触发交易,126.204,126.631,33.8,-1
1766393580.3753924,2025-12-22 08:53:00,2025-12-22 16:53:00,BarData,126.266,0,-1.0,-1.0,189.37132499999998,0.0,✅ 触发交易,126.266,126.619,28.0,-1
1766393640.2387352,2025-12-22 08:54:00,2025-12-22 16:54:00,BarData,126.143,0,-1.0,-1.0,189.433325,0.0,✅ 触发交易,126.143,126.603,36.5,-1
1766393702.0521426,2025-12-22 08:55:02,2025-12-22 16:55:02,BarData,126.102,0,-1.0,-1.0,189.575325,0.0,✅ 触发交易,126.102,126.587,38.5,-1
1766393760.5070431,2025-12-22 08:56:00,2025-12-22 16:56:00,BarData,126.021,0,-1.0,-1.0,189.60932499999998,0.0,✅ 触发交易,126.021,126.568,43.4,-1
1766393820.26954,2025-12-22 08:57:00,2025-12-22 16:57:00,BarData,125.822,0,-1.0,-1.0,189.801325,0.0,✅ 触发交易,125.822,126.544,57.4,-1
1766393852.5740378,2025-12-22 08:57:32,2025-12-22 16:57:32,TP,125.55,1.0,-1.0,0.0,190.020571,0.0,🚀 止盈 (+6.22%),125.822,126.544,57.4,-1
1766393852.5743608,2025-12-22 08:57:32,2025-12-22 16:57:32,PnlRecord,125.55,0,0,0,189.82232499999998,6.221504559270528,空,125.822,126.544,57.4,-1
1766393880.5531447,2025-12-22 08:58:00,2025-12-22 16:58:00,BarData,125.739,0,0.0,0.0,190.020571,0.0,✅ 触发交易,125.739,126.518,61.9,-1
1766393884.4261746,2025-12-22 08:58:04,2025-12-22 16:58:04,Strategy_Open,125.739,1.0,0,-1.0,190.00157099999998,0.0,Strategy_Signal,125.739,126.518,61.9,-1
1766393940.2315354,2025-12-22 08:59:00,2025-12-22 16:59:00,BarData,125.647,0,-1.0,-1.0,190.116571,0.0,✅ 触发交易,125.647,126.489,67.0,-1
1766394002.004304,2025-12-22 09:00:02,2025-12-22 17:00:02,BarData,125.568,0,-1.0,-1.0,190.20357099999998,0.0,✅ 触发交易,125.568,126.459,70.9,-1
1766394060.1129842,2025-12-22 09:01:00,2025-12-22 17:01:00,BarData,125.527,0,-1.0,-1.0,190.238078,0.0,✅ 触发交易,125.527,126.428,71.8,-1
1766394120.520015,2025-12-22 09:02:00,2025-12-22 17:02:00,BarData,125.573,0,-1.0,-1.0,190.20307799999998,0.0,✅ 触发交易,125.573,126.400,65.9,-1
1766394180.28476,2025-12-22 09:03:00,2025-12-22 17:03:00,BarData,125.606,0,-1.0,-1.0,190.271078,0.0,✅ 触发交易,125.606,126.374,61.2,-1
1766394240.420164,2025-12-22 09:04:00,2025-12-22 17:04:00,BarData,125.552,0,-1.0,-1.0,190.241078,0.0,✅ 触发交易,125.552,126.347,63.3,-1
1766394302.0668776,2025-12-22 09:05:02,2025-12-22 17:05:02,BarData,125.543,0,-1.0,-1.0,190.236078,0.0,✅ 触发交易,125.543,126.321,62.0,-1
1766394360.2487082,2025-12-22 09:06:00,2025-12-22 17:06:00,BarData,125.632,0,-1.0,-1.0,190.134078,0.0,✅ 触发交易,125.632,126.298,53.0,-1
1766394420.5031114,2025-12-22 09:07:00,2025-12-22 17:07:00,BarData,125.664,0,-1.0,-1.0,190.08407799999998,0.0,✅ 触发交易,125.664,126.277,48.8,-1
1766394480.3267784,2025-12-22 09:08:00,2025-12-22 17:08:00,BarData,125.67,0,-1.0,-1.0,190.07907799999998,0.0,✅ 触发交易,125.670,126.258,46.8,-1
1766394540.3955572,2025-12-22 09:09:00,2025-12-22 17:09:00,BarData,125.74,0,-1.0,-1.0,190.06807799999999,0.0,✅ 触发交易,125.740,126.241,39.8,-1
1766394600.3693178,2025-12-22 09:10:00,2025-12-22 17:10:00,BarData,125.767,0,-1.0,-1.0,190.02507799999998,0.0,✅ 触发交易,125.767,126.225,36.4,-1
1766394661.206909,2025-12-22 09:11:01,2025-12-22 17:11:01,SL,125.879,1.0,-1.0,0.0,189.912079,0.0,🛡️ 止损 (-1.06%),125.767,126.225,36.4,-1
1766394661.2072232,2025-12-22 09:11:01,2025-12-22 17:11:01,PnlRecord,125.879,0,0,0,189.91807799999998,-1.0576877196889747,空,125.767,126.225,36.4,-1
1766394664.130518,2025-12-22 09:11:04,2025-12-22 17:11:04,BarData,125.946,0,0.0,0.0,189.912079,0.0,✅ 触发交易,125.946,126.216,21.4,-1
1766394667.6756957,2025-12-22 09:11:07,2025-12-22 17:11:07,Strategy_Open,125.946,1.0,0,-1.0,189.912079,0.0,Strategy_Signal,125.946,126.216,21.4,-1
1766394720.1027021,2025-12-22 09:12:00,2025-12-22 17:12:00,BarData,125.712,0,-1.0,-1.0,190.131079,0.0,✅ 触发交易,125.712,126.199,38.8,-1
1766394780.3494337,2025-12-22 09:13:00,2025-12-22 17:13:00,BarData,125.809,0,-1.0,-1.0,190.017079,0.0,✅ 触发交易,125.809,126.187,30.0,-1
1766394840.6407409,2025-12-22 09:14:00,2025-12-22 17:14:00,BarData,125.678,0,-1.0,-1.0,190.15907900000002,0.0,✅ 触发交易,125.678,126.170,39.1,-1
1766394900.219749,2025-12-22 09:15:00,2025-12-22 17:15:00,BarData,125.629,0,-1.0,-1.0,190.201079,0.0,✅ 触发交易,125.629,126.152,41.6,-1
1766394960.1047885,2025-12-22 09:16:00,2025-12-22 17:16:00,BarData,125.71,0,-1.0,-1.0,190.112079,0.0,✅ 触发交易,125.710,126.138,34.0,-1
1766395020.3433762,2025-12-22 09:17:00,2025-12-22 17:17:00,BarData,125.881,0,-1.0,-1.0,189.95007900000002,0.0,✅ 触发交易,125.881,126.129,19.7,-1
1766395080.139121,2025-12-22 09:18:00,2025-12-22 17:18:00,BarData,125.893,0,-1.0,-1.0,189.940079,0.0,✅ 触发交易,125.893,126.122,18.2,-1
1766395140.5689025,2025-12-22 09:19:00,2025-12-22 17:19:00,BarData,125.981,0,-1.0,-1.0,189.84907900000002,0.0,✅ 触发交易,125.981,126.117,10.8,-1
1766395200.5610104,2025-12-22 09:20:00,2025-12-22 17:20:00,BarData,125.976,0,-1.0,-1.0,189.828079,0.0,✅ 触发交易,125.976,126.112,10.8,-1
1766395260.4308789,2025-12-22 09:21:00,2025-12-22 17:21:00,BarData,125.947,0,-1.0,-1.0,189.886079,0.0,✅ 触发交易,125.947,126.107,12.7,-1
1766395320.5174334,2025-12-22 09:22:00,2025-12-22 17:22:00,BarData,125.858,0,-1.0,-1.0,189.976079,0.0,✅ 触发交易,125.858,126.099,19.1,-1
1766395380.580964,2025-12-22 09:23:00,2025-12-22 17:23:00,BarData,125.816,0,-1.0,-1.0,189.981079,0.0,✅ 触发交易,125.816,126.089,21.7,-1
1766395440.3920226,2025-12-22 09:24:00,2025-12-22 17:24:00,BarData,125.828,0,-1.0,-1.0,190.002079,0.0,✅ 触发交易,125.828,126.081,20.1,-1
1766395500.1316414,2025-12-22 09:25:00,2025-12-22 17:25:00,BarData,125.751,0,-1.0,-1.0,190.08707900000002,0.0,✅ 触发交易,125.751,126.070,25.4,-1
1766395560.5501287,2025-12-22 09:26:00,2025-12-22 17:26:00,BarData,125.725,0,-1.0,-1.0,190.109079,0.0,✅ 触发交易,125.725,126.059,26.5,-1
1766395620.1037354,2025-12-22 09:27:00,2025-12-22 17:27:00,BarData,125.851,0,-1.0,-1.0,190.023079,0.0,✅ 触发交易,125.851,126.052,16.0,-1
1766395680.7671156,2025-12-22 09:28:00,2025-12-22 17:28:00,BarData,125.743,0,-1.0,-1.0,190.083079,0.0,✅ 触发交易,125.743,126.042,23.8,-1
1766395740.4266863,2025-12-22 09:29:00,2025-12-22 17:29:00,BarData,125.815,0,-1.0,-1.0,190.02707900000001,0.0,✅ 触发交易,125.815,126.034,17.4,-1
1766395800.4818885,2025-12-22 09:30:00,2025-12-22 17:30:00,BarData,125.877,0,-1.0,-1.0,189.96807900000002,0.0,✅ 触发交易,125.877,126.029,12.1,-1
1766395860.20762,2025-12-22 09:31:00,2025-12-22 17:31:00,BarData,125.813,0,-1.0,-1.0,190.02707900000001,0.0,✅ 触发交易,125.813,126.022,16.6,-1
1766395920.5418093,2025-12-22 09:32:00,2025-12-22 17:32:00,BarData,126.026,0,-1.0,-1.0,189.89707900000002,0.0,❌ 震荡 (Gap 0.3 < 10),126.026,126.022,0.3,0
1766395921.235032,2025-12-22 09:32:01,2025-12-22 17:32:01,PnlRecord,126.026,0,0,0,189.89707900000002,-0.8020647210641182,空,126.026,126.022,0.3,0
1766395921.5855827,2025-12-22 09:32:01,2025-12-22 17:32:01,CloseSignal,126.026,1.0,-1.0,0,189.89707900000002,0.0,Strategy_TrendEnd,126.026,126.022,0.3,0
1766395980.5093665,2025-12-22 09:33:00,2025-12-22 17:33:00,BarData,126.116,0,0.0,0.0,189.822673,0.0,❌ 震荡 (Gap 7.2 < 10),126.116,126.025,7.2,0
1766396040.2578897,2025-12-22 09:34:00,2025-12-22 17:34:00,BarData,126.12,0,0.0,0.0,189.822673,0.0,❌ 震荡 (Gap 7.3 < 10),126.120,126.028,7.3,0
1766396100.6016455,2025-12-22 09:35:00,2025-12-22 17:35:00,BarData,126.226,0,0.0,0.0,189.822673,0.0,✅ 触发交易,126.226,126.035,15.1,1
1766396104.4830525,2025-12-22 09:35:04,2025-12-22 17:35:04,Strategy_Open,126.226,1.0,0,1.0,189.80667300000002,0.0,Strategy_Signal,126.226,126.035,15.1,1
1766396160.31274,2025-12-22 09:36:00,2025-12-22 17:36:00,BarData,126.175,0,1.0,1.0,189.725673,0.0,❌ 快线向下,126.175,126.039,10.7,0
1766396161.007253,2025-12-22 09:36:01,2025-12-22 17:36:01,PnlRecord,126.175,0,0,0,189.725673,-0.5148922686945321,多,126.175,126.039,10.7,0
1766396161.3543782,2025-12-22 09:36:01,2025-12-22 17:36:01,CloseSignal,126.175,1.0,1.0,0,189.725673,0.0,Strategy_TrendEnd,126.175,126.039,10.7,0
1766396220.0861483,2025-12-22 09:37:00,2025-12-22 17:37:00,BarData,126.173,0,0.0,0.0,189.748673,0.0,❌ 快线向下,126.173,126.044,10.2,0
1766396280.4100978,2025-12-22 09:38:00,2025-12-22 17:38:00,BarData,126.074,0,0.0,0.0,189.748673,0.0,❌ 震荡 (Gap 2.3 < 10),126.074,126.045,2.3,0
1766396340.4673283,2025-12-22 09:39:00,2025-12-22 17:39:00,BarData,126.082,0,0.0,0.0,189.748673,0.0,❌ 震荡 (Gap 2.8 < 10),126.082,126.046,2.8,0
1766396400.1910186,2025-12-22 09:40:00,2025-12-22 17:40:00,BarData,126.078,0,0.0,0.0,189.748673,0.0,❌ 震荡 (Gap 2.4 < 10),126.078,126.047,2.4,0
1766396460.436244,2025-12-22 09:41:00,2025-12-22 17:41:00,BarData,126.159,0,0.0,0.0,189.748673,0.0,❌ 震荡 (Gap 8.6 < 10),126.159,126.051,8.6,0
1766396520.3265023,2025-12-22 09:42:00,2025-12-22 17:42:00,BarData,125.831,0,0.0,0.0,189.748673,0.0,✅ 触发交易,125.831,126.044,16.9,-1
1766396524.3361826,2025-12-22 09:42:04,2025-12-22 17:42:04,Strategy_Open,125.831,1.0,0,-1.0,189.728373,0.0,Strategy_Signal,125.831,126.044,16.9,-1
1766396580.5517087,2025-12-22 09:43:00,2025-12-22 17:43:00,BarData,125.858,0,-1.0,-1.0,189.692373,0.0,✅ 触发交易,125.858,126.037,14.3,-1
1766396635.2400086,2025-12-22 09:43:55,2025-12-22 17:43:55,SL,125.931,1.0,-1.0,0.0,189.597441,0.0,🛡️ 止损 (-1.09%),125.858,126.037,14.3,-1
1766396635.2403235,2025-12-22 09:43:55,2025-12-22 17:43:55,PnlRecord,125.931,0,0,0,189.662373,-1.0890821501820473,空,125.858,126.037,14.3,-1
1766396640.4330876,2025-12-22 09:44:00,2025-12-22 17:44:00,BarData,125.95,0,0.0,0.0,189.597441,0.0,❌ 震荡 (Gap 6.7 < 10),125.950,126.035,6.7,0
1766396700.5577745,2025-12-22 09:45:00,2025-12-22 17:45:00,BarData,125.892,0,0.0,0.0,189.597441,0.0,✅ 触发交易,125.892,126.030,11.0,-1
1766396704.6824286,2025-12-22 09:45:04,2025-12-22 17:45:04,Strategy_Open,125.892,1.0,0,-1.0,189.595441,0.0,Strategy_Signal,125.892,126.030,11.0,-1
1766396748.1723013,2025-12-22 09:45:48,2025-12-22 17:45:48,SL,126.035,1.0,-1.0,0.0,189.454441,0.0,🛡️ 止损 (-1.16%),125.892,126.030,11.0,-1
1766396748.1725981,2025-12-22 09:45:48,2025-12-22 17:45:48,PnlRecord,126.035,0,0,0,189.476441,-1.1597518448792252,空,125.892,126.030,11.0,-1
1766396760.1363392,2025-12-22 09:46:00,2025-12-22 17:46:00,BarData,126.034,0,0.0,0.0,189.454441,0.0,❌ 震荡 (Gap 0.3 < 10),126.034,126.030,0.3,0
1766396820.2817283,2025-12-22 09:47:00,2025-12-22 17:47:00,BarData,125.902,0,0.0,0.0,189.454441,0.0,❌ 震荡 (Gap 9.8 < 10),125.902,126.026,9.8,0
1766396880.6715765,2025-12-22 09:48:00,2025-12-22 17:48:00,BarData,125.886,0,0.0,0.0,189.454441,0.0,✅ 触发交易,125.886,126.021,10.7,-1
1766396884.5438287,2025-12-22 09:48:04,2025-12-22 17:48:04,Strategy_Open,125.886,1.0,0,-1.0,189.423441,0.0,Strategy_Signal,125.886,126.021,10.7,-1
1766396940.2450225,2025-12-22 09:49:00,2025-12-22 17:49:00,BarData,125.936,0,-1.0,-1.0,189.40344100000002,0.0,❌ 震荡 (Gap 6.6 < 10),125.936,126.019,6.6,0
1766396940.914416,2025-12-22 09:49:00,2025-12-22 17:49:00,PnlRecord,125.936,0,0,0,189.40344100000002,-0.45281579929934435,空,125.936,126.019,6.6,0
1766396941.2809649,2025-12-22 09:49:01,2025-12-22 17:49:01,CloseSignal,125.936,1.0,-1.0,0,189.40344100000002,0.0,Strategy_TrendEnd,125.936,126.019,6.6,0
1766397000.3945236,2025-12-22 09:50:00,2025-12-22 17:50:00,BarData,125.967,0,0.0,0.0,189.396441,0.0,❌ 震荡 (Gap 4.0 < 10),125.967,126.017,4.0,0
1766397060.2703736,2025-12-22 09:51:00,2025-12-22 17:51:00,BarData,125.966,0,0.0,0.0,189.396441,0.0,❌ 震荡 (Gap 3.9 < 10),125.966,126.015,3.9,0
1766397120.2014208,2025-12-22 09:52:00,2025-12-22 17:52:00,BarData,125.977,0,0.0,0.0,189.396441,0.0,❌ 震荡 (Gap 2.9 < 10),125.977,126.014,2.9,0
1766397180.612363,2025-12-22 09:53:00,2025-12-22 17:53:00,BarData,126.024,0,0.0,0.0,189.396441,0.0,❌ 震荡 (Gap 0.8 < 10),126.024,126.014,0.8,0
1766397240.116118,2025-12-22 09:54:00,2025-12-22 17:54:00,BarData,126.038,0,0.0,0.0,189.396441,0.0,❌ 震荡 (Gap 1.8 < 10),126.038,126.015,1.8,0
1766397300.2515757,2025-12-22 09:55:00,2025-12-22 17:55:00,BarData,126.029,0,0.0,0.0,189.396441,0.0,❌ 震荡 (Gap 1.1 < 10),126.029,126.015,1.1,0
1766397360.4609363,2025-12-22 09:56:00,2025-12-22 17:56:00,BarData,126.037,0,0.0,0.0,189.396441,0.0,❌ 震荡 (Gap 1.7 < 10),126.037,126.016,1.7,0
1766397420.551672,2025-12-22 09:57:00,2025-12-22 17:57:00,BarData,126.23,0,0.0,0.0,189.396441,0.0,✅ 触发交易,126.230,126.023,16.4,1
1766397424.4388678,2025-12-22 09:57:04,2025-12-22 17:57:04,Strategy_Open,126.23,1.0,0,1.0,189.39744100000001,0.0,Strategy_Signal,126.230,126.023,16.4,1
1766397480.3030424,2025-12-22 09:58:00,2025-12-22 17:58:00,BarData,126.163,0,1.0,1.0,189.35744100000002,0.0,✅ 触发交易,126.163,126.028,10.7,1
1766397542.44298,2025-12-22 09:59:02,2025-12-22 17:59:02,SL,126.079,1.0,1.0,0.0,189.248441,0.0,🛡️ 止损 (-1.19%),126.163,126.028,10.7,1
1766397542.4432943,2025-12-22 09:59:02,2025-12-22 17:59:02,PnlRecord,126.079,0,0,0,189.29744100000002,-1.188316472442986,多,126.163,126.028,10.7,1
1766397545.628142,2025-12-22 09:59:05,2025-12-22 17:59:05,BarData,126.128,0,0.0,0.0,189.248441,0.0,❌ 震荡 (Gap 7.7 < 10),126.128,126.031,7.7,0
1766397600.5485542,2025-12-22 10:00:00,2025-12-22 18:00:00,BarData,126.173,0,0.0,0.0,189.248441,0.0,✅ 触发交易,126.173,126.036,10.9,1
1766397604.4790215,2025-12-22 10:00:04,2025-12-22 18:00:04,Strategy_Open,126.173,1.0,0,1.0,189.25644100000002,0.0,Strategy_Signal,126.173,126.036,10.9,1
1766397660.4498022,2025-12-22 10:01:00,2025-12-22 18:01:00,BarData,126.132,0,1.0,1.0,189.176441,0.0,❌ 震荡 (Gap 7.4 < 10),126.132,126.039,7.4,0
1766397661.1511548,2025-12-22 10:01:01,2025-12-22 18:01:01,PnlRecord,126.132,0,0,0,189.176441,-0.4754659566374102,多,126.132,126.039,7.4,0
1766397661.5466921,2025-12-22 10:01:01,2025-12-22 18:01:01,CloseSignal,126.132,1.0,1.0,0,189.176441,0.0,Strategy_TrendEnd,126.132,126.039,7.4,0
1766397720.4444058,2025-12-22 10:02:00,2025-12-22 18:02:00,BarData,125.946,0,0.0,0.0,189.183441,0.0,❌ 震荡 (Gap 7.1 < 10),125.946,126.036,7.1,0
1766397780.1256092,2025-12-22 10:03:00,2025-12-22 18:03:00,BarData,126.081,0,0.0,0.0,189.183441,0.0,❌ 震荡 (Gap 3.5 < 10),126.081,126.037,3.5,0
1766397840.1192267,2025-12-22 10:04:00,2025-12-22 18:04:00,BarData,125.965,0,0.0,0.0,189.183441,0.0,❌ 震荡 (Gap 5.6 < 10),125.965,126.035,5.6,0
1766397900.0919142,2025-12-22 10:05:00,2025-12-22 18:05:00,BarData,125.944,0,0.0,0.0,189.183441,0.0,❌ 震荡 (Gap 7.0 < 10),125.944,126.032,7.0,0
1766397960.3874667,2025-12-22 10:06:00,2025-12-22 18:06:00,BarData,126.0,0,0.0,0.0,189.183441,0.0,❌ 震荡 (Gap 2.5 < 10),126.000,126.031,2.5,0
1766398020.5787907,2025-12-22 10:07:00,2025-12-22 18:07:00,BarData,125.992,0,0.0,0.0,189.183441,0.0,❌ 震荡 (Gap 3.0 < 10),125.992,126.030,3.0,0
1766398080.6622899,2025-12-22 10:08:00,2025-12-22 18:08:00,BarData,126.006,0,0.0,0.0,189.183441,0.0,❌ 震荡 (Gap 1.8 < 10),126.006,126.029,1.8,0
1766398140.369042,2025-12-22 10:09:00,2025-12-22 18:09:00,BarData,126.008,0,0.0,0.0,189.183441,0.0,❌ 震荡 (Gap 1.6 < 10),126.008,126.028,1.6,0
1766398200.120453,2025-12-22 10:10:00,2025-12-22 18:10:00,BarData,126.053,0,0.0,0.0,189.183441,0.0,❌ 震荡 (Gap 1.9 < 10),126.053,126.029,1.9,0
1766398260.2446976,2025-12-22 10:11:00,2025-12-22 18:11:00,BarData,126.018,0,0.0,0.0,189.183441,0.0,❌ 震荡 (Gap 0.8 < 10),126.018,126.029,0.8,0
1766398320.4613178,2025-12-22 10:12:00,2025-12-22 18:12:00,BarData,126.006,0,0.0,0.0,189.183441,0.0,❌ 震荡 (Gap 1.7 < 10),126.006,126.028,1.7,0
1766398380.2964861,2025-12-22 10:13:00,2025-12-22 18:13:00,BarData,126.078,0,0.0,0.0,189.183441,0.0,❌ 震荡 (Gap 3.8 < 10),126.078,126.030,3.8,0
1766398440.3806524,2025-12-22 10:14:00,2025-12-22 18:14:00,BarData,126.163,0,0.0,0.0,189.183441,0.0,✅ 触发交易,126.163,126.034,10.2,1
1766398444.2601032,2025-12-22 10:14:04,2025-12-22 18:14:04,Strategy_Open,126.163,1.0,0,1.0,189.177441,0.0,Strategy_Signal,126.163,126.034,10.2,1
1766398500.5974772,2025-12-22 10:15:00,2025-12-22 18:15:00,BarData,126.23,0,1.0,1.0,189.244441,0.0,✅ 触发交易,126.230,126.040,15.0,1
1766398560.5673869,2025-12-22 10:16:00,2025-12-22 18:16:00,BarData,126.237,0,1.0,1.0,189.316441,0.0,✅ 触发交易,126.237,126.047,15.1,1
1766398620.6037326,2025-12-22 10:17:00,2025-12-22 18:17:00,BarData,126.37,0,1.0,1.0,189.38444099999998,0.0,✅ 触发交易,126.370,126.057,24.7,1
1766398680.1773257,2025-12-22 10:18:00,2025-12-22 18:18:00,BarData,126.617,0,1.0,1.0,189.59344099999998,0.0,✅ 触发交易,126.617,126.076,42.7,1
1766398740.1060278,2025-12-22 10:19:00,2025-12-22 18:19:00,BarData,126.418,0,1.0,1.0,189.44344099999998,0.0,✅ 触发交易,126.418,126.087,26.2,1
1766398800.2959716,2025-12-22 10:20:00,2025-12-22 18:20:00,BarData,126.53,0,1.0,1.0,189.546441,0.0,✅ 触发交易,126.530,126.101,33.9,1
1766398860.147837,2025-12-22 10:21:00,2025-12-22 18:21:00,BarData,126.381,0,1.0,1.0,189.42544099999998,0.0,✅ 触发交易,126.381,126.111,21.4,1
1766398920.2632105,2025-12-22 10:22:00,2025-12-22 18:22:00,BarData,126.384,0,1.0,1.0,189.39644099999998,0.0,✅ 触发交易,126.384,126.120,20.9,1
1766398980.508909,2025-12-22 10:23:00,2025-12-22 18:23:00,BarData,126.454,0,1.0,1.0,189.482441,0.0,✅ 触发交易,126.454,126.131,25.6,1
1766399040.419094,2025-12-22 10:24:00,2025-12-22 18:24:00,BarData,126.458,0,1.0,1.0,189.487441,0.0,✅ 触发交易,126.458,126.141,25.0,1
1766399100.6892312,2025-12-22 10:25:00,2025-12-22 18:25:00,BarData,126.518,0,1.0,1.0,189.536441,0.0,✅ 触发交易,126.518,126.154,28.8,1
1766399160.4354591,2025-12-22 10:26:00,2025-12-22 18:26:00,BarData,126.482,0,1.0,1.0,189.48644099999999,0.0,✅ 触发交易,126.482,126.164,25.1,1
1766399220.2406611,2025-12-22 10:27:00,2025-12-22 18:27:00,BarData,126.577,0,1.0,1.0,189.596441,0.0,✅ 触发交易,126.577,126.178,31.5,1
1766399280.5532176,2025-12-22 10:28:00,2025-12-22 18:28:00,BarData,126.591,0,1.0,1.0,189.55744099999998,0.0,✅ 触发交易,126.591,126.191,31.6,1
1766399340.5407274,2025-12-22 10:29:00,2025-12-22 18:29:00,BarData,126.501,0,1.0,1.0,189.52644099999998,0.0,✅ 触发交易,126.501,126.202,23.7,1
1766399400.1920333,2025-12-22 10:30:00,2025-12-22 18:30:00,BarData,126.477,0,1.0,1.0,189.507441,0.0,✅ 触发交易,126.477,126.211,21.1,1
1766399460.554286,2025-12-22 10:31:00,2025-12-22 18:31:00,BarData,126.634,0,1.0,1.0,189.644441,0.0,✅ 触发交易,126.634,126.225,32.3,1
1766399520.2881954,2025-12-22 10:32:00,2025-12-22 18:32:00,BarData,126.64,0,1.0,1.0,189.62844099999998,0.0,✅ 触发交易,126.640,126.238,31.7,1
1766399580.5381413,2025-12-22 10:33:00,2025-12-22 18:33:00,BarData,126.576,0,1.0,1.0,189.61644099999998,0.0,✅ 触发交易,126.576,126.249,25.8,1
1766399640.5083728,2025-12-22 10:34:00,2025-12-22 18:34:00,BarData,126.596,0,1.0,1.0,189.656441,0.0,✅ 触发交易,126.596,126.261,26.5,1
1766399700.3589635,2025-12-22 10:35:00,2025-12-22 18:35:00,BarData,126.614,0,1.0,1.0,189.65744099999998,0.0,✅ 触发交易,126.614,126.272,27.0,1
1766399760.4627001,2025-12-22 10:36:00,2025-12-22 18:36:00,BarData,126.741,0,1.0,1.0,189.756441,0.0,✅ 触发交易,126.741,126.288,35.8,1
1766399820.2277594,2025-12-22 10:37:00,2025-12-22 18:37:00,BarData,126.764,0,1.0,1.0,189.798441,0.0,✅ 触发交易,126.764,126.303,36.4,1
1766399880.4600217,2025-12-22 10:38:00,2025-12-22 18:38:00,BarData,126.697,0,1.0,1.0,189.677441,0.0,✅ 触发交易,126.697,126.316,30.1,1
1766399940.4803362,2025-12-22 10:39:00,2025-12-22 18:39:00,BarData,126.67,0,1.0,1.0,189.683441,0.0,✅ 触发交易,126.670,126.328,27.0,1
1766400000.5292482,2025-12-22 10:40:00,2025-12-22 18:40:00,BarData,126.743,0,1.0,1.0,189.769441,0.0,✅ 触发交易,126.743,126.341,31.7,1
1766400060.4034426,2025-12-22 10:41:00,2025-12-22 18:41:00,BarData,126.757,0,1.0,1.0,189.77144099999998,0.0,✅ 触发交易,126.757,126.355,31.7,1
1766400120.494,2025-12-22 10:42:00,2025-12-22 18:42:00,BarData,126.705,0,1.0,1.0,189.71644099999997,0.0,✅ 触发交易,126.705,126.366,26.7,1
1766400180.1070015,2025-12-22 10:43:00,2025-12-22 18:43:00,BarData,126.721,0,1.0,1.0,189.74644099999998,0.0,✅ 触发交易,126.721,126.378,27.1,1
1766400207.4086328,2025-12-22 10:43:27,2025-12-22 18:43:27,TP,126.809,1.0,1.0,0.0,189.811441,0.0,🚀 止盈 (+5.09%),126.721,126.378,27.1,1
1766400207.4089777,2025-12-22 10:43:27,2025-12-22 18:43:27,PnlRecord,126.809,0,0,0,189.787441,5.088493821680756,多,126.721,126.378,27.1,1
1766400240.485929,2025-12-22 10:44:00,2025-12-22 18:44:00,BarData,126.824,0,0.0,0.0,189.811441,0.0,✅ 触发交易,126.824,126.393,34.0,1
1766400244.400859,2025-12-22 10:44:04,2025-12-22 18:44:04,Strategy_Open,126.824,1.0,0,1.0,189.811441,0.0,Strategy_Signal,126.824,126.393,34.0,1
1766400300.4873495,2025-12-22 10:45:00,2025-12-22 18:45:00,BarData,126.845,0,1.0,1.0,189.833441,0.0,✅ 触发交易,126.845,126.408,34.5,1
1766400360.2389562,2025-12-22 10:46:00,2025-12-22 18:46:00,BarData,126.719,0,1.0,1.0,189.721441,0.0,✅ 触发交易,126.719,126.418,23.8,1
1766400371.2715886,2025-12-22 10:46:11,2025-12-22 18:46:11,SL,126.698,1.0,1.0,0.0,189.677441,0.0,🛡️ 止损 (-1.04%),126.719,126.418,23.8,1
1766400371.2719064,2025-12-22 10:46:11,2025-12-22 18:46:11,PnlRecord,126.698,0,0,0,189.721441,-1.0407632263660413,多,126.719,126.418,23.8,1
1766400420.495438,2025-12-22 10:47:00,2025-12-22 18:47:00,BarData,126.721,0,0.0,0.0,189.677441,0.0,✅ 触发交易,126.721,126.428,23.1,1
1766400424.3629014,2025-12-22 10:47:04,2025-12-22 18:47:04,Strategy_Open,126.721,1.0,0,1.0,189.65244099999998,0.0,Strategy_Signal,126.721,126.428,23.1,1
1766400480.4038675,2025-12-22 10:48:00,2025-12-22 18:48:00,BarData,126.746,0,1.0,1.0,189.67544099999998,0.0,✅ 触发交易,126.746,126.438,24.3,1
1766400540.5174243,2025-12-22 10:49:00,2025-12-22 18:49:00,BarData,126.678,0,1.0,1.0,189.59944099999998,0.0,✅ 触发交易,126.678,126.446,18.3,1
1766400600.4901478,2025-12-22 10:50:00,2025-12-22 18:50:00,BarData,126.659,0,1.0,1.0,189.570441,0.0,✅ 触发交易,126.659,126.453,16.3,1
1766400660.562923,2025-12-22 10:51:00,2025-12-22 18:51:00,BarData,126.68,0,1.0,1.0,189.601441,0.0,✅ 触发交易,126.680,126.460,17.3,1
1766400720.6102495,2025-12-22 10:52:00,2025-12-22 18:52:00,BarData,126.698,0,1.0,1.0,189.62244099999998,0.0,✅ 触发交易,126.698,126.468,18.1,1
1766400780.5085912,2025-12-22 10:53:00,2025-12-22 18:53:00,BarData,126.685,0,1.0,1.0,189.61144099999999,0.0,✅ 触发交易,126.685,126.475,16.6,1
1766400840.1355574,2025-12-22 10:54:00,2025-12-22 18:54:00,BarData,126.719,0,1.0,1.0,189.63944099999998,0.0,✅ 触发交易,126.719,126.483,18.6,1
1766400900.5482876,2025-12-22 10:55:00,2025-12-22 18:55:00,BarData,126.697,0,1.0,1.0,189.61544099999998,0.0,✅ 触发交易,126.697,126.490,16.3,1
1766400960.5704563,2025-12-22 10:56:00,2025-12-22 18:56:00,BarData,126.707,0,1.0,1.0,189.62244099999998,0.0,✅ 触发交易,126.707,126.497,16.5,1
1766401020.548177,2025-12-22 10:57:00,2025-12-22 18:57:00,BarData,126.665,0,1.0,1.0,189.58744099999998,0.0,✅ 触发交易,126.665,126.503,12.8,1
1766401065.07412,2025-12-22 10:57:45,2025-12-22 18:57:45,SL,126.624,1.0,1.0,0.0,189.541986,0.0,🛡️ 止损 (-1.04%),126.665,126.503,12.8,1
1766401065.0744336,2025-12-22 10:57:45,2025-12-22 18:57:45,PnlRecord,126.624,0,0,0,189.578441,-1.0413708226829894,多,126.665,126.503,12.8,1
1766401080.4502413,2025-12-22 10:58:00,2025-12-22 18:58:00,BarData,126.599,0,0.0,0.0,189.541986,0.0,❌ 震荡 (Gap 7.3 < 10),126.599,126.506,7.3,0
1766401140.531227,2025-12-22 10:59:00,2025-12-22 18:59:00,BarData,126.613,0,0.0,0.0,189.541986,0.0,❌ 震荡 (Gap 8.2 < 10),126.613,126.510,8.2,0
1766401200.5420268,2025-12-22 11:00:00,2025-12-22 19:00:00,BarData,126.662,0,0.0,0.0,189.541986,0.0,✅ 触发交易,126.662,126.515,11.6,1
1766401204.7682662,2025-12-22 11:00:04,2025-12-22 19:00:04,Strategy_Open,126.662,1.0,0,1.0,189.551986,0.0,Strategy_Signal,126.662,126.515,11.6,1
1766401260.0816689,2025-12-22 11:01:00,2025-12-22 19:01:00,BarData,126.685,0,1.0,1.0,189.563986,0.0,✅ 触发交易,126.685,126.520,13.0,1
1766401320.601539,2025-12-22 11:02:00,2025-12-22 19:02:00,BarData,126.674,0,1.0,1.0,189.571986,0.0,✅ 触发交易,126.674,126.525,11.7,1
1766401380.790597,2025-12-22 11:03:00,2025-12-22 19:03:00,BarData,126.664,0,1.0,1.0,189.542986,0.0,✅ 触发交易,126.664,126.530,10.6,1
1766401440.6996188,2025-12-22 11:04:00,2025-12-22 19:04:00,BarData,126.59,0,1.0,1.0,189.482986,0.0,❌ 震荡 (Gap 4.6 < 10),126.590,126.532,4.6,0
1766401441.3969429,2025-12-22 11:04:01,2025-12-22 19:04:01,PnlRecord,126.59,0,0,0,189.482986,-0.54476981501514,多,126.590,126.532,4.6,0
1766401441.7438948,2025-12-22 11:04:01,2025-12-22 19:04:01,CloseSignal,126.59,1.0,1.0,0,189.482986,0.0,Strategy_TrendEnd,126.590,126.532,4.6,0
1766401500.5656488,2025-12-22 11:05:00,2025-12-22 19:05:00,BarData,126.638,0,0.0,0.0,189.453986,0.0,❌ 震荡 (Gap 8.1 < 10),126.638,126.535,8.1,0
1766401560.5215468,2025-12-22 11:06:00,2025-12-22 19:06:00,BarData,126.615,0,0.0,0.0,189.453986,0.0,❌ 震荡 (Gap 6.1 < 10),126.615,126.538,6.1,0
1766401620.1096735,2025-12-22 11:07:00,2025-12-22 19:07:00,BarData,126.693,0,0.0,0.0,189.453986,0.0,✅ 触发交易,126.693,126.543,11.8,1
1766401623.971501,2025-12-22 11:07:03,2025-12-22 19:07:03,Strategy_Open,126.693,1.0,0,1.0,189.485006,0.0,Strategy_Signal,126.693,126.543,11.8,1
1766401680.435254,2025-12-22 11:08:00,2025-12-22 19:08:00,BarData,126.659,0,1.0,1.0,189.413006,0.0,❌ 震荡 (Gap 8.9 < 10),126.659,126.547,8.9,0
1766401681.1343348,2025-12-22 11:08:01,2025-12-22 19:08:01,PnlRecord,126.659,0,0,0,189.413006,-0.3157088848372287,多,126.659,126.547,8.9,0
1766401681.5053315,2025-12-22 11:08:01,2025-12-22 19:08:01,CloseSignal,126.659,1.0,1.0,0,189.413006,0.0,Strategy_TrendEnd,126.659,126.547,8.9,0
1766401740.5180984,2025-12-22 11:09:00,2025-12-22 19:09:00,BarData,126.701,0,0.0,0.0,189.417006,0.0,✅ 触发交易,126.701,126.552,11.8,1
1766401744.4382477,2025-12-22 11:09:04,2025-12-22 19:09:04,Strategy_Open,126.701,1.0,0,1.0,189.408006,0.0,Strategy_Signal,126.701,126.552,11.8,1
1766401800.4592507,2025-12-22 11:10:00,2025-12-22 19:10:00,BarData,126.722,0,1.0,1.0,189.43400599999998,0.0,✅ 触发交易,126.722,126.557,13.0,1
1766401860.2595236,2025-12-22 11:11:00,2025-12-22 19:11:00,BarData,126.713,0,1.0,1.0,189.42700599999998,0.0,✅ 触发交易,126.713,126.562,11.9,1
1766401920.1291065,2025-12-22 11:12:00,2025-12-22 19:12:00,BarData,126.702,0,1.0,1.0,189.411006,0.0,✅ 触发交易,126.702,126.567,10.7,1
1766401980.1285982,2025-12-22 11:13:00,2025-12-22 19:13:00,BarData,126.65,0,1.0,1.0,189.38100599999999,0.0,❌ 震荡 (Gap 6.3 < 10),126.650,126.570,6.3,0
1766401980.8208487,2025-12-22 11:13:00,2025-12-22 19:13:00,PnlRecord,126.65,0,0,0,189.38100599999999,-0.3630738144850056,多,126.650,126.570,6.3,0
1766401981.1720333,2025-12-22 11:13:01,2025-12-22 19:13:01,CloseSignal,126.65,1.0,1.0,0,189.38100599999999,0.0,Strategy_TrendEnd,126.650,126.570,6.3,0
1766402040.5164595,2025-12-22 11:14:00,2025-12-22 19:14:00,BarData,126.636,0,0.0,0.0,189.363006,0.0,❌ 震荡 (Gap 5.1 < 10),126.636,126.572,5.1,0
1766402100.217654,2025-12-22 11:15:00,2025-12-22 19:15:00,BarData,126.64,0,0.0,0.0,189.363006,0.0,❌ 震荡 (Gap 5.2 < 10),126.640,126.574,5.2,0
1766402160.372999,2025-12-22 11:16:00,2025-12-22 19:16:00,BarData,126.59,0,0.0,0.0,189.363006,0.0,❌ 震荡 (Gap 1.2 < 10),126.590,126.575,1.2,0
1766402220.394391,2025-12-22 11:17:00,2025-12-22 19:17:00,BarData,126.569,0,0.0,0.0,189.363006,0.0,❌ 震荡 (Gap 0.4 < 10),126.569,126.574,0.4,0
1766402280.5128887,2025-12-22 11:18:00,2025-12-22 19:18:00,BarData,126.347,0,0.0,0.0,189.363006,0.0,✅ 触发交易,126.347,126.567,17.4,-1
1766402284.3816745,2025-12-22 11:18:04,2025-12-22 19:18:04,Strategy_Open,126.347,1.0,0,-1.0,189.35400600000003,0.0,Strategy_Signal,126.347,126.567,17.4,-1
1766402340.2329376,2025-12-22 11:19:00,2025-12-22 19:19:00,BarData,126.4,0,-1.0,-1.0,189.31800600000003,0.0,❌ 快线向上,126.400,126.562,12.8,0
1766402340.9294932,2025-12-22 11:19:00,2025-12-22 19:19:00,PnlRecord,126.4,0,0,0,189.31800600000003,-0.3482224825098226,空,126.400,126.562,12.8,0
1766402341.3859222,2025-12-22 11:19:01,2025-12-22 19:19:01,CloseSignal,126.4,1.0,-1.0,0,189.31800600000003,0.0,Strategy_TrendEnd,126.400,126.562,12.8,0
1766402400.3232348,2025-12-22 11:20:00,2025-12-22 19:20:00,BarData,126.46,0,0.0,0.0,189.308506,0.0,❌ 震荡 (Gap 7.8 < 10),126.460,126.558,7.8,0
1766402460.3823526,2025-12-22 11:21:00,2025-12-22 19:21:00,BarData,126.487,0,0.0,0.0,189.308506,0.0,❌ 震荡 (Gap 5.4 < 10),126.487,126.556,5.4,0
1766402520.5686758,2025-12-22 11:22:00,2025-12-22 19:22:00,BarData,126.563,0,0.0,0.0,189.308506,0.0,❌ 震荡 (Gap 0.5 < 10),126.563,126.556,0.5,0
1766402580.3460443,2025-12-22 11:23:00,2025-12-22 19:23:00,BarData,126.543,0,0.0,0.0,189.308506,0.0,❌ 震荡 (Gap 1.0 < 10),126.543,126.556,1.0,0
1766402640.4995077,2025-12-22 11:24:00,2025-12-22 19:24:00,BarData,126.57,0,0.0,0.0,189.308506,0.0,❌ 震荡 (Gap 1.1 < 10),126.570,126.556,1.1,0
1766402700.2563307,2025-12-22 11:25:00,2025-12-22 19:25:00,BarData,126.572,0,0.0,0.0,189.308506,0.0,❌ 震荡 (Gap 1.2 < 10),126.572,126.557,1.2,0
1766402760.7042327,2025-12-22 11:26:00,2025-12-22 19:26:00,BarData,126.575,0,0.0,0.0,189.308506,0.0,❌ 震荡 (Gap 1.4 < 10),126.575,126.557,1.4,0
1766402820.2496617,2025-12-22 11:27:00,2025-12-22 19:27:00,BarData,126.676,0,0.0,0.0,189.308506,0.0,❌ 震荡 (Gap 9.1 < 10),126.676,126.561,9.1,0
1766402880.165472,2025-12-22 11:28:00,2025-12-22 19:28:00,BarData,126.787,0,0.0,0.0,189.308506,0.0,✅ 触发交易,126.787,126.569,17.2,1
1766402884.3223324,2025-12-22 11:28:04,2025-12-22 19:28:04,Strategy_Open,126.787,1.0,0,1.0,189.29664,0.0,Strategy_Signal,126.787,126.569,17.2,1
1766402940.1677055,2025-12-22 11:29:00,2025-12-22 19:29:00,BarData,126.71,0,1.0,1.0,189.21964,0.0,✅ 触发交易,126.710,126.573,10.8,1
1766403000.5276976,2025-12-22 11:30:00,2025-12-22 19:30:00,BarData,126.778,0,1.0,1.0,189.28064,0.0,✅ 触发交易,126.778,126.580,15.6,1
1766403060.3321793,2025-12-22 11:31:00,2025-12-22 19:31:00,BarData,126.763,0,1.0,1.0,189.27364,0.0,✅ 触发交易,126.763,126.586,14.0,1
1766403120.3319933,2025-12-22 11:32:00,2025-12-22 19:32:00,BarData,126.759,0,1.0,1.0,189.28064,0.0,✅ 触发交易,126.759,126.592,13.2,1
1766403180.4683206,2025-12-22 11:33:00,2025-12-22 19:33:00,BarData,126.788,0,1.0,1.0,189.29164,0.0,✅ 触发交易,126.788,126.598,15.0,1
1766403240.159247,2025-12-22 11:34:00,2025-12-22 19:34:00,BarData,126.884,0,1.0,1.0,189.38263999999998,0.0,✅ 触发交易,126.884,126.607,21.8,1
1766403300.3832119,2025-12-22 11:35:00,2025-12-22 19:35:00,BarData,126.856,0,1.0,1.0,189.39264,0.0,✅ 触发交易,126.856,126.616,19.0,1
1766403360.540529,2025-12-22 11:36:00,2025-12-22 19:36:00,BarData,126.955,0,1.0,1.0,189.45364,0.0,✅ 触发交易,126.955,126.627,25.9,1
1766403420.7789109,2025-12-22 11:37:00,2025-12-22 19:37:00,BarData,127.067,0,1.0,1.0,189.57464,0.0,✅ 触发交易,127.067,126.641,33.5,1
1766403480.3888738,2025-12-22 11:38:00,2025-12-22 19:38:00,BarData,126.982,0,1.0,1.0,189.55064,0.0,✅ 触发交易,126.982,126.652,26.0,1
1766403540.344055,2025-12-22 11:39:00,2025-12-22 19:39:00,BarData,126.857,0,1.0,1.0,189.35664,0.0,✅ 触发交易,126.857,126.659,15.6,1
1766403600.38061,2025-12-22 11:40:00,2025-12-22 19:40:00,BarData,126.858,0,1.0,1.0,189.38164,0.0,✅ 触发交易,126.858,126.666,15.2,1
1766403660.0953434,2025-12-22 11:41:00,2025-12-22 19:41:00,BarData,127.01,0,1.0,1.0,189.51463999999999,0.0,✅ 触发交易,127.010,126.677,26.2,1
1766403720.5704558,2025-12-22 11:42:00,2025-12-22 19:42:00,BarData,127.002,0,1.0,1.0,189.50364,0.0,✅ 触发交易,127.002,126.687,24.8,1
1766403780.3241687,2025-12-22 11:43:00,2025-12-22 19:43:00,BarData,127.009,0,1.0,1.0,189.50263999999999,0.0,✅ 触发交易,127.009,126.698,24.5,1
1766403840.498018,2025-12-22 11:44:00,2025-12-22 19:44:00,BarData,126.915,0,1.0,1.0,189.42764,0.0,✅ 触发交易,126.915,126.705,16.5,1
1766403900.4710102,2025-12-22 11:45:00,2025-12-22 19:45:00,BarData,127.01,0,1.0,1.0,189.52364,0.0,✅ 触发交易,127.010,126.715,23.2,1
1766403960.516465,2025-12-22 11:46:00,2025-12-22 19:46:00,BarData,127.049,0,1.0,1.0,189.58864,0.0,✅ 触发交易,127.049,126.726,25.4,1
1766404020.270747,2025-12-22 11:47:00,2025-12-22 19:47:00,BarData,127.126,0,1.0,1.0,189.61164,0.0,✅ 触发交易,127.126,126.739,30.4,1
1766404080.4576027,2025-12-22 11:48:00,2025-12-22 19:48:00,BarData,127.203,0,1.0,1.0,189.69164,0.0,✅ 触发交易,127.203,126.754,35.3,1
1766404140.6712554,2025-12-22 11:49:00,2025-12-22 19:49:00,BarData,127.38,0,1.0,1.0,189.88664,0.0,✅ 触发交易,127.380,126.775,47.5,1
1766404200.1659782,2025-12-22 11:50:00,2025-12-22 19:50:00,BarData,127.12,0,1.0,1.0,189.65964,0.0,✅ 触发交易,127.120,126.786,26.3,1
1766404260.479249,2025-12-22 11:51:00,2025-12-22 19:51:00,BarData,127.143,0,1.0,1.0,189.62663999999998,0.0,✅ 触发交易,127.143,126.798,27.1,1
1766404320.2210448,2025-12-22 11:52:00,2025-12-22 19:52:00,BarData,127.08,0,1.0,1.0,189.62663999999998,0.0,✅ 触发交易,127.080,126.807,21.5,1
1766404380.174057,2025-12-22 11:53:00,2025-12-22 19:53:00,BarData,127.079,0,1.0,1.0,189.61664,0.0,✅ 触发交易,127.079,126.816,20.7,1
1766404440.485377,2025-12-22 11:54:00,2025-12-22 19:54:00,BarData,127.074,0,1.0,1.0,189.57564,0.0,✅ 触发交易,127.074,126.825,19.6,1
1766404500.5492039,2025-12-22 11:55:00,2025-12-22 19:55:00,BarData,127.147,0,1.0,1.0,189.66664,0.0,✅ 触发交易,127.147,126.835,24.5,1
1766404560.392221,2025-12-22 11:56:00,2025-12-22 19:56:00,BarData,127.01,0,1.0,1.0,189.56664,0.0,✅ 触发交易,127.010,126.841,13.3,1
1766404620.2908378,2025-12-22 11:57:00,2025-12-22 19:57:00,BarData,127.114,0,1.0,1.0,189.63664,0.0,✅ 触发交易,127.114,126.850,20.8,1
1766404680.4162695,2025-12-22 11:58:00,2025-12-22 19:58:00,BarData,127.096,0,1.0,1.0,189.59664,0.0,✅ 触发交易,127.096,126.858,18.7,1
1766404740.4681435,2025-12-22 11:59:00,2025-12-22 19:59:00,BarData,127.039,0,1.0,1.0,189.55664,0.0,✅ 触发交易,127.039,126.864,13.8,1
1766404800.4229298,2025-12-22 12:00:00,2025-12-22 20:00:00,BarData,126.951,0,1.0,1.0,189.46464,0.0,❌ 震荡 (Gap 6.6 < 10),126.951,126.867,6.6,0
1766404801.1157346,2025-12-22 12:00:01,2025-12-22 20:00:01,PnlRecord,126.951,0,0,0,189.46464,1.1750603302785974,多,126.951,126.867,6.6,0
1766404801.491304,2025-12-22 12:00:01,2025-12-22 20:00:01,CloseSignal,126.951,1.0,1.0,0,189.46464,0.0,Strategy_TrendEnd,126.951,126.867,6.6,0
1766404860.6096659,2025-12-22 12:01:00,2025-12-22 20:01:00,BarData,127.011,0,0.0,0.0,189.463116,0.0,✅ 触发交易,127.011,126.871,11.0,1
1766404864.5034363,2025-12-22 12:01:04,2025-12-22 20:01:04,Strategy_Open,127.011,1.0,0,1.0,189.45911600000002,0.0,Strategy_Signal,127.011,126.871,11.0,1
1766404920.5204895,2025-12-22 12:02:00,2025-12-22 20:02:00,BarData,126.963,0,1.0,1.0,189.415116,0.0,❌ 震荡 (Gap 7.0 < 10),126.963,126.874,7.0,0
1766404921.2189698,2025-12-22 12:02:01,2025-12-22 20:02:01,PnlRecord,126.963,0,0,0,189.415116,-0.40153053994049415,多,126.963,126.874,7.0,0
1766404921.5731885,2025-12-22 12:02:01,2025-12-22 20:02:01,CloseSignal,126.963,1.0,1.0,0,189.415116,0.0,Strategy_TrendEnd,126.963,126.874,7.0,0
1766404980.3456933,2025-12-22 12:03:00,2025-12-22 20:03:00,BarData,126.951,0,0.0,0.0,189.397278,0.0,❌ 震荡 (Gap 5.8 < 10),126.951,126.877,5.8,0
1766405040.1287985,2025-12-22 12:04:00,2025-12-22 20:04:00,BarData,127.043,0,0.0,0.0,189.397278,0.0,✅ 触发交易,127.043,126.882,12.6,1
1766405044.1210501,2025-12-22 12:04:04,2025-12-22 20:04:04,Strategy_Open,127.043,1.0,0,1.0,189.389278,0.0,Strategy_Signal,127.043,126.882,12.6,1
1766405100.4004729,2025-12-22 12:05:00,2025-12-22 20:05:00,BarData,127.072,0,1.0,1.0,189.438278,0.0,✅ 触发交易,127.072,126.889,14.4,1
1766405160.3016768,2025-12-22 12:06:00,2025-12-22 20:06:00,BarData,126.981,0,1.0,1.0,189.339278,0.0,❌ 震荡 (Gap 7.0 < 10),126.981,126.892,7.0,0
1766405160.999265,2025-12-22 12:06:00,2025-12-22 20:06:00,PnlRecord,126.981,0,0,0,189.339278,-0.5273597380518172,多,126.981,126.892,7.0,0
1766405161.3592093,2025-12-22 12:06:01,2025-12-22 20:06:01,CloseSignal,126.981,1.0,1.0,0,189.339278,0.0,Strategy_TrendEnd,126.981,126.892,7.0,0
1766405220.4103713,2025-12-22 12:07:00,2025-12-22 20:07:00,BarData,126.942,0,0.0,0.0,189.330278,0.0,❌ 震荡 (Gap 3.8 < 10),126.942,126.893,3.8,0
1766405280.4901764,2025-12-22 12:08:00,2025-12-22 20:08:00,BarData,126.973,0,0.0,0.0,189.330278,0.0,❌ 震荡 (Gap 6.1 < 10),126.973,126.896,6.1,0
1766405340.6520667,2025-12-22 12:09:00,2025-12-22 20:09:00,BarData,127.08,0,0.0,0.0,189.330278,0.0,✅ 触发交易,127.080,126.902,14.0,1
1766405344.5832167,2025-12-22 12:09:04,2025-12-22 20:09:04,Strategy_Open,127.08,1.0,0,1.0,189.329278,0.0,Strategy_Signal,127.080,126.902,14.0,1
1766405400.2633638,2025-12-22 12:10:00,2025-12-22 20:10:00,BarData,126.997,0,1.0,1.0,189.25127799999999,0.0,❌ 震荡 (Gap 7.2 < 10),126.997,126.905,7.2,0
1766405400.964722,2025-12-22 12:10:00,2025-12-22 20:10:00,PnlRecord,126.997,0,0,0,189.25127799999999,-0.3306071363911995,多,126.997,126.905,7.2,0
1766405401.317299,2025-12-22 12:10:01,2025-12-22 20:10:01,CloseSignal,126.997,1.0,1.0,0,189.25127799999999,0.0,Strategy_TrendEnd,126.997,126.905,7.2,0
1766405460.6320643,2025-12-22 12:11:00,2025-12-22 20:11:00,BarData,126.748,0,0.0,0.0,189.279278,0.0,❌ 快线向上,126.748,126.900,12.0,0
1766405520.3619983,2025-12-22 12:12:00,2025-12-22 20:12:00,BarData,126.758,0,0.0,0.0,189.279278,0.0,❌ 快线向上,126.758,126.895,10.8,0
1766405580.24166,2025-12-22 12:13:00,2025-12-22 20:13:00,BarData,126.912,0,0.0,0.0,189.279278,0.0,❌ 震荡 (Gap 1.3 < 10),126.912,126.896,1.3,0
1766405640.4407027,2025-12-22 12:14:00,2025-12-22 20:14:00,BarData,127.011,0,0.0,0.0,189.279278,0.0,❌ 震荡 (Gap 8.8 < 10),127.011,126.900,8.8,0
1766405700.333638,2025-12-22 12:15:00,2025-12-22 20:15:00,BarData,126.956,0,0.0,0.0,189.279278,0.0,❌ 震荡 (Gap 4.3 < 10),126.956,126.901,4.3,0
1766405760.4539542,2025-12-22 12:16:00,2025-12-22 20:16:00,BarData,127.038,0,0.0,0.0,189.279278,0.0,✅ 触发交易,127.038,126.906,10.4,1
1766405764.3841932,2025-12-22 12:16:04,2025-12-22 20:16:04,Strategy_Open,127.038,1.0,0,1.0,189.27027800000002,0.0,Strategy_Signal,127.038,126.906,10.4,1
1766405820.559409,2025-12-22 12:17:00,2025-12-22 20:17:00,BarData,127.047,0,1.0,1.0,189.278278,0.0,✅ 触发交易,127.047,126.911,10.7,1
1766405880.2532487,2025-12-22 12:18:00,2025-12-22 20:18:00,BarData,127.153,0,1.0,1.0,189.396278,0.0,✅ 触发交易,127.153,126.918,18.4,1
1766405940.6383603,2025-12-22 12:19:00,2025-12-22 20:19:00,BarData,127.161,0,1.0,1.0,189.386278,0.0,✅ 触发交易,127.161,126.926,18.4,1
1766406000.6278713,2025-12-22 12:20:00,2025-12-22 20:20:00,BarData,127.131,0,1.0,1.0,189.396278,0.0,✅ 触发交易,127.131,126.933,15.6,1
1766406060.64932,2025-12-22 12:21:00,2025-12-22 20:21:00,BarData,127.161,0,1.0,1.0,189.405278,0.0,✅ 触发交易,127.161,126.941,17.3,1
1766406120.3167946,2025-12-22 12:22:00,2025-12-22 20:22:00,BarData,127.178,0,1.0,1.0,189.495278,0.0,✅ 触发交易,127.178,126.948,18.1,1
1766406180.2233996,2025-12-22 12:23:00,2025-12-22 20:23:00,BarData,127.34,0,1.0,1.0,189.592278,0.0,✅ 触发交易,127.340,126.961,29.7,1
1766406240.504131,2025-12-22 12:24:00,2025-12-22 20:24:00,BarData,127.186,0,1.0,1.0,189.419278,0.0,✅ 触发交易,127.186,126.969,17.1,1
1766406300.6604695,2025-12-22 12:25:00,2025-12-22 20:25:00,BarData,127.154,0,1.0,1.0,189.386278,0.0,✅ 触发交易,127.154,126.975,14.1,1
1766406360.380033,2025-12-22 12:26:00,2025-12-22 20:26:00,BarData,127.218,0,1.0,1.0,189.487278,0.0,✅ 触发交易,127.218,126.983,18.5,1
1766406420.2128205,2025-12-22 12:27:00,2025-12-22 20:27:00,BarData,127.196,0,1.0,1.0,189.423278,0.0,✅ 触发交易,127.196,126.990,16.2,1
1766406480.6292768,2025-12-22 12:28:00,2025-12-22 20:28:00,BarData,127.158,0,1.0,1.0,189.397278,0.0,✅ 触发交易,127.158,126.995,12.8,1
1766406540.334688,2025-12-22 12:29:00,2025-12-22 20:29:00,BarData,127.203,0,1.0,1.0,189.446278,0.0,✅ 触发交易,127.203,127.002,15.8,1
1766406600.440217,2025-12-22 12:30:00,2025-12-22 20:30:00,BarData,127.214,0,1.0,1.0,189.408278,0.0,✅ 触发交易,127.214,127.009,16.1,1
1766406660.4303122,2025-12-22 12:31:00,2025-12-22 20:31:00,BarData,127.32,0,1.0,1.0,189.538278,0.0,✅ 触发交易,127.320,127.019,23.6,1
1766406720.2110264,2025-12-22 12:32:00,2025-12-22 20:32:00,BarData,127.211,0,1.0,1.0,189.40627800000001,0.0,✅ 触发交易,127.211,127.025,14.6,1
1766406780.4239972,2025-12-22 12:33:00,2025-12-22 20:33:00,BarData,127.162,0,1.0,1.0,189.368278,0.0,✅ 触发交易,127.162,127.030,10.4,1
1766406840.3062613,2025-12-22 12:34:00,2025-12-22 20:34:00,BarData,127.123,0,1.0,1.0,189.385278,0.0,❌ 震荡 (Gap 7.1 < 10),127.123,127.033,7.1,0
1766406841.000572,2025-12-22 12:34:01,2025-12-22 20:34:01,PnlRecord,127.123,0,0,0,189.385278,0.550951177854969,多,127.123,127.033,7.1,0
1766406841.3964746,2025-12-22 12:34:01,2025-12-22 20:34:01,CloseSignal,127.123,1.0,1.0,0,189.385278,0.0,Strategy_TrendEnd,127.123,127.033,7.1,0
1766406900.4850698,2025-12-22 12:35:00,2025-12-22 20:35:00,BarData,127.005,0,0.0,0.0,189.389278,0.0,❌ 震荡 (Gap 2.1 < 10),127.005,127.032,2.1,0
1766406960.4445217,2025-12-22 12:36:00,2025-12-22 20:36:00,BarData,126.986,0,0.0,0.0,189.389278,0.0,❌ 震荡 (Gap 3.5 < 10),126.986,127.031,3.5,0
1766407020.4948957,2025-12-22 12:37:00,2025-12-22 20:37:00,BarData,126.83,0,0.0,0.0,189.389278,0.0,❌ 快线向上,126.830,127.024,15.3,0
1766407080.415411,2025-12-22 12:38:00,2025-12-22 20:38:00,BarData,126.931,0,0.0,0.0,189.389278,0.0,❌ 震荡 (Gap 7.1 < 10),126.931,127.021,7.1,0
1766407140.3407266,2025-12-22 12:39:00,2025-12-22 20:39:00,BarData,126.844,0,0.0,0.0,189.389278,0.0,❌ 快线向上,126.844,127.015,13.5,0
1766407200.3740022,2025-12-22 12:40:00,2025-12-22 20:40:00,BarData,126.94,0,0.0,0.0,189.389278,0.0,❌ 震荡 (Gap 5.7 < 10),126.940,127.013,5.7,0
1766407260.6601112,2025-12-22 12:41:00,2025-12-22 20:41:00,BarData,126.806,0,0.0,0.0,189.389278,0.0,❌ 快线向上,126.806,127.006,15.8,0
1766407320.3639996,2025-12-22 12:42:00,2025-12-22 20:42:00,BarData,126.704,0,0.0,0.0,189.389278,0.0,✅ 触发交易,126.704,126.996,23.0,-1
1766407324.2473698,2025-12-22 12:42:04,2025-12-22 20:42:04,Strategy_Open,126.704,1.0,0,-1.0,189.39227799999998,0.0,Strategy_Signal,126.704,126.996,23.0,-1
1766407380.1398196,2025-12-22 12:43:00,2025-12-22 20:43:00,BarData,126.755,0,-1.0,-1.0,189.34627799999998,0.0,❌ 快线向上,126.755,126.988,18.4,0
1766407380.8285036,2025-12-22 12:43:00,2025-12-22 20:43:00,PnlRecord,126.755,0,0,0,189.34627799999998,-0.42620026676981276,空,126.755,126.988,18.4,0
1766407381.2037919,2025-12-22 12:43:01,2025-12-22 20:43:01,CloseSignal,126.755,1.0,-1.0,0,189.34627799999998,0.0,Strategy_TrendEnd,126.755,126.988,18.4,0
1766407440.3334002,2025-12-22 12:44:00,2025-12-22 20:44:00,BarData,126.764,0,0.0,0.0,189.322278,0.0,❌ 快线向上,126.764,126.981,17.1,0
1766407500.4443457,2025-12-22 12:45:00,2025-12-22 20:45:00,BarData,126.862,0,0.0,0.0,189.322278,0.0,❌ 震荡 (Gap 9.1 < 10),126.862,126.977,9.1,0
1766407560.400442,2025-12-22 12:46:00,2025-12-22 20:46:00,BarData,126.699,0,0.0,0.0,189.322278,0.0,✅ 触发交易,126.699,126.968,21.2,-1
1766407564.2686582,2025-12-22 12:46:04,2025-12-22 20:46:04,Strategy_Open,126.699,1.0,0,-1.0,189.310278,0.0,Strategy_Signal,126.699,126.968,21.2,-1
1766407583.4022372,2025-12-22 12:46:23,2025-12-22 20:46:23,SL,126.854,1.0,-1.0,0.0,189.215278,0.0,🛡️ 止损 (-1.14%),126.699,126.968,21.2,-1
1766407583.402577,2025-12-22 12:46:23,2025-12-22 20:46:23,PnlRecord,126.854,0,0,0,189.256278,-1.136453318601574,空,126.699,126.968,21.2,-1
1766407620.4226952,2025-12-22 12:47:00,2025-12-22 20:47:00,BarData,126.787,0,0.0,0.0,189.215278,0.0,❌ 快线向上,126.787,126.962,13.8,0
1766407680.5770943,2025-12-22 12:48:00,2025-12-22 20:48:00,BarData,126.877,0,0.0,0.0,189.215278,0.0,❌ 震荡 (Gap 6.5 < 10),126.877,126.959,6.5,0
1766407740.6102176,2025-12-22 12:49:00,2025-12-22 20:49:00,BarData,126.938,0,0.0,0.0,189.215278,0.0,❌ 震荡 (Gap 1.6 < 10),126.938,126.958,1.6,0
1766407800.2316606,2025-12-22 12:50:00,2025-12-22 20:50:00,BarData,126.837,0,0.0,0.0,189.215278,0.0,❌ 震荡 (Gap 9.3 < 10),126.837,126.954,9.3,0
1766407860.3391366,2025-12-22 12:51:00,2025-12-22 20:51:00,BarData,126.795,0,0.0,0.0,189.215278,0.0,❌ 快线向上,126.795,126.949,12.2,0
1766407920.228909,2025-12-22 12:52:00,2025-12-22 20:52:00,BarData,126.807,0,0.0,0.0,189.215278,0.0,❌ 快线向上,126.807,126.944,10.8,0
1766407980.2962267,2025-12-22 12:53:00,2025-12-22 20:53:00,BarData,126.855,0,0.0,0.0,189.215278,0.0,❌ 震荡 (Gap 6.8 < 10),126.855,126.942,6.8,0
1766408040.6094337,2025-12-22 12:54:00,2025-12-22 20:54:00,BarData,126.853,0,0.0,0.0,189.215278,0.0,❌ 震荡 (Gap 6.8 < 10),126.853,126.939,6.8,0
1766408100.2670016,2025-12-22 12:55:00,2025-12-22 20:55:00,BarData,126.784,0,0.0,0.0,189.215278,0.0,❌ 快线向上,126.784,126.934,11.8,0
1766408160.2229393,2025-12-22 12:56:00,2025-12-22 20:56:00,BarData,126.852,0,0.0,0.0,189.215278,0.0,❌ 震荡 (Gap 6.2 < 10),126.852,126.931,6.2,0
1766408220.6140058,2025-12-22 12:57:00,2025-12-22 20:57:00,BarData,126.886,0,0.0,0.0,189.215278,0.0,❌ 震荡 (Gap 3.4 < 10),126.886,126.929,3.4,0
1766408280.6238627,2025-12-22 12:58:00,2025-12-22 20:58:00,BarData,126.921,0,0.0,0.0,189.215278,0.0,❌ 震荡 (Gap 0.6 < 10),126.921,126.929,0.6,0
1766408340.1775246,2025-12-22 12:59:00,2025-12-22 20:59:00,BarData,126.943,0,0.0,0.0,189.215278,0.0,❌ 震荡 (Gap 1.1 < 10),126.943,126.930,1.1,0
1766408400.743946,2025-12-22 13:00:00,2025-12-22 21:00:00,BarData,126.923,0,0.0,0.0,189.215278,0.0,❌ 震荡 (Gap 0.5 < 10),126.923,126.929,0.5,0
1766408460.7537591,2025-12-22 13:01:00,2025-12-22 21:01:00,BarData,126.907,0,0.0,0.0,189.215278,0.0,❌ 震荡 (Gap 1.7 < 10),126.907,126.929,1.7,0
1766408520.4778757,2025-12-22 13:02:00,2025-12-22 21:02:00,BarData,126.913,0,0.0,0.0,189.215278,0.0,❌ 震荡 (Gap 1.2 < 10),126.913,126.928,1.2,0
1766408580.4605181,2025-12-22 13:03:00,2025-12-22 21:03:00,BarData,126.942,0,0.0,0.0,189.215278,0.0,❌ 震荡 (Gap 1.1 < 10),126.942,126.929,1.1,0
1766408640.5791197,2025-12-22 13:04:00,2025-12-22 21:04:00,BarData,126.989,0,0.0,0.0,189.215278,0.0,❌ 震荡 (Gap 4.6 < 10),126.989,126.931,4.6,0
1766408700.507273,2025-12-22 13:05:00,2025-12-22 21:05:00,BarData,126.894,0,0.0,0.0,189.215278,0.0,❌ 震荡 (Gap 2.8 < 10),126.894,126.929,2.8,0
1766408760.1154222,2025-12-22 13:06:00,2025-12-22 21:06:00,BarData,126.826,0,0.0,0.0,189.215278,0.0,❌ 震荡 (Gap 7.9 < 10),126.826,126.926,7.9,0
1766408820.2910154,2025-12-22 13:07:00,2025-12-22 21:07:00,BarData,126.858,0,0.0,0.0,189.215278,0.0,❌ 震荡 (Gap 5.2 < 10),126.858,126.924,5.2,0
1766408880.4975302,2025-12-22 13:08:00,2025-12-22 21:08:00,BarData,126.607,0,0.0,0.0,189.215278,0.0,✅ 触发交易,126.607,126.913,24.2,-1
1766408884.38859,2025-12-22 13:08:04,2025-12-22 21:08:04,Strategy_Open,126.607,1.0,0,-1.0,189.22227800000002,0.0,Strategy_Signal,126.607,126.913,24.2,-1
1766408940.1550107,2025-12-22 13:09:00,2025-12-22 21:09:00,BarData,126.563,0,-1.0,-1.0,189.233278,0.0,✅ 触发交易,126.563,126.902,26.8,-1
1766409000.3926141,2025-12-22 13:10:00,2025-12-22 21:10:00,BarData,126.725,0,-1.0,-1.0,189.112278,0.0,✅ 触发交易,126.725,126.896,13.5,-1
1766409033.0402765,2025-12-22 13:10:33,2025-12-22 21:10:33,SL,126.755,1.0,-1.0,0.0,189.083278,0.0,🛡️ 止损 (-1.07%),126.725,126.896,13.5,-1
1766409033.0406358,2025-12-22 13:10:33,2025-12-22 21:10:33,PnlRecord,126.755,0,0,0,189.15627800000001,-1.074088406953109,空,126.725,126.896,13.5,-1
1766409060.5074549,2025-12-22 13:11:00,2025-12-22 21:11:00,BarData,126.641,0,0.0,0.0,189.083278,0.0,✅ 触发交易,126.641,126.888,19.5,-1
1766409064.3780913,2025-12-22 13:11:04,2025-12-22 21:11:04,Strategy_Open,126.641,1.0,0,-1.0,189.087278,0.0,Strategy_Signal,126.641,126.888,19.5,-1
1766409109.1997776,2025-12-22 13:11:49,2025-12-22 21:11:49,SL,126.775,1.0,-1.0,0.0,188.945278,0.0,🛡️ 止损 (-1.03%),126.641,126.888,19.5,-1
1766409109.2000992,2025-12-22 13:11:49,2025-12-22 21:11:49,PnlRecord,126.775,0,0,0,189.006278,-1.0343956286914517,空,126.641,126.888,19.5,-1
1766409120.57876,2025-12-22 13:12:00,2025-12-22 21:12:00,BarData,126.723,0,0.0,0.0,188.945278,0.0,✅ 触发交易,126.723,126.882,12.6,-1
1766409124.4584353,2025-12-22 13:12:04,2025-12-22 21:12:04,Strategy_Open,126.723,1.0,0,-1.0,188.951278,0.0,Strategy_Signal,126.723,126.882,12.6,-1
1766409180.1724188,2025-12-22 13:13:00,2025-12-22 21:13:00,BarData,126.631,0,-1.0,-1.0,189.04927800000002,0.0,✅ 触发交易,126.631,126.874,19.2,-1
1766409240.5060124,2025-12-22 13:14:00,2025-12-22 21:14:00,BarData,126.651,0,-1.0,-1.0,189.026278,0.0,✅ 触发交易,126.651,126.867,17.0,-1
1766409300.6712453,2025-12-22 13:15:00,2025-12-22 21:15:00,BarData,126.722,0,-1.0,-1.0,189.012278,0.0,✅ 触发交易,126.722,126.862,11.0,-1
1766409360.298312,2025-12-22 13:16:00,2025-12-22 21:16:00,BarData,126.614,0,-1.0,-1.0,189.060278,0.0,✅ 触发交易,126.614,126.854,18.9,-1
1766409420.242981,2025-12-22 13:17:00,2025-12-22 21:17:00,BarData,126.611,0,-1.0,-1.0,189.075278,0.0,✅ 触发交易,126.611,126.846,18.6,-1
1766409480.1202369,2025-12-22 13:18:00,2025-12-22 21:18:00,BarData,126.604,0,-1.0,-1.0,189.085278,0.0,✅ 触发交易,126.604,126.838,18.5,-1
1766409540.4149704,2025-12-22 13:19:00,2025-12-22 21:19:00,BarData,126.556,0,-1.0,-1.0,189.125278,0.0,✅ 触发交易,126.556,126.829,21.6,-1
1766409600.3605714,2025-12-22 13:20:00,2025-12-22 21:20:00,BarData,126.557,0,-1.0,-1.0,189.084278,0.0,✅ 触发交易,126.557,126.820,20.8,-1
1766409660.5151541,2025-12-22 13:21:00,2025-12-22 21:21:00,BarData,126.703,0,-1.0,-1.0,188.940278,0.0,❌ 震荡 (Gap 8.9 < 10),126.703,126.816,8.9,0
1766409661.1977954,2025-12-22 13:21:01,2025-12-22 21:21:01,PnlRecord,126.703,0,0,0,188.940278,0.26038378992552424,空,126.703,126.816,8.9,0
1766409661.5520918,2025-12-22 13:21:01,2025-12-22 21:21:01,CloseSignal,126.703,1.0,-1.0,0,188.940278,0.0,Strategy_TrendEnd,126.703,126.816,8.9,0
1766409720.3729703,2025-12-22 13:22:00,2025-12-22 21:22:00,BarData,126.662,0,0.0,0.0,188.936278,0.0,✅ 触发交易,126.662,126.811,11.8,-1
1766409724.2523186,2025-12-22 13:22:04,2025-12-22 21:22:04,Strategy_Open,126.662,1.0,0,-1.0,188.94627799999998,0.0,Strategy_Signal,126.662,126.811,11.8,-1
1766409780.6344907,2025-12-22 13:23:00,2025-12-22 21:23:00,BarData,126.61,0,-1.0,-1.0,188.956278,0.0,✅ 触发交易,126.610,126.804,15.4,-1
1766409840.5897849,2025-12-22 13:24:00,2025-12-22 21:24:00,BarData,126.666,0,-1.0,-1.0,188.903278,0.0,✅ 触发交易,126.666,126.800,10.6,-1
1766409900.5947933,2025-12-22 13:25:00,2025-12-22 21:25:00,BarData,126.523,0,-1.0,-1.0,189.04727799999998,0.0,✅ 触发交易,126.523,126.791,21.2,-1
1766409960.4280427,2025-12-22 13:26:00,2025-12-22 21:26:00,BarData,126.7,0,-1.0,-1.0,188.86827799999998,0.0,❌ 震荡 (Gap 6.9 < 10),126.700,126.788,6.9,0
1766409961.1480696,2025-12-22 13:26:01,2025-12-22 21:26:01,PnlRecord,126.7,0,0,0,188.86827799999998,-0.3947887879983984,空,126.700,126.788,6.9,0
1766409961.4970148,2025-12-22 13:26:01,2025-12-22 21:26:01,CloseSignal,126.7,1.0,-1.0,0,188.86827799999998,0.0,Strategy_TrendEnd,126.700,126.788,6.9,0
1766410020.479838,2025-12-22 13:27:00,2025-12-22 21:27:00,BarData,126.78,0,0.0,0.0,188.85544,0.0,❌ 震荡 (Gap 0.6 < 10),126.780,126.788,0.6,0
1766410080.4668818,2025-12-22 13:28:00,2025-12-22 21:28:00,BarData,126.772,0,0.0,0.0,188.85544,0.0,❌ 震荡 (Gap 1.2 < 10),126.772,126.787,1.2,0
1766410140.37898,2025-12-22 13:29:00,2025-12-22 21:29:00,BarData,126.803,0,0.0,0.0,188.85544,0.0,❌ 震荡 (Gap 1.2 < 10),126.803,126.788,1.2,0
1766410200.6816711,2025-12-22 13:30:00,2025-12-22 21:30:00,BarData,126.805,0,0.0,0.0,188.85544,0.0,❌ 震荡 (Gap 1.3 < 10),126.805,126.788,1.3,0
1766410260.5209835,2025-12-22 13:31:00,2025-12-22 21:31:00,BarData,126.713,0,0.0,0.0,188.85544,0.0,❌ 震荡 (Gap 5.7 < 10),126.713,126.786,5.7,0
1766410320.4425762,2025-12-22 13:32:00,2025-12-22 21:32:00,BarData,126.703,0,0.0,0.0,188.85544,0.0,❌ 震荡 (Gap 6.3 < 10),126.703,126.783,6.3,0
1766410380.437847,2025-12-22 13:33:00,2025-12-22 21:33:00,BarData,126.531,0,0.0,0.0,188.85544,0.0,✅ 触发交易,126.531,126.775,19.3,-1
1766410384.3336444,2025-12-22 13:33:04,2025-12-22 21:33:04,Strategy_Open,126.531,1.0,0,-1.0,188.849764,0.0,Strategy_Signal,126.531,126.775,19.3,-1
1766410440.3173819,2025-12-22 13:34:00,2025-12-22 21:34:00,BarData,126.632,0,-1.0,-1.0,188.838764,0.0,✅ 触发交易,126.632,126.770,10.9,-1
1766410500.5291648,2025-12-22 13:35:00,2025-12-22 21:35:00,BarData,126.586,0,-1.0,-1.0,188.843764,0.0,✅ 触发交易,126.586,126.764,14.1,-1
1766410560.1063728,2025-12-22 13:36:00,2025-12-22 21:36:00,BarData,126.52,0,-1.0,-1.0,188.844764,0.0,✅ 触发交易,126.520,126.756,18.7,-1
1766410620.224376,2025-12-22 13:37:00,2025-12-22 21:37:00,BarData,126.592,0,-1.0,-1.0,188.773764,0.0,✅ 触发交易,126.592,126.751,12.5,-1
1766410680.3849785,2025-12-22 13:38:00,2025-12-22 21:38:00,BarData,126.576,0,-1.0,-1.0,188.79876399999998,0.0,✅ 触发交易,126.576,126.745,13.3,-1
1766410740.533125,2025-12-22 13:39:00,2025-12-22 21:39:00,BarData,126.589,0,-1.0,-1.0,188.809764,0.0,✅ 触发交易,126.589,126.740,11.9,-1
1766410800.3967867,2025-12-22 13:40:00,2025-12-22 21:40:00,BarData,126.592,0,-1.0,-1.0,188.79276399999998,0.0,✅ 触发交易,126.592,126.735,11.3,-1
1766410860.1435924,2025-12-22 13:41:00,2025-12-22 21:41:00,BarData,126.531,0,-1.0,-1.0,188.85976399999998,0.0,✅ 触发交易,126.531,126.728,15.6,-1
1766410920.550966,2025-12-22 13:42:00,2025-12-22 21:42:00,BarData,126.538,0,-1.0,-1.0,188.848764,0.0,✅ 触发交易,126.538,126.722,14.5,-1
1766410980.7277448,2025-12-22 13:43:00,2025-12-22 21:43:00,BarData,126.51,0,-1.0,-1.0,188.88976399999999,0.0,✅ 触发交易,126.510,126.715,16.2,-1
1766411040.5265448,2025-12-22 13:44:00,2025-12-22 21:44:00,BarData,126.364,0,-1.0,-1.0,189.03176399999998,0.0,✅ 触发交易,126.364,126.704,26.9,-1
1766411100.313309,2025-12-22 13:45:00,2025-12-22 21:45:00,BarData,126.361,0,-1.0,-1.0,189.033764,0.0,✅ 触发交易,126.361,126.692,26.2,-1
1766411160.3306124,2025-12-22 13:46:00,2025-12-22 21:46:00,BarData,126.494,0,-1.0,-1.0,188.848764,0.0,✅ 触发交易,126.494,126.686,15.2,-1
1766411220.2805145,2025-12-22 13:47:00,2025-12-22 21:47:00,BarData,126.539,0,-1.0,-1.0,188.836764,0.0,✅ 触发交易,126.539,126.681,11.2,-1
1766411280.5748744,2025-12-22 13:48:00,2025-12-22 21:48:00,BarData,126.589,0,-1.0,-1.0,188.788764,0.0,❌ 震荡 (Gap 7.0 < 10),126.589,126.678,7.0,0
1766411281.278514,2025-12-22 13:48:01,2025-12-22 21:48:01,PnlRecord,126.589,0,0,0,188.788764,-0.4346657815290168,空,126.589,126.678,7.0,0
1766411281.6403205,2025-12-22 13:48:01,2025-12-22 21:48:01,CloseSignal,126.589,1.0,-1.0,0,188.788764,0.0,Strategy_TrendEnd,126.589,126.678,7.0,0
1766411340.3759995,2025-12-22 13:49:00,2025-12-22 21:49:00,BarData,126.532,0,0.0,0.0,188.799764,0.0,✅ 触发交易,126.532,126.673,11.2,-1
1766411344.2991796,2025-12-22 13:49:04,2025-12-22 21:49:04,Strategy_Open,126.532,1.0,0,-1.0,188.79676400000002,0.0,Strategy_Signal,126.532,126.673,11.2,-1
1766411400.4112663,2025-12-22 13:50:00,2025-12-22 21:50:00,BarData,126.632,0,-1.0,-1.0,188.71276400000002,0.0,❌ 震荡 (Gap 3.1 < 10),126.632,126.672,3.1,0
1766411401.140875,2025-12-22 13:50:01,2025-12-22 21:50:01,PnlRecord,126.632,0,0,0,188.71276400000002,-0.8061329329013187,空,126.632,126.672,3.1,0
1766411401.5248358,2025-12-22 13:50:01,2025-12-22 21:50:01,CloseSignal,126.632,1.0,-1.0,0,188.71276400000002,0.0,Strategy_TrendEnd,126.632,126.672,3.1,0
1766411460.323664,2025-12-22 13:51:00,2025-12-22 21:51:00,BarData,126.606,0,0.0,0.0,188.681764,0.0,❌ 震荡 (Gap 5.0 < 10),126.606,126.670,5.0,0
1766411520.1803594,2025-12-22 13:52:00,2025-12-22 21:52:00,BarData,126.712,0,0.0,0.0,188.681764,0.0,❌ 震荡 (Gap 3.2 < 10),126.712,126.671,3.2,0
1766411580.3679173,2025-12-22 13:53:00,2025-12-22 21:53:00,BarData,126.726,0,0.0,0.0,188.681764,0.0,❌ 震荡 (Gap 4.2 < 10),126.726,126.673,4.2,0
1766411640.5725186,2025-12-22 13:54:00,2025-12-22 21:54:00,BarData,126.734,0,0.0,0.0,188.681764,0.0,❌ 震荡 (Gap 4.7 < 10),126.734,126.675,4.7,0
1766411700.4924552,2025-12-22 13:55:00,2025-12-22 21:55:00,BarData,126.807,0,0.0,0.0,188.681764,0.0,✅ 触发交易,126.807,126.679,10.1,1
1766411704.4002585,2025-12-22 13:55:04,2025-12-22 21:55:04,Strategy_Open,126.807,1.0,0,1.0,188.675764,0.0,Strategy_Signal,126.807,126.679,10.1,1
1766411760.4684901,2025-12-22 13:56:00,2025-12-22 21:56:00,BarData,127.012,0,1.0,1.0,188.86476399999998,0.0,✅ 触发交易,127.012,126.690,25.3,1
1766411820.6015115,2025-12-22 13:57:00,2025-12-22 21:57:00,BarData,126.949,0,1.0,1.0,188.790764,0.0,✅ 触发交易,126.949,126.699,19.7,1
1766411880.3864057,2025-12-22 13:58:00,2025-12-22 21:58:00,BarData,126.964,0,1.0,1.0,188.824764,0.0,✅ 触发交易,126.964,126.707,20.2,1
1766411940.3043144,2025-12-22 13:59:00,2025-12-22 21:59:00,BarData,126.977,0,1.0,1.0,188.85276399999998,0.0,✅ 触发交易,126.977,126.716,20.5,1
1766412000.2848656,2025-12-22 14:00:00,2025-12-22 22:00:00,BarData,126.941,0,1.0,1.0,188.819764,0.0,✅ 触发交易,126.941,126.724,17.1,1
1766412060.3153996,2025-12-22 14:01:00,2025-12-22 22:01:00,BarData,126.965,0,1.0,1.0,188.82938199999998,0.0,✅ 触发交易,126.965,126.731,18.4,1
1766412120.5277886,2025-12-22 14:02:00,2025-12-22 22:02:00,BarData,127.039,0,1.0,1.0,188.897382,0.0,✅ 触发交易,127.039,126.742,23.4,1
1766412180.709484,2025-12-22 14:03:00,2025-12-22 22:03:00,BarData,127.073,0,1.0,1.0,188.94938199999999,0.0,✅ 触发交易,127.073,126.752,25.2,1
1766412240.575398,2025-12-22 14:04:00,2025-12-22 22:04:00,BarData,127.063,0,1.0,1.0,188.928382,0.0,✅ 触发交易,127.063,126.763,23.6,1
1766412300.3207405,2025-12-22 14:05:00,2025-12-22 22:05:00,BarData,127.12,0,1.0,1.0,188.964382,0.0,✅ 触发交易,127.120,126.774,27.2,1
1766412360.5241005,2025-12-22 14:06:00,2025-12-22 22:06:00,BarData,127.196,0,1.0,1.0,189.059382,0.0,✅ 触发交易,127.196,126.788,32.1,1
1766412420.2586505,2025-12-22 14:07:00,2025-12-22 22:07:00,BarData,127.291,0,1.0,1.0,189.142382,0.0,✅ 触发交易,127.291,126.805,38.2,1
1766412480.320468,2025-12-22 14:08:00,2025-12-22 22:08:00,BarData,127.162,0,1.0,1.0,189.07938199999998,0.0,✅ 触发交易,127.162,126.816,27.2,1
1766412540.5538418,2025-12-22 14:09:00,2025-12-22 22:09:00,BarData,127.157,0,1.0,1.0,188.96038199999998,0.0,✅ 触发交易,127.157,126.827,25.9,1
1766412600.1356864,2025-12-22 14:10:00,2025-12-22 22:10:00,BarData,126.975,0,1.0,1.0,188.821382,0.0,✅ 触发交易,126.975,126.832,11.2,1
1766412660.374578,2025-12-22 14:11:00,2025-12-22 22:11:00,BarData,126.949,0,1.0,1.0,188.81138199999998,0.0,❌ 震荡 (Gap 8.9 < 10),126.949,126.836,8.9,0
1766412661.0523236,2025-12-22 14:11:01,2025-12-22 22:11:01,PnlRecord,126.949,0,0,0,188.81138199999998,1.009296567603158,多,126.949,126.836,8.9,0
1766412661.411108,2025-12-22 14:11:01,2025-12-22 22:11:01,CloseSignal,126.949,1.0,1.0,0,188.81138199999998,0.0,Strategy_TrendEnd,126.949,126.836,8.9,0
1766412720.5213037,2025-12-22 14:12:00,2025-12-22 22:12:00,BarData,126.963,0,0.0,0.0,188.811383,0.0,❌ 震荡 (Gap 9.7 < 10),126.963,126.840,9.7,0
1766412780.599943,2025-12-22 14:13:00,2025-12-22 22:13:00,BarData,126.981,0,0.0,0.0,188.811383,0.0,✅ 触发交易,126.981,126.845,10.7,1
1766412784.4783556,2025-12-22 14:13:04,2025-12-22 22:13:04,Strategy_Open,126.981,1.0,0,1.0,188.811383,0.0,Strategy_Signal,126.981,126.845,10.7,1
1766412840.093735,2025-12-22 14:14:00,2025-12-22 22:14:00,BarData,127.047,0,1.0,1.0,188.844383,0.0,✅ 触发交易,127.047,126.852,15.4,1
1766412900.5364273,2025-12-22 14:15:00,2025-12-22 22:15:00,BarData,127.062,0,1.0,1.0,188.875383,0.0,✅ 触发交易,127.062,126.858,16.0,1
1766412960.1393375,2025-12-22 14:16:00,2025-12-22 22:16:00,BarData,127.176,0,1.0,1.0,188.994383,0.0,✅ 触发交易,127.176,126.869,24.2,1
1766413020.6427574,2025-12-22 14:17:00,2025-12-22 22:17:00,BarData,127.293,0,1.0,1.0,189.108383,0.0,✅ 触发交易,127.293,126.883,32.2,1
1766413080.1131146,2025-12-22 14:18:00,2025-12-22 22:18:00,BarData,127.326,0,1.0,1.0,189.139383,0.0,✅ 触发交易,127.326,126.897,33.7,1
1766413140.2368374,2025-12-22 14:19:00,2025-12-22 22:19:00,BarData,127.416,0,1.0,1.0,189.240383,0.0,✅ 触发交易,127.416,126.914,39.4,1
1766413200.5666263,2025-12-22 14:20:00,2025-12-22 22:20:00,BarData,127.434,0,1.0,1.0,189.253383,0.0,✅ 触发交易,127.434,126.931,39.4,1
1766413260.3426092,2025-12-22 14:21:00,2025-12-22 22:21:00,BarData,127.374,0,1.0,1.0,189.17038300000002,0.0,✅ 触发交易,127.374,126.946,33.6,1
1766413320.70677,2025-12-22 14:22:00,2025-12-22 22:22:00,BarData,127.316,0,1.0,1.0,189.128383,0.0,✅ 触发交易,127.316,126.958,28.1,1
1766413380.3095567,2025-12-22 14:23:00,2025-12-22 22:23:00,BarData,127.317,0,1.0,1.0,189.130383,0.0,✅ 触发交易,127.317,126.970,27.3,1
1766413440.3223763,2025-12-22 14:24:00,2025-12-22 22:24:00,BarData,127.31,0,1.0,1.0,189.12938300000002,0.0,✅ 触发交易,127.310,126.981,25.8,1
1766413500.2483847,2025-12-22 14:25:00,2025-12-22 22:25:00,BarData,127.137,0,1.0,1.0,188.994383,0.0,✅ 触发交易,127.137,126.986,11.9,1
1766413560.2499692,2025-12-22 14:26:00,2025-12-22 22:26:00,BarData,127.412,0,1.0,1.0,189.238383,0.0,✅ 触发交易,127.412,127.000,32.3,1
1766413620.1871233,2025-12-22 14:27:00,2025-12-22 22:27:00,BarData,127.427,0,1.0,1.0,189.227383,0.0,✅ 触发交易,127.427,127.014,32.4,1
1766413680.3254611,2025-12-22 14:28:00,2025-12-22 22:28:00,BarData,127.428,0,1.0,1.0,189.245383,0.0,✅ 触发交易,127.428,127.028,31.4,1
1766413740.4412026,2025-12-22 14:29:00,2025-12-22 22:29:00,BarData,127.458,0,1.0,1.0,189.27238300000002,0.0,✅ 触发交易,127.458,127.042,32.7,1
1766413800.4877582,2025-12-22 14:30:00,2025-12-22 22:30:00,BarData,127.389,0,1.0,1.0,189.175383,0.0,✅ 触发交易,127.389,127.053,26.4,1
1766413860.264323,2025-12-22 14:31:00,2025-12-22 22:31:00,BarData,127.23,0,1.0,1.0,189.160383,0.0,✅ 触发交易,127.230,127.059,13.4,1
1766413920.6186523,2025-12-22 14:32:00,2025-12-22 22:32:00,BarData,127.452,0,1.0,1.0,189.18338300000002,0.0,✅ 触发交易,127.452,127.072,29.8,1
1766413931.4774065,2025-12-22 14:32:11,2025-12-22 22:32:11,TP,127.653,1.0,1.0,0.0,189.436383,0.0,🚀 止盈 (+5.17%),127.452,127.072,29.8,1
1766413931.477737,2025-12-22 14:32:11,2025-12-22 22:32:11,PnlRecord,127.653,0,0,0,189.351383,5.173391287914664,多,127.452,127.072,29.8,1
1766413980.5845082,2025-12-22 14:33:00,2025-12-22 22:33:00,BarData,127.815,0,0.0,0.0,189.436383,0.0,✅ 触发交易,127.815,127.096,56.2,1
1766413984.5917516,2025-12-22 14:33:04,2025-12-22 22:33:04,Strategy_Open,127.815,1.0,0,1.0,189.33738300000002,0.0,Strategy_Signal,127.815,127.096,56.2,1
1766413990.377554,2025-12-22 14:33:10,2025-12-22 22:33:10,SL,127.654,1.0,1.0,0.0,189.306383,0.0,🛡️ 止损 (-1.20%),127.815,127.096,56.2,1
1766413990.3778794,2025-12-22 14:33:10,2025-12-22 22:33:10,PnlRecord,127.654,0,0,0,189.309383,-1.1971175287738995,多,127.815,127.096,56.2,1
1766414040.4924045,2025-12-22 14:34:00,2025-12-22 22:34:00,BarData,127.104,0,0.0,0.0,189.306383,0.0,❌ 震荡 (Gap 0.6 < 10),127.104,127.096,0.6,0
1766414100.1701221,2025-12-22 14:35:00,2025-12-22 22:35:00,BarData,127.101,0,0.0,0.0,189.306383,0.0,❌ 震荡 (Gap 0.4 < 10),127.101,127.097,0.4,0
1766414160.2577233,2025-12-22 14:36:00,2025-12-22 22:36:00,BarData,127.013,0,0.0,0.0,189.306383,0.0,❌ 震荡 (Gap 6.4 < 10),127.013,127.094,6.4,0
1766414220.4947333,2025-12-22 14:37:00,2025-12-22 22:37:00,BarData,127.038,0,0.0,0.0,189.306383,0.0,❌ 震荡 (Gap 4.2 < 10),127.038,127.092,4.2,0
1766414280.336428,2025-12-22 14:38:00,2025-12-22 22:38:00,BarData,126.898,0,0.0,0.0,189.306383,0.0,❌ 快线向上,126.898,127.086,14.8,0
1766414340.2957816,2025-12-22 14:39:00,2025-12-22 22:39:00,BarData,126.764,0,0.0,0.0,189.306383,0.0,✅ 触发交易,126.764,127.075,24.5,-1
1766414344.1826835,2025-12-22 14:39:04,2025-12-22 22:39:04,Strategy_Open,126.764,1.0,0,-1.0,189.340383,0.0,Strategy_Signal,126.764,127.075,24.5,-1
1766414377.2696173,2025-12-22 14:39:37,2025-12-22 22:39:37,SL,126.9,1.0,-1.0,0.0,189.187383,0.0,🛡️ 止损 (-1.22%),126.764,127.075,24.5,-1
1766414377.2698996,2025-12-22 14:39:37,2025-12-22 22:39:37,PnlRecord,126.9,0,0,0,189.27238300000002,-1.2229279261509418,空,126.764,127.075,24.5,-1
1766414400.1727347,2025-12-22 14:40:00,2025-12-22 22:40:00,BarData,127.032,0,0.0,0.0,189.187383,0.0,❌ 震荡 (Gap 3.3 < 10),127.032,127.074,3.3,0
1766414460.4424336,2025-12-22 14:41:00,2025-12-22 22:41:00,BarData,126.602,0,0.0,0.0,189.187383,0.0,✅ 触发交易,126.602,127.058,36.0,-1
1766414464.3635361,2025-12-22 14:41:04,2025-12-22 22:41:04,Strategy_Open,126.602,1.0,0,-1.0,189.199383,0.0,Strategy_Signal,126.602,127.058,36.0,-1
1766414504.5574117,2025-12-22 14:41:44,2025-12-22 22:41:44,SL,126.791,1.0,-1.0,0.0,189.009383,0.0,🛡️ 止损 (-1.34%),126.602,127.058,36.0,-1
1766414504.5577142,2025-12-22 14:41:44,2025-12-22 22:41:44,PnlRecord,126.791,0,0,0,189.20738300000002,-1.3425893019325525,空,126.602,127.058,36.0,-1
1766414520.3700273,2025-12-22 14:42:00,2025-12-22 22:42:00,BarData,126.657,0,0.0,0.0,189.009383,0.0,✅ 触发交易,126.657,127.045,30.6,-1
1766414524.6108198,2025-12-22 14:42:04,2025-12-22 22:42:04,Strategy_Open,126.657,1.0,0,-1.0,188.971383,0.0,Strategy_Signal,126.657,127.045,30.6,-1
1766414534.3501256,2025-12-22 14:42:14,2025-12-22 22:42:14,SL,126.727,1.0,-1.0,0.0,188.883383,0.0,🛡️ 止损 (-1.15%),126.657,127.045,30.6,-1
1766414534.3504446,2025-12-22 14:42:14,2025-12-22 22:42:14,PnlRecord,126.727,0,0,0,188.961383,-1.145502520105625,空,126.657,127.045,30.6,-1
1766414580.351069,2025-12-22 14:43:00,2025-12-22 22:43:00,BarData,126.84,0,0.0,0.0,188.883383,0.0,✅ 触发交易,126.840,127.038,15.6,-1
1766414584.2465694,2025-12-22 14:43:04,2025-12-22 22:43:04,Strategy_Open,126.84,1.0,0,-1.0,188.859383,0.0,Strategy_Signal,126.840,127.038,15.6,-1
1766414603.225083,2025-12-22 14:43:23,2025-12-22 22:43:23,SL,126.967,1.0,-1.0,0.0,188.751383,0.0,🛡️ 止损 (-1.03%),126.840,127.038,15.6,-1
1766414603.2254221,2025-12-22 14:43:23,2025-12-22 22:43:23,PnlRecord,126.967,0,0,0,188.860383,-1.0328297959569859,空,126.840,127.038,15.6,-1
1766414640.1920085,2025-12-22 14:44:00,2025-12-22 22:44:00,BarData,127.05,0,0.0,0.0,188.751383,0.0,❌ 震荡 (Gap 0.9 < 10),127.050,127.039,0.9,0
1766414700.481866,2025-12-22 14:45:00,2025-12-22 22:45:00,BarData,127.196,0,0.0,0.0,188.751383,0.0,✅ 触发交易,127.196,127.044,12.0,1
1766414704.4131477,2025-12-22 14:45:04,2025-12-22 22:45:04,Strategy_Open,127.196,1.0,0,1.0,188.788383,0.0,Strategy_Signal,127.196,127.044,12.0,1
1766414748.1331606,2025-12-22 14:45:48,2025-12-22 22:45:48,SL,127.027,1.0,1.0,0.0,188.624383,0.0,🛡️ 止损 (-1.06%),127.196,127.044,12.0,1
1766414748.1334553,2025-12-22 14:45:48,2025-12-22 22:45:48,PnlRecord,127.027,0,0,0,188.699383,-1.0616379106966318,多,127.196,127.044,12.0,1
1766414760.5382717,2025-12-22 14:46:00,2025-12-22 22:46:00,BarData,127.123,0,0.0,0.0,188.624383,0.0,❌ 震荡 (Gap 6.0 < 10),127.123,127.046,6.0,0
1766414820.321996,2025-12-22 14:47:00,2025-12-22 22:47:00,BarData,127.242,0,0.0,0.0,188.624383,0.0,✅ 触发交易,127.242,127.053,14.9,1
1766414824.189466,2025-12-22 14:47:04,2025-12-22 22:47:04,Strategy_Open,127.242,1.0,0,1.0,188.63938299999998,0.0,Strategy_Signal,127.242,127.053,14.9,1
1766414880.395767,2025-12-22 14:48:00,2025-12-22 22:48:00,BarData,127.61,0,1.0,1.0,188.93138299999998,0.0,✅ 触发交易,127.610,127.071,42.2,1
1766414915.386107,2025-12-22 14:48:35,2025-12-22 22:48:35,TP,127.901,1.0,1.0,0.0,189.273353,0.0,🚀 止盈 (+5.33%),127.610,127.071,42.2,1
1766414915.3864443,2025-12-22 14:48:35,2025-12-22 22:48:35,PnlRecord,127.901,0,0,0,189.225383,5.329225061506153,多,127.610,127.071,42.2,1
1766414940.4193094,2025-12-22 14:49:00,2025-12-22 22:49:00,BarData,127.505,0,0.0,0.0,189.273353,0.0,✅ 触发交易,127.505,127.085,32.9,1
1766414944.3069112,2025-12-22 14:49:04,2025-12-22 22:49:04,Strategy_Open,127.505,1.0,0,1.0,189.233353,0.0,Strategy_Signal,127.505,127.085,32.9,1
1766415000.212591,2025-12-22 14:50:00,2025-12-22 22:50:00,BarData,127.633,0,1.0,1.0,189.39635299999998,0.0,✅ 触发交易,127.633,127.103,41.5,1
1766415060.4550996,2025-12-22 14:51:00,2025-12-22 22:51:00,BarData,127.578,0,1.0,1.0,189.311353,0.0,✅ 触发交易,127.578,127.119,36.0,1
1766415120.5188825,2025-12-22 14:52:00,2025-12-22 22:52:00,BarData,127.469,0,1.0,1.0,189.304353,0.0,✅ 触发交易,127.469,127.130,26.6,1
1766415180.5961428,2025-12-22 14:53:00,2025-12-22 22:53:00,BarData,127.574,0,1.0,1.0,189.34235299999997,0.0,✅ 触发交易,127.574,127.145,33.6,1
1766415240.3558805,2025-12-22 14:54:00,2025-12-22 22:54:00,BarData,127.808,0,1.0,1.0,189.52835299999998,0.0,✅ 触发交易,127.808,127.167,50.2,1
1766415300.576748,2025-12-22 14:55:00,2025-12-22 22:55:00,BarData,127.947,0,1.0,1.0,189.697353,0.0,✅ 触发交易,127.947,127.192,59.0,1
1766415360.4468925,2025-12-22 14:56:00,2025-12-22 22:56:00,BarData,127.853,0,1.0,1.0,189.67135299999998,0.0,✅ 触发交易,127.853,127.214,50.0,1
1766415420.3229055,2025-12-22 14:57:00,2025-12-22 22:57:00,BarData,127.755,0,1.0,1.0,189.589353,0.0,✅ 触发交易,127.755,127.232,41.0,1
1766415480.5675578,2025-12-22 14:58:00,2025-12-22 22:58:00,BarData,127.772,0,1.0,1.0,189.53435299999998,0.0,✅ 触发交易,127.772,127.249,40.9,1
1766415540.582217,2025-12-22 14:59:00,2025-12-22 22:59:00,BarData,127.788,0,1.0,1.0,189.553353,0.0,✅ 触发交易,127.788,127.267,40.8,1
1766415600.3585966,2025-12-22 15:00:00,2025-12-22 23:00:00,BarData,127.79,0,1.0,1.0,189.54635299999998,0.0,✅ 触发交易,127.790,127.284,39.6,1
1766415660.3493094,2025-12-22 15:01:00,2025-12-22 23:01:00,BarData,127.737,0,1.0,1.0,189.50232999999997,0.0,✅ 触发交易,127.737,127.299,34.3,1
1766415720.1805933,2025-12-22 15:02:00,2025-12-22 23:02:00,BarData,127.504,0,1.0,1.0,189.38733,0.0,✅ 触发交易,127.504,127.306,15.6,1
1766415780.5091746,2025-12-22 15:03:00,2025-12-22 23:03:00,BarData,127.665,0,1.0,1.0,189.56733,0.0,✅ 触发交易,127.665,127.318,27.2,1
1766415840.3165584,2025-12-22 15:04:00,2025-12-22 23:04:00,BarData,127.804,0,1.0,1.0,189.56432999999998,0.0,✅ 触发交易,127.804,127.333,36.8,1
1766415900.4238298,2025-12-22 15:05:00,2025-12-22 23:05:00,BarData,127.868,0,1.0,1.0,189.70132999999998,0.0,✅ 触发交易,127.868,127.351,40.4,1
1766415960.285958,2025-12-22 15:06:00,2025-12-22 23:06:00,BarData,127.904,0,1.0,1.0,189.67032999999998,0.0,✅ 触发交易,127.904,127.369,41.8,1
1766416020.458355,2025-12-22 15:07:00,2025-12-22 23:07:00,BarData,128.055,0,1.0,1.0,189.81033,0.0,✅ 触发交易,128.055,127.392,51.8,1
1766416040.2099235,2025-12-22 15:07:20,2025-12-22 23:07:20,TP,128.158,1.0,1.0,0.0,189.89633,0.0,🚀 止盈 (+5.00%),128.055,127.392,51.8,1
1766416040.210222,2025-12-22 15:07:20,2025-12-22 23:07:20,PnlRecord,128.158,0,0,0,189.88932999999997,5.003136762860658,多,128.055,127.392,51.8,1
1766416080.3461864,2025-12-22 15:08:00,2025-12-22 23:08:00,BarData,128.18,0,0.0,0.0,189.89633,0.0,✅ 触发交易,128.180,127.417,59.5,1
1766416084.263549,2025-12-22 15:08:04,2025-12-22 23:08:04,Strategy_Open,128.18,1.0,0,1.0,189.88633000000002,0.0,Strategy_Signal,128.180,127.417,59.5,1
1766416115.0828354,2025-12-22 15:08:35,2025-12-22 23:08:35,SL,128.042,1.0,1.0,0.0,189.77733,0.0,🛡️ 止损 (-1.14%),128.180,127.417,59.5,1
1766416115.083149,2025-12-22 15:08:35,2025-12-22 23:08:35,PnlRecord,128.042,0,0,0,189.79833,-1.138952164009007,多,128.180,127.417,59.5,1
1766416140.5284727,2025-12-22 15:09:00,2025-12-22 23:09:00,BarData,128.218,0,0.0,0.0,189.77733,0.0,✅ 触发交易,128.218,127.444,60.4,1
1766416144.4098952,2025-12-22 15:09:04,2025-12-22 23:09:04,Strategy_Open,128.218,1.0,0,1.0,189.78333,0.0,Strategy_Signal,128.218,127.444,60.4,1
1766416200.0953526,2025-12-22 15:10:00,2025-12-22 23:10:00,BarData,128.317,0,1.0,1.0,189.86733,0.0,✅ 触发交易,128.317,127.472,65.8,1
1766416260.4241564,2025-12-22 15:11:00,2025-12-22 23:11:00,BarData,128.425,0,1.0,1.0,190.10933,0.0,✅ 触发交易,128.425,127.504,71.7,1
1766416320.1553242,2025-12-22 15:12:00,2025-12-22 23:12:00,BarData,128.418,0,1.0,1.0,189.92733,0.0,✅ 触发交易,128.418,127.534,68.9,1
1766416364.5026011,2025-12-22 15:12:44,2025-12-22 23:12:44,SL,128.099,1.0,1.0,0.0,189.66733,0.0,🛡️ 止损 (-1.02%),128.418,127.534,68.9,1
1766416364.5029292,2025-12-22 15:12:44,2025-12-22 23:12:44,PnlRecord,128.099,0,0,0,189.75833,-1.0216018092490076,多,128.418,127.534,68.9,1
1766416380.696752,2025-12-22 15:13:00,2025-12-22 23:13:00,BarData,127.672,0,0.0,0.0,189.66733,0.0,✅ 触发交易,127.672,127.538,10.5,1
1766416384.5629148,2025-12-22 15:13:04,2025-12-22 23:13:04,Strategy_Open,127.672,1.0,0,1.0,189.67333,0.0,Strategy_Signal,127.672,127.538,10.5,1
1766416440.4072986,2025-12-22 15:14:00,2025-12-22 23:14:00,BarData,127.79,0,1.0,1.0,189.66233,0.0,✅ 触发交易,127.790,127.546,19.1,1
1766416459.4185715,2025-12-22 15:14:19,2025-12-22 23:14:19,SL,127.635,1.0,1.0,0.0,189.53733,0.0,🛡️ 止损 (-1.16%),127.790,127.546,19.1,1
1766416459.4190357,2025-12-22 15:14:19,2025-12-22 23:14:19,PnlRecord,127.635,0,0,0,189.59733,-1.1582135338816284,多,127.790,127.546,19.1,1
1766416500.240918,2025-12-22 15:15:00,2025-12-22 23:15:00,BarData,127.489,0,0.0,0.0,189.53733,0.0,❌ 震荡 (Gap 4.4 < 10),127.489,127.544,4.4,0
1766416560.2726119,2025-12-22 15:16:00,2025-12-22 23:16:00,BarData,127.524,0,0.0,0.0,189.53733,0.0,❌ 震荡 (Gap 1.6 < 10),127.524,127.544,1.6,0
1766416620.44259,2025-12-22 15:17:00,2025-12-22 23:17:00,BarData,127.647,0,0.0,0.0,189.53733,0.0,❌ 震荡 (Gap 7.8 < 10),127.647,127.547,7.8,0
1766416680.4959207,2025-12-22 15:18:00,2025-12-22 23:18:00,BarData,127.756,0,0.0,0.0,189.53733,0.0,✅ 触发交易,127.756,127.554,15.8,1
1766416684.403454,2025-12-22 15:18:04,2025-12-22 23:18:04,Strategy_Open,127.756,1.0,0,1.0,189.55333,0.0,Strategy_Signal,127.756,127.554,15.8,1
1766416702.3763492,2025-12-22 15:18:22,2025-12-22 23:18:22,SL,127.657,1.0,1.0,0.0,189.41633,0.0,🛡️ 止损 (-1.06%),127.756,127.554,15.8,1
1766416702.3766582,2025-12-22 15:18:22,2025-12-22 23:18:22,PnlRecord,127.657,0,0,0,189.55333,-1.0642210449712417,多,127.756,127.554,15.8,1
1766416740.1119068,2025-12-22 15:19:00,2025-12-22 23:19:00,BarData,127.746,0,0.0,0.0,189.41633,0.0,✅ 触发交易,127.746,127.560,14.5,1
1766416743.9820058,2025-12-22 15:19:03,2025-12-22 23:19:03,Strategy_Open,127.746,1.0,0,1.0,189.40733,0.0,Strategy_Signal,127.746,127.560,14.5,1
1766416800.3957841,2025-12-22 15:20:00,2025-12-22 23:20:00,BarData,127.676,0,1.0,1.0,189.38532999999998,0.0,❌ 震荡 (Gap 8.8 < 10),127.676,127.564,8.8,0
1766416801.0932612,2025-12-22 15:20:01,2025-12-22 23:20:01,PnlRecord,127.676,0,0,0,189.38532999999998,-0.48536848862513593,多,127.676,127.564,8.8,0
1766416801.5005813,2025-12-22 15:20:01,2025-12-22 23:20:01,CloseSignal,127.676,1.0,1.0,0,189.38532999999998,0.0,Strategy_TrendEnd,127.676,127.564,8.8,0
1766416860.5092058,2025-12-22 15:21:00,2025-12-22 23:21:00,BarData,127.836,0,0.0,0.0,189.35333,0.0,✅ 触发交易,127.836,127.573,20.6,1
1766416864.434965,2025-12-22 15:21:04,2025-12-22 23:21:04,Strategy_Open,127.836,1.0,0,1.0,189.31633,0.0,Strategy_Signal,127.836,127.573,20.6,1
1766416883.3190334,2025-12-22 15:21:23,2025-12-22 23:21:23,SL,127.667,1.0,1.0,0.0,189.203334,0.0,🛡️ 止损 (-1.05%),127.836,127.573,20.6,1
1766416883.3193252,2025-12-22 15:21:23,2025-12-22 23:21:23,PnlRecord,127.667,0,0,0,189.27233,-1.0485050977691905,多,127.836,127.573,20.6,1
1766416920.356765,2025-12-22 15:22:00,2025-12-22 23:22:00,BarData,127.455,0,0.0,0.0,189.203334,0.0,❌ 震荡 (Gap 9.0 < 10),127.455,127.569,9.0,0
1766416980.5214572,2025-12-22 15:23:00,2025-12-22 23:23:00,BarData,127.173,0,0.0,0.0,189.203334,0.0,❌ 快线向上,127.173,127.556,30.1,0
1766417040.1734543,2025-12-22 15:24:00,2025-12-22 23:24:00,BarData,126.867,0,0.0,0.0,189.203334,0.0,✅ 触发交易,126.867,127.534,52.5,-1
1766417044.0399966,2025-12-22 15:24:04,2025-12-22 23:24:04,Strategy_Open,126.867,1.0,0,-1.0,189.12133400000002,0.0,Strategy_Signal,126.867,127.534,52.5,-1
1766417048.7504697,2025-12-22 15:24:08,2025-12-22 23:24:08,SL,127.063,1.0,-1.0,0.0,188.965496,0.0,🛡️ 止损 (-1.32%),126.867,127.534,52.5,-1
1766417048.7507923,2025-12-22 15:24:08,2025-12-22 23:24:08,PnlRecord,127.063,0,0,0,189.12133400000002,-1.3239292328303431,空,126.867,127.534,52.5,-1
1766417100.4030766,2025-12-22 15:25:00,2025-12-22 23:25:00,BarData,127.346,0,0.0,0.0,188.965496,0.0,❌ 快线向上,127.346,127.527,14.2,0
1766417160.3965344,2025-12-22 15:26:00,2025-12-22 23:26:00,BarData,127.449,0,0.0,0.0,188.965496,0.0,❌ 震荡 (Gap 6.0 < 10),127.449,127.525,6.0,0
1766417220.2537937,2025-12-22 15:27:00,2025-12-22 23:27:00,BarData,127.272,0,0.0,0.0,188.965496,0.0,❌ 快线向上,127.272,127.517,19.2,0
1766417280.2234569,2025-12-22 15:28:00,2025-12-22 23:28:00,BarData,127.332,0,0.0,0.0,188.965496,0.0,❌ 快线向上,127.332,127.511,14.0,0
1766417340.1667964,2025-12-22 15:29:00,2025-12-22 23:29:00,BarData,127.232,0,0.0,0.0,188.965496,0.0,❌ 快线向上,127.232,127.501,21.2,0
1766417400.6242309,2025-12-22 15:30:00,2025-12-22 23:30:00,BarData,127.303,0,0.0,0.0,188.965496,0.0,❌ 快线向上,127.303,127.495,15.1,0
1766417460.2962973,2025-12-22 15:31:00,2025-12-22 23:31:00,BarData,127.026,0,0.0,0.0,188.965496,0.0,✅ 触发交易,127.026,127.480,35.7,-1
1766417464.1535213,2025-12-22 15:31:04,2025-12-22 23:31:04,Strategy_Open,127.026,1.0,0,-1.0,188.937,0.0,Strategy_Signal,127.026,127.480,35.7,-1
1766417520.4680984,2025-12-22 15:32:00,2025-12-22 23:32:00,BarData,126.962,0,-1.0,-1.0,189.074,0.0,✅ 触发交易,126.962,127.463,39.4,-1
1766417580.3176057,2025-12-22 15:33:00,2025-12-22 23:33:00,BarData,126.912,0,-1.0,-1.0,189.025,0.0,✅ 触发交易,126.912,127.444,42.0,-1
1766417640.538253,2025-12-22 15:34:00,2025-12-22 23:34:00,BarData,127.008,0,-1.0,-1.0,189.032,0.0,✅ 触发交易,127.008,127.430,33.2,-1
1766417662.559852,2025-12-22 15:34:22,2025-12-22 23:34:22,SL,127.13,1.0,-1.0,0.0,188.833,0.0,🛡️ 止损 (-1.02%),127.008,127.430,33.2,-1
1766417662.560257,2025-12-22 15:34:22,2025-12-22 23:34:22,PnlRecord,127.13,0,0,0,188.897,-1.0157400335429696,空,127.008,127.430,33.2,-1
1766417700.292226,2025-12-22 15:35:00,2025-12-22 23:35:00,BarData,127.208,0,0.0,0.0,188.833,0.0,❌ 快线向上,127.208,127.423,16.9,0
1766417760.1384006,2025-12-22 15:36:00,2025-12-22 23:36:00,BarData,126.947,0,0.0,0.0,188.833,0.0,✅ 触发交易,126.947,127.407,36.3,-1
1766417764.010401,2025-12-22 15:36:04,2025-12-22 23:36:04,Strategy_Open,126.947,1.0,0,-1.0,188.875,0.0,Strategy_Signal,126.947,127.407,36.3,-1
1766417820.3886254,2025-12-22 15:37:00,2025-12-22 23:37:00,BarData,126.644,0,-1.0,-1.0,189.136,0.0,✅ 触发交易,126.644,127.382,58.3,-1
1766417880.4168227,2025-12-22 15:38:00,2025-12-22 23:38:00,BarData,126.631,0,-1.0,-1.0,189.023,0.0,✅ 触发交易,126.631,127.358,57.4,-1
1766417940.422021,2025-12-22 15:39:00,2025-12-22 23:39:00,BarData,126.767,0,-1.0,-1.0,189.039,0.0,✅ 触发交易,126.767,127.338,45.1,-1
1766418000.30578,2025-12-22 15:40:00,2025-12-22 23:40:00,BarData,126.668,0,-1.0,-1.0,189.06,0.0,✅ 触发交易,126.668,127.316,51.2,-1
1766418060.6184723,2025-12-22 15:41:00,2025-12-22 23:41:00,BarData,127.081,0,-1.0,-1.0,188.728,0.0,✅ 触发交易,127.081,127.309,17.9,-1
1766418065.0766585,2025-12-22 15:41:05,2025-12-22 23:41:05,SL,127.124,1.0,-1.0,0.0,188.656869,0.0,🛡️ 止损 (-1.30%),127.081,127.309,17.9,-1
1766418065.076949,2025-12-22 15:41:05,2025-12-22 23:41:05,PnlRecord,127.124,0,0,0,188.728,-1.2996321647145304,空,127.081,127.309,17.9,-1
1766418120.48294,2025-12-22 15:42:00,2025-12-22 23:42:00,BarData,126.93,0,0.0,0.0,188.656869,0.0,✅ 触发交易,126.930,127.296,28.8,-1
1766418124.3788838,2025-12-22 15:42:04,2025-12-22 23:42:04,Strategy_Open,126.93,1.0,0,-1.0,188.589625,0.0,Strategy_Signal,126.930,127.296,28.8,-1
1766418136.4358237,2025-12-22 15:42:16,2025-12-22 23:42:16,SL,127.01,1.0,-1.0,0.0,188.532625,0.0,🛡️ 止损 (-1.08%),126.930,127.296,28.8,-1
1766418136.4361799,2025-12-22 15:42:16,2025-12-22 23:42:16,PnlRecord,127.01,0,0,0,188.583625,-1.0798199774577764,空,126.930,127.296,28.8,-1
1766418180.5117931,2025-12-22 15:43:00,2025-12-22 23:43:00,BarData,126.891,0,0.0,0.0,188.532625,0.0,✅ 触发交易,126.891,127.283,30.9,-1
1766418184.3661215,2025-12-22 15:43:04,2025-12-22 23:43:04,Strategy_Open,126.891,1.0,0,-1.0,188.556625,0.0,Strategy_Signal,126.891,127.283,30.9,-1
1766418240.4953399,2025-12-22 15:44:00,2025-12-22 23:44:00,BarData,126.961,0,-1.0,-1.0,188.568625,0.0,✅ 触发交易,126.961,127.272,24.5,-1
1766418280.4334369,2025-12-22 15:44:40,2025-12-22 23:44:40,SL,127.025,1.0,-1.0,0.0,188.400625,0.0,🛡️ 止损 (-1.06%),126.961,127.272,24.5,-1
1766418280.4337487,2025-12-22 15:44:40,2025-12-22 23:44:40,PnlRecord,127.025,0,0,0,188.413625,-1.0560244619397776,空,126.961,127.272,24.5,-1
1766418300.3603272,2025-12-22 15:45:00,2025-12-22 23:45:00,BarData,127.036,0,0.0,0.0,188.400625,0.0,✅ 触发交易,127.036,127.265,18.0,-1
1766418304.3093865,2025-12-22 15:45:04,2025-12-22 23:45:04,Strategy_Open,127.036,1.0,0,-1.0,188.388625,0.0,Strategy_Signal,127.036,127.265,18.0,-1
1766418360.3771605,2025-12-22 15:46:00,2025-12-22 23:46:00,BarData,126.896,0,-1.0,-1.0,188.57162499999998,0.0,✅ 触发交易,126.896,127.252,28.1,-1
1766418420.1679823,2025-12-22 15:47:00,2025-12-22 23:47:00,BarData,126.955,0,-1.0,-1.0,188.531625,0.0,✅ 触发交易,126.955,127.243,22.7,-1
1766418480.2554426,2025-12-22 15:48:00,2025-12-22 23:48:00,BarData,127.156,0,-1.0,-1.0,188.33862499999998,0.0,❌ 震荡 (Gap 6.6 < 10),127.156,127.240,6.6,0
1766418480.9492,2025-12-22 15:48:00,2025-12-22 23:48:00,PnlRecord,127.156,0,0,0,188.33862499999998,-0.550808114190449,空,127.156,127.240,6.6,0
1766418481.3069801,2025-12-22 15:48:01,2025-12-22 23:48:01,CloseSignal,127.156,1.0,-1.0,0,188.33862499999998,0.0,Strategy_TrendEnd,127.156,127.240,6.6,0
1766418540.340957,2025-12-22 15:49:00,2025-12-22 23:49:00,BarData,127.137,0,0.0,0.0,188.311625,0.0,❌ 震荡 (Gap 7.8 < 10),127.137,127.237,7.8,0
1766418600.54034,2025-12-22 15:50:00,2025-12-22 23:50:00,BarData,127.116,0,0.0,0.0,188.311625,0.0,❌ 震荡 (Gap 9.2 < 10),127.116,127.233,9.2,0
1766418660.5653067,2025-12-22 15:51:00,2025-12-22 23:51:00,BarData,127.302,0,0.0,0.0,188.311625,0.0,❌ 震荡 (Gap 5.3 < 10),127.302,127.235,5.3,0
1766418720.2461503,2025-12-22 15:52:00,2025-12-22 23:52:00,BarData,127.319,0,0.0,0.0,188.311625,0.0,❌ 震荡 (Gap 6.4 < 10),127.319,127.238,6.4,0
1766418780.309196,2025-12-22 15:53:00,2025-12-22 23:53:00,BarData,127.469,0,0.0,0.0,188.311625,0.0,✅ 触发交易,127.469,127.245,17.6,1
1766418784.1657083,2025-12-22 15:53:04,2025-12-22 23:53:04,Strategy_Open,127.469,1.0,0,1.0,188.292625,0.0,Strategy_Signal,127.469,127.245,17.6,1
1766418840.2896688,2025-12-22 15:54:00,2025-12-22 23:54:00,BarData,127.502,0,1.0,1.0,188.36262499999998,0.0,✅ 触发交易,127.502,127.254,19.5,1
1766418900.1576695,2025-12-22 15:55:00,2025-12-22 23:55:00,BarData,127.584,0,1.0,1.0,188.442625,0.0,✅ 触发交易,127.584,127.264,25.0,1
1766418960.2571156,2025-12-22 15:56:00,2025-12-22 23:56:00,BarData,127.86,0,1.0,1.0,188.790625,0.0,✅ 触发交易,127.860,127.284,45.1,1
1766418972.483623,2025-12-22 15:56:12,2025-12-22 23:56:12,TP,128.124,1.0,1.0,0.0,188.975625,0.0,🚀 止盈 (+5.38%),127.860,127.284,45.1,1
1766418972.4839365,2025-12-22 15:56:12,2025-12-22 23:56:12,PnlRecord,128.124,0,0,0,188.783625,5.375120645956122,多,127.860,127.284,45.1,1
1766419020.4270391,2025-12-22 15:57:00,2025-12-22 23:57:00,BarData,128.118,0,0.0,0.0,188.975625,0.0,✅ 触发交易,128.118,127.311,63.0,1
1766419024.3624833,2025-12-22 15:57:04,2025-12-22 23:57:04,Strategy_Open,128.118,1.0,0,1.0,188.987625,0.0,Strategy_Signal,128.118,127.311,63.0,1
1766419080.3621316,2025-12-22 15:58:00,2025-12-22 23:58:00,BarData,128.203,0,1.0,1.0,189.04262500000002,0.0,✅ 触发交易,128.203,127.341,67.3,1
1766419115.3332193,2025-12-22 15:58:35,2025-12-22 23:58:35,SL,127.987,1.0,1.0,0.0,188.822625,0.0,🛡️ 止损 (-1.14%),128.203,127.341,67.3,1
1766419115.33353,2025-12-22 15:58:35,2025-12-22 23:58:35,PnlRecord,127.987,0,0,0,188.872625,-1.1394410495345852,多,128.203,127.341,67.3,1
1766419140.4718633,2025-12-22 15:59:00,2025-12-22 23:59:00,BarData,127.966,0,0.0,0.0,188.822625,0.0,✅ 触发交易,127.966,127.361,47.3,1
1766419144.3291614,2025-12-22 15:59:04,2025-12-22 23:59:04,Strategy_Open,127.966,1.0,0,1.0,188.798625,0.0,Strategy_Signal,127.966,127.361,47.3,1
1766419200.4235816,2025-12-22 16:00:00,2025-12-23 00:00:00,BarData,128.059,0,1.0,1.0,188.91562499999998,0.0,✅ 触发交易,128.059,127.384,52.7,1
1766419260.434227,2025-12-22 16:01:00,2025-12-23 00:01:00,BarData,128.299,0,1.0,1.0,189.12524,0.0,✅ 触发交易,128.299,127.414,69.0,1
1766419320.4865441,2025-12-22 16:02:00,2025-12-23 00:02:00,BarData,128.15,0,1.0,1.0,188.87024,0.0,✅ 触发交易,128.150,127.438,55.6,1
1766419380.5662873,2025-12-22 16:03:00,2025-12-23 00:03:00,BarData,128.312,0,1.0,1.0,189.10423999999998,0.0,✅ 触发交易,128.312,127.467,65.9,1
1766419440.4023414,2025-12-22 16:04:00,2025-12-23 00:04:00,BarData,128.143,0,1.0,1.0,189.05223999999998,0.0,✅ 触发交易,128.143,127.489,51.0,1
1766419500.5651975,2025-12-22 16:05:00,2025-12-23 00:05:00,BarData,128.062,0,1.0,1.0,188.92023999999998,0.0,✅ 触发交易,128.062,127.508,43.3,1
1766419547.4266772,2025-12-22 16:05:47,2025-12-23 00:05:47,SL,127.844,1.0,1.0,0.0,188.709241,0.0,🛡️ 止损 (-1.00%),128.062,127.508,43.3,1
1766419547.4270544,2025-12-22 16:05:47,2025-12-23 00:05:47,PnlRecord,127.844,0,0,0,188.69624,-1.0002187978620332,多,128.062,127.508,43.3,1
1766419560.5530117,2025-12-22 16:06:00,2025-12-23 00:06:00,BarData,127.793,0,0.0,0.0,188.709241,0.0,✅ 触发交易,127.793,127.517,21.6,1
1766419564.4700232,2025-12-22 16:06:04,2025-12-23 00:06:04,Strategy_Open,127.793,1.0,0,1.0,188.704241,0.0,Strategy_Signal,127.793,127.517,21.6,1
1766419620.3572118,2025-12-22 16:07:00,2025-12-23 00:07:00,BarData,127.976,0,1.0,1.0,188.876241,0.0,✅ 触发交易,127.976,127.532,34.7,1
1766419680.2594557,2025-12-22 16:08:00,2025-12-23 00:08:00,BarData,127.883,0,1.0,1.0,188.800241,0.0,✅ 触发交易,127.883,127.544,26.5,1
1766419740.26948,2025-12-22 16:09:00,2025-12-23 00:09:00,BarData,127.701,0,1.0,1.0,188.631241,0.0,✅ 触发交易,127.701,127.549,11.9,1
1766419800.3830302,2025-12-22 16:10:00,2025-12-23 00:10:00,BarData,127.724,0,1.0,1.0,188.667241,0.0,✅ 触发交易,127.724,127.555,13.3,1
1766419860.4304798,2025-12-22 16:11:00,2025-12-23 00:11:00,BarData,127.907,0,1.0,1.0,188.839241,0.0,✅ 触发交易,127.907,127.566,26.7,1
1766419920.5301154,2025-12-22 16:12:00,2025-12-23 00:12:00,BarData,127.964,0,1.0,1.0,188.984241,0.0,✅ 触发交易,127.964,127.579,30.1,1
1766419980.2976089,2025-12-22 16:13:00,2025-12-23 00:13:00,BarData,127.937,0,1.0,1.0,188.864241,0.0,✅ 触发交易,127.937,127.591,27.1,1
1766420040.4666774,2025-12-22 16:14:00,2025-12-23 00:14:00,BarData,127.876,0,1.0,1.0,188.883241,0.0,✅ 触发交易,127.876,127.600,21.6,1
1766420100.130796,2025-12-22 16:15:00,2025-12-23 00:15:00,BarData,127.923,0,1.0,1.0,188.824241,0.0,✅ 触发交易,127.923,127.611,24.4,1
1766420160.5658207,2025-12-22 16:16:00,2025-12-23 00:16:00,BarData,128.081,0,1.0,1.0,189.007241,0.0,✅ 触发交易,128.081,127.626,35.5,1
1766420220.3006592,2025-12-22 16:17:00,2025-12-23 00:17:00,BarData,128.094,0,1.0,1.0,189.02824099999998,0.0,✅ 触发交易,128.094,127.642,35.3,1
1766420280.2151973,2025-12-22 16:18:00,2025-12-23 00:18:00,BarData,127.969,0,1.0,1.0,188.931241,0.0,✅ 触发交易,127.969,127.652,24.8,1
1766420340.540957,2025-12-22 16:19:00,2025-12-23 00:19:00,BarData,127.912,0,1.0,1.0,188.84424099999998,0.0,✅ 触发交易,127.912,127.661,19.6,1
1766420400.1308832,2025-12-22 16:20:00,2025-12-23 00:20:00,BarData,127.947,0,1.0,1.0,188.86824099999998,0.0,✅ 触发交易,127.947,127.670,21.6,1
1766420460.3685226,2025-12-22 16:21:00,2025-12-23 00:21:00,BarData,128.126,0,1.0,1.0,189.05824099999998,0.0,✅ 触发交易,128.126,127.685,34.4,1
1766420520.417001,2025-12-22 16:22:00,2025-12-23 00:22:00,BarData,128.017,0,1.0,1.0,189.019241,0.0,✅ 触发交易,128.017,127.696,25.1,1
1766420580.4778183,2025-12-22 16:23:00,2025-12-23 00:23:00,BarData,127.915,0,1.0,1.0,188.894241,0.0,✅ 触发交易,127.915,127.703,16.6,1
1766420640.3507605,2025-12-22 16:24:00,2025-12-23 00:24:00,BarData,127.926,0,1.0,1.0,188.87424099999998,0.0,✅ 触发交易,127.926,127.710,16.8,1
1766420700.1857142,2025-12-22 16:25:00,2025-12-23 00:25:00,BarData,128.02,0,1.0,1.0,188.900241,0.0,✅ 触发交易,128.020,127.721,23.4,1
1766420760.4173841,2025-12-22 16:26:00,2025-12-23 00:26:00,BarData,128.124,0,1.0,1.0,189.05324099999999,0.0,✅ 触发交易,128.124,127.734,30.5,1
1766420820.3687005,2025-12-22 16:27:00,2025-12-23 00:27:00,BarData,128.107,0,1.0,1.0,189.01724099999998,0.0,✅ 触发交易,128.107,127.746,28.2,1
1766420880.280296,2025-12-22 16:28:00,2025-12-23 00:28:00,BarData,128.152,0,1.0,1.0,189.078241,0.0,✅ 触发交易,128.152,127.759,30.6,1
1766420940.63271,2025-12-22 16:29:00,2025-12-23 00:29:00,BarData,128.271,0,1.0,1.0,189.200241,0.0,✅ 触发交易,128.271,127.776,38.6,1
1766421000.6516879,2025-12-22 16:30:00,2025-12-23 00:30:00,BarData,128.238,0,1.0,1.0,189.133241,0.0,✅ 触发交易,128.238,127.791,34.8,1
1766421060.1265123,2025-12-22 16:31:00,2025-12-23 00:31:00,BarData,128.094,0,1.0,1.0,189.04024099999998,0.0,✅ 触发交易,128.094,127.801,22.9,1
1766421120.350428,2025-12-22 16:32:00,2025-12-23 00:32:00,BarData,127.81,0,1.0,1.0,188.716241,0.0,❌ 震荡 (Gap 0.7 < 10),127.810,127.802,0.7,0
1766421121.0640786,2025-12-22 16:32:01,2025-12-23 00:32:01,PnlRecord,127.81,0,0,0,188.716241,0.27391899823906546,多,127.810,127.802,0.7,0
1766421121.4985425,2025-12-22 16:32:01,2025-12-23 00:32:01,CloseSignal,127.81,1.0,1.0,0,188.716241,0.0,Strategy_TrendEnd,127.810,127.802,0.7,0
1766421180.516859,2025-12-22 16:33:00,2025-12-23 00:33:00,BarData,127.692,0,0.0,0.0,188.725241,0.0,❌ 震荡 (Gap 8.3 < 10),127.692,127.798,8.3,0
1766421240.2035844,2025-12-22 16:34:00,2025-12-23 00:34:00,BarData,127.605,0,0.0,0.0,188.725241,0.0,❌ 快线向上,127.605,127.792,14.6,0
1766421300.3485675,2025-12-22 16:35:00,2025-12-23 00:35:00,BarData,127.658,0,0.0,0.0,188.725241,0.0,❌ 快线向上,127.658,127.787,10.1,0
1766421360.0984526,2025-12-22 16:36:00,2025-12-23 00:36:00,BarData,127.464,0,0.0,0.0,188.725241,0.0,❌ 快线向上,127.464,127.777,24.5,0
1766421420.583335,2025-12-22 16:37:00,2025-12-23 00:37:00,BarData,127.665,0,0.0,0.0,188.725241,0.0,❌ 震荡 (Gap 8.5 < 10),127.665,127.773,8.5,0
1766421480.4255795,2025-12-22 16:38:00,2025-12-23 00:38:00,BarData,127.583,0,0.0,0.0,188.725241,0.0,❌ 快线向上,127.583,127.767,14.4,0
1766421540.4122832,2025-12-22 16:39:00,2025-12-23 00:39:00,BarData,127.581,0,0.0,0.0,188.725241,0.0,❌ 快线向上,127.581,127.761,14.1,0
1766421600.5289052,2025-12-22 16:40:00,2025-12-23 00:40:00,BarData,127.7,0,0.0,0.0,188.725241,0.0,❌ 震荡 (Gap 4.6 < 10),127.700,127.759,4.6,0
1766421660.4576879,2025-12-22 16:41:00,2025-12-23 00:41:00,BarData,127.804,0,0.0,0.0,188.725241,0.0,❌ 震荡 (Gap 3.4 < 10),127.804,127.760,3.4,0
1766421720.4507627,2025-12-22 16:42:00,2025-12-23 00:42:00,BarData,127.726,0,0.0,0.0,188.725241,0.0,❌ 震荡 (Gap 2.6 < 10),127.726,127.759,2.6,0
1766421780.7130203,2025-12-22 16:43:00,2025-12-23 00:43:00,BarData,127.539,0,0.0,0.0,188.725241,0.0,❌ 快线向上,127.539,127.752,16.7,0
1766421840.6256187,2025-12-22 16:44:00,2025-12-23 00:44:00,BarData,127.612,0,0.0,0.0,188.725241,0.0,❌ 快线向上,127.612,127.747,10.6,0
1766421900.5805244,2025-12-22 16:45:00,2025-12-23 00:45:00,BarData,127.434,0,0.0,0.0,188.725241,0.0,✅ 触发交易,127.434,127.737,23.8,-1
1766421904.6023574,2025-12-22 16:45:04,2025-12-23 00:45:04,Strategy_Open,127.434,1.0,0,-1.0,188.71524100000002,0.0,Strategy_Signal,127.434,127.737,23.8,-1
1766421955.4592254,2025-12-22 16:45:55,2025-12-23 00:45:55,SL,127.568,1.0,-1.0,0.0,188.580241,0.0,🛡️ 止损 (-1.39%),127.434,127.737,23.8,-1
1766421955.459533,2025-12-22 16:45:55,2025-12-23 00:45:55,PnlRecord,127.568,0,0,0,188.65024100000002,-1.3894231146626723,空,127.434,127.737,23.8,-1
1766421960.4333518,2025-12-22 16:46:00,2025-12-23 00:46:00,BarData,127.523,0,0.0,0.0,188.580241,0.0,❌ 快线向上,127.523,127.730,16.2,0
1766422020.4314065,2025-12-22 16:47:00,2025-12-23 00:47:00,BarData,127.531,0,0.0,0.0,188.580241,0.0,❌ 快线向上,127.531,127.723,15.1,0
1766422080.6252902,2025-12-22 16:48:00,2025-12-23 00:48:00,BarData,127.439,0,0.0,0.0,188.580241,0.0,❌ 快线向上,127.439,127.714,21.6,0
1766422140.431836,2025-12-22 16:49:00,2025-12-23 00:49:00,BarData,127.233,0,0.0,0.0,188.580241,0.0,✅ 触发交易,127.233,127.698,36.6,-1
1766422144.2880638,2025-12-22 16:49:04,2025-12-23 00:49:04,Strategy_Open,127.233,1.0,0,-1.0,188.574241,0.0,Strategy_Signal,127.233,127.698,36.6,-1
1766422200.2895536,2025-12-22 16:50:00,2025-12-23 00:50:00,BarData,127.228,0,-1.0,-1.0,188.563241,0.0,✅ 触发交易,127.228,127.683,35.8,-1
1766422260.2964706,2025-12-22 16:51:00,2025-12-23 00:51:00,BarData,127.281,0,-1.0,-1.0,188.560241,0.0,✅ 触发交易,127.281,127.670,30.5,-1
1766422320.3620596,2025-12-22 16:52:00,2025-12-23 00:52:00,BarData,127.199,0,-1.0,-1.0,188.632241,0.0,✅ 触发交易,127.199,127.654,35.8,-1
1766422378.2765703,2025-12-22 16:52:58,2025-12-23 00:52:58,SL,127.399,1.0,-1.0,0.0,188.431241,0.0,🛡️ 止损 (-1.16%),127.199,127.654,35.8,-1
1766422378.276883,2025-12-22 16:52:58,2025-12-23 00:52:58,PnlRecord,127.399,0,0,0,188.522241,-1.155188130638462,空,127.199,127.654,35.8,-1
1766422381.2298214,2025-12-22 16:53:01,2025-12-23 00:53:01,BarData,127.332,0,0.0,0.0,188.431241,0.0,✅ 触发交易,127.332,127.644,24.5,-1
1766422384.7783725,2025-12-22 16:53:04,2025-12-23 00:53:04,Strategy_Open,127.332,1.0,0,-1.0,188.43532,0.0,Strategy_Signal,127.332,127.644,24.5,-1
1766422440.0793421,2025-12-22 16:54:00,2025-12-23 00:54:00,BarData,127.213,0,-1.0,-1.0,188.51432,0.0,✅ 触发交易,127.213,127.630,32.7,-1
1766422500.324595,2025-12-22 16:55:00,2025-12-23 00:55:00,BarData,127.134,0,-1.0,-1.0,188.59432,0.0,✅ 触发交易,127.134,127.613,37.7,-1
1766422560.158693,2025-12-22 16:56:00,2025-12-23 00:56:00,BarData,127.23,0,-1.0,-1.0,188.52432,0.0,✅ 触发交易,127.230,127.601,29.1,-1
1766422620.4095995,2025-12-22 16:57:00,2025-12-23 00:57:00,BarData,127.189,0,-1.0,-1.0,188.50632,0.0,✅ 触发交易,127.189,127.587,31.3,-1
1766422680.4595742,2025-12-22 16:58:00,2025-12-23 00:58:00,BarData,127.175,0,-1.0,-1.0,188.57432,0.0,✅ 触发交易,127.175,127.574,31.4,-1
1766422740.524592,2025-12-22 16:59:00,2025-12-23 00:59:00,BarData,127.187,0,-1.0,-1.0,188.56332,0.0,✅ 触发交易,127.187,127.561,29.4,-1
1766422800.5417652,2025-12-22 17:00:00,2025-12-23 01:00:00,BarData,127.2,0,-1.0,-1.0,188.51732,0.0,✅ 触发交易,127.200,127.549,27.5,-1
1766422860.2719975,2025-12-22 17:01:00,2025-12-23 01:01:00,BarData,127.162,0,-1.0,-1.0,188.584847,0.0,✅ 触发交易,127.162,127.537,29.5,-1
1766422920.320461,2025-12-22 17:02:00,2025-12-23 01:02:00,BarData,127.181,0,-1.0,-1.0,188.673847,0.0,✅ 触发交易,127.181,127.525,27.0,-1
1766422980.1003118,2025-12-22 17:03:00,2025-12-23 01:03:00,BarData,127.117,0,-1.0,-1.0,188.610847,0.0,✅ 触发交易,127.117,127.512,31.0,-1
1766423040.5011446,2025-12-22 17:04:00,2025-12-23 01:04:00,BarData,127.092,0,-1.0,-1.0,188.665847,0.0,✅ 触发交易,127.092,127.498,31.9,-1
1766423100.3528328,2025-12-22 17:05:00,2025-12-23 01:05:00,BarData,127.06,0,-1.0,-1.0,188.714847,0.0,✅ 触发交易,127.060,127.483,33.3,-1
1766423160.4538484,2025-12-22 17:06:00,2025-12-23 01:06:00,BarData,126.854,0,-1.0,-1.0,188.862847,0.0,✅ 触发交易,126.854,127.463,48.0,-1
1766423178.2814338,2025-12-22 17:06:18,2025-12-23 01:06:18,TP,126.661,1.0,-1.0,0.0,189.125847,0.0,🚀 止盈 (+5.04%),126.854,127.463,48.0,-1
1766423178.2817445,2025-12-22 17:06:18,2025-12-23 01:06:18,PnlRecord,126.661,0,0,0,189.015847,5.043086180215674,空,126.854,127.463,48.0,-1
1766423220.3368893,2025-12-22 17:07:00,2025-12-23 01:07:00,BarData,126.61,0,0.0,0.0,189.125847,0.0,✅ 触发交易,126.610,127.435,65.1,-1
1766423224.2855306,2025-12-22 17:07:04,2025-12-23 01:07:04,Strategy_Open,126.61,1.0,0,-1.0,189.130847,0.0,Strategy_Signal,126.610,127.435,65.1,-1
1766423280.3275943,2025-12-22 17:08:00,2025-12-23 01:08:00,BarData,126.614,0,-1.0,-1.0,189.12984699999998,0.0,✅ 触发交易,126.614,127.408,62.7,-1
1766423340.3232043,2025-12-22 17:09:00,2025-12-23 01:09:00,BarData,126.683,0,-1.0,-1.0,189.07584699999998,0.0,✅ 触发交易,126.683,127.384,55.3,-1
1766423400.1627197,2025-12-22 17:10:00,2025-12-23 01:10:00,BarData,126.62,0,-1.0,-1.0,189.151847,0.0,✅ 触发交易,126.620,127.359,58.4,-1
1766423460.379525,2025-12-22 17:11:00,2025-12-23 01:11:00,BarData,126.63,0,-1.0,-1.0,189.162847,0.0,✅ 触发交易,126.630,127.335,55.7,-1
1766423515.0286498,2025-12-22 17:11:55,2025-12-23 01:11:55,SL,126.799,1.0,-1.0,0.0,188.997847,0.0,🛡️ 止损 (-1.22%),126.630,127.335,55.7,-1
1766423515.0289662,2025-12-22 17:11:55,2025-12-23 01:11:55,PnlRecord,126.799,0,0,0,189.119847,-1.2239032247876025,空,126.630,127.335,55.7,-1
1766423520.2942493,2025-12-22 17:12:00,2025-12-23 01:12:00,BarData,126.725,0,0.0,0.0,188.997847,0.0,✅ 触发交易,126.725,127.315,46.6,-1
1766423523.8192139,2025-12-22 17:12:03,2025-12-23 01:12:03,Strategy_Open,126.725,1.0,0,-1.0,188.98884700000002,0.0,Strategy_Signal,126.725,127.315,46.6,-1
1766423580.110826,2025-12-22 17:13:00,2025-12-23 01:13:00,BarData,126.683,0,-1.0,-1.0,189.038847,0.0,✅ 触发交易,126.683,127.294,48.3,-1
1766423640.315562,2025-12-22 17:14:00,2025-12-23 01:14:00,BarData,126.733,0,-1.0,-1.0,189.018847,0.0,✅ 触发交易,126.733,127.276,42.8,-1
1766423700.4701862,2025-12-22 17:15:00,2025-12-23 01:15:00,BarData,126.742,0,-1.0,-1.0,189.009847,0.0,✅ 触发交易,126.742,127.259,40.8,-1
1766423760.3264236,2025-12-22 17:16:00,2025-12-23 01:16:00,BarData,126.482,0,-1.0,-1.0,189.223847,0.0,✅ 触发交易,126.482,127.233,59.4,-1
1766423820.6695566,2025-12-22 17:17:00,2025-12-23 01:17:00,BarData,126.618,0,-1.0,-1.0,189.123847,0.0,✅ 触发交易,126.618,127.213,47.0,-1
1766423880.411867,2025-12-22 17:18:00,2025-12-23 01:18:00,BarData,126.804,0,-1.0,-1.0,188.89884700000002,0.0,✅ 触发交易,126.804,127.199,31.2,-1
1766423889.2039394,2025-12-22 17:18:09,2025-12-23 01:18:09,SL,126.874,1.0,-1.0,0.0,188.825847,0.0,🛡️ 止损 (-1.17%),126.804,127.199,31.2,-1
1766423889.2042534,2025-12-22 17:18:09,2025-12-23 01:18:09,PnlRecord,126.874,0,0,0,188.89884700000002,-1.1678739958650641,空,126.804,127.199,31.2,-1
1766423940.5732522,2025-12-22 17:19:00,2025-12-23 01:19:00,BarData,126.956,0,0.0,0.0,188.825847,0.0,✅ 触发交易,126.956,127.192,18.6,-1
1766423944.471341,2025-12-22 17:19:04,2025-12-23 01:19:04,Strategy_Open,126.956,1.0,0,-1.0,188.828847,0.0,Strategy_Signal,126.956,127.192,18.6,-1
1766424000.2612703,2025-12-22 17:20:00,2025-12-23 01:20:00,BarData,126.977,0,-1.0,-1.0,188.82684700000001,0.0,✅ 触发交易,126.977,127.184,16.3,-1
1766424060.5901084,2025-12-22 17:21:00,2025-12-23 01:21:00,BarData,126.863,0,-1.0,-1.0,188.950847,0.0,✅ 触发交易,126.863,127.174,24.5,-1
1766424120.4348478,2025-12-22 17:22:00,2025-12-23 01:22:00,BarData,126.808,0,-1.0,-1.0,188.902847,0.0,✅ 触发交易,126.808,127.162,27.9,-1
1766424180.3522248,2025-12-22 17:23:00,2025-12-23 01:23:00,BarData,126.829,0,-1.0,-1.0,188.979847,0.0,✅ 触发交易,126.829,127.151,25.4,-1
1766424240.533746,2025-12-22 17:24:00,2025-12-23 01:24:00,BarData,126.837,0,-1.0,-1.0,188.913847,0.0,✅ 触发交易,126.837,127.141,23.9,-1
1766424300.2323718,2025-12-22 17:25:00,2025-12-23 01:25:00,BarData,126.943,0,-1.0,-1.0,188.835847,0.0,✅ 触发交易,126.943,127.134,15.1,-1
1766424360.671989,2025-12-22 17:26:00,2025-12-23 01:26:00,BarData,126.904,0,-1.0,-1.0,188.85084700000002,0.0,✅ 触发交易,126.904,127.127,17.5,-1
1766424420.4540124,2025-12-22 17:27:00,2025-12-23 01:27:00,BarData,127.036,0,-1.0,-1.0,188.75084700000002,0.0,❌ 震荡 (Gap 6.9 < 10),127.036,127.124,6.9,0
1766424421.1542108,2025-12-22 17:27:01,2025-12-23 01:27:01,PnlRecord,127.036,0,0,0,188.75084700000002,-0.8745322040575475,空,127.036,127.124,6.9,0
1766424421.5988734,2025-12-22 17:27:01,2025-12-23 01:27:01,CloseSignal,127.036,1.0,-1.0,0,188.75084700000002,0.0,Strategy_TrendEnd,127.036,127.124,6.9,0
1766424480.6272643,2025-12-22 17:28:00,2025-12-23 01:28:00,BarData,127.047,0,0.0,0.0,188.697847,0.0,❌ 震荡 (Gap 5.8 < 10),127.047,127.121,5.8,0
1766424540.336839,2025-12-22 17:29:00,2025-12-23 01:29:00,BarData,127.038,0,0.0,0.0,188.697847,0.0,❌ 震荡 (Gap 6.3 < 10),127.038,127.118,6.3,0
1766424600.3253317,2025-12-22 17:30:00,2025-12-23 01:30:00,BarData,126.973,0,0.0,0.0,188.697847,0.0,✅ 触发交易,126.973,127.114,11.1,-1
1766424604.1857214,2025-12-22 17:30:04,2025-12-23 01:30:04,Strategy_Open,126.973,1.0,0,-1.0,188.694847,0.0,Strategy_Signal,126.973,127.114,11.1,-1
1766424660.314043,2025-12-22 17:31:00,2025-12-23 01:31:00,BarData,127.068,0,-1.0,-1.0,188.614847,0.0,❌ 震荡 (Gap 3.5 < 10),127.068,127.112,3.5,0
1766424661.0047758,2025-12-22 17:31:01,2025-12-23 01:31:01,PnlRecord,127.068,0,0,0,188.614847,-0.6142215922513816,空,127.068,127.112,3.5,0
1766424661.3647685,2025-12-22 17:31:01,2025-12-23 01:31:01,CloseSignal,127.068,1.0,-1.0,0,188.614847,0.0,Strategy_TrendEnd,127.068,127.112,3.5,0
1766424720.625327,2025-12-22 17:32:00,2025-12-23 01:32:00,BarData,126.887,0,0.0,0.0,188.617847,0.0,✅ 触发交易,126.887,127.105,17.2,-1
1766424724.5021374,2025-12-22 17:32:04,2025-12-23 01:32:04,Strategy_Open,126.887,1.0,0,-1.0,188.617847,0.0,Strategy_Signal,126.887,127.105,17.2,-1
1766424780.1359053,2025-12-22 17:33:00,2025-12-23 01:33:00,BarData,126.949,0,-1.0,-1.0,188.644847,0.0,✅ 触发交易,126.949,127.100,11.9,-1
1766424792.0554655,2025-12-22 17:33:12,2025-12-23 01:33:12,SL,127.002,1.0,-1.0,0.0,188.494847,0.0,🛡️ 止损 (-1.02%),126.949,127.100,11.9,-1
1766424792.0557811,2025-12-22 17:33:12,2025-12-23 01:33:12,PnlRecord,127.002,0,0,0,188.534847,-1.016764796292282,空,126.949,127.100,11.9,-1
1766424840.422257,2025-12-22 17:34:00,2025-12-23 01:34:00,BarData,126.831,0,0.0,0.0,188.494847,0.0,✅ 触发交易,126.831,127.091,20.5,-1
1766424844.297862,2025-12-22 17:34:04,2025-12-23 01:34:04,Strategy_Open,126.831,1.0,0,-1.0,188.487847,0.0,Strategy_Signal,126.831,127.091,20.5,-1
1766424900.4130163,2025-12-22 17:35:00,2025-12-23 01:35:00,BarData,126.894,0,-1.0,-1.0,188.412847,0.0,✅ 触发交易,126.894,127.084,15.0,-1
1766424960.732753,2025-12-22 17:36:00,2025-12-23 01:36:00,BarData,126.919,0,-1.0,-1.0,188.401847,0.0,✅ 触发交易,126.919,127.079,12.6,-1
1766425005.3836884,2025-12-22 17:36:45,2025-12-23 01:36:45,SL,126.987,1.0,-1.0,0.0,188.341847,0.0,🛡️ 止损 (-1.17%),126.919,127.079,12.6,-1
1766425005.384032,2025-12-22 17:36:45,2025-12-23 01:36:45,PnlRecord,126.987,0,0,0,188.37284699999998,-1.174726816884537,空,126.919,127.079,12.6,-1
1766425020.4518204,2025-12-22 17:37:00,2025-12-23 01:37:00,BarData,127.01,0,0.0,0.0,188.341847,0.0,❌ 震荡 (Gap 5.3 < 10),127.010,127.077,5.3,0
1766425080.461385,2025-12-22 17:38:00,2025-12-23 01:38:00,BarData,127.021,0,0.0,0.0,188.341847,0.0,❌ 震荡 (Gap 4.2 < 10),127.021,127.075,4.2,0
1766425140.3707862,2025-12-22 17:39:00,2025-12-23 01:39:00,BarData,126.917,0,0.0,0.0,188.341847,0.0,✅ 触发交易,126.917,127.070,12.0,-1
1766425144.329139,2025-12-22 17:39:04,2025-12-23 01:39:04,Strategy_Open,126.917,1.0,0,-1.0,188.336847,0.0,Strategy_Signal,126.917,127.070,12.0,-1
1766425200.6652498,2025-12-22 17:40:00,2025-12-23 01:40:00,BarData,126.971,0,-1.0,-1.0,188.295847,0.0,❌ 震荡 (Gap 7.5 < 10),126.971,127.067,7.5,0
1766425201.3676357,2025-12-22 17:40:01,2025-12-23 01:40:01,PnlRecord,126.971,0,0,0,188.295847,-0.47277225772393466,空,126.971,127.067,7.5,0
1766425201.7874212,2025-12-22 17:40:01,2025-12-23 01:40:01,CloseSignal,126.971,1.0,-1.0,0,188.295847,0.0,Strategy_TrendEnd,126.971,127.067,7.5,0
1766425260.650837,2025-12-22 17:41:00,2025-12-23 01:41:00,BarData,126.898,0,0.0,0.0,188.281847,0.0,✅ 触发交易,126.898,127.061,12.8,-1
1766425264.5275342,2025-12-22 17:41:04,2025-12-23 01:41:04,Strategy_Open,126.898,1.0,0,-1.0,188.271847,0.0,Strategy_Signal,126.898,127.061,12.8,-1
1766425286.455376,2025-12-22 17:41:26,2025-12-23 01:41:26,SL,127.033,1.0,-1.0,0.0,188.133847,0.0,🛡️ 止损 (-1.08%),126.898,127.061,12.8,-1
1766425286.455684,2025-12-22 17:41:26,2025-12-23 01:41:26,PnlRecord,127.033,0,0,0,188.181847,-1.0796242592359133,空,126.898,127.061,12.8,-1
1766425320.4964821,2025-12-22 17:42:00,2025-12-23 01:42:00,BarData,127.023,0,0.0,0.0,188.133847,0.0,❌ 震荡 (Gap 2.9 < 10),127.023,127.060,2.9,0
1766425380.268495,2025-12-22 17:43:00,2025-12-23 01:43:00,BarData,126.981,0,0.0,0.0,188.133847,0.0,❌ 震荡 (Gap 6.0 < 10),126.981,127.057,6.0,0
1766425440.4277134,2025-12-22 17:44:00,2025-12-23 01:44:00,BarData,126.958,0,0.0,0.0,188.133847,0.0,❌ 震荡 (Gap 7.6 < 10),126.958,127.054,7.6,0
1766425500.1719072,2025-12-22 17:45:00,2025-12-23 01:45:00,BarData,126.823,0,0.0,0.0,188.133847,0.0,✅ 触发交易,126.823,127.046,17.6,-1
1766425504.0382302,2025-12-22 17:45:04,2025-12-23 01:45:04,Strategy_Open,126.823,1.0,0,-1.0,188.171847,0.0,Strategy_Signal,126.823,127.046,17.6,-1
1766425560.2404923,2025-12-22 17:46:00,2025-12-23 01:46:00,BarData,126.664,0,-1.0,-1.0,188.238847,0.0,✅ 触发交易,126.664,127.034,29.2,-1
1766425620.659419,2025-12-22 17:47:00,2025-12-23 01:47:00,BarData,126.775,0,-1.0,-1.0,188.173847,0.0,✅ 触发交易,126.775,127.025,19.7,-1
1766425680.4193091,2025-12-22 17:48:00,2025-12-23 01:48:00,BarData,126.722,0,-1.0,-1.0,188.210847,0.0,✅ 触发交易,126.722,127.015,23.2,-1
1766425740.3814392,2025-12-22 17:49:00,2025-12-23 01:49:00,BarData,126.794,0,-1.0,-1.0,188.084847,0.0,✅ 触发交易,126.794,127.008,16.9,-1
1766425800.2788925,2025-12-22 17:50:00,2025-12-23 01:50:00,BarData,126.693,0,-1.0,-1.0,188.188847,0.0,✅ 触发交易,126.693,126.998,24.1,-1
1766425860.175609,2025-12-22 17:51:00,2025-12-23 01:51:00,BarData,126.738,0,-1.0,-1.0,188.171847,0.0,✅ 触发交易,126.738,126.989,19.8,-1
1766425920.131943,2025-12-22 17:52:00,2025-12-23 01:52:00,BarData,126.789,0,-1.0,-1.0,188.107847,0.0,✅ 触发交易,126.789,126.983,15.3,-1
1766425930.4497888,2025-12-22 17:52:10,2025-12-23 01:52:10,SL,126.905,1.0,-1.0,0.0,187.968155,0.0,🛡️ 止损 (-1.08%),126.789,126.983,15.3,-1
1766425930.4500778,2025-12-22 17:52:10,2025-12-23 01:52:10,PnlRecord,126.905,0,0,0,188.107847,-1.0807143758677302,空,126.789,126.983,15.3,-1
1766425980.4188933,2025-12-22 17:53:00,2025-12-23 01:53:00,BarData,127.004,0,0.0,0.0,187.968155,0.0,❌ 震荡 (Gap 1.6 < 10),127.004,126.983,1.6,0
1766426040.5241551,2025-12-22 17:54:00,2025-12-23 01:54:00,BarData,126.864,0,0.0,0.0,187.968155,0.0,❌ 震荡 (Gap 9.1 < 10),126.864,126.979,9.1,0
1766426100.5671606,2025-12-22 17:55:00,2025-12-23 01:55:00,BarData,126.721,0,0.0,0.0,187.968155,0.0,✅ 触发交易,126.721,126.971,19.7,-1
1766426104.425657,2025-12-22 17:55:04,2025-12-23 01:55:04,Strategy_Open,126.721,1.0,0,-1.0,187.965155,0.0,Strategy_Signal,126.721,126.971,19.7,-1
1766426160.6001515,2025-12-22 17:56:00,2025-12-23 01:56:00,BarData,126.804,0,-1.0,-1.0,187.87015499999998,0.0,✅ 触发交易,126.804,126.966,12.7,-1
1766426178.5777543,2025-12-22 17:56:18,2025-12-23 01:56:18,SL,126.849,1.0,-1.0,0.0,187.848155,0.0,🛡️ 止损 (-1.10%),126.804,126.966,12.7,-1
1766426178.578062,2025-12-22 17:56:18,2025-12-23 01:56:18,PnlRecord,126.849,0,0,0,187.861155,-1.1048938907259986,空,126.804,126.966,12.7,-1
1766426220.651582,2025-12-22 17:57:00,2025-12-23 01:57:00,BarData,126.738,0,0.0,0.0,187.848155,0.0,✅ 触发交易,126.738,126.958,17.4,-1
1766426224.5844972,2025-12-22 17:57:04,2025-12-23 01:57:04,Strategy_Open,126.738,1.0,0,-1.0,187.820155,0.0,Strategy_Signal,126.738,126.958,17.4,-1
1766426280.556472,2025-12-22 17:58:00,2025-12-23 01:58:00,BarData,126.82,0,-1.0,-1.0,187.740155,0.0,✅ 触发交易,126.820,126.954,10.5,-1
1766426340.4864917,2025-12-22 17:59:00,2025-12-23 01:59:00,BarData,126.812,0,-1.0,-1.0,187.76215499999998,0.0,✅ 触发交易,126.812,126.949,10.8,-1
1766426381.9886143,2025-12-22 17:59:41,2025-12-23 01:59:41,SL,126.856,1.0,-1.0,0.0,187.715155,0.0,🛡️ 止损 (-1.02%),126.812,126.949,10.8,-1
1766426381.9889839,2025-12-22 17:59:41,2025-12-23 01:59:41,PnlRecord,126.856,0,0,0,187.759155,-1.0179361935498408,空,126.812,126.949,10.8,-1
1766426400.3459592,2025-12-22 18:00:00,2025-12-23 02:00:00,BarData,126.867,0,0.0,0.0,187.715155,0.0,❌ 震荡 (Gap 6.2 < 10),126.867,126.946,6.2,0
1766426460.2022457,2025-12-22 18:01:00,2025-12-23 02:01:00,BarData,127.061,0,0.0,0.0,187.715155,0.0,❌ 震荡 (Gap 8.7 < 10),127.061,126.950,8.7,0
1766426520.4576087,2025-12-22 18:02:00,2025-12-23 02:02:00,BarData,127.065,0,0.0,0.0,187.715155,0.0,❌ 震荡 (Gap 8.8 < 10),127.065,126.954,8.8,0
1766426580.3949535,2025-12-22 18:03:00,2025-12-23 02:03:00,BarData,127.095,0,0.0,0.0,187.715155,0.0,❌ 快线向下,127.095,126.958,10.7,0
1766426640.3820503,2025-12-22 18:04:00,2025-12-23 02:04:00,BarData,126.986,0,0.0,0.0,187.715155,0.0,❌ 震荡 (Gap 2.1 < 10),126.986,126.959,2.1,0
1766426700.313098,2025-12-22 18:05:00,2025-12-23 02:05:00,BarData,126.899,0,0.0,0.0,187.715155,0.0,❌ 震荡 (Gap 4.6 < 10),126.899,126.957,4.6,0
1766426760.201512,2025-12-22 18:06:00,2025-12-23 02:06:00,BarData,126.7,0,0.0,0.0,187.715155,0.0,✅ 触发交易,126.700,126.949,19.6,-1
1766426764.0751712,2025-12-22 18:06:04,2025-12-23 02:06:04,Strategy_Open,126.7,1.0,0,-1.0,187.703155,0.0,Strategy_Signal,126.700,126.949,19.6,-1
1766426820.5003848,2025-12-22 18:07:00,2025-12-23 02:07:00,BarData,126.672,0,-1.0,-1.0,187.739155,0.0,✅ 触发交易,126.672,126.940,21.1,-1
1766426880.627543,2025-12-22 18:08:00,2025-12-23 02:08:00,BarData,126.684,0,-1.0,-1.0,187.69915500000002,0.0,✅ 触发交易,126.684,126.931,19.5,-1
1766426940.1344936,2025-12-22 18:09:00,2025-12-23 02:09:00,BarData,126.704,0,-1.0,-1.0,187.661155,0.0,✅ 触发交易,126.704,126.924,17.4,-1
1766427000.271685,2025-12-22 18:10:00,2025-12-23 02:10:00,BarData,126.676,0,-1.0,-1.0,187.691155,0.0,✅ 触发交易,126.676,126.916,18.9,-1
1766427060.0951364,2025-12-22 18:11:00,2025-12-23 02:11:00,BarData,126.564,0,-1.0,-1.0,187.852155,0.0,✅ 触发交易,126.564,126.904,26.9,-1
1766427094.4663858,2025-12-22 18:11:34,2025-12-23 02:11:34,SL,126.824,1.0,-1.0,0.0,187.585155,0.0,🛡️ 止损 (-1.00%),126.564,126.904,26.9,-1
1766427094.466668,2025-12-22 18:11:34,2025-12-23 02:11:34,PnlRecord,126.824,0,0,0,187.596155,-1.0023915325540094,空,126.564,126.904,26.9,-1
1766427120.2848532,2025-12-22 18:12:00,2025-12-23 02:12:00,BarData,126.829,0,0.0,0.0,187.585155,0.0,❌ 震荡 (Gap 5.7 < 10),126.829,126.902,5.7,0
1766427180.6431777,2025-12-22 18:13:00,2025-12-23 02:13:00,BarData,126.806,0,0.0,0.0,187.585155,0.0,❌ 震荡 (Gap 7.3 < 10),126.806,126.899,7.3,0
1766427240.732355,2025-12-22 18:14:00,2025-12-23 02:14:00,BarData,126.806,0,0.0,0.0,187.585155,0.0,❌ 震荡 (Gap 7.1 < 10),126.806,126.896,7.1,0
1766427300.3429193,2025-12-22 18:15:00,2025-12-23 02:15:00,BarData,126.787,0,0.0,0.0,187.585155,0.0,❌ 震荡 (Gap 8.3 < 10),126.787,126.892,8.3,0
1766427360.489786,2025-12-22 18:16:00,2025-12-23 02:16:00,BarData,127.0,0,0.0,0.0,187.585155,0.0,❌ 震荡 (Gap 8.2 < 10),127.000,126.896,8.2,0
1766427420.3082836,2025-12-22 18:17:00,2025-12-23 02:17:00,BarData,126.992,0,0.0,0.0,187.585155,0.0,❌ 震荡 (Gap 7.3 < 10),126.992,126.899,7.3,0
1766427480.491452,2025-12-22 18:18:00,2025-12-23 02:18:00,BarData,126.805,0,0.0,0.0,187.585155,0.0,❌ 震荡 (Gap 7.2 < 10),126.805,126.896,7.2,0
1766427540.4037971,2025-12-22 18:19:00,2025-12-23 02:19:00,BarData,126.683,0,0.0,0.0,187.585155,0.0,✅ 触发交易,126.683,126.889,16.2,-1
1766427544.259331,2025-12-22 18:19:04,2025-12-23 02:19:04,Strategy_Open,126.683,1.0,0,-1.0,187.581155,0.0,Strategy_Signal,126.683,126.889,16.2,-1
1766427586.549001,2025-12-22 18:19:46,2025-12-23 02:19:46,SL,126.818,1.0,-1.0,0.0,187.454155,0.0,🛡️ 止损 (-1.04%),126.683,126.889,16.2,-1
1766427586.549269,2025-12-22 18:19:46,2025-12-23 02:19:46,PnlRecord,126.818,0,0,0,187.486155,-1.041946229259672,空,126.683,126.889,16.2,-1
1766427600.635218,2025-12-22 18:20:00,2025-12-23 02:20:00,BarData,126.79,0,0.0,0.0,187.454155,0.0,❌ 震荡 (Gap 7.5 < 10),126.790,126.885,7.5,0
1766427660.4308424,2025-12-22 18:21:00,2025-12-23 02:21:00,BarData,126.617,0,0.0,0.0,187.454155,0.0,✅ 触发交易,126.617,126.877,20.5,-1
1766427664.3000424,2025-12-22 18:21:04,2025-12-23 02:21:04,Strategy_Open,126.617,1.0,0,-1.0,187.48126299999998,0.0,Strategy_Signal,126.617,126.877,20.5,-1
1766427711.262216,2025-12-22 18:21:51,2025-12-23 02:21:51,SL,126.708,1.0,-1.0,0.0,187.315263,0.0,🛡️ 止损 (-1.02%),126.617,126.877,20.5,-1
1766427711.2625134,2025-12-22 18:21:51,2025-12-23 02:21:51,PnlRecord,126.708,0,0,0,187.393263,-1.0191263953736789,空,126.617,126.877,20.5,-1
1766427720.1724386,2025-12-22 18:22:00,2025-12-23 02:22:00,BarData,126.709,0,0.0,0.0,187.315263,0.0,✅ 触发交易,126.709,126.871,12.8,-1
1766427724.0311038,2025-12-22 18:22:04,2025-12-23 02:22:04,Strategy_Open,126.709,1.0,0,-1.0,187.311263,0.0,Strategy_Signal,126.709,126.871,12.8,-1
1766427780.335325,2025-12-22 18:23:00,2025-12-23 02:23:00,BarData,126.69,0,-1.0,-1.0,187.34826299999997,0.0,✅ 触发交易,126.690,126.865,13.8,-1
1766427840.165933,2025-12-22 18:24:00,2025-12-23 02:24:00,BarData,126.744,0,-1.0,-1.0,187.27726299999998,0.0,❌ 震荡 (Gap 9.3 < 10),126.744,126.861,9.3,0
1766427840.8605616,2025-12-22 18:24:00,2025-12-23 02:24:00,PnlRecord,126.744,0,0,0,187.27726299999998,-0.3788596325061708,空,126.744,126.861,9.3,0
1766427841.241623,2025-12-22 18:24:01,2025-12-23 02:24:01,CloseSignal,126.744,1.0,-1.0,0,187.27726299999998,0.0,Strategy_TrendEnd,126.744,126.861,9.3,0
1766427900.296824,2025-12-22 18:25:00,2025-12-23 02:25:00,BarData,126.751,0,0.0,0.0,187.254263,0.0,❌ 震荡 (Gap 8.4 < 10),126.751,126.858,8.4,0
1766427960.0839572,2025-12-22 18:26:00,2025-12-23 02:26:00,BarData,126.833,0,0.0,0.0,187.254263,0.0,❌ 震荡 (Gap 1.9 < 10),126.833,126.857,1.9,0
1766428020.381372,2025-12-22 18:27:00,2025-12-23 02:27:00,BarData,126.871,0,0.0,0.0,187.254263,0.0,❌ 震荡 (Gap 1.1 < 10),126.871,126.857,1.1,0
1766428080.705157,2025-12-22 18:28:00,2025-12-23 02:28:00,BarData,126.842,0,0.0,0.0,187.254263,0.0,❌ 震荡 (Gap 1.2 < 10),126.842,126.857,1.2,0
1766428140.2523632,2025-12-22 18:29:00,2025-12-23 02:29:00,BarData,126.882,0,0.0,0.0,187.254263,0.0,❌ 震荡 (Gap 1.9 < 10),126.882,126.858,1.9,0
1766428200.341838,2025-12-22 18:30:00,2025-12-23 02:30:00,BarData,126.914,0,0.0,0.0,187.254263,0.0,❌ 震荡 (Gap 4.3 < 10),126.914,126.859,4.3,0
1766428260.1865563,2025-12-22 18:31:00,2025-12-23 02:31:00,BarData,126.847,0,0.0,0.0,187.254263,0.0,❌ 震荡 (Gap 1.0 < 10),126.847,126.859,1.0,0
1766428320.458596,2025-12-22 18:32:00,2025-12-23 02:32:00,BarData,126.882,0,0.0,0.0,187.254263,0.0,❌ 震荡 (Gap 1.7 < 10),126.882,126.860,1.7,0
1766428380.141449,2025-12-22 18:33:00,2025-12-23 02:33:00,BarData,127.056,0,0.0,0.0,187.254263,0.0,❌ 快线向下,127.056,126.866,14.9,0
1766428440.4527967,2025-12-22 18:34:00,2025-12-23 02:34:00,BarData,126.979,0,0.0,0.0,187.254263,0.0,❌ 震荡 (Gap 8.6 < 10),126.979,126.870,8.6,0
1766428500.5379791,2025-12-22 18:35:00,2025-12-23 02:35:00,BarData,126.98,0,0.0,0.0,187.254263,0.0,❌ 震荡 (Gap 8.4 < 10),126.980,126.874,8.4,0
1766428560.2500315,2025-12-22 18:36:00,2025-12-23 02:36:00,BarData,126.946,0,0.0,0.0,187.254263,0.0,❌ 震荡 (Gap 5.5 < 10),126.946,126.876,5.5,0
1766428620.4629228,2025-12-22 18:37:00,2025-12-23 02:37:00,BarData,126.925,0,0.0,0.0,187.254263,0.0,❌ 震荡 (Gap 3.7 < 10),126.925,126.878,3.7,0
1766428680.2950115,2025-12-22 18:38:00,2025-12-23 02:38:00,BarData,126.982,0,0.0,0.0,187.254263,0.0,❌ 震荡 (Gap 8.0 < 10),126.982,126.881,8.0,0
1766428740.4914765,2025-12-22 18:39:00,2025-12-23 02:39:00,BarData,127.197,0,0.0,0.0,187.254263,0.0,✅ 触发交易,127.197,126.891,24.0,1
1766428744.353039,2025-12-22 18:39:04,2025-12-23 02:39:04,Strategy_Open,127.197,1.0,0,1.0,187.24426300000002,0.0,Strategy_Signal,127.197,126.891,24.0,1
1766428800.1220372,2025-12-22 18:40:00,2025-12-23 02:40:00,BarData,127.207,0,1.0,1.0,187.265263,0.0,✅ 触发交易,127.207,126.902,24.0,1
1766428860.173795,2025-12-22 18:41:00,2025-12-23 02:41:00,BarData,127.184,0,1.0,1.0,187.241263,0.0,✅ 触发交易,127.184,126.911,21.5,1
1766428920.5095615,2025-12-22 18:42:00,2025-12-23 02:42:00,BarData,127.386,0,1.0,1.0,187.427263,0.0,✅ 触发交易,127.386,126.927,36.1,1
1766428980.3793244,2025-12-22 18:43:00,2025-12-23 02:43:00,BarData,127.187,0,1.0,1.0,187.247263,0.0,✅ 触发交易,127.187,126.935,19.8,1
1766429040.5418165,2025-12-22 18:44:00,2025-12-23 02:44:00,BarData,127.171,0,1.0,1.0,187.236263,0.0,✅ 触发交易,127.171,126.943,17.9,1
1766429100.576125,2025-12-22 18:45:00,2025-12-23 02:45:00,BarData,127.096,0,1.0,1.0,187.187263,0.0,✅ 触发交易,127.096,126.948,11.7,1
1766429125.3547845,2025-12-22 18:45:25,2025-12-23 02:45:25,SL,127.066,1.0,1.0,0.0,187.126263,0.0,🛡️ 止损 (-1.01%),127.096,126.948,11.7,1
1766429125.3551033,2025-12-22 18:45:25,2025-12-23 02:45:25,PnlRecord,127.066,0,0,0,187.156263,-1.0141908093870884,多,127.096,126.948,11.7,1
1766429160.488774,2025-12-22 18:46:00,2025-12-23 02:46:00,BarData,127.205,0,0.0,0.0,187.126263,0.0,✅ 触发交易,127.205,126.956,19.6,1
1766429164.36514,2025-12-22 18:46:04,2025-12-23 02:46:04,Strategy_Open,127.205,1.0,0,1.0,187.086263,0.0,Strategy_Signal,127.205,126.956,19.6,1
1766429220.3660753,2025-12-22 18:47:00,2025-12-23 02:47:00,BarData,127.226,0,1.0,1.0,187.150263,0.0,✅ 触发交易,127.226,126.965,20.5,1
1766429280.5395532,2025-12-22 18:48:00,2025-12-23 02:48:00,BarData,127.126,0,1.0,1.0,187.056263,0.0,✅ 触发交易,127.126,126.970,12.2,1
1766429340.5033457,2025-12-22 18:49:00,2025-12-23 02:49:00,BarData,127.173,0,1.0,1.0,187.090263,0.0,✅ 触发交易,127.173,126.977,15.4,1
1766429400.2776563,2025-12-22 18:50:00,2025-12-23 02:50:00,BarData,127.16,0,1.0,1.0,187.108263,0.0,✅ 触发交易,127.160,126.983,13.9,1
1766429415.3835998,2025-12-22 18:50:15,2025-12-23 02:50:15,SL,127.066,1.0,1.0,0.0,187.002263,0.0,🛡️ 止损 (-1.10%),127.160,126.983,13.9,1
1766429415.3839133,2025-12-22 18:50:15,2025-12-23 02:50:15,PnlRecord,127.066,0,0,0,187.038263,-1.1005770168073876,多,127.160,126.983,13.9,1
1766429460.2471066,2025-12-22 18:51:00,2025-12-23 02:51:00,BarData,126.969,0,0.0,0.0,187.002263,0.0,❌ 震荡 (Gap 1.1 < 10),126.969,126.983,1.1,0
1766429520.1273892,2025-12-22 18:52:00,2025-12-23 02:52:00,BarData,126.919,0,0.0,0.0,187.002263,0.0,❌ 震荡 (Gap 4.8 < 10),126.919,126.980,4.8,0
1766429580.5102875,2025-12-22 18:53:00,2025-12-23 02:53:00,BarData,126.839,0,0.0,0.0,187.002263,0.0,✅ 触发交易,126.839,126.976,10.8,-1
1766429584.4103563,2025-12-22 18:53:04,2025-12-23 02:53:04,Strategy_Open,126.839,1.0,0,-1.0,186.992263,0.0,Strategy_Signal,126.839,126.976,10.8,-1
1766429640.1245804,2025-12-22 18:54:00,2025-12-23 02:54:00,BarData,126.772,0,-1.0,-1.0,187.086263,0.0,✅ 触发交易,126.772,126.969,15.6,-1
1766429700.5756485,2025-12-22 18:55:00,2025-12-23 02:55:00,BarData,126.78,0,-1.0,-1.0,187.076263,0.0,✅ 触发交易,126.780,126.963,14.4,-1
1766429760.5405777,2025-12-22 18:56:00,2025-12-23 02:56:00,BarData,126.787,0,-1.0,-1.0,187.070263,0.0,✅ 触发交易,126.787,126.957,13.4,-1
1766429820.569937,2025-12-22 18:57:00,2025-12-23 02:57:00,BarData,126.822,0,-1.0,-1.0,187.033263,0.0,✅ 触发交易,126.822,126.953,10.3,-1
1766429880.3084843,2025-12-22 18:58:00,2025-12-23 02:58:00,BarData,126.693,0,-1.0,-1.0,187.096263,0.0,✅ 触发交易,126.693,126.944,19.8,-1
1766429940.2432642,2025-12-22 18:59:00,2025-12-23 02:59:00,BarData,126.462,0,-1.0,-1.0,187.424263,0.0,✅ 触发交易,126.462,126.928,36.9,-1
1766430000.2892606,2025-12-22 19:00:00,2025-12-23 03:00:00,BarData,126.423,0,-1.0,-1.0,187.408263,0.0,✅ 触发交易,126.423,126.912,38.7,-1
1766430060.5374649,2025-12-22 19:01:00,2025-12-23 03:01:00,BarData,126.329,0,-1.0,-1.0,187.513516,0.0,✅ 触发交易,126.329,126.893,44.6,-1
1766430120.5095527,2025-12-22 19:02:00,2025-12-23 03:02:00,BarData,126.339,0,-1.0,-1.0,187.554516,0.0,✅ 触发交易,126.339,126.875,42.4,-1
1766430136.3713326,2025-12-22 19:02:16,2025-12-23 03:02:16,TP,126.165,1.0,-1.0,0.0,187.713516,0.0,🚀 止盈 (+5.59%),126.339,126.875,42.4,-1
1766430136.3716433,2025-12-22 19:02:16,2025-12-23 03:02:16,PnlRecord,126.165,0,0,0,187.529516,5.588221384996052,空,126.339,126.875,42.4,-1
1766430180.0959506,2025-12-22 19:03:00,2025-12-23 03:03:00,BarData,126.187,0,0.0,0.0,187.713516,0.0,✅ 触发交易,126.187,126.852,52.7,-1
1766430183.9456322,2025-12-22 19:03:03,2025-12-23 03:03:03,Strategy_Open,126.187,1.0,0,-1.0,187.704516,0.0,Strategy_Signal,126.187,126.852,52.7,-1
1766430240.6418335,2025-12-22 19:04:00,2025-12-23 03:04:00,BarData,126.208,0,-1.0,-1.0,187.682516,0.0,✅ 触发交易,126.208,126.831,49.4,-1
1766430300.1754403,2025-12-22 19:05:00,2025-12-23 03:05:00,BarData,126.016,0,-1.0,-1.0,187.825516,0.0,✅ 触发交易,126.016,126.804,62.5,-1
1766430360.4679534,2025-12-22 19:06:00,2025-12-23 03:06:00,BarData,125.865,0,-1.0,-1.0,188.031516,0.0,✅ 触发交易,125.865,126.773,72.2,-1
1766430420.4738922,2025-12-22 19:07:00,2025-12-23 03:07:00,BarData,125.746,0,-1.0,-1.0,188.149516,0.0,✅ 触发交易,125.746,126.740,79.0,-1
1766430480.1456532,2025-12-22 19:08:00,2025-12-23 03:08:00,BarData,125.63,0,-1.0,-1.0,188.221516,0.0,✅ 触发交易,125.630,126.703,85.4,-1
1766430540.4198756,2025-12-22 19:09:00,2025-12-23 03:09:00,BarData,125.86,0,-1.0,-1.0,188.083516,0.0,✅ 触发交易,125.860,126.676,64.8,-1
1766430600.4478178,2025-12-22 19:10:00,2025-12-23 03:10:00,BarData,126.011,0,-1.0,-1.0,187.883516,0.0,✅ 触发交易,126.011,126.654,51.0,-1
1766430660.2641754,2025-12-22 19:11:00,2025-12-23 03:11:00,BarData,126.012,0,-1.0,-1.0,187.854516,0.0,✅ 触发交易,126.012,126.633,49.3,-1
1766430720.626023,2025-12-22 19:12:00,2025-12-23 03:12:00,BarData,125.82,0,-1.0,-1.0,188.065516,0.0,✅ 触发交易,125.820,126.606,62.5,-1
1766430780.109601,2025-12-22 19:13:00,2025-12-23 03:13:00,BarData,125.823,0,-1.0,-1.0,188.087516,0.0,✅ 触发交易,125.823,126.581,60.2,-1
1766430840.291884,2025-12-22 19:14:00,2025-12-23 03:14:00,BarData,125.702,0,-1.0,-1.0,188.178516,0.0,✅ 触发交易,125.702,126.552,67.6,-1
1766430900.3687727,2025-12-22 19:15:00,2025-12-23 03:15:00,BarData,125.701,0,-1.0,-1.0,188.200516,0.0,✅ 触发交易,125.701,126.524,65.5,-1
1766430960.4490857,2025-12-22 19:16:00,2025-12-23 03:16:00,BarData,125.784,0,-1.0,-1.0,188.117516,0.0,✅ 触发交易,125.784,126.500,56.9,-1
1766431020.098664,2025-12-22 19:17:00,2025-12-23 03:17:00,BarData,125.762,0,-1.0,-1.0,188.126516,0.0,✅ 触发交易,125.762,126.475,56.7,-1
1766431080.6895394,2025-12-22 19:18:00,2025-12-23 03:18:00,BarData,125.726,0,-1.0,-1.0,188.199516,0.0,✅ 触发交易,125.726,126.451,57.7,-1
1766431140.1083035,2025-12-22 19:19:00,2025-12-23 03:19:00,BarData,125.814,0,-1.0,-1.0,188.111516,0.0,✅ 触发交易,125.814,126.430,49.0,-1
1766431200.5495162,2025-12-22 19:20:00,2025-12-23 03:20:00,BarData,125.896,0,-1.0,-1.0,187.992516,0.0,✅ 触发交易,125.896,126.412,41.0,-1
1766431260.2708356,2025-12-22 19:21:00,2025-12-23 03:21:00,BarData,125.853,0,-1.0,-1.0,188.033516,0.0,✅ 触发交易,125.853,126.394,43.0,-1
1766431320.383845,2025-12-22 19:22:00,2025-12-23 03:22:00,BarData,126.037,0,-1.0,-1.0,187.881516,0.0,✅ 触发交易,126.037,126.382,27.4,-1
1766431380.3090973,2025-12-22 19:23:00,2025-12-23 03:23:00,BarData,125.752,0,-1.0,-1.0,188.093516,0.0,✅ 触发交易,125.752,126.362,48.5,-1
1766431440.5844474,2025-12-22 19:24:00,2025-12-23 03:24:00,BarData,125.844,0,-1.0,-1.0,188.070516,0.0,✅ 触发交易,125.844,126.345,39.8,-1
1766431500.5217636,2025-12-22 19:25:00,2025-12-23 03:25:00,BarData,125.792,0,-1.0,-1.0,188.12151599999999,0.0,✅ 触发交易,125.792,126.327,42.5,-1
1766431548.6475763,2025-12-22 19:25:48,2025-12-23 03:25:48,TP,125.563,1.0,-1.0,0.0,188.336516,0.0,🚀 止盈 (+5.02%),125.792,126.327,42.5,-1
1766431548.6478758,2025-12-22 19:25:48,2025-12-23 03:25:48,PnlRecord,125.563,0,0,0,188.247516,5.023891217699314,空,125.792,126.327,42.5,-1
1766431560.4825418,2025-12-22 19:26:00,2025-12-23 03:26:00,BarData,125.476,0,0.0,0.0,188.336516,0.0,✅ 触发交易,125.476,126.299,65.6,-1
1766431564.36013,2025-12-22 19:26:04,2025-12-23 03:26:04,Strategy_Open,125.476,1.0,0,-1.0,188.31651599999998,0.0,Strategy_Signal,125.476,126.299,65.6,-1
1766431620.4304152,2025-12-22 19:27:00,2025-12-23 03:27:00,BarData,125.423,0,-1.0,-1.0,188.39451599999998,0.0,✅ 触发交易,125.423,126.270,67.5,-1
1766431680.5176985,2025-12-22 19:28:00,2025-12-23 03:28:00,BarData,125.391,0,-1.0,-1.0,188.437516,0.0,✅ 触发交易,125.391,126.241,67.8,-1
1766431740.4583342,2025-12-22 19:29:00,2025-12-23 03:29:00,BarData,125.404,0,-1.0,-1.0,188.432516,0.0,✅ 触发交易,125.404,126.214,64.6,-1
1766431800.579498,2025-12-22 19:30:00,2025-12-23 03:30:00,BarData,125.336,0,-1.0,-1.0,188.51351599999998,0.0,✅ 触发交易,125.336,126.185,67.7,-1
1766431860.5762565,2025-12-22 19:31:00,2025-12-23 03:31:00,BarData,125.306,0,-1.0,-1.0,188.527516,0.0,✅ 触发交易,125.306,126.156,67.8,-1
1766431920.3493237,2025-12-22 19:32:00,2025-12-23 03:32:00,BarData,125.115,0,-1.0,-1.0,188.718516,0.0,✅ 触发交易,125.115,126.122,80.5,-1
1766431980.4926481,2025-12-22 19:33:00,2025-12-23 03:33:00,BarData,125.014,0,-1.0,-1.0,188.788516,0.0,✅ 触发交易,125.014,126.086,85.7,-1
1766432040.285824,2025-12-22 19:34:00,2025-12-23 03:34:00,BarData,125.128,0,-1.0,-1.0,188.700516,0.0,✅ 触发交易,125.128,126.054,74.0,-1
1766432100.2497826,2025-12-22 19:35:00,2025-12-23 03:35:00,BarData,124.978,0,-1.0,-1.0,188.855516,0.0,✅ 触发交易,124.978,126.019,83.3,-1
1766432111.3815324,2025-12-22 19:35:11,2025-12-23 03:35:11,TP,124.871,1.0,-1.0,0.0,188.969516,0.0,🚀 止盈 (+5.00%),124.978,126.019,83.3,-1
1766432111.3818576,2025-12-22 19:35:11,2025-12-23 03:35:11,PnlRecord,124.871,0,0,0,188.855516,5.0040239364457095,空,124.978,126.019,83.3,-1
1766432160.3400705,2025-12-22 19:36:00,2025-12-23 03:36:00,BarData,124.882,0,0.0,0.0,188.969516,0.0,✅ 触发交易,124.882,125.982,88.1,-1
1766432164.205819,2025-12-22 19:36:04,2025-12-23 03:36:04,Strategy_Open,124.882,1.0,0,-1.0,188.942516,0.0,Strategy_Signal,124.882,125.982,88.1,-1
1766432220.4735162,2025-12-22 19:37:00,2025-12-23 03:37:00,BarData,124.974,0,-1.0,-1.0,188.903516,0.0,✅ 触发交易,124.974,125.949,78.0,-1
1766432238.1811264,2025-12-22 19:37:18,2025-12-23 03:37:18,SL,125.034,1.0,-1.0,0.0,188.77045,0.0,🛡️ 止损 (-1.19%),124.974,125.949,78.0,-1
1766432238.1814406,2025-12-22 19:37:18,2025-12-23 03:37:18,PnlRecord,125.034,0,0,0,188.923516,-1.1930976498378578,空,124.974,125.949,78.0,-1
1766432280.5562787,2025-12-22 19:38:00,2025-12-23 03:38:00,BarData,125.146,0,0.0,0.0,188.77045,0.0,✅ 触发交易,125.146,125.922,62.0,-1
1766432284.4117131,2025-12-22 19:38:04,2025-12-23 03:38:04,Strategy_Open,125.146,1.0,0,-1.0,188.76045000000002,0.0,Strategy_Signal,125.146,125.922,62.0,-1
1766432340.3144386,2025-12-22 19:39:00,2025-12-23 03:39:00,BarData,125.231,0,-1.0,-1.0,188.69245,0.0,✅ 触发交易,125.231,125.900,53.4,-1
1766432400.5101027,2025-12-22 19:40:00,2025-12-23 03:40:00,BarData,125.167,0,-1.0,-1.0,188.75645,0.0,✅ 触发交易,125.167,125.876,56.6,-1
1766432460.2785752,2025-12-22 19:41:00,2025-12-23 03:41:00,BarData,125.025,0,-1.0,-1.0,188.88145,0.0,✅ 触发交易,125.025,125.848,65.8,-1
1766432520.2939434,2025-12-22 19:42:00,2025-12-23 03:42:00,BarData,125.101,0,-1.0,-1.0,188.82145,0.0,✅ 触发交易,125.101,125.823,57.7,-1
1766432580.7030818,2025-12-22 19:43:00,2025-12-23 03:43:00,BarData,125.047,0,-1.0,-1.0,188.84045,0.0,✅ 触发交易,125.047,125.798,60.0,-1
1766432640.337235,2025-12-22 19:44:00,2025-12-23 03:44:00,BarData,125.035,0,-1.0,-1.0,188.88945,0.0,✅ 触发交易,125.035,125.773,59.0,-1
1766432700.0937374,2025-12-22 19:45:00,2025-12-23 03:45:00,BarData,125.024,0,-1.0,-1.0,188.89445,0.0,✅ 触发交易,125.024,125.748,57.9,-1
1766432760.3786016,2025-12-22 19:46:00,2025-12-23 03:46:00,BarData,124.994,0,-1.0,-1.0,188.92545,0.0,✅ 触发交易,124.994,125.724,58.4,-1
1766432820.503915,2025-12-22 19:47:00,2025-12-23 03:47:00,BarData,125.01,0,-1.0,-1.0,188.87745,0.0,✅ 触发交易,125.010,125.700,55.2,-1
1766432880.4336486,2025-12-22 19:48:00,2025-12-23 03:48:00,BarData,125.028,0,-1.0,-1.0,188.85145,0.0,✅ 触发交易,125.028,125.678,52.0,-1
1766432940.309898,2025-12-22 19:49:00,2025-12-23 03:49:00,BarData,124.956,0,-1.0,-1.0,188.96245000000002,0.0,✅ 触发交易,124.956,125.654,55.9,-1
1766433000.122905,2025-12-22 19:50:00,2025-12-23 03:50:00,BarData,124.895,0,-1.0,-1.0,189.03545,0.0,✅ 触发交易,124.895,125.630,58.8,-1
1766433060.8631237,2025-12-22 19:51:00,2025-12-23 03:51:00,BarData,124.739,0,-1.0,-1.0,189.17945,0.0,✅ 触发交易,124.739,125.600,69.1,-1
1766433120.5162811,2025-12-22 19:52:00,2025-12-23 03:52:00,BarData,124.734,0,-1.0,-1.0,189.22345,0.0,✅ 触发交易,124.734,125.572,67.2,-1
1766433180.4127123,2025-12-22 19:53:00,2025-12-23 03:53:00,BarData,124.878,0,-1.0,-1.0,189.03345000000002,0.0,✅ 触发交易,124.878,125.549,53.7,-1
1766433240.4660208,2025-12-22 19:54:00,2025-12-23 03:54:00,BarData,124.912,0,-1.0,-1.0,189.08345,0.0,✅ 触发交易,124.912,125.528,49.3,-1
1766433300.3933687,2025-12-22 19:55:00,2025-12-23 03:55:00,BarData,124.792,0,-1.0,-1.0,189.13145,0.0,✅ 触发交易,124.792,125.504,57.1,-1
1766433360.32495,2025-12-22 19:56:00,2025-12-23 03:56:00,BarData,124.836,0,-1.0,-1.0,189.09145,0.0,✅ 触发交易,124.836,125.482,51.8,-1
1766433420.475948,2025-12-22 19:57:00,2025-12-23 03:57:00,BarData,124.885,0,-1.0,-1.0,189.03545,0.0,✅ 触发交易,124.885,125.463,46.3,-1
1766433480.3007507,2025-12-22 19:58:00,2025-12-23 03:58:00,BarData,124.559,0,-1.0,-1.0,189.36845000000002,0.0,✅ 触发交易,124.559,125.433,70.2,-1
1766433540.2772129,2025-12-22 19:59:00,2025-12-23 03:59:00,BarData,124.78,0,-1.0,-1.0,189.17245,0.0,✅ 触发交易,124.780,125.412,50.6,-1
1766433600.3109963,2025-12-22 20:00:00,2025-12-23 04:00:00,BarData,124.574,0,-1.0,-1.0,189.28545,0.0,✅ 触发交易,124.574,125.384,65.0,-1
1766433606.5245538,2025-12-22 20:00:06,2025-12-23 04:00:06,TP,124.525,1.0,-1.0,0.0,189.39671,0.0,🚀 止盈 (+5.01%),124.574,125.384,65.0,-1
1766433606.5248752,2025-12-22 20:00:06,2025-12-23 04:00:06,PnlRecord,124.525,0,0,0,189.28545,5.009907951930416,空,124.574,125.384,65.0,-1
1766433660.4332654,2025-12-22 20:01:00,2025-12-23 04:01:00,BarData,124.659,0,0.0,0.0,189.39671,0.0,✅ 触发交易,124.659,125.360,56.3,-1
1766433664.279565,2025-12-22 20:01:04,2025-12-23 04:01:04,Strategy_Open,124.659,1.0,0,-1.0,189.36571,0.0,Strategy_Signal,124.659,125.360,56.3,-1
1766433720.1730592,2025-12-22 20:02:00,2025-12-23 04:02:00,BarData,124.63,0,-1.0,-1.0,189.42971,0.0,✅ 触发交易,124.630,125.336,56.7,-1
1766433777.6256433,2025-12-22 20:02:57,2025-12-23 04:02:57,SL,124.794,1.0,-1.0,0.0,189.25871,0.0,🛡️ 止损 (-1.11%),124.630,125.336,56.7,-1
1766433777.625973,2025-12-22 20:02:57,2025-12-23 04:02:57,PnlRecord,124.794,0,0,0,189.31371000000001,-1.1070465922217225,空,124.630,125.336,56.7,-1
1766433780.721125,2025-12-22 20:03:00,2025-12-23 04:03:00,BarData,124.802,0,0.0,0.0,189.25871,0.0,✅ 触发交易,124.802,125.319,41.4,-1
1766433784.2456212,2025-12-22 20:03:04,2025-12-23 04:03:04,Strategy_Open,124.802,1.0,0,-1.0,189.22271,0.0,Strategy_Signal,124.802,125.319,41.4,-1
1766433838.3778696,2025-12-22 20:03:58,2025-12-23 04:03:58,SL,124.923,1.0,-1.0,0.0,189.14171,0.0,🛡️ 止损 (-1.00%),124.802,125.319,41.4,-1
1766433838.3781893,2025-12-22 20:03:58,2025-12-23 04:03:58,PnlRecord,124.923,0,0,0,189.21671,-1.0016186156829434,空,124.802,125.319,41.4,-1
1766433841.2974768,2025-12-22 20:04:01,2025-12-23 04:04:01,BarData,124.916,0,0.0,0.0,189.14171,0.0,✅ 触发交易,124.916,125.306,31.2,-1
1766433844.825977,2025-12-22 20:04:04,2025-12-23 04:04:04,Strategy_Open,124.916,1.0,0,-1.0,189.12870999999998,0.0,Strategy_Signal,124.916,125.306,31.2,-1
1766433900.3094087,2025-12-22 20:05:00,2025-12-23 04:05:00,BarData,124.894,0,-1.0,-1.0,189.10970999999998,0.0,✅ 触发交易,124.894,125.292,31.9,-1
1766433934.2622974,2025-12-22 20:05:34,2025-12-23 04:05:34,SL,125.064,1.0,-1.0,0.0,188.96571,0.0,🛡️ 止损 (-1.43%),124.894,125.292,31.9,-1
1766433934.262593,2025-12-22 20:05:34,2025-12-23 04:05:34,PnlRecord,125.064,0,0,0,189.06671,-1.4333186531608106,空,124.894,125.292,31.9,-1
1766433960.5073326,2025-12-22 20:06:00,2025-12-23 04:06:00,BarData,124.921,0,0.0,0.0,188.96571,0.0,✅ 触发交易,124.921,125.280,28.7,-1
1766433964.5459406,2025-12-22 20:06:04,2025-12-23 04:06:04,Strategy_Open,124.921,1.0,0,-1.0,188.97371,0.0,Strategy_Signal,124.921,125.280,28.7,-1
1766433984.4698672,2025-12-22 20:06:24,2025-12-23 04:06:24,SL,124.992,1.0,-1.0,0.0,188.81171,0.0,🛡️ 止损 (-1.03%),124.921,125.280,28.7,-1
1766433984.470198,2025-12-22 20:06:24,2025-12-23 04:06:24,PnlRecord,124.992,0,0,0,188.83171000000002,-1.0331323130151036,空,124.921,125.280,28.7,-1
1766434020.6474376,2025-12-22 20:07:00,2025-12-23 04:07:00,BarData,125.056,0,0.0,0.0,188.81171,0.0,✅ 触发交易,125.056,125.273,17.3,-1
1766434024.5025895,2025-12-22 20:07:04,2025-12-23 04:07:04,Strategy_Open,125.056,1.0,0,-1.0,188.815346,0.0,Strategy_Signal,125.056,125.273,17.3,-1
1766434080.2906327,2025-12-22 20:08:00,2025-12-23 04:08:00,BarData,124.968,0,-1.0,-1.0,188.869346,0.0,✅ 触发交易,124.968,125.263,23.6,-1
1766434140.2388647,2025-12-22 20:09:00,2025-12-23 04:09:00,BarData,125.079,0,-1.0,-1.0,188.756346,0.0,✅ 触发交易,125.079,125.257,14.2,-1
1766434200.4923255,2025-12-22 20:10:00,2025-12-23 04:10:00,BarData,125.026,0,-1.0,-1.0,188.831346,0.0,✅ 触发交易,125.026,125.249,17.8,-1
1766434260.4361055,2025-12-22 20:11:00,2025-12-23 04:11:00,BarData,125.107,0,-1.0,-1.0,188.747346,0.0,✅ 触发交易,125.107,125.244,11.0,-1
1766434320.3366127,2025-12-22 20:12:00,2025-12-23 04:12:00,BarData,125.03,0,-1.0,-1.0,188.836346,0.0,✅ 触发交易,125.030,125.237,16.6,-1
1766434380.3861248,2025-12-22 20:13:00,2025-12-23 04:13:00,BarData,124.854,0,-1.0,-1.0,188.940346,0.0,✅ 触发交易,124.854,125.225,29.7,-1
1766434440.4156597,2025-12-22 20:14:00,2025-12-23 04:14:00,BarData,124.939,0,-1.0,-1.0,188.921346,0.0,✅ 触发交易,124.939,125.215,22.1,-1
1766434500.3651123,2025-12-22 20:15:00,2025-12-23 04:15:00,BarData,124.854,0,-1.0,-1.0,188.921346,0.0,✅ 触发交易,124.854,125.204,28.0,-1
1766434560.4977884,2025-12-22 20:16:00,2025-12-23 04:16:00,BarData,124.781,0,-1.0,-1.0,189.041346,0.0,✅ 触发交易,124.781,125.190,32.8,-1
1766434620.4119184,2025-12-22 20:17:00,2025-12-23 04:17:00,BarData,124.508,0,-1.0,-1.0,189.337346,0.0,✅ 触发交易,124.508,125.167,53.0,-1
1766434643.5183754,2025-12-22 20:17:23,2025-12-23 04:17:23,TP,124.313,1.0,-1.0,0.0,189.572346,0.0,🚀 止盈 (+5.85%),124.508,125.167,53.0,-1
1766434643.518678,2025-12-22 20:17:23,2025-12-23 04:17:23,PnlRecord,124.313,0,0,0,189.310346,5.845942228335582,空,124.508,125.167,53.0,-1
1766434680.6401696,2025-12-22 20:18:00,2025-12-23 04:18:00,BarData,124.286,0,0.0,0.0,189.572346,0.0,✅ 触发交易,124.286,125.139,68.6,-1
1766434684.4907582,2025-12-22 20:18:04,2025-12-23 04:18:04,Strategy_Open,124.286,1.0,0,-1.0,189.541346,0.0,Strategy_Signal,124.286,125.139,68.6,-1
1766434694.1991327,2025-12-22 20:18:14,2025-12-23 04:18:14,SL,124.361,1.0,-1.0,0.0,189.476346,0.0,🛡️ 止损 (-1.04%),124.286,125.139,68.6,-1
1766434694.1994617,2025-12-22 20:18:14,2025-12-23 04:18:14,PnlRecord,124.361,0,0,0,189.531346,-1.0383798055251858,空,124.286,125.139,68.6,-1
1766434740.380739,2025-12-22 20:19:00,2025-12-23 04:19:00,BarData,124.458,0,0.0,0.0,189.476346,0.0,✅ 触发交易,124.458,125.116,52.9,-1
1766434744.2728746,2025-12-22 20:19:04,2025-12-23 04:19:04,Strategy_Open,124.458,1.0,0,-1.0,189.47334600000002,0.0,Strategy_Signal,124.458,125.116,52.9,-1
1766434798.502608,2025-12-22 20:19:58,2025-12-23 04:19:58,SL,124.528,1.0,-1.0,0.0,189.375346,0.0,🛡️ 止损 (-1.03%),124.458,125.116,52.9,-1
1766434798.502903,2025-12-22 20:19:58,2025-12-23 04:19:58,PnlRecord,124.528,0,0,0,189.362346,-1.0289389067524124,空,124.458,125.116,52.9,-1
1766434801.6472287,2025-12-22 20:20:01,2025-12-23 04:20:01,BarData,124.534,0,0.0,0.0,189.375346,0.0,✅ 触发交易,124.534,125.097,45.2,-1
1766434805.1709514,2025-12-22 20:20:05,2025-12-23 04:20:05,Strategy_Open,124.534,1.0,0,-1.0,189.37234600000002,0.0,Strategy_Signal,124.534,125.097,45.2,-1
1766434860.5262437,2025-12-22 20:21:00,2025-12-23 04:21:00,BarData,124.515,0,-1.0,-1.0,189.380346,0.0,✅ 触发交易,124.515,125.078,45.2,-1
1766434920.3426416,2025-12-22 20:22:00,2025-12-23 04:22:00,BarData,124.545,0,-1.0,-1.0,189.434346,0.0,✅ 触发交易,124.545,125.061,41.4,-1
1766434980.3346124,2025-12-22 20:23:00,2025-12-23 04:23:00,BarData,124.36,0,-1.0,-1.0,189.536346,0.0,✅ 触发交易,124.360,125.038,54.5,-1
1766435040.285825,2025-12-22 20:24:00,2025-12-23 04:24:00,BarData,124.459,0,-1.0,-1.0,189.421346,0.0,✅ 触发交易,124.459,125.019,45.0,-1
1766435100.2322285,2025-12-22 20:25:00,2025-12-23 04:25:00,BarData,124.492,0,-1.0,-1.0,189.415346,0.0,✅ 触发交易,124.492,125.001,40.9,-1
1766435160.692933,2025-12-22 20:26:00,2025-12-23 04:26:00,BarData,124.479,0,-1.0,-1.0,189.369346,0.0,✅ 触发交易,124.479,124.984,40.6,-1
1766435220.5764463,2025-12-22 20:27:00,2025-12-23 04:27:00,BarData,124.507,0,-1.0,-1.0,189.445346,0.0,✅ 触发交易,124.507,124.969,37.1,-1
1766435280.4642522,2025-12-22 20:28:00,2025-12-23 04:28:00,BarData,124.594,0,-1.0,-1.0,189.316346,0.0,✅ 触发交易,124.594,124.956,29.1,-1
1766435340.4548416,2025-12-22 20:29:00,2025-12-23 04:29:00,BarData,124.551,0,-1.0,-1.0,189.351346,0.0,✅ 触发交易,124.551,124.943,31.5,-1
1766435400.5331974,2025-12-22 20:30:00,2025-12-23 04:30:00,BarData,124.492,0,-1.0,-1.0,189.422346,0.0,✅ 触发交易,124.492,124.928,35.0,-1
1766435460.370401,2025-12-22 20:31:00,2025-12-23 04:31:00,BarData,124.446,0,-1.0,-1.0,189.444346,0.0,✅ 触发交易,124.446,124.912,37.5,-1
1766435520.4691956,2025-12-22 20:32:00,2025-12-23 04:32:00,BarData,124.514,0,-1.0,-1.0,189.433346,0.0,✅ 触发交易,124.514,124.899,30.9,-1
1766435580.3654103,2025-12-22 20:33:00,2025-12-23 04:33:00,BarData,124.554,0,-1.0,-1.0,189.482346,0.0,✅ 触发交易,124.554,124.888,26.8,-1
1766435606.2626173,2025-12-22 20:33:26,2025-12-23 04:33:26,SL,124.704,1.0,-1.0,0.0,189.185346,0.0,🛡️ 止损 (-1.41%),124.554,124.888,26.8,-1
1766435606.2629168,2025-12-22 20:33:26,2025-12-23 04:33:26,PnlRecord,124.704,0,0,0,189.285346,-1.405295152133215,空,124.554,124.888,26.8,-1
1766435640.507141,2025-12-22 20:34:00,2025-12-23 04:34:00,BarData,124.844,0,0.0,0.0,189.185346,0.0,❌ 震荡 (Gap 3.4 < 10),124.844,124.887,3.4,0
1766435700.5697663,2025-12-22 20:35:00,2025-12-23 04:35:00,BarData,124.76,0,0.0,0.0,189.185346,0.0,❌ 震荡 (Gap 9.8 < 10),124.760,124.882,9.8,0
1766435760.4391599,2025-12-22 20:36:00,2025-12-23 04:36:00,BarData,124.483,0,0.0,0.0,189.185346,0.0,✅ 触发交易,124.483,124.869,31.0,-1
1766435764.2919238,2025-12-22 20:36:04,2025-12-23 04:36:04,Strategy_Open,124.483,1.0,0,-1.0,189.202346,0.0,Strategy_Signal,124.483,124.869,31.0,-1
1766435820.219645,2025-12-22 20:37:00,2025-12-23 04:37:00,BarData,124.477,0,-1.0,-1.0,189.224346,0.0,✅ 触发交易,124.477,124.856,30.5,-1
1766435880.311954,2025-12-22 20:38:00,2025-12-23 04:38:00,BarData,124.562,0,-1.0,-1.0,189.096346,0.0,✅ 触发交易,124.562,124.847,22.9,-1
1766435910.42557,2025-12-22 20:38:30,2025-12-23 04:38:30,SL,124.639,1.0,-1.0,0.0,189.074346,0.0,🛡️ 止损 (-1.07%),124.562,124.847,22.9,-1
1766435910.4258814,2025-12-22 20:38:30,2025-12-23 04:38:30,PnlRecord,124.639,0,0,0,189.102346,-1.0682216118098369,空,124.562,124.847,22.9,-1
1766435940.668064,2025-12-22 20:39:00,2025-12-23 04:39:00,BarData,124.566,0,0.0,0.0,189.074346,0.0,✅ 触发交易,124.566,124.838,21.8,-1
1766435944.5192928,2025-12-22 20:39:04,2025-12-23 04:39:04,Strategy_Open,124.566,1.0,0,-1.0,189.08934599999998,0.0,Strategy_Signal,124.566,124.838,21.8,-1
1766436000.5112214,2025-12-22 20:40:00,2025-12-23 04:40:00,BarData,124.605,0,-1.0,-1.0,189.052346,0.0,✅ 触发交易,124.605,124.830,18.1,-1
1766436060.2701242,2025-12-22 20:41:00,2025-12-23 04:41:00,BarData,124.663,0,-1.0,-1.0,188.972346,0.0,✅ 触发交易,124.663,124.825,13.0,-1
1766436123.3572705,2025-12-22 20:42:03,2025-12-23 04:42:03,SL,124.737,1.0,-1.0,0.0,188.90252,0.0,🛡️ 止损 (-1.20%),124.663,124.825,13.0,-1
1766436123.3576074,2025-12-22 20:42:03,2025-12-23 04:42:03,PnlRecord,124.737,0,0,0,189.005346,-1.1959418242527446,空,124.663,124.825,13.0,-1
1766436126.397999,2025-12-22 20:42:06,2025-12-23 04:42:06,BarData,124.732,0,0.0,0.0,188.90252,0.0,❌ 震荡 (Gap 7.2 < 10),124.732,124.821,7.2,0
1766436180.622693,2025-12-22 20:43:00,2025-12-23 04:43:00,BarData,124.75,0,0.0,0.0,188.90252,0.0,❌ 震荡 (Gap 5.5 < 10),124.750,124.819,5.5,0
1766436240.497863,2025-12-22 20:44:00,2025-12-23 04:44:00,BarData,124.643,0,0.0,0.0,188.90252,0.0,✅ 触发交易,124.643,124.813,13.7,-1
1766436244.460634,2025-12-22 20:44:04,2025-12-23 04:44:04,Strategy_Open,124.643,1.0,0,-1.0,188.90552,0.0,Strategy_Signal,124.643,124.813,13.7,-1
1766436269.2350106,2025-12-22 20:44:29,2025-12-23 04:44:29,SL,124.787,1.0,-1.0,0.0,188.751338,0.0,🛡️ 止损 (-1.14%),124.643,124.813,13.7,-1
1766436269.2353191,2025-12-22 20:44:29,2025-12-23 04:44:29,PnlRecord,124.787,0,0,0,188.79552,-1.1392354286173543,空,124.643,124.813,13.7,-1
1766436300.1299896,2025-12-22 20:45:00,2025-12-23 04:45:00,BarData,124.757,0,0.0,0.0,188.751338,0.0,❌ 震荡 (Gap 4.4 < 10),124.757,124.812,4.4,0
1766436360.553205,2025-12-22 20:46:00,2025-12-23 04:46:00,BarData,124.864,0,0.0,0.0,188.751338,0.0,❌ 震荡 (Gap 4.1 < 10),124.864,124.813,4.1,0
1766436420.1543636,2025-12-22 20:47:00,2025-12-23 04:47:00,BarData,125.062,0,0.0,0.0,188.751338,0.0,❌ 快线向下,125.062,124.821,19.2,0
1766436480.1678183,2025-12-22 20:48:00,2025-12-23 04:48:00,BarData,124.817,0,0.0,0.0,188.751338,0.0,❌ 震荡 (Gap 0.3 < 10),124.817,124.821,0.3,0
1766436540.2365313,2025-12-22 20:49:00,2025-12-23 04:49:00,BarData,124.785,0,0.0,0.0,188.751338,0.0,❌ 震荡 (Gap 2.8 < 10),124.785,124.820,2.8,0
1766436600.4758308,2025-12-22 20:50:00,2025-12-23 04:50:00,BarData,124.722,0,0.0,0.0,188.751338,0.0,❌ 震荡 (Gap 7.6 < 10),124.722,124.817,7.6,0
1766436660.136885,2025-12-22 20:51:00,2025-12-23 04:51:00,BarData,124.509,0,0.0,0.0,188.751338,0.0,✅ 触发交易,124.509,124.807,23.9,-1
1766436664.0064175,2025-12-22 20:51:04,2025-12-23 04:51:04,Strategy_Open,124.509,1.0,0,-1.0,188.812338,0.0,Strategy_Signal,124.509,124.807,23.9,-1
1766436720.4719646,2025-12-22 20:52:00,2025-12-23 04:52:00,BarData,124.408,0,-1.0,-1.0,188.847338,0.0,✅ 触发交易,124.408,124.794,31.0,-1
1766436780.42294,2025-12-22 20:53:00,2025-12-23 04:53:00,BarData,124.458,0,-1.0,-1.0,188.799338,0.0,✅ 触发交易,124.458,124.783,26.1,-1
1766436840.5680227,2025-12-22 20:54:00,2025-12-23 04:54:00,BarData,124.412,0,-1.0,-1.0,188.856338,0.0,✅ 触发交易,124.412,124.771,28.8,-1
1766436900.4904702,2025-12-22 20:55:00,2025-12-23 04:55:00,BarData,124.419,0,-1.0,-1.0,188.965338,0.0,✅ 触发交易,124.419,124.759,27.3,-1
1766436960.482363,2025-12-22 20:56:00,2025-12-23 04:56:00,BarData,124.375,0,-1.0,-1.0,188.912338,0.0,✅ 触发交易,124.375,124.746,29.9,-1
1766437020.584778,2025-12-22 20:57:00,2025-12-23 04:57:00,BarData,124.402,0,-1.0,-1.0,188.857338,0.0,✅ 触发交易,124.402,124.735,26.8,-1
1766437080.2652233,2025-12-22 20:58:00,2025-12-23 04:58:00,BarData,124.494,0,-1.0,-1.0,188.769338,0.0,✅ 触发交易,124.494,124.727,18.7,-1
1766437140.200305,2025-12-22 20:59:00,2025-12-23 04:59:00,BarData,124.47,0,-1.0,-1.0,188.784338,0.0,✅ 触发交易,124.470,124.719,20.0,-1
1766437200.3358493,2025-12-22 21:00:00,2025-12-23 05:00:00,BarData,124.32,0,-1.0,-1.0,188.916338,0.0,✅ 触发交易,124.320,124.706,31.0,-1
1766437260.3081443,2025-12-22 21:01:00,2025-12-23 05:01:00,BarData,124.297,0,-1.0,-1.0,188.982982,0.0,✅ 触发交易,124.297,124.692,31.8,-1
1766437320.5212011,2025-12-22 21:02:00,2025-12-23 05:02:00,BarData,124.294,0,-1.0,-1.0,188.950982,0.0,✅ 触发交易,124.294,124.679,31.0,-1
1766437380.480998,2025-12-22 21:03:00,2025-12-23 05:03:00,BarData,124.523,0,-1.0,-1.0,188.800982,0.0,✅ 触发交易,124.523,124.674,12.1,-1
1766437440.1201,2025-12-22 21:04:00,2025-12-23 05:04:00,BarData,124.422,0,-1.0,-1.0,188.741982,0.0,✅ 触发交易,124.422,124.666,19.6,-1
1766437500.3563538,2025-12-22 21:05:00,2025-12-23 05:05:00,BarData,124.434,0,-1.0,-1.0,188.864982,0.0,✅ 触发交易,124.434,124.658,18.0,-1
1766437560.5033083,2025-12-22 21:06:00,2025-12-23 05:06:00,BarData,124.429,0,-1.0,-1.0,188.824982,0.0,✅ 触发交易,124.429,124.651,17.8,-1
1766437615.4304128,2025-12-22 21:06:55,2025-12-23 05:06:55,SL,124.644,1.0,-1.0,0.0,188.607983,0.0,🛡️ 止损 (-1.04%),124.429,124.651,17.8,-1
1766437615.430722,2025-12-22 21:06:55,2025-12-23 05:06:55,PnlRecord,124.644,0,0,0,188.742982,-1.0360197566558638,空,124.429,124.651,17.8,-1
1766437620.2355545,2025-12-22 21:07:00,2025-12-23 05:07:00,BarData,124.658,0,0.0,0.0,188.607983,0.0,❌ 震荡 (Gap 0.6 < 10),124.658,124.651,0.6,0
1766437680.2686536,2025-12-22 21:08:00,2025-12-23 05:08:00,BarData,124.368,0,0.0,0.0,188.607983,0.0,✅ 触发交易,124.368,124.642,22.0,-1
1766437684.1281404,2025-12-22 21:08:04,2025-12-23 05:08:04,Strategy_Open,124.368,1.0,0,-1.0,188.597983,0.0,Strategy_Signal,124.368,124.642,22.0,-1
1766437721.0357254,2025-12-22 21:08:41,2025-12-23 05:08:41,SL,124.474,1.0,-1.0,0.0,188.412983,0.0,🛡️ 止损 (-1.13%),124.368,124.642,22.0,-1
1766437721.0362062,2025-12-22 21:08:41,2025-12-23 05:08:41,PnlRecord,124.474,0,0,0,188.505983,-1.1259993244004098,空,124.368,124.642,22.0,-1
1766437740.3590024,2025-12-22 21:09:00,2025-12-23 05:09:00,BarData,124.647,0,0.0,0.0,188.412983,0.0,❌ 震荡 (Gap 0.4 < 10),124.647,124.642,0.4,0
1766437800.5056684,2025-12-22 21:10:00,2025-12-23 05:10:00,BarData,124.579,0,0.0,0.0,188.412983,0.0,❌ 震荡 (Gap 4.9 < 10),124.579,124.640,4.9,0
1766437860.2266943,2025-12-22 21:11:00,2025-12-23 05:11:00,BarData,124.524,0,0.0,0.0,188.412983,0.0,❌ 震荡 (Gap 9.0 < 10),124.524,124.636,9.0,0
1766437920.6224437,2025-12-22 21:12:00,2025-12-23 05:12:00,BarData,124.405,0,0.0,0.0,188.412983,0.0,✅ 触发交易,124.405,124.628,18.0,-1
1766437924.482337,2025-12-22 21:12:04,2025-12-23 05:12:04,Strategy_Open,124.405,1.0,0,-1.0,188.413983,0.0,Strategy_Signal,124.405,124.628,18.0,-1
1766437980.5400088,2025-12-22 21:13:00,2025-12-23 05:13:00,SL,124.546,1.0,-1.0,0.0,188.267983,0.0,🛡️ 止损 (-1.05%),124.405,124.628,18.0,-1
1766437980.540332,2025-12-22 21:13:00,2025-12-23 05:13:00,PnlRecord,124.546,0,0,0,188.36298299999999,-1.0529277016436942,空,124.405,124.628,18.0,-1
1766437983.4700193,2025-12-22 21:13:03,2025-12-23 05:13:03,BarData,124.556,0,0.0,0.0,188.267983,0.0,❌ 震荡 (Gap 5.6 < 10),124.556,124.626,5.6,0
1766438040.5692542,2025-12-22 21:14:00,2025-12-23 05:14:00,BarData,124.575,0,0.0,0.0,188.267983,0.0,❌ 震荡 (Gap 4.0 < 10),124.575,124.624,4.0,0
1766438100.4786432,2025-12-22 21:15:00,2025-12-23 05:15:00,BarData,124.601,0,0.0,0.0,188.267983,0.0,❌ 震荡 (Gap 1.8 < 10),124.601,124.624,1.8,0
1766438160.1323369,2025-12-22 21:16:00,2025-12-23 05:16:00,BarData,124.559,0,0.0,0.0,188.267983,0.0,❌ 震荡 (Gap 5.0 < 10),124.559,124.621,5.0,0
1766438220.179255,2025-12-22 21:17:00,2025-12-23 05:17:00,BarData,124.62,0,0.0,0.0,188.267983,0.0,❌ 震荡 (Gap 0.1 < 10),124.620,124.621,0.1,0
1766438280.299121,2025-12-22 21:18:00,2025-12-23 05:18:00,BarData,124.617,0,0.0,0.0,188.267983,0.0,❌ 震荡 (Gap 0.3 < 10),124.617,124.621,0.3,0
1766438340.2538261,2025-12-22 21:19:00,2025-12-23 05:19:00,BarData,124.489,0,0.0,0.0,188.267983,0.0,✅ 触发交易,124.489,124.617,10.3,-1
1766438344.1079438,2025-12-22 21:19:04,2025-12-23 05:19:04,Strategy_Open,124.489,1.0,0,-1.0,188.264983,0.0,Strategy_Signal,124.489,124.617,10.3,-1
1766438400.3693514,2025-12-22 21:20:00,2025-12-23 05:20:00,BarData,124.53,0,-1.0,-1.0,188.22398299999998,0.0,❌ 震荡 (Gap 6.8 < 10),124.530,124.614,6.8,0
1766438401.1327124,2025-12-22 21:20:01,2025-12-23 05:20:01,PnlRecord,124.53,0,0,0,188.22398299999998,-0.27310114381189776,空,124.530,124.614,6.8,0
1766438401.473391,2025-12-22 21:20:01,2025-12-23 05:20:01,CloseSignal,124.53,1.0,-1.0,0,188.22398299999998,0.0,Strategy_TrendEnd,124.530,124.614,6.8,0
1766438460.3514667,2025-12-22 21:21:00,2025-12-23 05:21:00,BarData,124.493,0,0.0,0.0,188.232983,0.0,❌ 震荡 (Gap 9.4 < 10),124.493,124.610,9.4,0
1766438520.5749168,2025-12-22 21:22:00,2025-12-23 05:22:00,BarData,124.462,0,0.0,0.0,188.232983,0.0,✅ 触发交易,124.462,124.605,11.5,-1
1766438524.521594,2025-12-22 21:22:04,2025-12-23 05:22:04,Strategy_Open,124.462,1.0,0,-1.0,188.232983,0.0,Strategy_Signal,124.462,124.605,11.5,-1
1766438580.3302474,2025-12-22 21:23:00,2025-12-23 05:23:00,BarData,124.399,0,-1.0,-1.0,188.29098299999998,0.0,✅ 触发交易,124.399,124.599,16.0,-1
1766438640.44746,2025-12-22 21:24:00,2025-12-23 05:24:00,BarData,124.554,0,-1.0,-1.0,188.167983,0.0,❌ 震荡 (Gap 3.5 < 10),124.554,124.597,3.5,0
1766438641.1930587,2025-12-22 21:24:01,2025-12-23 05:24:01,PnlRecord,124.554,0,0,0,188.167983,-0.8598037718868218,空,124.554,124.597,3.5,0
1766438641.539442,2025-12-22 21:24:01,2025-12-23 05:24:01,CloseSignal,124.554,1.0,-1.0,0,188.167983,0.0,Strategy_TrendEnd,124.554,124.597,3.5,0
1766438700.3584964,2025-12-22 21:25:00,2025-12-23 05:25:00,BarData,124.771,0,0.0,0.0,188.046983,0.0,❌ 快线向下,124.771,124.603,13.5,0
1766438760.4282172,2025-12-22 21:26:00,2025-12-23 05:26:00,BarData,124.779,0,0.0,0.0,188.046983,0.0,❌ 快线向下,124.779,124.609,13.7,0
1766438820.3655481,2025-12-22 21:27:00,2025-12-23 05:27:00,BarData,124.814,0,0.0,0.0,188.046983,0.0,❌ 快线向下,124.814,124.615,15.9,0
1766438880.2443407,2025-12-22 21:28:00,2025-12-23 05:28:00,BarData,124.809,0,0.0,0.0,188.046983,0.0,❌ 快线向下,124.809,124.622,15.0,0
1766438940.34711,2025-12-22 21:29:00,2025-12-23 05:29:00,BarData,124.894,0,0.0,0.0,188.046983,0.0,❌ 快线向下,124.894,124.631,21.1,0
1766439000.3918262,2025-12-22 21:30:00,2025-12-23 05:30:00,BarData,124.928,0,0.0,0.0,188.046983,0.0,❌ 快线向下,124.928,124.640,23.0,0
1766439060.6183019,2025-12-22 21:31:00,2025-12-23 05:31:00,BarData,125.079,0,0.0,0.0,188.046983,0.0,❌ 快线向下,125.079,124.655,33.9,0
1766439120.3805656,2025-12-22 21:32:00,2025-12-23 05:32:00,BarData,125.084,0,0.0,0.0,188.046983,0.0,❌ 快线向下,125.084,124.669,33.2,0
1766439180.6562202,2025-12-22 21:33:00,2025-12-23 05:33:00,BarData,125.035,0,0.0,0.0,188.046983,0.0,❌ 快线向下,125.035,124.681,28.3,0
1766439240.5440726,2025-12-22 21:34:00,2025-12-23 05:34:00,BarData,124.991,0,0.0,0.0,188.046983,0.0,❌ 快线向下,124.991,124.691,24.0,0
1766439300.0803535,2025-12-22 21:35:00,2025-12-23 05:35:00,BarData,124.958,0,0.0,0.0,188.046983,0.0,❌ 快线向下,124.958,124.700,20.7,0
1766439360.3603315,2025-12-22 21:36:00,2025-12-23 05:36:00,BarData,124.834,0,0.0,0.0,188.046983,0.0,❌ 快线向下,124.834,124.704,10.4,0
1766439420.2695272,2025-12-22 21:37:00,2025-12-23 05:37:00,BarData,124.861,0,0.0,0.0,188.046983,0.0,❌ 快线向下,124.861,124.709,12.2,0
1766439480.349219,2025-12-22 21:38:00,2025-12-23 05:38:00,BarData,124.931,0,0.0,0.0,188.046983,0.0,❌ 快线向下,124.931,124.717,17.2,0
1766439540.566296,2025-12-22 21:39:00,2025-12-23 05:39:00,BarData,125.169,0,0.0,0.0,188.046983,0.0,❌ 快线向下,125.169,124.731,35.0,0
1766439600.550038,2025-12-22 21:40:00,2025-12-23 05:40:00,BarData,125.276,0,0.0,0.0,188.046983,0.0,✅ 触发交易,125.276,124.749,42.0,1
1766439604.4936917,2025-12-22 21:40:04,2025-12-23 05:40:04,Strategy_Open,125.276,1.0,0,1.0,188.058983,0.0,Strategy_Signal,125.276,124.749,42.0,1
1766439660.129567,2025-12-22 21:41:00,2025-12-23 05:41:00,BarData,125.2,0,1.0,1.0,188.00098300000002,0.0,❌ 快线向下,125.200,124.764,34.8,0
1766439660.7961593,2025-12-22 21:41:00,2025-12-23 05:41:00,PnlRecord,125.2,0,0,0,188.00098300000002,-0.6066604936300122,多,125.200,124.764,34.8,0
1766439661.1353328,2025-12-22 21:41:01,2025-12-23 05:41:01,CloseSignal,125.2,1.0,1.0,0,188.00098300000002,0.0,Strategy_TrendEnd,125.200,124.764,34.8,0
1766439720.5570045,2025-12-22 21:42:00,2025-12-23 05:42:00,BarData,125.46,0,0.0,0.0,187.971983,0.0,✅ 触发交易,125.460,124.787,53.7,1
1766439724.4062953,2025-12-22 21:42:04,2025-12-23 05:42:04,Strategy_Open,125.46,1.0,0,1.0,187.94598299999998,0.0,Strategy_Signal,125.460,124.787,53.7,1
1766439780.1594884,2025-12-22 21:43:00,2025-12-23 05:43:00,BarData,125.367,0,1.0,1.0,187.894983,0.0,✅ 触发交易,125.367,124.806,44.8,1
1766439786.4573905,2025-12-22 21:43:06,2025-12-23 05:43:06,SL,125.312,1.0,1.0,0.0,187.844983,0.0,🛡️ 止损 (-1.13%),125.367,124.806,44.8,1
1766439786.4577181,2025-12-22 21:43:06,2025-12-23 05:43:06,PnlRecord,125.312,0,0,0,187.894983,-1.1318889792274134,多,125.367,124.806,44.8,1
1766439840.4528906,2025-12-22 21:44:00,2025-12-23 05:44:00,BarData,125.383,0,0.0,0.0,187.844983,0.0,✅ 触发交易,125.383,124.825,44.5,1
1766439844.3060715,2025-12-22 21:44:04,2025-12-23 05:44:04,Strategy_Open,125.383,1.0,0,1.0,187.86214700000002,0.0,Strategy_Signal,125.383,124.825,44.5,1
1766439900.56412,2025-12-22 21:45:00,2025-12-23 05:45:00,BarData,125.328,0,1.0,1.0,187.771147,0.0,✅ 触发交易,125.328,124.841,38.8,1
1766439919.4974387,2025-12-22 21:45:19,2025-12-23 05:45:19,SL,125.271,1.0,1.0,0.0,187.709147,0.0,🛡️ 止损 (-1.03%),125.328,124.841,38.8,1
1766439919.4977944,2025-12-22 21:45:19,2025-12-23 05:45:19,PnlRecord,125.271,0,0,0,187.771147,-1.0287081339713307,多,125.328,124.841,38.8,1
1766439960.4423075,2025-12-22 21:46:00,2025-12-23 05:46:00,BarData,125.272,0,0.0,0.0,187.709147,0.0,✅ 触发交易,125.272,124.855,33.3,1
1766439964.4750612,2025-12-22 21:46:04,2025-12-23 05:46:04,Strategy_Open,125.272,1.0,0,1.0,187.714147,0.0,Strategy_Signal,125.272,124.855,33.3,1
1766440002.1875944,2025-12-22 21:46:42,2025-12-23 05:46:42,SL,125.143,1.0,1.0,0.0,187.543147,0.0,🛡️ 止损 (-1.01%),125.272,124.855,33.3,1
1766440002.1879191,2025-12-22 21:46:42,2025-12-23 05:46:42,PnlRecord,125.143,0,0,0,187.652147,-1.0138101700326922,多,125.272,124.855,33.3,1
1766440020.278357,2025-12-22 21:47:00,2025-12-23 05:47:00,BarData,125.079,0,0.0,0.0,187.543147,0.0,❌ 快线向下,125.079,124.863,17.3,0
1766440080.120155,2025-12-22 21:48:00,2025-12-23 05:48:00,BarData,125.017,0,0.0,0.0,187.543147,0.0,❌ 快线向下,125.017,124.868,11.9,0
1766440140.1209319,2025-12-22 21:49:00,2025-12-23 05:49:00,BarData,124.964,0,0.0,0.0,187.543147,0.0,❌ 震荡 (Gap 7.4 < 10),124.964,124.871,7.4,0
1766440200.487271,2025-12-22 21:50:00,2025-12-23 05:50:00,BarData,125.004,0,0.0,0.0,187.543147,0.0,❌ 快线向下,125.004,124.875,10.3,0
1766440260.5239453,2025-12-22 21:51:00,2025-12-23 05:51:00,BarData,125.036,0,0.0,0.0,187.543147,0.0,❌ 快线向下,125.036,124.881,12.4,0
1766440320.2673943,2025-12-22 21:52:00,2025-12-23 05:52:00,BarData,124.867,0,0.0,0.0,187.543147,0.0,❌ 震荡 (Gap 1.1 < 10),124.867,124.880,1.1,0
1766440380.5561566,2025-12-22 21:53:00,2025-12-23 05:53:00,BarData,124.915,0,0.0,0.0,187.543147,0.0,❌ 震荡 (Gap 2.7 < 10),124.915,124.881,2.7,0
1766440440.2159417,2025-12-22 21:54:00,2025-12-23 05:54:00,BarData,124.986,0,0.0,0.0,187.543147,0.0,❌ 震荡 (Gap 8.1 < 10),124.986,124.885,8.1,0
1766440500.2280607,2025-12-22 21:55:00,2025-12-23 05:55:00,BarData,125.052,0,0.0,0.0,187.543147,0.0,❌ 快线向下,125.052,124.890,12.9,0
1766440560.3136678,2025-12-22 21:56:00,2025-12-23 05:56:00,BarData,125.059,0,0.0,0.0,187.543147,0.0,❌ 快线向下,125.059,124.896,13.1,0
1766440620.2250233,2025-12-22 21:57:00,2025-12-23 05:57:00,BarData,125.046,0,0.0,0.0,187.543147,0.0,❌ 快线向下,125.046,124.901,11.6,0
1766440680.3823411,2025-12-22 21:58:00,2025-12-23 05:58:00,BarData,125.078,0,0.0,0.0,187.543147,0.0,❌ 快线向下,125.078,124.906,13.7,0
1766440740.4573429,2025-12-22 21:59:00,2025-12-23 05:59:00,BarData,125.049,0,0.0,0.0,187.543147,0.0,❌ 快线向下,125.049,124.911,11.0,0
1766440800.1850917,2025-12-22 22:00:00,2025-12-23 06:00:00,BarData,125.055,0,0.0,0.0,187.543147,0.0,❌ 快线向下,125.055,124.916,11.1,0
1766440860.5502803,2025-12-22 22:01:00,2025-12-23 06:01:00,BarData,125.052,0,0.0,0.0,187.543147,0.0,❌ 快线向下,125.052,124.920,10.5,0
1766440920.4196968,2025-12-22 22:02:00,2025-12-23 06:02:00,BarData,125.114,0,0.0,0.0,187.543147,0.0,❌ 快线向下,125.114,124.927,15.0,0
1766440980.201186,2025-12-22 22:03:00,2025-12-23 06:03:00,BarData,125.099,0,0.0,0.0,187.543147,0.0,❌ 快线向下,125.099,124.932,13.3,0
1766441040.408626,2025-12-22 22:04:00,2025-12-23 06:04:00,BarData,124.909,0,0.0,0.0,187.543147,0.0,❌ 震荡 (Gap 1.8 < 10),124.909,124.932,1.8,0
1766441100.3506835,2025-12-22 22:05:00,2025-12-23 06:05:00,BarData,125.114,0,0.0,0.0,187.543147,0.0,❌ 快线向下,125.114,124.938,14.1,0
1766441160.37262,2025-12-22 22:06:00,2025-12-23 06:06:00,BarData,125.156,0,0.0,0.0,187.543147,0.0,❌ 快线向下,125.156,124.945,16.9,0
1766441220.1242511,2025-12-22 22:07:00,2025-12-23 06:07:00,BarData,125.117,0,0.0,0.0,187.543147,0.0,❌ 快线向下,125.117,124.950,13.3,0
1766441280.4619796,2025-12-22 22:08:00,2025-12-23 06:08:00,BarData,125.086,0,0.0,0.0,187.543147,0.0,❌ 快线向下,125.086,124.955,10.5,0
1766441340.39111,2025-12-22 22:09:00,2025-12-23 06:09:00,BarData,124.953,0,0.0,0.0,187.543147,0.0,❌ 震荡 (Gap 0.1 < 10),124.953,124.955,0.1,0
1766441400.3108363,2025-12-22 22:10:00,2025-12-23 06:10:00,BarData,125.074,0,0.0,0.0,187.543147,0.0,❌ 震荡 (Gap 9.2 < 10),125.074,124.959,9.2,0
1766441460.3319957,2025-12-22 22:11:00,2025-12-23 06:11:00,BarData,125.102,0,0.0,0.0,187.543147,0.0,❌ 快线向下,125.102,124.963,11.1,0
1766441520.3231952,2025-12-22 22:12:00,2025-12-23 06:12:00,BarData,125.097,0,0.0,0.0,187.543147,0.0,❌ 快线向下,125.097,124.968,10.3,0
1766441580.5092144,2025-12-22 22:13:00,2025-12-23 06:13:00,BarData,125.131,0,0.0,0.0,187.543147,0.0,❌ 快线向下,125.131,124.973,12.6,0
1766441640.4598038,2025-12-22 22:14:00,2025-12-23 06:14:00,BarData,125.264,0,0.0,0.0,187.543147,0.0,✅ 触发交易,125.264,124.983,22.5,1
1766441644.32768,2025-12-22 22:14:04,2025-12-23 06:14:04,Strategy_Open,125.264,1.0,0,1.0,187.549147,0.0,Strategy_Signal,125.264,124.983,22.5,1
1766441700.2239127,2025-12-22 22:15:00,2025-12-23 06:15:00,BarData,125.205,0,1.0,1.0,187.470147,0.0,❌ 快线向下,125.205,124.990,17.2,0
1766441700.8946452,2025-12-22 22:15:00,2025-12-23 06:15:00,PnlRecord,125.205,0,0,0,187.470147,-0.6066362816389367,多,125.205,124.990,17.2,0
1766441701.2423332,2025-12-22 22:15:01,2025-12-23 06:15:01,CloseSignal,125.205,1.0,1.0,0,187.470147,0.0,Strategy_TrendEnd,125.205,124.990,17.2,0
1766441760.6956737,2025-12-22 22:16:00,2025-12-23 06:16:00,BarData,125.181,0,0.0,0.0,187.474147,0.0,❌ 快线向下,125.181,124.996,14.8,0
1766441820.5074604,2025-12-22 22:17:00,2025-12-23 06:17:00,BarData,125.209,0,0.0,0.0,187.474147,0.0,❌ 快线向下,125.209,125.003,16.4,0
1766441880.499569,2025-12-22 22:18:00,2025-12-23 06:18:00,BarData,125.362,0,0.0,0.0,187.474147,0.0,✅ 触发交易,125.362,125.015,27.7,1
1766441884.3744612,2025-12-22 22:18:04,2025-12-23 06:18:04,Strategy_Open,125.362,1.0,0,1.0,187.49114699999998,0.0,Strategy_Signal,125.362,125.015,27.7,1
1766441940.4801164,2025-12-22 22:19:00,2025-12-23 06:19:00,BarData,125.444,0,1.0,1.0,187.53714699999998,0.0,✅ 触发交易,125.444,125.029,33.1,1
1766442000.4223273,2025-12-22 22:20:00,2025-12-23 06:20:00,BarData,125.533,0,1.0,1.0,187.637147,0.0,✅ 触发交易,125.533,125.046,38.8,1
1766442060.548427,2025-12-22 22:21:00,2025-12-23 06:21:00,BarData,125.477,0,1.0,1.0,187.56714699999998,0.0,✅ 触发交易,125.477,125.060,33.3,1
1766442120.3966293,2025-12-22 22:22:00,2025-12-23 06:22:00,BarData,125.496,0,1.0,1.0,187.617147,0.0,✅ 触发交易,125.496,125.074,33.6,1
1766442180.5182147,2025-12-22 22:23:00,2025-12-23 06:23:00,BarData,125.442,0,1.0,1.0,187.52614699999998,0.0,✅ 触发交易,125.442,125.086,28.4,1
1766442240.4094186,2025-12-22 22:24:00,2025-12-23 06:24:00,BarData,125.388,0,1.0,1.0,187.49514699999997,0.0,✅ 触发交易,125.388,125.096,23.3,1
1766442300.4692461,2025-12-22 22:25:00,2025-12-23 06:25:00,BarData,125.439,0,1.0,1.0,187.545147,0.0,✅ 触发交易,125.439,125.107,26.5,1
1766442360.246919,2025-12-22 22:26:00,2025-12-23 06:26:00,BarData,125.433,0,1.0,1.0,187.534147,0.0,✅ 触发交易,125.433,125.118,25.1,1
1766442420.3581629,2025-12-22 22:27:00,2025-12-23 06:27:00,BarData,125.371,0,1.0,1.0,187.474147,0.0,✅ 触发交易,125.371,125.126,19.5,1
1766442480.2202964,2025-12-22 22:28:00,2025-12-23 06:28:00,BarData,125.454,0,1.0,1.0,187.55614699999998,0.0,✅ 触发交易,125.454,125.137,25.3,1
1766442540.3458338,2025-12-22 22:29:00,2025-12-23 06:29:00,BarData,125.357,0,1.0,1.0,187.49514699999997,0.0,✅ 触发交易,125.357,125.144,17.0,1
1766442600.546627,2025-12-22 22:30:00,2025-12-23 06:30:00,BarData,125.479,0,1.0,1.0,187.575147,0.0,✅ 触发交易,125.479,125.155,25.8,1
1766442660.233417,2025-12-22 22:31:00,2025-12-23 06:31:00,BarData,125.394,0,1.0,1.0,187.50714699999997,0.0,✅ 触发交易,125.394,125.163,18.4,1
1766442720.2753694,2025-12-22 22:32:00,2025-12-23 06:32:00,BarData,125.458,0,1.0,1.0,187.55514699999998,0.0,✅ 触发交易,125.458,125.173,22.7,1
1766442780.3467185,2025-12-22 22:33:00,2025-12-23 06:33:00,BarData,125.499,0,1.0,1.0,187.59814699999998,0.0,✅ 触发交易,125.499,125.183,25.2,1
1766442840.126328,2025-12-22 22:34:00,2025-12-23 06:34:00,BarData,125.42,0,1.0,1.0,187.560147,0.0,✅ 触发交易,125.420,125.191,18.3,1
1766442900.4098778,2025-12-22 22:35:00,2025-12-23 06:35:00,BarData,125.424,0,1.0,1.0,187.50914699999998,0.0,✅ 触发交易,125.424,125.199,18.0,1
1766442960.291161,2025-12-22 22:36:00,2025-12-23 06:36:00,BarData,125.413,0,1.0,1.0,187.52114699999998,0.0,✅ 触发交易,125.413,125.206,16.5,1
1766443020.4856763,2025-12-22 22:37:00,2025-12-23 06:37:00,BarData,125.306,0,1.0,1.0,187.40814699999999,0.0,❌ 震荡 (Gap 7.7 < 10),125.306,125.209,7.7,0
1766443021.1598582,2025-12-22 22:37:01,2025-12-23 06:37:01,PnlRecord,125.306,0,0,0,187.40814699999999,-0.5423772073954556,多,125.306,125.209,7.7,0
1766443021.5059285,2025-12-22 22:37:01,2025-12-23 06:37:01,CloseSignal,125.306,1.0,1.0,0,187.40814699999999,0.0,Strategy_TrendEnd,125.306,125.209,7.7,0
1766443080.6630068,2025-12-22 22:38:00,2025-12-23 06:38:00,BarData,125.361,0,0.0,0.0,187.398147,0.0,✅ 触发交易,125.361,125.214,11.7,1
1766443084.5349352,2025-12-22 22:38:04,2025-12-23 06:38:04,Strategy_Open,125.361,1.0,0,1.0,187.394147,0.0,Strategy_Signal,125.361,125.214,11.7,1
1766443140.5149603,2025-12-22 22:39:00,2025-12-23 06:39:00,BarData,125.385,0,1.0,1.0,187.371147,0.0,✅ 触发交易,125.385,125.220,13.2,1
1766443200.64008,2025-12-22 22:40:00,2025-12-23 06:40:00,BarData,125.392,0,1.0,1.0,187.387147,0.0,✅ 触发交易,125.392,125.225,13.3,1
1766443260.2566576,2025-12-22 22:41:00,2025-12-23 06:41:00,BarData,125.42,0,1.0,1.0,187.403147,0.0,✅ 触发交易,125.420,125.232,15.0,1
1766443320.575944,2025-12-22 22:42:00,2025-12-23 06:42:00,BarData,125.471,0,1.0,1.0,187.450147,0.0,✅ 触发交易,125.471,125.239,18.5,1
1766443380.1103,2025-12-22 22:43:00,2025-12-23 06:43:00,BarData,125.638,0,1.0,1.0,187.61614699999998,0.0,✅ 触发交易,125.638,125.253,30.7,1
1766443440.3523736,2025-12-22 22:44:00,2025-12-23 06:44:00,BarData,125.463,0,1.0,1.0,187.575147,0.0,✅ 触发交易,125.463,125.259,16.2,1
1766443500.083799,2025-12-22 22:45:00,2025-12-23 06:45:00,BarData,125.408,0,1.0,1.0,187.43714699999998,0.0,✅ 触发交易,125.408,125.264,11.5,1
1766443560.6363595,2025-12-22 22:46:00,2025-12-23 06:46:00,BarData,125.406,0,1.0,1.0,187.389147,0.0,✅ 触发交易,125.406,125.269,10.9,1
1766443620.3588464,2025-12-22 22:47:00,2025-12-23 06:47:00,BarData,125.416,0,1.0,1.0,187.409147,0.0,✅ 触发交易,125.416,125.274,11.3,1
1766443678.0840204,2025-12-22 22:47:58,2025-12-23 06:47:58,SL,125.265,1.0,1.0,0.0,187.298147,0.0,🛡️ 止损 (-1.16%),125.416,125.274,11.3,1
1766443678.0843382,2025-12-22 22:47:58,2025-12-23 06:47:58,PnlRecord,125.265,0,0,0,187.28814699999998,-1.156207638944231,多,125.416,125.274,11.3,1
1766443681.0123808,2025-12-22 22:48:01,2025-12-23 06:48:01,BarData,125.341,0,0.0,0.0,187.298147,0.0,❌ 震荡 (Gap 5.2 < 10),125.341,125.276,5.2,0
1766443740.1873894,2025-12-22 22:49:00,2025-12-23 06:49:00,BarData,125.251,0,0.0,0.0,187.298147,0.0,❌ 震荡 (Gap 1.9 < 10),125.251,125.275,1.9,0
1766443800.2567108,2025-12-22 22:50:00,2025-12-23 06:50:00,BarData,125.268,0,0.0,0.0,187.298147,0.0,❌ 震荡 (Gap 0.6 < 10),125.268,125.275,0.6,0
1766443860.5563369,2025-12-22 22:51:00,2025-12-23 06:51:00,BarData,125.427,0,0.0,0.0,187.298147,0.0,✅ 触发交易,125.427,125.280,11.7,1
1766443864.6333,2025-12-22 22:51:04,2025-12-23 06:51:04,Strategy_Open,125.427,1.0,0,1.0,187.299147,0.0,Strategy_Signal,125.427,125.280,11.7,1
1766443920.5620708,2025-12-22 22:52:00,2025-12-23 06:52:00,BarData,125.57,0,1.0,1.0,187.446147,0.0,✅ 触发交易,125.570,125.289,22.3,1
1766443980.426925,2025-12-22 22:53:00,2025-12-23 06:53:00,BarData,125.77,0,1.0,1.0,187.638147,0.0,✅ 触发交易,125.770,125.305,37.0,1
1766444040.115996,2025-12-22 22:54:00,2025-12-23 06:54:00,BarData,125.777,0,1.0,1.0,187.676147,0.0,✅ 触发交易,125.777,125.321,36.3,1
1766444100.6049285,2025-12-22 22:55:00,2025-12-23 06:55:00,BarData,125.775,0,1.0,1.0,187.696147,0.0,✅ 触发交易,125.775,125.336,34.9,1
1766444160.216488,2025-12-22 22:56:00,2025-12-23 06:56:00,BarData,125.588,0,1.0,1.0,187.467147,0.0,✅ 触发交易,125.588,125.344,19.4,1
1766444220.7085443,2025-12-22 22:57:00,2025-12-23 06:57:00,BarData,125.624,0,1.0,1.0,187.438147,0.0,✅ 触发交易,125.624,125.353,21.6,1
1766444280.3584714,2025-12-22 22:58:00,2025-12-23 06:58:00,BarData,125.702,0,1.0,1.0,187.574147,0.0,✅ 触发交易,125.702,125.364,26.9,1
1766444340.4047494,2025-12-22 22:59:00,2025-12-23 06:59:00,BarData,125.736,0,1.0,1.0,187.582147,0.0,✅ 触发交易,125.736,125.377,28.6,1
1766444400.1469562,2025-12-22 23:00:00,2025-12-23 07:00:00,BarData,125.772,0,1.0,1.0,187.628147,0.0,✅ 触发交易,125.772,125.390,30.4,1
1766444460.5032063,2025-12-22 23:01:00,2025-12-23 07:01:00,BarData,125.577,0,1.0,1.0,187.47017400000001,0.0,✅ 触发交易,125.577,125.396,14.4,1
1766444520.2811947,2025-12-22 23:02:00,2025-12-23 07:02:00,BarData,125.516,0,1.0,1.0,187.412174,0.0,❌ 震荡 (Gap 9.3 < 10),125.516,125.400,9.3,0
1766444520.9724796,2025-12-22 23:02:00,2025-12-23 07:02:00,PnlRecord,125.516,0,0,0,187.412174,0.6696855666815739,多,125.516,125.400,9.3,0
1766444521.4494843,2025-12-22 23:02:01,2025-12-23 07:02:01,CloseSignal,125.516,1.0,1.0,0,187.412174,0.0,Strategy_TrendEnd,125.516,125.400,9.3,0
1766444580.3803997,2025-12-22 23:03:00,2025-12-23 07:03:00,BarData,125.466,0,0.0,0.0,187.396174,0.0,❌ 震荡 (Gap 5.1 < 10),125.466,125.402,5.1,0
1766444640.3849359,2025-12-22 23:04:00,2025-12-23 07:04:00,BarData,125.493,0,0.0,0.0,187.396174,0.0,❌ 震荡 (Gap 7.0 < 10),125.493,125.405,7.0,0
1766444700.5759623,2025-12-22 23:05:00,2025-12-23 07:05:00,BarData,125.525,0,0.0,0.0,187.396174,0.0,❌ 震荡 (Gap 9.3 < 10),125.525,125.409,9.3,0
1766444760.3533733,2025-12-22 23:06:00,2025-12-23 07:06:00,BarData,125.53,0,0.0,0.0,187.396174,0.0,❌ 震荡 (Gap 9.3 < 10),125.530,125.413,9.3,0
1766444820.5520568,2025-12-22 23:07:00,2025-12-23 07:07:00,BarData,125.549,0,0.0,0.0,187.396174,0.0,✅ 触发交易,125.549,125.417,10.5,1
1766444824.4261882,2025-12-22 23:07:04,2025-12-23 07:07:04,Strategy_Open,125.549,1.0,0,1.0,187.396174,0.0,Strategy_Signal,125.549,125.417,10.5,1
1766444880.4386163,2025-12-22 23:08:00,2025-12-23 07:08:00,BarData,125.493,0,1.0,1.0,187.359174,0.0,❌ 震荡 (Gap 5.8 < 10),125.493,125.420,5.8,0
1766444881.1304984,2025-12-22 23:08:01,2025-12-23 07:08:01,PnlRecord,125.493,0,0,0,187.359174,-0.4380794596489536,多,125.493,125.420,5.8,0
1766444881.469993,2025-12-22 23:08:01,2025-12-23 07:08:01,CloseSignal,125.493,1.0,1.0,0,187.359174,0.0,Strategy_TrendEnd,125.493,125.420,5.8,0
1766444940.0931373,2025-12-22 23:09:00,2025-12-23 07:09:00,BarData,125.651,0,0.0,0.0,187.355174,0.0,✅ 触发交易,125.651,125.427,17.8,1
1766444944.0659351,2025-12-22 23:09:04,2025-12-23 07:09:04,Strategy_Open,125.651,1.0,0,1.0,187.342174,0.0,Strategy_Signal,125.651,125.427,17.8,1
1766445000.3844953,2025-12-22 23:10:00,2025-12-23 07:10:00,BarData,125.65,0,1.0,1.0,187.335174,0.0,✅ 触发交易,125.650,125.435,17.1,1
1766445060.563927,2025-12-22 23:11:00,2025-12-23 07:11:00,BarData,125.645,0,1.0,1.0,187.325174,0.0,✅ 触发交易,125.645,125.442,16.2,1
1766445113.5263627,2025-12-22 23:11:53,2025-12-23 07:11:53,SL,125.532,1.0,1.0,0.0,187.209174,0.0,🛡️ 止损 (-1.11%),125.645,125.442,16.2,1
1766445113.5266743,2025-12-22 23:11:53,2025-12-23 07:11:53,PnlRecord,125.532,0,0,0,187.236174,-1.1140110764529931,多,125.645,125.442,16.2,1
1766445120.5727985,2025-12-22 23:12:00,2025-12-23 07:12:00,BarData,125.545,0,0.0,0.0,187.209174,0.0,❌ 震荡 (Gap 8.0 < 10),125.545,125.445,8.0,0
1766445180.2772315,2025-12-22 23:13:00,2025-12-23 07:13:00,BarData,125.604,0,0.0,0.0,187.209174,0.0,✅ 触发交易,125.604,125.450,12.3,1
1766445184.141774,2025-12-22 23:13:04,2025-12-23 07:13:04,Strategy_Open,125.604,1.0,0,1.0,187.200174,0.0,Strategy_Signal,125.604,125.450,12.3,1
1766445240.5740242,2025-12-22 23:14:00,2025-12-23 07:14:00,BarData,125.769,0,1.0,1.0,187.317174,0.0,✅ 触发交易,125.769,125.461,24.5,1
1766445300.4639847,2025-12-22 23:15:00,2025-12-23 07:15:00,BarData,125.769,0,1.0,1.0,187.377174,0.0,✅ 触发交易,125.769,125.471,23.7,1
1766445360.137342,2025-12-22 23:16:00,2025-12-23 07:16:00,BarData,125.649,0,1.0,1.0,187.271174,0.0,✅ 触发交易,125.649,125.477,13.7,1
1766445420.409782,2025-12-22 23:17:00,2025-12-23 07:17:00,BarData,125.663,0,1.0,1.0,187.26617399999998,0.0,✅ 触发交易,125.663,125.483,14.4,1
1766445480.321711,2025-12-22 23:18:00,2025-12-23 07:18:00,BarData,125.646,0,1.0,1.0,187.24317399999998,0.0,✅ 触发交易,125.646,125.488,12.6,1
1766445540.6180408,2025-12-22 23:19:00,2025-12-23 07:19:00,BarData,125.57,0,1.0,1.0,187.16617399999998,0.0,❌ 震荡 (Gap 6.3 < 10),125.570,125.491,6.3,0
1766445541.2906103,2025-12-22 23:19:01,2025-12-23 07:19:01,PnlRecord,125.57,0,0,0,187.16617399999998,-0.29456957016731666,多,125.570,125.491,6.3,0
1766445541.7135613,2025-12-22 23:19:01,2025-12-23 07:19:01,CloseSignal,125.57,1.0,1.0,0,187.16617399999998,0.0,Strategy_TrendEnd,125.570,125.491,6.3,0
1766445600.4279132,2025-12-22 23:20:00,2025-12-23 07:20:00,BarData,125.7,0,0.0,0.0,187.188174,0.0,✅ 触发交易,125.700,125.498,16.1,1
1766445604.4273987,2025-12-22 23:20:04,2025-12-23 07:20:04,Strategy_Open,125.7,1.0,0,1.0,187.181174,0.0,Strategy_Signal,125.700,125.498,16.1,1
1766445660.0928586,2025-12-22 23:21:00,2025-12-23 07:21:00,BarData,125.726,0,1.0,1.0,187.211174,0.0,✅ 触发交易,125.726,125.505,17.6,1
1766445720.344355,2025-12-22 23:22:00,2025-12-23 07:22:00,BarData,125.785,0,1.0,1.0,187.275174,0.0,✅ 触发交易,125.785,125.514,21.5,1
1766445780.219883,2025-12-22 23:23:00,2025-12-23 07:23:00,BarData,125.711,0,1.0,1.0,187.202174,0.0,✅ 触发交易,125.711,125.521,15.1,1
1766445840.4331222,2025-12-22 23:24:00,2025-12-23 07:24:00,BarData,125.715,0,1.0,1.0,187.184174,0.0,✅ 触发交易,125.715,125.527,15.0,1
1766445900.3740275,2025-12-22 23:25:00,2025-12-23 07:25:00,BarData,125.744,0,1.0,1.0,187.235174,0.0,✅ 触发交易,125.744,125.534,16.7,1
1766445960.504598,2025-12-22 23:26:00,2025-12-23 07:26:00,BarData,125.67,0,1.0,1.0,187.153174,0.0,✅ 触发交易,125.670,125.539,10.5,1
1766446020.117658,2025-12-22 23:27:00,2025-12-23 07:27:00,BarData,125.792,0,1.0,1.0,187.249174,0.0,✅ 触发交易,125.792,125.547,19.5,1
1766446080.089796,2025-12-22 23:28:00,2025-12-23 07:28:00,BarData,125.789,0,1.0,1.0,187.283174,0.0,✅ 触发交易,125.789,125.555,18.6,1
1766446140.1102011,2025-12-22 23:29:00,2025-12-23 07:29:00,BarData,125.789,0,1.0,1.0,187.282174,0.0,✅ 触发交易,125.789,125.563,18.0,1
1766446200.260799,2025-12-22 23:30:00,2025-12-23 07:30:00,BarData,125.749,0,1.0,1.0,187.242174,0.0,✅ 触发交易,125.749,125.569,14.3,1
1766446260.3632934,2025-12-22 23:31:00,2025-12-23 07:31:00,BarData,125.678,0,1.0,1.0,187.163174,0.0,❌ 震荡 (Gap 8.4 < 10),125.678,125.572,8.4,0
1766446260.7139926,2025-12-22 23:31:00,2025-12-23 07:31:00,PnlRecord,125.678,0,0,0,187.163174,-0.1988814904974876,多,125.678,125.572,8.4,0
1766446261.184977,2025-12-22 23:31:01,2025-12-23 07:31:01,CloseSignal,125.678,1.0,1.0,0,187.163174,0.0,Strategy_TrendEnd,125.678,125.572,8.4,0
1766446320.9029896,2025-12-22 23:32:00,2025-12-23 07:32:00,BarData,125.584,0,0.0,0.0,187.162174,0.0,❌ 震荡 (Gap 0.9 < 10),125.584,125.573,0.9,0
1766446380.0842814,2025-12-22 23:33:00,2025-12-23 07:33:00,BarData,125.693,0,0.0,0.0,187.162174,0.0,❌ 震荡 (Gap 9.3 < 10),125.693,125.577,9.3,0
1766446440.471359,2025-12-22 23:34:00,2025-12-23 07:34:00,BarData,125.764,0,0.0,0.0,187.162174,0.0,✅ 触发交易,125.764,125.583,14.4,1
1766446444.349853,2025-12-22 23:34:04,2025-12-23 07:34:04,Strategy_Open,125.764,1.0,0,1.0,187.182174,0.0,Strategy_Signal,125.764,125.583,14.4,1
1766446500.0840309,2025-12-22 23:35:00,2025-12-23 07:35:00,BarData,125.65,0,1.0,1.0,187.05917399999998,0.0,❌ 震荡 (Gap 5.2 < 10),125.650,125.585,5.2,0
1766446500.7540362,2025-12-22 23:35:00,2025-12-23 07:35:00,PnlRecord,125.65,0,0,0,187.05917399999998,-0.9064597182022688,多,125.650,125.585,5.2,0
1766446501.094714,2025-12-22 23:35:01,2025-12-23 07:35:01,CloseSignal,125.65,1.0,1.0,0,187.05917399999998,0.0,Strategy_TrendEnd,125.650,125.585,5.2,0
1766446560.3298817,2025-12-22 23:36:00,2025-12-23 07:36:00,BarData,125.593,0,0.0,0.0,187.041174,0.0,❌ 震荡 (Gap 0.6 < 10),125.593,125.585,0.6,0
1766446620.4081402,2025-12-22 23:37:00,2025-12-23 07:37:00,BarData,125.586,0,0.0,0.0,187.041174,0.0,❌ 震荡 (Gap 0.1 < 10),125.586,125.585,0.1,0
1766446680.512749,2025-12-22 23:38:00,2025-12-23 07:38:00,BarData,125.543,0,0.0,0.0,187.041174,0.0,❌ 震荡 (Gap 3.3 < 10),125.543,125.584,3.3,0
1766446740.2305715,2025-12-22 23:39:00,2025-12-23 07:39:00,BarData,125.54,0,0.0,0.0,187.041174,0.0,❌ 震荡 (Gap 3.4 < 10),125.540,125.582,3.4,0
1766446800.2103257,2025-12-22 23:40:00,2025-12-23 07:40:00,BarData,125.531,0,0.0,0.0,187.041174,0.0,❌ 震荡 (Gap 4.0 < 10),125.531,125.581,4.0,0
1766446860.2507365,2025-12-22 23:41:00,2025-12-23 07:41:00,BarData,125.547,0,0.0,0.0,187.041174,0.0,❌ 震荡 (Gap 2.6 < 10),125.547,125.580,2.6,0
1766446920.4641294,2025-12-22 23:42:00,2025-12-23 07:42:00,BarData,125.551,0,0.0,0.0,187.041174,0.0,❌ 震荡 (Gap 2.2 < 10),125.551,125.579,2.2,0
1766446980.5043423,2025-12-22 23:43:00,2025-12-23 07:43:00,BarData,125.571,0,0.0,0.0,187.041174,0.0,❌ 震荡 (Gap 0.6 < 10),125.571,125.578,0.6,0
1766447040.3686516,2025-12-22 23:44:00,2025-12-23 07:44:00,BarData,125.652,0,0.0,0.0,187.041174,0.0,❌ 震荡 (Gap 5.7 < 10),125.652,125.581,5.7,0
1766447100.3267837,2025-12-22 23:45:00,2025-12-23 07:45:00,BarData,125.65,0,0.0,0.0,187.041174,0.0,❌ 震荡 (Gap 5.3 < 10),125.650,125.583,5.3,0
1766447160.2412324,2025-12-22 23:46:00,2025-12-23 07:46:00,BarData,125.601,0,0.0,0.0,187.041174,0.0,❌ 震荡 (Gap 1.4 < 10),125.601,125.584,1.4,0
1766447220.579417,2025-12-22 23:47:00,2025-12-23 07:47:00,BarData,125.603,0,0.0,0.0,187.041174,0.0,❌ 震荡 (Gap 1.5 < 10),125.603,125.584,1.5,0
1766447280.6910567,2025-12-22 23:48:00,2025-12-23 07:48:00,BarData,125.573,0,0.0,0.0,187.041174,0.0,❌ 震荡 (Gap 0.9 < 10),125.573,125.584,0.9,0
1766447340.483001,2025-12-22 23:49:00,2025-12-23 07:49:00,BarData,125.545,0,0.0,0.0,187.041174,0.0,❌ 震荡 (Gap 3.0 < 10),125.545,125.583,3.0,0
1766447400.2257433,2025-12-22 23:50:00,2025-12-23 07:50:00,BarData,125.559,0,0.0,0.0,187.041174,0.0,❌ 震荡 (Gap 1.8 < 10),125.559,125.582,1.8,0
1766447460.3953536,2025-12-22 23:51:00,2025-12-23 07:51:00,BarData,125.601,0,0.0,0.0,187.041174,0.0,❌ 震荡 (Gap 1.5 < 10),125.601,125.583,1.5,0
1766447520.3309524,2025-12-22 23:52:00,2025-12-23 07:52:00,BarData,125.597,0,0.0,0.0,187.041174,0.0,❌ 震荡 (Gap 1.1 < 10),125.597,125.583,1.1,0
1766447580.2995126,2025-12-22 23:53:00,2025-12-23 07:53:00,BarData,125.709,0,0.0,0.0,187.041174,0.0,❌ 震荡 (Gap 9.7 < 10),125.709,125.587,9.7,0
1766447640.6138299,2025-12-22 23:54:00,2025-12-23 07:54:00,BarData,125.739,0,0.0,0.0,187.041174,0.0,✅ 触发交易,125.739,125.592,11.7,1
1766447644.4745548,2025-12-22 23:54:04,2025-12-23 07:54:04,Strategy_Open,125.739,1.0,0,1.0,187.04217400000002,0.0,Strategy_Signal,125.739,125.592,11.7,1
1766447700.5359423,2025-12-22 23:55:00,2025-12-23 07:55:00,BarData,125.785,0,1.0,1.0,187.093174,0.0,✅ 触发交易,125.785,125.598,14.8,1
1766447760.7379522,2025-12-22 23:56:00,2025-12-23 07:56:00,BarData,125.82,0,1.0,1.0,187.12117400000002,0.0,✅ 触发交易,125.820,125.606,17.0,1
1766447820.5334666,2025-12-22 23:57:00,2025-12-23 07:57:00,BarData,125.817,0,1.0,1.0,187.123174,0.0,✅ 触发交易,125.817,125.613,16.2,1
1766447880.319685,2025-12-22 23:58:00,2025-12-23 07:58:00,BarData,125.765,0,1.0,1.0,187.06717400000002,0.0,✅ 触发交易,125.765,125.618,11.7,1
1766447940.4658096,2025-12-22 23:59:00,2025-12-23 07:59:00,BarData,125.786,0,1.0,1.0,187.082174,0.0,✅ 触发交易,125.786,125.623,12.9,1
1766448000.4430673,2025-12-23 00:00:00,2025-12-23 08:00:00,BarData,125.843,0,1.0,1.0,187.10817400000002,0.0,✅ 触发交易,125.843,125.630,16.9,1
1766448060.2105007,2025-12-23 00:01:00,2025-12-23 08:01:00,BarData,125.713,0,1.0,1.0,187.015825,0.0,❌ 震荡 (Gap 6.4 < 10),125.713,125.633,6.4,0
1766448060.5706155,2025-12-23 00:01:00,2025-12-23 08:01:00,PnlRecord,125.713,0,0,0,187.015825,-0.23858186936848283,多,125.713,125.633,6.4,0
1766448061.0475125,2025-12-23 00:01:01,2025-12-23 08:01:01,CloseSignal,125.713,1.0,1.0,0,187.015825,0.0,Strategy_TrendEnd,125.713,125.633,6.4,0
1766448120.132018,2025-12-23 00:02:00,2025-12-23 08:02:00,BarData,125.716,0,0.0,0.0,187.013826,0.0,❌ 震荡 (Gap 6.4 < 10),125.716,125.636,6.4,0
1766448180.1036305,2025-12-23 00:03:00,2025-12-23 08:03:00,BarData,125.863,0,0.0,0.0,187.013826,0.0,✅ 触发交易,125.863,125.643,17.5,1
1766448183.9475007,2025-12-23 00:03:03,2025-12-23 08:03:03,Strategy_Open,125.863,1.0,0,1.0,187.006826,0.0,Strategy_Signal,125.863,125.643,17.5,1
1766448240.429745,2025-12-23 00:04:00,2025-12-23 08:04:00,BarData,125.906,0,1.0,1.0,186.994826,0.0,✅ 触发交易,125.906,125.652,20.2,1
1766448300.1979625,2025-12-23 00:05:00,2025-12-23 08:05:00,BarData,125.843,0,1.0,1.0,186.982826,0.0,✅ 触发交易,125.843,125.658,14.7,1
1766448361.7481658,2025-12-23 00:06:01,2025-12-23 08:06:01,BarData,125.868,0,1.0,1.0,187.010826,0.0,✅ 触发交易,125.868,125.665,16.1,1
1766448420.086651,2025-12-23 00:07:00,2025-12-23 08:07:00,BarData,125.834,0,1.0,1.0,187.000826,0.0,✅ 触发交易,125.834,125.671,13.0,1
1766448480.4488475,2025-12-23 00:08:00,2025-12-23 08:08:00,BarData,125.873,0,1.0,1.0,187.01782599999999,0.0,✅ 触发交易,125.873,125.677,15.6,1
1766448540.5008087,2025-12-23 00:09:00,2025-12-23 08:09:00,BarData,125.883,0,1.0,1.0,187.024826,0.0,✅ 触发交易,125.883,125.684,15.8,1
1766448600.4769998,2025-12-23 00:10:00,2025-12-23 08:10:00,BarData,125.948,0,1.0,1.0,187.08882599999998,0.0,✅ 触发交易,125.948,125.693,20.3,1
1766448660.7822285,2025-12-23 00:11:00,2025-12-23 08:11:00,BarData,125.929,0,1.0,1.0,187.084826,0.0,✅ 触发交易,125.929,125.700,18.2,1
1766448720.602791,2025-12-23 00:12:00,2025-12-23 08:12:00,BarData,125.92,0,1.0,1.0,187.060826,0.0,✅ 触发交易,125.920,125.708,16.9,1
1766448780.1426775,2025-12-23 00:13:00,2025-12-23 08:13:00,BarData,125.924,0,1.0,1.0,187.073826,0.0,✅ 触发交易,125.924,125.715,16.6,1
1766448840.4329503,2025-12-23 00:14:00,2025-12-23 08:14:00,BarData,125.931,0,1.0,1.0,187.072826,0.0,✅ 触发交易,125.931,125.722,16.6,1
1766448900.1904802,2025-12-23 00:15:00,2025-12-23 08:15:00,BarData,125.953,0,1.0,1.0,187.09482599999998,0.0,✅ 触发交易,125.953,125.729,17.8,1
1766448961.1230133,2025-12-23 00:16:01,2025-12-23 08:16:01,BarData,125.92,0,1.0,1.0,187.080826,0.0,✅ 触发交易,125.920,125.736,14.6,1
1766449020.2250762,2025-12-23 00:17:00,2025-12-23 08:17:00,BarData,126.137,0,1.0,1.0,187.140826,0.0,✅ 触发交易,126.137,125.749,30.8,1
1766449080.4374533,2025-12-23 00:18:00,2025-12-23 08:18:00,BarData,126.088,0,1.0,1.0,187.233826,0.0,✅ 触发交易,126.088,125.760,26.0,1
1766449140.32285,2025-12-23 00:19:00,2025-12-23 08:19:00,BarData,126.182,0,1.0,1.0,187.318826,0.0,✅ 触发交易,126.182,125.774,32.4,1
1766449200.3456335,2025-12-23 00:20:00,2025-12-23 08:20:00,BarData,126.18,0,1.0,1.0,187.327826,0.0,✅ 触发交易,126.180,125.787,31.1,1
1766449261.3813438,2025-12-23 00:21:01,2025-12-23 08:21:01,BarData,126.064,0,1.0,1.0,187.138826,0.0,✅ 触发交易,126.064,125.796,21.3,1
1766449320.1605957,2025-12-23 00:22:00,2025-12-23 08:22:00,BarData,126.019,0,1.0,1.0,187.151826,0.0,✅ 触发交易,126.019,125.803,17.1,1
1766449380.4297514,2025-12-23 00:23:00,2025-12-23 08:23:00,BarData,126.052,0,1.0,1.0,187.176826,0.0,✅ 触发交易,126.052,125.812,19.1,1
1766449440.4529123,2025-12-23 00:24:00,2025-12-23 08:24:00,BarData,126.058,0,1.0,1.0,187.186826,0.0,✅ 触发交易,126.058,125.820,18.9,1
1766449500.4433362,2025-12-23 00:25:00,2025-12-23 08:25:00,BarData,126.105,0,1.0,1.0,187.23782599999998,0.0,✅ 触发交易,126.105,125.829,21.9,1
1766449561.3081152,2025-12-23 00:26:01,2025-12-23 08:26:01,BarData,126.133,0,1.0,1.0,187.270826,0.0,✅ 触发交易,126.133,125.839,23.3,1
1766449620.2278998,2025-12-23 00:27:00,2025-12-23 08:27:00,BarData,126.126,0,1.0,1.0,187.263826,0.0,✅ 触发交易,126.126,125.848,22.0,1
1766449680.250202,2025-12-23 00:28:00,2025-12-23 08:28:00,BarData,126.163,0,1.0,1.0,187.30282599999998,0.0,✅ 触发交易,126.163,125.859,24.1,1
1766449740.2562258,2025-12-23 00:29:00,2025-12-23 08:29:00,BarData,126.305,0,1.0,1.0,187.428826,0.0,✅ 触发交易,126.305,125.873,34.2,1
1766449800.6739743,2025-12-23 00:30:00,2025-12-23 08:30:00,BarData,126.145,0,1.0,1.0,187.357826,0.0,✅ 触发交易,126.145,125.882,20.8,1
1766449861.6679506,2025-12-23 00:31:01,2025-12-23 08:31:01,BarData,126.122,0,1.0,1.0,187.236826,0.0,✅ 触发交易,126.122,125.890,18.4,1
1766449920.5860627,2025-12-23 00:32:00,2025-12-23 08:32:00,BarData,126.202,0,1.0,1.0,187.351826,0.0,✅ 触发交易,126.202,125.900,23.9,1
1766449980.6878474,2025-12-23 00:33:00,2025-12-23 08:33:00,BarData,126.305,0,1.0,1.0,187.442826,0.0,✅ 触发交易,126.305,125.914,31.0,1
1766450040.227984,2025-12-23 00:34:00,2025-12-23 08:34:00,BarData,126.23,0,1.0,1.0,187.367826,0.0,✅ 触发交易,126.230,125.924,24.2,1
1766450100.513509,2025-12-23 00:35:00,2025-12-23 08:35:00,BarData,126.244,0,1.0,1.0,187.407826,0.0,✅ 触发交易,126.244,125.934,24.5,1
1766450161.820742,2025-12-23 00:36:01,2025-12-23 08:36:01,BarData,126.292,0,1.0,1.0,187.436826,0.0,✅ 触发交易,126.292,125.946,27.4,1
1766450220.5948796,2025-12-23 00:37:00,2025-12-23 08:37:00,BarData,126.339,0,1.0,1.0,187.494826,0.0,✅ 触发交易,126.339,125.959,30.1,1
1766450280.1907384,2025-12-23 00:38:00,2025-12-23 08:38:00,BarData,126.427,0,1.0,1.0,187.584826,0.0,✅ 触发交易,126.427,125.974,35.8,1
1766450340.4823546,2025-12-23 00:39:00,2025-12-23 08:39:00,BarData,126.47,0,1.0,1.0,187.614826,0.0,✅ 触发交易,126.470,125.991,37.9,1
1766450400.564299,2025-12-23 00:40:00,2025-12-23 08:40:00,BarData,126.406,0,1.0,1.0,187.57682599999998,0.0,✅ 触发交易,126.406,126.004,31.8,1
1766450462.0285988,2025-12-23 00:41:02,2025-12-23 08:41:02,BarData,126.281,0,1.0,1.0,187.402826,0.0,✅ 触发交易,126.281,126.013,21.2,1
1766450520.3198216,2025-12-23 00:42:00,2025-12-23 08:42:00,BarData,126.258,0,1.0,1.0,187.369826,0.0,✅ 触发交易,126.258,126.021,18.7,1
1766450580.4580452,2025-12-23 00:43:00,2025-12-23 08:43:00,BarData,126.261,0,1.0,1.0,187.41582599999998,0.0,✅ 触发交易,126.261,126.029,18.4,1
1766450640.2828925,2025-12-23 00:44:00,2025-12-23 08:44:00,BarData,126.162,0,1.0,1.0,187.306826,0.0,✅ 触发交易,126.162,126.034,10.2,1
1766450700.61715,2025-12-23 00:45:00,2025-12-23 08:45:00,BarData,126.238,0,1.0,1.0,187.382826,0.0,✅ 触发交易,126.238,126.040,15.7,1
1766450760.380207,2025-12-23 00:46:00,2025-12-23 08:46:00,BarData,126.227,0,1.0,1.0,187.373826,0.0,✅ 触发交易,126.227,126.046,14.3,1
1766450820.3198125,2025-12-23 00:47:00,2025-12-23 08:47:00,BarData,126.309,0,1.0,1.0,187.43382599999998,0.0,✅ 触发交易,126.309,126.055,20.1,1
1766450880.243012,2025-12-23 00:48:00,2025-12-23 08:48:00,BarData,126.36,0,1.0,1.0,187.496826,0.0,✅ 触发交易,126.360,126.065,23.3,1
1766450940.2490788,2025-12-23 00:49:00,2025-12-23 08:49:00,BarData,126.402,0,1.0,1.0,187.545826,0.0,✅ 触发交易,126.402,126.076,25.8,1
1766451000.682196,2025-12-23 00:50:00,2025-12-23 08:50:00,BarData,126.411,0,1.0,1.0,187.562826,0.0,✅ 触发交易,126.411,126.087,25.6,1
1766451060.5033367,2025-12-23 00:51:00,2025-12-23 08:51:00,BarData,126.495,0,1.0,1.0,187.629826,0.0,✅ 触发交易,126.495,126.100,31.2,1
1766451091.4509764,2025-12-23 00:51:31,2025-12-23 08:51:31,TP,126.546,1.0,1.0,0.0,187.688826,0.0,🚀 止盈 (+5.38%),126.495,126.100,31.2,1
1766451091.4513156,2025-12-23 00:51:31,2025-12-23 08:51:31,PnlRecord,126.546,0,0,0,187.633826,5.378607917755816,多,126.495,126.100,31.2,1
1766451120.4083166,2025-12-23 00:52:00,2025-12-23 08:52:00,BarData,126.421,0,0.0,0.0,187.688826,0.0,✅ 触发交易,126.421,126.111,24.5,1
1766451124.2835205,2025-12-23 00:52:04,2025-12-23 08:52:04,Strategy_Open,126.421,1.0,0,1.0,187.694826,0.0,Strategy_Signal,126.421,126.111,24.5,1
1766451180.1313977,2025-12-23 00:53:00,2025-12-23 08:53:00,BarData,126.477,0,1.0,1.0,187.743826,0.0,✅ 触发交易,126.477,126.123,28.0,1
1766451240.0908515,2025-12-23 00:54:00,2025-12-23 08:54:00,BarData,126.535,0,1.0,1.0,187.80382600000002,0.0,✅ 触发交易,126.535,126.136,31.5,1
1766451300.4187608,2025-12-23 00:55:00,2025-12-23 08:55:00,BarData,126.61,0,1.0,1.0,187.858826,0.0,✅ 触发交易,126.610,126.152,36.2,1
1766451360.3625603,2025-12-23 00:56:00,2025-12-23 08:56:00,BarData,126.725,0,1.0,1.0,187.99482600000002,0.0,✅ 触发交易,126.725,126.171,43.7,1
1766451420.4003708,2025-12-23 00:57:00,2025-12-23 08:57:00,BarData,126.711,0,1.0,1.0,187.977826,0.0,✅ 触发交易,126.711,126.188,41.2,1
1766451480.1492846,2025-12-23 00:58:00,2025-12-23 08:58:00,BarData,126.682,0,1.0,1.0,187.944826,0.0,✅ 触发交易,126.682,126.205,37.7,1
1766451540.3907447,2025-12-23 00:59:00,2025-12-23 08:59:00,BarData,126.634,0,1.0,1.0,187.89382600000002,0.0,✅ 触发交易,126.634,126.219,32.8,1
1766451600.662914,2025-12-23 01:00:00,2025-12-23 09:00:00,BarData,126.643,0,1.0,1.0,187.90074,0.0,✅ 触发交易,126.643,126.233,32.4,1
1766451660.3755004,2025-12-23 01:01:00,2025-12-23 09:01:00,BarData,126.523,0,1.0,1.0,187.80974,0.0,✅ 触发交易,126.523,126.242,22.2,1
1766451720.4154177,2025-12-23 01:02:00,2025-12-23 09:02:00,BarData,126.509,0,1.0,1.0,187.77574,0.0,✅ 触发交易,126.509,126.251,20.4,1
1766451780.4806862,2025-12-23 01:03:00,2025-12-23 09:03:00,BarData,126.63,0,1.0,1.0,187.91474,0.0,✅ 触发交易,126.630,126.263,29.0,1
1766451840.2758064,2025-12-23 01:04:00,2025-12-23 09:04:00,BarData,126.588,0,1.0,1.0,187.89674,0.0,✅ 触发交易,126.588,126.274,24.8,1
1766451900.4025607,2025-12-23 01:05:00,2025-12-23 09:05:00,BarData,126.632,0,1.0,1.0,187.94674,0.0,✅ 触发交易,126.632,126.286,27.3,1
1766451960.1668286,2025-12-23 01:06:00,2025-12-23 09:06:00,BarData,126.637,0,1.0,1.0,187.91174,0.0,✅ 触发交易,126.637,126.297,26.8,1
1766452020.2404335,2025-12-23 01:07:00,2025-12-23 09:07:00,BarData,126.614,0,1.0,1.0,187.88674,0.0,✅ 触发交易,126.614,126.308,24.2,1
1766452080.3504505,2025-12-23 01:08:00,2025-12-23 09:08:00,BarData,126.46,0,1.0,1.0,187.72874000000002,0.0,✅ 触发交易,126.460,126.313,11.7,1
1766452140.5672736,2025-12-23 01:09:00,2025-12-23 09:09:00,BarData,126.458,0,1.0,1.0,187.70474000000002,0.0,✅ 触发交易,126.458,126.317,11.1,1
1766452200.169132,2025-12-23 01:10:00,2025-12-23 09:10:00,BarData,126.433,0,1.0,1.0,187.69674,0.0,❌ 震荡 (Gap 8.8 < 10),126.433,126.321,8.8,0
1766452200.854648,2025-12-23 01:10:00,2025-12-23 09:10:00,PnlRecord,126.433,0,0,0,187.69674,0.03954820134787914,多,126.433,126.321,8.8,0
1766452201.2006102,2025-12-23 01:10:01,2025-12-23 09:10:01,CloseSignal,126.433,1.0,1.0,0,187.69674,0.0,Strategy_TrendEnd,126.433,126.321,8.8,0
1766452260.3830085,2025-12-23 01:11:00,2025-12-23 09:11:00,BarData,126.353,0,0.0,0.0,187.67074,0.0,❌ 震荡 (Gap 2.4 < 10),126.353,126.322,2.4,0
1766452320.263586,2025-12-23 01:12:00,2025-12-23 09:12:00,BarData,126.406,0,0.0,0.0,187.67074,0.0,❌ 震荡 (Gap 6.4 < 10),126.406,126.325,6.4,0
1766452380.1779916,2025-12-23 01:13:00,2025-12-23 09:13:00,BarData,126.475,0,0.0,0.0,187.67074,0.0,✅ 触发交易,126.475,126.330,11.5,1
1766452384.0359142,2025-12-23 01:13:04,2025-12-23 09:13:04,Strategy_Open,126.475,1.0,0,1.0,187.66774,0.0,Strategy_Signal,126.475,126.330,11.5,1
1766452440.3496118,2025-12-23 01:14:00,2025-12-23 09:14:00,BarData,126.413,0,1.0,1.0,187.58874,0.0,❌ 震荡 (Gap 6.4 < 10),126.413,126.333,6.4,0
1766452441.022166,2025-12-23 01:14:01,2025-12-23 09:14:01,PnlRecord,126.413,0,0,0,187.58874,-0.6561472299519227,多,126.413,126.333,6.4,0
1766452441.3653772,2025-12-23 01:14:01,2025-12-23 09:14:01,CloseSignal,126.413,1.0,1.0,0,187.58874,0.0,Strategy_TrendEnd,126.413,126.333,6.4,0
1766452500.3872871,2025-12-23 01:15:00,2025-12-23 09:15:00,BarData,126.322,0,0.0,0.0,187.58574,0.0,❌ 震荡 (Gap 0.8 < 10),126.322,126.332,0.8,0
1766452560.5874293,2025-12-23 01:16:00,2025-12-23 09:16:00,BarData,126.466,0,0.0,0.0,187.58574,0.0,✅ 触发交易,126.466,126.337,10.2,1
1766452564.4534018,2025-12-23 01:16:04,2025-12-23 09:16:04,Strategy_Open,126.466,1.0,0,1.0,187.60073999999997,0.0,Strategy_Signal,126.466,126.337,10.2,1
1766452620.6472511,2025-12-23 01:17:00,2025-12-23 09:17:00,BarData,126.445,0,1.0,1.0,187.60474,0.0,❌ 震荡 (Gap 8.3 < 10),126.445,126.340,8.3,0
1766452621.3189328,2025-12-23 01:17:01,2025-12-23 09:17:01,PnlRecord,126.445,0,0,0,187.60474,-0.16605253585944676,多,126.445,126.340,8.3,0
1766452621.8825662,2025-12-23 01:17:01,2025-12-23 09:17:01,CloseSignal,126.445,1.0,1.0,0,187.60474,0.0,Strategy_TrendEnd,126.445,126.340,8.3,0
1766452680.6197894,2025-12-23 01:18:00,2025-12-23 09:18:00,BarData,126.394,0,0.0,0.0,187.55874,0.0,❌ 震荡 (Gap 4.1 < 10),126.394,126.342,4.1,0
1766452740.5531778,2025-12-23 01:19:00,2025-12-23 09:19:00,BarData,126.333,0,0.0,0.0,187.55874,0.0,❌ 震荡 (Gap 0.7 < 10),126.333,126.342,0.7,0
1766452800.4955952,2025-12-23 01:20:00,2025-12-23 09:20:00,BarData,126.309,0,0.0,0.0,187.55874,0.0,❌ 震荡 (Gap 2.5 < 10),126.309,126.341,2.5,0
1766452860.1581995,2025-12-23 01:21:00,2025-12-23 09:21:00,BarData,126.278,0,0.0,0.0,187.55874,0.0,❌ 震荡 (Gap 4.8 < 10),126.278,126.339,4.8,0
1766452920.7990408,2025-12-23 01:22:00,2025-12-23 09:22:00,BarData,126.315,0,0.0,0.0,187.55874,0.0,❌ 震荡 (Gap 1.8 < 10),126.315,126.338,1.8,0
1766452980.3531294,2025-12-23 01:23:00,2025-12-23 09:23:00,BarData,126.318,0,0.0,0.0,187.55874,0.0,❌ 震荡 (Gap 1.5 < 10),126.318,126.337,1.5,0
1766453040.389479,2025-12-23 01:24:00,2025-12-23 09:24:00,BarData,126.338,0,0.0,0.0,187.55874,0.0,❌ 震荡 (Gap 0.1 < 10),126.338,126.337,0.1,0
1766453100.2215734,2025-12-23 01:25:00,2025-12-23 09:25:00,BarData,126.295,0,0.0,0.0,187.55874,0.0,❌ 震荡 (Gap 3.2 < 10),126.295,126.336,3.2,0
1766453160.3558311,2025-12-23 01:26:00,2025-12-23 09:26:00,BarData,126.316,0,0.0,0.0,187.55874,0.0,❌ 震荡 (Gap 1.5 < 10),126.316,126.335,1.5,0
1766453220.5562184,2025-12-23 01:27:00,2025-12-23 09:27:00,BarData,126.352,0,0.0,0.0,187.55874,0.0,❌ 震荡 (Gap 1.3 < 10),126.352,126.336,1.3,0
1766453280.423572,2025-12-23 01:28:00,2025-12-23 09:28:00,BarData,126.374,0,0.0,0.0,187.55874,0.0,❌ 震荡 (Gap 2.9 < 10),126.374,126.337,2.9,0
1766453340.3469224,2025-12-23 01:29:00,2025-12-23 09:29:00,BarData,126.287,0,0.0,0.0,187.55874,0.0,❌ 震荡 (Gap 3.8 < 10),126.287,126.335,3.8,0
1766453400.0880992,2025-12-23 01:30:00,2025-12-23 09:30:00,BarData,126.288,0,0.0,0.0,187.55874,0.0,❌ 震荡 (Gap 3.6 < 10),126.288,126.334,3.6,0
1766453460.6332948,2025-12-23 01:31:00,2025-12-23 09:31:00,BarData,126.421,0,0.0,0.0,187.55874,0.0,❌ 震荡 (Gap 6.7 < 10),126.421,126.337,6.7,0
1766453520.4742367,2025-12-23 01:32:00,2025-12-23 09:32:00,BarData,126.455,0,0.0,0.0,187.55874,0.0,❌ 震荡 (Gap 9.1 < 10),126.455,126.340,9.1,0
1766453580.6251218,2025-12-23 01:33:00,2025-12-23 09:33:00,BarData,126.422,0,0.0,0.0,187.55874,0.0,❌ 震荡 (Gap 6.2 < 10),126.422,126.343,6.2,0
1766453640.250334,2025-12-23 01:34:00,2025-12-23 09:34:00,BarData,126.374,0,0.0,0.0,187.55874,0.0,❌ 震荡 (Gap 2.4 < 10),126.374,126.344,2.4,0
1766453700.4409344,2025-12-23 01:35:00,2025-12-23 09:35:00,BarData,126.143,0,0.0,0.0,187.55874,0.0,❌ 快线向上,126.143,126.338,15.4,0
1766453760.3253865,2025-12-23 01:36:00,2025-12-23 09:36:00,BarData,126.126,0,0.0,0.0,187.55874,0.0,❌ 快线向上,126.126,126.331,16.2,0
1766453820.2263193,2025-12-23 01:37:00,2025-12-23 09:37:00,BarData,126.239,0,0.0,0.0,187.55874,0.0,❌ 震荡 (Gap 7.0 < 10),126.239,126.328,7.0,0
1766453880.342768,2025-12-23 01:38:00,2025-12-23 09:38:00,BarData,126.138,0,0.0,0.0,187.55874,0.0,❌ 快线向上,126.138,126.321,14.5,0
1766453940.2520437,2025-12-23 01:39:00,2025-12-23 09:39:00,BarData,126.068,0,0.0,0.0,187.55874,0.0,❌ 快线向上,126.068,126.313,19.4,0
1766454000.3331106,2025-12-23 01:40:00,2025-12-23 09:40:00,BarData,125.941,0,0.0,0.0,187.55874,0.0,✅ 触发交易,125.941,126.301,28.6,-1
1766454004.19519,2025-12-23 01:40:04,2025-12-23 09:40:04,Strategy_Open,125.941,1.0,0,-1.0,187.55574000000001,0.0,Strategy_Signal,125.941,126.301,28.6,-1
1766454060.3592334,2025-12-23 01:41:00,2025-12-23 09:41:00,BarData,125.943,0,-1.0,-1.0,187.51574,0.0,✅ 触发交易,125.943,126.289,27.5,-1
1766454120.4137306,2025-12-23 01:42:00,2025-12-23 09:42:00,BarData,126.02,0,-1.0,-1.0,187.45774,0.0,❌ 快线向上,126.020,126.280,20.7,0
1766454121.0958567,2025-12-23 01:42:01,2025-12-23 09:42:01,PnlRecord,126.02,0,0,0,187.45774,-0.8179991581755794,空,126.020,126.280,20.7,0
1766454121.4425762,2025-12-23 01:42:01,2025-12-23 09:42:01,CloseSignal,126.02,1.0,-1.0,0,187.45774,0.0,Strategy_TrendEnd,126.020,126.280,20.7,0
1766454180.2181642,2025-12-23 01:43:00,2025-12-23 09:43:00,BarData,125.975,0,0.0,0.0,187.47874,0.0,✅ 触发交易,125.975,126.270,23.4,-1
1766454184.0801108,2025-12-23 01:43:04,2025-12-23 09:43:04,Strategy_Open,125.975,1.0,0,-1.0,187.46874,0.0,Strategy_Signal,125.975,126.270,23.4,-1
1766454240.3757455,2025-12-23 01:44:00,2025-12-23 09:44:00,BarData,125.996,0,-1.0,-1.0,187.44773999999998,0.0,❌ 快线向上,125.996,126.261,21.1,0
1766454241.054678,2025-12-23 01:44:01,2025-12-23 09:44:01,PnlRecord,125.996,0,0,0,187.44773999999998,-0.2222786739488726,空,125.996,126.261,21.1,0
1766454241.3959084,2025-12-23 01:44:01,2025-12-23 09:44:01,CloseSignal,125.996,1.0,-1.0,0,187.44773999999998,0.0,Strategy_TrendEnd,125.996,126.261,21.1,0
1766454300.3841512,2025-12-23 01:45:00,2025-12-23 09:45:00,BarData,125.994,0,0.0,0.0,187.44974,0.0,❌ 快线向上,125.994,126.253,20.5,0
1766454360.4325025,2025-12-23 01:46:00,2025-12-23 09:46:00,BarData,126.007,0,0.0,0.0,187.44974,0.0,❌ 快线向上,126.007,126.245,18.9,0
1766454420.360886,2025-12-23 01:47:00,2025-12-23 09:47:00,BarData,125.951,0,0.0,0.0,187.44974,0.0,✅ 触发交易,125.951,126.235,22.5,-1
1766454424.228621,2025-12-23 01:47:04,2025-12-23 09:47:04,Strategy_Open,125.951,1.0,0,-1.0,187.45074,0.0,Strategy_Signal,125.951,126.235,22.5,-1
1766454480.2428234,2025-12-23 01:48:00,2025-12-23 09:48:00,BarData,125.992,0,-1.0,-1.0,187.41273999999999,0.0,❌ 快线向上,125.992,126.227,18.6,0
1766454480.9199119,2025-12-23 01:48:00,2025-12-23 09:48:00,PnlRecord,125.992,0,0,0,187.41273999999999,-0.3493505256138338,空,125.992,126.227,18.6,0
1766454481.2646217,2025-12-23 01:48:01,2025-12-23 09:48:01,CloseSignal,125.992,1.0,-1.0,0,187.41273999999999,0.0,Strategy_TrendEnd,125.992,126.227,18.6,0
1766454540.1645858,2025-12-23 01:49:00,2025-12-23 09:49:00,BarData,126.072,0,0.0,0.0,187.40074,0.0,❌ 快线向上,126.072,126.222,11.9,0
1766454600.3973958,2025-12-23 01:50:00,2025-12-23 09:50:00,BarData,126.129,0,0.0,0.0,187.40074,0.0,❌ 震荡 (Gap 7.1 < 10),126.129,126.219,7.1,0
1766454660.442745,2025-12-23 01:51:00,2025-12-23 09:51:00,BarData,126.245,0,0.0,0.0,187.40074,0.0,❌ 震荡 (Gap 2.0 < 10),126.245,126.220,2.0,0
1766454720.1069057,2025-12-23 01:52:00,2025-12-23 09:52:00,BarData,126.37,0,0.0,0.0,187.40074,0.0,✅ 触发交易,126.370,126.225,11.5,1
1766454723.9674788,2025-12-23 01:52:03,2025-12-23 09:52:03,Strategy_Open,126.37,1.0,0,1.0,187.40174000000002,0.0,Strategy_Signal,126.370,126.225,11.5,1
1766454742.5044181,2025-12-23 01:52:22,2025-12-23 09:52:22,SL,126.25,1.0,1.0,0.0,187.26674,0.0,🛡️ 止损 (-1.02%),126.370,126.225,11.5,1
1766454742.5046992,2025-12-23 01:52:22,2025-12-23 09:52:22,PnlRecord,126.25,0,0,0,187.33074000000002,-1.0207392050894917,多,126.370,126.225,11.5,1
1766454780.1615975,2025-12-23 01:53:00,2025-12-23 09:53:00,BarData,126.205,0,0.0,0.0,187.26674,0.0,❌ 震荡 (Gap 1.5 < 10),126.205,126.224,1.5,0
1766454840.413718,2025-12-23 01:54:00,2025-12-23 09:54:00,BarData,126.122,0,0.0,0.0,187.26674,0.0,❌ 震荡 (Gap 7.8 < 10),126.122,126.221,7.8,0
1766454900.3958302,2025-12-23 01:55:00,2025-12-23 09:55:00,BarData,126.099,0,0.0,0.0,187.26674,0.0,❌ 震荡 (Gap 9.3 < 10),126.099,126.217,9.3,0
1766454960.5820103,2025-12-23 01:56:00,2025-12-23 09:56:00,BarData,126.036,0,0.0,0.0,187.26674,0.0,❌ 快线向上,126.036,126.211,13.9,0
1766455020.304169,2025-12-23 01:57:00,2025-12-23 09:57:00,BarData,126.109,0,0.0,0.0,187.26674,0.0,❌ 震荡 (Gap 7.8 < 10),126.109,126.207,7.8,0
1766455080.2889254,2025-12-23 01:58:00,2025-12-23 09:58:00,BarData,126.171,0,0.0,0.0,187.26674,0.0,❌ 震荡 (Gap 2.8 < 10),126.171,126.206,2.8,0
1766455140.3280256,2025-12-23 01:59:00,2025-12-23 09:59:00,BarData,126.143,0,0.0,0.0,187.26674,0.0,❌ 震荡 (Gap 4.8 < 10),126.143,126.204,4.8,0
1766455200.2012987,2025-12-23 02:00:00,2025-12-23 10:00:00,BarData,126.11,0,0.0,0.0,187.26674,0.0,❌ 震荡 (Gap 7.2 < 10),126.110,126.201,7.2,0
1766455260.4114006,2025-12-23 02:01:00,2025-12-23 10:01:00,BarData,126.029,0,0.0,0.0,187.26674,0.0,❌ 快线向上,126.029,126.195,13.2,0
1766455320.3724382,2025-12-23 02:02:00,2025-12-23 10:02:00,BarData,125.98,0,0.0,0.0,187.26674,0.0,✅ 触发交易,125.980,126.188,16.5,-1
1766455324.251621,2025-12-23 02:02:04,2025-12-23 10:02:04,Strategy_Open,125.98,1.0,0,-1.0,187.26574,0.0,Strategy_Signal,125.980,126.188,16.5,-1
1766455380.3391998,2025-12-23 02:03:00,2025-12-23 10:03:00,BarData,125.779,0,-1.0,-1.0,187.39174,0.0,✅ 触发交易,125.779,126.175,31.5,-1
1766455440.379871,2025-12-23 02:04:00,2025-12-23 10:04:00,BarData,125.858,0,-1.0,-1.0,187.37474,0.0,✅ 触发交易,125.858,126.165,24.4,-1
1766455500.269078,2025-12-23 02:05:00,2025-12-23 10:05:00,BarData,125.748,0,-1.0,-1.0,187.46774,0.0,✅ 触发交易,125.748,126.151,32.0,-1
1766455560.6700802,2025-12-23 02:06:00,2025-12-23 10:06:00,BarData,125.953,0,-1.0,-1.0,187.26973999999998,0.0,✅ 触发交易,125.953,126.144,15.2,-1
1766455579.1500247,2025-12-23 02:06:19,2025-12-23 10:06:19,SL,126.094,1.0,-1.0,0.0,187.11374,0.0,🛡️ 止损 (-1.07%),125.953,126.144,15.2,-1
1766455579.1503258,2025-12-23 02:06:19,2025-12-23 10:06:19,PnlRecord,126.094,0,0,0,187.22574,-1.0717773243673807,空,125.953,126.144,15.2,-1
1766455620.5100026,2025-12-23 02:07:00,2025-12-23 10:07:00,BarData,126.172,0,0.0,0.0,187.11374,0.0,❌ 震荡 (Gap 2.1 < 10),126.172,126.145,2.1,0
1766455680.005697,2025-12-23 02:08:00,2025-12-23 10:08:00,BarData,126.225,0,0.0,0.0,187.11374,0.0,❌ 震荡 (Gap 6.1 < 10),126.225,126.148,6.1,0
1766455740.4517846,2025-12-23 02:09:00,2025-12-23 10:09:00,BarData,126.303,0,0.0,0.0,187.11374,0.0,✅ 触发交易,126.303,126.153,11.9,1
1766455744.439625,2025-12-23 02:09:04,2025-12-23 10:09:04,Strategy_Open,126.303,1.0,0,1.0,187.13874,0.0,Strategy_Signal,126.303,126.153,11.9,1
1766455800.402164,2025-12-23 02:10:00,2025-12-23 10:10:00,BarData,126.338,0,1.0,1.0,187.13874,0.0,✅ 触发交易,126.338,126.159,14.2,1
1766455860.3254466,2025-12-23 02:11:00,2025-12-23 10:11:00,BarData,126.245,0,1.0,1.0,187.05474,0.0,❌ 震荡 (Gap 6.6 < 10),126.245,126.162,6.6,0
1766455861.002331,2025-12-23 02:11:01,2025-12-23 10:11:01,PnlRecord,126.245,0,0,0,187.05474,-0.530432579644001,多,126.245,126.162,6.6,0
1766455861.4366379,2025-12-23 02:11:01,2025-12-23 10:11:01,CloseSignal,126.245,1.0,1.0,0,187.05474,0.0,Strategy_TrendEnd,126.245,126.162,6.6,0
1766455920.4796274,2025-12-23 02:12:00,2025-12-23 10:12:00,BarData,126.369,0,0.0,0.0,187.07074,0.0,✅ 触发交易,126.369,126.169,15.9,1
1766455924.4824276,2025-12-23 02:12:04,2025-12-23 10:12:04,Strategy_Open,126.369,1.0,0,1.0,187.06574,0.0,Strategy_Signal,126.369,126.169,15.9,1
1766455965.2074604,2025-12-23 02:12:45,2025-12-23 10:12:45,SL,126.236,1.0,1.0,0.0,186.932356,0.0,🛡️ 止损 (-1.06%),126.369,126.169,15.9,1
1766455965.207772,2025-12-23 02:12:45,2025-12-23 10:12:45,PnlRecord,126.236,0,0,0,186.96674,-1.0603782543325182,多,126.369,126.169,15.9,1
1766455980.305985,2025-12-23 02:13:00,2025-12-23 10:13:00,BarData,126.19,0,0.0,0.0,186.932356,0.0,❌ 震荡 (Gap 1.6 < 10),126.190,126.169,1.6,0
1766456040.5914366,2025-12-23 02:14:00,2025-12-23 10:14:00,BarData,126.227,0,0.0,0.0,186.932356,0.0,❌ 震荡 (Gap 4.4 < 10),126.227,126.171,4.4,0
1766456100.3181055,2025-12-23 02:15:00,2025-12-23 10:15:00,BarData,126.229,0,0.0,0.0,186.932356,0.0,❌ 震荡 (Gap 4.4 < 10),126.229,126.173,4.4,0
1766456160.3821242,2025-12-23 02:16:00,2025-12-23 10:16:00,BarData,126.303,0,0.0,0.0,186.932356,0.0,❌ 震荡 (Gap 9.9 < 10),126.303,126.177,9.9,0
1766456220.3432038,2025-12-23 02:17:00,2025-12-23 10:17:00,BarData,126.376,0,0.0,0.0,186.932356,0.0,✅ 触发交易,126.376,126.184,15.2,1
1766456224.2279654,2025-12-23 02:17:04,2025-12-23 10:17:04,Strategy_Open,126.376,1.0,0,1.0,186.907356,0.0,Strategy_Signal,126.376,126.184,15.2,1
1766456280.5105352,2025-12-23 02:18:00,2025-12-23 10:18:00,BarData,126.316,0,1.0,1.0,186.849356,0.0,✅ 触发交易,126.316,126.188,10.1,1
1766456307.4491978,2025-12-23 02:18:27,2025-12-23 10:18:27,SL,126.264,1.0,1.0,0.0,186.793356,0.0,🛡️ 止损 (-1.10%),126.316,126.188,10.1,1
1766456307.4496098,2025-12-23 02:18:27,2025-12-23 10:18:27,PnlRecord,126.264,0,0,0,186.837356,-1.0996574448392047,多,126.316,126.188,10.1,1
1766456340.2409835,2025-12-23 02:19:00,2025-12-23 10:19:00,BarData,126.242,0,0.0,0.0,186.793356,0.0,❌ 震荡 (Gap 4.1 < 10),126.242,126.190,4.1,0
1766456400.4462013,2025-12-23 02:20:00,2025-12-23 10:20:00,BarData,126.286,0,0.0,0.0,186.793356,0.0,❌ 震荡 (Gap 7.4 < 10),126.286,126.193,7.4,0
1766456460.209682,2025-12-23 02:21:00,2025-12-23 10:21:00,BarData,126.318,0,0.0,0.0,186.793356,0.0,❌ 震荡 (Gap 9.6 < 10),126.318,126.197,9.6,0
1766456520.5080633,2025-12-23 02:22:00,2025-12-23 10:22:00,BarData,126.287,0,0.0,0.0,186.793356,0.0,❌ 震荡 (Gap 6.9 < 10),126.287,126.200,6.9,0
1766456580.2827332,2025-12-23 02:23:00,2025-12-23 10:23:00,BarData,126.235,0,0.0,0.0,186.793356,0.0,❌ 震荡 (Gap 2.7 < 10),126.235,126.201,2.7,0
1766456640.4176717,2025-12-23 02:24:00,2025-12-23 10:24:00,BarData,126.278,0,0.0,0.0,186.793356,0.0,❌ 震荡 (Gap 5.9 < 10),126.278,126.204,5.9,0
1766456700.0054438,2025-12-23 02:25:00,2025-12-23 10:25:00,BarData,126.341,0,0.0,0.0,186.793356,0.0,✅ 触发交易,126.341,126.208,10.5,1
1766456703.8803654,2025-12-23 02:25:03,2025-12-23 10:25:03,Strategy_Open,126.341,1.0,0,1.0,186.787356,0.0,Strategy_Signal,126.341,126.208,10.5,1
1766456758.3849056,2025-12-23 02:25:58,2025-12-23 10:25:58,SL,126.205,1.0,1.0,0.0,186.654356,0.0,🛡️ 止损 (-1.11%),126.341,126.208,10.5,1
1766456758.385236,2025-12-23 02:25:58,2025-12-23 10:25:58,PnlRecord,126.205,0,0,0,186.67935599999998,-1.108077090506158,多,126.341,126.208,10.5,1
1766456761.4851394,2025-12-23 02:26:01,2025-12-23 10:26:01,BarData,126.164,0,0.0,0.0,186.654356,0.0,❌ 震荡 (Gap 3.4 < 10),126.164,126.207,3.4,0
1766456820.3637686,2025-12-23 02:27:00,2025-12-23 10:27:00,BarData,126.214,0,0.0,0.0,186.654356,0.0,❌ 震荡 (Gap 0.5 < 10),126.214,126.207,0.5,0
1766456880.3517983,2025-12-23 02:28:00,2025-12-23 10:28:00,BarData,126.366,0,0.0,0.0,186.654356,0.0,✅ 触发交易,126.366,126.212,12.2,1
1766456884.324034,2025-12-23 02:28:04,2025-12-23 10:28:04,Strategy_Open,126.366,1.0,0,1.0,186.63835600000002,0.0,Strategy_Signal,126.366,126.212,12.2,1
1766456940.543951,2025-12-23 02:29:00,2025-12-23 10:29:00,BarData,126.412,0,1.0,1.0,186.767356,0.0,✅ 触发交易,126.412,126.219,15.3,1
1766457000.4027834,2025-12-23 02:30:00,2025-12-23 10:30:00,BarData,126.398,0,1.0,1.0,186.67435600000002,0.0,✅ 触发交易,126.398,126.225,13.7,1
1766457060.4419913,2025-12-23 02:31:00,2025-12-23 10:31:00,BarData,126.506,0,1.0,1.0,186.794356,0.0,✅ 触发交易,126.506,126.234,21.5,1
1766457120.5482898,2025-12-23 02:32:00,2025-12-23 10:32:00,BarData,126.431,0,1.0,1.0,186.80535600000002,0.0,✅ 触发交易,126.431,126.240,15.1,1
1766457180.5146384,2025-12-23 02:33:00,2025-12-23 10:33:00,BarData,126.43,0,1.0,1.0,186.725356,0.0,✅ 触发交易,126.430,126.247,14.5,1
1766457240.3145037,2025-12-23 02:34:00,2025-12-23 10:34:00,BarData,126.418,0,1.0,1.0,186.718356,0.0,✅ 触发交易,126.418,126.252,13.1,1
1766457300.3411088,2025-12-23 02:35:00,2025-12-23 10:35:00,BarData,126.331,0,1.0,1.0,186.607356,0.0,❌ 震荡 (Gap 6.0 < 10),126.331,126.255,6.0,0
1766457301.0281892,2025-12-23 02:35:01,2025-12-23 10:35:01,PnlRecord,126.331,0,0,0,186.607356,-0.2295030072807563,多,126.331,126.255,6.0,0
1766457301.4010925,2025-12-23 02:35:01,2025-12-23 10:35:01,CloseSignal,126.331,1.0,1.0,0,186.607356,0.0,Strategy_TrendEnd,126.331,126.255,6.0,0
1766457360.316201,2025-12-23 02:36:00,2025-12-23 10:36:00,BarData,126.287,0,0.0,0.0,186.628356,0.0,❌ 震荡 (Gap 2.5 < 10),126.287,126.256,2.5,0
1766457420.3792155,2025-12-23 02:37:00,2025-12-23 10:37:00,BarData,126.105,0,0.0,0.0,186.628356,0.0,❌ 快线向上,126.105,126.251,11.6,0
1766457480.0949447,2025-12-23 02:38:00,2025-12-23 10:38:00,BarData,126.06,0,0.0,0.0,186.628356,0.0,✅ 触发交易,126.060,126.245,14.7,-1
1766457483.9958515,2025-12-23 02:38:03,2025-12-23 10:38:03,Strategy_Open,126.06,1.0,0,-1.0,186.618356,0.0,Strategy_Signal,126.060,126.245,14.7,-1
1766457540.5063083,2025-12-23 02:39:00,2025-12-23 10:39:00,BarData,125.968,0,-1.0,-1.0,186.698356,0.0,✅ 触发交易,125.968,126.236,21.2,-1
1766457600.0896978,2025-12-23 02:40:00,2025-12-23 10:40:00,BarData,125.686,0,-1.0,-1.0,186.975356,0.0,✅ 触发交易,125.686,126.218,42.3,-1
1766457660.6403341,2025-12-23 02:41:00,2025-12-23 10:41:00,BarData,125.579,0,-1.0,-1.0,187.057356,0.0,✅ 触发交易,125.579,126.197,49.2,-1
1766457720.4247468,2025-12-23 02:42:00,2025-12-23 10:42:00,BarData,125.594,0,-1.0,-1.0,187.06635599999998,0.0,✅ 触发交易,125.594,126.177,46.4,-1
1766457780.1826246,2025-12-23 02:43:00,2025-12-23 10:43:00,BarData,125.596,0,-1.0,-1.0,187.016356,0.0,✅ 触发交易,125.596,126.158,44.7,-1
1766457840.3776548,2025-12-23 02:44:00,2025-12-23 10:44:00,BarData,125.662,0,-1.0,-1.0,186.997356,0.0,✅ 触发交易,125.662,126.142,38.2,-1
1766457900.5572205,2025-12-23 02:45:00,2025-12-23 10:45:00,BarData,125.659,0,-1.0,-1.0,187.007356,0.0,✅ 触发交易,125.659,126.126,37.1,-1
1766457960.6955132,2025-12-23 02:46:00,2025-12-23 10:46:00,BarData,125.492,0,-1.0,-1.0,187.123356,0.0,✅ 触发交易,125.492,126.105,48.8,-1
1766458020.2175221,2025-12-23 02:47:00,2025-12-23 10:47:00,BarData,125.627,0,-1.0,-1.0,187.034356,0.0,✅ 触发交易,125.627,126.089,36.8,-1
1766458080.536882,2025-12-23 02:48:00,2025-12-23 10:48:00,BarData,125.568,0,-1.0,-1.0,187.000356,0.0,✅ 触发交易,125.568,126.072,40.2,-1
1766458140.501222,2025-12-23 02:49:00,2025-12-23 10:49:00,BarData,125.55,0,-1.0,-1.0,187.113356,0.0,✅ 触发交易,125.550,126.055,40.2,-1
1766458200.2715626,2025-12-23 02:50:00,2025-12-23 10:50:00,BarData,125.788,0,-1.0,-1.0,186.882356,0.0,✅ 触发交易,125.788,126.046,20.5,-1
1766458260.705007,2025-12-23 02:51:00,2025-12-23 10:51:00,BarData,125.802,0,-1.0,-1.0,186.883356,0.0,✅ 触发交易,125.802,126.038,18.8,-1
1766458320.264163,2025-12-23 02:52:00,2025-12-23 10:52:00,BarData,125.819,0,-1.0,-1.0,186.812356,0.0,✅ 触发交易,125.819,126.031,16.9,-1
1766458380.1708148,2025-12-23 02:53:00,2025-12-23 10:53:00,BarData,125.806,0,-1.0,-1.0,186.836356,0.0,✅ 触发交易,125.806,126.024,17.3,-1
1766458440.579713,2025-12-23 02:54:00,2025-12-23 10:54:00,BarData,125.746,0,-1.0,-1.0,186.895356,0.0,✅ 触发交易,125.746,126.015,21.4,-1
1766458500.140733,2025-12-23 02:55:00,2025-12-23 10:55:00,BarData,125.566,0,-1.0,-1.0,187.073356,0.0,✅ 触发交易,125.566,126.000,34.6,-1
1766458560.5235763,2025-12-23 02:56:00,2025-12-23 10:56:00,BarData,125.589,0,-1.0,-1.0,187.062356,0.0,✅ 触发交易,125.589,125.986,31.6,-1
1766458620.5660956,2025-12-23 02:57:00,2025-12-23 10:57:00,BarData,125.587,0,-1.0,-1.0,187.067356,0.0,✅ 触发交易,125.587,125.973,30.8,-1
1766458680.7295158,2025-12-23 02:58:00,2025-12-23 10:58:00,BarData,125.571,0,-1.0,-1.0,187.09035599999999,0.0,✅ 触发交易,125.571,125.960,31.0,-1
1766458740.3568048,2025-12-23 02:59:00,2025-12-23 10:59:00,BarData,125.54,0,-1.0,-1.0,187.127356,0.0,✅ 触发交易,125.540,125.946,32.4,-1
1766458800.491396,2025-12-23 03:00:00,2025-12-23 11:00:00,BarData,125.583,0,-1.0,-1.0,187.087356,0.0,✅ 触发交易,125.583,125.934,28.0,-1
1766458860.5086527,2025-12-23 03:01:00,2025-12-23 11:01:00,BarData,125.57,0,-1.0,-1.0,187.086471,0.0,✅ 触发交易,125.570,125.923,28.1,-1
1766458920.3203912,2025-12-23 03:02:00,2025-12-23 11:02:00,BarData,125.478,0,-1.0,-1.0,187.139471,0.0,✅ 触发交易,125.478,125.908,34.3,-1
1766458980.4491644,2025-12-23 03:03:00,2025-12-23 11:03:00,BarData,125.445,0,-1.0,-1.0,187.205471,0.0,✅ 触发交易,125.445,125.893,35.7,-1
1766458993.9793718,2025-12-23 03:03:13,2025-12-23 11:03:13,TP,125.396,1.0,-1.0,0.0,187.252471,0.0,🚀 止盈 (+5.02%),125.445,125.893,35.7,-1
1766458993.9796913,2025-12-23 03:03:13,2025-12-23 11:03:13,PnlRecord,125.396,0,0,0,187.205471,5.02265351625416,空,125.445,125.893,35.7,-1
1766459040.3553488,2025-12-23 03:04:00,2025-12-23 11:04:00,BarData,125.441,0,0.0,0.0,187.252471,0.0,✅ 触发交易,125.441,125.878,34.8,-1
1766459044.2137952,2025-12-23 03:04:04,2025-12-23 11:04:04,Strategy_Open,125.441,1.0,0,-1.0,187.261471,0.0,Strategy_Signal,125.441,125.878,34.8,-1
1766459100.579218,2025-12-23 03:05:00,2025-12-23 11:05:00,BarData,125.299,0,-1.0,-1.0,187.375471,0.0,✅ 触发交易,125.299,125.859,44.7,-1
1766459160.5812912,2025-12-23 03:06:00,2025-12-23 11:06:00,BarData,125.237,0,-1.0,-1.0,187.418471,0.0,✅ 触发交易,125.237,125.839,48.0,-1
1766459220.3490114,2025-12-23 03:07:00,2025-12-23 11:07:00,BarData,125.031,0,-1.0,-1.0,187.63547100000002,0.0,✅ 触发交易,125.031,125.812,62.5,-1
1766459280.7082644,2025-12-23 03:08:00,2025-12-23 11:08:00,BarData,125.054,0,-1.0,-1.0,187.68747100000002,0.0,✅ 触发交易,125.054,125.787,58.6,-1
1766459340.5283232,2025-12-23 03:09:00,2025-12-23 11:09:00,BarData,124.987,0,-1.0,-1.0,187.643471,0.0,✅ 触发交易,124.987,125.761,61.9,-1
1766459400.1723933,2025-12-23 03:10:00,2025-12-23 11:10:00,BarData,125.18,0,-1.0,-1.0,187.506471,0.0,✅ 触发交易,125.180,125.742,44.9,-1
1766459460.2354856,2025-12-23 03:11:00,2025-12-23 11:11:00,BarData,125.367,0,-1.0,-1.0,187.341471,0.0,✅ 触发交易,125.367,125.730,28.9,-1
1766459520.4961855,2025-12-23 03:12:00,2025-12-23 11:12:00,BarData,125.329,0,-1.0,-1.0,187.33747100000002,0.0,✅ 触发交易,125.329,125.717,30.9,-1
1766459580.6206496,2025-12-23 03:13:00,2025-12-23 11:13:00,BarData,125.329,0,-1.0,-1.0,187.340471,0.0,✅ 触发交易,125.329,125.704,29.9,-1
1766459640.2731953,2025-12-23 03:14:00,2025-12-23 11:14:00,BarData,125.356,0,-1.0,-1.0,187.304471,0.0,✅ 触发交易,125.356,125.692,26.8,-1
1766459700.3967996,2025-12-23 03:15:00,2025-12-23 11:15:00,BarData,125.366,0,-1.0,-1.0,187.287471,0.0,✅ 触发交易,125.366,125.682,25.2,-1
1766459764.1976633,2025-12-23 03:16:04,2025-12-23 11:16:04,SL,125.553,1.0,-1.0,0.0,187.133471,0.0,🛡️ 止损 (-1.02%),125.366,125.682,25.2,-1
1766459764.1980085,2025-12-23 03:16:04,2025-12-23 11:16:04,PnlRecord,125.553,0,0,0,187.204471,-1.0205301973290821,空,125.366,125.682,25.2,-1
1766459766.5349205,2025-12-23 03:16:06,2025-12-23 11:16:06,BarData,125.553,0,0.0,0.0,187.133471,0.0,❌ 震荡 (Gap 9.9 < 10),125.553,125.678,9.9,0
1766459820.09063,2025-12-23 03:17:00,2025-12-23 11:17:00,BarData,125.677,0,0.0,0.0,187.133471,0.0,❌ 震荡 (Gap 0.0 < 10),125.677,125.677,0.0,0
1766459880.2598674,2025-12-23 03:18:00,2025-12-23 11:18:00,BarData,125.635,0,0.0,0.0,187.133471,0.0,❌ 震荡 (Gap 3.3 < 10),125.635,125.676,3.3,0
1766459940.2324,2025-12-23 03:19:00,2025-12-23 11:19:00,BarData,125.587,0,0.0,0.0,187.133471,0.0,❌ 震荡 (Gap 6.9 < 10),125.587,125.673,6.9,0
1766460000.2589788,2025-12-23 03:20:00,2025-12-23 11:20:00,BarData,125.632,0,0.0,0.0,187.133471,0.0,❌ 震荡 (Gap 3.2 < 10),125.632,125.672,3.2,0
1766460060.317804,2025-12-23 03:21:00,2025-12-23 11:21:00,BarData,125.569,0,0.0,0.0,187.133471,0.0,❌ 震荡 (Gap 7.9 < 10),125.569,125.668,7.9,0
1766460120.5920582,2025-12-23 03:22:00,2025-12-23 11:22:00,BarData,125.587,0,0.0,0.0,187.133471,0.0,❌ 震荡 (Gap 6.3 < 10),125.587,125.666,6.3,0
1766460180.6330256,2025-12-23 03:23:00,2025-12-23 11:23:00,BarData,125.604,0,0.0,0.0,187.133471,0.0,❌ 震荡 (Gap 4.8 < 10),125.604,125.664,4.8,0
1766460240.6063457,2025-12-23 03:24:00,2025-12-23 11:24:00,BarData,125.504,0,0.0,0.0,187.133471,0.0,✅ 触发交易,125.504,125.659,12.3,-1
1766460244.4675477,2025-12-23 03:24:04,2025-12-23 11:24:04,Strategy_Open,125.504,1.0,0,-1.0,187.12547099999998,0.0,Strategy_Signal,125.504,125.659,12.3,-1
1766460300.2744827,2025-12-23 03:25:00,2025-12-23 11:25:00,BarData,125.298,0,-1.0,-1.0,187.29947099999998,0.0,✅ 触发交易,125.298,125.647,27.8,-1
1766460360.5014756,2025-12-23 03:26:00,2025-12-23 11:26:00,BarData,125.473,0,-1.0,-1.0,187.14447099999998,0.0,✅ 触发交易,125.473,125.641,13.4,-1
1766460420.3179011,2025-12-23 03:27:00,2025-12-23 11:27:00,BarData,125.468,0,-1.0,-1.0,187.147471,0.0,✅ 触发交易,125.468,125.635,13.3,-1
1766460480.14336,2025-12-23 03:28:00,2025-12-23 11:28:00,BarData,125.491,0,-1.0,-1.0,187.14347099999998,0.0,✅ 触发交易,125.491,125.631,11.1,-1
1766460540.3435304,2025-12-23 03:29:00,2025-12-23 11:29:00,BarData,125.429,0,-1.0,-1.0,187.22247099999998,0.0,✅ 触发交易,125.429,125.624,15.5,-1
1766460600.5398986,2025-12-23 03:30:00,2025-12-23 11:30:00,BarData,125.453,0,-1.0,-1.0,187.19747099999998,0.0,✅ 触发交易,125.453,125.618,13.2,-1
1766460660.3313763,2025-12-23 03:31:00,2025-12-23 11:31:00,BarData,125.486,0,-1.0,-1.0,187.14847099999997,0.0,✅ 触发交易,125.486,125.614,10.2,-1
1766460720.2155125,2025-12-23 03:32:00,2025-12-23 11:32:00,BarData,125.417,0,-1.0,-1.0,187.237471,0.0,✅ 触发交易,125.417,125.608,15.2,-1
1766460780.5713394,2025-12-23 03:33:00,2025-12-23 11:33:00,BarData,125.417,0,-1.0,-1.0,187.199471,0.0,✅ 触发交易,125.417,125.601,14.7,-1
1766460840.5337036,2025-12-23 03:34:00,2025-12-23 11:34:00,BarData,125.522,0,-1.0,-1.0,187.100471,0.0,❌ 震荡 (Gap 6.1 < 10),125.522,125.599,6.1,0
1766460841.2097964,2025-12-23 03:34:01,2025-12-23 11:34:01,PnlRecord,125.522,0,0,0,187.100471,-0.17529880478092089,空,125.522,125.599,6.1,0
1766460841.6453483,2025-12-23 03:34:01,2025-12-23 11:34:01,CloseSignal,125.522,1.0,-1.0,0,187.100471,0.0,Strategy_TrendEnd,125.522,125.599,6.1,0
1766460900.6341033,2025-12-23 03:35:00,2025-12-23 11:35:00,BarData,125.536,0,0.0,0.0,187.087471,0.0,❌ 震荡 (Gap 4.8 < 10),125.536,125.597,4.8,0
1766460960.6673698,2025-12-23 03:36:00,2025-12-23 11:36:00,BarData,125.567,0,0.0,0.0,187.087471,0.0,❌ 震荡 (Gap 2.3 < 10),125.567,125.596,2.3,0
1766461020.7111454,2025-12-23 03:37:00,2025-12-23 11:37:00,BarData,125.527,0,0.0,0.0,187.087471,0.0,❌ 震荡 (Gap 5.3 < 10),125.527,125.593,5.3,0
1766461080.313873,2025-12-23 03:38:00,2025-12-23 11:38:00,BarData,125.541,0,0.0,0.0,187.087471,0.0,❌ 震荡 (Gap 4.0 < 10),125.541,125.592,4.0,0
1766461140.364294,2025-12-23 03:39:00,2025-12-23 11:39:00,BarData,125.762,0,0.0,0.0,187.087471,0.0,❌ 快线向下,125.762,125.597,13.1,0
1766461200.3597648,2025-12-23 03:40:00,2025-12-23 11:40:00,BarData,125.826,0,0.0,0.0,187.087471,0.0,✅ 触发交易,125.826,125.605,17.6,1
1766461204.2246833,2025-12-23 03:40:04,2025-12-23 11:40:04,Strategy_Open,125.826,1.0,0,1.0,187.10152499999998,0.0,Strategy_Signal,125.826,125.605,17.6,1
1766461260.3259456,2025-12-23 03:41:00,2025-12-23 11:41:00,BarData,125.937,0,1.0,1.0,187.152525,0.0,✅ 触发交易,125.937,125.616,25.5,1
1766461320.453626,2025-12-23 03:42:00,2025-12-23 11:42:00,BarData,126.022,0,1.0,1.0,187.23852499999998,0.0,✅ 触发交易,126.022,125.629,31.2,1
1766461380.4712489,2025-12-23 03:43:00,2025-12-23 11:43:00,BarData,126.049,0,1.0,1.0,187.224525,0.0,✅ 触发交易,126.049,125.643,32.2,1
1766461440.1613655,2025-12-23 03:44:00,2025-12-23 11:44:00,BarData,125.983,0,1.0,1.0,187.164525,0.0,✅ 触发交易,125.983,125.654,26.1,1
1766461500.434631,2025-12-23 03:45:00,2025-12-23 11:45:00,BarData,125.974,0,1.0,1.0,187.178525,0.0,✅ 触发交易,125.974,125.664,24.6,1
1766461560.3103755,2025-12-23 03:46:00,2025-12-23 11:46:00,BarData,125.913,0,1.0,1.0,187.127525,0.0,✅ 触发交易,125.913,125.673,19.1,1
1766461620.44554,2025-12-23 03:47:00,2025-12-23 11:47:00,BarData,125.805,0,1.0,1.0,187.027525,0.0,❌ 快线向下,125.805,125.677,10.2,0
1766461621.1489177,2025-12-23 03:47:01,2025-12-23 11:47:01,PnlRecord,125.805,0,0,0,187.027525,-0.5878661254061286,多,125.805,125.677,10.2,0
1766461621.4966333,2025-12-23 03:47:01,2025-12-23 11:47:01,CloseSignal,125.805,1.0,1.0,0,187.027525,0.0,Strategy_TrendEnd,125.805,125.677,10.2,0
1766461680.3372893,2025-12-23 03:48:00,2025-12-23 11:48:00,BarData,125.711,0,0.0,0.0,187.012525,0.0,❌ 震荡 (Gap 2.6 < 10),125.711,125.678,2.6,0
1766461740.368005,2025-12-23 03:49:00,2025-12-23 11:49:00,BarData,125.733,0,0.0,0.0,187.012525,0.0,❌ 震荡 (Gap 4.2 < 10),125.733,125.680,4.2,0
1766461800.364263,2025-12-23 03:50:00,2025-12-23 11:50:00,BarData,125.792,0,0.0,0.0,187.012525,0.0,❌ 震荡 (Gap 8.6 < 10),125.792,125.684,8.6,0
1766461860.222198,2025-12-23 03:51:00,2025-12-23 11:51:00,BarData,125.712,0,0.0,0.0,187.012525,0.0,❌ 震荡 (Gap 2.2 < 10),125.712,125.684,2.2,0
1766461920.646513,2025-12-23 03:52:00,2025-12-23 11:52:00,BarData,125.63,0,0.0,0.0,187.012525,0.0,❌ 震荡 (Gap 4.2 < 10),125.630,125.683,4.2,0
1766461980.6671233,2025-12-23 03:53:00,2025-12-23 11:53:00,BarData,125.661,0,0.0,0.0,187.012525,0.0,❌ 震荡 (Gap 1.7 < 10),125.661,125.682,1.7,0
1766462040.1493826,2025-12-23 03:54:00,2025-12-23 11:54:00,BarData,125.619,0,0.0,0.0,187.012525,0.0,❌ 震荡 (Gap 4.8 < 10),125.619,125.680,4.8,0
1766462100.4517944,2025-12-23 03:55:00,2025-12-23 11:55:00,BarData,125.623,0,0.0,0.0,187.012525,0.0,❌ 震荡 (Gap 4.4 < 10),125.623,125.678,4.4,0
1766462160.405592,2025-12-23 03:56:00,2025-12-23 11:56:00,BarData,125.631,0,0.0,0.0,187.012525,0.0,❌ 震荡 (Gap 3.6 < 10),125.631,125.676,3.6,0
1766462220.2457209,2025-12-23 03:57:00,2025-12-23 11:57:00,BarData,125.687,0,0.0,0.0,187.012525,0.0,❌ 震荡 (Gap 0.8 < 10),125.687,125.677,0.8,0
1766462280.3755476,2025-12-23 03:58:00,2025-12-23 11:58:00,BarData,125.608,0,0.0,0.0,187.012525,0.0,❌ 震荡 (Gap 5.3 < 10),125.608,125.675,5.3,0
1766462340.568804,2025-12-23 03:59:00,2025-12-23 11:59:00,BarData,125.612,0,0.0,0.0,187.012525,0.0,❌ 震荡 (Gap 4.8 < 10),125.612,125.673,4.8,0
1766462400.4538553,2025-12-23 04:00:00,2025-12-23 12:00:00,BarData,125.549,0,0.0,0.0,187.012525,0.0,❌ 震荡 (Gap 9.5 < 10),125.549,125.668,9.5,0
1766462460.15701,2025-12-23 04:01:00,2025-12-23 12:01:00,BarData,125.517,0,0.0,0.0,187.012525,0.0,✅ 触发交易,125.517,125.664,11.7,-1
1766462464.0416021,2025-12-23 04:01:04,2025-12-23 12:01:04,Strategy_Open,125.517,1.0,0,-1.0,187.006525,0.0,Strategy_Signal,125.517,125.664,11.7,-1
1766462520.3608167,2025-12-23 04:02:00,2025-12-23 12:02:00,BarData,125.441,0,-1.0,-1.0,187.08552500000002,0.0,✅ 触发交易,125.441,125.656,17.2,-1
1766462580.5339875,2025-12-23 04:03:00,2025-12-23 12:03:00,BarData,125.415,0,-1.0,-1.0,187.101525,0.0,✅ 触发交易,125.415,125.648,18.6,-1
1766462640.2326226,2025-12-23 04:04:00,2025-12-23 12:04:00,BarData,125.54,0,-1.0,-1.0,186.96752500000002,0.0,❌ 震荡 (Gap 8.3 < 10),125.540,125.645,8.3,0
1766462640.9307482,2025-12-23 04:04:00,2025-12-23 12:04:00,PnlRecord,125.54,0,0,0,186.96752500000002,-0.25496382700712855,空,125.540,125.645,8.3,0
1766462641.2831123,2025-12-23 04:04:01,2025-12-23 12:04:01,CloseSignal,125.54,1.0,-1.0,0,186.96752500000002,0.0,Strategy_TrendEnd,125.540,125.645,8.3,0
1766462700.4570482,2025-12-23 04:05:00,2025-12-23 12:05:00,BarData,125.435,0,0.0,0.0,187.009525,0.0,✅ 触发交易,125.435,125.638,16.2,-1
1766462704.333419,2025-12-23 04:05:04,2025-12-23 12:05:04,Strategy_Open,125.435,1.0,0,-1.0,186.997525,0.0,Strategy_Signal,125.435,125.638,16.2,-1
1766462712.9515567,2025-12-23 04:05:12,2025-12-23 12:05:12,SL,125.558,1.0,-1.0,0.0,186.878525,0.0,🛡️ 止损 (-1.05%),125.435,125.638,16.2,-1
1766462712.9518774,2025-12-23 04:05:12,2025-12-23 12:05:12,PnlRecord,125.558,0,0,0,186.997525,-1.0524133752172993,空,125.435,125.638,16.2,-1
1766462760.4602818,2025-12-23 04:06:00,2025-12-23 12:06:00,BarData,125.469,0,0.0,0.0,186.878525,0.0,✅ 触发交易,125.469,125.632,13.0,-1
1766462764.48957,2025-12-23 04:06:04,2025-12-23 12:06:04,Strategy_Open,125.469,1.0,0,-1.0,186.878525,0.0,Strategy_Signal,125.469,125.632,13.0,-1
1766462820.1621995,2025-12-23 04:07:00,2025-12-23 12:07:00,BarData,125.569,0,-1.0,-1.0,186.823525,0.0,❌ 震荡 (Gap 4.9 < 10),125.569,125.630,4.9,0
1766462820.8596768,2025-12-23 04:07:00,2025-12-23 12:07:00,PnlRecord,125.569,0,0,0,186.823525,-0.4461689227410498,空,125.569,125.630,4.9,0
1766462821.2041519,2025-12-23 04:07:01,2025-12-23 12:07:01,CloseSignal,125.569,1.0,-1.0,0,186.823525,0.0,Strategy_TrendEnd,125.569,125.630,4.9,0
1766462880.2830474,2025-12-23 04:08:00,2025-12-23 12:08:00,BarData,125.592,0,0.0,0.0,186.816525,0.0,❌ 震荡 (Gap 2.9 < 10),125.592,125.629,2.9,0
1766462940.2751641,2025-12-23 04:09:00,2025-12-23 12:09:00,BarData,125.647,0,0.0,0.0,186.816525,0.0,❌ 震荡 (Gap 1.4 < 10),125.647,125.630,1.4,0
1766463000.456119,2025-12-23 04:10:00,2025-12-23 12:10:00,BarData,125.817,0,0.0,0.0,186.816525,0.0,✅ 触发交易,125.817,125.636,14.4,1
1766463004.468976,2025-12-23 04:10:04,2025-12-23 12:10:04,Strategy_Open,125.817,1.0,0,1.0,186.838525,0.0,Strategy_Signal,125.817,125.636,14.4,1
1766463060.3965535,2025-12-23 04:11:00,2025-12-23 12:11:00,BarData,125.912,0,1.0,1.0,186.910525,0.0,✅ 触发交易,125.912,125.645,21.2,1
1766463120.671631,2025-12-23 04:12:00,2025-12-23 12:12:00,BarData,125.879,0,1.0,1.0,186.875525,0.0,✅ 触发交易,125.879,125.652,18.0,1
1766463180.3763342,2025-12-23 04:13:00,2025-12-23 12:13:00,BarData,125.799,0,1.0,1.0,186.83552500000002,0.0,✅ 触发交易,125.799,125.657,11.3,1
1766463240.243198,2025-12-23 04:14:00,2025-12-23 12:14:00,BarData,125.745,0,1.0,1.0,186.756525,0.0,❌ 震荡 (Gap 6.7 < 10),125.745,125.660,6.7,0
1766463240.9357119,2025-12-23 04:14:00,2025-12-23 12:14:00,PnlRecord,125.745,0,0,0,186.756525,-0.5802031505825342,多,125.745,125.660,6.7,0
1766463241.3687725,2025-12-23 04:14:01,2025-12-23 12:14:01,CloseSignal,125.745,1.0,1.0,0,186.756525,0.0,Strategy_TrendEnd,125.745,125.660,6.7,0
1766463300.248861,2025-12-23 04:15:00,2025-12-23 12:15:00,BarData,125.743,0,0.0,0.0,186.745525,0.0,❌ 震荡 (Gap 6.4 < 10),125.743,125.663,6.4,0
1766463360.2917538,2025-12-23 04:16:00,2025-12-23 12:16:00,BarData,125.705,0,0.0,0.0,186.745525,0.0,❌ 震荡 (Gap 3.2 < 10),125.705,125.664,3.2,0
1766463420.2123027,2025-12-23 04:17:00,2025-12-23 12:17:00,BarData,125.626,0,0.0,0.0,186.745525,0.0,❌ 震荡 (Gap 2.9 < 10),125.626,125.663,2.9,0
1766463480.335285,2025-12-23 04:18:00,2025-12-23 12:18:00,BarData,125.69,0,0.0,0.0,186.745525,0.0,❌ 震荡 (Gap 2.1 < 10),125.690,125.664,2.1,0
1766463540.2452145,2025-12-23 04:19:00,2025-12-23 12:19:00,BarData,125.767,0,0.0,0.0,186.745525,0.0,❌ 震荡 (Gap 7.9 < 10),125.767,125.667,7.9,0
1766463600.6154861,2025-12-23 04:20:00,2025-12-23 12:20:00,BarData,125.782,0,0.0,0.0,186.745525,0.0,❌ 震荡 (Gap 8.8 < 10),125.782,125.671,8.8,0
1766463660.342024,2025-12-23 04:21:00,2025-12-23 12:21:00,BarData,125.752,0,0.0,0.0,186.745525,0.0,❌ 震荡 (Gap 6.2 < 10),125.752,125.674,6.2,0
1766463720.4496095,2025-12-23 04:22:00,2025-12-23 12:22:00,BarData,125.725,0,0.0,0.0,186.745525,0.0,❌ 震荡 (Gap 3.9 < 10),125.725,125.675,3.9,0
1766463780.0785944,2025-12-23 04:23:00,2025-12-23 12:23:00,BarData,125.77,0,0.0,0.0,186.745525,0.0,❌ 震荡 (Gap 7.3 < 10),125.770,125.678,7.3,0
1766463840.4441416,2025-12-23 04:24:00,2025-12-23 12:24:00,BarData,125.812,0,0.0,0.0,186.745525,0.0,✅ 触发交易,125.812,125.683,10.3,1
1766463844.3158412,2025-12-23 04:24:04,2025-12-23 12:24:04,Strategy_Open,125.812,1.0,0,1.0,186.745525,0.0,Strategy_Signal,125.812,125.683,10.3,1
1766463900.567904,2025-12-23 04:25:00,2025-12-23 12:25:00,BarData,125.916,0,1.0,1.0,186.853525,0.0,✅ 触发交易,125.916,125.690,17.9,1
1766463960.6147208,2025-12-23 04:26:00,2025-12-23 12:26:00,BarData,125.845,0,1.0,1.0,186.771525,0.0,✅ 触发交易,125.845,125.696,11.9,1
1766464020.4133508,2025-12-23 04:27:00,2025-12-23 12:27:00,BarData,125.815,0,1.0,1.0,186.745525,0.0,❌ 震荡 (Gap 9.2 < 10),125.815,125.699,9.2,0
1766464021.0852375,2025-12-23 04:27:01,2025-12-23 12:27:01,PnlRecord,125.815,0,0,0,186.745525,-0.039739310125540085,多,125.815,125.699,9.2,0
1766464021.5508292,2025-12-23 04:27:01,2025-12-23 12:27:01,CloseSignal,125.815,1.0,1.0,0,186.745525,0.0,Strategy_TrendEnd,125.815,125.699,9.2,0
1766464080.2400692,2025-12-23 04:28:00,2025-12-23 12:28:00,BarData,125.819,0,0.0,0.0,186.741525,0.0,❌ 震荡 (Gap 9.2 < 10),125.819,125.703,9.2,0
1766464140.440623,2025-12-23 04:29:00,2025-12-23 12:29:00,BarData,125.792,0,0.0,0.0,186.741525,0.0,❌ 震荡 (Gap 6.8 < 10),125.792,125.706,6.8,0
1766464200.400999,2025-12-23 04:30:00,2025-12-23 12:30:00,BarData,125.761,0,0.0,0.0,186.741525,0.0,❌ 震荡 (Gap 4.2 < 10),125.761,125.708,4.2,0
1766464260.5824606,2025-12-23 04:31:00,2025-12-23 12:31:00,BarData,125.714,0,0.0,0.0,186.741525,0.0,❌ 震荡 (Gap 0.5 < 10),125.714,125.708,0.5,0
1766464320.4233377,2025-12-23 04:32:00,2025-12-23 12:32:00,BarData,125.542,0,0.0,0.0,186.741525,0.0,✅ 触发交易,125.542,125.703,12.8,-1
1766464324.4288733,2025-12-23 04:32:04,2025-12-23 12:32:04,Strategy_Open,125.542,1.0,0,-1.0,186.74452499999998,0.0,Strategy_Signal,125.542,125.703,12.8,-1
1766464380.3051171,2025-12-23 04:33:00,2025-12-23 12:33:00,BarData,125.574,0,-1.0,-1.0,186.723525,0.0,❌ 震荡 (Gap 9.9 < 10),125.574,125.699,9.9,0
1766464380.9999173,2025-12-23 04:33:00,2025-12-23 12:33:00,PnlRecord,125.574,0,0,0,186.723525,-0.20709210819763157,空,125.574,125.699,9.9,0
1766464381.355275,2025-12-23 04:33:01,2025-12-23 12:33:01,CloseSignal,125.574,1.0,-1.0,0,186.723525,0.0,Strategy_TrendEnd,125.574,125.699,9.9,0
1766464440.6341896,2025-12-23 04:34:00,2025-12-23 12:34:00,BarData,125.512,0,0.0,0.0,186.718525,0.0,✅ 触发交易,125.512,125.692,14.4,-1
1766464444.62785,2025-12-23 04:34:04,2025-12-23 12:34:04,Strategy_Open,125.512,1.0,0,-1.0,186.715525,0.0,Strategy_Signal,125.512,125.692,14.4,-1
1766464500.3425033,2025-12-23 04:35:00,2025-12-23 12:35:00,BarData,125.607,0,-1.0,-1.0,186.641525,0.0,❌ 震荡 (Gap 6.6 < 10),125.607,125.690,6.6,0
1766464501.020297,2025-12-23 04:35:01,2025-12-23 12:35:01,PnlRecord,125.607,0,0,0,186.641525,-0.669200066920032,空,125.607,125.690,6.6,0
1766464501.3725927,2025-12-23 04:35:01,2025-12-23 12:35:01,CloseSignal,125.607,1.0,-1.0,0,186.641525,0.0,Strategy_TrendEnd,125.607,125.690,6.6,0
1766464560.4344366,2025-12-23 04:36:00,2025-12-23 12:36:00,BarData,125.513,0,0.0,0.0,186.667525,0.0,✅ 触发交易,125.513,125.684,13.6,-1
1766464564.3024292,2025-12-23 04:36:04,2025-12-23 12:36:04,Strategy_Open,125.513,1.0,0,-1.0,186.678525,0.0,Strategy_Signal,125.513,125.684,13.6,-1
1766464620.337302,2025-12-23 04:37:00,2025-12-23 12:37:00,BarData,125.466,0,-1.0,-1.0,186.700525,0.0,✅ 触发交易,125.466,125.677,16.8,-1
1766464680.5450687,2025-12-23 04:38:00,2025-12-23 12:38:00,BarData,125.464,0,-1.0,-1.0,186.707525,0.0,✅ 触发交易,125.464,125.670,16.4,-1
1766464740.59246,2025-12-23 04:39:00,2025-12-23 12:39:00,BarData,125.546,0,-1.0,-1.0,186.62752500000002,0.0,❌ 震荡 (Gap 9.5 < 10),125.546,125.666,9.5,0
1766464741.2805104,2025-12-23 04:39:01,2025-12-23 12:39:01,PnlRecord,125.546,0,0,0,186.62752500000002,-0.2947995761260638,空,125.546,125.666,9.5,0
1766464741.7634113,2025-12-23 04:39:01,2025-12-23 12:39:01,CloseSignal,125.546,1.0,-1.0,0,186.62752500000002,0.0,Strategy_TrendEnd,125.546,125.666,9.5,0
1766464800.6089122,2025-12-23 04:40:00,2025-12-23 12:40:00,BarData,125.556,0,0.0,0.0,186.643525,0.0,❌ 震荡 (Gap 8.5 < 10),125.556,125.662,8.5,0
1766464860.4891555,2025-12-23 04:41:00,2025-12-23 12:41:00,BarData,125.533,0,0.0,0.0,186.643525,0.0,❌ 震荡 (Gap 9.9 < 10),125.533,125.658,9.9,0
1766464920.5127835,2025-12-23 04:42:00,2025-12-23 12:42:00,BarData,125.568,0,0.0,0.0,186.643525,0.0,❌ 震荡 (Gap 6.9 < 10),125.568,125.655,6.9,0
1766464980.5542502,2025-12-23 04:43:00,2025-12-23 12:43:00,BarData,125.497,0,0.0,0.0,186.643525,0.0,✅ 触发交易,125.497,125.650,12.2,-1
1766464984.4277472,2025-12-23 04:43:04,2025-12-23 12:43:04,Strategy_Open,125.497,1.0,0,-1.0,186.642525,0.0,Strategy_Signal,125.497,125.650,12.2,-1
1766465040.3275247,2025-12-23 04:44:00,2025-12-23 12:44:00,BarData,125.567,0,-1.0,-1.0,186.566525,0.0,❌ 震荡 (Gap 6.4 < 10),125.567,125.647,6.4,0
1766465041.0231853,2025-12-23 04:44:01,2025-12-23 12:44:01,PnlRecord,125.567,0,0,0,186.566525,-0.5418369867488813,空,125.567,125.647,6.4,0
1766465041.3854265,2025-12-23 04:44:01,2025-12-23 12:44:01,CloseSignal,125.567,1.0,-1.0,0,186.566525,0.0,Strategy_TrendEnd,125.567,125.647,6.4,0
1766465100.7121255,2025-12-23 04:45:00,2025-12-23 12:45:00,BarData,125.523,0,0.0,0.0,186.580525,0.0,❌ 震荡 (Gap 9.6 < 10),125.523,125.643,9.6,0
1766465160.2015932,2025-12-23 04:46:00,2025-12-23 12:46:00,BarData,125.541,0,0.0,0.0,186.580525,0.0,❌ 震荡 (Gap 7.9 < 10),125.541,125.640,7.9,0
1766465220.3117623,2025-12-23 04:47:00,2025-12-23 12:47:00,BarData,125.588,0,0.0,0.0,186.580525,0.0,❌ 震荡 (Gap 4.0 < 10),125.588,125.638,4.0,0
1766465280.6957471,2025-12-23 04:48:00,2025-12-23 12:48:00,BarData,125.544,0,0.0,0.0,186.580525,0.0,❌ 震荡 (Gap 7.2 < 10),125.544,125.635,7.2,0
1766465340.531323,2025-12-23 04:49:00,2025-12-23 12:49:00,BarData,125.543,0,0.0,0.0,186.580525,0.0,❌ 震荡 (Gap 7.1 < 10),125.543,125.632,7.1,0
1766465400.4198072,2025-12-23 04:50:00,2025-12-23 12:50:00,BarData,125.488,0,0.0,0.0,186.580525,0.0,✅ 触发交易,125.488,125.627,11.1,-1
1766465404.2975495,2025-12-23 04:50:04,2025-12-23 12:50:04,Strategy_Open,125.488,1.0,0,-1.0,186.561525,0.0,Strategy_Signal,125.488,125.627,11.1,-1
1766465460.491829,2025-12-23 04:51:00,2025-12-23 12:51:00,BarData,125.467,0,-1.0,-1.0,186.609525,0.0,✅ 触发交易,125.467,125.622,12.3,-1
1766465520.5730689,2025-12-23 04:52:00,2025-12-23 12:52:00,BarData,125.472,0,-1.0,-1.0,186.582525,0.0,✅ 触发交易,125.472,125.617,11.6,-1
1766465580.4021223,2025-12-23 04:53:00,2025-12-23 12:53:00,BarData,125.342,0,-1.0,-1.0,186.70352499999998,0.0,✅ 触发交易,125.342,125.608,21.2,-1
1766465640.217559,2025-12-23 04:54:00,2025-12-23 12:54:00,BarData,125.418,0,-1.0,-1.0,186.658525,0.0,✅ 触发交易,125.418,125.602,14.6,-1
1766465700.421726,2025-12-23 04:55:00,2025-12-23 12:55:00,BarData,125.436,0,-1.0,-1.0,186.632525,0.0,✅ 触发交易,125.436,125.596,12.8,-1
1766465760.5042927,2025-12-23 04:56:00,2025-12-23 12:56:00,BarData,125.352,0,-1.0,-1.0,186.707525,0.0,✅ 触发交易,125.352,125.588,18.8,-1
1766465820.2629507,2025-12-23 04:57:00,2025-12-23 12:57:00,BarData,125.385,0,-1.0,-1.0,186.710525,0.0,✅ 触发交易,125.385,125.582,15.7,-1
1766465880.2867358,2025-12-23 04:58:00,2025-12-23 12:58:00,BarData,125.439,0,-1.0,-1.0,186.640525,0.0,✅ 触发交易,125.439,125.577,11.0,-1
1766465940.5042322,2025-12-23 04:59:00,2025-12-23 12:59:00,BarData,125.385,0,-1.0,-1.0,186.664525,0.0,✅ 触发交易,125.385,125.571,14.8,-1
1766466000.3031118,2025-12-23 05:00:00,2025-12-23 13:00:00,BarData,125.328,0,-1.0,-1.0,186.717525,0.0,✅ 触发交易,125.328,125.563,18.7,-1
1766466060.192592,2025-12-23 05:01:00,2025-12-23 13:01:00,BarData,125.419,0,-1.0,-1.0,186.636019,0.0,✅ 触发交易,125.419,125.558,11.1,-1
1766466120.2375011,2025-12-23 05:02:00,2025-12-23 13:02:00,BarData,125.361,0,-1.0,-1.0,186.70301899999998,0.0,✅ 触发交易,125.361,125.552,15.2,-1
1766466180.2248578,2025-12-23 05:03:00,2025-12-23 13:03:00,BarData,125.367,0,-1.0,-1.0,186.723019,0.0,✅ 触发交易,125.367,125.545,14.2,-1
1766466240.3293822,2025-12-23 05:04:00,2025-12-23 13:04:00,BarData,125.299,0,-1.0,-1.0,186.724019,0.0,✅ 触发交易,125.299,125.537,19.0,-1
1766466300.6239533,2025-12-23 05:05:00,2025-12-23 13:05:00,BarData,125.182,0,-1.0,-1.0,186.85801899999998,0.0,✅ 触发交易,125.182,125.526,27.5,-1
1766466360.4008646,2025-12-23 05:06:00,2025-12-23 13:06:00,BarData,125.154,0,-1.0,-1.0,186.915019,0.0,✅ 触发交易,125.154,125.514,28.7,-1
1766466420.0975823,2025-12-23 05:07:00,2025-12-23 13:07:00,BarData,125.034,0,-1.0,-1.0,187.03001899999998,0.0,✅ 触发交易,125.034,125.498,37.1,-1
1766466480.4530416,2025-12-23 05:08:00,2025-12-23 13:08:00,BarData,125.081,0,-1.0,-1.0,186.98901899999998,0.0,✅ 触发交易,125.081,125.484,32.2,-1
1766466540.3786829,2025-12-23 05:09:00,2025-12-23 13:09:00,BarData,125.185,0,-1.0,-1.0,186.907019,0.0,✅ 触发交易,125.185,125.474,23.1,-1
1766466600.3175528,2025-12-23 05:10:00,2025-12-23 13:10:00,BarData,125.238,0,-1.0,-1.0,186.79801899999998,0.0,✅ 触发交易,125.238,125.467,18.3,-1
1766466660.6503155,2025-12-23 05:11:00,2025-12-23 13:11:00,BarData,125.127,0,-1.0,-1.0,186.942019,0.0,✅ 触发交易,125.127,125.455,26.3,-1
1766466720.4536176,2025-12-23 05:12:00,2025-12-23 13:12:00,BarData,125.139,0,-1.0,-1.0,186.914019,0.0,✅ 触发交易,125.139,125.445,24.5,-1
1766466780.4250536,2025-12-23 05:13:00,2025-12-23 13:13:00,BarData,125.103,0,-1.0,-1.0,186.96501899999998,0.0,✅ 触发交易,125.103,125.434,26.4,-1
1766466840.4278667,2025-12-23 05:14:00,2025-12-23 13:14:00,BarData,125.123,0,-1.0,-1.0,186.950019,0.0,✅ 触发交易,125.123,125.424,24.0,-1
1766466900.4093714,2025-12-23 05:15:00,2025-12-23 13:15:00,BarData,125.082,0,-1.0,-1.0,187.00101899999999,0.0,✅ 触发交易,125.082,125.412,26.4,-1
1766466960.4328976,2025-12-23 05:16:00,2025-12-23 13:16:00,BarData,125.023,0,-1.0,-1.0,187.058019,0.0,✅ 触发交易,125.023,125.400,30.1,-1
1766467020.5503466,2025-12-23 05:17:00,2025-12-23 13:17:00,BarData,125.106,0,-1.0,-1.0,186.943019,0.0,✅ 触发交易,125.106,125.390,22.7,-1
1766467080.3566551,2025-12-23 05:18:00,2025-12-23 13:18:00,BarData,125.134,0,-1.0,-1.0,186.92301899999998,0.0,✅ 触发交易,125.134,125.382,19.8,-1
1766467140.4751873,2025-12-23 05:19:00,2025-12-23 13:19:00,BarData,125.141,0,-1.0,-1.0,186.921019,0.0,✅ 触发交易,125.141,125.374,18.6,-1
1766467200.4372537,2025-12-23 05:20:00,2025-12-23 13:20:00,BarData,125.113,0,-1.0,-1.0,186.958019,0.0,✅ 触发交易,125.113,125.365,20.2,-1
1766467260.269957,2025-12-23 05:21:00,2025-12-23 13:21:00,BarData,125.152,0,-1.0,-1.0,186.913019,0.0,✅ 触发交易,125.152,125.358,16.5,-1
1766467320.4242463,2025-12-23 05:22:00,2025-12-23 13:22:00,BarData,125.127,0,-1.0,-1.0,186.938019,0.0,✅ 触发交易,125.127,125.351,17.9,-1
1766467380.1888742,2025-12-23 05:23:00,2025-12-23 13:23:00,BarData,125.259,0,-1.0,-1.0,186.832019,0.0,❌ 震荡 (Gap 7.1 < 10),125.259,125.348,7.1,0
1766467380.8684156,2025-12-23 05:23:00,2025-12-23 13:23:00,PnlRecord,125.259,0,0,0,186.832019,1.824875685324487,空,125.259,125.348,7.1,0
1766467381.2213411,2025-12-23 05:23:01,2025-12-23 13:23:01,CloseSignal,125.259,1.0,-1.0,0,186.832019,0.0,Strategy_TrendEnd,125.259,125.348,7.1,0
1766467440.0993865,2025-12-23 05:24:00,2025-12-23 13:24:00,BarData,125.191,0,0.0,0.0,186.80802,0.0,✅ 触发交易,125.191,125.343,12.1,-1
1766467443.9595308,2025-12-23 05:24:03,2025-12-23 13:24:03,Strategy_Open,125.191,1.0,0,-1.0,186.79502,0.0,Strategy_Signal,125.191,125.343,12.1,-1
1766467500.4716709,2025-12-23 05:25:00,2025-12-23 13:25:00,BarData,125.216,0,-1.0,-1.0,186.78602,0.0,❌ 震荡 (Gap 9.8 < 10),125.216,125.338,9.8,0
1766467501.1463625,2025-12-23 05:25:01,2025-12-23 13:25:01,PnlRecord,125.216,0,0,0,186.78602,-0.16773832820800189,空,125.216,125.338,9.8,0
1766467501.5099788,2025-12-23 05:25:01,2025-12-23 13:25:01,CloseSignal,125.216,1.0,-1.0,0,186.78602,0.0,Strategy_TrendEnd,125.216,125.338,9.8,0
1766467560.387819,2025-12-23 05:26:00,2025-12-23 13:26:00,BarData,125.206,0,0.0,0.0,186.78202,0.0,✅ 触发交易,125.206,125.334,10.2,-1
1766467564.275209,2025-12-23 05:26:04,2025-12-23 13:26:04,Strategy_Open,125.206,1.0,0,-1.0,186.77802,0.0,Strategy_Signal,125.206,125.334,10.2,-1
1766467620.639715,2025-12-23 05:27:00,2025-12-23 13:27:00,BarData,125.233,0,-1.0,-1.0,186.73801999999998,0.0,❌ 震荡 (Gap 7.8 < 10),125.233,125.331,7.8,0
1766467621.3193417,2025-12-23 05:27:01,2025-12-23 13:27:01,PnlRecord,125.233,0,0,0,186.73801999999998,-0.23961087194397207,空,125.233,125.331,7.8,0
1766467621.7964597,2025-12-23 05:27:01,2025-12-23 13:27:01,CloseSignal,125.233,1.0,-1.0,0,186.73801999999998,0.0,Strategy_TrendEnd,125.233,125.331,7.8,0
1766467680.3687656,2025-12-23 05:28:00,2025-12-23 13:28:00,BarData,125.228,0,0.0,0.0,186.76802,0.0,❌ 震荡 (Gap 7.9 < 10),125.228,125.327,7.9,0
1766467740.140541,2025-12-23 05:29:00,2025-12-23 13:29:00,BarData,125.224,0,0.0,0.0,186.76802,0.0,❌ 震荡 (Gap 8.0 < 10),125.224,125.324,8.0,0
1766467800.4611266,2025-12-23 05:30:00,2025-12-23 13:30:00,BarData,125.231,0,0.0,0.0,186.76802,0.0,❌ 震荡 (Gap 7.2 < 10),125.231,125.321,7.2,0
1766467860.653244,2025-12-23 05:31:00,2025-12-23 13:31:00,BarData,125.115,0,0.0,0.0,186.76802,0.0,✅ 触发交易,125.115,125.314,15.9,-1
1766467864.5485084,2025-12-23 05:31:04,2025-12-23 13:31:04,Strategy_Open,125.115,1.0,0,-1.0,186.74602000000002,0.0,Strategy_Signal,125.115,125.314,15.9,-1
1766467920.3471017,2025-12-23 05:32:00,2025-12-23 13:32:00,BarData,125.066,0,-1.0,-1.0,186.81202000000002,0.0,✅ 触发交易,125.066,125.306,19.2,-1
1766467980.3141255,2025-12-23 05:33:00,2025-12-23 13:33:00,BarData,124.889,0,-1.0,-1.0,186.94702,0.0,✅ 触发交易,124.889,125.292,32.3,-1
1766468040.4719381,2025-12-23 05:34:00,2025-12-23 13:34:00,BarData,124.737,0,-1.0,-1.0,187.15602,0.0,✅ 触发交易,124.737,125.274,43.1,-1
1766468100.2934597,2025-12-23 05:35:00,2025-12-23 13:35:00,BarData,124.547,0,-1.0,-1.0,187.33702,0.0,✅ 触发交易,124.547,125.250,56.5,-1
1766468160.373564,2025-12-23 05:36:00,2025-12-23 13:36:00,BarData,124.731,0,-1.0,-1.0,187.14402,0.0,✅ 触发交易,124.731,125.233,40.3,-1
1766468220.453565,2025-12-23 05:37:00,2025-12-23 13:37:00,BarData,124.935,0,-1.0,-1.0,186.92802,0.0,✅ 触发交易,124.935,125.224,23.1,-1
1766468280.5340302,2025-12-23 05:38:00,2025-12-23 13:38:00,BarData,124.94,0,-1.0,-1.0,186.99302,0.0,✅ 触发交易,124.940,125.214,21.9,-1
1766468340.1118004,2025-12-23 05:39:00,2025-12-23 13:39:00,BarData,124.953,0,-1.0,-1.0,186.91002,0.0,✅ 触发交易,124.953,125.206,20.2,-1
1766468400.3148823,2025-12-23 05:40:00,2025-12-23 13:40:00,BarData,124.907,0,-1.0,-1.0,186.97602,0.0,✅ 触发交易,124.907,125.196,23.1,-1
1766468460.5267508,2025-12-23 05:41:00,2025-12-23 13:41:00,BarData,124.945,0,-1.0,-1.0,186.92202,0.0,✅ 触发交易,124.945,125.188,19.4,-1
1766468520.4865816,2025-12-23 05:42:00,2025-12-23 13:42:00,BarData,124.968,0,-1.0,-1.0,186.88702,0.0,✅ 触发交易,124.968,125.180,17.0,-1
1766468580.3072507,2025-12-23 05:43:00,2025-12-23 13:43:00,BarData,124.914,0,-1.0,-1.0,186.95502000000002,0.0,✅ 触发交易,124.914,125.172,20.6,-1
1766468640.5096393,2025-12-23 05:44:00,2025-12-23 13:44:00,BarData,124.928,0,-1.0,-1.0,186.94502,0.0,✅ 触发交易,124.928,125.164,18.9,-1
1766468700.0975473,2025-12-23 05:45:00,2025-12-23 13:45:00,BarData,124.943,0,-1.0,-1.0,186.95802,0.0,✅ 触发交易,124.943,125.156,17.1,-1
1766468760.3313608,2025-12-23 05:46:00,2025-12-23 13:46:00,BarData,124.898,0,-1.0,-1.0,186.97102,0.0,✅ 触发交易,124.898,125.148,20.0,-1
1766468820.6485832,2025-12-23 05:47:00,2025-12-23 13:47:00,BarData,124.881,0,-1.0,-1.0,186.98802,0.0,✅ 触发交易,124.881,125.139,20.7,-1
1766468880.3314219,2025-12-23 05:48:00,2025-12-23 13:48:00,BarData,124.941,0,-1.0,-1.0,186.93202,0.0,✅ 触发交易,124.941,125.133,15.3,-1
1766468940.0987868,2025-12-23 05:49:00,2025-12-23 13:49:00,BarData,124.935,0,-1.0,-1.0,186.92102,0.0,✅ 触发交易,124.935,125.126,15.3,-1
1766469000.128976,2025-12-23 05:50:00,2025-12-23 13:50:00,BarData,124.967,0,-1.0,-1.0,186.92202,0.0,✅ 触发交易,124.967,125.121,12.3,-1
1766469060.1513126,2025-12-23 05:51:00,2025-12-23 13:51:00,BarData,125.015,0,-1.0,-1.0,186.85502,0.0,❌ 震荡 (Gap 8.2 < 10),125.015,125.118,8.2,0
1766469061.028801,2025-12-23 05:51:01,2025-12-23 13:51:01,PnlRecord,125.015,0,0,0,186.85502,0.7193957076056385,空,125.015,125.118,8.2,0
1766469061.387991,2025-12-23 05:51:01,2025-12-23 13:51:01,CloseSignal,125.015,1.0,-1.0,0,186.85502,0.0,Strategy_TrendEnd,125.015,125.118,8.2,0
1766469120.4325898,2025-12-23 05:52:00,2025-12-23 13:52:00,BarData,125.029,0,0.0,0.0,186.84902,0.0,❌ 震荡 (Gap 6.9 < 10),125.029,125.115,6.9,0
1766469180.3572006,2025-12-23 05:53:00,2025-12-23 13:53:00,BarData,125.056,0,0.0,0.0,186.84902,0.0,❌ 震荡 (Gap 4.5 < 10),125.056,125.113,4.5,0
1766469240.4653625,2025-12-23 05:54:00,2025-12-23 13:54:00,BarData,125.052,0,0.0,0.0,186.84902,0.0,❌ 震荡 (Gap 4.7 < 10),125.052,125.111,4.7,0
1766469300.3533826,2025-12-23 05:55:00,2025-12-23 13:55:00,BarData,125.072,0,0.0,0.0,186.84902,0.0,❌ 震荡 (Gap 3.0 < 10),125.072,125.109,3.0,0
1766469360.370453,2025-12-23 05:56:00,2025-12-23 13:56:00,BarData,125.068,0,0.0,0.0,186.84902,0.0,❌ 震荡 (Gap 3.2 < 10),125.068,125.108,3.2,0
1766469420.1392994,2025-12-23 05:57:00,2025-12-23 13:57:00,BarData,125.074,0,0.0,0.0,186.84902,0.0,❌ 震荡 (Gap 2.6 < 10),125.074,125.107,2.6,0
1766469480.278925,2025-12-23 05:58:00,2025-12-23 13:58:00,BarData,125.015,0,0.0,0.0,186.84902,0.0,❌ 震荡 (Gap 7.1 < 10),125.015,125.104,7.1,0
1766469540.448361,2025-12-23 05:59:00,2025-12-23 13:59:00,BarData,125.005,0,0.0,0.0,186.84902,0.0,❌ 震荡 (Gap 7.7 < 10),125.005,125.101,7.7,0
1766469600.4894993,2025-12-23 06:00:00,2025-12-23 14:00:00,BarData,124.907,0,0.0,0.0,186.84902,0.0,✅ 触发交易,124.907,125.094,15.0,-1
1766469604.36352,2025-12-23 06:00:04,2025-12-23 14:00:04,Strategy_Open,124.907,1.0,0,-1.0,186.876254,0.0,Strategy_Signal,124.907,125.094,15.0,-1
1766469660.571166,2025-12-23 06:01:00,2025-12-23 14:01:00,BarData,124.78,0,-1.0,-1.0,186.90525399999999,0.0,✅ 触发交易,124.780,125.084,24.4,-1
1766469720.4508312,2025-12-23 06:02:00,2025-12-23 14:02:00,BarData,124.838,0,-1.0,-1.0,186.879254,0.0,✅ 触发交易,124.838,125.076,19.1,-1
1766469780.2808568,2025-12-23 06:03:00,2025-12-23 14:03:00,BarData,124.834,0,-1.0,-1.0,186.85725399999998,0.0,✅ 触发交易,124.834,125.068,18.8,-1
1766469820.2068849,2025-12-23 06:03:40,2025-12-23 14:03:40,SL,125.004,1.0,-1.0,0.0,186.700254,0.0,🛡️ 止损 (-1.11%),124.834,125.068,18.8,-1
1766469820.2071831,2025-12-23 06:03:40,2025-12-23 14:03:40,PnlRecord,125.004,0,0,0,186.757254,-1.1132022584391945,空,124.834,125.068,18.8,-1
1766469840.249506,2025-12-23 06:04:00,2025-12-23 14:04:00,BarData,124.994,0,0.0,0.0,186.700254,0.0,❌ 震荡 (Gap 5.7 < 10),124.994,125.066,5.7,0
1766469900.1722434,2025-12-23 06:05:00,2025-12-23 14:05:00,BarData,124.908,0,0.0,0.0,186.700254,0.0,✅ 触发交易,124.908,125.060,12.2,-1
1766469904.0424619,2025-12-23 06:05:04,2025-12-23 14:05:04,Strategy_Open,124.908,1.0,0,-1.0,186.704254,0.0,Strategy_Signal,124.908,125.060,12.2,-1
1766469942.6874063,2025-12-23 06:05:42,2025-12-23 14:05:42,SL,125.035,1.0,-1.0,0.0,186.574254,0.0,🛡️ 止损 (-1.11%),124.908,125.060,12.2,-1
1766469942.6877315,2025-12-23 06:05:42,2025-12-23 14:05:42,PnlRecord,125.035,0,0,0,186.596254,-1.1129259543940222,空,124.908,125.060,12.2,-1
1766469960.7095034,2025-12-23 06:06:00,2025-12-23 14:06:00,BarData,125.041,0,0.0,0.0,186.574254,0.0,❌ 震荡 (Gap 1.5 < 10),125.041,125.060,1.5,0
1766470020.3968632,2025-12-23 06:07:00,2025-12-23 14:07:00,BarData,125.088,0,0.0,0.0,186.574254,0.0,❌ 震荡 (Gap 2.2 < 10),125.088,125.061,2.2,0
1766470080.1480148,2025-12-23 06:08:00,2025-12-23 14:08:00,BarData,125.128,0,0.0,0.0,186.574254,0.0,❌ 震荡 (Gap 5.2 < 10),125.128,125.063,5.2,0
1766470140.402484,2025-12-23 06:09:00,2025-12-23 14:09:00,BarData,124.979,0,0.0,0.0,186.574254,0.0,❌ 震荡 (Gap 6.5 < 10),124.979,125.060,6.5,0
1766470200.4191568,2025-12-23 06:10:00,2025-12-23 14:10:00,BarData,124.944,0,0.0,0.0,186.574254,0.0,❌ 震荡 (Gap 9.0 < 10),124.944,125.056,9.0,0
1766470260.3192112,2025-12-23 06:11:00,2025-12-23 14:11:00,BarData,124.812,0,0.0,0.0,186.574254,0.0,✅ 触发交易,124.812,125.048,18.9,-1
1766470264.340472,2025-12-23 06:11:04,2025-12-23 14:11:04,Strategy_Open,124.812,1.0,0,-1.0,186.572254,0.0,Strategy_Signal,124.812,125.048,18.9,-1
1766470320.4409287,2025-12-23 06:12:00,2025-12-23 14:12:00,BarData,124.738,0,-1.0,-1.0,186.63125399999998,0.0,✅ 触发交易,124.738,125.038,24.1,-1
1766470380.3723943,2025-12-23 06:13:00,2025-12-23 14:13:00,BarData,124.688,0,-1.0,-1.0,186.713254,0.0,✅ 触发交易,124.688,125.027,27.2,-1
1766470440.2367773,2025-12-23 06:14:00,2025-12-23 14:14:00,BarData,124.72,0,-1.0,-1.0,186.606254,0.0,✅ 触发交易,124.720,125.017,23.8,-1
1766470500.170233,2025-12-23 06:15:00,2025-12-23 14:15:00,BarData,124.694,0,-1.0,-1.0,186.64325399999998,0.0,✅ 触发交易,124.694,125.006,25.0,-1
1766470560.3665392,2025-12-23 06:16:00,2025-12-23 14:16:00,BarData,124.685,0,-1.0,-1.0,186.706254,0.0,✅ 触发交易,124.685,124.996,24.9,-1
1766470620.1259208,2025-12-23 06:17:00,2025-12-23 14:17:00,BarData,124.568,0,-1.0,-1.0,186.772254,0.0,✅ 触发交易,124.568,124.982,33.2,-1
1766470680.265493,2025-12-23 06:18:00,2025-12-23 14:18:00,BarData,124.363,0,-1.0,-1.0,186.991254,0.0,✅ 触发交易,124.363,124.961,48.1,-1
1766470740.5822802,2025-12-23 06:19:00,2025-12-23 14:19:00,BarData,124.441,0,-1.0,-1.0,186.971254,0.0,✅ 触发交易,124.441,124.944,40.4,-1
1766470800.4684052,2025-12-23 06:20:00,2025-12-23 14:20:00,BarData,124.278,0,-1.0,-1.0,187.094254,0.0,✅ 触发交易,124.278,124.922,51.8,-1
1766470860.228122,2025-12-23 06:21:00,2025-12-23 14:21:00,BarData,124.383,0,-1.0,-1.0,186.985254,0.0,✅ 触发交易,124.383,124.905,41.9,-1
1766470920.184455,2025-12-23 06:22:00,2025-12-23 14:22:00,BarData,124.359,0,-1.0,-1.0,187.001254,0.0,✅ 触发交易,124.359,124.887,42.4,-1
1766470980.1798,2025-12-23 06:23:00,2025-12-23 14:23:00,BarData,124.286,0,-1.0,-1.0,187.094254,0.0,✅ 触发交易,124.286,124.867,46.8,-1
1766471040.184938,2025-12-23 06:24:00,2025-12-23 14:24:00,BarData,124.345,0,-1.0,-1.0,187.100254,0.0,✅ 触发交易,124.345,124.850,40.6,-1
1766471091.661576,2025-12-23 06:24:51,2025-12-23 14:24:51,TP,124.18,1.0,-1.0,0.0,187.179254,0.0,🚀 止盈 (+5.02%),124.345,124.850,40.6,-1
1766471091.6619077,2025-12-23 06:24:51,2025-12-23 14:24:51,PnlRecord,124.18,0,0,0,187.160254,5.023756680314368,空,124.345,124.850,40.6,-1
1766471100.1278093,2025-12-23 06:25:00,2025-12-23 14:25:00,BarData,124.22,0,0.0,0.0,187.179254,0.0,✅ 触发交易,124.220,124.829,49.1,-1
1766471103.994636,2025-12-23 06:25:03,2025-12-23 14:25:03,Strategy_Open,124.22,1.0,0,-1.0,187.151254,0.0,Strategy_Signal,124.220,124.829,49.1,-1
1766471160.5774183,2025-12-23 06:26:00,2025-12-23 14:26:00,BarData,124.182,0,-1.0,-1.0,187.228254,0.0,✅ 触发交易,124.182,124.808,50.4,-1
1766471220.327598,2025-12-23 06:27:00,2025-12-23 14:27:00,BarData,124.327,0,-1.0,-1.0,187.068254,0.0,✅ 触发交易,124.327,124.792,37.4,-1
1766471225.4681995,2025-12-23 06:27:05,2025-12-23 14:27:05,SL,124.344,1.0,-1.0,0.0,187.043254,0.0,🛡️ 止损 (-1.06%),124.327,124.792,37.4,-1
1766471225.4684932,2025-12-23 06:27:05,2025-12-23 14:27:05,PnlRecord,124.344,0,0,0,187.068254,-1.0626992561104465,空,124.327,124.792,37.4,-1
1766471280.751125,2025-12-23 06:28:00,2025-12-23 14:28:00,BarData,124.391,0,0.0,0.0,187.043254,0.0,✅ 触发交易,124.391,124.779,31.2,-1
1766471284.6085017,2025-12-23 06:28:04,2025-12-23 14:28:04,Strategy_Open,124.391,1.0,0,-1.0,187.03549999999998,0.0,Strategy_Signal,124.391,124.779,31.2,-1
1766471340.2972832,2025-12-23 06:29:00,2025-12-23 14:29:00,BarData,124.328,0,-1.0,-1.0,187.11749999999998,0.0,✅ 触发交易,124.328,124.764,35.1,-1
1766471400.227571,2025-12-23 06:30:00,2025-12-23 14:30:00,BarData,124.251,0,-1.0,-1.0,187.15449999999998,0.0,✅ 触发交易,124.251,124.748,40.0,-1
1766471460.7209725,2025-12-23 06:31:00,2025-12-23 14:31:00,BarData,124.202,0,-1.0,-1.0,187.1965,0.0,✅ 触发交易,124.202,124.730,42.5,-1
1766471520.1500697,2025-12-23 06:32:00,2025-12-23 14:32:00,BarData,124.164,0,-1.0,-1.0,187.3045,0.0,✅ 触发交易,124.164,124.711,44.1,-1
1766471580.5222626,2025-12-23 06:33:00,2025-12-23 14:33:00,BarData,124.331,0,-1.0,-1.0,187.1045,0.0,✅ 触发交易,124.331,124.699,29.6,-1
1766471640.499218,2025-12-23 06:34:00,2025-12-23 14:34:00,BarData,124.3,0,-1.0,-1.0,187.1345,0.0,✅ 触发交易,124.300,124.686,31.0,-1
1766471700.6569185,2025-12-23 06:35:00,2025-12-23 14:35:00,BarData,124.351,0,-1.0,-1.0,187.0625,0.0,✅ 触发交易,124.351,124.675,26.0,-1
1766471760.251585,2025-12-23 06:36:00,2025-12-23 14:36:00,BarData,124.389,0,-1.0,-1.0,187.06949999999998,0.0,✅ 触发交易,124.389,124.665,22.2,-1
1766471820.5181544,2025-12-23 06:37:00,2025-12-23 14:37:00,BarData,124.313,0,-1.0,-1.0,187.1045,0.0,✅ 触发交易,124.313,124.654,27.4,-1
1766471880.543225,2025-12-23 06:38:00,2025-12-23 14:38:00,BarData,124.255,0,-1.0,-1.0,187.1855,0.0,✅ 触发交易,124.255,124.641,31.0,-1
1766471940.6668892,2025-12-23 06:39:00,2025-12-23 14:39:00,BarData,124.285,0,-1.0,-1.0,187.15449999999998,0.0,✅ 触发交易,124.285,124.629,27.7,-1
1766472000.3257837,2025-12-23 06:40:00,2025-12-23 14:40:00,BarData,124.338,0,-1.0,-1.0,187.1445,0.0,✅ 触发交易,124.338,124.619,22.6,-1
1766472060.562609,2025-12-23 06:41:00,2025-12-23 14:41:00,BarData,124.277,0,-1.0,-1.0,187.19449999999998,0.0,✅ 触发交易,124.277,124.608,26.6,-1
1766472120.1832685,2025-12-23 06:42:00,2025-12-23 14:42:00,BarData,124.395,0,-1.0,-1.0,187.06349999999998,0.0,✅ 触发交易,124.395,124.601,16.6,-1
1766472180.2741072,2025-12-23 06:43:00,2025-12-23 14:43:00,BarData,124.468,0,-1.0,-1.0,186.9545,0.0,✅ 触发交易,124.468,124.597,10.4,-1
1766472214.5739143,2025-12-23 06:43:34,2025-12-23 14:43:34,SL,124.527,1.0,-1.0,0.0,186.9185,0.0,🛡️ 止损 (-1.00%),124.468,124.597,10.4,-1
1766472214.5742223,2025-12-23 06:43:34,2025-12-23 14:43:34,PnlRecord,124.527,0,0,0,186.9255,-1.0048069966720794,空,124.468,124.597,10.4,-1
1766472240.320137,2025-12-23 06:44:00,2025-12-23 14:44:00,BarData,124.524,0,0.0,0.0,186.9185,0.0,❌ 震荡 (Gap 5.7 < 10),124.524,124.594,5.7,0
1766472300.4430892,2025-12-23 06:45:00,2025-12-23 14:45:00,BarData,124.462,0,0.0,0.0,186.9185,0.0,✅ 触发交易,124.462,124.590,10.3,-1
1766472304.3196323,2025-12-23 06:45:04,2025-12-23 14:45:04,Strategy_Open,124.462,1.0,0,-1.0,186.9145,0.0,Strategy_Signal,124.462,124.590,10.3,-1
1766472360.460156,2025-12-23 06:46:00,2025-12-23 14:46:00,BarData,124.489,0,-1.0,-1.0,186.8935,0.0,❌ 震荡 (Gap 7.9 < 10),124.489,124.587,7.9,0
1766472361.140607,2025-12-23 06:46:01,2025-12-23 14:46:01,PnlRecord,124.489,0,0,0,186.8935,-0.11247238401293437,空,124.489,124.587,7.9,0
1766472361.6141446,2025-12-23 06:46:01,2025-12-23 14:46:01,CloseSignal,124.489,1.0,-1.0,0,186.8935,0.0,Strategy_TrendEnd,124.489,124.587,7.9,0
1766472420.272321,2025-12-23 06:47:00,2025-12-23 14:47:00,BarData,124.45,0,0.0,0.0,186.8965,0.0,✅ 触发交易,124.450,124.582,10.6,-1
1766472424.1378953,2025-12-23 06:47:04,2025-12-23 14:47:04,Strategy_Open,124.45,1.0,0,-1.0,186.8905,0.0,Strategy_Signal,124.450,124.582,10.6,-1
1766472480.087918,2025-12-23 06:48:00,2025-12-23 14:48:00,BarData,124.387,0,-1.0,-1.0,186.9225,0.0,✅ 触发交易,124.387,124.576,15.2,-1
1766472540.2932365,2025-12-23 06:49:00,2025-12-23 14:49:00,BarData,124.351,0,-1.0,-1.0,186.9655,0.0,✅ 触发交易,124.351,124.569,17.5,-1
1766472600.4228754,2025-12-23 06:50:00,2025-12-23 14:50:00,BarData,124.292,0,-1.0,-1.0,187.0485,0.0,✅ 触发交易,124.292,124.559,21.5,-1
1766472660.2510586,2025-12-23 06:51:00,2025-12-23 14:51:00,BarData,124.395,0,-1.0,-1.0,186.9395,0.0,✅ 触发交易,124.395,124.554,12.8,-1
1766472720.423467,2025-12-23 06:52:00,2025-12-23 14:52:00,BarData,124.325,0,-1.0,-1.0,187.0415,0.0,✅ 触发交易,124.325,124.547,17.8,-1
1766472780.4860804,2025-12-23 06:53:00,2025-12-23 14:53:00,BarData,124.36,0,-1.0,-1.0,186.9805,0.0,✅ 触发交易,124.360,124.540,14.5,-1
1766472840.082227,2025-12-23 06:54:00,2025-12-23 14:54:00,BarData,124.53,0,-1.0,-1.0,186.8225,0.0,❌ 震荡 (Gap 0.8 < 10),124.530,124.540,0.8,0
1766472840.7778742,2025-12-23 06:54:00,2025-12-23 14:54:00,PnlRecord,124.53,0,0,0,186.8225,-0.6910738966924763,空,124.530,124.540,0.8,0
1766472841.131841,2025-12-23 06:54:01,2025-12-23 14:54:01,CloseSignal,124.53,1.0,-1.0,0,186.8225,0.0,Strategy_TrendEnd,124.530,124.540,0.8,0
1766472900.2014472,2025-12-23 06:55:00,2025-12-23 14:55:00,BarData,124.55,0,0.0,0.0,186.8125,0.0,❌ 震荡 (Gap 0.8 < 10),124.550,124.540,0.8,0
1766472960.422927,2025-12-23 06:56:00,2025-12-23 14:56:00,BarData,124.443,0,0.0,0.0,186.8125,0.0,❌ 震荡 (Gap 7.6 < 10),124.443,124.537,7.6,0
1766473020.5246098,2025-12-23 06:57:00,2025-12-23 14:57:00,BarData,124.51,0,0.0,0.0,186.8125,0.0,❌ 震荡 (Gap 2.1 < 10),124.510,124.536,2.1,0
1766473080.204888,2025-12-23 06:58:00,2025-12-23 14:58:00,BarData,124.377,0,0.0,0.0,186.8125,0.0,✅ 触发交易,124.377,124.531,12.4,-1
1766473084.0829182,2025-12-23 06:58:04,2025-12-23 14:58:04,Strategy_Open,124.377,1.0,0,-1.0,186.8045,0.0,Strategy_Signal,124.377,124.531,12.4,-1
1766473140.4978862,2025-12-23 06:59:00,2025-12-23 14:59:00,BarData,124.252,0,-1.0,-1.0,186.9085,0.0,✅ 触发交易,124.252,124.522,21.7,-1
1766473200.2942865,2025-12-23 07:00:00,2025-12-23 15:00:00,BarData,124.272,0,-1.0,-1.0,186.8895,0.0,✅ 触发交易,124.272,124.514,19.5,-1
1766473260.3314598,2025-12-23 07:01:00,2025-12-23 15:01:00,BarData,124.274,0,-1.0,-1.0,186.79351,0.0,✅ 触发交易,124.274,124.506,18.7,-1
1766473320.412752,2025-12-23 07:02:00,2025-12-23 15:02:00,BarData,124.39,0,-1.0,-1.0,186.80651,0.0,❌ 震荡 (Gap 9.0 < 10),124.390,124.502,9.0,0
1766473321.1017995,2025-12-23 07:02:01,2025-12-23 15:02:01,PnlRecord,124.39,0,0,0,186.80651,-0.27340860111298226,空,124.390,124.502,9.0,0
1766473321.4687386,2025-12-23 07:02:01,2025-12-23 15:02:01,CloseSignal,124.39,1.0,-1.0,0,186.80651,0.0,Strategy_TrendEnd,124.390,124.502,9.0,0
1766473380.5926738,2025-12-23 07:03:00,2025-12-23 15:03:00,BarData,124.337,0,0.0,0.0,186.814511,0.0,✅ 触发交易,124.337,124.497,12.8,-1
1766473384.4962783,2025-12-23 07:03:04,2025-12-23 15:03:04,Strategy_Open,124.337,1.0,0,-1.0,186.80551100000002,0.0,Strategy_Signal,124.337,124.497,12.8,-1
1766473440.581371,2025-12-23 07:04:00,2025-12-23 15:04:00,BarData,124.349,0,-1.0,-1.0,186.791511,0.0,✅ 触发交易,124.349,124.492,11.5,-1
1766473500.0893283,2025-12-23 07:05:00,2025-12-23 15:05:00,BarData,124.434,0,-1.0,-1.0,186.725511,0.0,❌ 震荡 (Gap 4.5 < 10),124.434,124.490,4.5,0
1766473500.8243906,2025-12-23 07:05:00,2025-12-23 15:05:00,PnlRecord,124.434,0,0,0,186.725511,-0.8042852317145294,空,124.434,124.490,4.5,0
1766473501.1871803,2025-12-23 07:05:01,2025-12-23 15:05:01,CloseSignal,124.434,1.0,-1.0,0,186.725511,0.0,Strategy_TrendEnd,124.434,124.490,4.5,0
1766473560.4218614,2025-12-23 07:06:00,2025-12-23 15:06:00,BarData,124.492,0,0.0,0.0,186.718511,0.0,❌ 震荡 (Gap 0.2 < 10),124.492,124.490,0.2,0
1766473620.6518068,2025-12-23 07:07:00,2025-12-23 15:07:00,BarData,124.527,0,0.0,0.0,186.718511,0.0,❌ 震荡 (Gap 2.9 < 10),124.527,124.491,2.9,0
1766473680.384912,2025-12-23 07:08:00,2025-12-23 15:08:00,BarData,124.468,0,0.0,0.0,186.718511,0.0,❌ 震荡 (Gap 1.8 < 10),124.468,124.490,1.8,0
1766473740.2700665,2025-12-23 07:09:00,2025-12-23 15:09:00,BarData,124.462,0,0.0,0.0,186.718511,0.0,❌ 震荡 (Gap 2.2 < 10),124.462,124.490,2.2,0
1766473800.616326,2025-12-23 07:10:00,2025-12-23 15:10:00,BarData,124.43,0,0.0,0.0,186.718511,0.0,❌ 震荡 (Gap 4.6 < 10),124.430,124.488,4.6,0
1766473860.1438859,2025-12-23 07:11:00,2025-12-23 15:11:00,BarData,124.313,0,0.0,0.0,186.718511,0.0,✅ 触发交易,124.313,124.482,13.6,-1
1766473863.9995153,2025-12-23 07:11:03,2025-12-23 15:11:03,Strategy_Open,124.313,1.0,0,-1.0,186.713511,0.0,Strategy_Signal,124.313,124.482,13.6,-1
1766473920.3559783,2025-12-23 07:12:00,2025-12-23 15:12:00,BarData,124.257,0,-1.0,-1.0,186.71451100000002,0.0,✅ 触发交易,124.257,124.474,17.5,-1
1766473980.3099148,2025-12-23 07:13:00,2025-12-23 15:13:00,BarData,123.805,0,-1.0,-1.0,187.218511,0.0,✅ 触发交易,123.805,124.453,52.3,-1
1766474040.6098304,2025-12-23 07:14:00,2025-12-23 15:14:00,BarData,123.853,0,-1.0,-1.0,187.132511,0.0,✅ 触发交易,123.853,124.433,46.8,-1
1766474100.3707387,2025-12-23 07:15:00,2025-12-23 15:15:00,BarData,123.908,0,-1.0,-1.0,187.11951100000002,0.0,✅ 触发交易,123.908,124.416,41.0,-1
1766474160.2290816,2025-12-23 07:16:00,2025-12-23 15:16:00,BarData,123.748,0,-1.0,-1.0,187.237511,0.0,✅ 触发交易,123.748,124.394,52.2,-1
1766474220.3496673,2025-12-23 07:17:00,2025-12-23 15:17:00,BarData,123.759,0,-1.0,-1.0,187.205511,0.0,✅ 触发交易,123.759,124.373,49.6,-1
1766474280.3212907,2025-12-23 07:18:00,2025-12-23 15:18:00,BarData,123.77,0,-1.0,-1.0,187.204511,0.0,✅ 触发交易,123.770,124.353,47.1,-1
1766474340.4559593,2025-12-23 07:19:00,2025-12-23 15:19:00,BarData,123.762,0,-1.0,-1.0,187.204511,0.0,✅ 触发交易,123.762,124.334,46.2,-1
1766474400.3386242,2025-12-23 07:20:00,2025-12-23 15:20:00,BarData,123.855,0,-1.0,-1.0,187.17351100000002,0.0,✅ 触发交易,123.855,124.318,37.4,-1
1766474460.4332387,2025-12-23 07:21:00,2025-12-23 15:21:00,BarData,123.903,0,-1.0,-1.0,187.103511,0.0,✅ 触发交易,123.903,124.305,32.4,-1
1766474520.7436473,2025-12-23 07:22:00,2025-12-23 15:22:00,BarData,124.072,0,-1.0,-1.0,186.921511,0.0,✅ 触发交易,124.072,124.297,18.1,-1
1766474580.4139478,2025-12-23 07:23:00,2025-12-23 15:23:00,BarData,124.194,0,-1.0,-1.0,186.807511,0.0,❌ 震荡 (Gap 8.0 < 10),124.194,124.294,8.0,0
1766474581.1088448,2025-12-23 07:23:01,2025-12-23 15:23:01,PnlRecord,124.194,0,0,0,186.807511,0.7965050324636445,空,124.194,124.294,8.0,0
1766474581.5181794,2025-12-23 07:23:01,2025-12-23 15:23:01,CloseSignal,124.194,1.0,-1.0,0,186.807511,0.0,Strategy_TrendEnd,124.194,124.294,8.0,0
1766474640.5125988,2025-12-23 07:24:00,2025-12-23 15:24:00,BarData,124.254,0,0.0,0.0,186.795511,0.0,❌ 震荡 (Gap 3.1 < 10),124.254,124.292,3.1,0
1766474700.4044642,2025-12-23 07:25:00,2025-12-23 15:25:00,BarData,124.185,0,0.0,0.0,186.795511,0.0,❌ 震荡 (Gap 8.4 < 10),124.185,124.289,8.4,0
1766474760.1064706,2025-12-23 07:26:00,2025-12-23 15:26:00,BarData,124.226,0,0.0,0.0,186.795511,0.0,❌ 震荡 (Gap 4.9 < 10),124.226,124.287,4.9,0
1766474820.3619783,2025-12-23 07:27:00,2025-12-23 15:27:00,BarData,124.171,0,0.0,0.0,186.795511,0.0,❌ 震荡 (Gap 9.0 < 10),124.171,124.283,9.0,0
1766474880.504676,2025-12-23 07:28:00,2025-12-23 15:28:00,BarData,124.18,0,0.0,0.0,186.795511,0.0,❌ 震荡 (Gap 8.0 < 10),124.180,124.279,8.0,0
1766474940.5044596,2025-12-23 07:29:00,2025-12-23 15:29:00,BarData,124.195,0,0.0,0.0,186.795511,0.0,❌ 震荡 (Gap 6.6 < 10),124.195,124.277,6.6,0
1766475000.501289,2025-12-23 07:30:00,2025-12-23 15:30:00,BarData,124.222,0,0.0,0.0,186.795511,0.0,❌ 震荡 (Gap 4.3 < 10),124.222,124.275,4.3,0
1766475060.4352374,2025-12-23 07:31:00,2025-12-23 15:31:00,BarData,124.258,0,0.0,0.0,186.795511,0.0,❌ 震荡 (Gap 1.3 < 10),124.258,124.274,1.3,0
1766475120.2596729,2025-12-23 07:32:00,2025-12-23 15:32:00,BarData,124.311,0,0.0,0.0,186.795511,0.0,❌ 震荡 (Gap 2.9 < 10),124.311,124.276,2.9,0
1766475180.0817595,2025-12-23 07:33:00,2025-12-23 15:33:00,BarData,124.334,0,0.0,0.0,186.795511,0.0,❌ 震荡 (Gap 4.5 < 10),124.334,124.277,4.5,0
1766475240.1981418,2025-12-23 07:34:00,2025-12-23 15:34:00,BarData,124.352,0,0.0,0.0,186.795511,0.0,❌ 震荡 (Gap 5.8 < 10),124.352,124.280,5.8,0
1766475300.4125464,2025-12-23 07:35:00,2025-12-23 15:35:00,BarData,124.352,0,0.0,0.0,186.795511,0.0,❌ 震荡 (Gap 5.6 < 10),124.352,124.282,5.6,0
1766475360.501911,2025-12-23 07:36:00,2025-12-23 15:36:00,BarData,124.407,0,0.0,0.0,186.795511,0.0,❌ 震荡 (Gap 9.7 < 10),124.407,124.286,9.7,0
1766475420.0988731,2025-12-23 07:37:00,2025-12-23 15:37:00,BarData,124.331,0,0.0,0.0,186.795511,0.0,❌ 震荡 (Gap 3.5 < 10),124.331,124.288,3.5,0
1766475480.5103307,2025-12-23 07:38:00,2025-12-23 15:38:00,BarData,124.251,0,0.0,0.0,186.795511,0.0,❌ 震荡 (Gap 2.9 < 10),124.251,124.287,2.9,0
1766475540.5806246,2025-12-23 07:39:00,2025-12-23 15:39:00,BarData,124.063,0,0.0,0.0,186.795511,0.0,✅ 触发交易,124.063,124.279,17.4,-1
1766475544.5196767,2025-12-23 07:39:04,2025-12-23 15:39:04,Strategy_Open,124.063,1.0,0,-1.0,186.781511,0.0,Strategy_Signal,124.063,124.279,17.4,-1
1766475600.1272738,2025-12-23 07:40:00,2025-12-23 15:40:00,BarData,124.045,0,-1.0,-1.0,186.823511,0.0,✅ 触发交易,124.045,124.272,18.3,-1
1766475660.4297488,2025-12-23 07:41:00,2025-12-23 15:41:00,BarData,124.147,0,-1.0,-1.0,186.704511,0.0,❌ 震荡 (Gap 9.7 < 10),124.147,124.268,9.7,0
1766475661.1158082,2025-12-23 07:41:01,2025-12-23 15:41:01,PnlRecord,124.147,0,0,0,186.704511,-0.628682426714191,空,124.147,124.268,9.7,0
1766475661.4792228,2025-12-23 07:41:01,2025-12-23 15:41:01,CloseSignal,124.147,1.0,-1.0,0,186.704511,0.0,Strategy_TrendEnd,124.147,124.268,9.7,0
1766475720.5364733,2025-12-23 07:42:00,2025-12-23 15:42:00,BarData,124.169,0,0.0,0.0,186.694511,0.0,❌ 震荡 (Gap 7.7 < 10),124.169,124.264,7.7,0
1766475780.4698572,2025-12-23 07:43:00,2025-12-23 15:43:00,BarData,124.158,0,0.0,0.0,186.694511,0.0,❌ 震荡 (Gap 8.3 < 10),124.158,124.261,8.3,0
1766475840.2572396,2025-12-23 07:44:00,2025-12-23 15:44:00,BarData,124.1,0,0.0,0.0,186.694511,0.0,✅ 触发交易,124.100,124.256,12.5,-1
1766475844.139331,2025-12-23 07:44:04,2025-12-23 15:44:04,Strategy_Open,124.1,1.0,0,-1.0,186.692511,0.0,Strategy_Signal,124.100,124.256,12.5,-1
1766475900.3016136,2025-12-23 07:45:00,2025-12-23 15:45:00,BarData,124.105,0,-1.0,-1.0,186.689511,0.0,✅ 触发交易,124.105,124.251,11.7,-1
1766475960.4913,2025-12-23 07:46:00,2025-12-23 15:46:00,BarData,124.119,0,-1.0,-1.0,186.68551100000002,0.0,✅ 触发交易,124.119,124.246,10.3,-1
1766476020.5320811,2025-12-23 07:47:00,2025-12-23 15:47:00,BarData,124.116,0,-1.0,-1.0,186.68551100000002,0.0,✅ 触发交易,124.116,124.242,10.2,-1
1766476080.478316,2025-12-23 07:48:00,2025-12-23 15:48:00,BarData,124.135,0,-1.0,-1.0,186.68551100000002,0.0,❌ 震荡 (Gap 8.3 < 10),124.135,124.239,8.3,0
1766476081.1675756,2025-12-23 07:48:01,2025-12-23 15:48:01,PnlRecord,124.135,0,0,0,186.68551100000002,-0.19337528502712015,空,124.135,124.239,8.3,0
1766476081.5555456,2025-12-23 07:48:01,2025-12-23 15:48:01,CloseSignal,124.135,1.0,-1.0,0,186.68551100000002,0.0,Strategy_TrendEnd,124.135,124.239,8.3,0
1766476140.6316743,2025-12-23 07:49:00,2025-12-23 15:49:00,BarData,124.111,0,0.0,0.0,186.666511,0.0,❌ 震荡 (Gap 9.9 < 10),124.111,124.234,9.9,0
1766476200.2788513,2025-12-23 07:50:00,2025-12-23 15:50:00,BarData,124.173,0,0.0,0.0,186.666511,0.0,❌ 震荡 (Gap 4.8 < 10),124.173,124.232,4.8,0
1766476260.3084104,2025-12-23 07:51:00,2025-12-23 15:51:00,BarData,124.239,0,0.0,0.0,186.666511,0.0,❌ 震荡 (Gap 0.5 < 10),124.239,124.233,0.5,0
1766476320.5685868,2025-12-23 07:52:00,2025-12-23 15:52:00,BarData,124.348,0,0.0,0.0,186.666511,0.0,❌ 震荡 (Gap 9.0 < 10),124.348,124.236,9.0,0
1766476380.2891834,2025-12-23 07:53:00,2025-12-23 15:53:00,BarData,124.363,0,0.0,0.0,186.666511,0.0,❌ 震荡 (Gap 9.9 < 10),124.363,124.240,9.9,0
1766476440.2979982,2025-12-23 07:54:00,2025-12-23 15:54:00,BarData,124.369,0,0.0,0.0,186.666511,0.0,❌ 震荡 (Gap 10.0 < 10),124.369,124.245,10.0,0
1766476500.552303,2025-12-23 07:55:00,2025-12-23 15:55:00,BarData,124.22,0,0.0,0.0,186.666511,0.0,❌ 震荡 (Gap 1.9 < 10),124.220,124.244,1.9,0
1766476560.2494035,2025-12-23 07:56:00,2025-12-23 15:56:00,BarData,124.17,0,0.0,0.0,186.666511,0.0,❌ 震荡 (Gap 5.8 < 10),124.170,124.241,5.8,0
1766476620.2691844,2025-12-23 07:57:00,2025-12-23 15:57:00,BarData,124.102,0,0.0,0.0,186.666511,0.0,✅ 触发交易,124.102,124.237,10.9,-1
1766476624.1917517,2025-12-23 07:57:04,2025-12-23 15:57:04,Strategy_Open,124.102,1.0,0,-1.0,186.66851100000002,0.0,Strategy_Signal,124.102,124.237,10.9,-1
1766476680.5712328,2025-12-23 07:58:00,2025-12-23 15:58:00,BarData,124.021,0,-1.0,-1.0,186.747511,0.0,✅ 触发交易,124.021,124.230,16.8,-1
1766476740.2348812,2025-12-23 07:59:00,2025-12-23 15:59:00,BarData,124.134,0,-1.0,-1.0,186.648511,0.0,❌ 震荡 (Gap 7.5 < 10),124.134,124.227,7.5,0
1766476740.9080055,2025-12-23 07:59:00,2025-12-23 15:59:00,PnlRecord,124.134,0,0,0,186.648511,-0.25785241172580997,空,124.134,124.227,7.5,0
1766476741.2731073,2025-12-23 07:59:01,2025-12-23 15:59:01,CloseSignal,124.134,1.0,-1.0,0,186.648511,0.0,Strategy_TrendEnd,124.134,124.227,7.5,0
1766476800.2335389,2025-12-23 08:00:00,2025-12-23 16:00:00,BarData,124.132,0,0.0,0.0,186.635511,0.0,❌ 震荡 (Gap 7.4 < 10),124.132,124.224,7.4,0
1766476860.228449,2025-12-23 08:01:00,2025-12-23 16:01:00,BarData,124.122,0,0.0,0.0,186.635511,0.0,❌ 震荡 (Gap 7.9 < 10),124.122,124.220,7.9,0
1766476920.3654046,2025-12-23 08:02:00,2025-12-23 16:02:00,BarData,124.116,0,0.0,0.0,186.635511,0.0,❌ 震荡 (Gap 8.1 < 10),124.116,124.217,8.1,0
1766476980.199766,2025-12-23 08:03:00,2025-12-23 16:03:00,BarData,124.004,0,0.0,0.0,186.635511,0.0,✅ 触发交易,124.004,124.210,16.6,-1
1766476984.086686,2025-12-23 08:03:04,2025-12-23 16:03:04,Strategy_Open,124.004,1.0,0,-1.0,186.62051100000002,0.0,Strategy_Signal,124.004,124.210,16.6,-1
1766477009.0331738,2025-12-23 08:03:29,2025-12-23 16:03:29,SL,124.148,1.0,-1.0,0.0,186.486511,0.0,🛡️ 止损 (-1.20%),124.004,124.210,16.6,-1
1766477009.033477,2025-12-23 08:03:29,2025-12-23 16:03:29,PnlRecord,124.148,0,0,0,186.603511,-1.2016225937306022,空,124.004,124.210,16.6,-1
1766477040.173914,2025-12-23 08:04:00,2025-12-23 16:04:00,BarData,124.014,0,0.0,0.0,186.486511,0.0,✅ 触发交易,124.014,124.203,15.3,-1
1766477044.0466704,2025-12-23 08:04:04,2025-12-23 16:04:04,Strategy_Open,124.014,1.0,0,-1.0,186.48351100000002,0.0,Strategy_Signal,124.014,124.203,15.3,-1
1766477100.3062472,2025-12-23 08:05:00,2025-12-23 16:05:00,BarData,124.049,0,-1.0,-1.0,186.454511,0.0,✅ 触发交易,124.049,124.198,12.0,-1
1766477151.3289971,2025-12-23 08:05:51,2025-12-23 16:05:51,SL,124.149,1.0,-1.0,0.0,186.353511,0.0,🛡️ 止损 (-1.07%),124.049,124.198,12.0,-1
1766477151.329324,2025-12-23 08:05:51,2025-12-23 16:05:51,PnlRecord,124.149,0,0,0,186.41151100000002,-1.0724422655140915,空,124.049,124.198,12.0,-1
1766477160.5327003,2025-12-23 08:06:00,2025-12-23 16:06:00,BarData,124.155,0,0.0,0.0,186.353511,0.0,❌ 震荡 (Gap 3.4 < 10),124.155,124.197,3.4,0
1766477220.204192,2025-12-23 08:07:00,2025-12-23 16:07:00,BarData,124.223,0,0.0,0.0,186.353511,0.0,❌ 震荡 (Gap 2.0 < 10),124.223,124.198,2.0,0
1766477280.5347004,2025-12-23 08:08:00,2025-12-23 16:08:00,BarData,124.21,0,0.0,0.0,186.353511,0.0,❌ 震荡 (Gap 1.0 < 10),124.210,124.198,1.0,0
1766477340.6336324,2025-12-23 08:09:00,2025-12-23 16:09:00,BarData,124.241,0,0.0,0.0,186.353511,0.0,❌ 震荡 (Gap 3.3 < 10),124.241,124.200,3.3,0
1766477400.5208464,2025-12-23 08:10:00,2025-12-23 16:10:00,BarData,124.301,0,0.0,0.0,186.353511,0.0,❌ 震荡 (Gap 7.9 < 10),124.301,124.203,7.9,0
1766477460.5893278,2025-12-23 08:11:00,2025-12-23 16:11:00,BarData,124.304,0,0.0,0.0,186.353511,0.0,❌ 震荡 (Gap 7.9 < 10),124.304,124.206,7.9,0
1766477520.2939463,2025-12-23 08:12:00,2025-12-23 16:12:00,BarData,124.269,0,0.0,0.0,186.353511,0.0,❌ 震荡 (Gap 4.9 < 10),124.269,124.208,4.9,0
1766477580.6546474,2025-12-23 08:13:00,2025-12-23 16:13:00,BarData,124.177,0,0.0,0.0,186.353511,0.0,❌ 震荡 (Gap 2.4 < 10),124.177,124.207,2.4,0
1766477640.5290284,2025-12-23 08:14:00,2025-12-23 16:14:00,BarData,124.182,0,0.0,0.0,186.353511,0.0,❌ 震荡 (Gap 2.0 < 10),124.182,124.206,2.0,0
1766477700.5449536,2025-12-23 08:15:00,2025-12-23 16:15:00,BarData,124.275,0,0.0,0.0,186.353511,0.0,❌ 震荡 (Gap 5.3 < 10),124.275,124.209,5.3,0
1766477760.419156,2025-12-23 08:16:00,2025-12-23 16:16:00,BarData,124.347,0,0.0,0.0,186.353511,0.0,❌ 快线向下,124.347,124.213,10.8,0
1766477820.6119933,2025-12-23 08:17:00,2025-12-23 16:17:00,BarData,124.414,0,0.0,0.0,186.353511,0.0,❌ 快线向下,124.414,124.220,15.6,0
1766477880.2320497,2025-12-23 08:18:00,2025-12-23 16:18:00,BarData,124.509,0,0.0,0.0,186.353511,0.0,❌ 快线向下,124.509,124.229,22.5,0
1766477940.3997302,2025-12-23 08:19:00,2025-12-23 16:19:00,BarData,124.55,0,0.0,0.0,186.353511,0.0,❌ 快线向下,124.550,124.240,24.9,0
1766478000.553164,2025-12-23 08:20:00,2025-12-23 16:20:00,BarData,124.534,0,0.0,0.0,186.353511,0.0,❌ 快线向下,124.534,124.249,22.8,0
1766478060.3858254,2025-12-23 08:21:00,2025-12-23 16:21:00,BarData,124.421,0,0.0,0.0,186.353511,0.0,❌ 快线向下,124.421,124.255,13.3,0
1766478120.3627832,2025-12-23 08:22:00,2025-12-23 16:22:00,BarData,124.423,0,0.0,0.0,186.353511,0.0,❌ 快线向下,124.423,124.261,13.1,0
1766478180.269324,2025-12-23 08:23:00,2025-12-23 16:23:00,BarData,124.432,0,0.0,0.0,186.353511,0.0,❌ 快线向下,124.432,124.266,13.3,0
1766478240.2922952,2025-12-23 08:24:00,2025-12-23 16:24:00,BarData,124.427,0,0.0,0.0,186.353511,0.0,❌ 快线向下,124.427,124.271,12.5,0
1766478300.107163,2025-12-23 08:25:00,2025-12-23 16:25:00,BarData,124.408,0,0.0,0.0,186.353511,0.0,❌ 快线向下,124.408,124.276,10.6,0
1766478360.1989927,2025-12-23 08:26:00,2025-12-23 16:26:00,BarData,124.47,0,0.0,0.0,186.353511,0.0,❌ 快线向下,124.470,124.282,15.1,0
1766478420.2443893,2025-12-23 08:27:00,2025-12-23 16:27:00,BarData,124.452,0,0.0,0.0,186.353511,0.0,❌ 快线向下,124.452,124.288,13.2,0
1766478480.0974956,2025-12-23 08:28:00,2025-12-23 16:28:00,BarData,124.502,0,0.0,0.0,186.353511,0.0,❌ 快线向下,124.502,124.295,16.6,0
1766478540.32187,2025-12-23 08:29:00,2025-12-23 16:29:00,BarData,124.409,0,0.0,0.0,186.353511,0.0,❌ 震荡 (Gap 8.9 < 10),124.409,124.299,8.9,0
1766478600.480775,2025-12-23 08:30:00,2025-12-23 16:30:00,BarData,124.429,0,0.0,0.0,186.353511,0.0,❌ 快线向下,124.429,124.303,10.1,0
1766478660.4379296,2025-12-23 08:31:00,2025-12-23 16:31:00,BarData,124.46,0,0.0,0.0,186.353511,0.0,❌ 快线向下,124.460,124.308,12.2,0
1766478720.3195117,2025-12-23 08:32:00,2025-12-23 16:32:00,BarData,124.465,0,0.0,0.0,186.353511,0.0,❌ 快线向下,124.465,124.313,12.2,0
1766478780.7682,2025-12-23 08:33:00,2025-12-23 16:33:00,BarData,124.47,0,0.0,0.0,186.353511,0.0,❌ 快线向下,124.470,124.318,12.2,0
1766478840.2870054,2025-12-23 08:34:00,2025-12-23 16:34:00,BarData,124.483,0,0.0,0.0,186.353511,0.0,❌ 快线向下,124.483,124.324,12.8,0
1766478900.5533965,2025-12-23 08:35:00,2025-12-23 16:35:00,BarData,124.518,0,0.0,0.0,186.353511,0.0,❌ 快线向下,124.518,124.330,15.1,0
1766478960.6239202,2025-12-23 08:36:00,2025-12-23 16:36:00,BarData,124.529,0,0.0,0.0,186.353511,0.0,❌ 快线向下,124.529,124.337,15.4,0
1766479020.3672373,2025-12-23 08:37:00,2025-12-23 16:37:00,BarData,124.549,0,0.0,0.0,186.353511,0.0,✅ 触发交易,124.549,124.344,16.5,1
1766479024.2730722,2025-12-23 08:37:04,2025-12-23 16:37:04,Strategy_Open,124.549,1.0,0,1.0,186.343511,0.0,Strategy_Signal,124.549,124.344,16.5,1
1766479080.6659358,2025-12-23 08:38:00,2025-12-23 16:38:00,BarData,124.504,0,1.0,1.0,186.301511,0.0,❌ 快线向下,124.504,124.349,12.5,0
1766479081.3589823,2025-12-23 08:38:01,2025-12-23 16:38:01,PnlRecord,124.504,0,0,0,186.301511,-0.4816801001893651,多,124.504,124.349,12.5,0
1766479081.7453508,2025-12-23 08:38:01,2025-12-23 16:38:01,CloseSignal,124.504,1.0,1.0,0,186.301511,0.0,Strategy_TrendEnd,124.504,124.349,12.5,0
1766479140.0934558,2025-12-23 08:39:00,2025-12-23 16:39:00,BarData,124.539,0,0.0,0.0,186.302511,0.0,❌ 快线向下,124.539,124.355,14.8,0
1766479200.1742165,2025-12-23 08:40:00,2025-12-23 16:40:00,BarData,124.505,0,0.0,0.0,186.302511,0.0,❌ 快线向下,124.505,124.360,11.6,0
1766479260.6841817,2025-12-23 08:41:00,2025-12-23 16:41:00,BarData,124.41,0,0.0,0.0,186.302511,0.0,❌ 震荡 (Gap 3.9 < 10),124.410,124.362,3.9,0
1766479320.1505477,2025-12-23 08:42:00,2025-12-23 16:42:00,BarData,124.377,0,0.0,0.0,186.302511,0.0,❌ 震荡 (Gap 1.2 < 10),124.377,124.362,1.2,0
1766479380.1348927,2025-12-23 08:43:00,2025-12-23 16:43:00,BarData,124.385,0,0.0,0.0,186.302511,0.0,❌ 震荡 (Gap 1.8 < 10),124.385,124.363,1.8,0
1766479440.5074072,2025-12-23 08:44:00,2025-12-23 16:44:00,BarData,124.378,0,0.0,0.0,186.302511,0.0,❌ 震荡 (Gap 1.2 < 10),124.378,124.363,1.2,0
1766479500.2953691,2025-12-23 08:45:00,2025-12-23 16:45:00,BarData,124.366,0,0.0,0.0,186.302511,0.0,❌ 震荡 (Gap 0.2 < 10),124.366,124.363,0.2,0
1766479560.4851804,2025-12-23 08:46:00,2025-12-23 16:46:00,BarData,124.298,0,0.0,0.0,186.302511,0.0,❌ 震荡 (Gap 5.1 < 10),124.298,124.361,5.1,0
1766479620.5828385,2025-12-23 08:47:00,2025-12-23 16:47:00,BarData,124.148,0,0.0,0.0,186.302511,0.0,✅ 触发交易,124.148,124.354,16.6,-1
1766479624.4882445,2025-12-23 08:47:04,2025-12-23 16:47:04,Strategy_Open,124.148,1.0,0,-1.0,186.300511,0.0,Strategy_Signal,124.148,124.354,16.6,-1
1766479680.4751623,2025-12-23 08:48:00,2025-12-23 16:48:00,BarData,124.211,0,-1.0,-1.0,186.224511,0.0,✅ 触发交易,124.211,124.350,11.2,-1
1766479740.2155025,2025-12-23 08:49:00,2025-12-23 16:49:00,BarData,124.076,0,-1.0,-1.0,186.36351100000002,0.0,✅ 触发交易,124.076,124.341,21.3,-1
1766479800.163951,2025-12-23 08:50:00,2025-12-23 16:50:00,BarData,124.035,0,-1.0,-1.0,186.407511,0.0,✅ 触发交易,124.035,124.331,23.8,-1
1766479860.216768,2025-12-23 08:51:00,2025-12-23 16:51:00,BarData,124.071,0,-1.0,-1.0,186.35851100000002,0.0,✅ 触发交易,124.071,124.322,20.2,-1
1766479920.6098137,2025-12-23 08:52:00,2025-12-23 16:52:00,BarData,123.971,0,-1.0,-1.0,186.444511,0.0,✅ 触发交易,123.971,124.311,27.4,-1
1766479980.2565506,2025-12-23 08:53:00,2025-12-23 16:53:00,BarData,123.997,0,-1.0,-1.0,186.416511,0.0,✅ 触发交易,123.997,124.300,24.5,-1
1766480040.2336035,2025-12-23 08:54:00,2025-12-23 16:54:00,BarData,124.076,0,-1.0,-1.0,186.37051100000002,0.0,✅ 触发交易,124.076,124.293,17.5,-1
1766480100.4151597,2025-12-23 08:55:00,2025-12-23 16:55:00,BarData,124.089,0,-1.0,-1.0,186.350511,0.0,✅ 触发交易,124.089,124.286,15.9,-1
1766480160.4994261,2025-12-23 08:56:00,2025-12-23 16:56:00,BarData,124.1,0,-1.0,-1.0,186.317511,0.0,✅ 触发交易,124.100,124.280,14.5,-1
1766480220.2576673,2025-12-23 08:57:00,2025-12-23 16:57:00,BarData,124.073,0,-1.0,-1.0,186.361511,0.0,✅ 触发交易,124.073,124.273,16.2,-1
1766480280.0974247,2025-12-23 08:58:00,2025-12-23 16:58:00,BarData,124.015,0,-1.0,-1.0,186.373511,0.0,✅ 触发交易,124.015,124.265,20.2,-1
1766480340.399431,2025-12-23 08:59:00,2025-12-23 16:59:00,BarData,124.064,0,-1.0,-1.0,186.36951100000002,0.0,✅ 触发交易,124.064,124.258,15.7,-1
1766480400.2456396,2025-12-23 09:00:00,2025-12-23 17:00:00,BarData,124.12,0,-1.0,-1.0,186.33351100000002,0.0,✅ 触发交易,124.120,124.254,10.8,-1
1766480460.5180876,2025-12-23 09:01:00,2025-12-23 17:01:00,BarData,124.161,0,-1.0,-1.0,186.28426900000002,0.0,❌ 震荡 (Gap 7.2 < 10),124.161,124.251,7.2,0
1766480461.2186887,2025-12-23 09:01:01,2025-12-23 17:01:01,PnlRecord,124.161,0,0,0,186.28426900000002,-0.18527767484570506,空,124.161,124.251,7.2,0
1766480461.6661682,2025-12-23 09:01:01,2025-12-23 17:01:01,CloseSignal,124.161,1.0,-1.0,0,186.28426900000002,0.0,Strategy_TrendEnd,124.161,124.251,7.2,0
1766480520.5496266,2025-12-23 09:02:00,2025-12-23 17:02:00,BarData,124.197,0,0.0,0.0,186.271269,0.0,❌ 震荡 (Gap 4.2 < 10),124.197,124.249,4.2,0
1766480580.3310504,2025-12-23 09:03:00,2025-12-23 17:03:00,BarData,124.207,0,0.0,0.0,186.271269,0.0,❌ 震荡 (Gap 3.3 < 10),124.207,124.248,3.3,0
1766480640.537797,2025-12-23 09:04:00,2025-12-23 17:04:00,BarData,124.135,0,0.0,0.0,186.271269,0.0,❌ 震荡 (Gap 8.8 < 10),124.135,124.244,8.8,0
1766480700.5232353,2025-12-23 09:05:00,2025-12-23 17:05:00,BarData,124.203,0,0.0,0.0,186.271269,0.0,❌ 震荡 (Gap 3.2 < 10),124.203,124.243,3.2,0
1766480760.4301665,2025-12-23 09:06:00,2025-12-23 17:06:00,BarData,124.212,0,0.0,0.0,186.271269,0.0,❌ 震荡 (Gap 2.4 < 10),124.212,124.242,2.4,0
1766480820.1616704,2025-12-23 09:07:00,2025-12-23 17:07:00,BarData,124.17,0,0.0,0.0,186.271269,0.0,❌ 震荡 (Gap 5.6 < 10),124.170,124.239,5.6,0
1766480880.6998389,2025-12-23 09:08:00,2025-12-23 17:08:00,BarData,124.23,0,0.0,0.0,186.271269,0.0,❌ 震荡 (Gap 0.7 < 10),124.230,124.239,0.7,0
1766480940.1412191,2025-12-23 09:09:00,2025-12-23 17:09:00,BarData,124.252,0,0.0,0.0,186.271269,0.0,❌ 震荡 (Gap 1.0 < 10),124.252,124.239,1.0,0
1766481000.49441,2025-12-23 09:10:00,2025-12-23 17:10:00,BarData,124.243,0,0.0,0.0,186.271269,0.0,❌ 震荡 (Gap 0.3 < 10),124.243,124.239,0.3,0
1766481060.583871,2025-12-23 09:11:00,2025-12-23 17:11:00,BarData,124.272,0,0.0,0.0,186.271269,0.0,❌ 震荡 (Gap 2.5 < 10),124.272,124.241,2.5,0
1766481120.595857,2025-12-23 09:12:00,2025-12-23 17:12:00,BarData,124.224,0,0.0,0.0,186.271269,0.0,❌ 震荡 (Gap 1.3 < 10),124.224,124.240,1.3,0
1766481180.3735561,2025-12-23 09:13:00,2025-12-23 17:13:00,BarData,124.264,0,0.0,0.0,186.271269,0.0,❌ 震荡 (Gap 1.9 < 10),124.264,124.241,1.9,0
1766481240.351944,2025-12-23 09:14:00,2025-12-23 17:14:00,BarData,124.255,0,0.0,0.0,186.271269,0.0,❌ 震荡 (Gap 1.1 < 10),124.255,124.241,1.1,0
1766481300.631514,2025-12-23 09:15:00,2025-12-23 17:15:00,BarData,124.2,0,0.0,0.0,186.271269,0.0,❌ 震荡 (Gap 3.2 < 10),124.200,124.240,3.2,0
1766481360.379578,2025-12-23 09:16:00,2025-12-23 17:16:00,BarData,124.149,0,0.0,0.0,186.271269,0.0,❌ 震荡 (Gap 7.1 < 10),124.149,124.237,7.1,0
1766481420.3049796,2025-12-23 09:17:00,2025-12-23 17:17:00,BarData,124.147,0,0.0,0.0,186.271269,0.0,❌ 震荡 (Gap 7.0 < 10),124.147,124.234,7.0,0
1766481480.1977725,2025-12-23 09:18:00,2025-12-23 17:18:00,BarData,124.264,0,0.0,0.0,186.271269,0.0,❌ 震荡 (Gap 2.3 < 10),124.264,124.235,2.3,0
1766481540.21684,2025-12-23 09:19:00,2025-12-23 17:19:00,BarData,124.31,0,0.0,0.0,186.271269,0.0,❌ 震荡 (Gap 5.8 < 10),124.310,124.237,5.8,0
1766481600.4825983,2025-12-23 09:20:00,2025-12-23 17:20:00,BarData,124.062,0,0.0,0.0,186.271269,0.0,✅ 触发交易,124.062,124.232,13.7,-1
1766481604.3839822,2025-12-23 09:20:04,2025-12-23 17:20:04,Strategy_Open,124.062,1.0,0,-1.0,186.29426899999999,0.0,Strategy_Signal,124.062,124.232,13.7,-1
1766481660.107524,2025-12-23 09:21:00,2025-12-23 17:21:00,BarData,123.952,0,-1.0,-1.0,186.428269,0.0,✅ 触发交易,123.952,124.222,21.8,-1
1766481720.5902936,2025-12-23 09:22:00,2025-12-23 17:22:00,BarData,123.965,0,-1.0,-1.0,186.38926899999998,0.0,✅ 触发交易,123.965,124.214,20.1,-1
1766481780.4428792,2025-12-23 09:23:00,2025-12-23 17:23:00,BarData,124.056,0,-1.0,-1.0,186.29426899999999,0.0,✅ 触发交易,124.056,124.209,12.3,-1
1766481840.5600972,2025-12-23 09:24:00,2025-12-23 17:24:00,BarData,124.101,0,-1.0,-1.0,186.268269,0.0,❌ 震荡 (Gap 8.4 < 10),124.101,124.205,8.4,0
1766481841.3364909,2025-12-23 09:24:01,2025-12-23 17:24:01,PnlRecord,124.101,0,0,0,186.268269,-0.15312454667079398,空,124.101,124.205,8.4,0
1766481841.7316475,2025-12-23 09:24:01,2025-12-23 17:24:01,CloseSignal,124.101,1.0,-1.0,0,186.268269,0.0,Strategy_TrendEnd,124.101,124.205,8.4,0
1766481900.1575482,2025-12-23 09:25:00,2025-12-23 17:25:00,BarData,124.045,0,0.0,0.0,186.255269,0.0,✅ 触发交易,124.045,124.200,12.5,-1
1766481904.0360103,2025-12-23 09:25:04,2025-12-23 17:25:04,Strategy_Open,124.045,1.0,0,-1.0,186.256269,0.0,Strategy_Signal,124.045,124.200,12.5,-1
1766481960.3165593,2025-12-23 09:26:00,2025-12-23 17:26:00,BarData,124.051,0,-1.0,-1.0,186.242269,0.0,✅ 触发交易,124.051,124.195,11.6,-1
1766482020.4343185,2025-12-23 09:27:00,2025-12-23 17:27:00,BarData,124.073,0,-1.0,-1.0,186.228269,0.0,❌ 震荡 (Gap 9.5 < 10),124.073,124.191,9.5,0
1766482021.124373,2025-12-23 09:27:01,2025-12-23 17:27:01,PnlRecord,124.073,0,0,0,186.228269,-0.2902359779742105,空,124.073,124.191,9.5,0
1766482021.4916089,2025-12-23 09:27:01,2025-12-23 17:27:01,CloseSignal,124.073,1.0,-1.0,0,186.228269,0.0,Strategy_TrendEnd,124.073,124.191,9.5,0
1766482080.531467,2025-12-23 09:28:00,2025-12-23 17:28:00,BarData,124.134,0,0.0,0.0,186.188582,0.0,❌ 震荡 (Gap 4.5 < 10),124.134,124.189,4.5,0
1766482140.4489167,2025-12-23 09:29:00,2025-12-23 17:29:00,BarData,124.169,0,0.0,0.0,186.188582,0.0,❌ 震荡 (Gap 1.6 < 10),124.169,124.189,1.6,0
1766482200.1583743,2025-12-23 09:30:00,2025-12-23 17:30:00,BarData,124.189,0,0.0,0.0,186.188582,0.0,❌ 震荡 (Gap 0.0 < 10),124.189,124.189,0.0,0
1766482260.3573284,2025-12-23 09:31:00,2025-12-23 17:31:00,BarData,124.203,0,0.0,0.0,186.188582,0.0,❌ 震荡 (Gap 1.1 < 10),124.203,124.189,1.1,0
1766482320.3722925,2025-12-23 09:32:00,2025-12-23 17:32:00,BarData,124.16,0,0.0,0.0,186.188582,0.0,❌ 震荡 (Gap 2.3 < 10),124.160,124.188,2.3,0
1766482380.1084054,2025-12-23 09:33:00,2025-12-23 17:33:00,BarData,124.311,0,0.0,0.0,186.188582,0.0,❌ 震荡 (Gap 9.6 < 10),124.311,124.192,9.6,0
1766482440.2325933,2025-12-23 09:34:00,2025-12-23 17:34:00,BarData,124.164,0,0.0,0.0,186.188582,0.0,❌ 震荡 (Gap 2.2 < 10),124.164,124.191,2.2,0
1766482500.1642811,2025-12-23 09:35:00,2025-12-23 17:35:00,BarData,124.155,0,0.0,0.0,186.188582,0.0,❌ 震荡 (Gap 2.8 < 10),124.155,124.190,2.8,0
1766482560.311913,2025-12-23 09:36:00,2025-12-23 17:36:00,BarData,124.132,0,0.0,0.0,186.188582,0.0,❌ 震荡 (Gap 4.5 < 10),124.132,124.188,4.5,0
1766482620.178321,2025-12-23 09:37:00,2025-12-23 17:37:00,BarData,124.055,0,0.0,0.0,186.188582,0.0,✅ 触发交易,124.055,124.184,10.4,-1
1766482624.0745912,2025-12-23 09:37:04,2025-12-23 17:37:04,Strategy_Open,124.055,1.0,0,-1.0,186.184582,0.0,Strategy_Signal,124.055,124.184,10.4,-1
1766482680.4785762,2025-12-23 09:38:00,2025-12-23 17:38:00,BarData,124.05,0,-1.0,-1.0,186.192582,0.0,✅ 触发交易,124.050,124.179,10.4,-1
1766482740.2773752,2025-12-23 09:39:00,2025-12-23 17:39:00,BarData,124.039,0,-1.0,-1.0,186.212582,0.0,✅ 触发交易,124.039,124.175,10.9,-1
1766482800.7138932,2025-12-23 09:40:00,2025-12-23 17:40:00,BarData,124.038,0,-1.0,-1.0,186.201582,0.0,✅ 触发交易,124.038,124.170,10.7,-1
1766482860.221605,2025-12-23 09:41:00,2025-12-23 17:41:00,BarData,124.122,0,-1.0,-1.0,186.113582,0.0,❌ 震荡 (Gap 3.8 < 10),124.122,124.169,3.8,0
1766482860.8979635,2025-12-23 09:41:00,2025-12-23 17:41:00,PnlRecord,124.122,0,0,0,186.113582,-0.5804111245465757,空,124.122,124.169,3.8,0
1766482861.3756235,2025-12-23 09:41:01,2025-12-23 17:41:01,CloseSignal,124.122,1.0,-1.0,0,186.113582,0.0,Strategy_TrendEnd,124.122,124.169,3.8,0
1766482920.2457292,2025-12-23 09:42:00,2025-12-23 17:42:00,BarData,124.114,0,0.0,0.0,186.104582,0.0,❌ 震荡 (Gap 4.3 < 10),124.114,124.167,4.3,0
1766482980.4117587,2025-12-23 09:43:00,2025-12-23 17:43:00,BarData,124.141,0,0.0,0.0,186.104582,0.0,❌ 震荡 (Gap 2.0 < 10),124.141,124.166,2.0,0
1766483040.4428318,2025-12-23 09:44:00,2025-12-23 17:44:00,BarData,124.163,0,0.0,0.0,186.104582,0.0,❌ 震荡 (Gap 0.2 < 10),124.163,124.166,0.2,0
1766483100.488102,2025-12-23 09:45:00,2025-12-23 17:45:00,BarData,124.18,0,0.0,0.0,186.104582,0.0,❌ 震荡 (Gap 1.1 < 10),124.180,124.166,1.1,0
1766483160.526397,2025-12-23 09:46:00,2025-12-23 17:46:00,BarData,124.103,0,0.0,0.0,186.104582,0.0,❌ 震荡 (Gap 4.9 < 10),124.103,124.164,4.9,0
1766483220.362141,2025-12-23 09:47:00,2025-12-23 17:47:00,BarData,124.18,0,0.0,0.0,186.104582,0.0,❌ 震荡 (Gap 1.2 < 10),124.180,124.165,1.2,0
1766483280.2240133,2025-12-23 09:48:00,2025-12-23 17:48:00,BarData,124.186,0,0.0,0.0,186.104582,0.0,❌ 震荡 (Gap 1.6 < 10),124.186,124.166,1.6,0
1766483340.8110785,2025-12-23 09:49:00,2025-12-23 17:49:00,BarData,124.149,0,0.0,0.0,186.104582,0.0,❌ 震荡 (Gap 1.3 < 10),124.149,124.165,1.3,0
1766483400.4093523,2025-12-23 09:50:00,2025-12-23 17:50:00,BarData,124.175,0,0.0,0.0,186.104582,0.0,❌ 震荡 (Gap 0.8 < 10),124.175,124.165,0.8,0
1766483460.24628,2025-12-23 09:51:00,2025-12-23 17:51:00,BarData,124.162,0,0.0,0.0,186.104582,0.0,❌ 震荡 (Gap 0.3 < 10),124.162,124.165,0.3,0
1766483520.6545868,2025-12-23 09:52:00,2025-12-23 17:52:00,BarData,124.164,0,0.0,0.0,186.104582,0.0,❌ 震荡 (Gap 0.1 < 10),124.164,124.165,0.1,0
1766483580.7045267,2025-12-23 09:53:00,2025-12-23 17:53:00,BarData,124.175,0,0.0,0.0,186.104582,0.0,❌ 震荡 (Gap 0.8 < 10),124.175,124.166,0.8,0
1766483640.1781557,2025-12-23 09:54:00,2025-12-23 17:54:00,BarData,124.17,0,0.0,0.0,186.104582,0.0,❌ 震荡 (Gap 0.3 < 10),124.170,124.166,0.3,0
1766483700.4000173,2025-12-23 09:55:00,2025-12-23 17:55:00,BarData,124.173,0,0.0,0.0,186.104582,0.0,❌ 震荡 (Gap 0.6 < 10),124.173,124.166,0.6,0
1766483760.3697348,2025-12-23 09:56:00,2025-12-23 17:56:00,BarData,124.111,0,0.0,0.0,186.104582,0.0,❌ 震荡 (Gap 4.3 < 10),124.111,124.164,4.3,0
1766483820.2755477,2025-12-23 09:57:00,2025-12-23 17:57:00,BarData,124.117,0,0.0,0.0,186.104582,0.0,❌ 震荡 (Gap 3.7 < 10),124.117,124.163,3.7,0
1766483880.3519883,2025-12-23 09:58:00,2025-12-23 17:58:00,BarData,124.103,0,0.0,0.0,186.104582,0.0,❌ 震荡 (Gap 4.6 < 10),124.103,124.161,4.6,0
1766483940.4462252,2025-12-23 09:59:00,2025-12-23 17:59:00,BarData,124.114,0,0.0,0.0,186.104582,0.0,❌ 震荡 (Gap 3.6 < 10),124.114,124.159,3.6,0
1766484000.464,2025-12-23 10:00:00,2025-12-23 18:00:00,BarData,124.089,0,0.0,0.0,186.104582,0.0,❌ 震荡 (Gap 5.5 < 10),124.089,124.157,5.5,0
1766484060.3869576,2025-12-23 10:01:00,2025-12-23 18:01:00,BarData,124.086,0,0.0,0.0,186.104582,0.0,❌ 震荡 (Gap 5.5 < 10),124.086,124.154,5.5,0
1766484120.5251403,2025-12-23 10:02:00,2025-12-23 18:02:00,BarData,124.133,0,0.0,0.0,186.104582,0.0,❌ 震荡 (Gap 1.7 < 10),124.133,124.154,1.7,0
1766484180.1424117,2025-12-23 10:03:00,2025-12-23 18:03:00,BarData,124.153,0,0.0,0.0,186.104582,0.0,❌ 震荡 (Gap 0.1 < 10),124.153,124.154,0.1,0
1766484240.38764,2025-12-23 10:04:00,2025-12-23 18:04:00,BarData,124.189,0,0.0,0.0,186.104582,0.0,❌ 震荡 (Gap 2.7 < 10),124.189,124.155,2.7,0
1766484300.335311,2025-12-23 10:05:00,2025-12-23 18:05:00,BarData,124.322,0,0.0,0.0,186.104582,0.0,✅ 触发交易,124.322,124.160,13.0,1
1766484307.3460805,2025-12-23 10:05:07,2025-12-23 18:05:07,Strategy_Open,124.322,1.0,0,1.0,186.116582,0.0,Strategy_Signal,124.322,124.160,13.0,1
1766484360.2813447,2025-12-23 10:06:00,2025-12-23 18:06:00,BarData,124.319,0,1.0,1.0,186.135582,0.0,✅ 触发交易,124.319,124.166,12.3,1
1766484420.249179,2025-12-23 10:07:00,2025-12-23 18:07:00,BarData,124.226,0,1.0,1.0,186.031582,0.0,❌ 震荡 (Gap 4.7 < 10),124.226,124.168,4.7,0
1766484420.936985,2025-12-23 10:07:00,2025-12-23 18:07:00,PnlRecord,124.226,0,0,0,186.031582,-0.5872935421846314,多,124.226,124.168,4.7,0
1766484421.2953033,2025-12-23 10:07:01,2025-12-23 18:07:01,CloseSignal,124.226,1.0,1.0,0,186.031582,0.0,Strategy_TrendEnd,124.226,124.168,4.7,0
1766484480.6158016,2025-12-23 10:08:00,2025-12-23 18:08:00,BarData,124.285,0,0.0,0.0,186.028582,0.0,❌ 震荡 (Gap 9.1 < 10),124.285,124.171,9.1,0
1766484540.4616287,2025-12-23 10:09:00,2025-12-23 18:09:00,BarData,124.211,0,0.0,0.0,186.028582,0.0,❌ 震荡 (Gap 3.1 < 10),124.211,124.173,3.1,0
1766484600.1453178,2025-12-23 10:10:00,2025-12-23 18:10:00,BarData,124.215,0,0.0,0.0,186.028582,0.0,❌ 震荡 (Gap 3.3 < 10),124.215,124.174,3.3,0
1766484660.4524195,2025-12-23 10:11:00,2025-12-23 18:11:00,BarData,124.248,0,0.0,0.0,186.028582,0.0,❌ 震荡 (Gap 5.8 < 10),124.248,124.177,5.8,0
1766484720.219303,2025-12-23 10:12:00,2025-12-23 18:12:00,BarData,124.197,0,0.0,0.0,186.028582,0.0,❌ 震荡 (Gap 1.6 < 10),124.197,124.177,1.6,0
1766484780.2646523,2025-12-23 10:13:00,2025-12-23 18:13:00,BarData,124.168,0,0.0,0.0,186.028582,0.0,❌ 震荡 (Gap 0.7 < 10),124.168,124.177,0.7,0
1766484840.5320926,2025-12-23 10:14:00,2025-12-23 18:14:00,BarData,124.185,0,0.0,0.0,186.028582,0.0,❌ 震荡 (Gap 0.6 < 10),124.185,124.177,0.6,0
1766484900.2135942,2025-12-23 10:15:00,2025-12-23 18:15:00,BarData,124.206,0,0.0,0.0,186.028582,0.0,❌ 震荡 (Gap 2.2 < 10),124.206,124.178,2.2,0
1766484960.4539363,2025-12-23 10:16:00,2025-12-23 18:16:00,BarData,124.188,0,0.0,0.0,186.028582,0.0,❌ 震荡 (Gap 0.8 < 10),124.188,124.178,0.8,0
1766485020.5312219,2025-12-23 10:17:00,2025-12-23 18:17:00,BarData,124.162,0,0.0,0.0,186.028582,0.0,❌ 震荡 (Gap 1.3 < 10),124.162,124.178,1.3,0
1766485080.5790918,2025-12-23 10:18:00,2025-12-23 18:18:00,BarData,124.179,0,0.0,0.0,186.028582,0.0,❌ 震荡 (Gap 0.1 < 10),124.179,124.178,0.1,0
1766485140.5635865,2025-12-23 10:19:00,2025-12-23 18:19:00,BarData,124.209,0,0.0,0.0,186.028582,0.0,❌ 震荡 (Gap 2.4 < 10),124.209,124.179,2.4,0
1766485200.2176552,2025-12-23 10:20:00,2025-12-23 18:20:00,BarData,124.223,0,0.0,0.0,186.028582,0.0,❌ 震荡 (Gap 3.4 < 10),124.223,124.180,3.4,0
1766485260.1469295,2025-12-23 10:21:00,2025-12-23 18:21:00,BarData,124.203,0,0.0,0.0,186.028582,0.0,❌ 震荡 (Gap 1.8 < 10),124.203,124.181,1.8,0
1766485320.1132925,2025-12-23 10:22:00,2025-12-23 18:22:00,BarData,124.236,0,0.0,0.0,186.028582,0.0,❌ 震荡 (Gap 4.3 < 10),124.236,124.183,4.3,0
1766485380.4362814,2025-12-23 10:23:00,2025-12-23 18:23:00,BarData,124.258,0,0.0,0.0,186.028582,0.0,❌ 震荡 (Gap 5.8 < 10),124.258,124.185,5.8,0
1766485440.262469,2025-12-23 10:24:00,2025-12-23 18:24:00,BarData,124.319,0,0.0,0.0,186.028582,0.0,✅ 触发交易,124.319,124.190,10.4,1
1766485444.2311742,2025-12-23 10:24:04,2025-12-23 18:24:04,Strategy_Open,124.319,1.0,0,1.0,186.024582,0.0,Strategy_Signal,124.319,124.190,10.4,1
1766485500.4884887,2025-12-23 10:25:00,2025-12-23 18:25:00,BarData,124.345,0,1.0,1.0,186.040582,0.0,✅ 触发交易,124.345,124.195,12.1,1
1766485560.472232,2025-12-23 10:26:00,2025-12-23 18:26:00,BarData,124.341,0,1.0,1.0,186.038582,0.0,✅ 触发交易,124.341,124.200,11.4,1
1766485620.2524292,2025-12-23 10:27:00,2025-12-23 18:27:00,BarData,124.441,0,1.0,1.0,186.147582,0.0,✅ 触发交易,124.441,124.208,18.8,1
1766485680.3784544,2025-12-23 10:28:00,2025-12-23 18:28:00,BarData,124.42,0,1.0,1.0,186.187582,0.0,✅ 触发交易,124.420,124.215,16.5,1
1766485740.309888,2025-12-23 10:29:00,2025-12-23 18:29:00,BarData,124.397,0,1.0,1.0,186.107582,0.0,✅ 触发交易,124.397,124.221,14.2,1
1766485800.378098,2025-12-23 10:30:00,2025-12-23 18:30:00,BarData,124.409,0,1.0,1.0,186.113582,0.0,✅ 触发交易,124.409,124.227,14.7,1
1766485860.1618803,2025-12-23 10:31:00,2025-12-23 18:31:00,BarData,124.308,0,1.0,1.0,186.006582,0.0,❌ 震荡 (Gap 6.3 < 10),124.308,124.229,6.3,0
1766485860.8361907,2025-12-23 10:31:00,2025-12-23 18:31:00,PnlRecord,124.308,0,0,0,186.006582,-0.13673838729134047,多,124.308,124.229,6.3,0
1766485861.195175,2025-12-23 10:31:01,2025-12-23 18:31:01,CloseSignal,124.308,1.0,1.0,0,186.006582,0.0,Strategy_TrendEnd,124.308,124.229,6.3,0
1766485920.7645094,2025-12-23 10:32:00,2025-12-23 18:32:00,BarData,124.316,0,0.0,0.0,186.024582,0.0,❌ 震荡 (Gap 6.7 < 10),124.316,124.232,6.7,0
1766485980.5538886,2025-12-23 10:33:00,2025-12-23 18:33:00,BarData,124.28,0,0.0,0.0,186.024582,0.0,❌ 震荡 (Gap 3.7 < 10),124.280,124.234,3.7,0
1766486040.1695397,2025-12-23 10:34:00,2025-12-23 18:34:00,BarData,124.312,0,0.0,0.0,186.024582,0.0,❌ 震荡 (Gap 6.1 < 10),124.312,124.236,6.1,0
1766486100.2869427,2025-12-23 10:35:00,2025-12-23 18:35:00,BarData,124.399,0,0.0,0.0,186.024582,0.0,✅ 触发交易,124.399,124.242,12.6,1
1766486104.2058399,2025-12-23 10:35:04,2025-12-23 18:35:04,Strategy_Open,124.399,1.0,0,1.0,186.006582,0.0,Strategy_Signal,124.399,124.242,12.6,1
1766486160.5440195,2025-12-23 10:36:00,2025-12-23 18:36:00,BarData,124.322,0,1.0,1.0,185.947582,0.0,❌ 震荡 (Gap 6.3 < 10),124.322,124.244,6.3,0
1766486161.251577,2025-12-23 10:36:01,2025-12-23 18:36:01,PnlRecord,124.322,0,0,0,185.947582,-0.6671757566014099,多,124.322,124.244,6.3,0
1766486161.6243815,2025-12-23 10:36:01,2025-12-23 18:36:01,CloseSignal,124.322,1.0,1.0,0,185.947582,0.0,Strategy_TrendEnd,124.322,124.244,6.3,0
1766486220.475095,2025-12-23 10:37:00,2025-12-23 18:37:00,BarData,124.408,0,0.0,0.0,185.949582,0.0,✅ 触发交易,124.408,124.250,12.7,1
1766486224.3579211,2025-12-23 10:37:04,2025-12-23 18:37:04,Strategy_Open,124.408,1.0,0,1.0,185.949582,0.0,Strategy_Signal,124.408,124.250,12.7,1
1766486280.4195344,2025-12-23 10:38:00,2025-12-23 18:38:00,BarData,124.409,0,1.0,1.0,185.946582,0.0,✅ 触发交易,124.409,124.255,12.4,1
1766486340.6913114,2025-12-23 10:39:00,2025-12-23 18:39:00,BarData,124.42,0,1.0,1.0,185.955582,0.0,✅ 触发交易,124.420,124.260,12.8,1
1766486400.40443,2025-12-23 10:40:00,2025-12-23 18:40:00,BarData,124.419,0,1.0,1.0,185.948582,0.0,✅ 触发交易,124.419,124.266,12.3,1
1766486460.444898,2025-12-23 10:41:00,2025-12-23 18:41:00,BarData,124.42,0,1.0,1.0,185.97658199999998,0.0,✅ 触发交易,124.420,124.271,12.0,1
1766486520.4890444,2025-12-23 10:42:00,2025-12-23 18:42:00,BarData,124.511,0,1.0,1.0,186.046582,0.0,✅ 触发交易,124.511,124.278,18.7,1
1766486580.2484362,2025-12-23 10:43:00,2025-12-23 18:43:00,BarData,124.524,0,1.0,1.0,186.061582,0.0,✅ 触发交易,124.524,124.287,19.1,1
1766486640.4739041,2025-12-23 10:44:00,2025-12-23 18:44:00,BarData,124.587,0,1.0,1.0,186.12058199999998,0.0,✅ 触发交易,124.587,124.296,23.3,1
1766486700.1213915,2025-12-23 10:45:00,2025-12-23 18:45:00,BarData,124.534,0,1.0,1.0,186.064582,0.0,✅ 触发交易,124.534,124.304,18.5,1
1766486760.5386693,2025-12-23 10:46:00,2025-12-23 18:46:00,BarData,124.499,0,1.0,1.0,186.04258199999998,0.0,✅ 触发交易,124.499,124.311,15.1,1
1766486820.41072,2025-12-23 10:47:00,2025-12-23 18:47:00,BarData,124.625,0,1.0,1.0,186.16758199999998,0.0,✅ 触发交易,124.625,124.321,24.4,1
1766486880.0971723,2025-12-23 10:48:00,2025-12-23 18:48:00,BarData,124.597,0,1.0,1.0,186.152582,0.0,✅ 触发交易,124.597,124.330,21.4,1
1766486940.3844492,2025-12-23 10:49:00,2025-12-23 18:49:00,BarData,124.571,0,1.0,1.0,186.106582,0.0,✅ 触发交易,124.571,124.338,18.7,1
1766487000.4892483,2025-12-23 10:50:00,2025-12-23 18:50:00,BarData,124.614,0,1.0,1.0,186.14358199999998,0.0,✅ 触发交易,124.614,124.347,21.4,1
1766487060.5156949,2025-12-23 10:51:00,2025-12-23 18:51:00,BarData,124.671,0,1.0,1.0,186.196582,0.0,✅ 触发交易,124.671,124.357,25.1,1
1766487120.1091597,2025-12-23 10:52:00,2025-12-23 18:52:00,BarData,124.717,0,1.0,1.0,186.235582,0.0,✅ 触发交易,124.717,124.369,27.9,1
1766487180.5371864,2025-12-23 10:53:00,2025-12-23 18:53:00,BarData,124.75,0,1.0,1.0,186.307582,0.0,✅ 触发交易,124.750,124.382,29.5,1
1766487240.3094227,2025-12-23 10:54:00,2025-12-23 18:54:00,BarData,124.743,0,1.0,1.0,186.28058199999998,0.0,✅ 触发交易,124.743,124.394,28.0,1
1766487300.181155,2025-12-23 10:55:00,2025-12-23 18:55:00,BarData,124.719,0,1.0,1.0,186.252582,0.0,✅ 触发交易,124.719,124.404,25.2,1
1766487360.329896,2025-12-23 10:56:00,2025-12-23 18:56:00,BarData,124.693,0,1.0,1.0,186.22758199999998,0.0,✅ 触发交易,124.693,124.414,22.4,1
1766487420.1778,2025-12-23 10:57:00,2025-12-23 18:57:00,BarData,124.711,0,1.0,1.0,186.228582,0.0,✅ 触发交易,124.711,124.423,23.1,1
1766487480.251547,2025-12-23 10:58:00,2025-12-23 18:58:00,BarData,124.691,0,1.0,1.0,186.249582,0.0,✅ 触发交易,124.691,124.432,20.8,1
1766487540.6379304,2025-12-23 10:59:00,2025-12-23 18:59:00,BarData,124.734,0,1.0,1.0,186.278582,0.0,✅ 触发交易,124.734,124.442,23.4,1
1766487600.4734075,2025-12-23 11:00:00,2025-12-23 19:00:00,BarData,124.741,0,1.0,1.0,186.301582,0.0,✅ 触发交易,124.741,124.452,23.2,1
1766487660.4706495,2025-12-23 11:01:00,2025-12-23 19:01:00,BarData,124.729,0,1.0,1.0,186.282831,0.0,✅ 触发交易,124.729,124.461,21.5,1
1766487720.0848312,2025-12-23 11:02:00,2025-12-23 19:02:00,BarData,124.638,0,1.0,1.0,186.237831,0.0,✅ 触发交易,124.638,124.467,13.7,1
1766487780.3779762,2025-12-23 11:03:00,2025-12-23 19:03:00,BarData,124.745,0,1.0,1.0,186.256831,0.0,✅ 触发交易,124.745,124.476,21.6,1
1766487840.2189891,2025-12-23 11:04:00,2025-12-23 19:04:00,BarData,124.737,0,1.0,1.0,186.277831,0.0,✅ 触发交易,124.737,124.485,20.2,1
1766487900.44863,2025-12-23 11:05:00,2025-12-23 19:05:00,BarData,124.778,0,1.0,1.0,186.296831,0.0,✅ 触发交易,124.778,124.494,22.7,1
1766487960.176756,2025-12-23 11:06:00,2025-12-23 19:06:00,BarData,124.902,0,1.0,1.0,186.419831,0.0,✅ 触发交易,124.902,124.508,31.6,1
1766488020.324379,2025-12-23 11:07:00,2025-12-23 19:07:00,BarData,124.937,0,1.0,1.0,186.51383099999998,0.0,✅ 触发交易,124.937,124.522,33.2,1
1766488080.2404068,2025-12-23 11:08:00,2025-12-23 19:08:00,BarData,125.019,0,1.0,1.0,186.54883099999998,0.0,✅ 触发交易,125.019,124.538,38.5,1
1766488140.1056948,2025-12-23 11:09:00,2025-12-23 19:09:00,BarData,124.847,0,1.0,1.0,186.40683099999998,0.0,✅ 触发交易,124.847,124.548,23.9,1
1766488200.2255874,2025-12-23 11:10:00,2025-12-23 19:10:00,BarData,124.91,0,1.0,1.0,186.44783099999998,0.0,✅ 触发交易,124.910,124.560,28.0,1
1766488260.7090096,2025-12-23 11:11:00,2025-12-23 19:11:00,BarData,124.855,0,1.0,1.0,186.395831,0.0,✅ 触发交易,124.855,124.570,22.9,1
1766488320.098095,2025-12-23 11:12:00,2025-12-23 19:12:00,BarData,124.869,0,1.0,1.0,186.403831,0.0,✅ 触发交易,124.869,124.579,23.2,1
1766488380.6645224,2025-12-23 11:13:00,2025-12-23 19:13:00,BarData,124.849,0,1.0,1.0,186.389831,0.0,✅ 触发交易,124.849,124.588,20.9,1
1766488440.2537768,2025-12-23 11:14:00,2025-12-23 19:14:00,BarData,124.847,0,1.0,1.0,186.407831,0.0,✅ 触发交易,124.847,124.597,20.0,1
1766488500.6781383,2025-12-23 11:15:00,2025-12-23 19:15:00,BarData,124.856,0,1.0,1.0,186.397831,0.0,✅ 触发交易,124.856,124.605,20.1,1
1766488560.0906246,2025-12-23 11:16:00,2025-12-23 19:16:00,BarData,124.839,0,1.0,1.0,186.378831,0.0,✅ 触发交易,124.839,124.613,18.1,1
1766488620.2053914,2025-12-23 11:17:00,2025-12-23 19:17:00,BarData,124.914,0,1.0,1.0,186.475831,0.0,✅ 触发交易,124.914,124.623,23.3,1
1766488680.2501788,2025-12-23 11:18:00,2025-12-23 19:18:00,BarData,124.982,0,1.0,1.0,186.520831,0.0,✅ 触发交易,124.982,124.635,27.8,1
1766488743.4551044,2025-12-23 11:19:03,2025-12-23 19:19:03,TP,125.051,1.0,1.0,0.0,186.588831,0.0,🚀 止盈 (+5.13%),124.982,124.635,27.8,1
1766488743.4557083,2025-12-23 11:19:03,2025-12-23 19:19:03,PnlRecord,125.051,0,0,0,186.54283099999998,5.128081470585913,多,124.982,124.635,27.8,1
1766488746.5197268,2025-12-23 11:19:06,2025-12-23 19:19:06,BarData,125.046,0,0.0,0.0,186.588831,0.0,✅ 触发交易,125.046,124.648,31.8,1
1766488750.047409,2025-12-23 11:19:10,2025-12-23 19:19:10,Strategy_Open,125.046,1.0,0,1.0,186.587831,0.0,Strategy_Signal,125.046,124.648,31.8,1
1766488800.6155941,2025-12-23 11:20:00,2025-12-23 19:20:00,BarData,125.157,0,1.0,1.0,186.656831,0.0,✅ 触发交易,125.157,124.665,39.3,1
1766488860.523395,2025-12-23 11:21:00,2025-12-23 19:21:00,BarData,125.024,0,1.0,1.0,186.589831,0.0,✅ 触发交易,125.024,124.676,27.8,1
1766488920.2204785,2025-12-23 11:22:00,2025-12-23 19:22:00,BarData,125.109,0,1.0,1.0,186.677831,0.0,✅ 触发交易,125.109,124.691,33.4,1
1766488980.2425795,2025-12-23 11:23:00,2025-12-23 19:23:00,BarData,125.058,0,1.0,1.0,186.596831,0.0,✅ 触发交易,125.058,124.703,28.4,1
1766489040.2222667,2025-12-23 11:24:00,2025-12-23 19:24:00,BarData,125.036,0,1.0,1.0,186.607831,0.0,✅ 触发交易,125.036,124.714,25.8,1
1766489100.5111248,2025-12-23 11:25:00,2025-12-23 19:25:00,BarData,124.991,0,1.0,1.0,186.531831,0.0,✅ 触发交易,124.991,124.723,21.5,1
1766489122.1877592,2025-12-23 11:25:22,2025-12-23 19:25:22,SL,124.9,1.0,1.0,0.0,186.437831,0.0,🛡️ 止损 (-1.23%),124.991,124.723,21.5,1
1766489122.1880717,2025-12-23 11:25:22,2025-12-23 19:25:22,PnlRecord,124.9,0,0,0,186.497831,-1.231468005821456,多,124.991,124.723,21.5,1
1766489160.0824347,2025-12-23 11:26:00,2025-12-23 19:26:00,BarData,124.964,0,0.0,0.0,186.437831,0.0,✅ 触发交易,124.964,124.731,18.7,1
1766489163.973639,2025-12-23 11:26:03,2025-12-23 19:26:03,Strategy_Open,124.964,1.0,0,1.0,186.44183099999998,0.0,Strategy_Signal,124.964,124.731,18.7,1
1766489220.3380072,2025-12-23 11:27:00,2025-12-23 19:27:00,BarData,124.852,0,1.0,1.0,186.332831,0.0,❌ 震荡 (Gap 9.4 < 10),124.852,124.735,9.4,0
1766489221.0417454,2025-12-23 11:27:01,2025-12-23 19:27:01,PnlRecord,124.852,0,0,0,186.332831,-0.9202429441372112,多,124.852,124.735,9.4,0
1766489221.4909656,2025-12-23 11:27:01,2025-12-23 19:27:01,CloseSignal,124.852,1.0,1.0,0,186.332831,0.0,Strategy_TrendEnd,124.852,124.735,9.4,0
1766489280.2671306,2025-12-23 11:28:00,2025-12-23 19:28:00,BarData,124.811,0,0.0,0.0,186.315831,0.0,❌ 震荡 (Gap 5.9 < 10),124.811,124.737,5.9,0
1766489340.5466137,2025-12-23 11:29:00,2025-12-23 19:29:00,BarData,124.889,0,0.0,0.0,186.315831,0.0,✅ 触发交易,124.889,124.742,11.8,1
1766489344.5736115,2025-12-23 11:29:04,2025-12-23 19:29:04,Strategy_Open,124.889,1.0,0,1.0,186.305831,0.0,Strategy_Signal,124.889,124.742,11.8,1
1766489400.510633,2025-12-23 11:30:00,2025-12-23 19:30:00,BarData,124.875,0,1.0,1.0,186.279831,0.0,✅ 触发交易,124.875,124.746,10.3,1
1766489460.4902263,2025-12-23 11:31:00,2025-12-23 19:31:00,BarData,124.887,0,1.0,1.0,186.31283100000002,0.0,✅ 触发交易,124.887,124.751,10.9,1
1766489520.4679925,2025-12-23 11:32:00,2025-12-23 19:32:00,BarData,124.825,0,1.0,1.0,186.25883100000001,0.0,❌ 震荡 (Gap 5.7 < 10),124.825,124.753,5.7,0
1766489521.1568527,2025-12-23 11:32:01,2025-12-23 19:32:01,PnlRecord,124.825,0,0,0,186.25883100000001,-0.5124550600933064,多,124.825,124.753,5.7,0
1766489521.6497364,2025-12-23 11:32:01,2025-12-23 19:32:01,CloseSignal,124.825,1.0,1.0,0,186.25883100000001,0.0,Strategy_TrendEnd,124.825,124.753,5.7,0
1766489580.5221348,2025-12-23 11:33:00,2025-12-23 19:33:00,BarData,124.767,0,0.0,0.0,186.244066,0.0,❌ 震荡 (Gap 1.0 < 10),124.767,124.754,1.0,0
1766489640.371985,2025-12-23 11:34:00,2025-12-23 19:34:00,BarData,124.788,0,0.0,0.0,186.244066,0.0,❌ 震荡 (Gap 2.6 < 10),124.788,124.755,2.6,0
1766489700.4764917,2025-12-23 11:35:00,2025-12-23 19:35:00,BarData,124.742,0,0.0,0.0,186.244066,0.0,❌ 震荡 (Gap 1.0 < 10),124.742,124.755,1.0,0
1766489760.617517,2025-12-23 11:36:00,2025-12-23 19:36:00,BarData,124.724,0,0.0,0.0,186.244066,0.0,❌ 震荡 (Gap 2.4 < 10),124.724,124.754,2.4,0
1766489820.2173781,2025-12-23 11:37:00,2025-12-23 19:37:00,BarData,124.754,0,0.0,0.0,186.244066,0.0,❌ 震荡 (Gap 0.0 < 10),124.754,124.754,0.0,0
1766489880.28551,2025-12-23 11:38:00,2025-12-23 19:38:00,BarData,124.729,0,0.0,0.0,186.244066,0.0,❌ 震荡 (Gap 1.9 < 10),124.729,124.753,1.9,0
1766489940.3210158,2025-12-23 11:39:00,2025-12-23 19:39:00,BarData,124.699,0,0.0,0.0,186.244066,0.0,❌ 震荡 (Gap 4.2 < 10),124.699,124.751,4.2,0
1766490000.5613556,2025-12-23 11:40:00,2025-12-23 19:40:00,BarData,124.725,0,0.0,0.0,186.244066,0.0,❌ 震荡 (Gap 2.0 < 10),124.725,124.750,2.0,0
1766490060.712414,2025-12-23 11:41:00,2025-12-23 19:41:00,BarData,124.814,0,0.0,0.0,186.244066,0.0,❌ 震荡 (Gap 4.9 < 10),124.814,124.752,4.9,0
1766490120.2322204,2025-12-23 11:42:00,2025-12-23 19:42:00,BarData,124.837,0,0.0,0.0,186.244066,0.0,❌ 震荡 (Gap 6.6 < 10),124.837,124.755,6.6,0
1766490180.0817635,2025-12-23 11:43:00,2025-12-23 19:43:00,BarData,124.859,0,0.0,0.0,186.244066,0.0,❌ 震荡 (Gap 8.1 < 10),124.859,124.758,8.1,0
1766490240.3541698,2025-12-23 11:44:00,2025-12-23 19:44:00,BarData,124.812,0,0.0,0.0,186.244066,0.0,❌ 震荡 (Gap 4.1 < 10),124.812,124.760,4.1,0
1766490300.3884687,2025-12-23 11:45:00,2025-12-23 19:45:00,BarData,124.91,0,0.0,0.0,186.244066,0.0,✅ 触发交易,124.910,124.765,11.6,1
1766490304.2775264,2025-12-23 11:45:04,2025-12-23 19:45:04,Strategy_Open,124.91,1.0,0,1.0,186.215066,0.0,Strategy_Signal,124.910,124.765,11.6,1
1766490360.5029557,2025-12-23 11:46:00,2025-12-23 19:46:00,BarData,124.964,0,1.0,1.0,186.293066,0.0,✅ 触发交易,124.964,124.772,15.4,1
1766490420.4022014,2025-12-23 11:47:00,2025-12-23 19:47:00,BarData,124.951,0,1.0,1.0,186.280066,0.0,✅ 触发交易,124.951,124.778,13.9,1
1766490480.3056426,2025-12-23 11:48:00,2025-12-23 19:48:00,BarData,124.965,0,1.0,1.0,186.310066,0.0,✅ 触发交易,124.965,124.784,14.5,1
1766490540.4971192,2025-12-23 11:49:00,2025-12-23 19:49:00,BarData,124.91,0,1.0,1.0,186.239066,0.0,❌ 震荡 (Gap 9.8 < 10),124.910,124.788,9.8,0
1766490541.1906693,2025-12-23 11:49:01,2025-12-23 19:49:01,PnlRecord,124.91,0,0,0,186.239066,-0.0400272185086632,多,124.910,124.788,9.8,0
1766490541.8036413,2025-12-23 11:49:01,2025-12-23 19:49:01,CloseSignal,124.91,1.0,1.0,0,186.239066,0.0,Strategy_TrendEnd,124.910,124.788,9.8,0
1766490600.457192,2025-12-23 11:50:00,2025-12-23 19:50:00,BarData,124.91,0,0.0,0.0,186.228066,0.0,❌ 震荡 (Gap 9.5 < 10),124.910,124.792,9.5,0
1766490660.447585,2025-12-23 11:51:00,2025-12-23 19:51:00,BarData,124.853,0,0.0,0.0,186.228066,0.0,❌ 震荡 (Gap 4.7 < 10),124.853,124.794,4.7,0
1766490720.4066515,2025-12-23 11:52:00,2025-12-23 19:52:00,BarData,124.846,0,0.0,0.0,186.228066,0.0,❌ 震荡 (Gap 4.0 < 10),124.846,124.796,4.0,0
1766490780.6123474,2025-12-23 11:53:00,2025-12-23 19:53:00,BarData,124.843,0,0.0,0.0,186.228066,0.0,❌ 震荡 (Gap 3.7 < 10),124.843,124.797,3.7,0
1766490840.271671,2025-12-23 11:54:00,2025-12-23 19:54:00,BarData,124.872,0,0.0,0.0,186.228066,0.0,❌ 震荡 (Gap 5.8 < 10),124.872,124.800,5.8,0
1766490900.323238,2025-12-23 11:55:00,2025-12-23 19:55:00,BarData,124.894,0,0.0,0.0,186.228066,0.0,❌ 震荡 (Gap 7.3 < 10),124.894,124.803,7.3,0
1766490960.1375086,2025-12-23 11:56:00,2025-12-23 19:56:00,BarData,124.926,0,0.0,0.0,186.228066,0.0,❌ 震荡 (Gap 9.5 < 10),124.926,124.807,9.5,0
1766491020.0810115,2025-12-23 11:57:00,2025-12-23 19:57:00,BarData,124.862,0,0.0,0.0,186.228066,0.0,❌ 震荡 (Gap 4.3 < 10),124.862,124.809,4.3,0
1766491080.432375,2025-12-23 11:58:00,2025-12-23 19:58:00,BarData,124.838,0,0.0,0.0,186.228066,0.0,❌ 震荡 (Gap 2.3 < 10),124.838,124.809,2.3,0
1766491140.4458666,2025-12-23 11:59:00,2025-12-23 19:59:00,BarData,124.82,0,0.0,0.0,186.228066,0.0,❌ 震荡 (Gap 0.8 < 10),124.820,124.810,0.8,0
1766491200.2220423,2025-12-23 12:00:00,2025-12-23 20:00:00,BarData,124.79,0,0.0,0.0,186.228066,0.0,❌ 震荡 (Gap 1.5 < 10),124.790,124.809,1.5,0
1766491260.4512389,2025-12-23 12:01:00,2025-12-23 20:01:00,BarData,124.632,0,0.0,0.0,186.228066,0.0,❌ 快线向上,124.632,124.803,13.8,0
1766491320.179786,2025-12-23 12:02:00,2025-12-23 20:02:00,BarData,124.585,0,0.0,0.0,186.228066,0.0,✅ 触发交易,124.585,124.796,17.0,-1
1766491324.0504274,2025-12-23 12:02:04,2025-12-23 20:02:04,Strategy_Open,124.585,1.0,0,-1.0,186.22306600000002,0.0,Strategy_Signal,124.585,124.796,17.0,-1
1766491380.5267477,2025-12-23 12:03:00,2025-12-23 20:03:00,BarData,124.513,0,-1.0,-1.0,186.31406600000003,0.0,✅ 触发交易,124.513,124.787,22.0,-1
1766491440.6529021,2025-12-23 12:04:00,2025-12-23 20:04:00,BarData,124.582,0,-1.0,-1.0,186.30006600000002,0.0,✅ 触发交易,124.582,124.780,15.9,-1
1766491500.426687,2025-12-23 12:05:00,2025-12-23 20:05:00,BarData,124.537,0,-1.0,-1.0,186.293066,0.0,✅ 触发交易,124.537,124.772,18.9,-1
1766491560.6214488,2025-12-23 12:06:00,2025-12-23 20:06:00,BarData,124.662,0,-1.0,-1.0,186.15806600000002,0.0,❌ 震荡 (Gap 8.6 < 10),124.662,124.769,8.6,0
1766491561.3342137,2025-12-23 12:06:01,2025-12-23 20:06:01,PnlRecord,124.662,0,0,0,186.15806600000002,-0.5377422850034694,空,124.662,124.769,8.6,0
1766491561.83712,2025-12-23 12:06:01,2025-12-23 20:06:01,CloseSignal,124.662,1.0,-1.0,0,186.15806600000002,0.0,Strategy_TrendEnd,124.662,124.769,8.6,0
1766491620.5799105,2025-12-23 12:07:00,2025-12-23 20:07:00,BarData,124.661,0,0.0,0.0,186.147066,0.0,❌ 震荡 (Gap 8.3 < 10),124.661,124.765,8.3,0
1766491680.3910482,2025-12-23 12:08:00,2025-12-23 20:08:00,BarData,124.697,0,0.0,0.0,186.147066,0.0,❌ 震荡 (Gap 5.3 < 10),124.697,124.763,5.3,0
1766491740.5811203,2025-12-23 12:09:00,2025-12-23 20:09:00,BarData,124.74,0,0.0,0.0,186.147066,0.0,❌ 震荡 (Gap 1.8 < 10),124.740,124.762,1.8,0
1766491800.3577204,2025-12-23 12:10:00,2025-12-23 20:10:00,BarData,124.799,0,0.0,0.0,186.147066,0.0,❌ 震荡 (Gap 2.9 < 10),124.799,124.763,2.9,0
1766491860.545652,2025-12-23 12:11:00,2025-12-23 20:11:00,BarData,124.69,0,0.0,0.0,186.147066,0.0,❌ 震荡 (Gap 5.7 < 10),124.690,124.761,5.7,0
1766491920.5511732,2025-12-23 12:12:00,2025-12-23 20:12:00,BarData,124.672,0,0.0,0.0,186.147066,0.0,❌ 震荡 (Gap 6.9 < 10),124.672,124.758,6.9,0
1766491980.7085161,2025-12-23 12:13:00,2025-12-23 20:13:00,BarData,124.64,0,0.0,0.0,186.147066,0.0,❌ 震荡 (Gap 9.2 < 10),124.640,124.754,9.2,0
1766492040.2549145,2025-12-23 12:14:00,2025-12-23 20:14:00,BarData,124.632,0,0.0,0.0,186.147066,0.0,❌ 震荡 (Gap 9.5 < 10),124.632,124.750,9.5,0
1766492100.514311,2025-12-23 12:15:00,2025-12-23 20:15:00,BarData,124.614,0,0.0,0.0,186.147066,0.0,❌ 快线向上,124.614,124.746,10.6,0
1766492160.5875986,2025-12-23 12:16:00,2025-12-23 20:16:00,BarData,124.526,0,0.0,0.0,186.147066,0.0,✅ 触发交易,124.526,124.738,17.1,-1
1766492164.4756186,2025-12-23 12:16:04,2025-12-23 20:16:04,Strategy_Open,124.526,1.0,0,-1.0,186.159066,0.0,Strategy_Signal,124.526,124.738,17.1,-1
1766492220.161065,2025-12-23 12:17:00,2025-12-23 20:17:00,BarData,124.454,0,-1.0,-1.0,186.232066,0.0,✅ 触发交易,124.454,124.729,22.1,-1
1766492280.4900916,2025-12-23 12:18:00,2025-12-23 20:18:00,BarData,124.251,0,-1.0,-1.0,186.47206599999998,0.0,✅ 触发交易,124.251,124.713,37.2,-1
1766492340.1998441,2025-12-23 12:19:00,2025-12-23 20:19:00,BarData,124.227,0,-1.0,-1.0,186.47206599999998,0.0,✅ 触发交易,124.227,124.698,37.9,-1
1766492400.5127602,2025-12-23 12:20:00,2025-12-23 20:20:00,BarData,124.047,0,-1.0,-1.0,186.66206599999998,0.0,✅ 触发交易,124.047,124.676,50.7,-1
1766492460.534752,2025-12-23 12:21:00,2025-12-23 20:21:00,BarData,124.082,0,-1.0,-1.0,186.65006599999998,0.0,✅ 触发交易,124.082,124.657,46.3,-1
1766492480.6359384,2025-12-23 12:21:20,2025-12-23 20:21:20,TP,123.915,1.0,-1.0,0.0,186.706066,0.0,🚀 止盈 (+5.03%),124.082,124.657,46.3,-1
1766492480.6362665,2025-12-23 12:21:20,2025-12-23 20:21:20,PnlRecord,123.915,0,0,0,186.711066,5.034446210916762,空,124.082,124.657,46.3,-1
1766492520.5395803,2025-12-23 12:22:00,2025-12-23 20:22:00,BarData,123.91,0,0.0,0.0,186.706066,0.0,✅ 触发交易,123.910,124.632,58.3,-1
1766492524.4798355,2025-12-23 12:22:04,2025-12-23 20:22:04,Strategy_Open,123.91,1.0,0,-1.0,186.703066,0.0,Strategy_Signal,123.910,124.632,58.3,-1
1766492580.3562446,2025-12-23 12:23:00,2025-12-23 20:23:00,BarData,124.027,0,-1.0,-1.0,186.611066,0.0,✅ 触发交易,124.027,124.612,47.2,-1
1766492587.2186365,2025-12-23 12:23:07,2025-12-23 20:23:07,SL,124.082,1.0,-1.0,0.0,186.548814,0.0,🛡️ 止损 (-1.09%),124.027,124.612,47.2,-1
1766492587.2189598,2025-12-23 12:23:07,2025-12-23 20:23:07,PnlRecord,124.082,0,0,0,186.611066,-1.0891752119856948,空,124.027,124.612,47.2,-1
1766492640.101977,2025-12-23 12:24:00,2025-12-23 20:24:00,BarData,124.216,0,0.0,0.0,186.548814,0.0,✅ 触发交易,124.216,124.599,30.9,-1
1766492644.1014206,2025-12-23 12:24:04,2025-12-23 20:24:04,Strategy_Open,124.216,1.0,0,-1.0,186.537814,0.0,Strategy_Signal,124.216,124.599,30.9,-1
1766492700.3004944,2025-12-23 12:25:00,2025-12-23 20:25:00,BarData,124.246,0,-1.0,-1.0,186.494814,0.0,✅ 触发交易,124.246,124.588,27.5,-1
1766492760.3314874,2025-12-23 12:26:00,2025-12-23 20:26:00,BarData,124.183,0,-1.0,-1.0,186.55781399999998,0.0,✅ 触发交易,124.183,124.575,31.5,-1
1766492820.3706236,2025-12-23 12:27:00,2025-12-23 20:27:00,BarData,124.201,0,-1.0,-1.0,186.537814,0.0,✅ 触发交易,124.201,124.562,29.1,-1
1766492880.6661024,2025-12-23 12:28:00,2025-12-23 20:28:00,BarData,124.139,0,-1.0,-1.0,186.579814,0.0,✅ 触发交易,124.139,124.548,33.0,-1
1766492940.2784262,2025-12-23 12:29:00,2025-12-23 20:29:00,BarData,124.092,0,-1.0,-1.0,186.68981399999998,0.0,✅ 触发交易,124.092,124.533,35.6,-1
1766493000.2970076,2025-12-23 12:30:00,2025-12-23 20:30:00,BarData,124.115,0,-1.0,-1.0,186.636814,0.0,✅ 触发交易,124.115,124.520,32.6,-1
1766493060.527938,2025-12-23 12:31:00,2025-12-23 20:31:00,BarData,123.981,0,-1.0,-1.0,186.681814,0.0,✅ 触发交易,123.981,124.502,42.0,-1
1766493120.3456604,2025-12-23 12:32:00,2025-12-23 20:32:00,BarData,124.049,0,-1.0,-1.0,186.691814,0.0,✅ 触发交易,124.049,124.487,35.3,-1
1766493180.490197,2025-12-23 12:33:00,2025-12-23 20:33:00,BarData,124.122,0,-1.0,-1.0,186.609814,0.0,✅ 触发交易,124.122,124.475,28.5,-1
1766493240.6586168,2025-12-23 12:34:00,2025-12-23 20:34:00,BarData,124.21,0,-1.0,-1.0,186.52881399999998,0.0,✅ 触发交易,124.210,124.467,20.7,-1
1766493300.3608072,2025-12-23 12:35:00,2025-12-23 20:35:00,BarData,124.225,0,-1.0,-1.0,186.501814,0.0,✅ 触发交易,124.225,124.459,18.8,-1
1766493360.592173,2025-12-23 12:36:00,2025-12-23 20:36:00,BarData,124.192,0,-1.0,-1.0,186.52881399999998,0.0,✅ 触发交易,124.192,124.450,20.8,-1
1766493420.4494324,2025-12-23 12:37:00,2025-12-23 20:37:00,BarData,124.193,0,-1.0,-1.0,186.541814,0.0,✅ 触发交易,124.193,124.441,20.0,-1
1766493480.2662528,2025-12-23 12:38:00,2025-12-23 20:38:00,BarData,124.222,0,-1.0,-1.0,186.511814,0.0,✅ 触发交易,124.222,124.434,17.1,-1
1766493540.2321134,2025-12-23 12:39:00,2025-12-23 20:39:00,BarData,124.163,0,-1.0,-1.0,186.580814,0.0,✅ 触发交易,124.163,124.425,21.1,-1
1766493600.3933039,2025-12-23 12:40:00,2025-12-23 20:40:00,BarData,124.192,0,-1.0,-1.0,186.531814,0.0,✅ 触发交易,124.192,124.418,18.2,-1
1766493660.2444654,2025-12-23 12:41:00,2025-12-23 20:41:00,BarData,124.218,0,-1.0,-1.0,186.521814,0.0,✅ 触发交易,124.218,124.411,15.5,-1
1766493720.4715405,2025-12-23 12:42:00,2025-12-23 20:42:00,BarData,124.262,0,-1.0,-1.0,186.50481399999998,0.0,✅ 触发交易,124.262,124.406,11.6,-1
1766493780.361041,2025-12-23 12:43:00,2025-12-23 20:43:00,BarData,124.259,0,-1.0,-1.0,186.483814,0.0,✅ 触发交易,124.259,124.401,11.5,-1
1766493840.5550842,2025-12-23 12:44:00,2025-12-23 20:44:00,BarData,124.26,0,-1.0,-1.0,186.491814,0.0,✅ 触发交易,124.260,124.397,11.0,-1
1766493900.3727682,2025-12-23 12:45:00,2025-12-23 20:45:00,BarData,124.286,0,-1.0,-1.0,186.45181399999998,0.0,❌ 震荡 (Gap 8.6 < 10),124.286,124.393,8.6,0
1766493901.0623455,2025-12-23 12:45:01,2025-12-23 20:45:01,PnlRecord,124.286,0,0,0,186.45181399999998,-0.7488344753730365,空,124.286,124.393,8.6,0
1766493901.4543552,2025-12-23 12:45:01,2025-12-23 20:45:01,CloseSignal,124.286,1.0,-1.0,0,186.45181399999998,0.0,Strategy_TrendEnd,124.286,124.393,8.6,0
1766493960.2559009,2025-12-23 12:46:00,2025-12-23 20:46:00,BarData,124.266,0,0.0,0.0,186.441814,0.0,❌ 震荡 (Gap 9.9 < 10),124.266,124.389,9.9,0
1766494020.523706,2025-12-23 12:47:00,2025-12-23 20:47:00,BarData,124.299,0,0.0,0.0,186.441814,0.0,❌ 震荡 (Gap 7.0 < 10),124.299,124.386,7.0,0
1766494080.2108688,2025-12-23 12:48:00,2025-12-23 20:48:00,BarData,124.233,0,0.0,0.0,186.441814,0.0,✅ 触发交易,124.233,124.381,11.9,-1
1766494084.2767875,2025-12-23 12:48:04,2025-12-23 20:48:04,Strategy_Open,124.233,1.0,0,-1.0,186.443814,0.0,Strategy_Signal,124.233,124.381,11.9,-1
1766494140.3808484,2025-12-23 12:49:00,2025-12-23 20:49:00,BarData,124.291,0,-1.0,-1.0,186.389814,0.0,❌ 震荡 (Gap 7.0 < 10),124.291,124.378,7.0,0
1766494141.0702035,2025-12-23 12:49:01,2025-12-23 20:49:01,PnlRecord,124.291,0,0,0,186.389814,-0.41854812096034655,空,124.291,124.378,7.0,0
1766494141.5288692,2025-12-23 12:49:01,2025-12-23 20:49:01,CloseSignal,124.291,1.0,-1.0,0,186.389814,0.0,Strategy_TrendEnd,124.291,124.378,7.0,0
1766494200.276143,2025-12-23 12:50:00,2025-12-23 20:50:00,BarData,124.272,0,0.0,0.0,186.394814,0.0,❌ 震荡 (Gap 8.3 < 10),124.272,124.375,8.3,0
1766494260.5840995,2025-12-23 12:51:00,2025-12-23 20:51:00,BarData,124.221,0,0.0,0.0,186.394814,0.0,✅ 触发交易,124.221,124.370,12.0,-1
1766494264.4409308,2025-12-23 12:51:04,2025-12-23 20:51:04,Strategy_Open,124.221,1.0,0,-1.0,186.387814,0.0,Strategy_Signal,124.221,124.370,12.0,-1
1766494320.386557,2025-12-23 12:52:00,2025-12-23 20:52:00,BarData,124.202,0,-1.0,-1.0,186.387814,0.0,✅ 触发交易,124.202,124.364,13.0,-1
1766494380.2818565,2025-12-23 12:53:00,2025-12-23 20:53:00,BarData,124.172,0,-1.0,-1.0,186.420814,0.0,✅ 触发交易,124.172,124.358,15.0,-1
1766494440.5680575,2025-12-23 12:54:00,2025-12-23 20:54:00,BarData,124.183,0,-1.0,-1.0,186.419814,0.0,✅ 触发交易,124.183,124.352,13.6,-1
1766494500.5262263,2025-12-23 12:55:00,2025-12-23 20:55:00,BarData,124.187,0,-1.0,-1.0,186.420814,0.0,✅ 触发交易,124.187,124.347,12.9,-1
1766494560.520768,2025-12-23 12:56:00,2025-12-23 20:56:00,BarData,124.19,0,-1.0,-1.0,186.412814,0.0,✅ 触发交易,124.190,124.341,12.2,-1
1766494620.6172316,2025-12-23 12:57:00,2025-12-23 20:57:00,BarData,124.205,0,-1.0,-1.0,186.40981399999998,0.0,✅ 触发交易,124.205,124.337,10.6,-1
1766494680.5235403,2025-12-23 12:58:00,2025-12-23 20:58:00,BarData,124.187,0,-1.0,-1.0,186.405814,0.0,✅ 触发交易,124.187,124.332,11.7,-1
1766494740.51773,2025-12-23 12:59:00,2025-12-23 20:59:00,BarData,124.148,0,-1.0,-1.0,186.449814,0.0,✅ 触发交易,124.148,124.326,14.3,-1
1766494800.4854336,2025-12-23 13:00:00,2025-12-23 21:00:00,BarData,124.092,0,-1.0,-1.0,186.508814,0.0,✅ 触发交易,124.092,124.318,18.2,-1
1766494860.527387,2025-12-23 13:01:00,2025-12-23 21:01:00,BarData,124.088,0,-1.0,-1.0,186.49844099999999,0.0,✅ 触发交易,124.088,124.311,18.0,-1
1766494920.6004689,2025-12-23 13:02:00,2025-12-23 21:02:00,BarData,124.054,0,-1.0,-1.0,186.548441,0.0,✅ 触发交易,124.054,124.302,20.0,-1
1766494980.424058,2025-12-23 13:03:00,2025-12-23 21:03:00,BarData,124.022,0,-1.0,-1.0,186.556441,0.0,✅ 触发交易,124.022,124.293,21.9,-1
1766495040.3263025,2025-12-23 13:04:00,2025-12-23 21:04:00,BarData,124.085,0,-1.0,-1.0,186.544441,0.0,✅ 触发交易,124.085,124.286,16.2,-1
1766495100.577742,2025-12-23 13:05:00,2025-12-23 21:05:00,BarData,124.134,0,-1.0,-1.0,186.477441,0.0,✅ 触发交易,124.134,124.281,11.9,-1
1766495160.5094922,2025-12-23 13:06:00,2025-12-23 21:06:00,BarData,124.138,0,-1.0,-1.0,186.467441,0.0,✅ 触发交易,124.138,124.277,11.2,-1
1766495220.529053,2025-12-23 13:07:00,2025-12-23 21:07:00,BarData,124.068,0,-1.0,-1.0,186.539441,0.0,✅ 触发交易,124.068,124.270,16.3,-1
1766495280.248303,2025-12-23 13:08:00,2025-12-23 21:08:00,BarData,124.074,0,-1.0,-1.0,186.531441,0.0,✅ 触发交易,124.074,124.263,15.3,-1
1766495340.2918704,2025-12-23 13:09:00,2025-12-23 21:09:00,BarData,124.12,0,-1.0,-1.0,186.491441,0.0,✅ 触发交易,124.120,124.259,11.2,-1
1766495400.2231529,2025-12-23 13:10:00,2025-12-23 21:10:00,BarData,124.092,0,-1.0,-1.0,186.521441,0.0,✅ 触发交易,124.092,124.253,13.0,-1
1766495460.4600875,2025-12-23 13:11:00,2025-12-23 21:11:00,BarData,124.044,0,-1.0,-1.0,186.572441,0.0,✅ 触发交易,124.044,124.246,16.3,-1
1766495520.5575194,2025-12-23 13:12:00,2025-12-23 21:12:00,BarData,124.078,0,-1.0,-1.0,186.530441,0.0,✅ 触发交易,124.078,124.241,13.1,-1
1766495580.3942347,2025-12-23 13:13:00,2025-12-23 21:13:00,BarData,124.095,0,-1.0,-1.0,186.507441,0.0,✅ 触发交易,124.095,124.236,11.4,-1
1766495640.3740134,2025-12-23 13:14:00,2025-12-23 21:14:00,BarData,124.11,0,-1.0,-1.0,186.503441,0.0,❌ 震荡 (Gap 9.8 < 10),124.110,124.232,9.8,0
1766495641.0787065,2025-12-23 13:14:01,2025-12-23 21:14:01,PnlRecord,124.11,0,0,0,186.503441,0.8292207739930155,空,124.110,124.232,9.8,0
1766495641.5131752,2025-12-23 13:14:01,2025-12-23 21:14:01,CloseSignal,124.11,1.0,-1.0,0,186.503441,0.0,Strategy_TrendEnd,124.110,124.232,9.8,0
1766495700.3127408,2025-12-23 13:15:00,2025-12-23 21:15:00,BarData,124.134,0,0.0,0.0,186.476442,0.0,❌ 震荡 (Gap 7.6 < 10),124.134,124.229,7.6,0
1766495760.3943942,2025-12-23 13:16:00,2025-12-23 21:16:00,BarData,124.198,0,0.0,0.0,186.476442,0.0,❌ 震荡 (Gap 2.4 < 10),124.198,124.228,2.4,0
1766495820.484728,2025-12-23 13:17:00,2025-12-23 21:17:00,BarData,124.039,0,0.0,0.0,186.476442,0.0,✅ 触发交易,124.039,124.222,14.7,-1
1766495824.366018,2025-12-23 13:17:04,2025-12-23 21:17:04,Strategy_Open,124.039,1.0,0,-1.0,186.47444199999998,0.0,Strategy_Signal,124.039,124.222,14.7,-1
1766495880.2279477,2025-12-23 13:18:00,2025-12-23 21:18:00,BarData,124.09,0,-1.0,-1.0,186.42644199999998,0.0,✅ 触发交易,124.090,124.217,10.3,-1
1766495940.473698,2025-12-23 13:19:00,2025-12-23 21:19:00,BarData,124.094,0,-1.0,-1.0,186.434442,0.0,❌ 震荡 (Gap 9.6 < 10),124.094,124.213,9.6,0
1766495941.172038,2025-12-23 13:19:01,2025-12-23 21:19:01,PnlRecord,124.094,0,0,0,186.434442,-0.43534343760067584,空,124.094,124.213,9.6,0
1766495941.632601,2025-12-23 13:19:01,2025-12-23 21:19:01,CloseSignal,124.094,1.0,-1.0,0,186.434442,0.0,Strategy_TrendEnd,124.094,124.213,9.6,0
1766496000.327336,2025-12-23 13:20:00,2025-12-23 21:20:00,BarData,124.218,0,0.0,0.0,186.412442,0.0,❌ 震荡 (Gap 0.4 < 10),124.218,124.213,0.4,0
1766496060.4039855,2025-12-23 13:21:00,2025-12-23 21:21:00,BarData,124.141,0,0.0,0.0,186.412442,0.0,❌ 震荡 (Gap 5.6 < 10),124.141,124.211,5.6,0
1766496120.2869616,2025-12-23 13:22:00,2025-12-23 21:22:00,BarData,124.03,0,0.0,0.0,186.412442,0.0,✅ 触发交易,124.030,124.205,14.1,-1
1766496124.1672597,2025-12-23 13:22:04,2025-12-23 21:22:04,Strategy_Open,124.03,1.0,0,-1.0,186.409442,0.0,Strategy_Signal,124.030,124.205,14.1,-1
1766496180.2945487,2025-12-23 13:23:00,2025-12-23 21:23:00,BarData,124.069,0,-1.0,-1.0,186.385442,0.0,✅ 触发交易,124.069,124.201,10.6,-1
1766496240.4882576,2025-12-23 13:24:00,2025-12-23 21:24:00,BarData,123.922,0,-1.0,-1.0,186.503442,0.0,✅ 触发交易,123.922,124.191,21.7,-1
1766496300.2700632,2025-12-23 13:25:00,2025-12-23 21:25:00,BarData,124.067,0,-1.0,-1.0,186.364442,0.0,❌ 震荡 (Gap 9.7 < 10),124.067,124.187,9.7,0
1766496301.0128791,2025-12-23 13:25:01,2025-12-23 21:25:01,PnlRecord,124.067,0,0,0,186.364442,-0.40317053307205586,空,124.067,124.187,9.7,0
1766496301.4018295,2025-12-23 13:25:01,2025-12-23 21:25:01,CloseSignal,124.067,1.0,-1.0,0,186.364442,0.0,Strategy_TrendEnd,124.067,124.187,9.7,0
1766496360.3276107,2025-12-23 13:26:00,2025-12-23 21:26:00,BarData,124.105,0,0.0,0.0,186.351442,0.0,❌ 震荡 (Gap 6.4 < 10),124.105,124.185,6.4,0
1766496420.3955445,2025-12-23 13:27:00,2025-12-23 21:27:00,BarData,124.028,0,0.0,0.0,186.351442,0.0,✅ 触发交易,124.028,124.180,12.2,-1
1766496424.2825036,2025-12-23 13:27:04,2025-12-23 21:27:04,Strategy_Open,124.028,1.0,0,-1.0,186.356442,0.0,Strategy_Signal,124.028,124.180,12.2,-1
1766496480.5710588,2025-12-23 13:28:00,2025-12-23 21:28:00,BarData,124.077,0,-1.0,-1.0,186.342442,0.0,❌ 震荡 (Gap 8.0 < 10),124.077,124.176,8.0,0
1766496481.2639308,2025-12-23 13:28:01,2025-12-23 21:28:01,PnlRecord,124.077,0,0,0,186.342442,-0.16927839040433995,空,124.077,124.176,8.0,0
1766496481.7543583,2025-12-23 13:28:01,2025-12-23 21:28:01,CloseSignal,124.077,1.0,-1.0,0,186.342442,0.0,Strategy_TrendEnd,124.077,124.176,8.0,0
1766496540.6386368,2025-12-23 13:29:00,2025-12-23 21:29:00,BarData,124.484,0,0.0,0.0,186.308442,0.0,✅ 触发交易,124.484,124.186,23.9,1
1766496544.7209277,2025-12-23 13:29:04,2025-12-23 21:29:04,Strategy_Open,124.484,1.0,0,1.0,186.312442,0.0,Strategy_Signal,124.484,124.186,23.9,1
1766496600.4012222,2025-12-23 13:30:00,2025-12-23 21:30:00,BarData,124.436,0,1.0,1.0,186.241442,0.0,✅ 触发交易,124.436,124.194,19.4,1
1766496612.325667,2025-12-23 13:30:12,2025-12-23 21:30:12,SL,124.336,1.0,1.0,0.0,186.175442,0.0,🛡️ 止损 (-1.20%),124.436,124.194,19.4,1
1766496612.3260417,2025-12-23 13:30:12,2025-12-23 21:30:12,PnlRecord,124.336,0,0,0,186.20244200000002,-1.1969313571916367,多,124.436,124.194,19.4,1
1766496660.439389,2025-12-23 13:31:00,2025-12-23 21:31:00,BarData,124.438,0,0.0,0.0,186.175442,0.0,✅ 触发交易,124.438,124.202,18.9,1
1766496664.3652554,2025-12-23 13:31:04,2025-12-23 21:31:04,Strategy_Open,124.438,1.0,0,1.0,186.116442,0.0,Strategy_Signal,124.438,124.202,18.9,1
1766496720.7344875,2025-12-23 13:32:00,2025-12-23 21:32:00,BarData,124.423,0,1.0,1.0,186.217442,0.0,✅ 触发交易,124.423,124.210,17.1,1
1766496780.238762,2025-12-23 13:33:00,2025-12-23 21:33:00,BarData,124.379,0,1.0,1.0,186.197442,0.0,✅ 触发交易,124.379,124.215,13.2,1
1766496840.6026409,2025-12-23 13:34:00,2025-12-23 21:34:00,BarData,124.495,0,1.0,1.0,186.29744200000002,0.0,✅ 触发交易,124.495,124.224,21.7,1
1766496900.2699282,2025-12-23 13:35:00,2025-12-23 21:35:00,BarData,124.515,0,1.0,1.0,186.363442,0.0,✅ 触发交易,124.515,124.234,22.6,1
1766496938.3937383,2025-12-23 13:35:38,2025-12-23 21:35:38,SL,124.179,1.0,1.0,0.0,185.948442,0.0,🛡️ 止损 (-1.53%),124.515,124.234,22.6,1
1766496938.3940706,2025-12-23 13:35:38,2025-12-23 21:35:38,PnlRecord,124.179,0,0,0,186.168442,-1.5277118896187774,多,124.515,124.234,22.6,1
1766496960.2873085,2025-12-23 13:36:00,2025-12-23 21:36:00,BarData,124.124,0,0.0,0.0,185.948442,0.0,❌ 震荡 (Gap 8.6 < 10),124.124,124.230,8.6,0
1766497020.5326989,2025-12-23 13:37:00,2025-12-23 21:37:00,BarData,123.223,0,0.0,0.0,185.948442,0.0,✅ 触发交易,123.223,124.197,79.1,-1
1766497024.5934684,2025-12-23 13:37:04,2025-12-23 21:37:04,Strategy_Open,123.223,1.0,0,-1.0,185.932442,0.0,Strategy_Signal,123.223,124.197,79.1,-1
1766497080.3614578,2025-12-23 13:38:00,2025-12-23 21:38:00,BarData,123.249,0,-1.0,-1.0,185.844442,0.0,✅ 触发交易,123.249,124.166,74.4,-1
1766497085.4665234,2025-12-23 13:38:05,2025-12-23 21:38:05,SL,123.284,1.0,-1.0,0.0,185.754442,0.0,🛡️ 止损 (-1.18%),123.249,124.166,74.4,-1
1766497085.4667969,2025-12-23 13:38:05,2025-12-23 21:38:05,PnlRecord,123.284,0,0,0,185.844442,-1.177531082760216,空,123.249,124.166,74.4,-1
1766497140.4160295,2025-12-23 13:39:00,2025-12-23 21:39:00,BarData,123.376,0,0.0,0.0,185.754442,0.0,✅ 触发交易,123.376,124.140,61.9,-1
1766497144.3093712,2025-12-23 13:39:04,2025-12-23 21:39:04,Strategy_Open,123.376,1.0,0,-1.0,185.807442,0.0,Strategy_Signal,123.376,124.140,61.9,-1
1766497200.5369446,2025-12-23 13:40:00,2025-12-23 21:40:00,BarData,123.327,0,-1.0,-1.0,185.848442,0.0,✅ 触发交易,123.327,124.114,63.8,-1
1766497260.5421948,2025-12-23 13:41:00,2025-12-23 21:41:00,BarData,123.353,0,-1.0,-1.0,185.854442,0.0,✅ 触发交易,123.353,124.089,59.6,-1
1766497290.488334,2025-12-23 13:41:30,2025-12-23 21:41:30,SL,123.434,1.0,-1.0,0.0,185.628442,0.0,🛡️ 止损 (-1.03%),123.353,124.089,59.6,-1
1766497290.4886189,2025-12-23 13:41:30,2025-12-23 21:41:30,PnlRecord,123.434,0,0,0,185.658442,-1.0299496378956208,空,123.353,124.089,59.6,-1
1766497320.55276,2025-12-23 13:42:00,2025-12-23 21:42:00,BarData,123.447,0,0.0,0.0,185.628442,0.0,✅ 触发交易,123.447,124.068,50.3,-1
1766497324.428519,2025-12-23 13:42:04,2025-12-23 21:42:04,Strategy_Open,123.447,1.0,0,-1.0,185.61944200000002,0.0,Strategy_Signal,123.447,124.068,50.3,-1
1766497380.3506913,2025-12-23 13:43:00,2025-12-23 21:43:00,BarData,123.488,0,-1.0,-1.0,185.57744200000002,0.0,✅ 触发交易,123.488,124.049,45.4,-1
1766497391.0626695,2025-12-23 13:43:11,2025-12-23 21:43:11,SL,123.563,1.0,-1.0,0.0,185.453942,0.0,🛡️ 止损 (-1.13%),123.488,124.049,45.4,-1
1766497391.062993,2025-12-23 13:43:11,2025-12-23 21:43:11,PnlRecord,123.563,0,0,0,185.530442,-1.134310460773118,空,123.488,124.049,45.4,-1
1766497440.349232,2025-12-23 13:44:00,2025-12-23 21:44:00,BarData,123.614,0,0.0,0.0,185.453942,0.0,✅ 触发交易,123.614,124.034,34.0,-1
1766497444.2394872,2025-12-23 13:44:04,2025-12-23 21:44:04,Strategy_Open,123.614,1.0,0,-1.0,185.43794200000002,0.0,Strategy_Signal,123.614,124.034,34.0,-1
1766497458.2274156,2025-12-23 13:44:18,2025-12-23 21:44:18,SL,123.787,1.0,-1.0,0.0,185.262942,0.0,🛡️ 止损 (-1.06%),123.614,124.034,34.0,-1
1766497458.2277308,2025-12-23 13:44:18,2025-12-23 21:44:18,PnlRecord,123.787,0,0,0,185.434942,-1.0593905673804767,空,123.614,124.034,34.0,-1
1766497500.388091,2025-12-23 13:45:00,2025-12-23 21:45:00,BarData,123.748,0,0.0,0.0,185.262942,0.0,✅ 触发交易,123.748,124.025,22.4,-1
1766497504.4856212,2025-12-23 13:45:04,2025-12-23 21:45:04,Strategy_Open,123.748,1.0,0,-1.0,185.313942,0.0,Strategy_Signal,123.748,124.025,22.4,-1
1766497560.5298235,2025-12-23 13:46:00,2025-12-23 21:46:00,BarData,123.392,0,-1.0,-1.0,185.558942,0.0,✅ 触发交易,123.392,124.004,49.6,-1
1766497620.525297,2025-12-23 13:47:00,2025-12-23 21:47:00,BarData,123.476,0,-1.0,-1.0,185.528942,0.0,✅ 触发交易,123.476,123.987,41.4,-1
1766497680.5645633,2025-12-23 13:48:00,2025-12-23 21:48:00,BarData,123.581,0,-1.0,-1.0,185.403942,0.0,✅ 触发交易,123.581,123.974,31.8,-1
1766497740.451436,2025-12-23 13:49:00,2025-12-23 21:49:00,BarData,123.418,0,-1.0,-1.0,185.548942,0.0,✅ 触发交易,123.418,123.955,43.5,-1
1766497800.4658046,2025-12-23 13:50:00,2025-12-23 21:50:00,BarData,123.419,0,-1.0,-1.0,185.587942,0.0,✅ 触发交易,123.419,123.938,42.0,-1
1766497860.619086,2025-12-23 13:51:00,2025-12-23 21:51:00,BarData,123.353,0,-1.0,-1.0,185.643942,0.0,✅ 触发交易,123.353,123.919,45.9,-1
1766497920.6929526,2025-12-23 13:52:00,2025-12-23 21:52:00,BarData,123.258,0,-1.0,-1.0,185.730942,0.0,✅ 触发交易,123.258,123.897,51.8,-1
1766497946.206365,2025-12-23 13:52:26,2025-12-23 21:52:26,TP,123.076,1.0,-1.0,0.0,185.911942,0.0,🚀 止盈 (+5.17%),123.258,123.897,51.8,-1
1766497946.2067003,2025-12-23 13:52:26,2025-12-23 21:52:26,PnlRecord,123.076,0,0,0,185.819942,5.17313847845065,空,123.258,123.897,51.8,-1
1766497980.6081867,2025-12-23 13:53:00,2025-12-23 21:53:00,BarData,123.094,0,0.0,0.0,185.911942,0.0,✅ 触发交易,123.094,123.871,63.1,-1
1766497984.4684784,2025-12-23 13:53:04,2025-12-23 21:53:04,Strategy_Open,123.094,1.0,0,-1.0,185.91894200000002,0.0,Strategy_Signal,123.094,123.871,63.1,-1
1766497993.9817214,2025-12-23 13:53:13,2025-12-23 21:53:13,SL,123.191,1.0,-1.0,0.0,185.720942,0.0,🛡️ 止损 (-1.07%),123.094,123.871,63.1,-1
1766497993.9820285,2025-12-23 13:53:13,2025-12-23 21:53:13,PnlRecord,123.191,0,0,0,185.91894200000002,-1.0726562055599753,空,123.094,123.871,63.1,-1
1766498040.5521574,2025-12-23 13:54:00,2025-12-23 21:54:00,BarData,123.299,0,0.0,0.0,185.720942,0.0,✅ 触发交易,123.299,123.852,44.8,-1
1766498044.4380078,2025-12-23 13:54:04,2025-12-23 21:54:04,Strategy_Open,123.299,1.0,0,-1.0,185.724942,0.0,Strategy_Signal,123.299,123.852,44.8,-1
1766498082.2972388,2025-12-23 13:54:42,2025-12-23 21:54:42,SL,123.408,1.0,-1.0,0.0,185.587942,0.0,🛡️ 止损 (-1.09%),123.299,123.852,44.8,-1
1766498082.2975574,2025-12-23 13:54:42,2025-12-23 21:54:42,PnlRecord,123.408,0,0,0,185.62794200000002,-1.0870094261563699,空,123.299,123.852,44.8,-1
1766498100.1642532,2025-12-23 13:55:00,2025-12-23 21:55:00,BarData,123.341,0,0.0,0.0,185.587942,0.0,✅ 触发交易,123.341,123.835,40.1,-1
1766498104.2300005,2025-12-23 13:55:04,2025-12-23 21:55:04,Strategy_Open,123.341,1.0,0,-1.0,185.589942,0.0,Strategy_Signal,123.341,123.835,40.1,-1
1766498160.7027774,2025-12-23 13:56:00,2025-12-23 21:56:00,BarData,123.255,0,-1.0,-1.0,185.640942,0.0,✅ 触发交易,123.255,123.816,45.5,-1
1766498220.304037,2025-12-23 13:57:00,2025-12-23 21:57:00,BarData,123.365,0,-1.0,-1.0,185.550942,0.0,✅ 触发交易,123.365,123.801,35.4,-1
1766498280.5588932,2025-12-23 13:58:00,2025-12-23 21:58:00,BarData,123.388,0,-1.0,-1.0,185.575942,0.0,✅ 触发交易,123.388,123.788,32.4,-1
1766498340.2831614,2025-12-23 13:59:00,2025-12-23 21:59:00,BarData,123.287,0,-1.0,-1.0,185.700942,0.0,✅ 触发交易,123.287,123.771,39.3,-1
1766498400.5561738,2025-12-23 14:00:00,2025-12-23 22:00:00,BarData,123.269,0,-1.0,-1.0,185.631942,0.0,✅ 触发交易,123.269,123.755,39.4,-1
1766498460.4981575,2025-12-23 14:01:00,2025-12-23 22:01:00,BarData,123.313,0,-1.0,-1.0,185.593928,0.0,✅ 触发交易,123.313,123.740,34.7,-1
1766498520.614431,2025-12-23 14:02:00,2025-12-23 22:02:00,BarData,123.319,0,-1.0,-1.0,185.576928,0.0,✅ 触发交易,123.319,123.727,33.1,-1
1766498536.3079138,2025-12-23 14:02:16,2025-12-23 22:02:16,SL,123.446,1.0,-1.0,0.0,185.457929,0.0,🛡️ 止损 (-1.04%),123.319,123.727,33.1,-1
1766498536.308249,2025-12-23 14:02:16,2025-12-23 22:02:16,PnlRecord,123.446,0,0,0,185.530928,-1.0379668823691603,空,123.319,123.727,33.1,-1
1766498580.4320064,2025-12-23 14:03:00,2025-12-23 22:03:00,BarData,123.473,0,0.0,0.0,185.457929,0.0,✅ 触发交易,123.473,123.718,19.9,-1
1766498584.3100798,2025-12-23 14:03:04,2025-12-23 22:03:04,Strategy_Open,123.473,1.0,0,-1.0,185.44892900000002,0.0,Strategy_Signal,123.473,123.718,19.9,-1
1766498640.1834984,2025-12-23 14:04:00,2025-12-23 22:04:00,BarData,123.387,0,-1.0,-1.0,185.461929,0.0,✅ 触发交易,123.387,123.707,26.0,-1
1766498700.5422058,2025-12-23 14:05:00,2025-12-23 22:05:00,BarData,123.398,0,-1.0,-1.0,185.461929,0.0,✅ 触发交易,123.398,123.697,24.3,-1
1766498760.4744499,2025-12-23 14:06:00,2025-12-23 22:06:00,BarData,123.51,0,-1.0,-1.0,185.360929,0.0,✅ 触发交易,123.510,123.691,14.7,-1
1766498765.4686031,2025-12-23 14:06:05,2025-12-23 22:06:05,SL,123.518,1.0,-1.0,0.0,185.333929,0.0,🛡️ 止损 (-1.00%),123.510,123.691,14.7,-1
1766498765.4689195,2025-12-23 14:06:05,2025-12-23 22:06:05,PnlRecord,123.518,0,0,0,185.360929,-1.0049110977842943,空,123.510,123.691,14.7,-1
1766498820.4912422,2025-12-23 14:07:00,2025-12-23 22:07:00,BarData,123.495,0,0.0,0.0,185.333929,0.0,✅ 触发交易,123.495,123.685,15.4,-1
1766498824.384522,2025-12-23 14:07:04,2025-12-23 22:07:04,Strategy_Open,123.495,1.0,0,-1.0,185.325929,0.0,Strategy_Signal,123.495,123.685,15.4,-1
1766498880.418028,2025-12-23 14:08:00,2025-12-23 22:08:00,BarData,123.543,0,-1.0,-1.0,185.343929,0.0,✅ 触发交易,123.543,123.680,11.1,-1
1766498940.37529,2025-12-23 14:09:00,2025-12-23 22:09:00,BarData,123.499,0,-1.0,-1.0,185.313929,0.0,✅ 触发交易,123.499,123.674,14.2,-1
1766499000.3942475,2025-12-23 14:10:00,2025-12-23 22:10:00,BarData,123.465,0,-1.0,-1.0,185.39592900000002,0.0,✅ 触发交易,123.465,123.667,16.4,-1
1766499060.6629457,2025-12-23 14:11:00,2025-12-23 22:11:00,BarData,123.445,0,-1.0,-1.0,185.380929,0.0,✅ 触发交易,123.445,123.660,17.4,-1
1766499092.4848254,2025-12-23 14:11:32,2025-12-23 22:11:32,SL,123.669,1.0,-1.0,0.0,185.181929,0.0,🛡️ 止损 (-1.27%),123.445,123.660,17.4,-1
1766499092.485143,2025-12-23 14:11:32,2025-12-23 22:11:32,PnlRecord,123.669,0,0,0,185.29892900000002,-1.2711315499708244,空,123.445,123.660,17.4,-1
1766499120.3463526,2025-12-23 14:12:00,2025-12-23 22:12:00,BarData,123.631,0,0.0,0.0,185.181929,0.0,❌ 震荡 (Gap 2.3 < 10),123.631,123.659,2.3,0
1766499180.3066587,2025-12-23 14:13:00,2025-12-23 22:13:00,BarData,123.56,0,0.0,0.0,185.181929,0.0,❌ 震荡 (Gap 7.8 < 10),123.560,123.656,7.8,0
1766499240.3717933,2025-12-23 14:14:00,2025-12-23 22:14:00,BarData,123.5,0,0.0,0.0,185.181929,0.0,✅ 触发交易,123.500,123.651,12.2,-1
1766499244.378628,2025-12-23 14:14:04,2025-12-23 22:14:04,Strategy_Open,123.5,1.0,0,-1.0,185.183929,0.0,Strategy_Signal,123.500,123.651,12.2,-1
1766499300.5997865,2025-12-23 14:15:00,2025-12-23 22:15:00,BarData,123.433,0,-1.0,-1.0,185.254929,0.0,✅ 触发交易,123.433,123.644,17.1,-1
1766499360.532416,2025-12-23 14:16:00,2025-12-23 22:16:00,BarData,123.391,0,-1.0,-1.0,185.282929,0.0,✅ 触发交易,123.391,123.635,19.8,-1
1766499420.3989854,2025-12-23 14:17:00,2025-12-23 22:17:00,BarData,123.17,0,-1.0,-1.0,185.529929,0.0,✅ 触发交易,123.170,123.620,36.5,-1
1766499466.0903687,2025-12-23 14:17:46,2025-12-23 22:17:46,TP,122.83,1.0,-1.0,0.0,185.947929,0.0,🚀 止盈 (+5.43%),123.170,123.620,36.5,-1
1766499466.090703,2025-12-23 14:17:46,2025-12-23 22:17:46,PnlRecord,122.83,0,0,0,185.685929,5.43315438741392,空,123.170,123.620,36.5,-1
1766499480.4611993,2025-12-23 14:18:00,2025-12-23 22:18:00,BarData,122.894,0,0.0,0.0,185.947929,0.0,✅ 触发交易,122.894,123.596,57.1,-1
1766499484.362131,2025-12-23 14:18:04,2025-12-23 22:18:04,Strategy_Open,122.894,1.0,0,-1.0,185.91092899999998,0.0,Strategy_Signal,122.894,123.596,57.1,-1
1766499501.2287223,2025-12-23 14:18:21,2025-12-23 22:18:21,SL,123.017,1.0,-1.0,0.0,185.804929,0.0,🛡️ 止损 (-1.13%),122.894,123.596,57.1,-1
1766499501.2290087,2025-12-23 14:18:21,2025-12-23 22:18:21,PnlRecord,123.017,0,0,0,185.835929,-1.131203307345463,空,122.894,123.596,57.1,-1
1766499540.1646373,2025-12-23 14:19:00,2025-12-23 22:19:00,BarData,123.063,0,0.0,0.0,185.804929,0.0,✅ 触发交易,123.063,123.579,41.9,-1
1766499544.0340157,2025-12-23 14:19:04,2025-12-23 22:19:04,Strategy_Open,123.063,1.0,0,-1.0,185.78475899999998,0.0,Strategy_Signal,123.063,123.579,41.9,-1
1766499600.632027,2025-12-23 14:20:00,2025-12-23 22:20:00,BarData,123.101,0,-1.0,-1.0,185.722759,0.0,✅ 触发交易,123.101,123.563,37.5,-1
1766499660.1891215,2025-12-23 14:21:00,2025-12-23 22:21:00,BarData,122.921,0,-1.0,-1.0,185.883759,0.0,✅ 触发交易,122.921,123.542,50.5,-1
1766499720.3199563,2025-12-23 14:22:00,2025-12-23 22:22:00,BarData,122.98,0,-1.0,-1.0,185.852759,0.0,✅ 触发交易,122.980,123.524,44.2,-1
1766499780.5112917,2025-12-23 14:23:00,2025-12-23 22:23:00,BarData,122.991,0,-1.0,-1.0,185.82675899999998,0.0,✅ 触发交易,122.991,123.506,41.9,-1
1766499840.2554185,2025-12-23 14:24:00,2025-12-23 22:24:00,BarData,122.979,0,-1.0,-1.0,185.877759,0.0,✅ 触发交易,122.979,123.489,41.5,-1
1766499900.3016837,2025-12-23 14:25:00,2025-12-23 22:25:00,BarData,123.025,0,-1.0,-1.0,185.82575899999998,0.0,✅ 触发交易,123.025,123.474,36.5,-1
1766499960.182204,2025-12-23 14:26:00,2025-12-23 22:26:00,BarData,122.943,0,-1.0,-1.0,185.899759,0.0,✅ 触发交易,122.943,123.456,41.7,-1
1766500020.229305,2025-12-23 14:27:00,2025-12-23 22:27:00,BarData,123.024,0,-1.0,-1.0,185.827759,0.0,✅ 触发交易,123.024,123.442,34.0,-1
1766500080.539129,2025-12-23 14:28:00,2025-12-23 22:28:00,BarData,122.972,0,-1.0,-1.0,185.881759,0.0,✅ 触发交易,122.972,123.427,37.0,-1
1766500140.3039057,2025-12-23 14:29:00,2025-12-23 22:29:00,BarData,122.933,0,-1.0,-1.0,185.87275899999997,0.0,✅ 触发交易,122.933,123.410,38.8,-1
1766500200.5669286,2025-12-23 14:30:00,2025-12-23 22:30:00,BarData,122.964,0,-1.0,-1.0,185.88575899999998,0.0,✅ 触发交易,122.964,123.396,35.1,-1
1766500260.1866133,2025-12-23 14:31:00,2025-12-23 22:31:00,BarData,123.131,0,-1.0,-1.0,185.793759,0.0,✅ 触发交易,123.131,123.387,20.8,-1
1766500265.363195,2025-12-23 14:31:05,2025-12-23 22:31:05,SL,123.179,1.0,-1.0,0.0,185.621842,0.0,🛡️ 止损 (-1.06%),123.131,123.387,20.8,-1
1766500265.3635159,2025-12-23 14:31:05,2025-12-23 22:31:05,PnlRecord,123.179,0,0,0,185.793759,-1.0646251869189278,空,123.131,123.387,20.8,-1
1766500320.2331526,2025-12-23 14:32:00,2025-12-23 22:32:00,BarData,123.359,0,0.0,0.0,185.621842,0.0,❌ 震荡 (Gap 2.2 < 10),123.359,123.386,2.2,0
1766500380.5028737,2025-12-23 14:33:00,2025-12-23 22:33:00,BarData,122.988,0,0.0,0.0,185.621842,0.0,✅ 触发交易,122.988,123.373,31.3,-1
1766500384.5174508,2025-12-23 14:33:04,2025-12-23 22:33:04,Strategy_Open,122.988,1.0,0,-1.0,185.58484199999998,0.0,Strategy_Signal,122.988,123.373,31.3,-1
1766500440.0636144,2025-12-23 14:34:00,2025-12-23 22:34:00,SL,123.14,1.0,-1.0,0.0,185.508842,0.0,🛡️ 止损 (-1.06%),122.988,123.373,31.3,-1
1766500440.063932,2025-12-23 14:34:00,2025-12-23 22:34:00,PnlRecord,123.14,0,0,0,185.63784199999998,-1.0568246484025319,空,122.988,123.373,31.3,-1
1766500442.9558234,2025-12-23 14:34:02,2025-12-23 22:34:02,BarData,123.148,0,0.0,0.0,185.508842,0.0,✅ 触发交易,123.148,123.366,17.7,-1
1766500446.4918342,2025-12-23 14:34:06,2025-12-23 22:34:06,Strategy_Open,123.148,1.0,0,-1.0,185.47784199999998,0.0,Strategy_Signal,123.148,123.366,17.7,-1
1766500456.4480875,2025-12-23 14:34:16,2025-12-23 22:34:16,SL,123.293,1.0,-1.0,0.0,185.378842,0.0,🛡️ 止损 (-1.17%),123.148,123.366,17.7,-1
1766500456.4483588,2025-12-23 14:34:16,2025-12-23 22:34:16,PnlRecord,123.293,0,0,0,185.47784199999998,-1.169315219774464,空,123.148,123.366,17.7,-1
1766500500.5781033,2025-12-23 14:35:00,2025-12-23 22:35:00,BarData,123.168,0,0.0,0.0,185.378842,0.0,✅ 触发交易,123.168,123.359,15.5,-1
1766500504.570236,2025-12-23 14:35:04,2025-12-23 22:35:04,Strategy_Open,123.168,1.0,0,-1.0,185.401842,0.0,Strategy_Signal,123.168,123.359,15.5,-1
1766500560.1473987,2025-12-23 14:36:00,2025-12-23 22:36:00,BarData,122.739,0,-1.0,-1.0,185.705842,0.0,✅ 触发交易,122.739,123.339,48.9,-1
1766500620.2528903,2025-12-23 14:37:00,2025-12-23 22:37:00,BarData,122.887,0,-1.0,-1.0,185.726842,0.0,✅ 触发交易,122.887,123.324,35.6,-1
1766500680.4018903,2025-12-23 14:38:00,2025-12-23 22:38:00,BarData,122.824,0,-1.0,-1.0,185.759842,0.0,✅ 触发交易,122.824,123.308,39.4,-1
1766500723.273064,2025-12-23 14:38:43,2025-12-23 22:38:43,TP,122.497,1.0,-1.0,0.0,186.029842,0.0,🚀 止盈 (+5.86%),122.824,123.308,39.4,-1
1766500723.2734015,2025-12-23 14:38:43,2025-12-23 22:38:43,PnlRecord,122.497,0,0,0,185.873842,5.859485955899611,空,122.824,123.308,39.4,-1
1766500740.3212087,2025-12-23 14:39:00,2025-12-23 22:39:00,BarData,122.774,0,0.0,0.0,186.029842,0.0,✅ 触发交易,122.774,123.290,42.0,-1
1766500744.2810519,2025-12-23 14:39:04,2025-12-23 22:39:04,Strategy_Open,122.774,1.0,0,-1.0,186.073094,0.0,Strategy_Signal,122.774,123.290,42.0,-1
1766500800.5058575,2025-12-23 14:40:00,2025-12-23 22:40:00,BarData,122.778,0,-1.0,-1.0,186.076094,0.0,✅ 触发交易,122.778,123.273,40.4,-1
1766500809.432526,2025-12-23 14:40:09,2025-12-23 22:40:09,SL,122.941,1.0,-1.0,0.0,185.907094,0.0,🛡️ 止损 (-1.10%),122.778,123.273,40.4,-1
1766500809.4328797,2025-12-23 14:40:09,2025-12-23 22:40:09,PnlRecord,122.941,0,0,0,186.076094,-1.0992948227285728,空,122.778,123.273,40.4,-1
1766500860.3133633,2025-12-23 14:41:00,2025-12-23 22:41:00,BarData,122.771,0,0.0,0.0,185.907094,0.0,✅ 触发交易,122.771,123.257,39.6,-1
1766500864.2292373,2025-12-23 14:41:04,2025-12-23 22:41:04,Strategy_Open,122.771,1.0,0,-1.0,185.884094,0.0,Strategy_Signal,122.771,123.257,39.6,-1
1766500871.13596,2025-12-23 14:41:11,2025-12-23 22:41:11,SL,122.954,1.0,-1.0,0.0,185.682094,0.0,🛡️ 止损 (-1.04%),122.771,123.257,39.6,-1
1766500871.1362908,2025-12-23 14:41:11,2025-12-23 22:41:11,PnlRecord,122.954,0,0,0,185.884094,-1.0421246315926604,空,122.771,123.257,39.6,-1
1766500920.1027014,2025-12-23 14:42:00,2025-12-23 22:42:00,BarData,123.039,0,0.0,0.0,185.682094,0.0,✅ 触发交易,123.039,123.250,17.1,-1
1766500924.255266,2025-12-23 14:42:04,2025-12-23 22:42:04,Strategy_Open,123.039,1.0,0,-1.0,185.677094,0.0,Strategy_Signal,123.039,123.250,17.1,-1
1766500980.2233317,2025-12-23 14:43:00,2025-12-23 22:43:00,BarData,123.011,0,-1.0,-1.0,185.730094,0.0,✅ 触发交易,123.011,123.242,18.8,-1
1766501040.206382,2025-12-23 14:44:00,2025-12-23 22:44:00,BarData,123.012,0,-1.0,-1.0,185.761094,0.0,✅ 触发交易,123.012,123.234,18.1,-1
1766501100.3393424,2025-12-23 14:45:00,2025-12-23 22:45:00,BarData,122.969,0,-1.0,-1.0,185.831094,0.0,✅ 触发交易,122.969,123.226,20.9,-1
1766501160.398844,2025-12-23 14:46:00,2025-12-23 22:46:00,BarData,122.913,0,-1.0,-1.0,185.927094,0.0,✅ 触发交易,122.913,123.215,24.6,-1
1766501220.514553,2025-12-23 14:47:00,2025-12-23 22:47:00,BarData,122.726,0,-1.0,-1.0,186.067094,0.0,✅ 触发交易,122.726,123.199,38.6,-1
1766501280.5723386,2025-12-23 14:48:00,2025-12-23 22:48:00,BarData,122.802,0,-1.0,-1.0,186.028094,0.0,✅ 触发交易,122.802,123.186,31.3,-1
1766501340.3442,2025-12-23 14:49:00,2025-12-23 22:49:00,BarData,123.1,0,-1.0,-1.0,185.70209400000002,0.0,❌ 震荡 (Gap 6.8 < 10),123.100,123.184,6.8,0
1766501341.04537,2025-12-23 14:49:01,2025-12-23 22:49:01,PnlRecord,123.1,0,0,0,185.70209400000002,0.02436983664086264,空,123.100,123.184,6.8,0
1766501341.4338686,2025-12-23 14:49:01,2025-12-23 22:49:01,CloseSignal,123.1,1.0,-1.0,0,185.70209400000002,0.0,Strategy_TrendEnd,123.100,123.184,6.8,0
1766501400.4431267,2025-12-23 14:50:00,2025-12-23 22:50:00,BarData,122.855,0,0.0,0.0,185.668094,0.0,✅ 触发交易,122.855,123.173,25.9,-1
1766501404.3265395,2025-12-23 14:50:04,2025-12-23 22:50:04,Strategy_Open,122.855,1.0,0,-1.0,185.599636,0.0,Strategy_Signal,122.855,123.173,25.9,-1
1766501411.1846783,2025-12-23 14:50:11,2025-12-23 22:50:11,SL,122.935,1.0,-1.0,0.0,185.556636,0.0,🛡️ 止损 (-1.02%),122.855,123.173,25.9,-1
1766501411.184965,2025-12-23 14:50:11,2025-12-23 22:50:11,PnlRecord,122.935,0,0,0,185.599636,-1.0178324240697012,空,122.855,123.173,25.9,-1
1766501460.328892,2025-12-23 14:51:00,2025-12-23 22:51:00,BarData,122.995,0,0.0,0.0,185.556636,0.0,✅ 触发交易,122.995,123.167,14.0,-1
1766501464.2274961,2025-12-23 14:51:04,2025-12-23 22:51:04,Strategy_Open,122.995,1.0,0,-1.0,185.58363599999998,0.0,Strategy_Signal,122.995,123.167,14.0,-1
1766501520.300659,2025-12-23 14:52:00,2025-12-23 22:52:00,BarData,122.837,0,-1.0,-1.0,185.661636,0.0,✅ 触发交易,122.837,123.156,26.0,-1
1766501580.1782207,2025-12-23 14:53:00,2025-12-23 22:53:00,BarData,122.911,0,-1.0,-1.0,185.651636,0.0,✅ 触发交易,122.911,123.148,19.3,-1
1766501640.375741,2025-12-23 14:54:00,2025-12-23 22:54:00,BarData,122.585,0,-1.0,-1.0,185.837636,0.0,✅ 触发交易,122.585,123.130,44.4,-1
1766501700.5066123,2025-12-23 14:55:00,2025-12-23 22:55:00,BarData,122.577,0,-1.0,-1.0,186.034636,0.0,✅ 触发交易,122.577,123.112,43.6,-1
1766501723.558267,2025-12-23 14:55:23,2025-12-23 22:55:23,TP,122.317,1.0,-1.0,0.0,186.347636,0.0,🚀 止盈 (+5.40%),122.577,123.112,43.6,-1
1766501723.558576,2025-12-23 14:55:23,2025-12-23 22:55:23,PnlRecord,122.317,0,0,0,186.051636,5.399208007741046,空,122.577,123.112,43.6,-1
1766501760.1033163,2025-12-23 14:56:00,2025-12-23 22:56:00,BarData,122.461,0,0.0,0.0,186.347636,0.0,✅ 触发交易,122.461,123.090,51.4,-1
1766501763.9919152,2025-12-23 14:56:03,2025-12-23 22:56:03,Strategy_Open,122.461,1.0,0,-1.0,186.28397999999999,0.0,Strategy_Signal,122.461,123.090,51.4,-1
1766501820.1815388,2025-12-23 14:57:00,2025-12-23 22:57:00,BarData,122.184,0,-1.0,-1.0,186.48698,0.0,✅ 触发交易,122.184,123.060,71.7,-1
1766501880.3809266,2025-12-23 14:58:00,2025-12-23 22:58:00,BarData,122.408,0,-1.0,-1.0,186.36398,0.0,✅ 触发交易,122.408,123.039,51.6,-1
1766501886.1671748,2025-12-23 14:58:06,2025-12-23 22:58:06,SL,122.513,1.0,-1.0,0.0,186.22798,0.0,🛡️ 止损 (-1.00%),122.408,123.039,51.6,-1
1766501886.16747,2025-12-23 14:58:06,2025-12-23 22:58:06,PnlRecord,122.513,0,0,0,186.33798,-1.0049840673258,空,122.408,123.039,51.6,-1
1766501940.2205558,2025-12-23 14:59:00,2025-12-23 22:59:00,BarData,122.292,0,0.0,0.0,186.22798,0.0,✅ 触发交易,122.292,123.015,59.1,-1
1766501944.1004174,2025-12-23 14:59:04,2025-12-23 22:59:04,Strategy_Open,122.292,1.0,0,-1.0,186.254336,0.0,Strategy_Signal,122.292,123.015,59.1,-1
1766501958.3910491,2025-12-23 14:59:18,2025-12-23 22:59:18,SL,122.384,1.0,-1.0,0.0,186.048336,0.0,🛡️ 止损 (-1.24%),122.292,123.015,59.1,-1
1766501958.3917084,2025-12-23 14:59:18,2025-12-23 22:59:18,PnlRecord,122.384,0,0,0,186.254336,-1.2435368806859173,空,122.292,123.015,59.1,-1
1766502000.4554186,2025-12-23 15:00:00,2025-12-23 23:00:00,BarData,122.588,0,0.0,0.0,186.048336,0.0,✅ 触发交易,122.588,123.001,33.7,-1
1766502004.6839027,2025-12-23 15:00:04,2025-12-23 23:00:04,Strategy_Open,122.588,1.0,0,-1.0,186.028858,0.0,Strategy_Signal,122.588,123.001,33.7,-1
1766502026.3957808,2025-12-23 15:00:26,2025-12-23 23:00:26,SL,122.681,1.0,-1.0,0.0,185.894858,0.0,🛡️ 止损 (-1.12%),122.588,123.001,33.7,-1
1766502026.3961122,2025-12-23 15:00:26,2025-12-23 23:00:26,PnlRecord,122.681,0,0,0,186.018858,-1.117965791878839,空,122.588,123.001,33.7,-1
1766502060.2345765,2025-12-23 15:01:00,2025-12-23 23:01:00,BarData,122.579,0,0.0,0.0,185.894858,0.0,✅ 触发交易,122.579,122.987,33.3,-1
1766502064.2503653,2025-12-23 15:01:04,2025-12-23 23:01:04,Strategy_Open,122.579,1.0,0,-1.0,185.984858,0.0,Strategy_Signal,122.579,122.987,33.3,-1
1766502120.2439442,2025-12-23 15:02:00,2025-12-23 23:02:00,BarData,122.548,0,-1.0,-1.0,185.868858,0.0,✅ 触发交易,122.548,122.972,34.6,-1
1766502140.7409763,2025-12-23 15:02:20,2025-12-23 23:02:20,SL,122.728,1.0,-1.0,0.0,185.753942,0.0,🛡️ 止损 (-1.37%),122.548,122.972,34.6,-1
1766502140.7412856,2025-12-23 15:02:20,2025-12-23 23:02:20,PnlRecord,122.728,0,0,0,185.832858,-1.3707571801565939,空,122.548,122.972,34.6,-1
1766502180.3315058,2025-12-23 15:03:00,2025-12-23 23:03:00,BarData,122.546,0,0.0,0.0,185.753942,0.0,✅ 触发交易,122.546,122.958,33.7,-1
1766502184.2369785,2025-12-23 15:03:04,2025-12-23 23:03:04,Strategy_Open,122.546,1.0,0,-1.0,185.832942,0.0,Strategy_Signal,122.546,122.958,33.7,-1
1766502240.355144,2025-12-23 15:04:00,2025-12-23 23:04:00,BarData,122.323,0,-1.0,-1.0,185.951942,0.0,✅ 触发交易,122.323,122.938,50.2,-1
1766502295.2042894,2025-12-23 15:04:55,2025-12-23 23:04:55,SL,122.666,1.0,-1.0,0.0,185.595326,0.0,🛡️ 止损 (-1.18%),122.323,122.938,50.2,-1
1766502295.2046013,2025-12-23 15:04:55,2025-12-23 23:04:55,PnlRecord,122.666,0,0,0,185.688942,-1.1752991299521005,空,122.323,122.938,50.2,-1
1766502300.6419728,2025-12-23 15:05:00,2025-12-23 23:05:00,BarData,122.689,0,0.0,0.0,185.595326,0.0,✅ 触发交易,122.689,122.929,19.6,-1
1766502304.4270866,2025-12-23 15:05:04,2025-12-23 23:05:04,Strategy_Open,122.689,1.0,0,-1.0,185.490326,0.0,Strategy_Signal,122.689,122.929,19.6,-1
1766502315.5734627,2025-12-23 15:05:15,2025-12-23 23:05:15,SL,122.848,1.0,-1.0,0.0,185.462326,0.0,🛡️ 止损 (-1.18%),122.689,122.929,19.6,-1
1766502315.5737855,2025-12-23 15:05:15,2025-12-23 23:05:15,PnlRecord,122.848,0,0,0,185.481326,-1.181715198487372,空,122.689,122.929,19.6,-1
1766502360.1946194,2025-12-23 15:06:00,2025-12-23 23:06:00,BarData,122.996,0,0.0,0.0,185.462326,0.0,❌ 震荡 (Gap 5.2 < 10),122.996,122.932,5.2,0
1766502420.4470053,2025-12-23 15:07:00,2025-12-23 23:07:00,BarData,122.71,0,0.0,0.0,185.462326,0.0,✅ 触发交易,122.710,122.924,17.5,-1
1766502424.365803,2025-12-23 15:07:04,2025-12-23 23:07:04,Strategy_Open,122.71,1.0,0,-1.0,185.473326,0.0,Strategy_Signal,122.710,122.924,17.5,-1
1766502457.444147,2025-12-23 15:07:37,2025-12-23 23:07:37,SL,122.831,1.0,-1.0,0.0,185.306226,0.0,🛡️ 止损 (-1.08%),122.710,122.924,17.5,-1
1766502457.4445038,2025-12-23 15:07:37,2025-12-23 23:07:37,PnlRecord,122.831,0,0,0,185.40032599999998,-1.0839622487734908,空,122.710,122.924,17.5,-1
1766502480.4125242,2025-12-23 15:08:00,2025-12-23 23:08:00,BarData,122.698,0,0.0,0.0,185.306226,0.0,✅ 触发交易,122.698,122.917,17.8,-1
1766502484.2902257,2025-12-23 15:08:04,2025-12-23 23:08:04,Strategy_Open,122.698,1.0,0,-1.0,185.293226,0.0,Strategy_Signal,122.698,122.917,17.8,-1
1766502540.312052,2025-12-23 15:09:00,2025-12-23 23:09:00,BarData,122.546,0,-1.0,-1.0,185.508226,0.0,✅ 触发交易,122.546,122.905,29.3,-1
1766502600.4782734,2025-12-23 15:10:00,2025-12-23 23:10:00,BarData,122.718,0,-1.0,-1.0,185.298226,0.0,✅ 触发交易,122.718,122.899,14.7,-1
1766502631.224968,2025-12-23 15:10:31,2025-12-23 23:10:31,SL,122.854,1.0,-1.0,0.0,185.168226,0.0,🛡️ 止损 (-1.16%),122.718,122.899,14.7,-1
1766502631.225291,2025-12-23 15:10:31,2025-12-23 23:10:31,PnlRecord,122.854,0,0,0,185.21822600000002,-1.1571810417888708,空,122.718,122.899,14.7,-1
1766502660.239587,2025-12-23 15:11:00,2025-12-23 23:11:00,BarData,122.847,0,0.0,0.0,185.168226,0.0,❌ 震荡 (Gap 4.1 < 10),122.847,122.897,4.1,0
1766502720.3115423,2025-12-23 15:12:00,2025-12-23 23:12:00,BarData,122.563,0,0.0,0.0,185.168226,0.0,✅ 触发交易,122.563,122.886,26.4,-1
1766502724.1889606,2025-12-23 15:12:04,2025-12-23 23:12:04,Strategy_Open,122.563,1.0,0,-1.0,185.184226,0.0,Strategy_Signal,122.563,122.886,26.4,-1
1766502780.5530345,2025-12-23 15:13:00,2025-12-23 23:13:00,BarData,122.542,0,-1.0,-1.0,185.185226,0.0,✅ 触发交易,122.542,122.875,27.2,-1
1766502840.2650752,2025-12-23 15:14:00,2025-12-23 23:14:00,BarData,122.547,0,-1.0,-1.0,185.167226,0.0,✅ 触发交易,122.547,122.864,25.9,-1
1766502892.5870438,2025-12-23 15:14:52,2025-12-23 23:14:52,SL,122.71,1.0,-1.0,0.0,185.032226,0.0,🛡️ 止损 (-1.17%),122.547,122.864,25.9,-1
1766502892.5873978,2025-12-23 15:14:52,2025-12-23 23:14:52,PnlRecord,122.71,0,0,0,185.08122600000002,-1.1667088204818645,空,122.547,122.864,25.9,-1
1766502900.2465796,2025-12-23 15:15:00,2025-12-23 23:15:00,BarData,122.702,0,0.0,0.0,185.032226,0.0,✅ 触发交易,122.702,122.859,12.8,-1
1766502904.1611037,2025-12-23 15:15:04,2025-12-23 23:15:04,Strategy_Open,122.702,1.0,0,-1.0,185.01122600000002,0.0,Strategy_Signal,122.702,122.859,12.8,-1
1766502948.4297733,2025-12-23 15:15:48,2025-12-23 23:15:48,SL,122.915,1.0,-1.0,0.0,184.864226,0.0,🛡️ 止损 (-1.10%),122.702,122.859,12.8,-1
1766502948.4301019,2025-12-23 15:15:48,2025-12-23 23:15:48,PnlRecord,122.915,0,0,0,184.924226,-1.0995276103600353,空,122.702,122.859,12.8,-1
1766502960.5088694,2025-12-23 15:16:00,2025-12-23 23:16:00,BarData,122.929,0,0.0,0.0,184.864226,0.0,❌ 震荡 (Gap 5.5 < 10),122.929,122.861,5.5,0
1766503020.3887424,2025-12-23 15:17:00,2025-12-23 23:17:00,BarData,123.194,0,0.0,0.0,184.864226,0.0,❌ 快线向下,123.194,122.872,26.1,0
1766503080.4605122,2025-12-23 15:18:00,2025-12-23 23:18:00,BarData,123.183,0,0.0,0.0,184.864226,0.0,❌ 快线向下,123.183,122.882,24.4,0
1766503140.545198,2025-12-23 15:19:00,2025-12-23 23:19:00,BarData,123.04,0,0.0,0.0,184.864226,0.0,❌ 快线向下,123.040,122.887,12.4,0
1766503200.6207669,2025-12-23 15:20:00,2025-12-23 23:20:00,BarData,123.161,0,0.0,0.0,184.864226,0.0,❌ 快线向下,123.161,122.896,21.5,0
1766503260.5566757,2025-12-23 15:21:00,2025-12-23 23:21:00,BarData,123.199,0,0.0,0.0,184.864226,0.0,❌ 快线向下,123.199,122.906,23.8,0
